Km_a0          Km_a1          Km_a2          Km_a3          Km_a4          Km_a5          Km_a6          Km_a7          Km_a8          Km_a9          Km_a10         Km_a11         Km_a12         Y1_intercept   Y2_intercept   Y3_intercept   Y4_intercept   Y5_intercept   LogPost        LogPrior       LogHyper       LogLkh         Deviance       
   0.363033E+02   0.245421E+02   0.265147E+02   0.368890E+02   0.355865E+02   0.189631E+02  -0.539157E+00  -0.129194E+02  -0.213817E+02  -0.506593E+02  -0.282720E+02  -0.170338E+02  -0.119104E+02   0.478285E-03   0.833299E-02   0.756487E-02   0.163277E-01   0.117683E-01   0.278685E+03  -0.599834E+02   0.000000E+00   0.338668E+03  -0.677337E+03
   0.370467E+02   0.234815E+02   0.253803E+02   0.336329E+02   0.355344E+02   0.178309E+02   0.394077E+00  -0.125182E+02  -0.190369E+02  -0.516676E+02  -0.293433E+02  -0.175223E+02  -0.208239E+01   0.794224E-02   0.573808E-02   0.380275E-02   0.155665E-02   0.775571E-02   0.274435E+03  -0.600230E+02   0.000000E+00   0.334458E+03  -0.668916E+03
   0.369108E+02   0.251225E+02   0.224148E+02   0.335421E+02   0.348823E+02   0.167812E+02  -0.640165E+01  -0.133147E+02  -0.252877E+02  -0.536242E+02  -0.272360E+02  -0.141553E+02  -0.127704E+02   0.356534E-02   0.317456E-02   0.144867E-02   0.224341E-01   0.226661E-02   0.279454E+03  -0.603072E+02   0.000000E+00   0.339761E+03  -0.679522E+03
   0.366178E+02   0.242758E+02   0.249353E+02   0.297271E+02   0.320674E+02   0.144859E+02   0.317359E+01  -0.153135E+02  -0.275976E+02  -0.517029E+02  -0.212503E+02  -0.122968E+02  -0.102298E+02   0.451466E-02   0.130664E-01   0.322792E-01   0.471144E-02   0.673093E-02   0.272538E+03  -0.633343E+02   0.000000E+00   0.335872E+03  -0.671745E+03
   0.363496E+02   0.241528E+02   0.235184E+02   0.334394E+02   0.298257E+02   0.144790E+02   0.642738E+00  -0.134638E+02  -0.312968E+02  -0.498581E+02  -0.251932E+02  -0.152871E+02  -0.988966E+01   0.361630E-02   0.610129E-02   0.446473E-02   0.998149E-02   0.228643E-03   0.279242E+03  -0.585811E+02   0.000000E+00   0.337823E+03  -0.675646E+03
   0.368671E+02   0.241528E+02   0.227986E+02   0.334394E+02   0.311971E+02   0.157407E+02   0.133975E+01  -0.112645E+02  -0.317738E+02  -0.497632E+02  -0.223023E+02  -0.150768E+02  -0.100845E+02   0.495606E-02   0.194191E-01   0.498276E-02   0.940073E-02   0.154101E-01   0.276674E+03  -0.609611E+02   0.000000E+00   0.337635E+03  -0.675270E+03
   0.363594E+02   0.241528E+02   0.247663E+02   0.329436E+02   0.318944E+02   0.164018E+02  -0.121222E+01  -0.993304E+01  -0.271972E+02  -0.519932E+02  -0.277925E+02  -0.132005E+02  -0.679671E+01   0.779345E-02   0.530314E-02   0.146544E-02   0.249288E-02   0.277304E-02   0.278426E+03  -0.573422E+02   0.000000E+00   0.335768E+03  -0.671536E+03
   0.361019E+02   0.241528E+02   0.235172E+02   0.329877E+02   0.313799E+02   0.140030E+02  -0.355100E+01  -0.117194E+02  -0.244484E+02  -0.520250E+02  -0.275725E+02  -0.110392E+02  -0.397106E+01   0.797757E-02   0.198981E-01   0.133869E-02   0.597794E-02   0.273876E-02   0.277323E+03  -0.600536E+02   0.000000E+00   0.337377E+03  -0.674753E+03
   0.357108E+02   0.241528E+02   0.226359E+02   0.320455E+02   0.305730E+02   0.162497E+02  -0.108277E+01  -0.726298E+01  -0.244484E+02  -0.524399E+02  -0.272063E+02  -0.959430E+01  -0.390622E+01   0.283984E-02   0.138150E-01   0.233735E-03   0.516278E-02   0.285882E-02   0.279652E+03  -0.586348E+02   0.000000E+00   0.338287E+03  -0.676574E+03
   0.363306E+02   0.239233E+02   0.218819E+02   0.315330E+02   0.317053E+02   0.162497E+02  -0.129381E+01  -0.508920E+01  -0.217054E+02  -0.522171E+02  -0.248759E+02  -0.727259E+01   0.294070E+01   0.165071E-02   0.169924E-01   0.260014E-01   0.181942E-02   0.149011E-01   0.269694E+03  -0.650663E+02   0.000000E+00   0.334760E+03  -0.669521E+03
   0.365278E+02   0.226941E+02   0.218819E+02   0.330497E+02   0.317053E+02   0.101460E+02  -0.510347E+01  -0.108424E+02  -0.208185E+02  -0.551213E+02  -0.370866E+02  -0.120532E+02  -0.127337E+01   0.172004E-02   0.606412E-02   0.242634E-02   0.834325E-02   0.149090E-01   0.274038E+03  -0.614458E+02   0.000000E+00   0.335484E+03  -0.670968E+03
   0.359282E+02   0.240757E+02   0.218819E+02   0.338314E+02   0.339778E+02   0.125427E+02  -0.682048E+01  -0.110334E+02  -0.175099E+02  -0.507228E+02  -0.319028E+02  -0.901204E+01  -0.116394E+01   0.666652E-03   0.264804E-01   0.154029E-03   0.718754E-02   0.492560E-02   0.274051E+03  -0.616364E+02   0.000000E+00   0.335687E+03  -0.671375E+03
   0.360769E+02   0.238183E+02   0.235236E+02   0.346181E+02   0.344070E+02   0.157599E+02  -0.577760E+01  -0.104293E+02  -0.180947E+02  -0.509526E+02  -0.339226E+02  -0.951769E+01  -0.349000E+01   0.330974E-02   0.800182E-02   0.716740E-02   0.124444E-01   0.177690E-01   0.274780E+03  -0.616220E+02   0.000000E+00   0.336402E+03  -0.672804E+03
   0.367962E+02   0.245944E+02   0.219056E+02   0.345738E+02   0.344070E+02   0.182445E+02  -0.864780E+01  -0.156644E+02  -0.201453E+02  -0.487488E+02  -0.340011E+02  -0.133168E+02  -0.449867E+01   0.146809E-02   0.455518E-02   0.120795E-01   0.150992E-01   0.178271E-01   0.275343E+03  -0.621423E+02   0.000000E+00   0.337485E+03  -0.674971E+03
   0.368826E+02   0.235218E+02   0.238052E+02   0.341620E+02   0.340228E+02   0.182445E+02  -0.145281E+01  -0.163337E+02  -0.212811E+02  -0.450174E+02  -0.294550E+02  -0.137755E+02  -0.708507E+01   0.203117E-03   0.414728E-02   0.116407E-01   0.466673E-02   0.132522E-01   0.276007E+03  -0.592737E+02   0.000000E+00   0.335281E+03  -0.670561E+03
   0.366868E+02   0.243034E+02   0.210077E+02   0.341620E+02   0.361617E+02   0.204060E+02  -0.231198E+01  -0.140042E+02  -0.231983E+02  -0.454298E+02  -0.257540E+02  -0.181476E+02  -0.102382E+02   0.708849E-02   0.185399E-02   0.334955E-02   0.110545E-01   0.259960E-01   0.277534E+03  -0.594264E+02   0.000000E+00   0.336960E+03  -0.673921E+03
   0.376052E+02   0.248890E+02   0.210981E+02   0.342348E+02   0.409017E+02   0.217573E+02  -0.260289E+01  -0.152007E+02  -0.274133E+02  -0.437840E+02  -0.239604E+02  -0.201262E+02  -0.192713E+02   0.555531E-02   0.556143E-02   0.254649E-02   0.302365E-01   0.266040E-01   0.275537E+03  -0.621117E+02   0.000000E+00   0.337649E+03  -0.675297E+03
   0.381160E+02   0.245492E+02   0.205494E+02   0.376850E+02   0.405029E+02   0.179569E+02  -0.259484E+00  -0.157638E+02  -0.316172E+02  -0.458683E+02  -0.255858E+02  -0.235596E+02  -0.220707E+02   0.187739E-02   0.182794E-01   0.823189E-02   0.207196E-01   0.171749E-01   0.272599E+03  -0.628614E+02   0.000000E+00   0.335460E+03  -0.670921E+03
   0.377699E+02   0.269133E+02   0.256455E+02   0.384590E+02   0.393967E+02   0.212954E+02  -0.263220E+01  -0.166697E+02  -0.256128E+02  -0.497560E+02  -0.316907E+02  -0.186425E+02  -0.162554E+02   0.684728E-02   0.286043E-03   0.327153E-02   0.174627E-01   0.103802E-01   0.278125E+03  -0.594781E+02   0.000000E+00   0.337603E+03  -0.675206E+03
   0.362389E+02   0.269133E+02   0.261890E+02   0.378789E+02   0.381589E+02   0.242879E+02  -0.716478E+01  -0.199379E+02  -0.253214E+02  -0.456336E+02  -0.358088E+02  -0.249899E+02  -0.155372E+02   0.515609E-02   0.931727E-02   0.410078E-02   0.326906E-02   0.608993E-02   0.276968E+03  -0.591291E+02   0.000000E+00   0.336097E+03  -0.672194E+03
   0.362253E+02   0.259060E+02   0.261890E+02   0.393674E+02   0.411503E+02   0.242879E+02  -0.460502E+01  -0.119938E+02  -0.218979E+02  -0.456216E+02  -0.289381E+02  -0.258794E+02  -0.183944E+02   0.452380E-02   0.616081E-03   0.458850E-02   0.120891E-01   0.405518E-01   0.276390E+03  -0.605788E+02   0.000000E+00   0.336969E+03  -0.673938E+03
   0.373403E+02   0.255160E+02   0.254339E+02   0.395006E+02   0.411503E+02   0.177588E+02  -0.561140E+01  -0.114344E+02  -0.215834E+02  -0.486118E+02  -0.259590E+02  -0.215813E+02  -0.112137E+02   0.149942E-02   0.108371E-01   0.363773E-02   0.340465E-02   0.808847E-03   0.279331E+03  -0.587911E+02   0.000000E+00   0.338122E+03  -0.676244E+03
   0.378197E+02   0.255160E+02   0.245028E+02   0.415811E+02   0.426410E+02   0.165629E+02  -0.602284E+01  -0.925120E+01  -0.201842E+02  -0.540159E+02  -0.329192E+02  -0.176529E+02  -0.125234E+02   0.516311E-02   0.821030E-02   0.688125E-02   0.136171E-01   0.818466E-02   0.278477E+03  -0.609279E+02   0.000000E+00   0.339405E+03  -0.678810E+03
   0.377380E+02   0.252126E+02   0.234768E+02   0.397191E+02   0.426410E+02   0.174742E+02  -0.881809E+01  -0.944812E+01  -0.206990E+02  -0.489639E+02  -0.326752E+02  -0.208655E+02  -0.119624E+02   0.121929E-02   0.217693E-02   0.413399E-03   0.163001E-02   0.111224E-02   0.281659E+03  -0.571809E+02   0.000000E+00   0.338840E+03  -0.677680E+03
   0.387052E+02   0.252813E+02   0.222850E+02   0.403776E+02   0.426207E+02   0.213303E+02  -0.556780E+01  -0.103949E+02  -0.285320E+02  -0.498462E+02  -0.263346E+02  -0.231499E+02  -0.194058E+02   0.808643E-03   0.264749E-01   0.204388E-03   0.737504E-02   0.165470E-01   0.276324E+03  -0.614969E+02   0.000000E+00   0.337821E+03  -0.675642E+03
   0.387214E+02   0.258688E+02   0.235229E+02   0.416073E+02   0.448909E+02   0.180065E+02  -0.536606E+01  -0.132964E+02  -0.302036E+02  -0.507223E+02  -0.308699E+02  -0.238796E+02  -0.226013E+02   0.642549E-02   0.116079E-02   0.107263E-01   0.156930E-02   0.895758E-02   0.277067E+03  -0.598560E+02   0.000000E+00   0.336923E+03  -0.673846E+03
   0.387016E+02   0.264164E+02   0.259704E+02   0.424643E+02   0.430466E+02   0.191783E+02   0.294798E+01  -0.841861E+01  -0.285644E+02  -0.507212E+02  -0.240174E+02  -0.180771E+02  -0.258300E+02   0.370964E-02   0.226881E-02   0.907709E-02   0.893113E-02   0.321148E-02   0.277386E+03  -0.592393E+02   0.000000E+00   0.336625E+03  -0.673251E+03
   0.386843E+02   0.265077E+02   0.266701E+02   0.424643E+02   0.430968E+02   0.161034E+02  -0.234528E+01  -0.642055E+01  -0.292721E+02  -0.544151E+02  -0.284650E+02  -0.172751E+02  -0.153865E+02   0.666888E-02   0.930783E-02   0.487949E-02   0.155514E-02   0.574282E-02   0.276086E+03  -0.600278E+02   0.000000E+00   0.336114E+03  -0.672228E+03
   0.392099E+02   0.268975E+02   0.259645E+02   0.424643E+02   0.428643E+02   0.180733E+02  -0.491106E+01  -0.101522E+02  -0.269571E+02  -0.604095E+02  -0.317315E+02  -0.203607E+02  -0.187584E+02   0.204966E-02   0.152953E-02   0.480593E-02   0.119518E-01   0.138128E-01   0.279911E+03  -0.609128E+02   0.000000E+00   0.340824E+03  -0.681648E+03
   0.386025E+02   0.272258E+02   0.261616E+02   0.436563E+02   0.439423E+02   0.182604E+02  -0.626289E+01  -0.804868E+01  -0.280705E+02  -0.573257E+02  -0.278186E+02  -0.232685E+02  -0.206715E+02   0.663764E-02   0.908907E-02   0.516449E-02   0.230045E-01   0.469019E-02   0.277611E+03  -0.615097E+02   0.000000E+00   0.339121E+03  -0.678241E+03
   0.388064E+02   0.274267E+02   0.263140E+02   0.441906E+02   0.438691E+02   0.181295E+02  -0.116518E+02  -0.146737E+02  -0.255789E+02  -0.558881E+02  -0.339834E+02  -0.238393E+02  -0.200023E+02   0.553980E-03   0.433871E-02   0.549789E-02   0.213965E-01   0.367348E-01   0.274369E+03  -0.660240E+02   0.000000E+00   0.340393E+03  -0.680786E+03
   0.385724E+02   0.274267E+02   0.284341E+02   0.460801E+02   0.438691E+02   0.205997E+02  -0.118249E+02  -0.141706E+02  -0.239175E+02  -0.541069E+02  -0.369331E+02  -0.246582E+02  -0.218307E+02   0.478585E-03   0.864266E-02   0.395428E-02   0.295412E-01   0.253186E-01   0.273555E+03  -0.654713E+02   0.000000E+00   0.339026E+03  -0.678053E+03
   0.384763E+02   0.277483E+02   0.283553E+02   0.432747E+02   0.460414E+02   0.197591E+02  -0.107510E+02  -0.143728E+02  -0.192429E+02  -0.578032E+02  -0.393592E+02  -0.270586E+02  -0.155138E+02   0.863770E-03   0.109019E-02   0.941304E-04   0.992531E-02   0.543680E-02   0.279048E+03  -0.597759E+02   0.000000E+00   0.338824E+03  -0.677648E+03
   0.389353E+02   0.274234E+02   0.287308E+02   0.443103E+02   0.445061E+02   0.191850E+02  -0.627739E+01  -0.132487E+02  -0.250548E+02  -0.596183E+02  -0.361117E+02  -0.238435E+02  -0.181210E+02   0.863770E-03   0.125180E-02   0.941304E-04   0.534221E-02   0.601727E-02   0.280764E+03  -0.589362E+02   0.000000E+00   0.339700E+03  -0.679400E+03
   0.390173E+02   0.272685E+02   0.279607E+02   0.412268E+02   0.445061E+02   0.181492E+02  -0.627739E+01  -0.137222E+02  -0.279537E+02  -0.556429E+02  -0.350469E+02  -0.158471E+02  -0.238666E+02   0.481731E-02   0.671825E-01   0.941304E-04   0.443787E-02   0.601727E-02   0.271407E+03  -0.666421E+02   0.000000E+00   0.338049E+03  -0.676098E+03
   0.390281E+02   0.284469E+02   0.297451E+02   0.438912E+02   0.436853E+02   0.214129E+02  -0.233687E+01  -0.144245E+02  -0.277903E+02  -0.565571E+02  -0.311773E+02  -0.220698E+02  -0.210591E+02   0.220958E-02   0.975992E-02   0.532600E-02   0.330343E-01   0.156162E-01   0.277317E+03  -0.634275E+02   0.000000E+00   0.340745E+03  -0.681489E+03
   0.393629E+02   0.283934E+02   0.271595E+02   0.436404E+02   0.435400E+02   0.209071E+02  -0.201169E+01  -0.157188E+02  -0.280385E+02  -0.510779E+02  -0.328662E+02  -0.213668E+02  -0.167031E+02   0.965098E-03   0.190995E-01   0.131823E-01   0.118021E-01   0.220628E-01   0.273963E+03  -0.639768E+02   0.000000E+00   0.337940E+03  -0.675880E+03
   0.386863E+02   0.283934E+02   0.270381E+02   0.432429E+02   0.447988E+02   0.235906E+02  -0.570925E+01  -0.142528E+02  -0.263582E+02  -0.485235E+02  -0.377300E+02  -0.249773E+02  -0.164273E+02   0.644875E-02   0.758144E-02   0.221702E-02   0.763702E-02   0.765124E-02   0.277459E+03  -0.595516E+02   0.000000E+00   0.337011E+03  -0.674021E+03
   0.381555E+02   0.299623E+02   0.287296E+02   0.421153E+02   0.456237E+02   0.236939E+02  -0.479166E+01  -0.219566E+02  -0.292260E+02  -0.446737E+02  -0.352881E+02  -0.287966E+02  -0.198465E+02   0.370524E-02   0.345188E-01   0.140145E-01   0.128481E-02   0.795316E-02   0.273098E+03  -0.630139E+02   0.000000E+00   0.336112E+03  -0.672224E+03
   0.381555E+02   0.287599E+02   0.275324E+02   0.420587E+02   0.414633E+02   0.248566E+02  -0.778361E+01  -0.156716E+02  -0.306644E+02  -0.518191E+02  -0.319658E+02  -0.255674E+02  -0.197728E+02   0.466054E-02   0.329236E-01   0.468806E-02   0.901223E-02   0.501111E-02   0.275780E+03  -0.630334E+02   0.000000E+00   0.338813E+03  -0.677627E+03
   0.382074E+02   0.281179E+02   0.275785E+02   0.371043E+02   0.410098E+02   0.239718E+02  -0.780451E+01  -0.190633E+02  -0.263082E+02  -0.520959E+02  -0.359225E+02  -0.205396E+02  -0.151574E+02   0.104287E-02   0.145742E-02   0.780845E-02   0.138243E-01   0.184510E-02   0.278396E+03  -0.603315E+02   0.000000E+00   0.338727E+03  -0.677455E+03
   0.385255E+02   0.280730E+02   0.275785E+02   0.410792E+02   0.418665E+02   0.183473E+02  -0.346954E+01  -0.151226E+02  -0.246940E+02  -0.562032E+02  -0.305803E+02  -0.205756E+02  -0.117544E+02   0.324428E-02   0.256826E-02   0.183273E-01   0.158722E-01   0.184510E-02   0.276064E+03  -0.620748E+02   0.000000E+00   0.338139E+03  -0.676278E+03
   0.383562E+02   0.278099E+02   0.291612E+02   0.410792E+02   0.407034E+02   0.154776E+02  -0.516594E+01  -0.152042E+02  -0.256370E+02  -0.612158E+02  -0.367441E+02  -0.195878E+02  -0.109006E+02   0.567846E-02   0.184458E-01   0.103629E-01   0.824857E-02   0.195830E-02   0.277447E+03  -0.633100E+02   0.000000E+00   0.340757E+03  -0.681514E+03
   0.383562E+02   0.274097E+02   0.306878E+02   0.417163E+02   0.407734E+02   0.166150E+02  -0.343259E+01  -0.145170E+02  -0.280230E+02  -0.597603E+02  -0.357601E+02  -0.251348E+02  -0.150003E+02   0.592823E-02   0.684365E-03   0.118743E-01   0.382861E-02   0.103278E-01   0.276654E+03  -0.609811E+02   0.000000E+00   0.337635E+03  -0.675270E+03
   0.385395E+02   0.272893E+02   0.301223E+02   0.417272E+02   0.442890E+02   0.161513E+02  -0.138034E+01  -0.143316E+02  -0.294063E+02  -0.577047E+02  -0.263429E+02  -0.272775E+02  -0.178068E+02   0.404418E-02   0.203898E-02   0.164053E-02   0.103484E-01   0.491884E-02   0.279931E+03  -0.607112E+02   0.000000E+00   0.340642E+03  -0.681284E+03
   0.383892E+02   0.261300E+02   0.308787E+02   0.436948E+02   0.422888E+02   0.186526E+02  -0.328121E+01  -0.142688E+02  -0.273270E+02  -0.581943E+02  -0.293158E+02  -0.280180E+02  -0.190903E+02   0.577309E-02   0.653933E-02   0.281959E-02   0.186908E-01   0.705920E-03   0.278149E+03  -0.601962E+02   0.000000E+00   0.338345E+03  -0.676690E+03
   0.384838E+02   0.261300E+02   0.294561E+02   0.414322E+02   0.427768E+02   0.223100E+02  -0.742735E+01  -0.119686E+02  -0.244033E+02  -0.577135E+02  -0.285341E+02  -0.279807E+02  -0.176180E+02   0.157032E-02   0.805216E-02   0.463915E-02   0.812389E-02   0.454550E-02   0.274810E+03  -0.592529E+02   0.000000E+00   0.334063E+03  -0.668126E+03
   0.378940E+02   0.266605E+02   0.294580E+02   0.422895E+02   0.419390E+02   0.195949E+02   0.191842E+01  -0.120107E+02  -0.281919E+02  -0.539537E+02  -0.281757E+02  -0.293252E+02  -0.197366E+02   0.239785E-02   0.112706E-01   0.166029E-01   0.376624E-02   0.488740E-02   0.277972E+03  -0.591270E+02   0.000000E+00   0.337099E+03  -0.674198E+03
   0.375305E+02   0.282435E+02   0.321143E+02   0.454369E+02   0.413623E+02   0.185957E+02  -0.589300E+00  -0.103851E+02  -0.294459E+02  -0.548698E+02  -0.320035E+02  -0.248254E+02  -0.177487E+02   0.394826E-02   0.112879E-01   0.273543E-01   0.353935E-02   0.909249E-02   0.278239E+03  -0.615608E+02   0.000000E+00   0.339800E+03  -0.679600E+03
   0.383761E+02   0.282496E+02   0.315132E+02   0.462900E+02   0.395824E+02   0.179950E+02  -0.119685E+01  -0.129574E+02  -0.308799E+02  -0.561921E+02  -0.343522E+02  -0.226834E+02  -0.128556E+02   0.116513E-02   0.468662E-03   0.349481E-01   0.282980E-02   0.110257E-01   0.275333E+03  -0.624305E+02   0.000000E+00   0.337764E+03  -0.675527E+03
   0.374509E+02   0.280308E+02   0.306409E+02   0.418745E+02   0.369404E+02   0.149691E+02  -0.304115E+01  -0.139193E+02  -0.314547E+02  -0.554249E+02  -0.370190E+02  -0.209483E+02  -0.919959E+01   0.377590E-02   0.721376E-02   0.169230E-01   0.424606E-02   0.177504E-04   0.277102E+03  -0.611110E+02   0.000000E+00   0.338213E+03  -0.676426E+03
   0.372903E+02   0.284794E+02   0.296371E+02   0.419306E+02   0.380380E+02   0.178490E+02  -0.265428E+01  -0.937013E+01  -0.323276E+02  -0.581068E+02  -0.314611E+02  -0.173516E+02  -0.175717E+02   0.440007E-03   0.262997E-01   0.383083E-01   0.791922E-02   0.122464E-02   0.275211E+03  -0.655375E+02   0.000000E+00   0.340748E+03  -0.681497E+03
   0.374869E+02   0.281696E+02   0.296762E+02   0.416163E+02   0.364863E+02   0.161541E+02  -0.204180E+01  -0.112246E+02  -0.320955E+02  -0.573424E+02  -0.312802E+02  -0.183157E+02  -0.148426E+02   0.223996E-02   0.200675E-01   0.133482E-02   0.422134E-02   0.923241E-03   0.279597E+03  -0.605709E+02   0.000000E+00   0.340168E+03  -0.680336E+03
   0.374869E+02   0.267589E+02   0.274317E+02   0.412577E+02   0.362985E+02   0.149146E+02  -0.543551E+01  -0.101703E+02  -0.322741E+02  -0.617754E+02  -0.252859E+02  -0.145781E+02  -0.189314E+02   0.561046E-02   0.133858E-01   0.378133E-03   0.285681E-02   0.412738E-03   0.272589E+03  -0.611753E+02   0.000000E+00   0.333764E+03  -0.667529E+03
   0.384079E+02   0.267589E+02   0.286879E+02   0.398995E+02   0.336276E+02   0.129195E+02   0.219505E+01  -0.312103E+01  -0.341143E+02  -0.648716E+02  -0.276457E+02  -0.944364E+01  -0.115517E+02   0.152979E-02   0.209079E-01   0.507795E-02   0.264208E-02   0.356728E-02   0.271829E+03  -0.627267E+02   0.000000E+00   0.334556E+03  -0.669111E+03
   0.381185E+02   0.274890E+02   0.243913E+02   0.380355E+02   0.351704E+02   0.147710E+02  -0.305292E+01  -0.795897E+01  -0.345717E+02  -0.564987E+02  -0.291774E+02  -0.147097E+02  -0.641595E+01   0.215524E-02   0.197331E-01   0.294120E-02   0.347134E-02   0.125957E-01   0.271637E+03  -0.626998E+02   0.000000E+00   0.334337E+03  -0.668674E+03
   0.373589E+02   0.271111E+02   0.233376E+02   0.391794E+02   0.359106E+02   0.146654E+02  -0.764427E+01  -0.980302E+01  -0.307154E+02  -0.555084E+02  -0.307541E+02  -0.148263E+02  -0.990415E+01   0.366455E-02   0.120341E-01   0.292077E-01   0.142762E-01   0.160353E-01   0.271310E+03  -0.665008E+02   0.000000E+00   0.337811E+03  -0.675622E+03
   0.376192E+02   0.259456E+02   0.255113E+02   0.379670E+02   0.375904E+02   0.130389E+02  -0.307233E+01  -0.954490E+01  -0.292323E+02  -0.596738E+02  -0.298801E+02  -0.152296E+02  -0.148473E+02   0.970928E-02   0.126605E-01   0.444891E-02   0.214630E-01   0.168097E-02   0.277302E+03  -0.622933E+02   0.000000E+00   0.339595E+03  -0.679191E+03
   0.372842E+02   0.257218E+02   0.271581E+02   0.379670E+02   0.379332E+02   0.156011E+02   0.941286E+00  -0.104670E+02  -0.277465E+02  -0.576110E+02  -0.258812E+02  -0.156041E+02  -0.157400E+02   0.433868E-02   0.394732E-03   0.444891E-02   0.112902E-01   0.942260E-02   0.280368E+03  -0.595540E+02   0.000000E+00   0.339922E+03  -0.679844E+03
   0.372842E+02   0.251116E+02   0.271581E+02   0.398547E+02   0.377221E+02   0.211684E+02  -0.133475E+01  -0.781812E+01  -0.270931E+02  -0.524942E+02  -0.252668E+02  -0.203016E+02  -0.177509E+02   0.272236E-02   0.237568E-01   0.409585E-02   0.146504E-02   0.321094E-01   0.276106E+03  -0.615522E+02   0.000000E+00   0.337658E+03  -0.675316E+03
   0.366788E+02   0.253503E+02   0.270305E+02   0.423969E+02   0.387969E+02   0.201562E+02   0.175995E+01  -0.760006E+01  -0.310157E+02  -0.489287E+02  -0.241379E+02  -0.265326E+02  -0.226053E+02   0.671229E-02   0.133188E-01   0.343642E-02   0.456603E-02   0.532815E-03   0.278660E+03  -0.568374E+02   0.000000E+00   0.335497E+03  -0.670995E+03
   0.378866E+02   0.252245E+02   0.270305E+02   0.424390E+02   0.390431E+02   0.184947E+02   0.185790E+01  -0.114748E+02  -0.268486E+02  -0.506597E+02  -0.265964E+02  -0.211362E+02  -0.151253E+02   0.299785E-02   0.132793E-01   0.172270E-01   0.131141E-02   0.127861E-02   0.277864E+03  -0.593043E+02   0.000000E+00   0.337168E+03  -0.674337E+03
   0.373217E+02   0.270815E+02   0.252520E+02   0.405389E+02   0.390431E+02   0.200571E+02  -0.438880E+01  -0.150505E+02  -0.284166E+02  -0.465426E+02  -0.317044E+02  -0.227578E+02  -0.159016E+02   0.581010E-02   0.150159E-01   0.215112E-02   0.114766E-02   0.386024E-02   0.279189E+03  -0.587497E+02   0.000000E+00   0.337939E+03  -0.675877E+03
   0.373217E+02   0.260036E+02   0.279523E+02   0.372928E+02   0.357437E+02   0.240729E+02  -0.331364E+01  -0.200061E+02  -0.284166E+02  -0.510630E+02  -0.280518E+02  -0.222632E+02  -0.211191E+02   0.688154E-02   0.154482E-01   0.650156E-02   0.172371E-01   0.171991E-01   0.273716E+03  -0.622025E+02   0.000000E+00   0.335918E+03  -0.671837E+03
   0.370721E+02   0.265092E+02   0.246714E+02   0.341078E+02   0.354389E+02   0.219156E+02  -0.579845E+01  -0.177521E+02  -0.294331E+02  -0.489052E+02  -0.313604E+02  -0.218938E+02  -0.122069E+02   0.309832E-02   0.908574E-02   0.163393E-02   0.303684E-01   0.289598E-01   0.274154E+03  -0.642288E+02   0.000000E+00   0.338383E+03  -0.676766E+03
   0.370721E+02   0.265092E+02   0.254202E+02   0.341078E+02   0.357821E+02   0.226603E+02  -0.414295E+01  -0.199510E+02  -0.275919E+02  -0.475276E+02  -0.341688E+02  -0.221444E+02  -0.133846E+02   0.400292E-02   0.208437E-01   0.824079E-02   0.394429E-01   0.194462E-01   0.271223E+03  -0.656258E+02   0.000000E+00   0.336849E+03  -0.673698E+03
   0.385097E+02   0.268779E+02   0.226872E+02   0.350097E+02   0.380684E+02   0.248995E+02  -0.229567E+01  -0.197770E+02  -0.320936E+02  -0.445479E+02  -0.262311E+02  -0.218782E+02  -0.210961E+02   0.311402E-02   0.239399E-02   0.103980E-01   0.106350E-01   0.513349E-02   0.279394E+03  -0.599903E+02   0.000000E+00   0.339384E+03  -0.678769E+03
   0.385097E+02   0.275883E+02   0.238813E+02   0.353227E+02   0.391834E+02   0.230585E+02  -0.295190E+01  -0.193962E+02  -0.317500E+02  -0.480979E+02  -0.235846E+02  -0.239559E+02  -0.165715E+02   0.676112E-02   0.119072E-02   0.579388E-03   0.121218E-01   0.144572E-01   0.279284E+03  -0.598322E+02   0.000000E+00   0.339116E+03  -0.678232E+03
   0.383507E+02   0.246952E+02   0.238813E+02   0.365259E+02   0.398087E+02   0.224330E+02   0.335929E+01  -0.187439E+02  -0.328520E+02  -0.455528E+02  -0.213758E+02  -0.268476E+02  -0.244880E+02   0.642404E-02   0.424555E-02   0.105012E-01   0.890660E-02   0.209907E-03   0.278800E+03  -0.578228E+02   0.000000E+00   0.336623E+03  -0.673246E+03
   0.380404E+02   0.246952E+02   0.279700E+02   0.400321E+02   0.412484E+02   0.193288E+02   0.706085E+01  -0.968196E+01  -0.314241E+02  -0.550055E+02  -0.200914E+02  -0.239899E+02  -0.279891E+02   0.463685E-02   0.455710E-02   0.182930E-02   0.872431E-03   0.777767E-02   0.278628E+03  -0.568278E+02   0.000000E+00   0.335456E+03  -0.670912E+03
   0.390943E+02   0.244416E+02   0.236159E+02   0.388682E+02   0.409706E+02   0.171909E+02   0.650666E+01  -0.753700E+01  -0.316004E+02  -0.557968E+02  -0.176866E+02  -0.189918E+02  -0.253878E+02   0.217112E-02   0.104587E-02   0.633809E-02   0.187165E-01   0.393612E-02   0.279382E+03  -0.594507E+02   0.000000E+00   0.338833E+03  -0.677665E+03
   0.385482E+02   0.239896E+02   0.236159E+02   0.379733E+02   0.409706E+02   0.181534E+02   0.590699E+01  -0.865302E+01  -0.289822E+02  -0.565649E+02  -0.190853E+02  -0.215292E+02  -0.258259E+02   0.269851E-02   0.264016E-03   0.290941E-02   0.493226E-02   0.529512E-02   0.278014E+03  -0.572219E+02   0.000000E+00   0.335236E+03  -0.670472E+03
   0.386190E+02   0.243108E+02   0.236159E+02   0.368567E+02   0.409546E+02   0.204396E+02   0.342717E+01  -0.960336E+01  -0.296316E+02  -0.525141E+02  -0.199505E+02  -0.205493E+02  -0.273631E+02   0.312690E-03   0.130216E-01   0.268876E-02   0.209341E-01   0.732377E-02   0.278295E+03  -0.596595E+02   0.000000E+00   0.337954E+03  -0.675909E+03
   0.386618E+02   0.237758E+02   0.229858E+02   0.382477E+02   0.462822E+02   0.190269E+02  -0.237982E+01  -0.118008E+02  -0.230648E+02  -0.519860E+02  -0.195466E+02  -0.230309E+02  -0.261938E+02   0.457470E-02   0.376071E-02   0.125901E-01   0.353446E-02   0.360030E-02   0.277299E+03  -0.589099E+02   0.000000E+00   0.336209E+03  -0.672418E+03
   0.386487E+02   0.237758E+02   0.220241E+02   0.393827E+02   0.456777E+02   0.213995E+02  -0.674026E+00  -0.916068E+01  -0.225774E+02  -0.462223E+02  -0.216916E+02  -0.247566E+02  -0.264438E+02   0.225076E-02   0.119216E-01   0.230520E-02   0.534952E-02   0.205218E-01   0.277829E+03  -0.592418E+02   0.000000E+00   0.337071E+03  -0.674142E+03
   0.400876E+02   0.225153E+02   0.150273E+02   0.363341E+02   0.471677E+02   0.197407E+02  -0.234334E+01  -0.104468E+02  -0.242724E+02  -0.447883E+02  -0.178860E+02  -0.269632E+02  -0.266231E+02   0.116445E-02   0.670816E-02   0.193565E-01   0.363091E-02   0.245550E-01   0.271796E+03  -0.619903E+02   0.000000E+00   0.333786E+03  -0.667573E+03
   0.405276E+02   0.222870E+02   0.158665E+02   0.344970E+02   0.471213E+02   0.194123E+02  -0.400127E+01  -0.110745E+02  -0.242226E+02  -0.520018E+02  -0.166843E+02  -0.223208E+02  -0.299879E+02   0.458707E-02   0.137530E-02   0.199402E-01   0.786104E-03   0.588477E-02   0.274705E+03  -0.608638E+02   0.000000E+00   0.335569E+03  -0.671138E+03
   0.410607E+02   0.224487E+02   0.152100E+02   0.347498E+02   0.471213E+02   0.154662E+02  -0.192682E+01  -0.108331E+02  -0.245893E+02  -0.542969E+02  -0.166038E+02  -0.183268E+02  -0.199773E+02   0.309607E-02   0.977183E-02   0.145127E-01   0.103264E-01   0.323611E-02   0.273947E+03  -0.639651E+02   0.000000E+00   0.337912E+03  -0.675824E+03
   0.412092E+02   0.220160E+02   0.163411E+02   0.348328E+02   0.437803E+02   0.141904E+02  -0.333306E+01  -0.896404E+01  -0.279276E+02  -0.560295E+02  -0.185826E+02  -0.106407E+02  -0.264756E+02   0.733817E-02   0.354945E-02   0.819480E-02   0.483870E-01   0.782539E-03   0.269531E+03  -0.656205E+02   0.000000E+00   0.335151E+03  -0.670303E+03
   0.412400E+02   0.226489E+02   0.165514E+02   0.333735E+02   0.438951E+02   0.129321E+02  -0.141382E+01  -0.873250E+01  -0.277458E+02  -0.614819E+02  -0.180103E+02  -0.101597E+02  -0.222750E+02   0.639379E-02   0.199326E-01   0.211253E-01   0.262427E-01   0.554260E-02   0.270300E+03  -0.681049E+02   0.000000E+00   0.338405E+03  -0.676810E+03
   0.410437E+02   0.226489E+02   0.178422E+02   0.378028E+02   0.436639E+02   0.119818E+02  -0.275503E+00  -0.270196E+01  -0.279446E+02  -0.610120E+02  -0.189903E+02  -0.115169E+02  -0.215399E+02   0.277367E-02   0.318130E-02   0.344622E-02   0.116304E-01   0.379858E-01   0.272297E+03  -0.651975E+02   0.000000E+00   0.337495E+03  -0.674989E+03
   0.403444E+02   0.237675E+02   0.224413E+02   0.430303E+02   0.454944E+02   0.102149E+02  -0.361622E+01  -0.291480E+01  -0.279446E+02  -0.621497E+02  -0.217821E+02  -0.151648E+02  -0.256644E+02   0.409969E-02   0.168697E-01   0.114735E-03   0.185640E-01   0.438814E-01   0.271195E+03  -0.675177E+02   0.000000E+00   0.338713E+03  -0.677425E+03
   0.400416E+02   0.231438E+02   0.221648E+02   0.448703E+02   0.448368E+02   0.970882E+01  -0.135893E+01  -0.371517E+01  -0.266170E+02  -0.587748E+02  -0.255072E+02  -0.163276E+02  -0.249864E+02   0.471040E-03   0.946158E-03   0.529666E-03   0.220216E-03   0.193911E-01   0.276628E+03  -0.606509E+02   0.000000E+00   0.337279E+03  -0.674558E+03
   0.398958E+02   0.233188E+02   0.222322E+02   0.423248E+02   0.433033E+02   0.976547E+01  -0.473104E+01  -0.634739E+01  -0.264464E+02  -0.615920E+02  -0.259586E+02  -0.173077E+02  -0.189398E+02   0.617392E-04   0.128487E-01   0.860196E-02   0.414792E-02   0.122459E-01   0.278139E+03  -0.632574E+02   0.000000E+00   0.341396E+03  -0.682793E+03
   0.398958E+02   0.238385E+02   0.222322E+02   0.424147E+02   0.444894E+02   0.922003E+01  -0.541763E+01  -0.558977E+01  -0.258359E+02  -0.612454E+02  -0.290029E+02  -0.149953E+02  -0.174671E+02   0.783508E-02   0.108556E-01   0.104294E-02   0.106771E-01   0.790867E-03   0.277477E+03  -0.620054E+02   0.000000E+00   0.339482E+03  -0.678965E+03
   0.393461E+02   0.238847E+02   0.183594E+02   0.436696E+02   0.433293E+02   0.118619E+02  -0.777345E+01  -0.140645E+01  -0.253863E+02  -0.593238E+02  -0.276318E+02  -0.194937E+02  -0.176383E+02   0.275143E-02   0.222424E-01   0.113814E-01   0.436881E-03   0.107855E-02   0.274454E+03  -0.624494E+02   0.000000E+00   0.336903E+03  -0.673807E+03
   0.400996E+02   0.235708E+02   0.203454E+02   0.463748E+02   0.440921E+02   0.141974E+02  -0.550709E+01  -0.467798E+01  -0.253120E+02  -0.576895E+02  -0.285861E+02  -0.154447E+02  -0.248629E+02   0.275143E-02   0.369260E-03   0.370294E-02   0.140490E-02   0.922831E-02   0.274465E+03  -0.609498E+02   0.000000E+00   0.335415E+03  -0.670830E+03
   0.401784E+02   0.244278E+02   0.237001E+02   0.456965E+02   0.450206E+02   0.161819E+02  -0.262360E+01  -0.538962E+01  -0.253120E+02  -0.587481E+02  -0.245537E+02  -0.177243E+02  -0.231632E+02   0.205666E-03   0.532586E-02   0.799184E-02   0.497928E-02   0.957633E-02   0.277257E+03  -0.609551E+02   0.000000E+00   0.338212E+03  -0.676424E+03
   0.396941E+02   0.264794E+02   0.237261E+02   0.434380E+02   0.415198E+02   0.184333E+02  -0.707609E+01  -0.874011E+01  -0.313281E+02  -0.565591E+02  -0.260491E+02  -0.216559E+02  -0.204700E+02   0.485145E-02   0.120470E-02   0.764264E-02   0.683129E-02   0.140378E-02   0.278766E+03  -0.601170E+02   0.000000E+00   0.338883E+03  -0.677766E+03
   0.402001E+02   0.248336E+02   0.226949E+02   0.423177E+02   0.430868E+02   0.130795E+02  -0.325621E+01  -0.874011E+01  -0.313281E+02  -0.592141E+02  -0.272803E+02  -0.175272E+02  -0.215986E+02   0.397789E-02   0.619043E-02   0.195780E-01   0.258198E-02   0.140378E-02   0.278292E+03  -0.619823E+02   0.000000E+00   0.340274E+03  -0.680549E+03
   0.398862E+02   0.249138E+02   0.216582E+02   0.404803E+02   0.434625E+02   0.130795E+02  -0.835070E+00  -0.659297E+01  -0.310931E+02  -0.598156E+02  -0.228348E+02  -0.163568E+02  -0.200868E+02   0.787605E-02   0.125022E-02   0.873835E-02   0.358601E-02   0.234968E-01   0.276809E+03  -0.623178E+02   0.000000E+00   0.339127E+03  -0.678254E+03
   0.390542E+02   0.244599E+02   0.246820E+02   0.407675E+02   0.407703E+02   0.128862E+02  -0.344859E+01  -0.118161E+02  -0.308141E+02  -0.569618E+02  -0.211324E+02  -0.163202E+02  -0.240235E+02   0.406844E-02   0.104398E-01   0.289096E-01   0.101142E-01   0.505521E-02   0.273076E+03  -0.640140E+02   0.000000E+00   0.337090E+03  -0.674180E+03
   0.391761E+02   0.238181E+02   0.217624E+02   0.389519E+02   0.409642E+02   0.126007E+02  -0.145884E+01  -0.798602E+01  -0.308141E+02  -0.588591E+02  -0.205915E+02  -0.170642E+02  -0.201761E+02   0.999587E-02   0.140595E-01   0.209662E-01   0.293293E-02   0.371454E-02   0.276603E+03  -0.624473E+02   0.000000E+00   0.339050E+03  -0.678101E+03
   0.388989E+02   0.250927E+02   0.233595E+02   0.392767E+02   0.416049E+02   0.125559E+02  -0.400178E+01  -0.568455E+01  -0.283350E+02  -0.623194E+02  -0.265200E+02  -0.130898E+02  -0.169186E+02   0.414981E-04   0.142425E-01   0.360081E-03   0.514460E-02   0.842262E-03   0.280015E+03  -0.609186E+02   0.000000E+00   0.340934E+03  -0.681867E+03
   0.374500E+02   0.247915E+02   0.215898E+02   0.409013E+02   0.411711E+02   0.121448E+02  -0.740274E+01  -0.805004E+01  -0.280930E+02  -0.522176E+02  -0.256921E+02  -0.199346E+02  -0.208453E+02   0.243475E-02   0.856974E-02   0.870998E-03   0.262037E-02   0.145473E-01   0.275959E+03  -0.607476E+02   0.000000E+00   0.336707E+03  -0.673413E+03
   0.366543E+02   0.242804E+02   0.250890E+02   0.445806E+02   0.429822E+02   0.169788E+02  -0.595518E+01  -0.488867E+01  -0.208972E+02  -0.525506E+02  -0.310697E+02  -0.241073E+02  -0.203044E+02   0.424989E-02   0.944390E-02   0.903563E-02   0.140202E-01   0.338124E-01   0.272758E+03  -0.624033E+02   0.000000E+00   0.335161E+03  -0.670323E+03
   0.366543E+02   0.242804E+02   0.265196E+02   0.442533E+02   0.429822E+02   0.174423E+02  -0.172364E+01  -0.719636E+01  -0.250948E+02  -0.465282E+02  -0.264103E+02  -0.302241E+02  -0.201802E+02   0.325735E-02   0.792075E-02   0.124381E-01   0.278594E-02   0.543118E-02   0.274902E+03  -0.574844E+02   0.000000E+00   0.332386E+03  -0.664773E+03
   0.382049E+02   0.226102E+02   0.233727E+02   0.433180E+02   0.422762E+02   0.171177E+02  -0.255957E+00  -0.807010E+01  -0.253071E+02  -0.491558E+02  -0.215252E+02  -0.228435E+02  -0.266033E+02   0.297731E-02   0.865230E-02   0.143612E-01   0.176887E-02   0.551687E-02   0.277226E+03  -0.583339E+02   0.000000E+00   0.335560E+03  -0.671120E+03
   0.380883E+02   0.241916E+02   0.247976E+02   0.412723E+02   0.436640E+02   0.222862E+02  -0.204211E+01  -0.821677E+01  -0.208159E+02  -0.506741E+02  -0.220542E+02  -0.222705E+02  -0.234729E+02   0.206008E-03   0.557366E-02   0.719388E-02   0.531881E-02   0.299509E-01   0.276633E+03  -0.606688E+02   0.000000E+00   0.337302E+03  -0.674604E+03
   0.381906E+02   0.249983E+02   0.228601E+02   0.420127E+02   0.431317E+02   0.192190E+02  -0.228937E+01  -0.630761E+01  -0.218873E+02  -0.506408E+02  -0.267597E+02  -0.188447E+02  -0.154533E+02   0.253254E-03   0.138408E-01   0.822437E-02   0.248065E-02   0.342608E-02   0.279110E+03  -0.599749E+02   0.000000E+00   0.339085E+03  -0.678170E+03
   0.381906E+02   0.250882E+02   0.223420E+02   0.395668E+02   0.431987E+02   0.192190E+02  -0.220944E+01  -0.799203E+01  -0.212863E+02  -0.489334E+02  -0.288043E+02  -0.171339E+02  -0.165563E+02   0.237761E-02   0.111085E-02   0.760647E-02   0.572457E-02   0.850834E-02   0.280083E+03  -0.590291E+02   0.000000E+00   0.339112E+03  -0.678224E+03
   0.386233E+02   0.256432E+02   0.235813E+02   0.414198E+02   0.453115E+02   0.192058E+02  -0.344844E+01  -0.759115E+01  -0.216607E+02  -0.500838E+02  -0.290773E+02  -0.176080E+02  -0.200034E+02   0.495293E-02   0.934564E-02   0.120758E-01   0.619871E-03   0.126169E-01   0.278219E+03  -0.607697E+02   0.000000E+00   0.338989E+03  -0.677977E+03
   0.382984E+02   0.256460E+02   0.222778E+02   0.414198E+02   0.443974E+02   0.201987E+02  -0.662977E+01  -0.979941E+01  -0.244067E+02  -0.516713E+02  -0.299853E+02  -0.203071E+02  -0.233840E+02   0.174794E-02   0.214655E-01   0.327982E-02   0.110509E-01   0.436242E-02   0.278257E+03  -0.612462E+02   0.000000E+00   0.339503E+03  -0.679006E+03
   0.385965E+02   0.236486E+02   0.214971E+02   0.418808E+02   0.437005E+02   0.151781E+02  -0.320356E+01  -0.321615E+01  -0.234557E+02  -0.554179E+02  -0.245860E+02  -0.183493E+02  -0.182276E+02   0.287619E-02   0.344350E-02   0.657382E-02   0.234923E-01   0.443501E-02   0.278779E+03  -0.608599E+02   0.000000E+00   0.339639E+03  -0.679278E+03
   0.382791E+02   0.256308E+02   0.283764E+02   0.438189E+02   0.419522E+02   0.130585E+02   0.202631E+01  -0.618449E+01  -0.274654E+02  -0.587869E+02  -0.297515E+02  -0.183731E+02  -0.185820E+02   0.386333E-02   0.846831E-02   0.126637E-01   0.146250E-01   0.187530E-01   0.276076E+03  -0.625842E+02   0.000000E+00   0.338660E+03  -0.677320E+03
   0.391612E+02   0.257305E+02   0.257894E+02   0.438427E+02   0.448591E+02   0.154161E+02  -0.254803E+01  -0.718012E+01  -0.211339E+02  -0.588791E+02  -0.327555E+02  -0.164019E+02  -0.175271E+02   0.269797E-02   0.104763E-01   0.466893E-02   0.259628E-01   0.542203E-02   0.275129E+03  -0.626018E+02   0.000000E+00   0.337731E+03  -0.675462E+03
   0.389380E+02   0.259444E+02   0.232522E+02   0.419662E+02   0.421701E+02   0.138791E+02  -0.859439E+01  -0.955968E+01  -0.260749E+02  -0.569155E+02  -0.340648E+02  -0.120119E+02  -0.170261E+02   0.571926E-02   0.905433E-02   0.858469E-02   0.236289E-01   0.113167E-02   0.275321E+03  -0.642506E+02   0.000000E+00   0.339572E+03  -0.679143E+03
   0.389380E+02   0.257752E+02   0.202378E+02   0.412583E+02   0.427438E+02   0.140252E+02  -0.120666E+02  -0.947879E+01  -0.233576E+02  -0.562548E+02  -0.341339E+02  -0.168167E+02  -0.109900E+02   0.596689E-03   0.152600E-01   0.174035E-02   0.151220E-01   0.113167E-02   0.278060E+03  -0.630555E+02   0.000000E+00   0.341115E+03  -0.682231E+03
   0.387986E+02   0.257752E+02   0.224586E+02   0.382157E+02   0.413102E+02   0.159270E+02  -0.751151E+01  -0.906361E+01  -0.247445E+02  -0.593034E+02  -0.333169E+02  -0.121663E+02  -0.154573E+02   0.242923E-03   0.561861E-02   0.132852E-03   0.230448E-02   0.113167E-02   0.281129E+03  -0.598596E+02   0.000000E+00   0.340989E+03  -0.681977E+03
   0.382219E+02   0.264487E+02   0.224586E+02   0.394372E+02   0.410564E+02   0.162355E+02  -0.939876E+01  -0.117318E+02  -0.254388E+02  -0.520978E+02  -0.285756E+02  -0.137879E+02  -0.170933E+02   0.254543E-02   0.281424E-02   0.890293E-02   0.253935E-02   0.194444E-01   0.275544E+03  -0.622688E+02   0.000000E+00   0.337813E+03  -0.675626E+03
   0.380014E+02   0.261950E+02   0.269369E+02   0.393665E+02   0.410751E+02   0.171741E+02  -0.606289E+01  -0.146799E+02  -0.285802E+02  -0.564372E+02  -0.283236E+02  -0.246557E+02  -0.152126E+02   0.506371E-02   0.771607E-02   0.122048E-01   0.180775E-01   0.222984E-01   0.276083E+03  -0.641480E+02   0.000000E+00   0.340231E+03  -0.680462E+03
   0.382604E+02   0.252033E+02   0.252281E+02   0.365952E+02   0.405421E+02   0.164918E+02  -0.151001E+01  -0.122029E+02  -0.285802E+02  -0.569539E+02  -0.279742E+02  -0.206687E+02  -0.170812E+02   0.610686E-02   0.947146E-02   0.289362E-02   0.281375E-02   0.930729E-02   0.279741E+03  -0.596625E+02   0.000000E+00   0.339403E+03  -0.678807E+03
   0.382604E+02   0.247120E+02   0.252281E+02   0.381522E+02   0.413057E+02   0.172181E+02  -0.179760E+01  -0.160576E+02  -0.268686E+02  -0.506845E+02  -0.239094E+02  -0.219067E+02  -0.204710E+02   0.234457E-02   0.289607E-02   0.289592E-02   0.109453E-02   0.529868E-02   0.282120E+03  -0.577647E+02   0.000000E+00   0.339885E+03  -0.679769E+03
   0.390736E+02   0.248306E+02   0.250801E+02   0.339027E+02   0.413057E+02   0.178116E+02   0.100001E-01  -0.134724E+02  -0.286706E+02  -0.591486E+02  -0.207549E+02  -0.206204E+02  -0.143513E+02   0.604533E-02   0.137615E-01   0.773704E-02   0.780898E-02   0.158303E-01   0.271418E+03  -0.643605E+02   0.000000E+00   0.335779E+03  -0.671557E+03
   0.396276E+02   0.249172E+02   0.204422E+02   0.324279E+02   0.407731E+02   0.170833E+02  -0.160888E+01  -0.991252E+01  -0.302817E+02  -0.591486E+02  -0.209463E+02  -0.108240E+02  -0.234243E+02   0.346149E-05   0.859055E-03   0.365292E-02   0.238155E-02   0.400608E-02   0.277765E+03  -0.597735E+02   0.000000E+00   0.337538E+03  -0.675077E+03
   0.396942E+02   0.239509E+02   0.204422E+02   0.352240E+02   0.403601E+02   0.135332E+02   0.741473E+00  -0.108743E+02  -0.321551E+02  -0.581292E+02  -0.224908E+02  -0.150425E+02  -0.190323E+02   0.106456E-02   0.741315E-02   0.519083E-02   0.933404E-03   0.300124E-01   0.277122E+03  -0.630695E+02   0.000000E+00   0.340192E+03  -0.680383E+03
   0.394578E+02   0.241230E+02   0.184092E+02   0.362431E+02   0.395130E+02   0.146821E+02   0.194637E+00  -0.118691E+02  -0.336989E+02  -0.544199E+02  -0.192964E+02  -0.181440E+02  -0.213681E+02   0.242833E-02   0.317607E-02   0.323689E-02   0.464223E-01   0.174048E-01   0.273895E+03  -0.653521E+02   0.000000E+00   0.339247E+03  -0.678494E+03
   0.392658E+02   0.237630E+02   0.207215E+02   0.364046E+02   0.368856E+02   0.161938E+02  -0.152102E+01  -0.101090E+02  -0.326926E+02  -0.577310E+02  -0.155614E+02  -0.165350E+02  -0.232025E+02   0.136968E-02   0.154038E-02   0.323689E-02   0.149134E-01   0.937954E-02   0.278649E+03  -0.610250E+02   0.000000E+00   0.339674E+03  -0.679348E+03
   0.373479E+02   0.234320E+02   0.208507E+02   0.353171E+02   0.369171E+02   0.163586E+02   0.708967E+00  -0.766279E+01  -0.317380E+02  -0.548168E+02  -0.212067E+02  -0.151515E+02  -0.269375E+02   0.136968E-02   0.895345E-02   0.414026E-01   0.314100E-01   0.723211E-02   0.271825E+03  -0.661487E+02   0.000000E+00   0.337974E+03  -0.675947E+03
   0.369282E+02   0.233653E+02   0.209075E+02   0.353462E+02   0.376669E+02   0.181947E+02  -0.270362E+01  -0.805719E+01  -0.295941E+02  -0.518514E+02  -0.230433E+02  -0.145054E+02  -0.276182E+02   0.135121E-02   0.679085E-02   0.328127E-01   0.185758E-01   0.980244E-04   0.272582E+03  -0.635431E+02   0.000000E+00   0.336125E+03  -0.672250E+03
   0.371178E+02   0.221102E+02   0.203095E+02   0.345867E+02   0.376429E+02   0.181947E+02   0.223381E+01  -0.892440E+01  -0.299329E+02  -0.467110E+02  -0.144267E+02  -0.208277E+02  -0.260369E+02   0.242263E-03   0.118162E-02   0.808524E-02   0.961931E-02   0.586229E-02   0.280946E+03  -0.571957E+02   0.000000E+00   0.338142E+03  -0.676283E+03
   0.381269E+02   0.221102E+02   0.218905E+02   0.345867E+02   0.355824E+02   0.159801E+02   0.352657E+01  -0.108420E+02  -0.299593E+02  -0.543732E+02  -0.163247E+02  -0.191512E+02  -0.227710E+02   0.242263E-03   0.377962E-02   0.475256E-02   0.841978E-02   0.140124E-01   0.279334E+03  -0.593857E+02   0.000000E+00   0.338720E+03  -0.677439E+03
   0.377648E+02   0.231652E+02   0.218905E+02   0.364693E+02   0.412455E+02   0.158480E+02  -0.674950E+00  -0.968850E+01  -0.259366E+02  -0.511559E+02  -0.227279E+02  -0.174883E+02  -0.217188E+02   0.522338E-02   0.653831E-03   0.957236E-02   0.321167E-01   0.834242E-02   0.278844E+03  -0.607985E+02   0.000000E+00   0.339643E+03  -0.679285E+03
   0.377648E+02   0.244169E+02   0.233799E+02   0.341414E+02   0.376335E+02   0.196177E+02   0.139242E+01  -0.122973E+02  -0.307334E+02  -0.522665E+02  -0.268707E+02  -0.157259E+02  -0.210664E+02   0.482763E-02   0.125401E-02   0.125515E-01   0.399273E-01   0.695007E-02   0.274813E+03  -0.621127E+02   0.000000E+00   0.336926E+03  -0.673851E+03
   0.382118E+02   0.251229E+02   0.256107E+02   0.364740E+02   0.389018E+02   0.196177E+02   0.163179E+01  -0.152063E+02  -0.273269E+02  -0.510566E+02  -0.213957E+02  -0.201831E+02  -0.200650E+02   0.223723E-02   0.288991E-01   0.650403E-02   0.189278E-01   0.114606E-01   0.276186E+03  -0.626123E+02   0.000000E+00   0.338798E+03  -0.677597E+03
   0.381967E+02   0.249121E+02   0.269426E+02   0.362785E+02   0.392580E+02   0.218594E+02   0.977294E+01  -0.163432E+02  -0.286131E+02  -0.474004E+02  -0.193094E+02  -0.221405E+02  -0.211552E+02   0.288862E-02   0.227793E-01   0.859828E-02   0.255555E-02   0.210950E-01   0.273997E+03  -0.618908E+02   0.000000E+00   0.335888E+03  -0.671776E+03
   0.379934E+02   0.250623E+02   0.230092E+02   0.301669E+02   0.396700E+02   0.263494E+02   0.336782E+01  -0.204321E+02  -0.300160E+02  -0.422500E+02  -0.172284E+02  -0.254445E+02  -0.197709E+02   0.211573E-02   0.725121E-02   0.128447E-01   0.975547E-02   0.876939E-02   0.277859E+03  -0.597900E+02   0.000000E+00   0.337649E+03  -0.675298E+03
   0.379934E+02   0.255695E+02   0.218499E+02   0.326812E+02   0.398271E+02   0.275879E+02   0.127615E+01  -0.173310E+02  -0.294820E+02  -0.448440E+02  -0.164210E+02  -0.272297E+02  -0.214747E+02   0.471514E-02   0.138785E-02   0.786298E-02   0.350102E-02   0.259176E-02   0.280028E+03  -0.568235E+02   0.000000E+00   0.336851E+03  -0.673703E+03
   0.387962E+02   0.256264E+02   0.207148E+02   0.330100E+02   0.400007E+02   0.247441E+02  -0.684542E+00  -0.167831E+02  -0.334301E+02  -0.488341E+02  -0.191352E+02  -0.216991E+02  -0.292911E+02   0.444625E-02   0.451628E-04   0.178214E-01   0.446793E-02   0.104250E-01   0.278232E+03  -0.607365E+02   0.000000E+00   0.338969E+03  -0.677937E+03
   0.386469E+02   0.252642E+02   0.207148E+02   0.347775E+02   0.407800E+02   0.225904E+02   0.163217E+01  -0.113737E+02  -0.316643E+02  -0.485990E+02  -0.206568E+02  -0.175900E+02  -0.269053E+02   0.532682E-02   0.133518E-02   0.643767E-02   0.107326E-01   0.961331E-02   0.280254E+03  -0.592372E+02   0.000000E+00   0.339491E+03  -0.678982E+03
   0.396023E+02   0.258046E+02   0.211070E+02   0.374956E+02   0.435808E+02   0.231646E+02   0.244655E+00  -0.113428E+02  -0.298346E+02  -0.485653E+02  -0.184389E+02  -0.156835E+02  -0.291507E+02   0.713457E-02   0.212561E-02   0.153701E-02   0.240598E-01   0.183485E-03   0.276181E+03  -0.605867E+02   0.000000E+00   0.336768E+03  -0.673535E+03
   0.393575E+02   0.262702E+02   0.215716E+02   0.384441E+02   0.434781E+02   0.221684E+02  -0.227764E+01  -0.128622E+02  -0.305489E+02  -0.465386E+02  -0.202294E+02  -0.229065E+02  -0.236822E+02   0.434212E-02   0.473696E-02   0.130944E-01   0.405418E-02   0.997027E-02   0.278736E+03  -0.598224E+02   0.000000E+00   0.338558E+03  -0.677117E+03
   0.387814E+02   0.262163E+02   0.231972E+02   0.385718E+02   0.415206E+02   0.245065E+02   0.219498E+00  -0.130924E+02  -0.267322E+02  -0.485540E+02  -0.197122E+02  -0.217103E+02  -0.207951E+02   0.246175E-02   0.511785E-02   0.165863E-02   0.594959E-02   0.484853E-02   0.279786E+03  -0.580150E+02   0.000000E+00   0.337801E+03  -0.675602E+03
   0.393177E+02   0.262045E+02   0.208351E+02   0.355400E+02   0.418090E+02   0.269036E+02  -0.426049E+01  -0.165556E+02  -0.287929E+02  -0.470934E+02  -0.237783E+02  -0.239085E+02  -0.224036E+02   0.124628E-02   0.120467E-02   0.181047E-02   0.407299E-03   0.117879E-01   0.282037E+03  -0.580355E+02   0.000000E+00   0.340072E+03  -0.680145E+03
   0.393687E+02   0.261950E+02   0.213637E+02   0.360233E+02   0.431978E+02   0.223798E+02   0.556472E+00  -0.154725E+02  -0.305102E+02  -0.489882E+02  -0.231918E+02  -0.201118E+02  -0.262931E+02   0.552637E-02   0.824951E-02   0.107764E-01   0.781658E-02   0.785508E-02   0.278294E+03  -0.600959E+02   0.000000E+00   0.338390E+03  -0.676780E+03
   0.392576E+02   0.264578E+02   0.204750E+02   0.326666E+02   0.446604E+02   0.211226E+02  -0.307392E+01  -0.172201E+02  -0.281593E+02  -0.488851E+02  -0.283371E+02  -0.224346E+02  -0.185149E+02   0.191706E-02   0.111857E-02   0.172443E-01   0.230496E-01   0.150757E-02   0.274678E+03  -0.616655E+02   0.000000E+00   0.336343E+03  -0.672687E+03
   0.383287E+02   0.242190E+02   0.235035E+02   0.351444E+02   0.425453E+02   0.183697E+02  -0.295458E+01  -0.152763E+02  -0.244920E+02  -0.496574E+02  -0.214491E+02  -0.214578E+02  -0.193533E+02   0.257239E-02   0.175107E-02   0.151633E-02   0.774094E-03   0.113427E-01   0.281144E+03  -0.582944E+02   0.000000E+00   0.339438E+03  -0.678877E+03
   0.380621E+02   0.249645E+02   0.255107E+02   0.414441E+02   0.427718E+02   0.167227E+02  -0.569712E+01  -0.167517E+02  -0.268154E+02  -0.496574E+02  -0.280326E+02  -0.279563E+02  -0.203759E+02   0.126824E-02   0.160518E-01   0.133300E-03   0.810849E-02   0.574023E-02   0.278866E+03  -0.600551E+02   0.000000E+00   0.338921E+03  -0.677842E+03
   0.393177E+02   0.262038E+02   0.246475E+02   0.421292E+02   0.437454E+02   0.198133E+02  -0.569712E+01  -0.106162E+02  -0.269916E+02  -0.544187E+02  -0.252823E+02  -0.203769E+02  -0.203686E+02   0.770859E-03   0.308930E-01   0.549274E-02   0.437208E-02   0.935803E-02   0.278091E+03  -0.623355E+02   0.000000E+00   0.340427E+03  -0.680853E+03
   0.395264E+02   0.250959E+02   0.231253E+02   0.396189E+02   0.417339E+02   0.191823E+02  -0.661820E+01  -0.145294E+02  -0.277253E+02  -0.544187E+02  -0.258941E+02  -0.230738E+02  -0.214940E+02   0.206219E-02   0.283094E-01   0.343052E-01   0.226407E-02   0.865959E-02   0.274379E+03  -0.650217E+02   0.000000E+00   0.339401E+03  -0.678801E+03
   0.388164E+02   0.253208E+02   0.231253E+02   0.358932E+02   0.424678E+02   0.160977E+02  -0.784136E+01  -0.168363E+02  -0.219027E+02  -0.516578E+02  -0.324453E+02  -0.175652E+02  -0.104809E+02   0.477274E-02   0.360735E-02   0.470133E-02   0.125615E-02   0.908683E-02   0.278634E+03  -0.602936E+02   0.000000E+00   0.338928E+03  -0.677855E+03
   0.380693E+02   0.253208E+02   0.254826E+02   0.346217E+02   0.447956E+02   0.165494E+02  -0.291089E+01  -0.172398E+02  -0.196154E+02  -0.495593E+02  -0.279622E+02  -0.172367E+02  -0.147895E+02   0.105195E-02   0.162951E-01   0.988356E-02   0.119986E-01   0.736887E-02   0.273577E+03  -0.630173E+02   0.000000E+00   0.336594E+03  -0.673189E+03
   0.385428E+02   0.258322E+02   0.260415E+02   0.365031E+02   0.446567E+02   0.193021E+02  -0.334062E+01  -0.168742E+02  -0.246439E+02  -0.526601E+02  -0.293911E+02  -0.262909E+02  -0.176048E+02   0.407728E-02   0.105732E-01   0.141482E-01   0.924521E-03   0.270844E-01   0.276773E+03  -0.627660E+02   0.000000E+00   0.339539E+03  -0.679078E+03
   0.389074E+02   0.249750E+02   0.239087E+02   0.351346E+02   0.454763E+02   0.201046E+02   0.642646E+00  -0.203230E+02  -0.252246E+02  -0.479709E+02  -0.227585E+02  -0.287481E+02  -0.180013E+02   0.674743E-03   0.176076E-01   0.144068E-01   0.284621E-02   0.378011E-02   0.276903E+03  -0.626870E+02   0.000000E+00   0.339590E+03  -0.679180E+03
   0.387951E+02   0.255152E+02   0.235220E+02   0.355486E+02   0.412588E+02   0.238060E+02  -0.349314E+01  -0.156063E+02  -0.241449E+02  -0.495383E+02  -0.258779E+02  -0.217954E+02  -0.153027E+02   0.343642E-02   0.346093E-01   0.193834E-02   0.387504E-01   0.163966E-02   0.274986E+03  -0.638165E+02   0.000000E+00   0.338803E+03  -0.677605E+03
   0.381239E+02   0.268405E+02   0.231753E+02   0.355486E+02   0.423827E+02   0.266196E+02  -0.165098E+01  -0.172516E+02  -0.224203E+02  -0.448779E+02  -0.292116E+02  -0.202268E+02  -0.180541E+02   0.147437E-02   0.510275E-02   0.104684E-02   0.588484E-02   0.200556E-02   0.280632E+03  -0.574069E+02   0.000000E+00   0.338039E+03  -0.676078E+03
   0.385831E+02   0.266920E+02   0.238644E+02   0.379348E+02   0.421119E+02   0.230069E+02  -0.456528E+01  -0.168287E+02  -0.240866E+02  -0.472141E+02  -0.303480E+02  -0.238587E+02  -0.131644E+02   0.238655E-02   0.110906E-01   0.104684E-02   0.159102E-01   0.412419E-02   0.279940E+03  -0.594372E+02   0.000000E+00   0.339377E+03  -0.678754E+03
   0.380850E+02   0.266920E+02   0.236134E+02   0.376951E+02   0.435265E+02   0.254124E+02  -0.336539E+01  -0.116526E+02  -0.271758E+02  -0.428678E+02  -0.271902E+02  -0.229910E+02  -0.199511E+02   0.263430E-02   0.289335E-02   0.104684E-02   0.288734E-01   0.212173E-01   0.274465E+03  -0.617909E+02   0.000000E+00   0.336256E+03  -0.672512E+03
   0.378483E+02   0.258096E+02   0.229919E+02   0.378446E+02   0.419246E+02   0.251083E+02  -0.383336E+01  -0.145704E+02  -0.272064E+02  -0.435241E+02  -0.237507E+02  -0.241736E+02  -0.248229E+02   0.418959E-02   0.527519E-02   0.131917E-01   0.162931E-01   0.187426E-01   0.277541E+03  -0.611353E+02   0.000000E+00   0.338676E+03  -0.677353E+03
   0.378483E+02   0.267771E+02   0.229329E+02   0.389902E+02   0.426434E+02   0.249063E+02  -0.140898E+01  -0.145704E+02  -0.290204E+02  -0.452179E+02  -0.268372E+02  -0.262935E+02  -0.242340E+02   0.259627E-02   0.500578E-02   0.557795E-01   0.798992E-02   0.394950E-02   0.275068E+03  -0.628742E+02   0.000000E+00   0.337942E+03  -0.675884E+03
   0.382174E+02   0.259018E+02   0.229329E+02   0.376283E+02   0.426434E+02   0.289286E+02   0.195095E+01  -0.145704E+02  -0.295819E+02  -0.385846E+02  -0.159781E+02  -0.289711E+02  -0.264644E+02   0.115445E-02   0.258534E-03   0.272119E-02   0.325591E-02   0.192609E-01   0.276993E+03  -0.581540E+02   0.000000E+00   0.335147E+03  -0.670294E+03
   0.386927E+02   0.252458E+02   0.238051E+02   0.310365E+02   0.429051E+02   0.310250E+02   0.239867E+01  -0.171426E+02  -0.242586E+02  -0.425555E+02  -0.205262E+02  -0.225956E+02  -0.276102E+02   0.161653E-02   0.131543E-02   0.118903E-01   0.914862E-02   0.530913E-02   0.272789E+03  -0.580842E+02   0.000000E+00   0.330873E+03  -0.661746E+03
   0.386927E+02   0.258443E+02   0.196630E+02   0.327973E+02   0.423026E+02   0.264029E+02  -0.836820E+00  -0.190508E+02  -0.258069E+02  -0.434165E+02  -0.199861E+02  -0.265414E+02  -0.220067E+02   0.340510E-02   0.101792E-01   0.920429E-02   0.265076E-01   0.871287E-03   0.275856E+03  -0.604359E+02   0.000000E+00   0.336292E+03  -0.672584E+03
   0.383909E+02   0.244748E+02   0.196630E+02   0.318118E+02   0.433127E+02   0.250223E+02  -0.345821E+01  -0.207765E+02  -0.231242E+02  -0.432372E+02  -0.238521E+02  -0.241598E+02  -0.243389E+02   0.187943E-02   0.272434E-02   0.736305E-02   0.537412E-02   0.123206E-01   0.280066E+03  -0.588731E+02   0.000000E+00   0.338939E+03  -0.677878E+03
   0.387642E+02   0.253551E+02   0.200541E+02   0.358201E+02   0.438596E+02   0.221506E+02  -0.574674E+01  -0.152867E+02  -0.212722E+02  -0.430421E+02  -0.296654E+02  -0.192208E+02  -0.108435E+02   0.327327E-03   0.116072E-01   0.288053E-01   0.118598E-01   0.207305E-01   0.272834E+03  -0.644386E+02   0.000000E+00   0.337273E+03  -0.674545E+03
   0.387307E+02   0.245075E+02   0.186873E+02   0.369808E+02   0.429603E+02   0.206012E+02  -0.951995E+01  -0.735480E+01  -0.177583E+02  -0.474124E+02  -0.290011E+02  -0.141370E+02  -0.900109E+01   0.164304E-02   0.359233E-02   0.153952E-01   0.488353E-02   0.232611E-01   0.274880E+03  -0.635300E+02   0.000000E+00   0.338410E+03  -0.676820E+03
   0.389388E+02   0.240215E+02   0.210755E+02   0.402083E+02   0.429603E+02   0.191258E+02  -0.829271E+01  -0.127562E+02  -0.168128E+02  -0.453929E+02  -0.268697E+02  -0.220617E+02  -0.674866E+01   0.916488E-02   0.981830E-02   0.138147E-01   0.114322E-01   0.444076E-02   0.268339E+03  -0.624265E+02   0.000000E+00   0.330765E+03  -0.661531E+03
   0.389388E+02   0.238322E+02   0.200181E+02   0.339520E+02   0.436821E+02   0.207382E+02  -0.716339E+01  -0.192743E+02  -0.187666E+02  -0.481053E+02  -0.245295E+02  -0.213295E+02  -0.181210E+02   0.409791E-02   0.201135E-02   0.251631E-01   0.138625E-01   0.581560E-02   0.275624E+03  -0.622155E+02   0.000000E+00   0.337839E+03  -0.675679E+03
   0.386899E+02   0.245397E+02   0.200181E+02   0.352892E+02   0.428751E+02   0.227536E+02  -0.846523E+01  -0.195539E+02  -0.201393E+02  -0.423018E+02  -0.244187E+02  -0.243463E+02  -0.200050E+02   0.176809E-02   0.617462E-03   0.266265E-01   0.331290E-02   0.353249E-02   0.275664E+03  -0.597966E+02   0.000000E+00   0.335461E+03  -0.670921E+03
   0.386899E+02   0.235152E+02   0.213013E+02   0.372551E+02   0.425109E+02   0.220430E+02  -0.573691E+01  -0.213692E+02  -0.231423E+02  -0.394003E+02  -0.251316E+02  -0.326186E+02  -0.222444E+02   0.433219E-02   0.272544E-02   0.126769E-02   0.143616E-01   0.688036E-03   0.274203E+03  -0.579318E+02   0.000000E+00   0.332135E+03  -0.664270E+03
   0.377290E+02   0.248371E+02   0.234462E+02   0.392375E+02   0.409913E+02   0.210977E+02  -0.725954E+01  -0.169699E+02  -0.244047E+02  -0.477215E+02  -0.309229E+02  -0.282348E+02  -0.166104E+02   0.250948E-02   0.234188E-01   0.238679E-01   0.135359E-01   0.315430E-02   0.276133E+03  -0.625346E+02   0.000000E+00   0.338668E+03  -0.677335E+03
   0.375046E+02   0.264518E+02   0.253413E+02   0.405996E+02   0.409913E+02   0.184326E+02  -0.868531E+01  -0.151216E+02  -0.250087E+02  -0.538137E+02  -0.323946E+02  -0.238729E+02  -0.139763E+02   0.126326E-02   0.155644E-01   0.996316E-02   0.894047E-02   0.318073E-02   0.277800E+03  -0.612746E+02   0.000000E+00   0.339075E+03  -0.678149E+03
   0.375549E+02   0.264518E+02   0.268174E+02   0.409495E+02   0.394742E+02   0.211435E+02  -0.588120E+01  -0.130840E+02  -0.270027E+02  -0.528867E+02  -0.297481E+02  -0.212021E+02  -0.220128E+02   0.237249E-02   0.562078E-02   0.326749E-02   0.133646E-01   0.318073E-02   0.281231E+03  -0.593634E+02   0.000000E+00   0.340594E+03  -0.681189E+03
   0.377605E+02   0.263243E+02   0.305566E+02   0.409495E+02   0.406165E+02   0.213825E+02   0.669196E+00  -0.139793E+02  -0.311904E+02  -0.545257E+02  -0.250412E+02  -0.319424E+02  -0.223323E+02   0.309892E-02   0.245370E-02   0.655576E-02   0.745730E-02   0.190008E-02   0.279655E+03  -0.577139E+02   0.000000E+00   0.337369E+03  -0.674738E+03
   0.374529E+02   0.263243E+02   0.252835E+02   0.379374E+02   0.409395E+02   0.234775E+02   0.239174E+01  -0.151500E+02  -0.295593E+02  -0.458762E+02  -0.265041E+02  -0.283592E+02  -0.241497E+02   0.444727E-02   0.221214E-01   0.196110E-03   0.112164E-02   0.525356E-03   0.279329E+03  -0.567812E+02   0.000000E+00   0.336110E+03  -0.672220E+03
   0.378390E+02   0.270587E+02   0.257802E+02   0.391078E+02   0.410262E+02   0.257299E+02  -0.440771E+00  -0.176752E+02  -0.265298E+02  -0.448348E+02  -0.307087E+02  -0.247113E+02  -0.239310E+02   0.146285E-02   0.235581E-02   0.282210E-01   0.673255E-02   0.203373E-01   0.274976E+03  -0.610955E+02   0.000000E+00   0.336072E+03  -0.672143E+03
   0.373740E+02   0.269741E+02   0.274272E+02   0.373612E+02   0.381739E+02   0.257017E+02  -0.161775E+01  -0.124980E+02  -0.304323E+02  -0.483847E+02  -0.232556E+02  -0.251740E+02  -0.185220E+02   0.532394E-02   0.235581E-02   0.634774E-01   0.920042E-03   0.143669E-01   0.272464E+03  -0.633545E+02   0.000000E+00   0.335818E+03  -0.671637E+03
   0.388360E+02   0.248438E+02   0.231210E+02   0.375541E+02   0.388732E+02   0.247698E+02  -0.192347E+01  -0.159586E+02  -0.248736E+02  -0.466438E+02  -0.221420E+02  -0.232540E+02  -0.218882E+02   0.907680E-03   0.430673E-02   0.787851E-01   0.920042E-03   0.424850E-02   0.268479E+03  -0.639479E+02   0.000000E+00   0.332427E+03  -0.664854E+03
   0.383315E+02   0.249759E+02   0.235282E+02   0.348767E+02   0.400883E+02   0.249776E+02  -0.390953E+01  -0.195715E+02  -0.232995E+02  -0.481877E+02  -0.273627E+02  -0.244386E+02  -0.167097E+02   0.494088E-02   0.946423E-02   0.260044E-02   0.920042E-03   0.121509E-01   0.279619E+03  -0.583287E+02   0.000000E+00   0.337948E+03  -0.675895E+03
   0.381784E+02   0.259196E+02   0.263904E+02   0.348767E+02   0.383966E+02   0.249776E+02   0.210093E+01  -0.209137E+02  -0.223830E+02  -0.478842E+02  -0.257121E+02  -0.206265E+02  -0.122456E+02   0.195091E-02   0.709232E-02   0.126203E-01   0.507536E-02   0.284484E-01   0.273314E+03  -0.626196E+02   0.000000E+00   0.335934E+03  -0.671867E+03
   0.377494E+02   0.259682E+02   0.263904E+02   0.339693E+02   0.383966E+02   0.293077E+02   0.870772E+00  -0.200261E+02  -0.241518E+02  -0.420096E+02  -0.245533E+02  -0.261959E+02  -0.135813E+02   0.704489E-03   0.576140E-02   0.210127E-01   0.507536E-02   0.126303E-01   0.275824E+03  -0.601522E+02   0.000000E+00   0.335976E+03  -0.671952E+03
   0.377494E+02   0.264532E+02   0.252002E+02   0.311380E+02   0.364138E+02   0.310386E+02   0.300075E+01  -0.234302E+02  -0.307781E+02  -0.406741E+02  -0.195066E+02  -0.312967E+02  -0.175784E+02   0.232559E-02   0.180186E-01   0.735852E-02   0.298223E-02   0.550154E-03   0.277352E+03  -0.585052E+02   0.000000E+00   0.335857E+03  -0.671714E+03
   0.376344E+02   0.262250E+02   0.256898E+02   0.292903E+02   0.384126E+02   0.292796E+02   0.176453E+01  -0.249807E+02  -0.302401E+02  -0.436975E+02  -0.184742E+02  -0.308917E+02  -0.235544E+02   0.178799E-02   0.110992E-01   0.489935E-02   0.821479E-02   0.139609E-01   0.276969E+03  -0.607456E+02   0.000000E+00   0.337715E+03  -0.675429E+03
   0.384006E+02   0.278048E+02   0.231284E+02   0.294473E+02   0.380652E+02   0.353687E+02   0.228031E+01  -0.232099E+02  -0.352657E+02  -0.406779E+02  -0.188100E+02  -0.288843E+02  -0.239517E+02   0.188327E-02   0.235036E-01   0.121462E-01   0.429881E-02   0.407408E-02   0.276443E+03  -0.610032E+02   0.000000E+00   0.337446E+03  -0.674892E+03
   0.384770E+02   0.264981E+02   0.201704E+02   0.253748E+02   0.371020E+02   0.366625E+02   0.670662E+01  -0.241659E+02  -0.340720E+02  -0.364325E+02  -0.161395E+02  -0.276028E+02  -0.229626E+02   0.175482E-02   0.164709E-02   0.832818E-02   0.184155E-01   0.183100E-01   0.274324E+03  -0.612025E+02   0.000000E+00   0.335527E+03  -0.671053E+03
   0.387522E+02   0.266042E+02   0.192309E+02   0.255753E+02   0.383741E+02   0.355570E+02   0.674998E+01  -0.229006E+02  -0.339150E+02  -0.356326E+02  -0.179895E+02  -0.203392E+02  -0.246065E+02   0.266632E-02   0.300033E-02   0.449226E-02   0.341953E-02   0.296686E-01   0.273595E+03  -0.616492E+02   0.000000E+00   0.335244E+03  -0.670488E+03
   0.388240E+02   0.284989E+02   0.187995E+02   0.261368E+02   0.380899E+02   0.380199E+02   0.491663E+01  -0.268274E+02  -0.329189E+02  -0.343980E+02  -0.171932E+02  -0.186917E+02  -0.272514E+02   0.345308E-02   0.159179E-01   0.264679E-01   0.204945E-01   0.251559E-02   0.263206E+03  -0.663955E+02   0.000000E+00   0.329602E+03  -0.659203E+03
   0.402734E+02   0.285822E+02   0.232706E+02   0.310550E+02   0.414532E+02   0.359336E+02   0.457327E+01  -0.268274E+02  -0.320800E+02  -0.430242E+02  -0.208162E+02  -0.236747E+02  -0.261963E+02   0.977758E-02   0.345972E-02   0.438578E-02   0.731609E-02   0.161561E-01   0.273236E+03  -0.608457E+02   0.000000E+00   0.334082E+03  -0.668163E+03
   0.398584E+02   0.316802E+02   0.265966E+02   0.319009E+02   0.415002E+02   0.353474E+02   0.690612E+01  -0.232850E+02  -0.367838E+02  -0.447881E+02  -0.205680E+02  -0.286582E+02  -0.168095E+02   0.380213E-02   0.170708E-01   0.880994E-02   0.234031E-01   0.379193E-02   0.270862E+03  -0.641099E+02   0.000000E+00   0.334972E+03  -0.669944E+03
   0.411575E+02   0.317013E+02   0.268570E+02   0.338672E+02   0.432126E+02   0.318186E+02   0.554908E+01  -0.228339E+02  -0.332435E+02  -0.471818E+02  -0.215858E+02  -0.223455E+02  -0.154905E+02   0.101165E-03   0.248308E-02   0.608552E-02   0.250504E-01   0.324250E-02   0.270597E+03  -0.646570E+02   0.000000E+00   0.335254E+03  -0.670508E+03
   0.406516E+02   0.316160E+02   0.266945E+02   0.349234E+02   0.445448E+02   0.279115E+02  -0.182360E+01  -0.252436E+02  -0.343410E+02  -0.524987E+02  -0.230637E+02  -0.236547E+02  -0.157508E+02   0.294470E-02   0.295012E-02   0.146941E-01   0.712748E-02   0.375900E-01   0.269882E+03  -0.669101E+02   0.000000E+00   0.336792E+03  -0.673584E+03
   0.403033E+02   0.307025E+02   0.283436E+02   0.362574E+02   0.445448E+02   0.308943E+02  -0.647687E+01  -0.302536E+02  -0.288155E+02  -0.488564E+02  -0.340382E+02  -0.240665E+02  -0.230513E+02   0.214152E-02   0.767499E-02   0.300521E-01   0.220222E-02   0.234902E-01   0.269847E+03  -0.662302E+02   0.000000E+00   0.336077E+03  -0.672154E+03
   0.399859E+02   0.300999E+02   0.270448E+02   0.344829E+02   0.429245E+02   0.307290E+02  -0.372352E+01  -0.302398E+02  -0.316933E+02  -0.440971E+02  -0.306053E+02  -0.314104E+02  -0.163132E+02   0.948190E-03   0.138133E-01   0.176254E-01   0.248261E-02   0.317493E-02   0.276218E+03  -0.626983E+02   0.000000E+00   0.338916E+03  -0.677833E+03
   0.401378E+02   0.305635E+02   0.287097E+02   0.348186E+02   0.477142E+02   0.303447E+02  -0.352349E+01  -0.339959E+02  -0.316933E+02  -0.431399E+02  -0.269175E+02  -0.363708E+02  -0.199791E+02   0.672094E-02   0.255823E-01   0.736097E-02   0.510977E-03   0.317493E-02   0.271871E+03  -0.649361E+02   0.000000E+00   0.336807E+03  -0.673614E+03
   0.393728E+02   0.311486E+02   0.319467E+02   0.401891E+02   0.430606E+02   0.345831E+02  -0.454612E+01  -0.276947E+02  -0.308138E+02  -0.414255E+02  -0.338130E+02  -0.367062E+02  -0.216731E+02   0.457175E-02   0.636809E-02   0.120294E-01   0.269195E-02   0.645397E-02   0.270984E+03  -0.599453E+02   0.000000E+00   0.330929E+03  -0.661859E+03
   0.389681E+02   0.311855E+02   0.300247E+02   0.411168E+02   0.442023E+02   0.362082E+02  -0.133113E+01  -0.253171E+02  -0.315045E+02  -0.412429E+02  -0.281378E+02  -0.350687E+02  -0.257374E+02   0.107004E-01   0.157669E-01   0.338737E-02   0.798360E-02   0.221021E-01   0.272169E+03  -0.617267E+02   0.000000E+00   0.333896E+03  -0.667791E+03
   0.391717E+02   0.303645E+02   0.277296E+02   0.379776E+02   0.447496E+02   0.362082E+02   0.736269E+01  -0.216680E+02  -0.370841E+02  -0.390438E+02  -0.272825E+02  -0.333224E+02  -0.311841E+02   0.594489E-04   0.200999E-01   0.642696E-02   0.279243E-01   0.358633E-01   0.265145E+03  -0.656181E+02   0.000000E+00   0.330763E+03  -0.661526E+03
   0.386937E+02   0.284464E+02   0.279942E+02   0.357057E+02   0.435762E+02   0.330159E+02   0.221200E+01  -0.238197E+02  -0.352766E+02  -0.441564E+02  -0.212820E+02  -0.343164E+02  -0.330497E+02   0.694145E-02   0.214082E-01   0.942024E-02   0.134169E-01   0.143328E-01   0.273231E+03  -0.622070E+02   0.000000E+00   0.335438E+03  -0.670876E+03
   0.388983E+02   0.304224E+02   0.264153E+02   0.365880E+02   0.450962E+02   0.320319E+02   0.221200E+01  -0.222142E+02  -0.352766E+02  -0.410099E+02  -0.212820E+02  -0.330672E+02  -0.253992E+02   0.418460E-02   0.710241E-02   0.347690E-01   0.928125E-02   0.977099E-02   0.271193E+03  -0.627257E+02   0.000000E+00   0.333919E+03  -0.667837E+03
   0.391406E+02   0.304276E+02   0.289435E+02   0.366917E+02   0.436301E+02   0.350474E+02   0.785476E+01  -0.273454E+02  -0.352406E+02  -0.376853E+02  -0.215351E+02  -0.336420E+02  -0.281195E+02   0.377254E-04   0.691847E-02   0.229568E-02   0.198689E-02   0.158674E-01   0.276787E+03  -0.595474E+02   0.000000E+00   0.336334E+03  -0.672669E+03
   0.396162E+02   0.313840E+02   0.291075E+02   0.421429E+02   0.467961E+02   0.371078E+02   0.679795E+01  -0.214845E+02  -0.372225E+02  -0.422271E+02  -0.217764E+02  -0.344287E+02  -0.376820E+02   0.228870E-02   0.358538E-02   0.700927E-02   0.113976E-01   0.635927E-02   0.272529E+03  -0.602703E+02   0.000000E+00   0.332799E+03  -0.665599E+03
   0.402939E+02   0.326330E+02   0.321429E+02   0.425904E+02   0.471090E+02   0.332905E+02   0.439169E+01  -0.230916E+02  -0.396783E+02  -0.459922E+02  -0.269316E+02  -0.333257E+02  -0.376820E+02   0.268492E-02   0.530812E-03   0.137586E-01   0.233795E-01   0.204142E-01   0.272700E+03  -0.637523E+02   0.000000E+00   0.336452E+03  -0.672905E+03
   0.401253E+02   0.327658E+02   0.315359E+02   0.440156E+02   0.442394E+02   0.357348E+02   0.444461E+01  -0.210424E+02  -0.402449E+02  -0.450912E+02  -0.234417E+02  -0.344182E+02  -0.267755E+02   0.114858E-02   0.100607E-01   0.126255E-01   0.101405E-01   0.156570E-01   0.273442E+03  -0.628428E+02   0.000000E+00   0.336285E+03  -0.672570E+03
   0.402411E+02   0.332798E+02   0.309530E+02   0.405652E+02   0.461420E+02   0.331092E+02   0.708534E+01  -0.192209E+02  -0.390754E+02  -0.464716E+02  -0.233865E+02  -0.288205E+02  -0.258337E+02   0.818571E-02   0.691922E-02   0.281106E-03   0.534014E-03   0.420457E-02   0.275577E+03  -0.599943E+02   0.000000E+00   0.335571E+03  -0.671143E+03
   0.404998E+02   0.328101E+02   0.331953E+02   0.419087E+02   0.477884E+02   0.347130E+02   0.611958E+01  -0.209000E+02  -0.353292E+02  -0.522837E+02  -0.248858E+02  -0.282911E+02  -0.314377E+02   0.908686E-02   0.152268E-01   0.203166E-03   0.109180E-01   0.312236E-02   0.275257E+03  -0.609063E+02   0.000000E+00   0.336163E+03  -0.672327E+03
   0.408895E+02   0.344695E+02   0.331953E+02   0.442342E+02   0.459076E+02   0.352348E+02   0.352997E+01  -0.165010E+02  -0.369265E+02  -0.522624E+02  -0.235860E+02  -0.250967E+02  -0.256419E+02   0.741443E-02   0.180495E-02   0.134028E-01   0.195110E-01   0.131409E-01   0.270671E+03  -0.662823E+02   0.000000E+00   0.336953E+03  -0.673907E+03
   0.408944E+02   0.336502E+02   0.359029E+02   0.449184E+02   0.496708E+02   0.327535E+02   0.443993E+01  -0.207800E+02  -0.339059E+02  -0.505898E+02  -0.202317E+02  -0.324712E+02  -0.249423E+02   0.318885E-02   0.126259E-02   0.530629E-02   0.421012E-02   0.166844E-01   0.272405E+03  -0.645089E+02   0.000000E+00   0.336914E+03  -0.673828E+03
   0.404132E+02   0.323710E+02   0.359029E+02   0.450428E+02   0.499889E+02   0.290511E+02   0.550726E+01  -0.226141E+02  -0.382520E+02  -0.502921E+02  -0.278947E+02  -0.353815E+02  -0.324545E+02   0.305864E-02   0.110592E-01   0.135062E-01   0.126294E-01   0.254497E-02   0.277151E+03  -0.610108E+02   0.000000E+00   0.338162E+03  -0.676324E+03
   0.404493E+02   0.311590E+02   0.329893E+02   0.451843E+02   0.495120E+02   0.289992E+02   0.255509E+01  -0.242439E+02  -0.368618E+02  -0.485380E+02  -0.254821E+02  -0.381822E+02  -0.366844E+02   0.305864E-02   0.883406E-02   0.165225E-01   0.461669E-04   0.254497E-02   0.278243E+03  -0.599014E+02   0.000000E+00   0.338144E+03  -0.676289E+03
   0.411592E+02   0.309477E+02   0.374629E+02   0.456653E+02   0.495120E+02   0.244660E+02   0.877133E+01  -0.259563E+02  -0.410764E+02  -0.529803E+02  -0.223764E+02  -0.367701E+02  -0.332151E+02   0.808840E-04   0.739502E-03   0.106064E-01   0.242882E-02   0.272963E-03   0.272811E+03  -0.615377E+02   0.000000E+00   0.334349E+03  -0.668697E+03
   0.411346E+02   0.327321E+02   0.330729E+02   0.469310E+02   0.491873E+02   0.298650E+02   0.506322E+01  -0.193989E+02  -0.398396E+02  -0.524345E+02  -0.272521E+02  -0.366105E+02  -0.354665E+02   0.589905E-02   0.739502E-03   0.814336E-02   0.306758E-01   0.966942E-02   0.272795E+03  -0.618681E+02   0.000000E+00   0.334663E+03  -0.669326E+03
   0.416255E+02   0.328156E+02   0.355386E+02   0.485442E+02   0.513793E+02   0.296484E+02   0.113351E+02  -0.228567E+02  -0.426158E+02  -0.511224E+02  -0.231596E+02  -0.420380E+02  -0.371315E+02   0.432658E-02   0.159727E-02   0.133536E-01   0.253539E-01   0.332712E-02   0.272266E+03  -0.620791E+02   0.000000E+00   0.334345E+03  -0.668690E+03
   0.415160E+02   0.341128E+02   0.352814E+02   0.512428E+02   0.492071E+02   0.340065E+02   0.302220E+01  -0.232350E+02  -0.460854E+02  -0.513941E+02  -0.274477E+02  -0.424873E+02  -0.394336E+02   0.138735E-02   0.885246E-03   0.327186E-02   0.808997E-02   0.897218E-02   0.276184E+03  -0.612513E+02   0.000000E+00   0.337435E+03  -0.674871E+03
   0.413518E+02   0.342574E+02   0.379342E+02   0.482774E+02   0.480370E+02   0.339074E+02   0.718775E+01  -0.238521E+02  -0.459722E+02  -0.537106E+02  -0.251227E+02  -0.445771E+02  -0.316639E+02   0.446112E-02   0.332264E-02   0.327186E-02   0.618340E-02   0.293598E-02   0.274153E+03  -0.595259E+02   0.000000E+00   0.333679E+03  -0.667358E+03
   0.418315E+02   0.342574E+02   0.363179E+02   0.510228E+02   0.482474E+02   0.258725E+02   0.689060E+01  -0.189192E+02  -0.464027E+02  -0.618304E+02  -0.258658E+02  -0.380809E+02  -0.324417E+02   0.683058E-02   0.198968E-03   0.241219E-02   0.181432E-01   0.293598E-02   0.273863E+03  -0.615559E+02   0.000000E+00   0.335419E+03  -0.670838E+03
   0.418483E+02   0.340483E+02   0.384474E+02   0.503637E+02   0.492160E+02   0.251074E+02   0.633520E+01  -0.211393E+02  -0.441301E+02  -0.616582E+02  -0.255821E+02  -0.367354E+02  -0.307667E+02   0.418344E-02   0.136924E-01   0.518128E-02   0.471019E-02   0.654636E-02   0.276466E+03  -0.630846E+02   0.000000E+00   0.339551E+03  -0.679101E+03
   0.412769E+02   0.352300E+02   0.384474E+02   0.500878E+02   0.491788E+02   0.268979E+02   0.205900E+01  -0.238998E+02  -0.443847E+02  -0.578839E+02  -0.283422E+02  -0.386643E+02  -0.291574E+02   0.582051E-02   0.166503E-01   0.446497E-02   0.104712E-02   0.344081E-02   0.276942E+03  -0.624799E+02   0.000000E+00   0.339422E+03  -0.678844E+03
   0.408169E+02   0.348923E+02   0.386791E+02   0.512685E+02   0.482710E+02   0.291199E+02   0.229641E+01  -0.226205E+02  -0.468430E+02  -0.545459E+02  -0.303670E+02  -0.387085E+02  -0.338455E+02   0.293191E-02   0.880692E-02   0.290391E-01   0.970433E-02   0.720260E-02   0.274486E+03  -0.648839E+02   0.000000E+00   0.339370E+03  -0.678740E+03
   0.409339E+02   0.364092E+02   0.401255E+02   0.507378E+02   0.485188E+02   0.287036E+02   0.499844E+01  -0.241603E+02  -0.468430E+02  -0.556899E+02  -0.323140E+02  -0.333232E+02  -0.345667E+02   0.574889E-02   0.176894E-01   0.386692E-01   0.275378E-01   0.144199E-01   0.266787E+03  -0.700171E+02   0.000000E+00   0.336804E+03  -0.673608E+03
   0.411665E+02   0.365768E+02   0.401712E+02   0.498852E+02   0.468589E+02   0.290022E+02   0.235304E+01  -0.217841E+02  -0.467727E+02  -0.619840E+02  -0.320460E+02  -0.347729E+02  -0.280604E+02   0.826141E-03   0.479530E-02   0.234863E-01   0.199829E-01   0.106141E-01   0.275227E+03  -0.661743E+02   0.000000E+00   0.341401E+03  -0.682803E+03
   0.411665E+02   0.363525E+02   0.398890E+02   0.515442E+02   0.474330E+02   0.271141E+02   0.235304E+01  -0.237243E+02  -0.440534E+02  -0.619063E+02  -0.334545E+02  -0.332783E+02  -0.297550E+02   0.486750E-02   0.961308E-03   0.126036E-01   0.210673E-01   0.208014E-01   0.273173E+03  -0.659745E+02   0.000000E+00   0.339147E+03  -0.678295E+03
   0.410352E+02   0.360261E+02   0.436466E+02   0.514738E+02   0.503698E+02   0.257097E+02   0.201754E+01  -0.227425E+02  -0.416835E+02  -0.671406E+02  -0.376820E+02  -0.348861E+02  -0.278542E+02   0.126872E-02   0.881833E-02   0.234190E-01   0.110371E-01   0.907253E-02   0.273938E+03  -0.661214E+02   0.000000E+00   0.340059E+03  -0.680119E+03
   0.420272E+02   0.349147E+02   0.398417E+02   0.511710E+02   0.507235E+02   0.239938E+02  -0.653717E+00  -0.219079E+02  -0.392850E+02  -0.653982E+02  -0.345768E+02  -0.319615E+02  -0.298099E+02   0.241107E-02   0.381032E-02   0.477482E-02   0.462932E-03   0.515122E-02   0.278115E+03  -0.623161E+02   0.000000E+00   0.340431E+03  -0.680862E+03
   0.422164E+02   0.349147E+02   0.406398E+02   0.519920E+02   0.515112E+02   0.228303E+02   0.274038E+01  -0.209037E+02  -0.441846E+02  -0.662885E+02  -0.306202E+02  -0.351968E+02  -0.307471E+02   0.513222E-02   0.188286E-02   0.479709E-03   0.673360E-02   0.178502E-02   0.278879E+03  -0.626422E+02   0.000000E+00   0.341521E+03  -0.683042E+03
   0.421753E+02   0.348892E+02   0.405064E+02   0.517125E+02   0.519525E+02   0.223720E+02   0.265679E+01  -0.185261E+02  -0.451165E+02  -0.676881E+02  -0.320571E+02  -0.341934E+02  -0.338888E+02   0.932870E-02   0.620901E-02   0.817162E-02   0.535684E-02   0.169036E-02   0.274000E+03  -0.633455E+02   0.000000E+00   0.337345E+03  -0.674691E+03
   0.422487E+02   0.346498E+02   0.387476E+02   0.545429E+02   0.519953E+02   0.212839E+02   0.302123E+01  -0.176445E+02  -0.444444E+02  -0.642525E+02  -0.320077E+02  -0.350598E+02  -0.331532E+02   0.527739E-03   0.137224E-01   0.133377E-02   0.535684E-02   0.195609E-02   0.277995E+03  -0.626281E+02   0.000000E+00   0.340623E+03  -0.681246E+03
   0.425887E+02   0.336141E+02   0.389857E+02   0.546251E+02   0.539190E+02   0.187927E+02   0.746256E-03  -0.162062E+02  -0.409576E+02  -0.689669E+02  -0.319301E+02  -0.339721E+02  -0.308806E+02   0.158827E-02   0.120865E-01   0.425999E-01   0.258700E-03   0.862553E-02   0.274005E+03  -0.682618E+02   0.000000E+00   0.342267E+03  -0.684534E+03
   0.425887E+02   0.346583E+02   0.403797E+02   0.548167E+02   0.543490E+02   0.228413E+02  -0.264074E+00  -0.190820E+02  -0.405865E+02  -0.641729E+02  -0.338167E+02  -0.296758E+02  -0.316576E+02   0.796499E-02   0.441498E-03   0.446555E-02   0.101120E-01   0.207475E-02   0.274158E+03  -0.628294E+02   0.000000E+00   0.336987E+03  -0.673975E+03
   0.426903E+02   0.342361E+02   0.384755E+02   0.556661E+02   0.533828E+02   0.257510E+02   0.436128E+01  -0.177485E+02  -0.418594E+02  -0.612757E+02  -0.345639E+02  -0.296342E+02  -0.359690E+02   0.961412E-02   0.271119E-02   0.596056E-03   0.430119E-02   0.122787E-01   0.271590E+03  -0.619387E+02   0.000000E+00   0.333529E+03  -0.667057E+03
   0.430075E+02   0.336654E+02   0.327588E+02   0.515308E+02   0.520154E+02   0.262155E+02   0.260330E+01  -0.136741E+02  -0.451884E+02  -0.653888E+02  -0.260879E+02  -0.315611E+02  -0.373464E+02   0.562701E-02   0.477405E-02   0.114846E-01   0.109870E-01   0.162007E-01   0.273301E+03  -0.647784E+02   0.000000E+00   0.338079E+03  -0.676159E+03
   0.433884E+02   0.328629E+02   0.301521E+02   0.477065E+02   0.516120E+02   0.252347E+02  -0.757531E+01  -0.166580E+02  -0.405053E+02  -0.662983E+02  -0.260879E+02  -0.251004E+02  -0.339708E+02   0.222913E-02   0.136833E-03   0.271437E-02   0.291228E-02   0.166744E-02   0.271570E+03  -0.641371E+02   0.000000E+00   0.335707E+03  -0.671414E+03
   0.446292E+02   0.324423E+02   0.265935E+02   0.457797E+02   0.527454E+02   0.252347E+02  -0.416813E+01  -0.170975E+02  -0.404351E+02  -0.670080E+02  -0.266199E+02  -0.259061E+02  -0.310770E+02   0.466301E-03   0.327360E-02   0.282240E-01   0.578250E-02   0.261491E-02   0.271871E+03  -0.673173E+02   0.000000E+00   0.339188E+03  -0.678377E+03
   0.440831E+02   0.317490E+02   0.280222E+02   0.463619E+02   0.527454E+02   0.221049E+02  -0.502382E+01  -0.180629E+02  -0.388434E+02  -0.673605E+02  -0.259265E+02  -0.283259E+02  -0.300589E+02   0.184046E-03   0.290737E-02   0.383754E-01   0.371629E-02   0.237453E-02   0.269379E+03  -0.682754E+02   0.000000E+00   0.337654E+03  -0.675309E+03
   0.440041E+02   0.318939E+02   0.272649E+02   0.468701E+02   0.530869E+02   0.200288E+02  -0.322030E+01  -0.223133E+02  -0.377876E+02  -0.609073E+02  -0.273869E+02  -0.300521E+02  -0.238417E+02   0.411519E-02   0.586184E-02   0.353956E-02   0.128110E-01   0.171943E-01   0.269312E+03  -0.675522E+02   0.000000E+00   0.336864E+03  -0.673728E+03
   0.437864E+02   0.323686E+02   0.309314E+02   0.468021E+02   0.495842E+02   0.194342E+02   0.803949E+00  -0.185002E+02  -0.396675E+02  -0.669789E+02  -0.261468E+02  -0.244849E+02  -0.231246E+02   0.853119E-02   0.710182E-02   0.165485E-01   0.597968E-02   0.885987E-03   0.270033E+03  -0.664702E+02   0.000000E+00   0.336503E+03  -0.673006E+03
   0.430826E+02   0.315979E+02   0.301052E+02   0.466734E+02   0.495842E+02   0.227845E+02   0.915599E+00  -0.163839E+02  -0.416200E+02  -0.612495E+02  -0.208463E+02  -0.287692E+02  -0.268503E+02   0.223195E-02   0.642076E-02   0.134637E-02   0.860839E-02   0.823535E-02   0.275872E+03  -0.633868E+02   0.000000E+00   0.339259E+03  -0.678518E+03
   0.425652E+02   0.326424E+02   0.301052E+02   0.433073E+02   0.494095E+02   0.247786E+02   0.131571E+00  -0.159581E+02  -0.398278E+02  -0.636076E+02  -0.274119E+02  -0.254241E+02  -0.271733E+02   0.578823E-02   0.520759E-02   0.134637E-02   0.207228E-01   0.331640E-01   0.271924E+03  -0.663038E+02   0.000000E+00   0.338228E+03  -0.676456E+03
   0.425652E+02   0.326424E+02   0.302008E+02   0.436835E+02   0.493363E+02   0.254579E+02   0.569937E+01  -0.190178E+02  -0.394987E+02  -0.608170E+02  -0.245513E+02  -0.268286E+02  -0.284529E+02   0.524300E-02   0.374930E-02   0.162362E-01   0.210135E-02   0.502427E-02   0.273648E+03  -0.626027E+02   0.000000E+00   0.336251E+03  -0.672501E+03
   0.424039E+02   0.320608E+02   0.303848E+02   0.458394E+02   0.489671E+02   0.239626E+02  -0.356321E+01  -0.193708E+02  -0.374393E+02  -0.628769E+02  -0.255946E+02  -0.262338E+02  -0.281227E+02   0.320086E-02   0.223779E-02   0.235063E-01   0.198869E-01   0.110263E-01   0.273799E+03  -0.665796E+02   0.000000E+00   0.340379E+03  -0.680757E+03
   0.422633E+02   0.320065E+02   0.302042E+02   0.470578E+02   0.491543E+02   0.251446E+02  -0.525764E+00  -0.205285E+02  -0.368217E+02  -0.578638E+02  -0.244806E+02  -0.281367E+02  -0.260687E+02   0.213099E-02   0.291329E-02   0.125549E-01   0.299095E-02   0.268428E-02   0.274626E+03  -0.620407E+02   0.000000E+00   0.336667E+03  -0.673333E+03
   0.416046E+02   0.323074E+02   0.324945E+02   0.455716E+02   0.504518E+02   0.238574E+02  -0.107821E+01  -0.226577E+02  -0.374536E+02  -0.551563E+02  -0.302398E+02  -0.287364E+02  -0.264845E+02   0.554448E-03   0.172862E-01   0.713262E-02   0.384634E-01   0.159359E-01   0.272912E+03  -0.674496E+02   0.000000E+00   0.340362E+03  -0.680723E+03
   0.411912E+02   0.315135E+02   0.344748E+02   0.464305E+02   0.505268E+02   0.214301E+02   0.383573E+01  -0.199525E+02  -0.367015E+02  -0.606694E+02  -0.288366E+02  -0.299316E+02  -0.286908E+02   0.247297E-02   0.310371E-01   0.144634E-01   0.465671E-01   0.199672E-02   0.271593E+03  -0.689338E+02   0.000000E+00   0.340527E+03  -0.681054E+03
   0.411912E+02   0.315462E+02   0.361815E+02   0.486262E+02   0.531032E+02   0.239503E+02   0.361768E+01  -0.186344E+02  -0.375566E+02  -0.558004E+02  -0.343437E+02  -0.288983E+02  -0.388460E+02   0.372312E-02   0.243869E-02   0.387248E-02   0.103696E-01   0.601029E-02   0.274681E+03  -0.601707E+02   0.000000E+00   0.334852E+03  -0.669703E+03
   0.410217E+02   0.309531E+02   0.336411E+02   0.484981E+02   0.528000E+02   0.261512E+02   0.251405E+01  -0.165931E+02  -0.325597E+02  -0.559496E+02  -0.316741E+02  -0.319922E+02  -0.301655E+02   0.730317E-02   0.255786E-02   0.449743E-02   0.716350E-02   0.298660E-01   0.274061E+03  -0.615112E+02   0.000000E+00   0.335572E+03  -0.671144E+03
   0.411102E+02   0.322432E+02   0.343609E+02   0.472092E+02   0.511976E+02   0.311135E+02  -0.169567E+01  -0.189431E+02  -0.332756E+02  -0.543790E+02  -0.311921E+02  -0.294817E+02  -0.301655E+02   0.690687E-02   0.112303E-01   0.295479E-02   0.962469E-02   0.184796E-01   0.274188E+03  -0.624026E+02   0.000000E+00   0.336591E+03  -0.673181E+03
   0.407112E+02   0.322432E+02   0.314288E+02   0.441295E+02   0.510293E+02   0.325316E+02  -0.124602E+00  -0.183464E+02  -0.316654E+02  -0.522168E+02  -0.250997E+02  -0.325993E+02  -0.298449E+02   0.109555E-01   0.179711E-01   0.791515E-04   0.603673E-03   0.606458E-02   0.275113E+03  -0.601573E+02   0.000000E+00   0.335270E+03  -0.670541E+03
   0.404350E+02   0.316158E+02   0.324730E+02   0.453464E+02   0.516923E+02   0.262792E+02   0.863184E+00  -0.188022E+02  -0.346006E+02  -0.527532E+02  -0.292761E+02  -0.304166E+02  -0.321865E+02   0.503038E-02   0.665175E-02   0.338310E-02   0.592663E-03   0.246139E-01   0.278374E+03  -0.609003E+02   0.000000E+00   0.339274E+03  -0.678549E+03
   0.413340E+02   0.311727E+02   0.307758E+02   0.477111E+02   0.513544E+02   0.293839E+02  -0.385845E+00  -0.154647E+02  -0.346825E+02  -0.552292E+02  -0.255928E+02  -0.313603E+02  -0.350255E+02   0.312585E-02   0.765694E-03   0.357027E-01   0.570293E-02   0.147662E-03   0.277316E+03  -0.619604E+02   0.000000E+00   0.339276E+03  -0.678553E+03
   0.413714E+02   0.311727E+02   0.328759E+02   0.482177E+02   0.523181E+02   0.268491E+02  -0.113214E+01  -0.155849E+02  -0.351252E+02  -0.581684E+02  -0.315545E+02  -0.339923E+02  -0.363164E+02   0.353270E-02   0.116887E-02   0.207528E-02   0.767084E-02   0.565390E-02   0.276950E+03  -0.591611E+02   0.000000E+00   0.336111E+03  -0.672222E+03
   0.415644E+02   0.326551E+02   0.316531E+02   0.501135E+02   0.523181E+02   0.289250E+02  -0.426514E+01  -0.150810E+02  -0.378434E+02  -0.564225E+02  -0.285136E+02  -0.334679E+02  -0.342465E+02   0.243906E-02   0.418045E-01   0.170444E-01   0.265117E-01   0.923697E-02   0.270343E+03  -0.687246E+02   0.000000E+00   0.339068E+03  -0.678135E+03
   0.422708E+02   0.331657E+02   0.355250E+02   0.494216E+02   0.542678E+02   0.297852E+02   0.358660E+01  -0.234757E+02  -0.378114E+02  -0.553805E+02  -0.278705E+02  -0.425042E+02  -0.307567E+02   0.871875E-02   0.284946E-01   0.168839E-01   0.735567E-02   0.119804E-01   0.270546E+03  -0.654422E+02   0.000000E+00   0.335988E+03  -0.671976E+03
   0.423446E+02   0.351454E+02   0.372232E+02   0.472265E+02   0.570257E+02   0.335550E+02   0.358660E+01  -0.246319E+02  -0.376290E+02  -0.544684E+02  -0.276149E+02  -0.400849E+02  -0.358729E+02   0.346007E-02   0.229350E-01   0.749845E-03   0.178463E-01   0.857209E-02   0.274773E+03  -0.641788E+02   0.000000E+00   0.338952E+03  -0.677904E+03
   0.422252E+02   0.352365E+02   0.372232E+02   0.504868E+02   0.569518E+02   0.311050E+02  -0.161849E+01  -0.264035E+02  -0.373646E+02  -0.533611E+02  -0.326755E+02  -0.412153E+02  -0.309062E+02   0.537800E-03   0.757605E-02   0.749845E-03   0.822398E-02   0.101465E-01   0.277662E+03  -0.622192E+02   0.000000E+00   0.339881E+03  -0.679762E+03
   0.424695E+02   0.348858E+02   0.337818E+02   0.458420E+02   0.549306E+02   0.327283E+02  -0.167623E+01  -0.272004E+02  -0.363421E+02  -0.528047E+02  -0.327216E+02  -0.353777E+02  -0.316764E+02   0.403922E-03   0.167872E-04   0.915563E-03   0.598523E-03   0.340969E-02   0.281516E+03  -0.600933E+02   0.000000E+00   0.341609E+03  -0.683219E+03
   0.424695E+02   0.349676E+02   0.335051E+02   0.463695E+02   0.547783E+02   0.361174E+02   0.707492E+00  -0.258316E+02  -0.368880E+02  -0.486633E+02  -0.326200E+02  -0.352313E+02  -0.377805E+02   0.197532E-02   0.655454E-02   0.800832E-02   0.103745E-01   0.179313E-01   0.274059E+03  -0.636443E+02   0.000000E+00   0.337703E+03  -0.675407E+03
   0.420555E+02   0.349676E+02   0.349232E+02   0.457256E+02   0.544328E+02   0.341309E+02  -0.137799E+01  -0.284395E+02  -0.347603E+02  -0.520396E+02  -0.313506E+02  -0.351414E+02  -0.326637E+02   0.420947E-02   0.438283E-02   0.688418E-02   0.234188E-01   0.178641E-02   0.276576E+03  -0.631080E+02   0.000000E+00   0.339684E+03  -0.679368E+03
   0.424461E+02   0.347062E+02   0.336214E+02   0.472344E+02   0.541850E+02   0.341407E+02  -0.443048E+01  -0.284522E+02  -0.367868E+02  -0.530088E+02  -0.305989E+02  -0.395350E+02  -0.331665E+02   0.641645E-02   0.301823E-03   0.177465E-01   0.311874E-01   0.224506E-01   0.272760E+03  -0.671526E+02   0.000000E+00   0.339913E+03  -0.679825E+03
   0.425026E+02   0.347062E+02   0.320604E+02   0.458910E+02   0.523881E+02   0.349773E+02  -0.477737E+01  -0.302684E+02  -0.374849E+02  -0.515881E+02  -0.312725E+02  -0.400906E+02  -0.315141E+02   0.704412E-02   0.655887E-02   0.519543E-02   0.135512E-01   0.224797E-01   0.273729E+03  -0.653308E+02   0.000000E+00   0.339060E+03  -0.678120E+03
   0.431161E+02   0.351934E+02   0.320604E+02   0.440062E+02   0.520238E+02   0.331638E+02  -0.202184E+01  -0.312598E+02  -0.397320E+02  -0.544170E+02  -0.373402E+02  -0.327155E+02  -0.284389E+02   0.274445E-02   0.175759E-01   0.327019E-01   0.275274E-01   0.992463E-02   0.266821E+03  -0.705571E+02   0.000000E+00   0.337378E+03  -0.674756E+03
   0.432821E+02   0.360281E+02   0.324223E+02   0.458538E+02   0.527453E+02   0.332614E+02   0.898564E+00  -0.290834E+02  -0.406553E+02  -0.503959E+02  -0.331349E+02  -0.344755E+02  -0.249964E+02   0.504514E-02   0.979244E-02   0.407506E-01   0.262633E-01   0.198156E-02   0.268229E+03  -0.687230E+02   0.000000E+00   0.336952E+03  -0.673904E+03
   0.432821E+02   0.354079E+02   0.331700E+02   0.482642E+02   0.527453E+02   0.321957E+02  -0.490947E+01  -0.255008E+02  -0.406334E+02  -0.559313E+02  -0.312169E+02  -0.338567E+02  -0.369792E+02   0.592542E-03   0.112067E-01   0.357405E-02   0.267938E-02   0.106949E-01   0.273891E+03  -0.648956E+02   0.000000E+00   0.338787E+03  -0.677573E+03
   0.429945E+02   0.348127E+02   0.341449E+02   0.481208E+02   0.549576E+02   0.313193E+02  -0.100908E+01  -0.246758E+02  -0.410247E+02  -0.580549E+02  -0.326595E+02  -0.343318E+02  -0.370313E+02   0.413940E-02   0.704843E-02   0.675471E-02   0.539419E-02   0.946912E-02   0.277692E+03  -0.633471E+02   0.000000E+00   0.341039E+03  -0.682078E+03
   0.423541E+02   0.348127E+02   0.362415E+02   0.498564E+02   0.540080E+02   0.308824E+02   0.471280E+00  -0.235484E+02  -0.377009E+02  -0.549986E+02  -0.296330E+02  -0.369748E+02  -0.316847E+02   0.514264E-03   0.736981E-02   0.121019E-03   0.248541E-02   0.103816E-01   0.279837E+03  -0.611405E+02   0.000000E+00   0.340977E+03  -0.681955E+03
   0.427740E+02   0.348812E+02   0.340475E+02   0.487133E+02   0.540080E+02   0.286818E+02  -0.505112E+01  -0.235484E+02  -0.354147E+02  -0.615392E+02  -0.341437E+02  -0.345443E+02  -0.292514E+02   0.349453E-02   0.914575E-02   0.155970E-02   0.250591E-02   0.871914E-03   0.278139E+03  -0.620499E+02   0.000000E+00   0.340189E+03  -0.680378E+03
   0.432068E+02   0.347935E+02   0.331780E+02   0.506406E+02   0.575513E+02   0.286375E+02  -0.347300E+01  -0.207330E+02  -0.396589E+02  -0.584165E+02  -0.296911E+02  -0.412206E+02  -0.297195E+02   0.170655E-02   0.890038E-02   0.138863E-02   0.517327E-04   0.355240E-02   0.273943E+03  -0.617657E+02   0.000000E+00   0.335709E+03  -0.671417E+03
   0.435777E+02   0.340317E+02   0.310306E+02   0.507388E+02   0.546652E+02   0.307821E+02   0.527431E+00  -0.204937E+02  -0.424419E+02  -0.547974E+02  -0.302015E+02  -0.336012E+02  -0.373222E+02   0.102784E-02   0.658645E-02   0.207332E-01   0.517327E-04   0.242507E-03   0.275493E+03  -0.634724E+02   0.000000E+00   0.338965E+03  -0.677931E+03
   0.424313E+02   0.329976E+02   0.339924E+02   0.495209E+02   0.503173E+02   0.281958E+02   0.494059E+00  -0.185942E+02  -0.422331E+02  -0.581108E+02  -0.309172E+02  -0.354778E+02  -0.339472E+02   0.680071E-02   0.477233E-02   0.289855E-02   0.109001E-01   0.242507E-03   0.274577E+03  -0.608034E+02   0.000000E+00   0.335380E+03  -0.670761E+03
   0.421080E+02   0.339190E+02   0.339924E+02   0.496557E+02   0.485818E+02   0.275170E+02  -0.324804E+01  -0.172434E+02  -0.438126E+02  -0.607684E+02  -0.303261E+02  -0.294884E+02  -0.341511E+02   0.558239E-02   0.158548E-01   0.215054E-02   0.434418E-04   0.631693E-03   0.275417E+03  -0.636350E+02   0.000000E+00   0.339052E+03  -0.678104E+03
   0.417543E+02   0.333037E+02   0.352012E+02   0.495460E+02   0.480644E+02   0.278938E+02  -0.379462E+00  -0.172847E+02  -0.438126E+02  -0.606872E+02  -0.296466E+02  -0.326454E+02  -0.341511E+02   0.114118E-02   0.122159E-01   0.358194E-02   0.920554E-02   0.442387E-03   0.277953E+03  -0.623464E+02   0.000000E+00   0.340299E+03  -0.680599E+03
   0.408722E+02   0.342342E+02   0.355431E+02   0.497793E+02   0.501949E+02   0.233490E+02  -0.753024E+00  -0.150195E+02  -0.417627E+02  -0.624009E+02  -0.305566E+02  -0.307791E+02  -0.310879E+02   0.117721E-02   0.116336E-01   0.189310E-01   0.643953E-02   0.249253E-01   0.272820E+03  -0.659086E+02   0.000000E+00   0.338729E+03  -0.677457E+03
   0.410801E+02   0.336691E+02   0.348984E+02   0.488414E+02   0.455684E+02   0.229086E+02   0.269064E+01  -0.173229E+02  -0.431492E+02  -0.638975E+02  -0.299472E+02  -0.311111E+02  -0.280712E+02   0.590440E-02   0.108503E-01   0.713451E-02   0.989091E-03   0.919876E-02   0.275591E+03  -0.625578E+02   0.000000E+00   0.338149E+03  -0.676298E+03
   0.411595E+02   0.327789E+02   0.343776E+02   0.474809E+02   0.490994E+02   0.230576E+02  -0.206542E+01  -0.187895E+02  -0.391494E+02  -0.598825E+02  -0.349440E+02  -0.304885E+02  -0.271097E+02   0.172037E-02   0.185692E-01   0.282362E-01   0.520553E-02   0.314860E-02   0.275792E+03  -0.650923E+02   0.000000E+00   0.340884E+03  -0.681769E+03
   0.399098E+02   0.334497E+02   0.377857E+02   0.488174E+02   0.441936E+02   0.199426E+02  -0.105878E+01  -0.149849E+02  -0.399823E+02  -0.641144E+02  -0.331149E+02  -0.282160E+02  -0.214133E+02   0.353961E-02   0.240295E-01   0.248456E-01   0.484479E-02   0.872190E-02   0.272874E+03  -0.662787E+02   0.000000E+00   0.339153E+03  -0.678305E+03
   0.400212E+02   0.334497E+02   0.374394E+02   0.532893E+02   0.431887E+02   0.177380E+02  -0.190467E+01  -0.118653E+02  -0.433269E+02  -0.658942E+02  -0.387131E+02  -0.265794E+02  -0.223336E+02   0.465299E-02   0.468607E-02   0.191120E-02   0.158320E-01   0.620830E-02   0.274967E+03  -0.650117E+02   0.000000E+00   0.339979E+03  -0.679957E+03
   0.401374E+02   0.334497E+02   0.370665E+02   0.517083E+02   0.425443E+02   0.218903E+02  -0.128180E+01  -0.113030E+02  -0.439719E+02  -0.655963E+02  -0.326550E+02  -0.287081E+02  -0.235828E+02   0.754917E-02   0.468607E-02   0.643022E-02   0.558814E-02   0.267451E-03   0.274950E+03  -0.623290E+02   0.000000E+00   0.337279E+03  -0.674558E+03
   0.407102E+02   0.334497E+02   0.348868E+02   0.506022E+02   0.430509E+02   0.206982E+02   0.935549E+00  -0.134170E+02  -0.432381E+02  -0.639720E+02  -0.334293E+02  -0.228743E+02  -0.225651E+02   0.165447E-02   0.574886E-02   0.146955E-01   0.130028E-01   0.690947E-02   0.275524E+03  -0.651967E+02   0.000000E+00   0.340721E+03  -0.681441E+03
   0.400517E+02   0.329811E+02   0.371799E+02   0.513971E+02   0.430055E+02   0.195948E+02  -0.376896E+01  -0.185410E+02  -0.401214E+02  -0.643261E+02  -0.353878E+02  -0.245030E+02  -0.217007E+02   0.195627E-02   0.649633E-02   0.445713E-02   0.268901E-03   0.813488E-03   0.275401E+03  -0.630337E+02   0.000000E+00   0.338435E+03  -0.676869E+03
   0.398268E+02   0.329356E+02   0.377827E+02   0.480040E+02   0.436435E+02   0.197215E+02   0.534184E+00  -0.135525E+02  -0.387050E+02  -0.644665E+02  -0.369775E+02  -0.193636E+02  -0.195980E+02   0.258007E-02   0.467893E-01   0.859272E-02   0.268901E-03   0.920726E-03   0.271629E+03  -0.662282E+02   0.000000E+00   0.337857E+03  -0.675714E+03
   0.398932E+02   0.316756E+02   0.356014E+02   0.474980E+02   0.454449E+02   0.235074E+02   0.175797E+01  -0.133585E+02  -0.382500E+02  -0.593113E+02  -0.312078E+02  -0.277572E+02  -0.311881E+02   0.354157E-02   0.116131E-01   0.132969E-01   0.109821E-01   0.152251E-01   0.273424E+03  -0.629068E+02   0.000000E+00   0.336331E+03  -0.672662E+03
   0.387069E+02   0.304291E+02   0.329646E+02   0.467273E+02   0.451812E+02   0.207573E+02  -0.303905E+00  -0.152513E+02  -0.340385E+02  -0.597621E+02  -0.305172E+02  -0.276969E+02  -0.266192E+02   0.260731E-02   0.153569E-01   0.125955E-01   0.218778E-02   0.226795E-02   0.277973E+03  -0.608489E+02   0.000000E+00   0.338822E+03  -0.677644E+03
   0.389866E+02   0.306261E+02   0.351172E+02   0.478807E+02   0.444085E+02   0.262055E+02  -0.341845E+01  -0.147109E+02  -0.333060E+02  -0.588344E+02  -0.313129E+02  -0.275506E+02  -0.260620E+02   0.659202E-02   0.694107E-02   0.403380E-02   0.221925E-01   0.124994E-02   0.274479E+03  -0.609922E+02   0.000000E+00   0.335471E+03  -0.670942E+03
   0.394189E+02   0.306261E+02   0.358109E+02   0.484614E+02   0.447961E+02   0.225424E+02  -0.270304E+00  -0.155825E+02  -0.336534E+02  -0.581540E+02  -0.315837E+02  -0.341300E+02  -0.242658E+02   0.514218E-02   0.239371E-01   0.667272E-02   0.831026E-02   0.271617E-01   0.272871E+03  -0.635720E+02   0.000000E+00   0.336443E+03  -0.672886E+03
   0.389543E+02   0.310253E+02   0.357115E+02   0.488045E+02   0.467185E+02   0.200201E+02  -0.893601E+00  -0.174892E+02  -0.346466E+02  -0.585549E+02  -0.367177E+02  -0.296324E+02  -0.275639E+02   0.282202E-02   0.151425E-01   0.109508E-01   0.101207E-01   0.136004E-01   0.277289E+03  -0.632024E+02   0.000000E+00   0.340491E+03  -0.680983E+03
   0.390508E+02   0.301717E+02   0.338838E+02   0.476757E+02   0.449238E+02   0.211828E+02  -0.110654E+01  -0.139189E+02  -0.364303E+02  -0.555249E+02  -0.369089E+02  -0.297660E+02  -0.240009E+02   0.294406E-02   0.232178E-01   0.760191E-02   0.413844E-04   0.896014E-03   0.276550E+03  -0.606728E+02   0.000000E+00   0.337223E+03  -0.674446E+03
   0.392217E+02   0.297214E+02   0.341845E+02   0.522944E+02   0.436459E+02   0.189576E+02   0.292775E+01  -0.884183E+01  -0.364303E+02  -0.605152E+02  -0.283958E+02  -0.280685E+02  -0.296895E+02   0.225420E-02   0.119162E-01   0.105139E-01   0.608143E-02   0.864984E-02   0.275798E+03  -0.612669E+02   0.000000E+00   0.337065E+03  -0.674130E+03
   0.385756E+02   0.290508E+02   0.340014E+02   0.504848E+02   0.455060E+02   0.219119E+02   0.341673E+01  -0.100820E+02  -0.347506E+02  -0.518563E+02  -0.260639E+02  -0.298656E+02  -0.293718E+02   0.976087E-03   0.805883E-02   0.118968E-01   0.237691E-01   0.306755E-01   0.271969E+03  -0.641670E+02   0.000000E+00   0.336136E+03  -0.672272E+03
   0.385583E+02   0.294089E+02   0.358177E+02   0.452966E+02   0.436041E+02   0.200175E+02   0.176958E+01  -0.151357E+02  -0.349086E+02  -0.574668E+02  -0.280098E+02  -0.309580E+02  -0.255630E+02   0.597548E-02   0.177968E-01   0.349100E-01   0.105216E-01   0.109312E-01   0.272213E+03  -0.645774E+02   0.000000E+00   0.336790E+03  -0.673581E+03
   0.380049E+02   0.294476E+02   0.342506E+02   0.458898E+02   0.417204E+02   0.222879E+02   0.316420E+01  -0.145857E+02  -0.363513E+02  -0.536067E+02  -0.282159E+02  -0.315707E+02  -0.233663E+02   0.354270E-02   0.708672E-03   0.424473E-02   0.422259E-01   0.357857E-01   0.273690E+03  -0.642974E+02   0.000000E+00   0.337987E+03  -0.675975E+03
   0.390794E+02   0.307659E+02   0.323430E+02   0.431739E+02   0.462950E+02   0.217019E+02  -0.810809E+00  -0.176306E+02  -0.351410E+02  -0.568936E+02  -0.333364E+02  -0.316466E+02  -0.212333E+02   0.403929E-02   0.977894E-02   0.198821E-01   0.243132E-02   0.144009E-01   0.274657E+03  -0.625139E+02   0.000000E+00   0.337171E+03  -0.674342E+03
   0.400494E+02   0.312691E+02   0.321237E+02   0.467905E+02   0.460466E+02   0.195024E+02  -0.419519E+01  -0.185898E+02  -0.367191E+02  -0.574795E+02  -0.310519E+02  -0.318596E+02  -0.190937E+02   0.511308E-03   0.147151E-02   0.378630E-02   0.482314E-02   0.380360E-01   0.275604E+03  -0.644239E+02   0.000000E+00   0.340028E+03  -0.680056E+03
   0.408500E+02   0.334603E+02   0.348833E+02   0.485489E+02   0.492301E+02   0.203552E+02  -0.271074E+01  -0.185708E+02  -0.376029E+02  -0.611469E+02  -0.388782E+02  -0.314791E+02  -0.175823E+02   0.220494E-02   0.199497E-01   0.401885E-02   0.114271E-01   0.121266E-01   0.272329E+03  -0.650375E+02   0.000000E+00   0.337367E+03  -0.674733E+03
   0.412627E+02   0.331786E+02   0.370888E+02   0.507694E+02   0.517331E+02   0.197807E+02  -0.417913E+01  -0.217219E+02  -0.358517E+02  -0.573737E+02  -0.443446E+02  -0.260960E+02  -0.243297E+02   0.510475E-02   0.812041E-02   0.113274E-01   0.136767E-02   0.951853E-02   0.270254E+03  -0.640190E+02   0.000000E+00   0.334273E+03  -0.668546E+03
   0.413244E+02   0.326934E+02   0.401746E+02   0.507694E+02   0.522012E+02   0.246635E+02   0.814064E+00  -0.221034E+02  -0.331104E+02  -0.605744E+02  -0.337419E+02  -0.382290E+02  -0.254286E+02   0.255356E-02   0.607486E-02   0.473522E-02   0.262028E-02   0.193250E-01   0.275405E+03  -0.635857E+02   0.000000E+00   0.338991E+03  -0.677981E+03
   0.413778E+02   0.337208E+02   0.402188E+02   0.509375E+02   0.532295E+02   0.326942E+02  -0.565061E+00  -0.191490E+02  -0.297108E+02  -0.585310E+02  -0.324708E+02  -0.408912E+02  -0.212204E+02   0.272337E-02   0.919687E-02   0.666795E-02   0.870255E-02   0.112874E-01   0.268220E+03  -0.641753E+02   0.000000E+00   0.332395E+03  -0.664791E+03
   0.408757E+02   0.336212E+02   0.396329E+02   0.509375E+02   0.532295E+02   0.307199E+02  -0.404057E+01  -0.300191E+02  -0.289222E+02  -0.524798E+02  -0.426237E+02  -0.421888E+02  -0.332093E+02   0.624496E-02   0.769742E-03   0.579535E-02   0.458816E-02   0.226690E-01   0.271600E+03  -0.620202E+02   0.000000E+00   0.333620E+03  -0.667240E+03
   0.410522E+02   0.328930E+02   0.389037E+02   0.508890E+02   0.513620E+02   0.281016E+02   0.261425E+00  -0.300191E+02  -0.324702E+02  -0.471539E+02  -0.388302E+02  -0.489324E+02  -0.225496E+02   0.143733E-02   0.204995E-01   0.925676E-02   0.127058E-02   0.530674E-02   0.268195E+03  -0.629996E+02   0.000000E+00   0.331195E+03  -0.662389E+03
   0.397545E+02   0.323189E+02   0.381347E+02   0.527230E+02   0.484065E+02   0.275615E+02  -0.940991E+00  -0.196015E+02  -0.362839E+02  -0.501764E+02  -0.326192E+02  -0.450384E+02  -0.317951E+02   0.321040E-02   0.576875E-02   0.437749E-02   0.127058E-02   0.237350E-02   0.275818E+03  -0.578597E+02   0.000000E+00   0.333678E+03  -0.667355E+03
   0.406833E+02   0.341829E+02   0.398165E+02   0.526009E+02   0.488186E+02   0.251086E+02   0.611353E+00  -0.215684E+02  -0.405421E+02  -0.576881E+02  -0.332426E+02  -0.366651E+02  -0.288620E+02   0.361172E-02   0.487426E-02   0.739267E-02   0.818370E-03   0.343582E-02   0.280047E+03  -0.605165E+02   0.000000E+00   0.340563E+03  -0.681127E+03
   0.412668E+02   0.349079E+02   0.370984E+02   0.510065E+02   0.487097E+02   0.268498E+02  -0.878441E+00  -0.199238E+02  -0.407776E+02  -0.585949E+02  -0.373840E+02  -0.317982E+02  -0.251654E+02   0.381735E-03   0.604544E-02   0.130786E-02   0.167214E-01   0.202739E-01   0.277156E+03  -0.640185E+02   0.000000E+00   0.341174E+03  -0.682349E+03
   0.410415E+02   0.344624E+02   0.356171E+02   0.516862E+02   0.480375E+02   0.201725E+02  -0.770946E+01  -0.171643E+02  -0.401094E+02  -0.623619E+02  -0.364088E+02  -0.296591E+02  -0.229131E+02   0.474469E-02   0.114059E-01   0.989935E-02   0.500990E-02   0.475930E-02   0.274809E+03  -0.653741E+02   0.000000E+00   0.340183E+03  -0.680366E+03
   0.401743E+02   0.335545E+02   0.361964E+02   0.516862E+02   0.474194E+02   0.220273E+02  -0.204250E+01  -0.133377E+02  -0.393550E+02  -0.650303E+02  -0.356648E+02  -0.277327E+02  -0.282250E+02   0.150283E-02   0.166997E-01   0.268368E-01   0.337573E-01   0.924373E-02   0.273343E+03  -0.687995E+02   0.000000E+00   0.342142E+03  -0.684285E+03
   0.407351E+02   0.333082E+02   0.371621E+02   0.512739E+02   0.464733E+02   0.218926E+02  -0.320223E+01  -0.181045E+02  -0.391259E+02  -0.614510E+02  -0.320810E+02  -0.289157E+02  -0.234896E+02   0.762980E-02   0.803663E-02   0.290276E-02   0.110565E-01   0.153903E-02   0.276828E+03  -0.625900E+02   0.000000E+00   0.339418E+03  -0.678836E+03
   0.408261E+02   0.324813E+02   0.318249E+02   0.506118E+02   0.476173E+02   0.218951E+02  -0.266780E+01  -0.157177E+02  -0.368138E+02  -0.563734E+02  -0.320810E+02  -0.315263E+02  -0.209664E+02   0.430902E-02   0.122400E-01   0.328784E-02   0.786737E-02   0.353836E-02   0.274784E+03  -0.615279E+02   0.000000E+00   0.336312E+03  -0.672624E+03
   0.415742E+02   0.326653E+02   0.342369E+02   0.497545E+02   0.502709E+02   0.183422E+02  -0.382361E+01  -0.210981E+02  -0.360060E+02  -0.636652E+02  -0.335806E+02  -0.320539E+02  -0.187785E+02   0.307511E-02   0.124578E-01   0.106374E-01   0.187292E-01   0.862304E-02   0.272761E+03  -0.676966E+02   0.000000E+00   0.340458E+03  -0.680915E+03
   0.414088E+02   0.321697E+02   0.356700E+02   0.531458E+02   0.497799E+02   0.171482E+02  -0.859654E+01  -0.150234E+02  -0.355276E+02  -0.649838E+02  -0.394864E+02  -0.312304E+02  -0.195298E+02   0.121287E-01   0.231141E-02   0.165418E-01   0.251767E-01   0.277090E-01   0.267460E+03  -0.689888E+02   0.000000E+00   0.336449E+03  -0.672898E+03
   0.415161E+02   0.321697E+02   0.309828E+02   0.538786E+02   0.492185E+02   0.182546E+02  -0.734736E+01  -0.117240E+02  -0.359912E+02  -0.649838E+02  -0.359201E+02  -0.291485E+02  -0.217009E+02   0.433745E-02   0.117637E-02   0.124857E-02   0.117061E-01   0.376447E-02   0.275537E+03  -0.630883E+02   0.000000E+00   0.338625E+03  -0.677251E+03
   0.408128E+02   0.306522E+02   0.311501E+02   0.493567E+02   0.470339E+02   0.153347E+02  -0.947124E+01  -0.102740E+02  -0.321407E+02  -0.684595E+02  -0.347790E+02  -0.231448E+02  -0.185447E+02   0.698737E-02   0.265627E-02   0.424803E-02   0.319635E-02   0.376447E-02   0.278085E+03  -0.632726E+02   0.000000E+00   0.341358E+03  -0.682715E+03
   0.407067E+02   0.313458E+02   0.332470E+02   0.498579E+02   0.474693E+02   0.160281E+02  -0.115944E+02  -0.101205E+02  -0.338710E+02  -0.670308E+02  -0.352797E+02  -0.251894E+02  -0.206763E+02   0.615639E-02   0.388001E-03   0.576056E-02   0.323096E-02   0.912689E-02   0.271307E+03  -0.640938E+02   0.000000E+00   0.335401E+03  -0.670802E+03
   0.407067E+02   0.312495E+02   0.328655E+02   0.496045E+02   0.476805E+02   0.189961E+02  -0.711727E+01  -0.114540E+02  -0.333826E+02  -0.635414E+02  -0.340073E+02  -0.256508E+02  -0.206697E+02   0.534395E-02   0.999712E-02   0.941383E-02   0.202933E-02   0.382582E-02   0.277915E+03  -0.625507E+02   0.000000E+00   0.340466E+03  -0.680931E+03
   0.407095E+02   0.307313E+02   0.309141E+02   0.496045E+02   0.471997E+02   0.177759E+02  -0.702326E+01  -0.109207E+02  -0.341918E+02  -0.636400E+02  -0.324493E+02  -0.278748E+02  -0.204939E+02   0.895290E-02   0.561121E-02   0.307979E-02   0.899974E-02   0.121340E-01   0.275611E+03  -0.629799E+02   0.000000E+00   0.338591E+03  -0.677182E+03
   0.407095E+02   0.315277E+02   0.319420E+02   0.511110E+02   0.467919E+02   0.181418E+02  -0.626231E+01  -0.121138E+02  -0.354359E+02  -0.646495E+02  -0.340340E+02  -0.292138E+02  -0.196069E+02   0.880746E-02   0.851626E-03   0.762572E-02   0.152804E-02   0.182562E-01   0.274888E+03  -0.630914E+02   0.000000E+00   0.337979E+03  -0.675959E+03
   0.411608E+02   0.323594E+02   0.329027E+02   0.510081E+02   0.492279E+02   0.169567E+02  -0.247747E+01  -0.114615E+02  -0.333941E+02  -0.649837E+02  -0.359970E+02  -0.289279E+02  -0.149849E+02   0.421514E-02   0.851626E-03   0.223368E-01   0.913907E-03   0.191470E-01   0.270097E+03  -0.649938E+02   0.000000E+00   0.335091E+03  -0.670182E+03
   0.411608E+02   0.322601E+02   0.365924E+02   0.510081E+02   0.492279E+02   0.172187E+02   0.126480E+01  -0.120561E+02  -0.352975E+02  -0.645178E+02  -0.321057E+02  -0.223122E+02  -0.192623E+02   0.421514E-02   0.217770E-01   0.819965E-02   0.913907E-03   0.230837E-02   0.274419E+03  -0.650509E+02   0.000000E+00   0.339470E+03  -0.678940E+03
   0.411608E+02   0.328045E+02   0.365924E+02   0.505389E+02   0.489646E+02   0.200126E+02   0.611191E+00  -0.131860E+02  -0.334416E+02  -0.627106E+02  -0.301856E+02  -0.261328E+02  -0.178639E+02   0.967211E-03   0.270956E-01   0.140505E-01   0.288342E-01   0.152687E-01   0.269409E+03  -0.703039E+02   0.000000E+00   0.339713E+03  -0.679426E+03
   0.407235E+02   0.330446E+02   0.340782E+02   0.476735E+02   0.479557E+02   0.194640E+02  -0.459303E+01  -0.120161E+02  -0.307907E+02  -0.620188E+02  -0.370617E+02  -0.133032E+02  -0.162919E+02   0.503752E-02   0.107279E-01   0.759935E-02   0.554267E-02   0.525878E-04   0.271798E+03  -0.655327E+02   0.000000E+00   0.337331E+03  -0.674661E+03
   0.410566E+02   0.334220E+02   0.329899E+02   0.452751E+02   0.465465E+02   0.166607E+02  -0.100972E+02  -0.138563E+02  -0.348261E+02  -0.671752E+02  -0.420331E+02  -0.184383E+02  -0.130722E+02   0.307515E-02   0.918686E-03   0.280577E-01   0.733229E-02   0.304427E-02   0.268668E+03  -0.677655E+02   0.000000E+00   0.336434E+03  -0.672867E+03
   0.406791E+02   0.331756E+02   0.322337E+02   0.498963E+02   0.442959E+02   0.166607E+02  -0.913946E+01  -0.115303E+02  -0.343804E+02  -0.666287E+02  -0.407458E+02  -0.203746E+02  -0.102629E+02   0.110797E-02   0.107546E-01   0.301633E-01   0.161196E-02   0.321836E-02   0.272300E+03  -0.676172E+02   0.000000E+00   0.339917E+03  -0.679834E+03
   0.401596E+02   0.316054E+02   0.324577E+02   0.459218E+02   0.444983E+02   0.181822E+02  -0.302193E+01  -0.113021E+02  -0.346973E+02  -0.642227E+02  -0.378987E+02  -0.207775E+02  -0.170350E+02   0.619935E-03   0.115689E-01   0.150868E-01   0.149798E-01   0.531066E-02   0.275147E+03  -0.646218E+02   0.000000E+00   0.339769E+03  -0.679538E+03
   0.394302E+02   0.316054E+02   0.344239E+02   0.450382E+02   0.442841E+02   0.191536E+02  -0.352408E+01  -0.154690E+02  -0.305203E+02  -0.644072E+02  -0.381061E+02  -0.227810E+02  -0.155509E+02   0.382852E-02   0.348513E-02   0.245865E-01   0.165455E-01   0.121377E-01   0.275623E+03  -0.654146E+02   0.000000E+00   0.341038E+03  -0.682075E+03
   0.393671E+02   0.316079E+02   0.348828E+02   0.463769E+02   0.430842E+02   0.212265E+02  -0.308176E+01  -0.138557E+02  -0.328226E+02  -0.637986E+02  -0.356777E+02  -0.220596E+02  -0.183456E+02   0.574472E-03   0.579129E-02   0.568817E-02   0.787765E-02   0.966710E-02   0.279438E+03  -0.620479E+02   0.000000E+00   0.341486E+03  -0.682972E+03
   0.389881E+02   0.315101E+02   0.346131E+02   0.454433E+02   0.440811E+02   0.210714E+02  -0.600595E+00  -0.117517E+02  -0.358839E+02  -0.602778E+02  -0.285191E+02  -0.225952E+02  -0.199190E+02   0.574472E-03   0.569160E-02   0.156853E-01   0.175515E-02   0.130411E-02   0.276301E+03  -0.613278E+02   0.000000E+00   0.337629E+03  -0.675258E+03
   0.395365E+02   0.306559E+02   0.346131E+02   0.439289E+02   0.412156E+02   0.228124E+02   0.698363E+01  -0.143555E+02  -0.362267E+02  -0.599247E+02  -0.285991E+02  -0.240280E+02  -0.207736E+02   0.574472E-03   0.114421E-01   0.742021E-03   0.146716E-01   0.156081E-01   0.275869E+03  -0.619480E+02   0.000000E+00   0.337817E+03  -0.675634E+03
   0.400018E+02   0.312321E+02   0.352138E+02   0.461501E+02   0.403324E+02   0.202779E+02   0.299576E+01  -0.166879E+02  -0.368082E+02  -0.617886E+02  -0.347735E+02  -0.252639E+02  -0.180022E+02   0.678541E-02   0.251043E-03   0.742021E-03   0.554922E-02   0.373497E-01   0.270814E+03  -0.630656E+02   0.000000E+00   0.333880E+03  -0.667759E+03
   0.400018E+02   0.312925E+02   0.342713E+02   0.483724E+02   0.421025E+02   0.205632E+02  -0.400807E+01  -0.149864E+02  -0.362133E+02  -0.646574E+02  -0.342375E+02  -0.247600E+02  -0.215414E+02   0.110221E-01   0.333469E-03   0.740051E-02   0.566403E-03   0.214945E-01   0.275187E+03  -0.629615E+02   0.000000E+00   0.338148E+03  -0.676297E+03
   0.396621E+02   0.312925E+02   0.344557E+02   0.492236E+02   0.436132E+02   0.194362E+02   0.330432E+01  -0.131201E+02  -0.378412E+02  -0.619218E+02  -0.298507E+02  -0.258432E+02  -0.209940E+02   0.629727E-02   0.699509E-02   0.147523E-02   0.659633E-03   0.178312E-01   0.276302E+03  -0.612976E+02   0.000000E+00   0.337600E+03  -0.675199E+03
   0.396933E+02   0.319637E+02   0.347595E+02   0.475864E+02   0.442827E+02   0.174500E+02   0.215833E+01  -0.149158E+02  -0.384127E+02  -0.637071E+02  -0.330244E+02  -0.223552E+02  -0.209908E+02   0.344625E-02   0.853361E-03   0.940646E-02   0.837110E-02   0.900629E-02   0.275849E+03  -0.625614E+02   0.000000E+00   0.338410E+03  -0.676821E+03
   0.402930E+02   0.329974E+02   0.337327E+02   0.470510E+02   0.485947E+02   0.235500E+02  -0.436588E+01  -0.187128E+02  -0.346439E+02  -0.567198E+02  -0.395433E+02  -0.259661E+02  -0.217261E+02   0.189888E-02   0.824456E-02   0.483442E-02   0.938147E-02   0.946101E-04   0.279401E+03  -0.617717E+02   0.000000E+00   0.341173E+03  -0.682345E+03
   0.402930E+02   0.329974E+02   0.349405E+02   0.445467E+02   0.475105E+02   0.256570E+02  -0.701298E+01  -0.231142E+02  -0.307853E+02  -0.596989E+02  -0.426252E+02  -0.259068E+02  -0.205044E+02   0.323944E-02   0.216811E-03   0.370275E-02   0.641825E-02   0.131268E-03   0.278303E+03  -0.612907E+02   0.000000E+00   0.339594E+03  -0.679187E+03
   0.398616E+02   0.311991E+02   0.323462E+02   0.442732E+02   0.471980E+02   0.235961E+02  -0.512535E+01  -0.182289E+02  -0.303143E+02  -0.588673E+02  -0.370940E+02  -0.262741E+02  -0.203027E+02   0.713638E-02   0.723415E-02   0.176976E-02   0.349451E-03   0.452806E-02   0.280548E+03  -0.598674E+02   0.000000E+00   0.340415E+03  -0.680831E+03
   0.396363E+02   0.310124E+02   0.333882E+02   0.448814E+02   0.436623E+02   0.215101E+02  -0.446761E+01  -0.185177E+02  -0.296870E+02  -0.603069E+02  -0.412985E+02  -0.289124E+02  -0.115330E+02   0.751476E-02   0.188890E-01   0.176976E-02   0.207672E-01   0.452806E-02   0.272569E+03  -0.637264E+02   0.000000E+00   0.336295E+03  -0.672591E+03
