Kmin_MC_Up_a0  Kmin_MC_Up_a1  Kmin_MC_Up_a2  Kmin_MC_Up_a3  Kmin_MC_Up_a4  Kmin_TR_a0     Kmin_TR_a1     Kmin_TR_a2     Kmin_TR_a3     Kmin_TR_a4     Y1_intercept   Y2_intercept   Y3_intercept   Y4_intercept   Y5_intercept   LogPost        LogPrior       LogHyper       LogLkh         Deviance       
   0.345097E+02  -0.124095E+01  -0.602886E+01   0.109168E+00   0.225196E+01   0.302377E+02  -0.307249E+01  -0.517320E+01  -0.168612E+01   0.115494E+01   0.194680E-01   0.108723E-01   0.312085E-02   0.240148E-02   0.138039E-02  -0.433084E+02   0.166432E+02   0.000000E+00  -0.599516E+02   0.119903E+03
   0.342039E+02  -0.174295E+00  -0.544011E+01  -0.357150E+01   0.757366E+01   0.288078E+02  -0.144623E+01  -0.537016E+01  -0.763785E+01  -0.491956E+01   0.427985E-02   0.906207E-02   0.151299E-01   0.164318E-01   0.283460E-02  -0.460237E+02   0.140748E+02   0.000000E+00  -0.600985E+02   0.120197E+03
   0.327098E+02   0.677735E+00  -0.551948E+00  -0.138265E+01   0.737714E+01   0.290055E+02  -0.204306E+01  -0.285765E+01   0.291290E+01   0.549851E+01   0.143648E-01   0.460106E-02   0.160148E-02   0.745652E-02   0.942901E-02  -0.411922E+02   0.161119E+02   0.000000E+00  -0.573041E+02   0.114608E+03
   0.337725E+02  -0.692912E+00  -0.264922E+01  -0.263169E+01   0.356801E+01   0.290356E+02  -0.323632E+00  -0.563947E+00   0.109065E+01  -0.791984E+01   0.176402E-01   0.578124E-02   0.622330E-02   0.211439E-01   0.786365E-02  -0.430705E+02   0.143195E+02   0.000000E+00  -0.573900E+02   0.114780E+03
   0.326251E+02  -0.343657E+01   0.359154E+01  -0.327437E+01  -0.704943E+00   0.307391E+02   0.210653E+01   0.549972E+01   0.698889E+01  -0.216000E+01   0.114404E-01   0.718125E-02   0.487812E-02   0.502338E-01   0.106960E-02  -0.516975E+02   0.120844E+02   0.000000E+00  -0.637819E+02   0.127564E+03
   0.313156E+02   0.199667E+01   0.155388E+01  -0.291051E+01   0.195775E+01   0.273511E+02   0.459856E+01   0.702602E+01   0.137635E+01  -0.821150E+01   0.186669E-01   0.658373E-02   0.124587E-01   0.504218E-02   0.949604E-02  -0.488813E+02   0.150626E+02   0.000000E+00  -0.639439E+02   0.127888E+03
   0.325692E+02   0.946829E+00   0.791156E+00  -0.395898E+01   0.647106E+01   0.305289E+02   0.274199E+01  -0.290959E+01  -0.589338E+01  -0.431398E+01   0.885490E-03   0.331050E-02   0.130898E-01   0.591010E-02   0.482095E-01  -0.488321E+02   0.113687E+02   0.000000E+00  -0.602008E+02   0.120402E+03
   0.343392E+02  -0.312765E+01   0.468700E+00   0.142508E+00   0.417406E+01   0.273160E+02  -0.332694E+00   0.487065E+01   0.360805E+01  -0.108809E+02   0.102619E-01   0.604862E-02   0.116673E-03   0.754381E-02   0.159897E-01  -0.448279E+02   0.154508E+02   0.000000E+00  -0.602787E+02   0.120557E+03
   0.317979E+02   0.208129E+01  -0.251998E+01  -0.441225E+01   0.470671E+01   0.261383E+02  -0.535131E+00   0.221354E+01   0.283155E+01   0.564488E+01   0.512105E-02   0.205050E-01   0.830116E-02   0.664759E-02   0.245699E-02  -0.441406E+02   0.146296E+02   0.000000E+00  -0.587702E+02   0.117540E+03
   0.322499E+02  -0.211925E+01   0.676536E+00   0.880672E+01   0.576853E+01   0.274026E+02  -0.241233E+01   0.143224E+01   0.778502E+00   0.470707E+01   0.129203E-01   0.158530E-01   0.405284E-02   0.306019E-01   0.994680E-02  -0.514360E+02   0.123752E+02   0.000000E+00  -0.638112E+02   0.127622E+03
   0.334792E+02  -0.443734E+01   0.254606E+01  -0.649451E+00  -0.268022E+01   0.285078E+02   0.127151E+01  -0.489155E-01   0.364500E+01  -0.626477E+01   0.187646E-01   0.201861E-02   0.174655E-02   0.357212E-01   0.977340E-03  -0.452894E+02   0.143743E+02   0.000000E+00  -0.596637E+02   0.119327E+03
   0.334792E+02  -0.272475E+01  -0.317548E+01  -0.231743E+01  -0.151406E+01   0.301826E+02   0.193383E+01  -0.280360E+01   0.148299E+01  -0.451949E+01   0.138490E-01   0.691908E-02   0.548640E-02   0.163871E-02   0.130029E-01  -0.427420E+02   0.157160E+02   0.000000E+00  -0.584580E+02   0.116916E+03
   0.332007E+02  -0.272475E+01  -0.102777E+01   0.639349E+00   0.686408E+00   0.277619E+02  -0.597345E+01   0.275159E+01   0.107986E+02   0.269321E+01   0.207941E-01   0.316467E-02   0.576341E-03   0.163871E-02   0.653298E-03  -0.434788E+02   0.178174E+02   0.000000E+00  -0.612962E+02   0.122592E+03
   0.335057E+02  -0.196330E+01  -0.786379E+00   0.362365E+01   0.686240E+01   0.280257E+02  -0.253114E+00  -0.186276E+01   0.405270E+01  -0.113454E+02   0.314425E-01   0.222809E-02   0.728448E-02   0.163871E-02   0.250096E-03  -0.433917E+02   0.172805E+02   0.000000E+00  -0.606722E+02   0.121344E+03
   0.354236E+02  -0.405396E+01  -0.399720E+01  -0.188388E+01  -0.116122E+00   0.248783E+02   0.132353E+01  -0.517659E+01  -0.128210E+01   0.106993E+01   0.435637E-01   0.446668E-02   0.164575E-01   0.219676E-03   0.906346E-03  -0.496188E+02   0.162157E+02   0.000000E+00  -0.658345E+02   0.131669E+03
   0.329122E+02  -0.405396E+01  -0.148043E+01   0.274380E+00  -0.344382E+01   0.298207E+02   0.271811E+01  -0.534190E+01  -0.128210E+01   0.768239E+01   0.929064E-02   0.457748E-02   0.224857E-02   0.367345E-02   0.982711E-03  -0.437456E+02   0.172725E+02   0.000000E+00  -0.610181E+02   0.122036E+03
   0.345115E+02  -0.152873E+01  -0.184979E+01  -0.579451E+01   0.966614E+00   0.268574E+02  -0.260108E+00  -0.343336E+01  -0.180376E+01  -0.598143E+01   0.221620E-02   0.344163E-01   0.155896E-01   0.182950E-01   0.846585E-02  -0.480960E+02   0.107440E+02   0.000000E+00  -0.588400E+02   0.117680E+03
   0.334478E+02  -0.256698E+01  -0.350946E+01   0.380140E+00  -0.120072E+00   0.277275E+02   0.163946E+01   0.416477E+01   0.445710E+01   0.140666E+01   0.102036E-01   0.102929E-01   0.109678E-01   0.801635E-02   0.209461E-02  -0.427998E+02   0.152835E+02   0.000000E+00  -0.580833E+02   0.116167E+03
   0.337378E+02  -0.352992E+00  -0.623350E+01   0.478938E+01   0.887566E+01   0.292323E+02   0.266358E+00   0.150071E+01  -0.590134E+01  -0.193532E+01   0.226168E-02   0.573202E-02   0.107260E-02   0.807934E-02   0.191341E-01  -0.446465E+02   0.150189E+02   0.000000E+00  -0.596654E+02   0.119331E+03
   0.348283E+02  -0.594470E+01   0.734502E+00   0.538810E+01  -0.302817E+01   0.276532E+02   0.432285E+01  -0.874901E+01  -0.137546E+01  -0.193532E+01   0.762104E-02   0.589281E-02   0.437560E-03   0.157891E-01   0.174199E-01  -0.497187E+02   0.144667E+02   0.000000E+00  -0.641854E+02   0.128371E+03
   0.337168E+02  -0.238057E+01   0.324629E-01   0.116660E+01  -0.623111E+01   0.271541E+02  -0.442754E+01   0.357450E+01  -0.636732E+00   0.210805E+01   0.891484E-02   0.470866E-02   0.631302E-03   0.514215E-03   0.655263E-02  -0.422627E+02   0.171800E+02   0.000000E+00  -0.594427E+02   0.118885E+03
   0.325936E+02  -0.278122E+01   0.912995E-01   0.205002E+01  -0.282699E+00   0.289076E+02  -0.123056E+01   0.442529E+00  -0.520467E+01   0.146795E+02   0.124787E-01   0.223668E-01   0.533709E-02   0.102799E-01   0.116333E-01  -0.475385E+02   0.134590E+02   0.000000E+00  -0.609975E+02   0.121995E+03
   0.344681E+02  -0.564284E+01   0.350110E+01  -0.252814E+01   0.597435E+00   0.269060E+02   0.283170E+01   0.447583E+01  -0.337886E+01  -0.316305E+01   0.188241E-02   0.121590E-01   0.453835E-02   0.284951E-02   0.259671E-01  -0.489378E+02   0.138693E+02   0.000000E+00  -0.628071E+02   0.125614E+03
   0.341538E+02  -0.273614E+01  -0.464887E+01   0.312236E+01  -0.620210E+01   0.272209E+02  -0.240248E+01   0.263458E+01   0.831800E-01  -0.112928E+02   0.834121E-02   0.937819E-02   0.410448E-02   0.176541E-01   0.177600E-02  -0.470941E+02   0.151294E+02   0.000000E+00  -0.622235E+02   0.124447E+03
   0.341538E+02  -0.198770E+01   0.209335E+01  -0.285425E+01  -0.133373E+00   0.270214E+02  -0.373884E+01  -0.380001E+01   0.768726E+01   0.210589E+01   0.902845E-02   0.478049E-02   0.306353E-01   0.604799E-02   0.285292E-01  -0.488569E+02   0.114214E+02   0.000000E+00  -0.602783E+02   0.120557E+03
   0.338863E+02   0.571982E+00  -0.528550E+01  -0.454225E+01   0.453203E+01   0.287690E+02   0.701496E+01   0.836335E+00   0.342736E+00  -0.536833E+00   0.820264E-02   0.714120E-02   0.311688E-01   0.206498E-01   0.151109E-01  -0.501923E+02   0.110136E+02   0.000000E+00  -0.612059E+02   0.122412E+03
   0.337603E+02  -0.387039E+01   0.720993E+00  -0.335026E+01   0.984371E+01   0.280519E+02  -0.223518E+01  -0.640934E+01   0.466081E+01   0.123882E+01   0.204455E-01   0.136094E-01   0.793515E-02   0.269491E-01   0.166719E-01  -0.510035E+02   0.119041E+02   0.000000E+00  -0.629076E+02   0.125815E+03
   0.324701E+02  -0.224432E+00  -0.249256E+01   0.363516E+00   0.224258E+00   0.264793E+02  -0.752298E+00   0.189163E+01   0.820844E+01  -0.506464E+01   0.220284E-02   0.872992E-02   0.216030E-01   0.865867E-02   0.993222E-02  -0.449301E+02   0.135283E+02   0.000000E+00  -0.584584E+02   0.116917E+03
   0.344992E+02  -0.224822E+01  -0.341576E+01  -0.243197E+01  -0.679864E+01   0.260411E+02   0.169326E+01   0.288230E+01  -0.115821E+02  -0.631457E+01   0.125198E-01   0.620698E-03   0.537771E-02   0.203462E-01   0.470005E-01  -0.529929E+02   0.110862E+02   0.000000E+00  -0.640791E+02   0.128158E+03
   0.357830E+02  -0.224822E+01  -0.154715E-01   0.464464E+01   0.659013E+01   0.267503E+02   0.142279E+01  -0.376243E+00  -0.853820E+01  -0.102694E+02   0.569342E-02   0.871398E-02   0.148310E-01   0.209925E-03   0.647174E-02  -0.487318E+02   0.153980E+02   0.000000E+00  -0.641298E+02   0.128260E+03
   0.318662E+02   0.553143E+00   0.736153E+00  -0.770481E+01  -0.522829E+01   0.265589E+02   0.142279E+01  -0.804131E+01  -0.488747E+01  -0.366806E+01   0.223748E-01   0.228594E-01   0.133444E-02   0.523742E-02   0.114013E-01  -0.501632E+02   0.143374E+02   0.000000E+00  -0.645006E+02   0.129001E+03
   0.347173E+02  -0.156473E+01  -0.603348E+01  -0.255820E+00  -0.281781E+01   0.278727E+02  -0.203752E+01   0.252169E+01   0.508390E+01  -0.311956E+01   0.227686E-01   0.102044E-01   0.530324E-02   0.103974E-01   0.792428E-05  -0.445012E+02   0.158294E+02   0.000000E+00  -0.603306E+02   0.120661E+03
   0.339013E+02  -0.156473E+01   0.975947E-01   0.525689E+01   0.149703E+01   0.268687E+02   0.954697E+00   0.129398E+00   0.224019E+01  -0.420372E+00   0.194794E-01   0.323195E-01   0.813987E-02   0.311331E-01   0.516149E-02  -0.470202E+02   0.107453E+02   0.000000E+00  -0.577655E+02   0.115531E+03
   0.330016E+02  -0.156473E+01  -0.327826E+00   0.301739E+01   0.625848E+01   0.277904E+02   0.240949E+01  -0.173325E+01   0.657119E+00  -0.379466E+01   0.469087E-02   0.161709E-01   0.124877E-02   0.210804E-02   0.110999E-02  -0.405090E+02   0.163569E+02   0.000000E+00  -0.568659E+02   0.113732E+03
   0.331093E+02  -0.435741E+00   0.132589E+01   0.101998E+01   0.681374E+01   0.264619E+02  -0.365140E+01   0.621359E+01   0.415689E+01   0.152619E+01   0.274848E-02   0.765073E-02   0.597058E-02   0.125556E-01   0.110999E-02  -0.435559E+02   0.156920E+02   0.000000E+00  -0.592479E+02   0.118496E+03
   0.322558E+02  -0.435741E+00  -0.397596E+00  -0.313682E+00   0.819921E+00   0.300066E+02  -0.751001E+01   0.655941E+00  -0.355979E+01  -0.171926E+01   0.855521E-02   0.425814E-03   0.103273E-01   0.528003E-02   0.516111E-02  -0.442429E+02   0.163013E+02   0.000000E+00  -0.605442E+02   0.121088E+03
   0.326921E+02   0.220461E+01  -0.385588E+01  -0.135185E+01   0.200438E+00   0.239126E+02  -0.162982E+00  -0.464118E+01   0.115040E+01   0.546712E+01   0.202242E-01   0.179413E-02   0.236672E-02   0.606356E-02   0.148608E-01  -0.462806E+02   0.159122E+02   0.000000E+00  -0.621928E+02   0.124386E+03
   0.341754E+02  -0.238606E+01  -0.180085E+01   0.270053E+01  -0.576423E+01   0.272393E+02  -0.375379E+01   0.802434E+01  -0.740651E+00   0.364433E+01   0.378209E-01   0.666862E-02   0.236672E-02   0.192055E-01   0.763212E-02  -0.493860E+02   0.148334E+02   0.000000E+00  -0.642194E+02   0.128439E+03
   0.347180E+02  -0.386105E+01   0.324900E+01   0.243497E+01  -0.491853E+01   0.297721E+02   0.151005E+01  -0.405381E+01   0.472448E+01  -0.331702E+01   0.439373E-01   0.325344E-02   0.444604E-02   0.966782E-02   0.246841E-02  -0.489604E+02   0.164371E+02   0.000000E+00  -0.653975E+02   0.130795E+03
   0.332223E+02  -0.365549E+01   0.529673E+00   0.333148E+01  -0.808009E+01   0.291435E+02   0.291630E+01   0.105213E+01   0.122056E+01  -0.405305E+01   0.513056E-02   0.541693E-02   0.165890E-01   0.655797E-02   0.923251E-02  -0.459319E+02   0.146410E+02   0.000000E+00  -0.605729E+02   0.121146E+03
   0.331408E+02  -0.334932E+01   0.729126E+00   0.106835E+01   0.420389E+01   0.300612E+02   0.137586E+01  -0.500740E+01   0.671355E+00  -0.172604E+01   0.563669E-02   0.306765E-01   0.157741E-01   0.113223E-01   0.236517E-03  -0.453578E+02   0.126197E+02   0.000000E+00  -0.579775E+02   0.115955E+03
   0.360514E+02  -0.334932E+01  -0.737077E+00  -0.266947E+01  -0.368816E+01   0.274563E+02  -0.417196E+01  -0.715380E+01  -0.163192E+01   0.833178E+01   0.260429E-01   0.147375E-02   0.921297E-02   0.896113E-02   0.630632E-02  -0.499106E+02   0.158253E+02   0.000000E+00  -0.657359E+02   0.131472E+03
   0.328282E+02  -0.327635E+01   0.273929E+01   0.409695E+01   0.861045E+00   0.306548E+02  -0.107849E+01  -0.258050E+01   0.123642E+01  -0.471895E+01   0.195336E-01   0.182642E-01   0.154463E-01   0.643243E-02   0.164203E-01  -0.467884E+02   0.127644E+02   0.000000E+00  -0.595528E+02   0.119106E+03
   0.338934E+02  -0.229457E+01  -0.741790E+00   0.323570E+01   0.410917E+01   0.271705E+02   0.346320E+00  -0.109092E+01   0.446381E+01   0.744318E-01   0.978685E-02   0.664988E-02   0.623505E-02   0.547781E-02   0.435423E-02  -0.405390E+02   0.161490E+02   0.000000E+00  -0.566880E+02   0.113376E+03
   0.332580E+02   0.216492E+01  -0.741790E+00  -0.102940E+02  -0.909682E+01   0.285510E+02   0.411988E+01  -0.130469E+00  -0.702183E+01   0.516036E+01   0.360600E-01   0.236276E-02   0.765398E-02   0.383589E-02   0.543591E-02  -0.498993E+02   0.164918E+02   0.000000E+00  -0.663911E+02   0.132782E+03
   0.333104E+02  -0.292699E+01   0.280428E+00   0.694888E+00  -0.403640E+00   0.297730E+02  -0.123224E+01   0.246503E+00  -0.890809E-01  -0.778186E+01   0.714380E-02   0.695931E-02   0.397576E-02   0.143665E-01   0.420048E-02  -0.419309E+02   0.154705E+02   0.000000E+00  -0.574014E+02   0.114803E+03
   0.324161E+02  -0.113582E+01  -0.624302E+01  -0.320756E+01   0.167220E+00   0.303206E+02   0.311212E+01  -0.421328E+01   0.441776E+01   0.167541E+01   0.126724E-01   0.130893E-01   0.244532E-01   0.327058E-02   0.226979E-01  -0.504337E+02   0.120696E+02   0.000000E+00  -0.625033E+02   0.125007E+03
   0.325523E+02   0.350778E+01  -0.729757E+01  -0.261920E+01   0.167220E+00   0.282084E+02   0.985640E+00   0.863178E+00  -0.401740E+01  -0.413148E+01   0.415969E-01   0.167124E-02   0.104307E-01   0.182631E-01   0.116991E-02  -0.494301E+02   0.152672E+02   0.000000E+00  -0.646973E+02   0.129395E+03
   0.334543E+02  -0.153133E+01  -0.322542E+01  -0.202485E+01   0.651282E+01   0.269799E+02   0.524020E+00  -0.779498E+01   0.683762E+01  -0.522959E+01   0.380859E-02   0.234035E-01   0.376151E-01   0.221270E-01   0.207276E-02  -0.505416E+02   0.989884E+01   0.000000E+00  -0.604404E+02   0.120881E+03
   0.328865E+02   0.178476E+00  -0.340959E+01   0.205469E+01   0.640550E+01   0.284419E+02  -0.175503E+01  -0.249181E+00   0.908490E+00   0.239021E+01   0.891539E-02   0.132096E-01   0.282658E-01   0.446161E-02   0.505814E-03  -0.423837E+02   0.137764E+02   0.000000E+00  -0.561601E+02   0.112320E+03
   0.325895E+02   0.154874E+01  -0.322867E+01  -0.850011E+01   0.317404E+01   0.256539E+02  -0.119984E+01  -0.974665E+00   0.229402E+01   0.946186E+01   0.147908E-01   0.818120E-02   0.198131E-01   0.226155E-01   0.676763E-02  -0.481747E+02   0.126829E+02   0.000000E+00  -0.608576E+02   0.121715E+03
   0.312900E+02   0.923879E+00  -0.167770E+00  -0.115827E+01   0.793728E+01   0.305133E+02   0.322003E+01  -0.974665E+00  -0.431899E+01  -0.358389E+01   0.117236E-01   0.224175E-01   0.191400E-01   0.361299E-02   0.642051E-02  -0.470041E+02   0.132616E+02   0.000000E+00  -0.602657E+02   0.120531E+03
   0.321410E+02  -0.662778E+00  -0.288477E-01   0.134993E+01   0.612926E+01   0.298553E+02  -0.824567E+00   0.488825E+01  -0.574875E+01  -0.662595E+01   0.207757E-01   0.229788E-01   0.116498E-01   0.457777E-02   0.134632E-01  -0.471145E+02   0.131537E+02   0.000000E+00  -0.602682E+02   0.120536E+03
   0.332685E+02  -0.102582E+01  -0.262726E+01   0.479624E+00   0.130379E+01   0.274717E+02  -0.758508E-01   0.283225E+01   0.265562E+01  -0.273092E+01   0.370828E-01   0.749092E-03   0.124218E-01   0.338464E-02   0.831034E-02  -0.428316E+02   0.159341E+02   0.000000E+00  -0.587657E+02   0.117531E+03
   0.341162E+02  -0.102582E+01  -0.216182E+01  -0.473682E+01   0.420599E+01   0.270198E+02   0.349690E+01   0.319767E+00  -0.355334E+01   0.107987E+01   0.198561E-02   0.144453E-01   0.181782E-01   0.338464E-02   0.202935E-01  -0.453977E+02   0.127905E+02   0.000000E+00  -0.581882E+02   0.116376E+03
   0.332695E+02  -0.414246E+01   0.299539E+00   0.394123E+01  -0.458616E+01   0.260767E+02   0.369944E-01   0.752723E+00  -0.312503E+01  -0.780054E+00   0.772187E-02   0.155270E-01   0.420443E-01   0.338464E-02   0.576263E-03  -0.470939E+02   0.122675E+02   0.000000E+00  -0.593614E+02   0.118723E+03
   0.343554E+02  -0.196607E+01  -0.258757E+01  -0.292652E+01   0.622058E+01   0.277663E+02   0.369944E-01   0.194366E+01   0.777201E+00   0.392140E+01   0.588530E-02   0.503702E-02   0.472632E-02   0.168271E-01   0.845086E-02  -0.422584E+02   0.149166E+02   0.000000E+00  -0.571750E+02   0.114350E+03
   0.328269E+02   0.898782E-01  -0.312816E+01   0.260304E+01   0.407734E+01   0.274299E+02   0.149720E+01   0.208521E+01  -0.159672E+01  -0.127582E+02   0.136775E-01   0.529357E-02   0.380524E-01   0.212187E-01   0.193579E-01  -0.492346E+02   0.100284E+02   0.000000E+00  -0.592630E+02   0.118526E+03
   0.331608E+02   0.898782E-01  -0.385629E+01  -0.207384E+01   0.489099E+01   0.287197E+02   0.512329E+01  -0.341837E+01  -0.159672E+01   0.429217E+01   0.167490E-01   0.112275E-02   0.173889E-01   0.649947E-02   0.183453E-02  -0.429294E+02   0.157361E+02   0.000000E+00  -0.586655E+02   0.117331E+03
   0.325669E+02  -0.149430E+01   0.398869E+01   0.345960E+01  -0.521845E+01   0.297572E+02   0.162533E+01   0.348146E+01   0.386779E+00   0.374188E+01   0.150062E-01   0.619299E-02   0.837638E-03   0.350379E-02   0.750138E-02  -0.454633E+02   0.166171E+02   0.000000E+00  -0.620804E+02   0.124161E+03
   0.315308E+02  -0.161524E+00  -0.139477E+01  -0.438146E+01  -0.178359E+01   0.281258E+02   0.734028E+00   0.116247E+01   0.354801E+00  -0.536171E+01   0.316555E-01   0.177282E-01   0.876165E-02   0.842253E-02   0.640716E-03  -0.454666E+02   0.148654E+02   0.000000E+00  -0.603320E+02   0.120664E+03
   0.317559E+02   0.838797E+00  -0.495199E+01  -0.438146E+01   0.380986E+00   0.289720E+02   0.201687E+01   0.746917E+01   0.107714E+01   0.364675E+01   0.283841E-02   0.626590E-02   0.527085E-02   0.219492E-01   0.640716E-03  -0.471016E+02   0.150080E+02   0.000000E+00  -0.621096E+02   0.124219E+03
   0.323511E+02  -0.607437E+00  -0.117653E+01   0.500026E+01   0.110885E+01   0.271609E+02  -0.250549E+01  -0.519887E+01  -0.310442E+01   0.830241E+01   0.229673E-01   0.284940E-01   0.544298E-02   0.748142E-02   0.204550E-01  -0.480627E+02   0.122333E+02   0.000000E+00  -0.602960E+02   0.120592E+03
   0.337814E+02  -0.219467E+00  -0.222672E+01  -0.163374E+01   0.122996E+01   0.280273E+02  -0.324049E+01   0.933547E+00   0.707432E+00   0.107592E+01   0.222117E-01   0.756357E-02   0.304490E-01   0.142158E-01   0.210185E-02  -0.444170E+02   0.129877E+02   0.000000E+00  -0.574047E+02   0.114809E+03
   0.331888E+02  -0.137279E+01  -0.371704E+01  -0.238384E+01  -0.160831E+01   0.312933E+02  -0.328527E+01  -0.275964E+01  -0.834638E+00   0.756876E-01   0.668023E-02   0.153130E-01   0.163187E-01   0.536359E-02   0.544325E-02  -0.446085E+02   0.141768E+02   0.000000E+00  -0.587853E+02   0.117571E+03
   0.325796E+02  -0.120504E+01   0.281865E+01  -0.169865E+00   0.302240E+01   0.298443E+02  -0.108920E+01  -0.586067E+01  -0.411655E+01   0.211102E+01   0.114836E-01   0.191910E-02   0.147099E-01   0.141008E-01   0.114919E-02  -0.434794E+02   0.152328E+02   0.000000E+00  -0.587122E+02   0.117424E+03
   0.348844E+02  -0.120504E+01  -0.626425E+01   0.607221E+01   0.364715E+01   0.301931E+02  -0.575034E+00   0.180195E+01  -0.501213E+01   0.145138E+01   0.116900E-01   0.105265E-01   0.129892E-02   0.988890E-02   0.925755E-02  -0.462638E+02   0.153235E+02   0.000000E+00  -0.615873E+02   0.123175E+03
   0.318714E+02  -0.130013E+01   0.185252E+01   0.143175E+00  -0.604331E+01   0.294418E+02   0.138512E+01  -0.164652E+01  -0.325854E+01  -0.102929E+02   0.343975E-02   0.363849E-02   0.540639E-02   0.169659E-01   0.394143E-01  -0.491774E+02   0.118782E+02   0.000000E+00  -0.610556E+02   0.122111E+03
   0.328148E+02  -0.381260E+01  -0.110028E-01  -0.500699E+01   0.270127E+01   0.319707E+02  -0.128952E+00  -0.158014E+01  -0.240940E+01  -0.169004E+01   0.221281E-02   0.236245E-01   0.312941E-02   0.764321E-03   0.592294E-02  -0.464805E+02   0.150766E+02   0.000000E+00  -0.615571E+02   0.123114E+03
   0.328681E+02  -0.146198E+01  -0.387293E+01  -0.414933E+01  -0.245420E+01   0.294903E+02   0.324138E+00   0.720689E+00  -0.380346E+01   0.984522E+00   0.192331E-01   0.158551E-01   0.816417E-03   0.128063E-02   0.194101E-01  -0.444226E+02   0.146845E+02   0.000000E+00  -0.591071E+02   0.118214E+03
   0.325918E+02  -0.722739E+00   0.400495E+01   0.309132E+01   0.460928E+01   0.276226E+02  -0.284213E+01   0.189348E+01   0.333979E+01   0.170841E+01   0.270927E-01   0.305975E-01   0.134605E-01   0.164584E-01   0.534224E-02  -0.476671E+02   0.118348E+02   0.000000E+00  -0.595019E+02   0.119004E+03
   0.326308E+02   0.456025E+00  -0.156565E+01   0.410107E+01  -0.237358E+01   0.291635E+02  -0.377448E-01   0.189348E+01  -0.919208E+01  -0.130153E+02   0.220703E-01   0.906301E-02   0.441552E-02   0.132152E-01   0.453207E-02  -0.474614E+02   0.152981E+02   0.000000E+00  -0.627595E+02   0.125519E+03
   0.326308E+02   0.749682E-02  -0.502839E+00   0.319414E+00  -0.307273E+01   0.310224E+02   0.264035E+01  -0.134802E+01   0.145014E+01  -0.762824E+01   0.531939E-02   0.422426E-01   0.145146E-01   0.933538E-03   0.966215E-02  -0.487380E+02   0.116854E+02   0.000000E+00  -0.604234E+02   0.120847E+03
   0.327468E+02  -0.360387E+01  -0.494668E+01   0.209997E+01   0.139223E+00   0.304326E+02   0.933986E-01  -0.294599E+01   0.817268E+00  -0.608911E+01   0.134187E-01   0.136207E-01   0.256484E-02   0.785383E-02   0.857794E-02  -0.466629E+02   0.151589E+02   0.000000E+00  -0.618218E+02   0.123644E+03
   0.355781E+02  -0.208848E+01  -0.440564E+01  -0.114403E+01   0.546018E+01   0.295474E+02   0.293892E+01  -0.561877E+01  -0.376784E+01  -0.131747E+02   0.183027E-01   0.904417E-02   0.473864E-02   0.331418E-02   0.476220E-02  -0.476096E+02   0.162348E+02   0.000000E+00  -0.638444E+02   0.127689E+03
   0.342679E+02  -0.376441E+01  -0.162137E+01   0.423262E+00   0.349458E+01   0.294749E+02  -0.272494E+01   0.136524E+01   0.500986E+01   0.809985E+01   0.322913E-01   0.395881E-01   0.140906E-01   0.560486E-02   0.612504E-02  -0.489787E+02   0.118798E+02   0.000000E+00  -0.608585E+02   0.121717E+03
   0.335836E+02  -0.376441E+01  -0.188199E+01  -0.287618E+01  -0.215713E-01   0.294510E+02   0.397720E+01   0.128910E+01  -0.539542E+01  -0.249533E+01   0.721477E-02   0.336885E-01   0.635911E-02   0.136833E-01   0.823604E-02  -0.472080E+02   0.122240E+02   0.000000E+00  -0.594320E+02   0.118864E+03
   0.338729E+02  -0.376441E+01   0.147010E+01  -0.351633E+01   0.840653E+00   0.289263E+02   0.147106E+01  -0.231795E+01  -0.404322E+01  -0.330677E+01   0.158334E-01   0.449107E-01   0.229409E-01   0.182545E-01   0.190106E-02  -0.492292E+02   0.961996E+01   0.000000E+00  -0.588492E+02   0.117698E+03
   0.328646E+02   0.726260E+00  -0.444855E+01  -0.372894E+01   0.101363E+01   0.267495E+02   0.451945E+01  -0.693822E-02  -0.418462E+01   0.224724E+01   0.298421E-01   0.506117E-01   0.113651E-01   0.783397E-02   0.200881E-02  -0.489656E+02   0.112387E+02   0.000000E+00  -0.602043E+02   0.120409E+03
   0.338993E+02  -0.133944E+01   0.119551E+01   0.277388E+01   0.286210E+01   0.275850E+02  -0.470915E+01   0.231359E+01   0.450179E+00  -0.895815E+01   0.177468E-01   0.572251E-01   0.431590E-02   0.118197E-02   0.195780E-02  -0.476038E+02   0.119526E+02   0.000000E+00  -0.595564E+02   0.119113E+03
   0.338993E+02  -0.133944E+01   0.301409E+00   0.309588E+01   0.286210E+01   0.287547E+02   0.932722E+00  -0.617954E+00  -0.711869E+01  -0.564735E+01   0.138282E-01   0.329926E-03   0.861003E-02   0.339432E-01   0.638824E-03  -0.441724E+02   0.140685E+02   0.000000E+00  -0.582409E+02   0.116482E+03
   0.331861E+02  -0.100981E+01   0.386927E+00  -0.289329E+01   0.690472E+01   0.291084E+02   0.349844E+01   0.149147E+01  -0.306860E+01  -0.118504E+01   0.630151E-02   0.559006E-02   0.682722E-02   0.311079E-02   0.253257E-02  -0.412134E+02   0.166146E+02   0.000000E+00  -0.578280E+02   0.115656E+03
   0.326006E+02  -0.116941E+01  -0.320567E+01  -0.280414E+01   0.147682E+00   0.297150E+02   0.320502E+01  -0.343658E+01  -0.299662E+01   0.354318E+01   0.854674E-02   0.173358E-02   0.253849E-01   0.654107E-02   0.124299E-01  -0.442275E+02   0.138117E+02   0.000000E+00  -0.580392E+02   0.116078E+03
   0.324166E+02   0.134488E+01  -0.365623E+01   0.542508E+01  -0.151209E+01   0.279957E+02  -0.530503E+00  -0.203775E+01   0.114756E+02  -0.785211E+01   0.718586E-02   0.125692E-02   0.203792E-04   0.792034E-02   0.151105E-01  -0.476809E+02   0.159899E+02   0.000000E+00  -0.636708E+02   0.127342E+03
   0.322707E+02  -0.100856E-01  -0.381158E+01   0.270676E+01   0.240135E+01   0.275273E+02  -0.330894E+01   0.328614E+01  -0.144903E+01  -0.559798E+01   0.161831E-01   0.853919E-02   0.380156E-02   0.270012E-02   0.402031E-02  -0.424485E+02   0.165146E+02   0.000000E+00  -0.589631E+02   0.117926E+03
   0.348595E+02  -0.181708E+01  -0.229947E+00  -0.220521E+01  -0.188118E+01   0.266092E+02   0.211324E+00  -0.668972E+01   0.115384E+02   0.863421E+00   0.459973E-01   0.909973E-02   0.249753E-02   0.928893E-03   0.678566E-02  -0.508215E+02   0.164895E+02   0.000000E+00  -0.673110E+02   0.134622E+03
   0.328656E+02   0.263144E+01  -0.191181E+01   0.677543E+00   0.861170E+01   0.256632E+02  -0.442425E+01  -0.161903E+01  -0.426382E+01  -0.410740E+01   0.125661E-01   0.852580E-02   0.112271E-01   0.690789E-02   0.114143E-01  -0.460777E+02   0.146132E+02   0.000000E+00  -0.606909E+02   0.121382E+03
   0.325323E+02   0.154729E+00   0.168742E+01  -0.339801E+01   0.371162E+01   0.256189E+02  -0.196487E+01  -0.148995E+01   0.235787E+01  -0.112121E+01   0.719308E-05   0.190250E-01   0.113269E-01   0.250480E-01   0.348784E-03  -0.451069E+02   0.128458E+02   0.000000E+00  -0.579527E+02   0.115905E+03
   0.342124E+02   0.573809E+00  -0.385473E+01   0.129135E+01   0.769747E+01   0.283834E+02   0.185103E+01  -0.494779E+00   0.229557E+01   0.621358E+00   0.125076E-01   0.634339E-02   0.330174E-01   0.194367E-01   0.383628E-03  -0.454620E+02   0.125026E+02   0.000000E+00  -0.579646E+02   0.115929E+03
   0.323022E+02  -0.138452E+01   0.955054E+00   0.654837E+00  -0.644259E+01   0.277516E+02  -0.340576E+01   0.244565E+01   0.375198E+01  -0.794875E+01   0.606510E-02   0.114035E-01   0.610720E-02   0.143665E-01   0.237156E-01  -0.473117E+02   0.128614E+02   0.000000E+00  -0.601731E+02   0.120346E+03
   0.336031E+02  -0.341013E+01   0.859847E+00  -0.174882E+01   0.451863E+01   0.292275E+02  -0.159935E+01   0.282379E+01   0.188848E+01  -0.149617E+02   0.144456E-01   0.250303E-01   0.323985E-01   0.138774E-02   0.125892E-01  -0.501009E+02   0.112801E+02   0.000000E+00  -0.613810E+02   0.122762E+03
   0.321335E+02  -0.160114E+01  -0.154269E+01  -0.564379E+01   0.103010E+01   0.283149E+02   0.233039E+01   0.255789E+01  -0.168556E+01  -0.105937E+02   0.241642E-01   0.564258E-03   0.520171E-02   0.112334E-01   0.710586E-02  -0.455755E+02   0.160102E+02   0.000000E+00  -0.615857E+02   0.123171E+03
   0.331384E+02   0.966972E+00   0.187001E+01   0.362378E+01   0.629200E+01   0.284017E+02   0.142066E+01  -0.461687E+01   0.761788E+01  -0.121176E+02   0.864392E-02   0.255577E-03   0.288725E-01   0.416668E-02   0.191657E-02  -0.476519E+02   0.148995E+02   0.000000E+00  -0.625514E+02   0.125103E+03
   0.333261E+02   0.322927E+01  -0.105723E+02  -0.412932E+01   0.100627E+02   0.279037E+02  -0.546349E+01  -0.133803E+01   0.385230E+01  -0.897453E+01   0.239343E-01   0.271203E-02   0.165617E-01   0.370212E-02   0.794690E-02  -0.517528E+02   0.153284E+02   0.000000E+00  -0.670812E+02   0.134162E+03
   0.337480E+02  -0.564551E+00  -0.117401E+01   0.817475E+01   0.374782E+01   0.278115E+02   0.921706E+00   0.257281E+01  -0.411994E+01  -0.895709E+01   0.729937E-02   0.218195E-01   0.775812E-02   0.302467E-02   0.523773E-02  -0.456024E+02   0.146367E+02   0.000000E+00  -0.602391E+02   0.120478E+03
   0.325874E+02   0.243040E+00  -0.429957E+01  -0.176511E+01   0.463456E+01   0.268884E+02   0.300124E+01   0.287664E+01  -0.163481E+01  -0.219733E+01   0.160810E-01   0.124451E-01   0.413336E-02   0.658775E-02   0.153420E-02  -0.419521E+02   0.159506E+02   0.000000E+00  -0.579027E+02   0.115805E+03
   0.337416E+02   0.321454E+00   0.230038E+01  -0.101996E+02  -0.585133E+01   0.272278E+02  -0.301568E+01  -0.148146E+01  -0.389330E+01  -0.257073E-01   0.614519E-02   0.189575E-01   0.756408E-02   0.744927E-02   0.227432E-02  -0.475937E+02   0.147962E+02   0.000000E+00  -0.623899E+02   0.124780E+03
   0.337416E+02  -0.153793E+01  -0.446944E+00  -0.268245E+01   0.216771E+01   0.251455E+02  -0.125761E+01  -0.468575E+01  -0.339241E+01   0.500930E+01   0.155042E-01   0.717755E-02   0.743928E-02   0.691312E-02   0.261716E-01  -0.455598E+02   0.136505E+02   0.000000E+00  -0.592103E+02   0.118421E+03
   0.320754E+02   0.116909E+01  -0.490606E+01   0.543059E+00   0.268122E+01   0.289739E+02  -0.377741E+01   0.453089E+01   0.668421E+01   0.102098E+01   0.570813E-02   0.427464E-02   0.882248E-02   0.276994E-02   0.172379E-01  -0.448202E+02   0.151102E+02   0.000000E+00  -0.599304E+02   0.119861E+03
   0.335705E+02   0.116909E+01  -0.594232E+01   0.225075E+01   0.293708E+01   0.292105E+02   0.211108E+01   0.109854E+01  -0.877574E+01  -0.771582E+00   0.210268E-01   0.176690E-02   0.130335E-01   0.684171E-02   0.538918E-02  -0.453774E+02   0.157176E+02   0.000000E+00  -0.610950E+02   0.122190E+03
   0.341781E+02  -0.669580E+00   0.452155E-01   0.296856E+01   0.527625E+01   0.232870E+02  -0.412711E+00  -0.173841E+01   0.412723E+01  -0.567190E+01   0.108279E-01   0.151639E-01   0.974877E-02   0.112118E-01   0.300835E-01  -0.506438E+02   0.117999E+02   0.000000E+00  -0.624437E+02   0.124887E+03
   0.329161E+02  -0.212387E+00  -0.176502E+01  -0.265375E+01   0.174633E+01   0.283402E+02   0.117856E+01  -0.674199E+01   0.647875E+01  -0.126832E+02   0.537706E-02   0.744229E-02   0.993196E-02   0.204766E-01   0.784912E-02  -0.471195E+02   0.138507E+02   0.000000E+00  -0.609702E+02   0.121940E+03
   0.331830E+02  -0.151476E+01  -0.110739E+00  -0.166681E+01   0.236427E+01   0.310116E+02   0.150879E+01  -0.225111E+00  -0.402339E+00  -0.273272E+01   0.191204E-01   0.356939E-01   0.348430E-02   0.215293E-01   0.168872E-02  -0.457879E+02   0.121811E+02   0.000000E+00  -0.579690E+02   0.115938E+03
   0.335365E+02  -0.209380E+01  -0.203007E+01   0.473146E+01   0.280572E+01   0.261505E+02   0.162853E+01  -0.144743E+01   0.405611E+01   0.704053E+01   0.320027E-01   0.186352E-01   0.105492E-01   0.146455E-01   0.294694E-02  -0.464612E+02   0.137430E+02   0.000000E+00  -0.602042E+02   0.120408E+03
   0.344179E+02   0.400550E+00  -0.377961E+01  -0.238639E+01   0.430604E+01   0.278106E+02  -0.186501E+01   0.283036E+01   0.148801E+01   0.131550E+01   0.243183E-01   0.163827E-02   0.506363E-02   0.105565E-01   0.145291E-01  -0.437286E+02   0.152419E+02   0.000000E+00  -0.589705E+02   0.117941E+03
   0.335889E+02  -0.220360E+01   0.773006E+00  -0.137607E+01   0.355193E+01   0.273498E+02   0.375304E+01   0.316384E+01   0.265448E+01   0.774159E+01   0.248637E-01   0.632396E-02   0.322530E-01   0.646894E-02   0.928770E-02  -0.468256E+02   0.129873E+02   0.000000E+00  -0.598129E+02   0.119626E+03
   0.342533E+02  -0.268437E+01  -0.734691E+00   0.398396E-01   0.430428E+01   0.272557E+02   0.210131E+01  -0.746942E+00  -0.557872E+01  -0.563467E+01   0.183600E-01   0.375534E-02   0.454826E-01   0.494631E-02   0.278847E-02  -0.455497E+02   0.127234E+02   0.000000E+00  -0.582731E+02   0.116546E+03
   0.339848E+02  -0.270969E+01  -0.529707E+01   0.676582E+01  -0.134492E+01   0.304422E+02  -0.120643E+01   0.150786E+01  -0.514001E+01  -0.528124E+01   0.234546E-01   0.140129E-02   0.251958E-01   0.327613E-02   0.231292E-02  -0.470759E+02   0.152021E+02   0.000000E+00  -0.622780E+02   0.124556E+03
   0.336474E+02  -0.229842E+01   0.478326E+01   0.338120E+01   0.852404E+01   0.308328E+02  -0.132027E+01   0.144251E+01  -0.805944E+01   0.846244E+00   0.292859E-02   0.250465E-02   0.226846E-01   0.717001E-02   0.170548E-01  -0.495652E+02   0.134793E+02   0.000000E+00  -0.630445E+02   0.126089E+03
   0.332980E+02  -0.165166E+01  -0.183642E+01  -0.327516E+01   0.420786E+01   0.281585E+02  -0.138072E+01   0.105139E+01  -0.349656E+01   0.215660E+01   0.132018E-01   0.324958E-02   0.238854E-01   0.522853E-02   0.774572E-02  -0.421710E+02   0.144098E+02   0.000000E+00  -0.565808E+02   0.113162E+03
   0.339255E+02   0.265668E+00  -0.156149E+01  -0.279681E+01   0.632355E+01   0.262800E+02  -0.143615E+01  -0.246535E+00   0.112666E+02  -0.645940E+00   0.680485E-02   0.169156E-03   0.114995E-01   0.767281E-02   0.943575E-02  -0.447087E+02   0.155430E+02   0.000000E+00  -0.602517E+02   0.120503E+03
   0.343981E+02  -0.120370E+01  -0.260286E+01  -0.242558E+01   0.546428E+01   0.263883E+02  -0.486616E+01  -0.261432E+01  -0.891698E+00  -0.567240E+01   0.329262E-01   0.169156E-03   0.382157E-02   0.767281E-02   0.584034E-02  -0.446193E+02   0.166703E+02   0.000000E+00  -0.612896E+02   0.122579E+03
   0.339801E+02  -0.197600E+01  -0.558617E-01   0.186184E+01  -0.225959E+00   0.281959E+02   0.117811E+01   0.271547E+00  -0.671857E+01  -0.327391E+01   0.122331E-01   0.214005E-01   0.782358E-03   0.188774E-01   0.104856E-01  -0.446366E+02   0.132661E+02   0.000000E+00  -0.579027E+02   0.115805E+03
   0.341600E+02  -0.386831E+01   0.103952E+01   0.816589E+01  -0.101018E+01   0.285488E+02   0.139687E+01   0.154747E+00  -0.707519E+01  -0.664158E+01   0.470287E-01   0.864759E-02   0.120923E-01   0.106230E-01   0.129876E-01  -0.508945E+02   0.139856E+02   0.000000E+00  -0.648801E+02   0.129760E+03
   0.341600E+02  -0.480840E+01  -0.192497E+00   0.548578E+01  -0.974457E-01   0.285488E+02   0.377756E+01   0.261064E+00  -0.491465E+01  -0.640031E+01   0.481539E-02   0.286421E-02   0.242155E-01   0.225293E-02   0.103113E-01  -0.456676E+02   0.144563E+02   0.000000E+00  -0.601239E+02   0.120248E+03
   0.327277E+02  -0.250988E+01  -0.300945E+01  -0.356323E+01  -0.116690E+01   0.292379E+02   0.404783E+01  -0.155539E+01  -0.635292E+01   0.293364E+00   0.355659E-01   0.162470E-01   0.386353E-02   0.591330E-02   0.225927E-01  -0.487349E+02   0.135590E+02   0.000000E+00  -0.622939E+02   0.124588E+03
   0.331491E+02  -0.241657E+01  -0.141141E+00  -0.605077E+01   0.665057E+01   0.277509E+02  -0.194860E+01   0.530621E+01   0.325588E+01   0.483798E+01   0.103885E-01   0.132501E-01   0.487015E-02   0.247945E-01   0.634938E-02  -0.470610E+02   0.134943E+02   0.000000E+00  -0.605553E+02   0.121111E+03
   0.348844E+02  -0.241657E+01  -0.707587E+01  -0.390645E+01   0.106473E+02   0.315169E+02   0.226027E+01  -0.170479E+01   0.205086E+00  -0.352060E+01   0.205493E-01   0.132607E-01   0.140290E-01   0.256057E-01   0.283532E-02  -0.505321E+02   0.128476E+02   0.000000E+00  -0.633797E+02   0.126759E+03
   0.338786E+02  -0.777816E-01  -0.613172E+01   0.612332E+01   0.342823E+01   0.258637E+02  -0.224718E+01   0.280925E+01  -0.435416E+01  -0.472322E+01   0.831429E-02   0.206398E-01   0.143771E-01   0.141350E-02   0.454731E-01  -0.514419E+02   0.102303E+02   0.000000E+00  -0.616722E+02   0.123344E+03
   0.326638E+02  -0.571592E+00  -0.234536E+01  -0.244549E+01   0.556145E+01   0.272728E+02  -0.158460E+01   0.194388E+01  -0.162955E+01  -0.813551E-01   0.257302E-01   0.211273E-01   0.893344E-02   0.179494E-01   0.809584E-02  -0.446612E+02   0.128101E+02   0.000000E+00  -0.574713E+02   0.114943E+03
   0.328913E+02  -0.240211E+00   0.204624E+00  -0.294767E+01   0.642594E+01   0.280922E+02  -0.217359E+01  -0.451789E+01   0.501730E+00   0.726582E+00   0.452450E-02   0.825742E-02   0.830394E-02   0.193772E-02   0.468858E-02  -0.407645E+02   0.161019E+02   0.000000E+00  -0.568664E+02   0.113733E+03
   0.348075E+02  -0.240211E+00  -0.728375E+01  -0.612446E+00   0.525985E+01   0.264675E+02   0.997186E+00   0.255097E+01   0.985343E+00   0.298685E+01   0.930821E-02   0.353272E-02   0.607685E-02   0.338596E-02   0.129027E-02  -0.426984E+02   0.169921E+02   0.000000E+00  -0.596905E+02   0.119381E+03
   0.329290E+02  -0.240211E+00  -0.452876E+01  -0.189118E+01   0.827954E+01   0.289990E+02   0.156286E+01   0.198323E+01   0.985343E+00  -0.610528E+01   0.853802E-02   0.103958E-01   0.120549E-02   0.136895E-01   0.893303E-03  -0.420225E+02   0.158023E+02   0.000000E+00  -0.578248E+02   0.115650E+03
   0.337270E+02  -0.104279E+01  -0.104233E+01   0.105686E+01   0.953072E+01   0.291971E+02  -0.202320E+01  -0.565809E+01   0.642928E+01   0.330651E+01   0.125576E-01   0.147086E-01   0.350946E-01   0.698970E-02   0.200524E-02  -0.462369E+02   0.125409E+02   0.000000E+00  -0.587778E+02   0.117556E+03
   0.330657E+02   0.267900E+01  -0.238138E+01   0.428457E+01   0.435025E+01   0.284235E+02  -0.310547E+01   0.250084E+01   0.593455E+00   0.667052E+00   0.583510E-02   0.246984E-01   0.268218E-03   0.174009E-01   0.852563E-02  -0.465989E+02   0.133314E+02   0.000000E+00  -0.599303E+02   0.119861E+03
   0.325293E+02   0.202541E+01  -0.122009E+01   0.151109E+01   0.196308E+01   0.296243E+02   0.275357E+01   0.305816E+01  -0.722322E+01  -0.184452E+01   0.148720E-01   0.256475E-01   0.211054E-01   0.128909E-01   0.172921E-01  -0.500143E+02   0.107271E+02   0.000000E+00  -0.607414E+02   0.121483E+03
   0.330843E+02  -0.126798E+00   0.453932E-01   0.180732E+01   0.165161E+01   0.264625E+02   0.555657E+01   0.285075E+01  -0.714106E+01  -0.211013E+01   0.121332E-01   0.596210E-02   0.721782E-02   0.196639E-02   0.383581E-02  -0.436555E+02   0.165225E+02   0.000000E+00  -0.601780E+02   0.120356E+03
   0.324152E+02   0.108662E+01   0.118828E+01   0.185897E+01   0.612958E+01   0.282988E+02  -0.324566E+00  -0.475148E+01   0.491202E+01  -0.821080E+01   0.296434E-01   0.119152E-04   0.177245E-01   0.101048E-01   0.910825E-02  -0.458239E+02   0.147257E+02   0.000000E+00  -0.605496E+02   0.121099E+03
   0.340709E+02  -0.275485E+01  -0.402005E+01   0.288068E+01  -0.407634E+01   0.266028E+02  -0.911949E+00  -0.593577E+01  -0.280964E+01  -0.522646E+01   0.201853E-03   0.119152E-04   0.727323E-02   0.124592E-02   0.222124E-01  -0.451511E+02   0.153463E+02   0.000000E+00  -0.604974E+02   0.120995E+03
   0.340709E+02  -0.999228E+00  -0.345763E+01  -0.233928E+01   0.133553E+02   0.273635E+02   0.855646E+00  -0.291834E+01   0.535041E+01  -0.129815E+01   0.789334E-02   0.256514E-03   0.748813E-02   0.492406E-02   0.829503E-02  -0.436511E+02   0.163243E+02   0.000000E+00  -0.599754E+02   0.119951E+03
   0.351270E+02  -0.300181E+01  -0.201892E+01   0.788182E+00   0.456472E+01   0.282161E+02   0.237811E+01   0.109548E+01   0.680921E+01   0.272201E+01   0.268876E-01   0.256514E-03   0.702595E-02   0.114469E-02   0.878395E-02  -0.439590E+02   0.166996E+02   0.000000E+00  -0.606586E+02   0.121317E+03
   0.330466E+02  -0.144834E+01  -0.194226E+01   0.188949E+01   0.108799E+02   0.278065E+02  -0.278448E+01  -0.395974E+00  -0.435022E+01   0.739835E+00   0.561341E-02   0.181664E-01   0.614586E-02   0.398617E-02   0.197613E-01  -0.459061E+02   0.136147E+02   0.000000E+00  -0.595208E+02   0.119042E+03
   0.339715E+02  -0.135547E+01  -0.280237E+01  -0.418333E+00   0.428790E+01   0.285087E+02  -0.298065E+01  -0.413893E+01   0.746690E-01  -0.707022E+01   0.148740E-01   0.218303E-02   0.929105E-03   0.160949E-01   0.163624E-02  -0.412939E+02   0.163364E+02   0.000000E+00  -0.576303E+02   0.115261E+03
   0.332245E+02  -0.390258E+00   0.711934E+00   0.138064E+01   0.428790E+01   0.267229E+02  -0.449511E+00  -0.593085E+00  -0.384417E+01  -0.628443E+01   0.255674E-01   0.153323E-01   0.929105E-03   0.325075E-02   0.640146E-02  -0.421987E+02   0.158293E+02   0.000000E+00  -0.580280E+02   0.116056E+03
   0.331241E+02   0.794858E-01   0.711934E+00   0.567481E+01   0.401787E+01   0.248368E+02  -0.529210E-01   0.286235E+01  -0.127704E+01   0.164026E+02   0.138417E-01   0.225805E-02   0.929105E-03   0.275615E-02   0.165305E-02  -0.458325E+02   0.176610E+02   0.000000E+00  -0.634935E+02   0.126987E+03
   0.323448E+02  -0.353148E+00  -0.123123E+01  -0.228419E+00  -0.656986E+01   0.278866E+02   0.300875E+00  -0.645591E+01  -0.852416E+00   0.100939E+02   0.739409E-02   0.872291E-02   0.654012E-02   0.390763E-02   0.469007E-02  -0.446906E+02   0.160346E+02   0.000000E+00  -0.607252E+02   0.121450E+03
   0.329120E+02   0.758600E+00  -0.156762E+01   0.521253E+01  -0.869926E+00   0.266137E+02  -0.190000E+01   0.699351E+01  -0.852416E+00  -0.357121E+01   0.140046E-01   0.731812E-02   0.482487E-02   0.136849E-02   0.808457E-02  -0.447361E+02   0.162611E+02   0.000000E+00  -0.609972E+02   0.121994E+03
   0.314119E+02   0.202009E+01   0.797417E+00  -0.722736E+01   0.120920E+01   0.270417E+02  -0.242575E+01  -0.101610E+01   0.420668E+01   0.318255E+01   0.176042E-01   0.716027E-02   0.555773E-03   0.868944E-03   0.471980E-02  -0.436639E+02   0.170902E+02   0.000000E+00  -0.607541E+02   0.121508E+03
   0.324479E+02   0.166764E+01  -0.129106E+01  -0.450265E+01   0.564711E+01   0.289278E+02   0.167012E+01  -0.462816E+01  -0.757973E+01  -0.469276E+01   0.113666E-01   0.164975E-01   0.248397E-01   0.443654E-02   0.860213E-02  -0.465294E+02   0.129831E+02   0.000000E+00  -0.595125E+02   0.119025E+03
   0.325852E+02  -0.184427E+00  -0.172950E+01   0.130122E+01   0.741548E+01   0.288801E+02  -0.498420E+01   0.637904E+01   0.510589E+01   0.119059E+02   0.118430E-01   0.213945E-02   0.209882E-01   0.198569E-02   0.137473E-01  -0.480035E+02   0.145346E+02   0.000000E+00  -0.625381E+02   0.125076E+03
   0.325852E+02  -0.184427E+00   0.132275E+01  -0.248266E+01   0.562978E+01   0.276803E+02  -0.261369E+01  -0.221825E+00  -0.852361E+01  -0.873751E+01   0.146917E-01   0.418369E-01   0.287781E-02   0.201719E-01   0.215106E-02  -0.484159E+02   0.117169E+02   0.000000E+00  -0.601328E+02   0.120266E+03
   0.347871E+02  -0.307347E+00  -0.151573E+01   0.357201E+01   0.108506E+02   0.272821E+02   0.294235E+01  -0.547495E+00  -0.542683E+01  -0.206928E+01   0.840741E-02   0.834333E-02   0.147915E-02   0.417295E-01   0.165474E-02  -0.468133E+02   0.131000E+02   0.000000E+00  -0.599133E+02   0.119827E+03
   0.333606E+02  -0.386961E+01   0.151059E+01   0.251784E+01  -0.615313E+01   0.282454E+02   0.129595E+01   0.411475E+01  -0.469153E+01   0.952861E+01   0.179110E-01   0.665405E-02   0.272052E-02   0.835847E-01   0.343139E-02  -0.528544E+02   0.878161E+01   0.000000E+00  -0.616360E+02   0.123272E+03
   0.345452E+02  -0.440776E+01   0.177265E+01   0.602118E+01   0.366671E+00   0.251027E+02  -0.111716E+01  -0.360243E+01  -0.157703E+00   0.322141E+01   0.257364E-01   0.509945E-02   0.478599E-02   0.379656E-01   0.841519E-02  -0.490090E+02   0.127941E+02   0.000000E+00  -0.618031E+02   0.123606E+03
   0.342072E+02  -0.354985E+01  -0.187087E+01  -0.275012E+00   0.151037E+01   0.315478E+02  -0.324828E+01   0.127441E+01   0.371658E+01   0.308297E+01   0.511161E-03   0.247606E-01   0.647222E-02   0.131189E-01   0.296254E-03  -0.456844E+02   0.139559E+02   0.000000E+00  -0.596403E+02   0.119281E+03
   0.325927E+02  -0.107035E+01  -0.417269E+01   0.254682E+01   0.145373E+01   0.289314E+02   0.405537E+01  -0.598762E+01   0.273404E+01   0.105634E+02   0.399844E-02   0.123592E-01   0.280228E-02   0.815648E-02   0.410978E-02  -0.452692E+02   0.156779E+02   0.000000E+00  -0.609471E+02   0.121894E+03
   0.335114E+02  -0.107035E+01   0.147725E+01   0.394260E+01   0.529537E+01   0.284585E+02  -0.291157E+01  -0.113358E+02   0.582914E+01   0.473446E+01   0.154767E-01   0.376930E-02   0.157378E-01   0.676497E-02   0.107877E-01  -0.478010E+02   0.147147E+02   0.000000E+00  -0.625157E+02   0.125031E+03
   0.343768E+02  -0.265153E+01  -0.541596E+01   0.339884E+01   0.818749E+01   0.314660E+02   0.174073E+01  -0.353161E+01   0.580992E+01   0.480305E+01   0.117383E-02   0.336806E-01   0.270380E-02   0.180997E-01   0.216741E-02  -0.487586E+02   0.127555E+02   0.000000E+00  -0.615141E+02   0.123028E+03
   0.334085E+02  -0.130349E+01   0.133378E+01  -0.151301E+01   0.127508E+01   0.265388E+02   0.772311E+00   0.271279E+01  -0.319641E+01  -0.367526E+01   0.374698E-02   0.361448E-01   0.544710E-02   0.921896E-03   0.384142E-02  -0.436951E+02   0.137852E+02   0.000000E+00  -0.574803E+02   0.114961E+03
   0.328081E+02  -0.130349E+01   0.716065E+00   0.318082E+01  -0.152826E+01   0.287795E+02   0.696339E+01  -0.233987E+01   0.190548E+01   0.394251E+01   0.263444E-01   0.463747E-02   0.114625E-03   0.575164E-02   0.186849E-01  -0.463244E+02   0.155018E+02   0.000000E+00  -0.618262E+02   0.123652E+03
   0.319659E+02  -0.186358E+01   0.106607E+01   0.352365E+00   0.127671E-01   0.276880E+02  -0.118245E+01   0.404705E+00   0.463106E+01   0.289339E+01   0.195143E-01   0.572058E-02   0.166507E-02   0.166823E-01   0.485721E-02  -0.423152E+02   0.155282E+02   0.000000E+00  -0.578434E+02   0.115687E+03
   0.334576E+02   0.316968E+00   0.306076E+00  -0.241336E+01  -0.561235E+01   0.259886E+02  -0.300176E+01   0.462342E+01   0.226110E+01  -0.134158E+01   0.285503E-02   0.517245E-02   0.201079E-02   0.193119E-01   0.761243E-02  -0.452498E+02   0.150099E+02   0.000000E+00  -0.602597E+02   0.120519E+03
   0.325651E+02  -0.388685E+00  -0.326639E+00  -0.260374E+01   0.259170E+01   0.259886E+02   0.119413E+01  -0.197757E+01  -0.342711E+01   0.670899E+01   0.429731E-02   0.920136E-02   0.911403E-02   0.107124E-01   0.152778E-02  -0.421046E+02   0.153651E+02   0.000000E+00  -0.574697E+02   0.114939E+03
   0.337871E+02  -0.388685E+00  -0.545973E+01  -0.280372E+01   0.522319E+01   0.260295E+02  -0.538514E+01  -0.287802E+00   0.159225E+01  -0.645128E+01   0.862188E-02   0.258254E-03   0.136173E-01   0.107124E-01   0.894129E-02  -0.450727E+02   0.150678E+02   0.000000E+00  -0.601405E+02   0.120281E+03
   0.336791E+02  -0.278911E+01  -0.362324E+00   0.429989E+01   0.752734E+01   0.285876E+02  -0.250787E+01  -0.455319E+00   0.368738E+01  -0.437933E+01   0.117505E-01   0.670069E-03   0.418793E-02   0.825671E-02   0.405520E-02  -0.416975E+02   0.167037E+02   0.000000E+00  -0.584012E+02   0.116802E+03
   0.339250E+02  -0.612338E+00  -0.400847E+01  -0.402930E+01   0.995509E+01   0.283236E+02  -0.414347E+01   0.705087E+00  -0.272008E+01  -0.498129E+01   0.110195E-01   0.153785E-01   0.159311E-01   0.103665E-01   0.323677E-01  -0.483598E+02   0.110163E+02   0.000000E+00  -0.593761E+02   0.118752E+03
   0.332437E+02  -0.333007E+00   0.297957E+00  -0.301460E+01  -0.268487E+01   0.302818E+02  -0.772771E+00  -0.681384E+01  -0.410407E+01   0.696756E+00   0.159209E-01   0.116045E-03   0.128724E-01   0.172518E-01   0.239935E-01  -0.470743E+02   0.129973E+02   0.000000E+00  -0.600716E+02   0.120143E+03
   0.332437E+02  -0.230250E+01  -0.346767E+01   0.318830E+01   0.125664E+01   0.295834E+02  -0.177825E+01  -0.276390E+01   0.259459E+01   0.397747E+01   0.198212E-01   0.658470E-02   0.897484E-02   0.515522E-02   0.905994E-02  -0.423918E+02   0.154432E+02   0.000000E+00  -0.578350E+02   0.115670E+03
   0.340656E+02  -0.257944E+01  -0.704205E+01   0.523491E+01   0.531367E+01   0.278964E+02  -0.284226E+01  -0.733205E+01   0.734907E+00  -0.446769E+01   0.483345E-02   0.182037E-01   0.751636E-03   0.241852E-02   0.142814E-01  -0.482500E+02   0.148552E+02   0.000000E+00  -0.631052E+02   0.126210E+03
   0.355111E+02  -0.575307E+01  -0.864939E+00   0.770539E+01  -0.234396E+01   0.299757E+02  -0.541955E+01   0.259665E+00   0.242138E+01   0.209596E+01   0.283694E-01   0.120794E-01   0.112981E-01   0.595041E-02   0.244525E-01  -0.514894E+02   0.130426E+02   0.000000E+00  -0.645320E+02   0.129064E+03
   0.338948E+02  -0.158950E+01  -0.268223E+01   0.213055E+01   0.914892E+00   0.297063E+02  -0.306439E+00  -0.478201E+01   0.314190E+01  -0.322194E+01   0.178482E-02   0.991344E-02   0.803440E-02   0.898542E-03   0.506554E-02  -0.414696E+02   0.160295E+02   0.000000E+00  -0.574991E+02   0.114998E+03
   0.338948E+02  -0.158950E+01   0.406782E+00   0.263615E+01   0.707213E+01   0.293277E+02   0.567549E+00   0.302009E+01   0.356851E+01   0.188629E+01   0.385544E-02   0.120523E-01   0.432201E-02   0.904287E-02   0.703572E-02  -0.424392E+02   0.151754E+02   0.000000E+00  -0.576146E+02   0.115229E+03
   0.330454E+02  -0.161082E+01  -0.998007E+00   0.454375E+01   0.453467E+01   0.258806E+02  -0.130007E+01  -0.208015E+01   0.373394E+01  -0.318662E+01   0.209755E-01   0.223331E-01   0.676476E-03   0.904287E-02   0.935998E-02  -0.444585E+02   0.142794E+02   0.000000E+00  -0.587379E+02   0.117476E+03
   0.330857E+02  -0.878154E+00  -0.417721E+01  -0.178888E+01   0.407989E+01   0.276473E+02  -0.131202E+01   0.347480E+01  -0.129068E+01   0.667851E+01   0.322865E-02   0.229753E-02   0.397859E-02   0.251894E-01   0.641849E-02  -0.426599E+02   0.146323E+02   0.000000E+00  -0.572922E+02   0.114584E+03
   0.332734E+02  -0.878154E+00  -0.117351E+01  -0.161677E+01  -0.693626E+01   0.271323E+02  -0.192827E+00   0.443400E+01   0.329099E+01  -0.419374E+00   0.452613E-02   0.229753E-02   0.308590E-02   0.133116E-02   0.534348E-02  -0.415016E+02   0.172149E+02   0.000000E+00  -0.587165E+02   0.117433E+03
   0.337388E+02  -0.254400E+01   0.221901E+01   0.155952E+01   0.162116E+01   0.276604E+02  -0.271661E+01   0.474951E+01  -0.139413E+01  -0.587930E+00   0.158701E-01   0.101433E-01   0.220254E-02   0.125967E-01   0.769339E-02  -0.432610E+02   0.151571E+02   0.000000E+00  -0.584181E+02   0.116836E+03
   0.338550E+02  -0.285538E+01   0.339266E+01  -0.423770E+01  -0.204353E+01   0.249232E+02  -0.426821E+01   0.182003E+01  -0.372080E+01   0.833303E-01   0.315850E-01   0.424298E-02   0.985910E-02   0.298593E-01   0.882464E-03  -0.495213E+02   0.139363E+02   0.000000E+00  -0.634576E+02   0.126915E+03
   0.338525E+02  -0.474644E+01  -0.254433E+01   0.682450E+01  -0.179570E+01   0.272917E+02  -0.228025E+01   0.275504E+01   0.429121E+00   0.833303E-01   0.302519E-01   0.129863E-01   0.784506E-02   0.831725E-02   0.128434E-02  -0.462485E+02   0.153774E+02   0.000000E+00  -0.616259E+02   0.123252E+03
   0.338525E+02  -0.474644E+01   0.155350E+00   0.521735E+01   0.259015E+00   0.303650E+02  -0.240004E+01   0.733878E+00   0.291834E+01   0.584416E+01   0.251072E-01   0.478168E-02   0.114109E-01   0.517137E-02   0.107022E-01  -0.454866E+02   0.152141E+02   0.000000E+00  -0.607007E+02   0.121401E+03
   0.338525E+02  -0.400308E+00  -0.247044E+01  -0.338306E+01   0.627208E+00   0.288883E+02  -0.159712E+01  -0.127385E+01  -0.195587E+01  -0.864539E+00   0.857702E-02   0.136608E-01   0.984131E-03   0.882629E-02   0.357860E-02  -0.411853E+02   0.157157E+02   0.000000E+00  -0.569010E+02   0.113802E+03
   0.335429E+02  -0.205565E+01  -0.142954E+01   0.837128E+00   0.282268E+01   0.285675E+02   0.275622E+01  -0.417099E+01   0.448240E+00   0.887070E+01   0.662826E-02   0.147860E-02   0.105568E-02   0.174680E-01   0.347378E-02  -0.415551E+02   0.160731E+02   0.000000E+00  -0.576282E+02   0.115256E+03
   0.324500E+02   0.180218E+01  -0.283835E+01   0.268857E+01   0.944702E+01   0.273262E+02  -0.574176E+00  -0.193950E-01   0.237105E+01  -0.867979E+00   0.764992E-03   0.740544E-02   0.590618E-02   0.296182E-01   0.345990E-01  -0.469315E+02   0.106678E+02   0.000000E+00  -0.575993E+02   0.115199E+03
   0.329876E+02   0.630491E+00   0.223154E+00  -0.140272E+01   0.516433E+01   0.271748E+02  -0.312143E+00   0.387052E+01  -0.374543E+01   0.155312E+02   0.258040E-01   0.456771E-03   0.139778E-01   0.303458E-01   0.157809E-01  -0.496025E+02   0.123646E+02   0.000000E+00  -0.619671E+02   0.123934E+03
   0.331935E+02   0.642511E+00  -0.251025E+01   0.489672E+00   0.131323E+02   0.280860E+02   0.439191E+01   0.842954E+01   0.179026E+01   0.355557E+01   0.214922E-01   0.764657E-02   0.133925E-01   0.679968E-02   0.690371E-02  -0.487389E+02   0.149464E+02   0.000000E+00  -0.636853E+02   0.127371E+03
   0.332582E+02  -0.237215E+01  -0.419904E+01   0.798728E+00   0.198206E+00   0.290460E+02  -0.183818E+01  -0.297190E+01  -0.764195E+00  -0.808234E+00   0.299774E-02   0.426695E-02   0.613351E-02   0.157884E-01   0.130570E-01  -0.425645E+02   0.144961E+02   0.000000E+00  -0.570606E+02   0.114121E+03
   0.346991E+02  -0.144609E+01  -0.182929E+01  -0.990599E+00   0.133356E+02   0.251202E+02  -0.846720E+00   0.297149E+01   0.105709E+02  -0.728929E+01   0.931284E-02   0.778617E-03   0.594136E-02   0.343276E-02   0.145571E-01  -0.495397E+02   0.159497E+02   0.000000E+00  -0.654894E+02   0.130979E+03
   0.335217E+02   0.199034E+01  -0.660568E+00   0.676434E+01   0.280447E+01   0.262580E+02  -0.713699E+00  -0.177820E+01   0.642432E+01   0.301160E+01   0.180101E-02   0.778617E-03   0.379692E-01   0.193208E-01   0.106130E-01  -0.500673E+02   0.115525E+02   0.000000E+00  -0.616198E+02   0.123240E+03
   0.323299E+02  -0.103080E+01   0.237902E+01  -0.897185E+00   0.108267E+01   0.268393E+02   0.165815E+01   0.755290E+01   0.320937E+01   0.277376E+01   0.505067E-02   0.508527E-02   0.165774E-01   0.643920E-02   0.845878E-02  -0.451184E+02   0.147646E+02   0.000000E+00  -0.598830E+02   0.119766E+03
   0.370064E+02  -0.103080E+01   0.447877E+01  -0.881322E+01  -0.183575E+02   0.267039E+02  -0.208746E+01  -0.505470E+01   0.502586E+01   0.385816E+01   0.138858E-01   0.886402E-03   0.965711E-02   0.143813E-02   0.266367E-01  -0.569762E+02   0.145588E+02   0.000000E+00  -0.715350E+02   0.143070E+03
   0.348744E+02  -0.488736E+01  -0.317139E+00   0.712437E+01   0.542250E+01   0.299574E+02  -0.540300E+00   0.187937E+01   0.235499E+01  -0.118210E+02   0.323299E-03   0.953098E-02   0.156886E-01   0.122207E-01   0.273628E-01  -0.507683E+02   0.119404E+02   0.000000E+00  -0.627087E+02   0.125417E+03
   0.344399E+02  -0.150259E+01   0.201590E+01   0.649592E+00   0.184728E-01   0.301707E+02  -0.418687E+01   0.321580E+01   0.529600E+01  -0.659630E+01   0.320799E-01   0.183143E-01   0.504755E-01   0.730147E-02   0.109937E-02  -0.527525E+02   0.107016E+02   0.000000E+00  -0.634541E+02   0.126908E+03
   0.328999E+02  -0.150259E+01  -0.896847E+00   0.677412E+00  -0.331947E+00   0.242115E+02  -0.539025E+01  -0.110658E+01   0.105901E+01   0.426792E+01   0.243395E-01   0.901396E-02   0.229392E-02   0.704204E-02   0.377889E-01  -0.485965E+02   0.128068E+02   0.000000E+00  -0.614033E+02   0.122807E+03
   0.344548E+02  -0.150259E+01  -0.145118E+01   0.291815E+01   0.845092E+01   0.281106E+02   0.277171E+00  -0.140899E+01  -0.793900E+01   0.751600E+01   0.149933E-01   0.202487E-03   0.614005E-02   0.367786E-02   0.126457E-02  -0.422837E+02   0.172922E+02   0.000000E+00  -0.595759E+02   0.119152E+03
   0.327974E+02   0.128097E+01  -0.258824E+01  -0.158936E+01   0.572252E+01   0.275563E+02  -0.209304E+01  -0.142850E+01   0.399737E+00   0.388434E+01   0.130716E-01   0.217814E-02   0.205086E-02   0.639155E-02   0.528552E-01  -0.445052E+02   0.120731E+02   0.000000E+00  -0.565783E+02   0.113157E+03
   0.318447E+02  -0.124380E+00  -0.917799E+00   0.973528E+00   0.244712E+01   0.313006E+02   0.190075E+01  -0.316996E+01   0.602193E+00   0.833545E+01   0.132272E-01   0.283059E-02   0.163202E-02   0.332734E-02   0.174547E-01  -0.437616E+02   0.158962E+02   0.000000E+00  -0.596578E+02   0.119316E+03
   0.326387E+02  -0.331242E+00  -0.599119E+01   0.490223E+01  -0.198827E+01   0.301193E+02  -0.209309E+00  -0.408012E+01  -0.115224E+02   0.551720E+01   0.339635E-01   0.123770E-01   0.163202E-02   0.147206E-02   0.275864E-02  -0.498850E+02   0.165967E+02   0.000000E+00  -0.664817E+02   0.132963E+03
   0.325315E+02  -0.631931E+00  -0.846971E+00   0.114284E+01  -0.201221E+00   0.273371E+02   0.161130E+01  -0.806066E+00   0.271861E+01   0.419872E+01   0.101021E-02   0.446388E-02   0.707613E-02   0.114532E-01   0.741849E-02  -0.410692E+02   0.153795E+02   0.000000E+00  -0.564487E+02   0.112897E+03
   0.338420E+02  -0.386591E+01   0.377115E+00  -0.650875E+00   0.478791E+01   0.276495E+02  -0.217744E+01  -0.853007E+00   0.803380E+01  -0.369206E+01   0.268028E-02   0.821918E-02   0.341628E-03   0.663630E-02   0.352638E-02  -0.424490E+02   0.165483E+02   0.000000E+00  -0.589973E+02   0.117995E+03
   0.316433E+02  -0.251923E+00   0.214851E+01   0.734624E+01  -0.507591E+00   0.271606E+02   0.141565E+01  -0.309841E+01  -0.147274E+01   0.763136E+00   0.902875E-02   0.124430E-01   0.700493E-02   0.909497E-02   0.352638E-02  -0.457198E+02   0.152138E+02   0.000000E+00  -0.609336E+02   0.121867E+03
   0.336152E+02  -0.292640E+00  -0.390005E+01   0.435774E+01  -0.225218E+00   0.309519E+02  -0.274830E+01   0.171906E+01  -0.115433E+01   0.272271E+01   0.102180E-01   0.134957E-01   0.219365E-02   0.738476E-02   0.146026E-02  -0.443610E+02   0.159672E+02   0.000000E+00  -0.603282E+02   0.120656E+03
   0.324425E+02  -0.563292E+00  -0.390005E+01   0.202465E+01   0.358791E+01   0.277942E+02  -0.286718E+01  -0.557320E+00   0.360616E+00   0.179296E+01   0.136700E-01   0.375118E-02   0.427277E-01   0.116650E-02   0.437709E-02  -0.439487E+02   0.132184E+02   0.000000E+00  -0.571671E+02   0.114334E+03
   0.330491E+02  -0.120709E+01   0.273504E+01  -0.343710E+01   0.358791E+01   0.272933E+02  -0.158421E+01   0.583795E+01  -0.251947E+01  -0.805776E+00   0.194961E-01   0.738945E-02   0.391643E-01   0.153360E-02   0.586674E-02  -0.466092E+02   0.130253E+02   0.000000E+00  -0.596345E+02   0.119269E+03
   0.329697E+02  -0.409547E+01  -0.197589E+01   0.342637E+01   0.408625E+01   0.310837E+02   0.166811E+00  -0.591234E+00  -0.550212E+01   0.968487E+00   0.755474E-02   0.464133E-02   0.619366E-02   0.962249E-02   0.117042E-01  -0.458032E+02   0.152045E+02   0.000000E+00  -0.610077E+02   0.122015E+03
   0.337234E+02   0.616556E+00  -0.403967E+01  -0.443443E+00  -0.316113E+00   0.288357E+02  -0.240851E+01  -0.363622E+01   0.383096E+01   0.154683E+01   0.267179E-01   0.192017E-02   0.534968E-02   0.103446E-01   0.896774E-02  -0.434913E+02   0.157625E+02   0.000000E+00  -0.592538E+02   0.118508E+03
   0.322787E+02  -0.194668E+01   0.164814E+00  -0.108744E+01   0.449079E+01   0.292418E+02  -0.469704E+01   0.150523E+01  -0.137229E+01  -0.890882E+01   0.327597E-01   0.154560E-01   0.556994E-02   0.202531E-02   0.212009E-01  -0.475729E+02   0.139955E+02   0.000000E+00  -0.615684E+02   0.123137E+03
   0.338465E+02   0.198934E+01  -0.574925E+01  -0.161551E+01   0.933938E+01   0.275867E+02  -0.391518E+01  -0.404060E+01   0.271679E+01  -0.325621E+01   0.263230E-01   0.962370E-02   0.190525E-02   0.147401E-01   0.277042E-01  -0.480009E+02   0.130234E+02   0.000000E+00  -0.610243E+02   0.122049E+03
   0.331782E+02   0.147329E+01   0.267001E+00   0.142733E+01   0.592499E+01   0.276661E+02  -0.244651E+01  -0.185953E+01  -0.760393E-01  -0.192100E+01   0.267591E-01   0.239382E-02   0.126712E-01   0.701048E-02   0.150896E-02  -0.423640E+02   0.160622E+02   0.000000E+00  -0.584262E+02   0.116852E+03
   0.329642E+02  -0.239564E+01  -0.104215E+01   0.650832E+00  -0.166170E+01   0.293713E+02  -0.317292E+01   0.358804E+00   0.202751E+01  -0.817756E+00   0.276369E-01   0.239382E-02   0.455767E-02   0.260495E-01   0.881496E-02  -0.438379E+02   0.142391E+02   0.000000E+00  -0.580770E+02   0.116154E+03
   0.342560E+02  -0.161782E+01  -0.149328E+01  -0.233481E+01  -0.694847E+01   0.269398E+02   0.422410E+00  -0.163705E+01   0.175873E+01  -0.652801E+01   0.135957E-01   0.569212E-02   0.206838E-02   0.105371E-01   0.966412E-02  -0.435673E+02   0.156245E+02   0.000000E+00  -0.591918E+02   0.118384E+03
   0.340041E+02  -0.182612E+01  -0.903573E-01  -0.136016E+01   0.769328E+01   0.288799E+02  -0.355824E+01   0.108273E+01  -0.688588E+00  -0.644220E-02   0.146644E-01   0.830824E-02   0.324237E-03   0.538018E-03   0.454255E-02  -0.407822E+02   0.170494E+02   0.000000E+00  -0.578316E+02   0.115663E+03
   0.327658E+02  -0.155347E+01   0.102575E+01   0.139347E+01   0.311943E+01   0.285981E+02  -0.240577E+01  -0.447022E+00  -0.389434E+01   0.267570E+01   0.272593E-03   0.564514E-02   0.500117E-02   0.209670E-02   0.239877E-01  -0.418030E+02   0.147476E+02   0.000000E+00  -0.565506E+02   0.113101E+03
   0.323080E+02   0.143436E+01  -0.181523E+01  -0.790213E+01   0.579422E+01   0.283325E+02   0.193796E+00  -0.681762E+00  -0.121918E+01  -0.110036E+02   0.362233E-02   0.906163E-02   0.256869E-01   0.118178E-01   0.421585E-02  -0.469118E+02   0.133425E+02   0.000000E+00  -0.602543E+02   0.120509E+03
   0.323080E+02  -0.231629E+01   0.893112E+00  -0.151224E+01   0.182243E+01   0.283325E+02  -0.706068E+00  -0.471956E+01  -0.885112E+00   0.480166E+01   0.110163E-01   0.113004E-01   0.611388E-01   0.898062E-02   0.562281E-03  -0.474341E+02   0.102225E+02   0.000000E+00  -0.576566E+02   0.115313E+03
   0.326252E+02   0.227842E+01  -0.616757E+01   0.227139E+01   0.707747E+01   0.253978E+02   0.208855E+01   0.970882E-01  -0.210914E+01   0.131500E+01   0.483442E-02   0.215843E-01   0.579384E-01   0.101256E-01   0.196659E-02  -0.510463E+02   0.925919E+01   0.000000E+00  -0.603055E+02   0.120611E+03
   0.326252E+02   0.207899E+01  -0.225873E+01  -0.295882E+01   0.866645E+01   0.294228E+02   0.818448E+00  -0.706291E+01  -0.190044E+01   0.794120E+01   0.821233E-02   0.305620E-02   0.501155E-01   0.145113E-01   0.380123E-01  -0.523683E+02   0.785115E+01   0.000000E+00  -0.602195E+02   0.120439E+03
   0.338556E+02  -0.178175E-01  -0.663303E+00   0.331142E+01   0.180772E+01   0.285143E+02  -0.416089E+01   0.576531E+01  -0.429968E+01   0.579397E+01   0.334951E-01   0.305620E-02   0.111508E-02   0.372255E-02   0.263689E-02  -0.453592E+02   0.173676E+02   0.000000E+00  -0.627268E+02   0.125454E+03
   0.332486E+02  -0.541197E+00   0.115312E+01  -0.221638E+01   0.426028E+01   0.282687E+02  -0.492512E+01  -0.102722E+02  -0.281871E+00  -0.194531E+01   0.728588E-02   0.118558E-01   0.153550E-01   0.859816E-02   0.263689E-02  -0.462769E+02   0.145761E+02   0.000000E+00  -0.608530E+02   0.121706E+03
   0.343042E+02  -0.138059E+01  -0.130098E+01  -0.537744E+01  -0.758197E+01   0.291946E+02  -0.921302E-01  -0.140067E+01  -0.281871E+00   0.792961E+00   0.304205E-01   0.956829E-02   0.176040E-02   0.462224E-01   0.211035E-01  -0.495283E+02   0.105552E+02   0.000000E+00  -0.600835E+02   0.120167E+03
   0.331256E+02   0.167889E+01  -0.258744E-02  -0.144276E+01   0.532309E+01   0.251228E+02  -0.557540E+01   0.139354E+00  -0.281871E+00  -0.201117E+01   0.258472E-01   0.258303E-01   0.133340E-01   0.145281E-02   0.125056E-01  -0.478554E+02   0.131084E+02   0.000000E+00  -0.609638E+02   0.121928E+03
   0.337563E+02  -0.194590E+01  -0.130540E+01  -0.146577E+01   0.893222E+01   0.281734E+02  -0.108165E+01   0.456886E+01  -0.192674E+01   0.233307E+01   0.335617E-02   0.683053E-02   0.469419E-02   0.169379E-01   0.587126E-02  -0.429582E+02   0.149873E+02   0.000000E+00  -0.579455E+02   0.115891E+03
   0.333886E+02  -0.427288E+01   0.189381E-01  -0.142507E+01   0.371164E+01   0.276219E+02  -0.231334E+01   0.435395E+01   0.388204E+01   0.373302E+01   0.113887E-01   0.698356E-02   0.421585E-01   0.231311E-02   0.682534E-02  -0.472002E+02   0.125926E+02   0.000000E+00  -0.597928E+02   0.119586E+03
   0.350520E+02  -0.513065E+01   0.759808E+00   0.397314E+01  -0.698397E+01   0.276219E+02  -0.134933E+01   0.433335E+00   0.705034E+01   0.209243E+01   0.707421E-02   0.777346E-02   0.245306E-01   0.183609E-01   0.563447E-02  -0.490238E+02   0.127907E+02   0.000000E+00  -0.618145E+02   0.123629E+03
   0.333851E+02  -0.252400E+00  -0.432838E+01   0.741541E+00   0.891367E+01   0.286110E+02  -0.384062E+00  -0.127307E+01   0.128338E+01   0.778224E+01   0.279023E-01   0.261487E-02   0.919070E-02   0.150489E-01   0.245570E-03  -0.431105E+02   0.157107E+02   0.000000E+00  -0.588212E+02   0.117642E+03
   0.341029E+02  -0.176653E+01  -0.354774E+01  -0.234580E+00  -0.251635E+01   0.291978E+02  -0.710181E+00  -0.573889E+01  -0.616771E+01  -0.577830E+01   0.162450E-01   0.278016E-02   0.832931E-02   0.171586E-01   0.135707E-02  -0.439517E+02   0.154582E+02   0.000000E+00  -0.594099E+02   0.118820E+03
   0.347084E+02  -0.391162E+01  -0.354673E+01   0.145015E+01  -0.100715E+02   0.272412E+02  -0.132738E+01   0.533901E+01   0.305677E+01   0.568204E+01   0.338448E-01   0.240562E-01   0.108128E-01   0.505347E-02   0.907966E-02  -0.514773E+02   0.135205E+02   0.000000E+00  -0.649978E+02   0.129996E+03
   0.357206E+02  -0.391162E+01  -0.583990E+01   0.110743E+01   0.547690E+01   0.283348E+02   0.355050E+01  -0.296253E+01  -0.244504E+01  -0.196094E+00   0.212074E-01   0.282370E-02   0.141446E-01   0.157310E-01   0.395455E-01  -0.502347E+02   0.111962E+02   0.000000E+00  -0.614309E+02   0.122862E+03
   0.356255E+02  -0.233457E+01   0.252025E+01   0.592718E+01  -0.791055E+00   0.262459E+02  -0.158497E+00  -0.212495E+01   0.202521E+01  -0.266912E+01   0.324518E-02   0.117548E-01   0.114913E-01   0.106145E-01   0.126850E-01  -0.504614E+02   0.137661E+02   0.000000E+00  -0.642275E+02   0.128455E+03
   0.329183E+02  -0.192564E+01   0.168913E+00   0.326194E+01  -0.467040E+01   0.321653E+02  -0.330253E+01  -0.160697E+01  -0.884359E+01  -0.613560E+01   0.234986E-02   0.445078E-02   0.976239E-02   0.228960E-01   0.942031E-02  -0.496011E+02   0.137677E+02   0.000000E+00  -0.633688E+02   0.126738E+03
   0.331707E+02  -0.209924E+01  -0.541895E+01  -0.371025E+01   0.349650E+01   0.300596E+02   0.331851E+01  -0.233095E+01  -0.660376E+00   0.406903E+01   0.679043E-02   0.221966E-02   0.580859E-03   0.125251E-01   0.200687E-02  -0.431058E+02   0.166874E+02   0.000000E+00  -0.597932E+02   0.119586E+03
   0.323595E+02  -0.239633E+01  -0.399935E+00   0.162608E+01   0.467244E+01   0.306399E+02   0.293191E+01   0.704090E+00   0.833183E+00   0.906254E+01   0.301199E-01   0.616868E-02   0.139314E-01   0.766624E-03   0.258694E-01  -0.477560E+02   0.137471E+02   0.000000E+00  -0.615031E+02   0.123006E+03
   0.316064E+02  -0.903387E+00  -0.279599E+00   0.300068E+01  -0.157474E+01   0.299151E+02  -0.408958E+01   0.438953E+01   0.963388E+01   0.141670E+01   0.127160E-02   0.128882E-01   0.129710E-02   0.227444E-01   0.181827E-01  -0.492279E+02   0.129094E+02   0.000000E+00  -0.621373E+02   0.124275E+03
   0.321976E+02  -0.226132E+01   0.211795E+01  -0.611704E+00  -0.176261E+01   0.266394E+02  -0.376054E+00   0.165564E+01   0.180481E+01   0.142828E+00   0.162773E-01   0.176073E-01   0.537197E-03   0.124772E-01   0.137300E-03  -0.426558E+02   0.153448E+02   0.000000E+00  -0.580006E+02   0.116001E+03
   0.319080E+02   0.419185E+00   0.195152E+01   0.176657E+01   0.861713E+00   0.267226E+02  -0.367533E+01   0.138829E+01   0.267801E+01   0.863129E+01   0.114257E-01   0.406003E-02   0.367940E-02   0.275606E-01   0.972893E-02  -0.452593E+02   0.139178E+02   0.000000E+00  -0.591771E+02   0.118354E+03
   0.324697E+02   0.872069E+00  -0.382857E+01  -0.246470E+01   0.285783E+01   0.279796E+02  -0.113966E+01   0.685737E+00  -0.858756E+01   0.926985E+01   0.521445E-02   0.134463E-01   0.160862E-01   0.340701E-02   0.658146E-03  -0.444358E+02   0.150609E+02   0.000000E+00  -0.594967E+02   0.118993E+03
   0.334121E+02  -0.853027E+00  -0.399163E+01  -0.365833E+01   0.476065E+01   0.291803E+02   0.194882E+01  -0.440576E+01  -0.178931E+01  -0.134029E+01   0.285454E-01   0.297545E-02   0.713457E-04   0.212290E-02   0.973047E-02  -0.417518E+02   0.169307E+02   0.000000E+00  -0.586825E+02   0.117365E+03
   0.334121E+02   0.113119E+01   0.860907E-01  -0.988688E+00   0.129162E+02   0.271313E+02  -0.125126E+01   0.481908E+00   0.152299E+01   0.385305E+01   0.710414E-02   0.125783E-01   0.913738E-03   0.121125E-02   0.354722E-02  -0.421999E+02   0.165956E+02   0.000000E+00  -0.587955E+02   0.117591E+03
   0.350336E+02  -0.413142E+01  -0.243102E+01   0.488386E+01  -0.343366E+01   0.264395E+02   0.438924E+01   0.111589E+01   0.563866E+00   0.234578E+01   0.244063E-01   0.464639E-02   0.189587E-01   0.515867E-02   0.295358E-02  -0.466936E+02   0.152489E+02   0.000000E+00  -0.619425E+02   0.123885E+03
   0.315959E+02  -0.151569E+01   0.487259E+00   0.319856E+01  -0.127772E+01   0.296958E+02  -0.238680E+00   0.267947E+00   0.485960E+01   0.480560E+01   0.251565E-01   0.474485E-02   0.384858E-01   0.157661E-01   0.902591E-02  -0.484911E+02   0.116184E+02   0.000000E+00  -0.601095E+02   0.120219E+03
   0.315959E+02  -0.188335E+01  -0.235024E+00  -0.186951E+01  -0.431235E+01   0.271594E+02  -0.601747E+01   0.345459E+01   0.245774E+01  -0.131483E+01   0.193786E-01   0.325870E-02   0.481011E-02   0.156160E-02   0.502590E-02  -0.458548E+02   0.169550E+02   0.000000E+00  -0.628098E+02   0.125620E+03
   0.336819E+02  -0.679786E+00  -0.368732E+01   0.129748E+00   0.432514E+01   0.301705E+02   0.887737E+00  -0.265573E+01  -0.338173E+01  -0.131483E+01   0.147130E-03   0.757781E-03   0.188782E-02   0.192068E-01   0.100140E-01  -0.415903E+02   0.152340E+02   0.000000E+00  -0.568243E+02   0.113649E+03
   0.329226E+02  -0.337953E+00  -0.106444E+01  -0.338132E+01   0.404334E+01   0.283164E+02  -0.140787E+01   0.320963E+00   0.356637E+01   0.387884E+01   0.285215E-01   0.843468E-04   0.175232E-01   0.279133E-01   0.401696E-02  -0.441750E+02   0.134669E+02   0.000000E+00  -0.576419E+02   0.115284E+03
   0.340585E+02   0.167223E+01  -0.511673E+01  -0.516825E+00  -0.334713E+01   0.302900E+02   0.208934E+01  -0.867945E+00   0.557791E-01   0.132342E+01   0.231081E-01   0.797296E-02   0.451348E-02   0.305145E-01   0.401696E-02  -0.492286E+02   0.137189E+02   0.000000E+00  -0.629475E+02   0.125895E+03
   0.341558E+02  -0.397670E+01   0.107098E+01   0.826866E+01   0.170203E+01   0.253356E+02   0.131821E+01   0.554563E+01   0.960198E+00   0.127254E+02   0.280661E-01   0.368232E-02   0.831571E-03   0.197055E-01   0.114799E-01  -0.506162E+02   0.148508E+02   0.000000E+00  -0.654670E+02   0.130934E+03
   0.340968E+02  -0.139513E+01  -0.307460E+01  -0.515036E+01   0.161317E+00   0.275329E+02  -0.148859E+01   0.954264E+00  -0.773918E+01  -0.244829E+01   0.210119E-02   0.252269E-02   0.221685E-01   0.232981E-01   0.815775E-02  -0.458111E+02   0.128060E+02   0.000000E+00  -0.586171E+02   0.117234E+03
   0.326015E+02  -0.163874E+01  -0.339817E+01  -0.479064E+01  -0.178851E+01   0.301801E+02  -0.542470E+00  -0.984757E+01   0.294595E+01  -0.145141E+01   0.845800E-02   0.268429E-02   0.377129E-02   0.845007E-02   0.108199E-02  -0.456462E+02   0.168219E+02   0.000000E+00  -0.624681E+02   0.124936E+03
   0.329934E+02  -0.119458E+01  -0.264116E+01  -0.148027E+01  -0.424820E+01   0.277326E+02   0.750716E+00  -0.400095E+01   0.488897E+01   0.176101E+01   0.592945E-02   0.833273E-03   0.377129E-02   0.277165E-02   0.652721E-02  -0.408688E+02   0.170303E+02   0.000000E+00  -0.578991E+02   0.115798E+03
   0.328255E+02   0.493030E+00  -0.172118E+01  -0.816665E+01  -0.435073E+01   0.281842E+02  -0.358170E+01   0.289168E+01  -0.190504E+01  -0.450782E+00   0.135606E-02   0.166565E-01   0.498592E-02   0.616008E-02   0.179291E-02  -0.445123E+02   0.154611E+02   0.000000E+00  -0.599734E+02   0.119947E+03
   0.329327E+02   0.493030E+00  -0.449816E+01   0.119832E+00   0.725216E+01   0.285155E+02   0.436093E+01   0.329396E+01   0.110969E-01   0.107407E-01   0.206548E-02   0.872913E-02   0.131802E-01   0.616008E-02   0.227851E-01  -0.448157E+02   0.133352E+02   0.000000E+00  -0.581509E+02   0.116302E+03
   0.338315E+02  -0.147021E+01  -0.465994E+01  -0.242602E+01   0.820068E+01   0.291214E+02   0.302887E+01   0.534869E+01   0.318374E+01   0.840328E+01   0.253733E-01   0.357521E-02   0.192015E-01   0.190608E-02   0.182937E-02  -0.461955E+02   0.157695E+02   0.000000E+00  -0.619650E+02   0.123930E+03
   0.332703E+02  -0.846835E+00   0.328094E+01   0.295242E+01   0.587828E+01   0.283964E+02  -0.300975E+01   0.265490E+00   0.328758E+01  -0.749133E+01   0.911183E-02   0.638612E-02   0.110886E-01   0.101622E-02   0.358812E-02  -0.426286E+02   0.162128E+02   0.000000E+00  -0.588414E+02   0.117683E+03
   0.347643E+02  -0.113791E+01  -0.112403E+01  -0.553728E+01   0.893390E+01   0.276859E+02   0.479875E+00  -0.185714E+01  -0.104890E+02  -0.268708E+01   0.276032E-01   0.238918E-02   0.206988E-02   0.420322E-02   0.257354E-02  -0.460764E+02   0.172971E+02   0.000000E+00  -0.633735E+02   0.126747E+03
   0.323907E+02   0.703991E+00   0.359850E+01   0.226282E+01   0.105687E+02   0.298313E+02  -0.388000E+01  -0.378069E+00  -0.257539E+01  -0.135855E+02   0.296185E-01   0.195999E-01   0.976444E-02   0.464474E-02   0.119868E-01  -0.513042E+02   0.138211E+02   0.000000E+00  -0.651253E+02   0.130251E+03
   0.318470E+02   0.301649E+01  -0.267612E+01  -0.331855E+00   0.458482E+01   0.260962E+02  -0.381185E+01  -0.657498E+01   0.504389E+01   0.670249E+01   0.208204E-01   0.246644E-02   0.466196E-02   0.766192E-02   0.673722E-02  -0.459082E+02   0.162679E+02   0.000000E+00  -0.621761E+02   0.124352E+03
   0.323132E+02   0.109130E+01   0.159668E+00  -0.472089E+01   0.444050E-01   0.274153E+02  -0.110792E+01  -0.388772E+01   0.507518E+01   0.309964E+00   0.770689E-02   0.265938E-02   0.112173E-01   0.158045E-01   0.901589E-02  -0.438178E+02   0.145510E+02   0.000000E+00  -0.583688E+02   0.116738E+03
   0.316214E+02  -0.146506E+00   0.339905E+01  -0.147624E+01   0.124398E+01   0.277427E+02  -0.632086E+00  -0.608843E+01   0.130192E+00  -0.496645E+01   0.124479E-01   0.202621E-01   0.222906E-02   0.380226E-02   0.374506E-02  -0.443333E+02   0.154168E+02   0.000000E+00  -0.597501E+02   0.119500E+03
   0.342960E+02  -0.146506E+00   0.133276E+01  -0.446145E+01   0.596471E+01   0.261023E+02  -0.868273E+00  -0.341639E+01   0.339704E+01  -0.857964E+01   0.270708E-02   0.502994E-02   0.569433E-03   0.142023E-01   0.374506E-02  -0.458321E+02   0.160660E+02   0.000000E+00  -0.618981E+02   0.123796E+03
   0.330630E+02  -0.204718E+00  -0.274216E+01  -0.124939E+00   0.127948E+02   0.271620E+02   0.392868E+01   0.516783E+01  -0.406971E+01  -0.142082E+01   0.582275E-03   0.312590E-02   0.601938E-02   0.726506E-02   0.249029E-02  -0.445438E+02   0.165306E+02   0.000000E+00  -0.610744E+02   0.122149E+03
   0.313030E+02   0.324971E+01  -0.652004E+00   0.148600E+01   0.305685E+01   0.279149E+02  -0.407343E+01  -0.624897E+01  -0.450166E+01   0.175511E+01   0.110865E-01   0.216581E-01   0.684865E-02   0.138549E-01   0.150405E-01  -0.489425E+02   0.126805E+02   0.000000E+00  -0.616230E+02   0.123246E+03
   0.334605E+02   0.360048E+01  -0.424204E+01  -0.510228E+01   0.466416E+01   0.279149E+02  -0.439940E+01  -0.102671E+01   0.519749E+01   0.531547E+01   0.305936E-02   0.299632E-03   0.868750E-02   0.313461E-01   0.170755E-01  -0.493614E+02   0.126798E+02   0.000000E+00  -0.620412E+02   0.124082E+03
   0.317572E+02   0.243243E+01  -0.354152E+00  -0.642960E+00   0.772780E+01   0.276250E+02   0.288280E+00  -0.386953E+01   0.303131E+01   0.609358E+01   0.308983E-01   0.115826E-01   0.112772E-01   0.103305E-01   0.981386E-02  -0.463621E+02   0.141203E+02   0.000000E+00  -0.604824E+02   0.120965E+03
   0.331404E+02  -0.463627E+00  -0.418614E+01  -0.637162E+01   0.417417E+00   0.290340E+02   0.993228E+00  -0.276958E+01  -0.383244E+01   0.251363E+01   0.372611E-02   0.188244E-01   0.220258E-02   0.242929E-01   0.981386E-02  -0.450669E+02   0.129073E+02   0.000000E+00  -0.579742E+02   0.115948E+03
   0.341946E+02  -0.220593E+01  -0.123129E+01   0.831208E+01   0.265614E+01   0.290340E+02  -0.423204E+01   0.133402E+01   0.570753E+01  -0.133543E+02   0.137109E-01   0.455607E-02   0.295602E-02   0.171934E-02   0.630474E-02  -0.460227E+02   0.168671E+02   0.000000E+00  -0.628898E+02   0.125780E+03
   0.332051E+02  -0.184171E+01  -0.159962E+01   0.250521E+01  -0.243787E+01   0.283103E+02   0.140487E+00   0.275084E+01  -0.347015E+01  -0.661682E+01   0.137296E-01   0.641970E-02   0.535723E-02   0.294642E-02   0.928021E-03  -0.409841E+02   0.168555E+02   0.000000E+00  -0.578396E+02   0.115679E+03
   0.336928E+02   0.154895E+01  -0.274523E+01  -0.409506E+01   0.284852E+01   0.305382E+02  -0.130196E+01  -0.267901E+01   0.140594E+01  -0.119237E+01   0.107915E-01   0.386124E-02   0.342861E-03   0.213762E-02   0.607967E-02  -0.428079E+02   0.171785E+02   0.000000E+00  -0.599864E+02   0.119973E+03
   0.322781E+02  -0.166070E+01   0.272879E+01  -0.527691E+01   0.241000E+01   0.298461E+02  -0.416358E+01   0.461212E+00  -0.139741E+00   0.554663E+00   0.118507E-01   0.184130E-01   0.130295E-01   0.147794E-01   0.128971E-02  -0.463290E+02   0.136695E+02   0.000000E+00  -0.599985E+02   0.119997E+03
   0.335307E+02  -0.100359E-01  -0.947948E+00   0.429779E+01  -0.819578E+00   0.262785E+02  -0.525583E+00   0.181175E+01  -0.368500E+01  -0.454424E+01   0.239740E-01   0.102401E-01   0.288830E-02   0.303250E-01   0.128971E-02  -0.455217E+02   0.139464E+02   0.000000E+00  -0.594681E+02   0.118936E+03
   0.333498E+02   0.559841E+00  -0.130674E+01  -0.185751E+01   0.101064E+01   0.287936E+02  -0.773410E+00  -0.812790E+00  -0.768393E+01  -0.652671E+01   0.139652E-01   0.230130E-03   0.100737E-01   0.319092E-01   0.128971E-02  -0.445294E+02   0.140704E+02   0.000000E+00  -0.585998E+02   0.117200E+03
   0.333498E+02  -0.305124E+01   0.439733E+00   0.138936E+01   0.297806E+01   0.291937E+02  -0.130654E+01  -0.185961E+01  -0.316530E+01   0.814895E+01   0.184100E-01   0.239607E-02   0.123607E-01   0.156286E-01   0.168966E-02  -0.427968E+02   0.152132E+02   0.000000E+00  -0.580100E+02   0.116020E+03
   0.327691E+02  -0.760891E+00  -0.117298E+01  -0.102709E+01   0.314378E+01   0.300265E+02  -0.867134E+00   0.518670E+01  -0.323260E+01   0.399611E+01   0.922829E-02   0.392537E-03   0.231049E-01   0.519346E-03   0.348658E-01  -0.456494E+02   0.125324E+02   0.000000E+00  -0.581818E+02   0.116364E+03
   0.332762E+02   0.657041E+00  -0.825724E+00  -0.280700E+01   0.579599E+01   0.259459E+02   0.425587E+00   0.492968E+00   0.318630E+01   0.304661E+01   0.135356E-01   0.955566E-02   0.188945E-03   0.139619E-02   0.104238E-01  -0.413345E+02   0.162642E+02   0.000000E+00  -0.575987E+02   0.115197E+03
   0.323605E+02   0.657041E+00  -0.825724E+00  -0.110518E+01   0.863478E+00   0.271552E+02  -0.306984E+01  -0.470898E+01   0.995703E+00   0.350307E+01   0.644042E-02   0.303109E-01   0.406258E-02   0.693936E-02   0.134859E-01  -0.442815E+02   0.129408E+02   0.000000E+00  -0.572223E+02   0.114445E+03
   0.342923E+02  -0.196987E+01  -0.493266E+01   0.426176E+00  -0.123509E+01   0.271130E+02  -0.431483E+01  -0.179388E+01   0.149096E+01   0.993306E+01   0.158742E-01   0.645311E-02   0.250665E-01   0.862547E-02   0.444943E-02  -0.461406E+02   0.139612E+02   0.000000E+00  -0.601018E+02   0.120204E+03
   0.329324E+02  -0.196987E+01  -0.244987E+01   0.155501E+01   0.511872E+01   0.265553E+02  -0.375327E+01  -0.187218E+01   0.533454E+01  -0.361989E+01   0.128071E-01   0.867786E-02   0.213466E-01   0.580525E-02   0.257765E-01  -0.466062E+02   0.122601E+02   0.000000E+00  -0.588663E+02   0.117733E+03
   0.331027E+02   0.249447E+00  -0.108172E+01   0.666696E+00  -0.935456E+01   0.306948E+02   0.101518E+01   0.259017E+01  -0.673481E+01  -0.632461E+01   0.378375E-01   0.605529E-02   0.108872E-01   0.132473E-01   0.179955E-01  -0.521045E+02   0.136022E+02   0.000000E+00  -0.657067E+02   0.131413E+03
   0.341381E+02  -0.175981E+01  -0.108172E+01   0.222329E+00   0.154879E+01   0.288595E+02  -0.106318E+01  -0.398387E+00   0.107562E+01   0.199403E+01   0.178744E-01   0.140820E-01   0.991982E-02   0.789630E-04   0.279098E-02  -0.410258E+02   0.157335E+02   0.000000E+00  -0.567593E+02   0.113519E+03
   0.325083E+02  -0.304445E+01   0.121107E+01  -0.100434E+01  -0.254014E+01   0.296733E+02   0.201206E+01  -0.404922E+01   0.491435E+00   0.105995E+02   0.270524E-01   0.184225E-02   0.539012E-02   0.789630E-04   0.628371E-02  -0.440895E+02   0.170612E+02   0.000000E+00  -0.611507E+02   0.122301E+03
   0.352135E+02  -0.647416E+00  -0.623015E+01  -0.273105E+01   0.136198E+02   0.275177E+02   0.318945E+01   0.315533E+01  -0.181276E+01   0.431740E+01   0.126903E-01   0.329361E-02   0.105729E-01   0.264658E-01   0.159649E-01  -0.495016E+02   0.127910E+02   0.000000E+00  -0.622926E+02   0.124585E+03
   0.337778E+02  -0.933026E+00  -0.412834E+01  -0.416933E+01   0.635283E+01   0.280981E+02  -0.618420E-01  -0.332452E+00   0.415831E+00  -0.387485E+01   0.192602E-01   0.266657E-02   0.959620E-02   0.426441E-02   0.945316E-02  -0.415314E+02   0.158226E+02   0.000000E+00  -0.573540E+02   0.114708E+03
   0.328799E+02   0.114827E+00  -0.404343E+01  -0.267200E+01   0.342761E+01   0.260852E+02  -0.201506E+01  -0.228570E+01  -0.294268E+01   0.112825E+02   0.269985E-01   0.266657E-02   0.115134E-02   0.132455E-01   0.128684E-01  -0.450107E+02   0.154275E+02   0.000000E+00  -0.604382E+02   0.120876E+03
   0.325635E+02   0.114827E+00   0.826971E+00  -0.212816E+01   0.535917E+01   0.264292E+02  -0.217197E+01   0.167597E+01  -0.825699E+01  -0.212132E+01   0.609266E-02   0.500296E-03   0.198976E-03   0.306830E-01   0.512073E-03  -0.436603E+02   0.152312E+02   0.000000E+00  -0.588915E+02   0.117783E+03
   0.334742E+02   0.339011E+00   0.302034E+01   0.203410E+01   0.407486E+01   0.289053E+02  -0.170072E+01   0.248791E+00  -0.257167E+01  -0.212132E+01   0.599548E-02   0.500296E-03   0.713875E-02   0.149838E-02   0.209958E-01  -0.435307E+02   0.154074E+02   0.000000E+00  -0.589381E+02   0.117876E+03
   0.328238E+02  -0.404873E-01   0.242998E+01   0.266676E+01   0.366508E+01   0.279168E+02  -0.192386E+01   0.247731E+01  -0.248780E+01   0.573976E-01   0.254785E-01   0.258773E-02   0.203909E-02   0.664401E-02   0.143685E-01  -0.424710E+02   0.158567E+02   0.000000E+00  -0.583277E+02   0.116655E+03
   0.335579E+02  -0.106894E+01  -0.214239E+00   0.412965E+01   0.353344E+01   0.268553E+02   0.686533E+00  -0.110073E+01  -0.327375E+01  -0.239176E+01   0.124964E-01   0.127244E-01   0.199545E-01   0.878095E-03   0.955083E-02  -0.427610E+02   0.141099E+02   0.000000E+00  -0.568709E+02   0.113742E+03
   0.332869E+02  -0.219605E+01  -0.168224E+01   0.685050E+01   0.707427E+00   0.283431E+02   0.453298E+00  -0.379006E+01  -0.398398E+00  -0.537369E+01   0.160214E-01   0.611061E-02   0.645262E-02   0.878095E-03   0.887675E-02  -0.423319E+02   0.161889E+02   0.000000E+00  -0.585208E+02   0.117042E+03
   0.327388E+02  -0.504600E+01   0.122174E+01   0.325094E+01  -0.428140E+01   0.284145E+02  -0.116185E+01  -0.311975E+01  -0.398398E+00  -0.710983E+01   0.374713E-01   0.113554E-01   0.139233E-01   0.104236E-01   0.370339E-01  -0.520367E+02   0.111471E+02   0.000000E+00  -0.631838E+02   0.126368E+03
   0.315536E+02   0.114598E+01  -0.164514E+00  -0.750118E+01  -0.560573E-01   0.283379E+02  -0.183395E+01  -0.176853E+01  -0.218902E+01   0.539571E+01   0.163956E-01   0.734485E-02   0.113069E-02   0.632968E-02   0.496355E-01  -0.481030E+02   0.119766E+02   0.000000E+00  -0.600796E+02   0.120159E+03
   0.336546E+02   0.114598E+01  -0.164514E+00  -0.379565E+01   0.513225E+01   0.249103E+02  -0.504017E+00  -0.156745E+01  -0.550143E+01  -0.522044E+01   0.170897E-01   0.416655E-02   0.872462E-02   0.140328E-02   0.849271E-02  -0.445442E+02   0.161420E+02   0.000000E+00  -0.606862E+02   0.121372E+03
   0.324877E+02   0.888901E+00  -0.311961E+01   0.924685E+00   0.614645E+01   0.288367E+02   0.148406E+01  -0.117374E+01  -0.359897E+01  -0.521361E+01   0.240630E-01   0.131360E-01   0.618776E-02   0.314262E-02   0.329531E-02  -0.420496E+02   0.158445E+02   0.000000E+00  -0.578941E+02   0.115788E+03
   0.340984E+02  -0.234793E+01  -0.143619E+00  -0.381865E+01  -0.340416E+01   0.264251E+02   0.219796E+01   0.895150E+01  -0.272553E+01  -0.200593E+01   0.820727E-02   0.781974E-02   0.483233E-02   0.463984E-02   0.317434E-02  -0.454033E+02   0.163741E+02   0.000000E+00  -0.617774E+02   0.123555E+03
   0.325312E+02  -0.334922E+01   0.408395E+01  -0.189379E+01   0.100711E+01   0.232962E+02   0.128503E+01   0.424553E+01  -0.773214E+01  -0.264136E+01   0.226947E-01   0.128740E-01   0.134262E-02   0.112526E-01   0.317434E-02  -0.511045E+02   0.155563E+02   0.000000E+00  -0.666608E+02   0.133322E+03
   0.336049E+02  -0.259472E+01  -0.683745E+01   0.391519E+01  -0.850139E+01   0.277126E+02  -0.408223E+01  -0.150260E+01   0.245192E+01   0.418379E+01   0.231505E-01   0.524733E-02   0.134262E-02   0.120947E-01   0.238335E-01  -0.514883E+02   0.141689E+02   0.000000E+00  -0.656572E+02   0.131314E+03
   0.343749E+02  -0.145460E+01  -0.505123E+01   0.410795E+01   0.120279E+02   0.309201E+02  -0.359870E+01  -0.560283E+01  -0.526142E+01   0.338830E+01   0.210125E-02   0.251647E-01   0.239812E-02   0.160304E-01   0.336459E-01  -0.522835E+02   0.106968E+02   0.000000E+00  -0.629803E+02   0.125961E+03
   0.323259E+02  -0.886108E+00  -0.101827E+01   0.897142E+00   0.383432E+01   0.272053E+02   0.789821E+00  -0.480981E+01  -0.601075E+01   0.748896E+00   0.899062E-02   0.175052E-02   0.118310E-02   0.427372E-02   0.542657E-02  -0.404615E+02   0.171573E+02   0.000000E+00  -0.576188E+02   0.115238E+03
   0.319292E+02   0.297864E+00   0.328003E+01   0.124639E+00   0.264771E+01   0.289592E+02  -0.362852E+01   0.355781E+01   0.406519E+01   0.275411E+01   0.189297E-01   0.403607E-02   0.382444E-02   0.677635E-02   0.194488E-01  -0.447817E+02   0.150121E+02   0.000000E+00  -0.597938E+02   0.119588E+03
   0.313519E+02   0.289811E+01  -0.390910E+01   0.441512E+01   0.831940E+01   0.307752E+02   0.378845E+00   0.883149E+00  -0.367128E+00   0.119647E+01   0.375441E-02   0.291776E-02   0.125734E-01   0.108419E-01   0.867453E-02  -0.469153E+02   0.149199E+02   0.000000E+00  -0.618352E+02   0.123670E+03
   0.326934E+02  -0.597541E+00  -0.477993E+01  -0.485105E+01   0.466613E+01   0.300994E+02   0.413629E+00  -0.254115E+00   0.285819E+01   0.290282E+01   0.247189E-01   0.758292E-03   0.292012E-01   0.162270E-01   0.314906E-02  -0.458984E+02   0.134871E+02   0.000000E+00  -0.593855E+02   0.118771E+03
   0.327071E+02   0.160200E+01  -0.178943E+01  -0.695221E+00   0.935771E+01   0.261716E+02  -0.122150E+01   0.918418E+00  -0.736459E+01   0.402971E+01   0.115844E-01   0.865242E-02   0.595962E-02   0.267269E-02   0.654012E-03  -0.426679E+02   0.166268E+02   0.000000E+00  -0.592947E+02   0.118589E+03
   0.323605E+02   0.160200E+01  -0.279383E+01  -0.483320E+01   0.995620E-01   0.293532E+02  -0.393848E+01  -0.638037E+00   0.505399E+01   0.652184E+01   0.454095E-03   0.607029E-02   0.920559E-02   0.267269E-02   0.308588E-03  -0.424961E+02   0.165950E+02   0.000000E+00  -0.590911E+02   0.118182E+03
   0.323309E+02   0.254620E+01  -0.432034E+01   0.375478E+01   0.102394E+02   0.304971E+02  -0.453134E+01  -0.638037E+00  -0.787593E+00  -0.427385E+01   0.748010E-02   0.245018E-02   0.348503E-02   0.191509E-01   0.344368E-01  -0.489997E+02   0.124684E+02   0.000000E+00  -0.614681E+02   0.122936E+03
   0.328478E+02  -0.768841E+00   0.434340E+00  -0.116122E+01  -0.535223E+01   0.280361E+02  -0.411583E+01   0.897023E+00  -0.601610E+01   0.921177E+01   0.748010E-02   0.242781E-02   0.976960E-02   0.567057E-02   0.553839E-02  -0.445726E+02   0.160800E+02   0.000000E+00  -0.606526E+02   0.121305E+03
   0.334482E+02  -0.160907E+01  -0.564026E+00   0.705127E+00   0.132282E+01   0.312430E+02   0.458378E+01   0.908770E+00  -0.409762E+01   0.850202E+01   0.495800E-02   0.891274E-02   0.442321E-02   0.296346E-02   0.290513E-01  -0.468659E+02   0.138856E+02   0.000000E+00  -0.607515E+02   0.121503E+03
   0.325587E+02  -0.982320E+00  -0.183733E+01  -0.805721E+01   0.228366E+01   0.278257E+02   0.383587E+00  -0.445927E+01   0.638858E+01   0.192459E+01   0.653997E-02   0.633210E-02   0.209724E-02   0.366125E-01   0.737542E-02  -0.469939E+02   0.131790E+02   0.000000E+00  -0.601729E+02   0.120346E+03
   0.346213E+02  -0.699637E+00   0.193646E+01  -0.502666E+01  -0.628275E+01   0.283370E+02  -0.533548E+01  -0.305776E+01   0.113636E+01  -0.506065E+01   0.119252E-01   0.191870E-01   0.228186E-01   0.252260E-01   0.424415E-02  -0.519512E+02   0.112731E+02   0.000000E+00  -0.632243E+02   0.126449E+03
   0.335770E+02  -0.418676E+01  -0.166631E+01   0.200564E+01   0.101527E+01   0.268919E+02   0.161058E+01   0.490868E+01  -0.192943E+01   0.667948E+01   0.367958E-02   0.335472E-01   0.550403E-02   0.202930E-01   0.123215E-01  -0.483691E+02   0.112541E+02   0.000000E+00  -0.596232E+02   0.119246E+03
   0.332806E+02  -0.114079E+01  -0.166631E+01  -0.140233E+01   0.373626E+00   0.292291E+02   0.160254E+01  -0.938835E-02  -0.369164E+01  -0.791577E+01   0.106457E-01   0.208832E-01   0.340470E-03   0.454365E-01   0.123215E-01  -0.466814E+02   0.105225E+02   0.000000E+00  -0.572039E+02   0.114408E+03
   0.325355E+02   0.475521E+00   0.385279E-02   0.674115E+00  -0.567782E+01   0.289911E+02  -0.355658E+00   0.751780E+01   0.210490E+01  -0.282531E+01   0.186156E-01   0.550317E-02   0.340470E-03   0.198183E-01   0.108190E-01  -0.471171E+02   0.147726E+02   0.000000E+00  -0.618897E+02   0.123779E+03
   0.321637E+02   0.475521E+00  -0.387524E+01   0.644598E+00   0.957575E+01   0.300300E+02   0.337144E+00   0.223076E+01   0.866288E+00   0.157401E+02   0.255305E-01   0.503024E-01   0.139399E-01   0.631194E-02   0.399064E-02  -0.529465E+02   0.109662E+02   0.000000E+00  -0.639127E+02   0.127825E+03
   0.344722E+02  -0.108387E+01   0.129986E+00   0.262131E+01  -0.141615E+01   0.259453E+02   0.261146E+01  -0.284987E+01   0.459995E+01   0.118963E+01   0.209902E-02   0.127044E-01   0.478747E-02   0.233039E-02   0.151295E-02  -0.449488E+02   0.162872E+02   0.000000E+00  -0.612360E+02   0.122472E+03
   0.337400E+02  -0.745052E+00  -0.311434E+01   0.444413E+00   0.343282E+01   0.291233E+02   0.499971E+01  -0.564260E+01  -0.873152E-01  -0.557314E+01   0.222981E-01   0.708777E-02   0.116138E-01   0.950301E-02   0.161543E-01  -0.460051E+02   0.139848E+02   0.000000E+00  -0.599899E+02   0.119980E+03
   0.347790E+02  -0.126239E+01  -0.886602E+01   0.401084E+01  -0.128761E+01   0.296146E+02   0.304060E+00  -0.160276E+01  -0.553046E+00  -0.401834E+01   0.234879E-01   0.153982E-01   0.304525E-01   0.546354E-02   0.978140E-02  -0.505681E+02   0.123111E+02   0.000000E+00  -0.628792E+02   0.125758E+03
   0.324897E+02   0.106561E+00   0.265913E+01  -0.309223E+01  -0.211258E+00   0.286107E+02   0.939851E-01   0.266879E+01   0.415384E+01  -0.133844E+01   0.213015E-01   0.105277E-01   0.143392E-02   0.259617E-01   0.176040E-01  -0.464313E+02   0.128679E+02   0.000000E+00  -0.592992E+02   0.118598E+03
   0.328089E+02  -0.444162E+00  -0.229222E+01  -0.988653E+00   0.827814E+01   0.288369E+02   0.347682E+01  -0.556859E+01   0.119052E+01  -0.352407E+01   0.200072E-02   0.218253E-02   0.217816E-02   0.794178E-02   0.320964E-02  -0.412743E+02   0.168695E+02   0.000000E+00  -0.581438E+02   0.116288E+03
   0.339051E+02  -0.806890E+00   0.145968E+01   0.109331E+01   0.987767E+01   0.263795E+02   0.235945E+01  -0.132992E+01  -0.561509E+01   0.255265E+01   0.460738E-02   0.310082E-02   0.157174E-02   0.116468E-02   0.192294E-02  -0.416243E+02   0.176447E+02   0.000000E+00  -0.592690E+02   0.118538E+03
   0.316108E+02   0.245499E+01   0.145968E+01  -0.214899E+01   0.384931E+01   0.272125E+02  -0.436950E+01  -0.132992E+01   0.109181E+02  -0.555117E+00   0.147221E-01   0.496388E-02   0.165258E-01   0.292153E-02   0.282273E-02  -0.460625E+02   0.156973E+02   0.000000E+00  -0.617598E+02   0.123520E+03
   0.338085E+02  -0.111142E+00  -0.381122E+01  -0.218005E+01  -0.286872E+01   0.293093E+02  -0.133183E+01   0.406127E+00   0.289549E+01  -0.324155E+01   0.150602E-01   0.366089E-02   0.139771E-02   0.134608E-01   0.549901E-02  -0.420926E+02   0.160188E+02   0.000000E+00  -0.581114E+02   0.116223E+03
   0.318309E+02  -0.156959E+01  -0.243244E+00   0.588322E+01  -0.153800E+01   0.250009E+02  -0.133183E+01   0.879786E+00   0.324465E-01   0.944026E+00   0.126935E-01   0.265882E-04   0.987983E-03   0.274265E-01   0.302252E-02  -0.459357E+02   0.152743E+02   0.000000E+00  -0.612100E+02   0.122420E+03
   0.325564E+02   0.314588E+00  -0.162250E+01  -0.952310E+00  -0.121754E+01   0.294544E+02  -0.151094E+01   0.708531E+00   0.563298E+01   0.106192E+02   0.124821E-01   0.544106E-02   0.165854E-01   0.305910E-01   0.493508E-02  -0.465248E+02   0.126654E+02   0.000000E+00  -0.591902E+02   0.118380E+03
   0.339223E+02   0.814680E+00  -0.162250E+01   0.336360E+01   0.983345E+01   0.275559E+02   0.120675E+01  -0.104174E+00  -0.838100E+01  -0.849958E+01   0.841787E-03   0.317221E-01   0.213613E-01   0.827524E-02   0.849162E-02  -0.487553E+02   0.114357E+02   0.000000E+00  -0.601910E+02   0.120382E+03
   0.332357E+02  -0.124597E+01  -0.207804E+01  -0.194319E+01   0.661468E+01   0.295078E+02   0.120675E+01  -0.155021E+01   0.510276E+01   0.112656E+02   0.153894E-03   0.106886E-01   0.694285E-02   0.167907E-01   0.804107E-02  -0.445497E+02   0.141744E+02   0.000000E+00  -0.587241E+02   0.117448E+03
   0.335717E+02  -0.608526E+00  -0.356446E+01  -0.304771E+01   0.602303E+01   0.283512E+02   0.185472E+01  -0.366322E+01   0.104613E+01  -0.549874E+01   0.496452E-02   0.148413E-01   0.199813E-02   0.865912E-02   0.133977E-01  -0.426312E+02   0.145311E+02   0.000000E+00  -0.571623E+02   0.114325E+03
   0.344233E+02  -0.163419E+01  -0.216191E+01  -0.508470E+01   0.528173E+01   0.309571E+02  -0.797534E+01  -0.188920E+01   0.104613E+01   0.509501E+01   0.165604E-01   0.135771E-01   0.415715E-02   0.804144E-03   0.112113E-01  -0.480237E+02   0.154457E+02   0.000000E+00  -0.634694E+02   0.126939E+03
   0.344233E+02  -0.346096E+01  -0.322805E+01  -0.301836E+00   0.470141E+01   0.272237E+02  -0.424818E+01   0.245421E+01   0.623574E+00   0.639656E+01   0.870552E-02   0.236928E-01   0.943927E-02   0.376207E-02   0.892044E-02  -0.454917E+02   0.138392E+02   0.000000E+00  -0.593309E+02   0.118662E+03
   0.349257E+02  -0.280807E+01  -0.349345E+01   0.882226E+01   0.144713E+00   0.272237E+02  -0.179572E+01  -0.312169E+01  -0.366058E+01   0.529345E+01   0.216775E-01   0.456236E-02   0.166931E-01   0.929422E-03   0.100748E-01  -0.467431E+02   0.151947E+02   0.000000E+00  -0.619378E+02   0.123876E+03
   0.339800E+02  -0.242205E+01  -0.152901E+01   0.290543E+01  -0.592951E+01   0.308203E+02   0.503890E+01  -0.613312E+00  -0.740206E+01  -0.690180E+01   0.945265E-02   0.518198E-02   0.322016E-02   0.178465E-02   0.160667E-02  -0.458291E+02   0.172413E+02   0.000000E+00  -0.630704E+02   0.126141E+03
   0.337920E+02  -0.203286E+01  -0.149951E+01   0.338597E+00   0.466244E+01   0.283671E+02  -0.110913E+01  -0.255322E+01  -0.958557E+00  -0.241866E+01   0.896008E-02   0.438230E-02   0.361312E-02   0.164428E-02   0.109730E-03  -0.384290E+02   0.174457E+02   0.000000E+00  -0.558747E+02   0.111749E+03
   0.327778E+02  -0.612446E+00  -0.151489E+01   0.257369E+01   0.784648E+01   0.290546E+02  -0.145243E+00  -0.499172E+00  -0.578204E+00  -0.137190E+02   0.790784E-02   0.438230E-02   0.855673E-02   0.116452E-01   0.109730E-03  -0.434035E+02   0.159513E+02   0.000000E+00  -0.593548E+02   0.118710E+03
   0.331832E+02  -0.204911E+00  -0.554501E+01  -0.132336E+01   0.102653E+02   0.281708E+02  -0.443461E+00   0.196982E+01   0.464345E-01   0.772942E+01   0.203194E-02   0.874117E-02   0.209533E-02   0.965611E-02   0.301151E-03  -0.424821E+02   0.163413E+02   0.000000E+00  -0.588234E+02   0.117647E+03
   0.320587E+02  -0.165381E+01   0.111794E+00   0.217834E+01  -0.377410E+00   0.293583E+02   0.648272E+00  -0.125411E+02  -0.123665E+01   0.976598E+01   0.250128E-01   0.290151E-01   0.124774E-03   0.151174E-02   0.103902E-01  -0.501929E+02   0.143165E+02   0.000000E+00  -0.645094E+02   0.129019E+03
   0.333397E+02  -0.212367E+01  -0.352288E+00   0.585010E+01  -0.151098E+01   0.298176E+02  -0.162387E+01   0.297050E+00  -0.212032E+01  -0.119382E+01   0.214128E-02   0.225889E-02   0.373517E-02   0.922433E-02   0.658073E-03  -0.412083E+02   0.168330E+02   0.000000E+00  -0.580413E+02   0.116083E+03
   0.346449E+02  -0.331003E+01  -0.574256E+01   0.511265E+00   0.178314E+01   0.257209E+02   0.106634E+01  -0.219799E+01  -0.981437E-01  -0.963647E+00   0.890160E-02   0.497189E-03   0.113760E-01   0.112849E-02   0.749089E-02  -0.433555E+02   0.163714E+02   0.000000E+00  -0.597269E+02   0.119454E+03
   0.345526E+02  -0.371274E+01   0.243253E+01   0.536836E+01  -0.287440E+01   0.265538E+02   0.612993E+00   0.500461E+01   0.507522E+01   0.138419E+01   0.136315E-01   0.142139E-02   0.515728E-02   0.641714E-02   0.458334E-02  -0.448345E+02   0.166628E+02   0.000000E+00  -0.614973E+02   0.122995E+03
   0.341339E+02  -0.237055E+01  -0.415526E+01   0.221097E+01   0.525579E+01   0.294225E+02   0.139295E+01   0.128697E+01  -0.230785E+01   0.369706E+01   0.112439E-01   0.638292E-03   0.210430E-01   0.189236E-01   0.111439E-02  -0.431967E+02   0.142488E+02   0.000000E+00  -0.574455E+02   0.114891E+03
   0.348499E+02  -0.238621E+01  -0.273285E+01  -0.499818E+01   0.155104E+01   0.268771E+02  -0.222758E+01  -0.793949E-01   0.274260E-01   0.301786E+01   0.148357E-01   0.342961E-02   0.188900E-01   0.377467E-03   0.348517E-02  -0.428029E+02   0.158025E+02   0.000000E+00  -0.586054E+02   0.117211E+03
   0.350907E+02  -0.247272E+01  -0.419526E+01   0.325521E+01   0.107839E+01   0.302632E+02   0.509025E+00   0.270505E+00   0.180128E+01  -0.311723E+01   0.204182E-01   0.243338E-02   0.217143E-01   0.383815E-02   0.177408E-01  -0.461580E+02   0.138480E+02   0.000000E+00  -0.600060E+02   0.120012E+03
   0.328349E+02   0.107558E+01  -0.351651E+01  -0.698159E+00   0.362983E+01   0.305834E+02   0.145761E+01   0.126227E+01   0.107818E+02  -0.521473E+01   0.117101E-01   0.921953E-02   0.188345E-01   0.147824E-02   0.150484E-01  -0.473798E+02   0.139626E+02   0.000000E+00  -0.613424E+02   0.122685E+03
   0.318429E+02  -0.804837E+00  -0.876081E-01   0.172923E+00   0.949658E+00   0.291201E+02   0.450937E+00   0.244093E+01   0.116657E+01  -0.629877E+01   0.228241E-01   0.521640E-03   0.116164E-02   0.173503E-01   0.512094E-02  -0.421498E+02   0.160052E+02   0.000000E+00  -0.581550E+02   0.116310E+03
   0.346019E+02  -0.225047E+01  -0.275653E+01  -0.463896E+01   0.592729E+01   0.271414E+02   0.537911E+00  -0.428625E+01  -0.541224E+01  -0.328420E+01   0.207443E-01   0.208113E-02   0.131092E-01   0.550172E-02   0.314609E-02  -0.439728E+02   0.160369E+02   0.000000E+00  -0.600097E+02   0.120019E+03
   0.340108E+02  -0.257829E+00  -0.366393E+01   0.490068E+01  -0.556849E+01   0.256795E+02  -0.304043E+01  -0.296299E+01  -0.112673E+01   0.134066E+02   0.723450E-02   0.337363E-02   0.123413E-02   0.207086E-01   0.157941E-03  -0.485415E+02   0.158733E+02   0.000000E+00  -0.644148E+02   0.128830E+03
   0.330900E+02   0.184864E+01  -0.482918E+01  -0.453977E+01   0.630355E+01   0.285577E+02  -0.118047E+00  -0.380254E+01   0.799436E+00  -0.629169E+01   0.913023E-03   0.222525E-04   0.860502E-02   0.572239E-02   0.157941E-03  -0.414627E+02   0.169699E+02   0.000000E+00  -0.584326E+02   0.116865E+03
   0.341069E+02  -0.121538E+01  -0.290973E+01   0.601978E+00   0.332895E+01   0.290701E+02  -0.110620E+01  -0.186132E+01   0.309803E+01   0.437858E+01   0.165234E-01   0.222525E-04   0.278724E-01   0.477147E-01   0.262858E-02  -0.463972E+02   0.105969E+02   0.000000E+00  -0.569941E+02   0.113988E+03
   0.331790E+02  -0.424251E+00  -0.282036E+01   0.141231E+01   0.575664E+01   0.275628E+02  -0.392912E+01   0.486946E+01   0.502008E+01   0.118484E+01   0.337696E-02   0.288682E-01   0.299895E-02   0.107426E-01   0.262858E-02  -0.440419E+02   0.138968E+02   0.000000E+00  -0.579387E+02   0.115877E+03
   0.331267E+02  -0.553519E+00  -0.263019E+01   0.141231E+01   0.278171E+01   0.252274E+02   0.104875E+01   0.383223E+01  -0.515692E+01   0.118484E+01   0.114311E-01   0.198440E-02   0.227940E-02   0.513274E-03   0.581352E-02  -0.411069E+02   0.173616E+02   0.000000E+00  -0.584685E+02   0.116937E+03
   0.331267E+02  -0.206891E+01  -0.307884E+01   0.516990E+01   0.371180E+01   0.275290E+02  -0.199476E+01  -0.785621E+01  -0.422012E+01  -0.444712E+00   0.650137E-02   0.198440E-02   0.429673E-03   0.688321E-02   0.224972E-01  -0.454721E+02   0.152412E+02   0.000000E+00  -0.607133E+02   0.121427E+03
   0.349969E+02  -0.792844E+00  -0.885930E+01  -0.410520E+01  -0.416769E+01   0.264659E+02   0.159452E+00  -0.274414E+01  -0.278039E+01   0.123253E+02   0.600985E-02   0.128112E-01   0.639677E-03   0.632287E-02   0.193645E-01  -0.512128E+02   0.145069E+02   0.000000E+00  -0.657197E+02   0.131439E+03
   0.355746E+02   0.834808E+00  -0.346964E+01  -0.806989E+01  -0.529673E+01   0.258120E+02  -0.253102E+01  -0.455734E+01  -0.263345E+01  -0.637683E+01   0.634542E-02   0.174363E-01   0.335822E-02   0.404763E-02   0.413827E-02  -0.479176E+02   0.155226E+02   0.000000E+00  -0.634402E+02   0.126880E+03
   0.355746E+02   0.243445E+00  -0.442759E+01  -0.531002E+01  -0.459803E+01   0.262838E+02  -0.861286E-01  -0.125411E+01  -0.512128E+01  -0.124965E+02   0.109404E-01   0.446025E-02   0.484293E-03   0.652677E-02   0.118414E-01  -0.477491E+02   0.160894E+02   0.000000E+00  -0.638385E+02   0.127677E+03
   0.334362E+02  -0.183671E+01  -0.265068E+00   0.107415E+00  -0.608564E+01   0.268729E+02   0.352794E+01  -0.306107E+01  -0.926734E+01  -0.940211E+00   0.602728E-02   0.455846E-02   0.843791E-02   0.652677E-02   0.791932E-02  -0.448273E+02   0.156764E+02   0.000000E+00  -0.605037E+02   0.121007E+03
   0.350818E+02  -0.453275E+01   0.955382E-01   0.492051E+01  -0.107342E+02   0.276702E+02  -0.272939E+00  -0.307814E+01  -0.161127E+01  -0.804375E+01   0.941991E-02   0.139813E-02   0.413566E-02   0.652677E-02   0.179214E-01  -0.483046E+02   0.154225E+02   0.000000E+00  -0.637271E+02   0.127454E+03
   0.326820E+02   0.656447E+00  -0.251922E+01  -0.732826E+00   0.715150E+01   0.276702E+02  -0.189039E+01  -0.269473E+01   0.703380E+01   0.536119E+01   0.350333E-01   0.749782E-02   0.146123E-01   0.110017E-01   0.127299E-01  -0.462781E+02   0.138365E+02   0.000000E+00  -0.601146E+02   0.120229E+03
   0.348750E+02  -0.185542E+01  -0.435986E+01  -0.525295E+01  -0.882695E+00   0.251496E+02  -0.431138E+01   0.157655E+01   0.397320E+01   0.171559E+00   0.667552E-02   0.140552E-01   0.195990E-01   0.170116E-01   0.123866E-01  -0.490471E+02   0.121154E+02   0.000000E+00  -0.611625E+02   0.122325E+03
   0.342698E+02   0.133121E+01  -0.435986E+01  -0.419925E+01  -0.988892E+01   0.310954E+02   0.268493E+01  -0.571529E+01   0.146597E+01  -0.357975E+01   0.362212E-01   0.430031E-03   0.300940E-02   0.559557E-02   0.380458E-02  -0.488450E+02   0.171367E+02   0.000000E+00  -0.659817E+02   0.131963E+03
   0.331569E+02   0.442120E-01  -0.183699E+01  -0.218492E+01   0.286054E+01   0.255076E+02  -0.776708E+00   0.427543E+01   0.963717E+01  -0.609302E+01   0.324491E-03   0.823136E-03   0.300940E-02   0.559557E-02   0.112586E-01  -0.439791E+02   0.163520E+02   0.000000E+00  -0.603311E+02   0.120662E+03
   0.326892E+02   0.442120E-01  -0.276462E+01  -0.256177E+01   0.280801E+01   0.283119E+02   0.913033E+00  -0.287460E+01   0.686982E+01   0.191449E+01   0.212395E-01   0.601520E-02   0.192530E-01   0.207996E-01   0.609536E-02  -0.446488E+02   0.132044E+02   0.000000E+00  -0.578532E+02   0.115706E+03
   0.330765E+02  -0.640784E+00  -0.216605E+01  -0.116345E+01  -0.341970E+01   0.297446E+02  -0.530043E+01   0.579629E+01   0.243120E+01   0.320309E+01   0.169439E-01   0.166409E-02   0.358663E-02   0.986436E-03   0.258249E-02  -0.432726E+02   0.175387E+02   0.000000E+00  -0.608113E+02   0.121623E+03
   0.329802E+02   0.739325E+00  -0.563631E+00   0.972312E+00   0.315329E+01   0.290121E+02  -0.208475E+01  -0.274557E+01   0.243120E+01   0.644256E+01   0.307790E-02   0.178780E-02   0.946821E-02   0.109927E-01   0.572503E-02  -0.416795E+02   0.156233E+02   0.000000E+00  -0.573028E+02   0.114606E+03
   0.319014E+02   0.739325E+00  -0.198898E+01  -0.722005E+01  -0.106370E+01   0.272910E+02  -0.347485E+01  -0.251169E+01   0.208058E+01  -0.171003E+01   0.857962E-02   0.564506E-02   0.394556E-02   0.377672E-02   0.188862E-01  -0.443574E+02   0.151953E+02   0.000000E+00  -0.595527E+02   0.119105E+03
   0.323991E+02  -0.493446E+00  -0.377719E+01   0.731504E+00  -0.372945E+01   0.283081E+02   0.225291E+01  -0.186142E+01  -0.331319E+01  -0.495897E+01   0.635685E-02   0.536150E-02   0.399925E-01   0.377672E-02   0.103887E-01  -0.460553E+02   0.124687E+02   0.000000E+00  -0.585240E+02   0.117048E+03
   0.323991E+02   0.644419E+00   0.333812E+00   0.828799E+00   0.596568E+01   0.280650E+02   0.188781E+01  -0.158747E+01   0.135630E+01  -0.118228E+02   0.191581E-01   0.763868E-02   0.107595E-01   0.361299E-03   0.104029E-01  -0.436427E+02   0.155044E+02   0.000000E+00  -0.591471E+02   0.118294E+03
   0.332766E+02  -0.245058E+01  -0.317031E+01  -0.123380E+01   0.722636E+01   0.265504E+02   0.282123E+01  -0.538488E+01  -0.200207E+00   0.872889E+00   0.917085E-02   0.414527E-02   0.183798E-01   0.645063E-02   0.318637E-01  -0.472350E+02   0.123367E+02   0.000000E+00  -0.595717E+02   0.119143E+03
   0.335182E+02  -0.513048E-01  -0.330135E+01   0.137085E+01   0.987594E+01   0.292758E+02  -0.402089E+01  -0.235591E+01   0.517909E+01  -0.357748E+01   0.658107E-02   0.278875E-01   0.140794E-01   0.129445E-01   0.151070E-01  -0.468101E+02   0.114188E+02   0.000000E+00  -0.582289E+02   0.116458E+03
   0.345524E+02  -0.426859E+01  -0.166256E+00   0.432521E+00   0.453475E+01   0.283075E+02   0.555933E+01   0.288292E-02  -0.131913E+01  -0.657578E+01   0.110436E-02   0.521876E-02   0.106264E-01   0.103860E-02   0.121945E-02  -0.436950E+02   0.166104E+02   0.000000E+00  -0.603054E+02   0.120611E+03
   0.340152E+02   0.219017E+00  -0.426709E+01  -0.443355E+01   0.264678E+01   0.248558E+02   0.303776E+01  -0.226240E+01  -0.330569E+01   0.277423E+01   0.159333E-01   0.186258E-02   0.557460E-02   0.112361E-01   0.152118E-01  -0.452712E+02   0.150322E+02   0.000000E+00  -0.603034E+02   0.120607E+03
   0.348427E+02  -0.470133E+01  -0.307967E+01  -0.372240E+01   0.219395E+01   0.292080E+02  -0.541146E-01  -0.677581E+01   0.356640E+01  -0.469601E+01   0.173505E-01   0.624700E-02   0.234068E-02   0.135129E-01   0.126978E-01  -0.468747E+02   0.149408E+02   0.000000E+00  -0.618155E+02   0.123631E+03
   0.326238E+02   0.122178E+00  -0.897355E-01  -0.486216E+01   0.647404E+01   0.301905E+02   0.701772E+00  -0.426365E+00  -0.263153E+01   0.598291E+01   0.121237E-01   0.237864E-01   0.234068E-02   0.556546E-02   0.439894E-02  -0.439207E+02   0.148115E+02   0.000000E+00  -0.587322E+02   0.117464E+03
   0.340050E+02  -0.327569E+01  -0.226262E+01   0.387594E-01   0.573796E+00   0.331348E+02  -0.293683E+01  -0.133884E+01   0.381410E+01  -0.834903E+00   0.151071E-01   0.793485E-02   0.234068E-02   0.420927E-01   0.702362E-02  -0.490322E+02   0.124815E+02   0.000000E+00  -0.615137E+02   0.123027E+03
   0.332505E+02  -0.327569E+01   0.143107E+01   0.305532E+01   0.573796E+00   0.281128E+02  -0.220211E+00   0.234827E+01  -0.570128E+00   0.299195E+00   0.777691E-02   0.118474E-01   0.546197E-02   0.256556E-01   0.185412E-01  -0.446394E+02   0.122701E+02   0.000000E+00  -0.569095E+02   0.113819E+03
   0.339003E+02  -0.596970E+00  -0.366455E+01  -0.836069E+00   0.684326E+01   0.299668E+02  -0.203596E+01  -0.520667E+01   0.578890E+01  -0.371508E+01   0.503952E-02   0.118836E-01   0.689788E-01   0.160834E-01   0.261988E-01  -0.522317E+02   0.610622E+01   0.000000E+00  -0.583379E+02   0.116676E+03
   0.326440E+02  -0.228179E+01   0.100048E+01  -0.759208E+01   0.181845E+01   0.270076E+02   0.170002E+01   0.264988E+00   0.140193E+01   0.388410E+00   0.150856E-01   0.114587E-02   0.223505E-02   0.211545E-01   0.584413E-03  -0.439363E+02   0.159087E+02   0.000000E+00  -0.598450E+02   0.119690E+03
   0.336584E+02  -0.151772E+01  -0.217684E+01  -0.543153E+01   0.222233E+01   0.283488E+02   0.317954E+00  -0.629967E+00   0.295918E+01  -0.128986E+02   0.587991E-03   0.766218E-02   0.138553E-01   0.166373E-01   0.738147E-02  -0.453957E+02   0.138671E+02   0.000000E+00  -0.592628E+02   0.118526E+03
   0.331189E+02  -0.162420E+01  -0.115119E+01   0.103587E+01   0.614641E+01   0.302397E+02   0.366979E+01  -0.105756E+01  -0.277893E+01  -0.137376E+01   0.109901E-01   0.695264E-02   0.148732E-02   0.128987E-01   0.178843E-01  -0.429257E+02   0.144984E+02   0.000000E+00  -0.574241E+02   0.114848E+03
   0.327076E+02   0.331915E+00   0.710025E+00   0.221073E+01   0.571676E+01   0.272132E+02  -0.408731E+01  -0.459384E+01  -0.135584E+01   0.173218E+01   0.159540E-02   0.614514E-02   0.235176E-01   0.132740E-01   0.106061E-01  -0.447400E+02   0.130664E+02   0.000000E+00  -0.578064E+02   0.115613E+03
   0.328730E+02  -0.912643E+00   0.579576E+01  -0.294685E+01   0.262613E+01   0.261238E+02  -0.448683E+01   0.462820E+01   0.335457E+00  -0.154405E+01   0.167742E-02   0.295043E-01   0.104325E-01   0.349151E-02   0.976388E-02  -0.492529E+02   0.131015E+02   0.000000E+00  -0.623544E+02   0.124709E+03
   0.331733E+02   0.313670E+01  -0.639578E+01  -0.726883E+01   0.527764E+01   0.261238E+02  -0.272841E+01  -0.333299E+01   0.229540E+01   0.693764E+01   0.744815E-02   0.161653E-01   0.783668E-02   0.156257E-01   0.101133E-01  -0.482102E+02   0.134466E+02   0.000000E+00  -0.616568E+02   0.123314E+03
   0.328448E+02   0.176265E+01  -0.253624E+01  -0.428865E+01   0.527764E+01   0.290678E+02  -0.183899E+01   0.427920E+01   0.490648E+01   0.243052E+01   0.455107E-02   0.560224E-02   0.998928E-03   0.167230E-01   0.121694E-01  -0.440692E+02   0.148713E+02   0.000000E+00  -0.589405E+02   0.117881E+03
   0.318233E+02  -0.104568E+00  -0.358484E+00   0.123351E+01  -0.930221E+00   0.259945E+02   0.234996E+01   0.121527E+01   0.490648E+01  -0.403701E+01   0.221659E-01   0.158573E-01   0.998928E-03   0.527575E-02   0.126624E-01  -0.446832E+02   0.149412E+02   0.000000E+00  -0.596244E+02   0.119249E+03
   0.331387E+02  -0.345018E+01  -0.358484E+00   0.180632E+01   0.341853E+01   0.286094E+02   0.449395E+01  -0.120674E+01  -0.439291E+01   0.143698E+01   0.130501E-01   0.163710E-01   0.998928E-03   0.108132E-01   0.331547E-02  -0.431732E+02   0.152708E+02   0.000000E+00  -0.584440E+02   0.116888E+03
   0.344083E+02  -0.234650E+01   0.168149E+00  -0.454074E+01  -0.154785E+01   0.283001E+02  -0.153917E+01  -0.280979E+01   0.255477E+01  -0.376096E+01   0.231511E-01   0.153607E-01   0.998928E-03   0.227267E-01   0.925742E-02  -0.455538E+02   0.135863E+02   0.000000E+00  -0.591401E+02   0.118280E+03
   0.335445E+02  -0.303622E+01   0.398379E+00   0.125407E+01  -0.250996E+01   0.284191E+02   0.273822E+00  -0.547756E+01  -0.326413E+01   0.657729E+00   0.631157E-02   0.145159E-01   0.908508E-03   0.178230E-01   0.150889E-01  -0.440364E+02   0.135870E+02   0.000000E+00  -0.576234E+02   0.115247E+03
   0.338206E+02  -0.888048E+00  -0.232932E+01   0.199773E+01   0.511384E+01   0.267617E+02  -0.384624E+01  -0.488904E+01   0.250290E+01  -0.345146E+00   0.165981E-01   0.167091E-01   0.112739E-01   0.807542E-02   0.565483E-02  -0.438220E+02   0.142494E+02   0.000000E+00  -0.580714E+02   0.116143E+03
   0.330799E+02  -0.888048E+00  -0.414798E+01  -0.186378E+01  -0.205314E+01   0.291942E+02  -0.224355E+01  -0.393842E+01   0.250290E+01   0.469581E+01   0.203292E-01   0.570601E-02   0.129197E-01   0.241459E-02   0.759630E-03  -0.420567E+02   0.162407E+02   0.000000E+00  -0.582974E+02   0.116595E+03
   0.328328E+02   0.126360E+00  -0.145103E+01   0.574920E+01   0.592740E+01   0.300774E+02  -0.484892E+01  -0.445654E+01   0.358454E+01   0.977686E+01   0.192744E-01   0.650666E-02   0.540871E-02   0.280932E-02   0.331911E-02  -0.447758E+02   0.166163E+02   0.000000E+00  -0.613921E+02   0.122784E+03
   0.317939E+02   0.307462E+01   0.512613E+01   0.248065E+01   0.649359E+01   0.287461E+02   0.938780E+00   0.343521E+01   0.387176E+01  -0.683592E+01   0.749003E-03   0.802980E-02   0.108901E-01   0.121021E-01   0.580199E-02  -0.494288E+02   0.147383E+02   0.000000E+00  -0.641671E+02   0.128334E+03
   0.322301E+02  -0.198451E+01  -0.487851E+00  -0.124558E+01  -0.740356E+01   0.263662E+02  -0.337567E+01   0.335687E+01   0.463009E+01  -0.102904E+01   0.413005E-02   0.270742E-02   0.943294E-03   0.943105E-03   0.222805E-02  -0.437515E+02   0.177385E+02   0.000000E+00  -0.614900E+02   0.122980E+03
   0.336671E+02   0.129206E+00   0.157500E+01   0.983391E+01   0.645499E+01   0.281976E+02  -0.210701E+01  -0.372466E+01   0.392589E+00  -0.167526E+01   0.347712E-02   0.892830E-03   0.542212E-02   0.838378E-02   0.600588E-02  -0.444433E+02   0.163502E+02   0.000000E+00  -0.607935E+02   0.121587E+03
   0.326565E+02  -0.279744E+00  -0.300312E+01  -0.499180E+00   0.527694E+00   0.259687E+02   0.525290E+01  -0.217274E+01   0.582837E+01   0.806501E+01   0.183736E-01   0.298230E-02   0.155820E-02   0.611687E-03   0.858085E-03  -0.435530E+02   0.178197E+02   0.000000E+00  -0.613727E+02   0.122745E+03
   0.330996E+02   0.476518E+00  -0.802986E+00   0.282738E+01   0.586430E+01   0.296622E+02  -0.955794E+00  -0.312488E+01   0.682827E+01  -0.392421E+00   0.119349E-02   0.533850E-03   0.415054E-03   0.179439E-02   0.153044E-01  -0.411294E+02   0.166159E+02   0.000000E+00  -0.577453E+02   0.115491E+03
   0.326428E+02   0.271063E+01  -0.383616E+01   0.109979E+01   0.697791E+01   0.249976E+02   0.337791E+01  -0.398398E-01   0.448521E+01   0.696435E+01   0.210122E-01   0.176925E-03   0.831479E-03   0.376659E-02   0.110519E-01  -0.452649E+02   0.168380E+02   0.000000E+00  -0.621029E+02   0.124206E+03
   0.330360E+02  -0.510143E+00  -0.133134E+01  -0.642114E+01   0.737765E+01   0.284518E+02  -0.485987E+01   0.126120E+01  -0.814353E+01   0.237127E+01   0.103818E-01   0.370729E-02   0.139315E-01   0.194021E-01   0.960083E-02  -0.476288E+02   0.137565E+02   0.000000E+00  -0.613853E+02   0.122771E+03
   0.330360E+02  -0.173440E+01  -0.128423E+01   0.599623E+01  -0.247845E+01   0.301341E+02  -0.202536E+01   0.109553E+00   0.220619E+01  -0.734809E+01   0.277938E-01   0.931845E-02   0.284423E-02   0.864379E-02   0.960083E-02  -0.451176E+02   0.153800E+02   0.000000E+00  -0.604976E+02   0.120995E+03
   0.354247E+02  -0.766736E+00  -0.548369E+01  -0.691899E+01  -0.365567E+01   0.266443E+02   0.207578E+00   0.381880E+01  -0.130217E+02   0.476816E+00   0.349276E-01   0.249987E-02   0.386964E-02   0.969408E-02   0.137444E-01  -0.516649E+02   0.154399E+02   0.000000E+00  -0.671048E+02   0.134210E+03
   0.353680E+02  -0.766736E+00  -0.200326E+01   0.270516E+01   0.138722E+02   0.259514E+02  -0.100095E+00   0.145325E+01   0.488991E+01  -0.165774E+01   0.202233E-01   0.951504E-02   0.162329E-01   0.166944E-01   0.940286E-02  -0.491890E+02   0.132362E+02   0.000000E+00  -0.624252E+02   0.124850E+03
   0.336967E+02  -0.135293E+01   0.195175E+00  -0.252498E+01   0.524469E+01   0.295111E+02   0.295310E+01  -0.777334E+00  -0.799562E+01  -0.674833E+01   0.255962E-01   0.217965E-01   0.324596E-01   0.177543E-01   0.138716E-03  -0.490150E+02   0.112058E+02   0.000000E+00  -0.602208E+02   0.120442E+03
   0.330086E+02  -0.104307E+01  -0.721231E+00   0.225125E+01  -0.162486E+01   0.292710E+02   0.138823E+01  -0.704156E+01  -0.488192E+00  -0.480968E+01   0.223717E-01   0.233501E-01   0.253520E-02   0.238664E-01   0.189222E-01  -0.476400E+02   0.115533E+02   0.000000E+00  -0.591933E+02   0.118387E+03
   0.315474E+02   0.303023E+01   0.323468E+00   0.182216E+01   0.110844E+02   0.296821E+02   0.397980E+01  -0.451824E+01   0.194371E+01   0.595046E+01   0.961012E-02   0.115546E-01   0.191316E-01   0.437537E-02   0.228250E-01  -0.501565E+02   0.126320E+02   0.000000E+00  -0.627885E+02   0.125577E+03
   0.339417E+02  -0.199773E+01  -0.198462E+01  -0.593547E+01  -0.771314E+00   0.274825E+02   0.250596E+01  -0.411021E+01   0.673747E+01   0.193010E+01   0.961012E-02   0.149582E-01   0.180912E-01   0.393096E-02   0.448677E-02  -0.454152E+02   0.142740E+02   0.000000E+00  -0.596892E+02   0.119378E+03
   0.340758E+02  -0.199773E+01  -0.325531E+01  -0.385177E+00   0.337901E+01   0.269852E+02   0.196396E+01  -0.472178E+00  -0.382047E+01   0.126477E+01   0.467298E-02   0.268676E-02   0.123225E-01   0.330829E-02   0.344878E-02  -0.404535E+02   0.162440E+02   0.000000E+00  -0.566975E+02   0.113395E+03
   0.348030E+02  -0.246094E+01  -0.250624E+01   0.577735E+00   0.846765E+01   0.291973E+02   0.150236E+01   0.138156E+01  -0.850723E+01  -0.548680E+01   0.121117E-01   0.342964E-02   0.166780E-01   0.519487E-03   0.344878E-02  -0.440677E+02   0.160131E+02   0.000000E+00  -0.600808E+02   0.120162E+03
   0.341071E+02  -0.198554E+01  -0.433460E+00  -0.303380E+01  -0.266244E+01   0.319805E+02  -0.223878E+01  -0.199589E+01   0.513836E+01   0.118575E+01   0.366765E-01   0.107284E-01   0.283591E-02   0.519487E-03   0.286326E-01  -0.489072E+02   0.141490E+02   0.000000E+00  -0.630562E+02   0.126112E+03
   0.331738E+02  -0.892508E+00   0.217133E+01   0.397386E+01   0.697403E+01   0.283799E+02  -0.617740E+00   0.431219E+01   0.382381E+01   0.623344E+01   0.322927E-01   0.141885E-02   0.101765E-02   0.158872E-01   0.121720E-01  -0.453185E+02   0.153711E+02   0.000000E+00  -0.606896E+02   0.121379E+03
   0.335991E+02  -0.309755E+01   0.115288E+01   0.221017E+01   0.846302E+01   0.263706E+02  -0.562368E+00  -0.440572E+01  -0.158034E+01   0.623344E+01   0.112473E-01   0.141885E-02   0.101765E-02   0.213149E-02   0.242770E-01  -0.447015E+02   0.155362E+02   0.000000E+00  -0.602377E+02   0.120475E+03
   0.325739E+02   0.745223E+00  -0.306929E+00  -0.354370E+01  -0.283762E+01   0.241579E+02   0.272321E+01  -0.133592E+01  -0.412926E+01   0.472347E+00   0.693063E-02   0.319734E-03   0.171851E-02   0.446774E-02   0.112190E-01  -0.440981E+02   0.166482E+02   0.000000E+00  -0.607463E+02   0.121493E+03
   0.331371E+02  -0.280634E+00  -0.258401E+01   0.297906E+01   0.601722E+01   0.290194E+02  -0.147778E+01  -0.153773E+01   0.509311E+01   0.721058E+00   0.660659E-02   0.690228E-02   0.120620E-01   0.468162E-01   0.349767E-02  -0.450072E+02   0.114929E+02   0.000000E+00  -0.565001E+02   0.113000E+03
   0.325361E+02  -0.713935E+00  -0.366808E+01   0.382199E+01  -0.104514E+01   0.304657E+02  -0.172333E+01   0.347942E+00   0.141551E+01   0.102665E+02   0.115151E-01   0.152167E-01   0.136369E-02   0.416320E-01   0.455430E-01  -0.521631E+02   0.804514E+01   0.000000E+00  -0.602082E+02   0.120416E+03
   0.333337E+02  -0.155609E+01   0.348215E+01   0.571609E+01   0.193249E+01   0.304657E+02  -0.925411E+00   0.110141E+01   0.433179E+01  -0.255866E+00   0.893981E-02   0.744271E-02   0.102647E-01   0.197282E-01   0.135913E-01  -0.465676E+02   0.133180E+02   0.000000E+00  -0.598856E+02   0.119771E+03
   0.354277E+02  -0.419947E+01  -0.120003E+01   0.105658E+02   0.104098E+00   0.259188E+02  -0.119528E+00  -0.141471E+01  -0.258163E+01   0.891142E+01   0.535673E-02   0.234487E-02   0.388538E-02   0.849197E-02   0.128209E-01  -0.482733E+02   0.156664E+02   0.000000E+00  -0.639397E+02   0.127879E+03
   0.350619E+02  -0.448955E+01  -0.376471E+01   0.322883E+01  -0.612335E+01   0.270261E+02   0.314754E+01  -0.344302E+01   0.946585E+01   0.684646E+01   0.114057E-01   0.748801E-02   0.187890E-01   0.221752E-01   0.100995E-01  -0.522644E+02   0.125655E+02   0.000000E+00  -0.648299E+02   0.129660E+03
   0.347764E+02  -0.206279E+01  -0.487276E+01   0.579791E+01   0.812556E+01   0.289914E+02  -0.190443E+01  -0.144125E+01   0.260874E+01  -0.123734E+02   0.712100E-02   0.157091E-01   0.725903E-02   0.114981E-01   0.154541E-01  -0.480486E+02   0.134286E+02   0.000000E+00  -0.614772E+02   0.122954E+03
   0.346166E+02  -0.206279E+01  -0.353453E+01   0.119161E+01   0.735954E+01   0.287188E+02   0.114666E+01  -0.497982E+01   0.457766E+01   0.278125E+01   0.388486E-02   0.837592E-02   0.144453E-01   0.664438E-02   0.863884E-02  -0.437251E+02   0.146102E+02   0.000000E+00  -0.583353E+02   0.116671E+03
   0.338886E+02  -0.102513E+01  -0.171083E+01   0.615479E-01  -0.110362E+02   0.288717E+02  -0.154119E+01  -0.722780E+01   0.406818E+01   0.487208E+01   0.160880E-01   0.413041E-02   0.371908E-03   0.696906E-03   0.240254E-02  -0.449351E+02   0.176605E+02   0.000000E+00  -0.625956E+02   0.125191E+03
   0.331977E+02  -0.429474E+00  -0.479114E+01   0.356947E+00   0.571655E+01   0.278169E+02  -0.107917E+01  -0.884163E+00   0.294384E+01   0.815015E+01   0.102776E-01   0.823601E-02   0.250562E-01   0.106032E-01   0.325511E-01  -0.465181E+02   0.107760E+02   0.000000E+00  -0.572941E+02   0.114588E+03
   0.331977E+02   0.210632E+01  -0.282764E+01  -0.507997E+01   0.283193E+01   0.271005E+02  -0.531607E+01  -0.422083E+01  -0.262646E+01  -0.227201E+01   0.279289E-01   0.386778E-02   0.286525E-02   0.382432E-02   0.375970E-02  -0.441357E+02   0.169890E+02   0.000000E+00  -0.611247E+02   0.122249E+03
   0.338282E+02   0.210632E+01  -0.317201E+00   0.516080E+01   0.135224E+02   0.279785E+02   0.230972E+01  -0.655360E+01  -0.730447E+00   0.728635E+01   0.187336E-01   0.132143E-01   0.135999E-02   0.971577E-03   0.217895E-02  -0.465603E+02   0.166482E+02   0.000000E+00  -0.632085E+02   0.126417E+03
   0.326516E+02  -0.191895E+01  -0.632679E+00   0.293183E+01   0.707347E+01   0.282557E+02   0.733921E+01  -0.313635E+01  -0.466661E+01   0.158347E+01   0.137735E-01   0.266329E-01   0.371740E-01   0.971577E-03   0.109638E-01  -0.506071E+02   0.108465E+02   0.000000E+00  -0.614536E+02   0.122907E+03
   0.342432E+02  -0.791450E+00  -0.290909E+01   0.271132E+01   0.241678E+01   0.275959E+02   0.594628E+00  -0.308755E+01  -0.909508E+00  -0.305701E+01   0.317741E-01   0.465994E-03   0.558128E-02   0.156559E-03   0.489240E-02  -0.415775E+02   0.173111E+02   0.000000E+00  -0.588886E+02   0.117777E+03
   0.352479E+02  -0.242043E+01  -0.183133E+01  -0.114579E+01  -0.488121E+00   0.302545E+02   0.476664E+01   0.204424E+01   0.348369E+01  -0.111102E+02   0.288876E-01   0.453156E-01   0.299971E-01   0.111862E-01   0.344525E-02  -0.557456E+02   0.942627E+01   0.000000E+00  -0.651719E+02   0.130344E+03
   0.327162E+02  -0.936462E+00   0.608829E+00  -0.126833E+01  -0.192769E+01   0.264525E+02  -0.878005E+00   0.108014E+01  -0.242522E+01  -0.159712E+02   0.605737E-02   0.183443E-01   0.118693E-02   0.565884E-02   0.523982E-02  -0.453375E+02   0.153777E+02   0.000000E+00  -0.607152E+02   0.121430E+03
   0.339594E+02  -0.431762E+01  -0.932692E+00   0.395144E+01   0.817183E+00   0.291340E+02   0.584016E+00  -0.889784E+01   0.761678E+01  -0.930191E+01   0.951226E-03   0.164294E-01   0.698268E-02   0.503234E-02   0.349352E-02  -0.476992E+02   0.152269E+02   0.000000E+00  -0.629261E+02   0.125852E+03
   0.342872E+02  -0.267692E+01  -0.104879E+01   0.360389E+01  -0.625392E+00   0.313480E+02   0.584016E+00  -0.207458E+00   0.491199E+01   0.102480E+02   0.113936E-01   0.201072E-01   0.360325E-02   0.132397E-01   0.723800E-03  -0.469765E+02   0.146533E+02   0.000000E+00  -0.616298E+02   0.123260E+03
   0.335367E+02  -0.224064E+01  -0.337859E-01   0.494999E+01  -0.168021E+01   0.281546E+02  -0.113264E+01  -0.176928E+01   0.205517E+01   0.803274E+01   0.815273E-02   0.962796E-02   0.103084E-01   0.928607E-03   0.518705E-02  -0.421558E+02   0.158155E+02   0.000000E+00  -0.579713E+02   0.115943E+03
   0.331522E+02   0.102921E-01  -0.378124E+01  -0.212943E+00   0.758909E+01   0.265843E+02  -0.285924E+01  -0.305088E+01   0.796377E+01   0.443283E+00   0.106617E-01   0.396950E-02   0.371066E-02   0.133918E-01   0.210329E-02  -0.425137E+02   0.161032E+02   0.000000E+00  -0.586169E+02   0.117234E+03
   0.324038E+02   0.242156E+01  -0.593439E+01  -0.157824E+01   0.592212E+01   0.257615E+02  -0.137548E+01  -0.520743E+00  -0.834641E+00  -0.100781E+01   0.899823E-02   0.247431E-01   0.104906E-01   0.663413E-02   0.610233E-03  -0.449135E+02   0.141729E+02   0.000000E+00  -0.590864E+02   0.118173E+03
   0.336763E+02  -0.170673E+01  -0.745781E-01   0.132989E+01   0.366561E+01   0.258697E+02   0.105064E+01   0.426412E+01  -0.245275E+01  -0.100781E+01   0.157040E-01   0.349862E-02   0.136834E-01   0.318817E-02   0.137804E-01  -0.427799E+02   0.150056E+02   0.000000E+00  -0.577855E+02   0.115571E+03
   0.329432E+02  -0.127523E+00  -0.863421E+00  -0.503025E+01   0.112345E+02   0.281193E+02  -0.475341E+00  -0.493652E+01   0.143341E+01  -0.411526E+01   0.228405E-01   0.743427E-03   0.816389E-02   0.467198E-02   0.729628E-02  -0.439652E+02   0.163331E+02   0.000000E+00  -0.602983E+02   0.120597E+03
   0.338176E+02  -0.170565E+01  -0.363163E+01  -0.370547E+01   0.127121E+01   0.277348E+02  -0.174013E+00  -0.374702E+01   0.605652E+00   0.234701E+01   0.149872E-01   0.249398E-02   0.440331E-02   0.993437E-02   0.358602E-02  -0.406282E+02   0.163789E+02   0.000000E+00  -0.570071E+02   0.114014E+03
   0.330825E+02  -0.101101E+01  -0.401627E+01  -0.700738E+00   0.600280E+01   0.272689E+02   0.187469E+01   0.214862E+01   0.764186E+00   0.681146E+00   0.538631E-03   0.386904E-02   0.104403E-01   0.212605E-02   0.713941E-02  -0.405751E+02   0.160632E+02   0.000000E+00  -0.566383E+02   0.113277E+03
   0.338863E+02  -0.114171E+01  -0.143332E+01   0.483885E+01   0.382547E+01   0.257587E+02   0.136000E+01   0.887808E+00  -0.293980E+01   0.110059E+02   0.161762E-01   0.661805E-02   0.192125E-02   0.475851E-01   0.793127E-02  -0.477974E+02   0.120151E+02   0.000000E+00  -0.598125E+02   0.119625E+03
   0.329352E+02  -0.580821E+00  -0.496240E+01  -0.250438E+01  -0.534623E+00   0.287316E+02  -0.281835E+01   0.785034E-01   0.538079E+01  -0.699119E-01   0.201326E-01   0.125518E-01   0.544405E-02   0.160859E-02   0.810905E-02  -0.427171E+02   0.156493E+02   0.000000E+00  -0.583664E+02   0.116733E+03
   0.323965E+02   0.202756E+01  -0.134523E+01  -0.208515E+01   0.535714E+01   0.277116E+02   0.201474E+01  -0.654581E+01   0.251619E+01   0.969143E+00   0.965837E-02   0.269338E-02   0.216989E-01   0.449749E-02   0.219404E-02  -0.437605E+02   0.153123E+02   0.000000E+00  -0.590728E+02   0.118146E+03
   0.330951E+02  -0.345396E+01  -0.356739E+01   0.161413E+01   0.952938E+01   0.294386E+02  -0.476324E+00  -0.415958E-01   0.476495E+01   0.174475E+01   0.448955E-01   0.225482E-02   0.570066E-02   0.307333E-01   0.159903E-02  -0.507062E+02   0.143919E+02   0.000000E+00  -0.650981E+02   0.130196E+03
   0.328752E+02  -0.455780E+00   0.548791E+00   0.443520E+01  -0.309507E+01   0.284804E+02   0.159163E+01   0.325087E+01  -0.485641E+01  -0.907298E+01   0.152370E-01   0.798540E-03   0.225601E-05   0.205618E-01   0.942710E-02  -0.452477E+02   0.153417E+02   0.000000E+00  -0.605894E+02   0.121179E+03
   0.329144E+02  -0.158467E+01  -0.401108E+01   0.118813E+01   0.602401E+01   0.305492E+02  -0.708112E+00  -0.442926E+01  -0.568144E+01  -0.483807E+01   0.151125E-01   0.362692E-01   0.324336E-02   0.345051E-02   0.219985E-01  -0.475084E+02   0.119245E+02   0.000000E+00  -0.594329E+02   0.118866E+03
   0.333253E+02  -0.193240E+01  -0.208356E+01   0.275609E+01   0.395010E+01   0.267258E+02  -0.966734E-01  -0.160066E+01  -0.390808E+01   0.657715E+01   0.203559E-01   0.976418E-02   0.324336E-02   0.146627E-02   0.328417E-02  -0.411090E+02   0.166449E+02   0.000000E+00  -0.577539E+02   0.115508E+03
   0.324400E+02  -0.174902E+01   0.218652E+01   0.128463E+01   0.186685E+01   0.294890E+02  -0.277402E+01  -0.424667E+01   0.477862E+01   0.205470E+01   0.762523E-02   0.163817E-02   0.371706E-01   0.146627E-02   0.108186E-01  -0.446548E+02   0.133113E+02   0.000000E+00  -0.579661E+02   0.115932E+03
   0.321226E+02   0.312640E+01  -0.210111E+01  -0.162797E+01   0.662466E+00   0.287060E+02  -0.229139E+01   0.203917E+01  -0.579213E+01  -0.761665E+01   0.228054E-01   0.191264E-01   0.559002E-02   0.152597E-02   0.174477E-01  -0.474072E+02   0.140517E+02   0.000000E+00  -0.614589E+02   0.122918E+03
   0.326759E+02  -0.238642E+01  -0.291515E+01  -0.586800E+00   0.560993E+01   0.278484E+02  -0.215230E+00  -0.976891E+00   0.548480E+01   0.503065E+01   0.149874E-01   0.247517E-02   0.429864E-01   0.242446E-02   0.424520E-01  -0.494093E+02   0.938688E+01   0.000000E+00  -0.587962E+02   0.117592E+03
   0.326759E+02   0.518703E-01  -0.365427E+01  -0.992414E+00  -0.795758E+00   0.266038E+02  -0.203055E+01  -0.361645E+00  -0.438212E+01   0.473654E+00   0.768614E-03   0.773201E-02   0.139803E-01   0.612169E-02   0.651692E-02  -0.422801E+02   0.149856E+02   0.000000E+00  -0.572657E+02   0.114531E+03
   0.342032E+02  -0.358393E+01  -0.208286E+01   0.532734E+01  -0.456136E+01   0.283923E+02  -0.109578E+01   0.521944E+00   0.279439E+01   0.602378E+01   0.702374E-02   0.562178E-02   0.144471E-01   0.344155E-02   0.293534E-02  -0.434777E+02   0.157761E+02   0.000000E+00  -0.592538E+02   0.118508E+03
   0.336676E+02  -0.295053E+01  -0.231771E+01  -0.768969E+01   0.455537E+01   0.300877E+02  -0.110514E+01  -0.955871E+00  -0.310348E+01   0.286775E+01   0.207651E-01   0.615485E-02   0.560708E-03   0.643979E-02   0.289827E-01  -0.468879E+02   0.142069E+02   0.000000E+00  -0.610948E+02   0.122190E+03
   0.338628E+02   0.130657E+01   0.841612E-01  -0.758236E+01  -0.292092E+01   0.282801E+02   0.225607E+00   0.779758E+00   0.159848E+01   0.184345E+01   0.184403E-01   0.600150E-02   0.809873E-02   0.130525E-02   0.785745E-02  -0.449879E+02   0.160944E+02   0.000000E+00  -0.610823E+02   0.122165E+03
   0.331544E+02   0.666936E+00  -0.101361E+01   0.152820E+01   0.533429E+01   0.289789E+02   0.208012E+00  -0.225451E+01  -0.293763E+01   0.157730E+01   0.110606E-01   0.649235E-02   0.773843E-03   0.438395E-02   0.229643E-02  -0.396164E+02   0.170260E+02   0.000000E+00  -0.566424E+02   0.113285E+03
   0.321612E+02   0.244191E+00  -0.884171E+00  -0.199652E+01  -0.240539E+01   0.266376E+02  -0.164816E+01  -0.697165E+01  -0.210443E+01   0.247528E+00   0.909283E-04   0.434933E-02   0.871241E-03   0.167789E-02   0.523007E-02  -0.415188E+02   0.172078E+02   0.000000E+00  -0.587266E+02   0.117453E+03
   0.326782E+02  -0.421929E+00  -0.310749E+01  -0.145092E+01   0.658446E+00   0.266815E+02  -0.401612E+01   0.910625E+00   0.670688E+00  -0.920733E+01   0.445320E-02   0.290972E-03   0.902253E-02   0.125133E-02   0.113608E-02  -0.412796E+02   0.172506E+02   0.000000E+00  -0.585302E+02   0.117060E+03
   0.327839E+02   0.536600E+00  -0.388217E+01  -0.189107E+01   0.117706E+02   0.287187E+02  -0.514520E+01  -0.204321E+01   0.524528E+01  -0.282948E+00   0.911796E-02   0.221793E-02   0.258557E-02   0.125133E-02   0.180648E-02  -0.423735E+02   0.176345E+02   0.000000E+00  -0.600080E+02   0.120016E+03
   0.325359E+02   0.113894E+01   0.733806E+00   0.207293E+01   0.117227E+02   0.287390E+02   0.376004E+01  -0.791432E+00  -0.540900E+01  -0.174619E+01   0.113609E-01   0.256249E-02   0.871359E-02   0.535769E-03   0.187834E-02  -0.428361E+02   0.170517E+02   0.000000E+00  -0.598878E+02   0.119776E+03
   0.326285E+02  -0.139298E+01  -0.103514E+01   0.255513E+01   0.159556E-01   0.281425E+02  -0.303717E+01   0.404966E+01   0.410824E+01   0.586043E+01   0.743918E-02   0.688478E-02   0.170440E-02   0.140483E-01   0.510458E-02  -0.423199E+02   0.156465E+02   0.000000E+00  -0.579664E+02   0.115933E+03
   0.335758E+02  -0.806059E+00  -0.533355E+00  -0.701550E+01   0.596008E+01   0.251806E+02  -0.934460E+00   0.324304E+01  -0.279116E+01  -0.881776E+01   0.154229E-01   0.475337E-02   0.218012E-02   0.280724E-01   0.510458E-02  -0.473301E+02   0.144096E+02   0.000000E+00  -0.617397E+02   0.123479E+03
   0.327830E+02  -0.282654E+01  -0.427068E+01  -0.450037E+01   0.472253E+01   0.307500E+02   0.123003E+01  -0.482988E+01  -0.380091E+00  -0.357595E+00   0.259893E-01   0.295406E-02   0.296310E-02   0.151161E-01   0.667491E-02  -0.467843E+02   0.156499E+02   0.000000E+00  -0.624342E+02   0.124868E+03
   0.324172E+02  -0.215295E+01  -0.192157E+01  -0.124200E+01   0.290750E+00   0.287456E+02  -0.287025E+01  -0.674944E+01   0.963142E+01   0.240469E+01   0.132003E-02   0.630090E-02   0.182931E-02   0.144489E-03   0.148542E-02  -0.430768E+02   0.174447E+02   0.000000E+00  -0.605215E+02   0.121043E+03
   0.330555E+02   0.108732E+01  -0.438735E+00  -0.720938E+01  -0.332916E+01   0.279049E+02   0.331727E+01   0.969953E+01   0.786680E+01   0.864819E+00   0.151510E-01   0.879880E-02   0.259262E-02   0.409828E-02   0.108678E-01  -0.496768E+02   0.157849E+02   0.000000E+00  -0.654617E+02   0.130923E+03
   0.321475E+02   0.140109E+01  -0.224398E+01  -0.561712E+01   0.442416E+01   0.312718E+02  -0.375058E+01   0.480805E+01  -0.167604E+01   0.517238E+01   0.110156E-01   0.294809E-02   0.259262E-02   0.104682E-01   0.546503E-02  -0.460124E+02   0.162733E+02   0.000000E+00  -0.622857E+02   0.124571E+03
   0.332555E+02  -0.207162E+01  -0.148684E+01   0.202606E+00   0.584309E+01   0.277625E+02   0.134562E+00   0.400020E+00   0.338798E+01  -0.220301E+01   0.459775E-02   0.737002E-02   0.112684E-01   0.118306E-01   0.220154E-01  -0.429557E+02   0.131722E+02   0.000000E+00  -0.561279E+02   0.112256E+03
   0.339336E+02  -0.410133E+01   0.125922E+01   0.724803E+01   0.743404E+00   0.307115E+02  -0.214365E+01   0.688190E+00  -0.290137E+00   0.341296E+01   0.429659E-02   0.730574E-02   0.807932E-02   0.118306E-01   0.342331E-02  -0.447703E+02   0.153568E+02   0.000000E+00  -0.601271E+02   0.120254E+03
   0.339700E+02  -0.341238E+01   0.156970E+01   0.174470E+01  -0.509218E+00   0.308548E+02  -0.122348E+01  -0.314168E+01   0.206871E+01  -0.148607E+02   0.550345E-02   0.729711E-03   0.463955E-02   0.723562E-02   0.163575E-01  -0.461105E+02   0.155244E+02   0.000000E+00  -0.616349E+02   0.123270E+03
   0.328353E+02   0.360275E+00  -0.362514E+01  -0.583419E+01   0.271051E+01   0.303045E+02   0.573900E+01  -0.596764E+00   0.876997E+00   0.767206E+00   0.841279E-02   0.454016E-02   0.162598E-01   0.429871E-02   0.558706E-02  -0.448182E+02   0.153521E+02   0.000000E+00  -0.601703E+02   0.120341E+03
   0.334392E+02   0.360275E+00   0.189884E+01  -0.110107E+01   0.507507E+01   0.277991E+02  -0.272229E+01  -0.373505E+01  -0.345802E+00  -0.346142E+01   0.222658E-01   0.852157E-02   0.858414E-02   0.126507E-01   0.156358E-02  -0.435071E+02   0.152887E+02   0.000000E+00  -0.587958E+02   0.117592E+03
   0.334377E+02  -0.577084E+00  -0.277327E+01   0.131606E+01   0.103317E+02   0.273806E+02   0.219669E+01  -0.408046E+00  -0.145679E+01   0.190451E+01   0.290927E-02   0.694929E-02   0.895694E-03   0.713790E-02   0.665481E-02  -0.408936E+02   0.162569E+02   0.000000E+00  -0.571505E+02   0.114301E+03
   0.327830E+02  -0.612767E+00  -0.796331E+00  -0.365890E+01   0.325070E+01   0.302735E+02  -0.175618E+01  -0.453811E+00   0.286906E+01  -0.270048E+01   0.173860E-01   0.239737E-02   0.101720E-01   0.153896E-01   0.216444E-01  -0.439562E+02   0.134603E+02   0.000000E+00  -0.574165E+02   0.114833E+03
   0.333123E+02  -0.124243E+01   0.293464E+00  -0.109308E+01   0.886791E+00   0.265673E+02   0.442267E+01  -0.229832E+01  -0.634011E+01   0.697072E+01   0.900449E-03   0.131612E-01   0.175783E-02   0.279707E-01   0.412327E-02  -0.455272E+02   0.137194E+02   0.000000E+00  -0.592466E+02   0.118493E+03
   0.323880E+02  -0.147344E+00  -0.286843E+01  -0.414517E+01   0.984213E+00   0.258422E+02  -0.442976E+01  -0.626011E-01   0.116033E+02   0.801379E+01   0.926012E-02   0.101283E-02   0.967525E-02   0.362083E-02   0.641977E-02  -0.463835E+02   0.163478E+02   0.000000E+00  -0.627313E+02   0.125463E+03
   0.334563E+02  -0.133155E+01  -0.363442E+00  -0.140675E+01  -0.817694E+00   0.297263E+02  -0.480698E+01  -0.134100E+01   0.441460E+01  -0.388039E+01   0.708521E-02   0.329237E-01   0.209314E-01   0.780279E-02   0.234702E-01  -0.482483E+02   0.990787E+01   0.000000E+00  -0.581562E+02   0.116312E+03
   0.329264E+02   0.343279E+01  -0.148689E+00  -0.217294E+01   0.688362E+01   0.296942E+02   0.251116E+01  -0.330332E+01  -0.110320E+02  -0.664974E+00   0.340513E-01   0.560862E-01   0.251720E-01   0.469111E-03   0.653941E-02  -0.556691E+02   0.959401E+01   0.000000E+00  -0.652631E+02   0.130526E+03
   0.331610E+02  -0.127819E+01  -0.580405E+01   0.357840E+01   0.306242E+01   0.277297E+02   0.140349E+01   0.395984E+01  -0.257945E+01   0.277999E+01   0.146906E-01   0.271328E-01   0.228855E-03   0.176063E-01   0.240398E-01  -0.475100E+02   0.115199E+02   0.000000E+00  -0.590299E+02   0.118060E+03
   0.327932E+02  -0.761399E+00   0.587641E+00  -0.312202E+01  -0.796668E+00   0.299792E+02  -0.415983E+01  -0.832235E+01   0.153655E+01  -0.587340E+01   0.238786E-01   0.154844E-01   0.325383E-02   0.511046E-02   0.524074E-02  -0.455103E+02   0.155117E+02   0.000000E+00  -0.610220E+02   0.122044E+03
   0.332156E+02  -0.130403E+01  -0.855194E+00   0.393582E+01   0.464075E+01   0.290688E+02   0.701728E+00  -0.194020E+01   0.531539E+01   0.768534E+01   0.193292E-01   0.720052E-03   0.137958E-01   0.758760E-02   0.686217E-02  -0.426072E+02   0.155241E+02   0.000000E+00  -0.581313E+02   0.116263E+03
   0.332156E+02   0.238429E+01  -0.310742E+01  -0.168872E+01   0.101694E+02   0.276698E+02  -0.450437E+01   0.249958E+01  -0.874795E+01   0.725673E+01   0.317782E-02   0.111152E-01   0.167453E-01   0.819482E-02   0.217354E-01  -0.498822E+02   0.126416E+02   0.000000E+00  -0.625238E+02   0.125048E+03
   0.338432E+02  -0.256049E+01   0.683662E+00   0.178337E+01   0.645779E+01   0.251011E+02  -0.249039E+01  -0.332907E+01  -0.394773E+01  -0.604668E+01   0.223549E-03   0.117103E-01   0.815851E-02   0.819482E-02   0.539101E-02  -0.461137E+02   0.150752E+02   0.000000E+00  -0.611889E+02   0.122378E+03
   0.330245E+02  -0.239721E+01   0.999980E+00   0.674480E+00   0.565702E+01   0.304932E+02  -0.213391E+01  -0.638972E+01  -0.125389E+00  -0.339557E+01   0.243665E-01   0.527789E-01   0.610155E-02   0.973391E-03   0.950330E-02  -0.481200E+02   0.114850E+02   0.000000E+00  -0.596050E+02   0.119210E+03
   0.323502E+02   0.602975E+00  -0.410898E+01   0.260100E+01   0.629692E+01   0.308732E+02  -0.216480E+01   0.457712E+00  -0.404907E+01  -0.278036E+01   0.154448E-01   0.302932E-01   0.217436E-02   0.669840E-03   0.465101E-02  -0.446794E+02   0.146418E+02   0.000000E+00  -0.593212E+02   0.118642E+03
   0.330355E+02  -0.164456E+01  -0.194761E+01  -0.570246E+00   0.496936E+00   0.312764E+02  -0.102270E+01   0.541689E+00   0.391252E+01   0.110312E+01   0.102728E-01   0.825406E-02   0.382492E-02   0.669840E-03   0.121492E-02  -0.407892E+02   0.170243E+02   0.000000E+00  -0.578135E+02   0.115627E+03
   0.336870E+02  -0.150271E+01  -0.139338E+01   0.488697E+01   0.229459E+01   0.302718E+02  -0.217528E+01   0.466603E+01  -0.319603E+01  -0.411579E+01   0.317015E-01   0.916717E-03   0.118024E-01   0.107620E-02   0.219266E-01  -0.460459E+02   0.148485E+02   0.000000E+00  -0.608944E+02   0.121789E+03
   0.345398E+02  -0.995898E+00  -0.369348E+01  -0.157789E+01   0.119454E+02   0.304550E+02  -0.352137E+01  -0.237796E+01   0.167294E+01  -0.390243E+01   0.945522E-02   0.856644E-02   0.676075E-03   0.227509E-01   0.139037E-01  -0.461150E+02   0.138310E+02   0.000000E+00  -0.599460E+02   0.119892E+03
   0.333128E+02  -0.112154E+01  -0.220493E+01   0.365769E+01   0.417432E+01   0.304550E+02  -0.268538E+01  -0.513505E+01  -0.992922E+01   0.740245E+01   0.155314E-01   0.125360E-01   0.676075E-03   0.100493E-01   0.826617E-02  -0.463120E+02   0.152679E+02   0.000000E+00  -0.615799E+02   0.123160E+03
   0.336367E+02  -0.216603E+01  -0.430411E+01  -0.456265E+01   0.165365E-01   0.302933E+02   0.312818E+01  -0.307296E+01   0.701485E+00   0.404608E+01   0.120364E-01   0.402454E-03   0.597761E-02   0.334202E-02   0.113041E-01  -0.431001E+02   0.163181E+02   0.000000E+00  -0.594182E+02   0.118836E+03
   0.336538E+02   0.158770E-01  -0.339339E+01  -0.236792E+01  -0.168700E+01   0.283766E+02  -0.319477E+01  -0.294912E+01   0.339825E+01  -0.615482E+01   0.187790E-01   0.444204E-02   0.262319E-01   0.113461E-01   0.127936E-01  -0.455657E+02   0.129393E+02   0.000000E+00  -0.585050E+02   0.117010E+03
   0.322163E+02   0.148982E+01  -0.327540E+01  -0.532364E+01   0.141893E+01   0.254845E+02  -0.382321E+01   0.463610E+01  -0.124353E+01  -0.177690E+01   0.914644E-02   0.444204E-02   0.672644E-02   0.332208E-02   0.364799E-01  -0.469331E+02   0.133236E+02   0.000000E+00  -0.602567E+02   0.120513E+03
   0.327908E+02   0.944572E+00  -0.341835E+01  -0.498147E+00   0.885549E+01   0.271705E+02  -0.511397E+01  -0.672046E+01  -0.398585E+01   0.444555E+01   0.201486E-02   0.260153E-02   0.146798E-01   0.607136E-02   0.174203E-01  -0.464253E+02   0.143434E+02   0.000000E+00  -0.607687E+02   0.121537E+03
   0.326336E+02   0.944572E+00  -0.263886E+01   0.215454E+01   0.899473E+01   0.292268E+02  -0.172321E+01  -0.729439E+01   0.522957E+00   0.512465E+01   0.126089E-01   0.452441E-04   0.896858E-02   0.423546E-02   0.166648E-03  -0.419907E+02   0.170791E+02   0.000000E+00  -0.590698E+02   0.118140E+03
   0.339210E+02  -0.191486E+01  -0.263886E+01  -0.532460E+00  -0.103333E+01   0.303420E+02  -0.270496E+01   0.164294E+01  -0.197687E+01   0.113637E+01   0.194143E-01   0.386505E-02   0.211985E-01   0.389429E-02   0.166648E-03  -0.429039E+02   0.155082E+02   0.000000E+00  -0.584121E+02   0.116824E+03
   0.341201E+02   0.146685E+00   0.439307E+01  -0.112660E+01   0.704066E+01   0.276249E+02   0.286031E+01   0.269547E+01   0.673607E+01  -0.433542E+01   0.185659E-01   0.510570E-02   0.282451E-02   0.389429E-02   0.190196E-01  -0.488326E+02   0.153363E+02   0.000000E+00  -0.641689E+02   0.128338E+03
   0.345365E+02  -0.246572E+00  -0.278908E+01   0.210189E+01   0.649865E+01   0.282708E+02  -0.358830E+01   0.150213E+00  -0.647721E+00   0.400522E+01   0.122467E-01   0.634579E-02   0.428198E-02   0.389429E-02   0.270407E-02  -0.416710E+02   0.166981E+02   0.000000E+00  -0.583691E+02   0.116738E+03
   0.338714E+02  -0.305668E+01   0.257125E+01   0.212635E+01  -0.812537E+00   0.244016E+02   0.132140E+01   0.625734E+00   0.994471E+00  -0.408375E+01   0.921715E-02   0.486229E-02   0.262040E-02   0.162477E-02   0.120489E-01  -0.440161E+02   0.163050E+02   0.000000E+00  -0.603211E+02   0.120642E+03
   0.323596E+02  -0.222281E+01   0.233347E+01   0.440922E+01   0.528036E+01   0.303180E+02  -0.201227E+01   0.122297E+01   0.698370E+01   0.812149E+01   0.118279E-01   0.992106E-02   0.302769E-01   0.316263E-02   0.738339E-03  -0.477672E+02   0.140108E+02   0.000000E+00  -0.617780E+02   0.123556E+03
   0.334128E+02  -0.133704E+01  -0.346884E+01  -0.188708E+01   0.614173E+01   0.282888E+02  -0.426273E+01   0.442743E+01  -0.145668E+01   0.473603E+01   0.356229E-02   0.984360E-02   0.512760E-02   0.117886E-02   0.738339E-03  -0.417708E+02   0.167318E+02   0.000000E+00  -0.585026E+02   0.117005E+03
   0.342174E+02  -0.391426E+01   0.765495E+00  -0.718819E+00   0.411589E+01   0.295330E+02  -0.256491E+01   0.586189E+01  -0.216395E+01  -0.111143E+01   0.122510E-02   0.118759E-01   0.335733E-02   0.585082E-02   0.130918E-01  -0.449402E+02   0.150031E+02   0.000000E+00  -0.599433E+02   0.119887E+03
   0.342174E+02  -0.487128E+01  -0.481827E+01   0.268334E+01   0.153422E+01   0.287302E+02   0.154339E-01   0.208676E+01  -0.158360E+01   0.584779E+01   0.936187E-02   0.165060E-02   0.472153E-01   0.111901E-02   0.158328E-01  -0.486591E+02   0.118389E+02   0.000000E+00  -0.604980E+02   0.120996E+03
   0.326842E+02  -0.126424E+00  -0.307233E+01  -0.630327E+01  -0.280718E+01   0.303400E+02  -0.273662E+01   0.628413E+00   0.405807E+01  -0.336163E+01   0.159037E-01   0.285785E-02   0.101937E-01   0.166695E-01   0.959509E-03  -0.445054E+02   0.153526E+02   0.000000E+00  -0.598580E+02   0.119716E+03
   0.342579E+02  -0.190056E+01   0.313292E+01   0.541173E+01   0.552971E+01   0.288041E+02  -0.131614E+01  -0.153146E+01   0.113315E+02  -0.385531E+01   0.305012E-01   0.630227E-02   0.549402E-02   0.455801E-02   0.289100E-02  -0.467246E+02   0.164962E+02   0.000000E+00  -0.632208E+02   0.126442E+03
   0.328083E+02  -0.101729E+01  -0.203669E+01   0.104228E+01  -0.476286E+00   0.277776E+02  -0.141020E+01  -0.180828E+01   0.852420E+01  -0.192598E+00   0.105225E-01   0.701068E-02   0.135319E-01   0.491285E-02   0.437917E-02  -0.420441E+02   0.154372E+02   0.000000E+00  -0.574813E+02   0.114963E+03
   0.326203E+02   0.345257E+00  -0.272506E+01  -0.630524E+01   0.924288E+01   0.294346E+02   0.257200E+01  -0.130763E+01  -0.271305E+01   0.195714E+01   0.169135E-01   0.452256E-02   0.295575E-02   0.358594E-02   0.217586E-02  -0.423176E+02   0.170967E+02   0.000000E+00  -0.594143E+02   0.118829E+03
   0.338929E+02  -0.181783E+01  -0.104084E+01  -0.623866E+01   0.646906E+00   0.277441E+02  -0.313869E+00   0.420576E+01  -0.229668E+01  -0.265386E+01   0.121486E-01   0.150773E-01   0.198745E-02   0.485319E-02   0.226499E-03  -0.422016E+02   0.162062E+02   0.000000E+00  -0.584078E+02   0.116816E+03
   0.324609E+02   0.117423E+01  -0.307063E+01  -0.545435E+01   0.135347E+01   0.312268E+02  -0.180291E+01  -0.509952E+01   0.102248E+02  -0.477205E+01   0.380662E-02   0.613167E-03   0.787345E-03   0.759520E-02   0.709181E-02  -0.452772E+02   0.168119E+02   0.000000E+00  -0.620891E+02   0.124178E+03
   0.321911E+02  -0.454844E+00   0.154368E+01  -0.360364E+01   0.491335E+01   0.314062E+02   0.464482E+01  -0.416970E+01  -0.293681E+01  -0.748858E+01   0.553482E-02   0.566834E-02   0.640495E-02   0.193415E-01   0.251899E-02  -0.466911E+02   0.150273E+02   0.000000E+00  -0.617184E+02   0.123437E+03
   0.335702E+02  -0.525812E-01  -0.502745E+01  -0.277721E+01   0.149065E+02   0.290856E+02  -0.479819E+01   0.322157E+01  -0.567610E+01  -0.231911E+00   0.318268E-01   0.161247E-01   0.187049E-01   0.712223E-02   0.146975E-01  -0.528077E+02   0.127557E+02   0.000000E+00  -0.655634E+02   0.131127E+03
   0.345321E+02   0.523841E+00  -0.562610E+01  -0.370513E+01   0.208153E+01   0.268417E+02  -0.362725E+01   0.464122E+01   0.200380E+01   0.389118E+01   0.122476E-01   0.450370E-02   0.164698E-01   0.192640E-02   0.359940E-02  -0.445859E+02   0.157708E+02   0.000000E+00  -0.603567E+02   0.120713E+03
   0.334535E+02   0.132333E+00  -0.595869E+01   0.301333E+01   0.731585E+01   0.301983E+02   0.467502E+00  -0.374501E+01   0.315155E+01  -0.950965E+00   0.135015E-01   0.101246E-01   0.804998E-02   0.121711E-02   0.126708E-01  -0.434831E+02   0.152144E+02   0.000000E+00  -0.586975E+02   0.117395E+03
   0.330203E+02  -0.596193E+00   0.469316E+00  -0.560970E+01   0.108046E+02   0.290660E+02  -0.359583E+01  -0.151503E+01   0.126307E+02  -0.454993E+01   0.297433E-01   0.157331E-01   0.332800E-02   0.145225E-02   0.175558E-03  -0.487585E+02   0.163518E+02   0.000000E+00  -0.651103E+02   0.130221E+03
   0.331426E+02  -0.126446E+01  -0.227379E+00  -0.451669E+01   0.344303E+01   0.273873E+02  -0.111935E+01   0.172437E+01  -0.104892E+01   0.128684E+01   0.777196E-02   0.321572E-02   0.116821E-01   0.113060E-01   0.168788E-01  -0.424185E+02   0.141124E+02   0.000000E+00  -0.565309E+02   0.113062E+03
   0.324321E+02  -0.126446E+01  -0.101260E+01  -0.160173E+01   0.764927E+01   0.266480E+02   0.180459E+01  -0.182509E+01   0.219794E+01  -0.732352E+01   0.212274E-01   0.148458E-01   0.747694E-02   0.275794E-01   0.616380E-02  -0.466732E+02   0.128141E+02   0.000000E+00  -0.594873E+02   0.118975E+03
   0.339641E+02  -0.121118E+01  -0.393982E+00  -0.647469E+01  -0.408132E+01   0.265419E+02   0.376926E+00   0.346832E+01  -0.573381E+00   0.918797E+01   0.241709E-01   0.564063E-02   0.209572E-01   0.159063E-01   0.120862E-02  -0.465989E+02   0.140494E+02   0.000000E+00  -0.606483E+02   0.121297E+03
   0.328184E+02   0.638932E+00  -0.438858E+01  -0.159399E+01   0.903935E+01   0.307802E+02   0.226651E+01  -0.195410E+01   0.127758E+01  -0.104427E+02   0.261243E-01   0.263629E-01   0.480762E-01   0.664663E-02   0.120862E-02  -0.509767E+02   0.101912E+02   0.000000E+00  -0.611679E+02   0.122336E+03
   0.324428E+02   0.754817E-02  -0.354411E+01   0.144895E+01   0.658369E+01   0.285620E+02   0.392283E+00   0.111905E+01   0.953446E+01  -0.681455E+01   0.282203E-02   0.355268E-02   0.164127E-01   0.244032E-02   0.895544E-03  -0.434026E+02   0.160906E+02   0.000000E+00  -0.594932E+02   0.118986E+03
   0.319848E+02   0.880658E+00  -0.507064E+00  -0.504468E+01  -0.858791E+01   0.276253E+02  -0.122063E+01   0.510030E+00   0.273165E+01  -0.287447E+01   0.216525E-01   0.234043E-02   0.153292E-01   0.124962E-01   0.199357E-02  -0.459880E+02   0.152047E+02   0.000000E+00  -0.611927E+02   0.122385E+03
   0.321857E+02  -0.918961E-01  -0.204356E+01  -0.176637E+01  -0.469851E+01   0.282893E+02   0.252858E+01  -0.240994E+01  -0.333128E+01   0.436882E+01   0.995714E-02   0.273046E-02   0.569764E-02   0.443040E-02   0.359909E-02  -0.417957E+02   0.167749E+02   0.000000E+00  -0.585706E+02   0.117141E+03
   0.317908E+02  -0.151131E+01   0.545763E+00   0.444942E+00  -0.456791E+01   0.269110E+02  -0.185544E+01  -0.116564E+01   0.923856E+00   0.535077E+01   0.180522E-01   0.654394E-02   0.265697E-01   0.184181E-02   0.214138E-02  -0.443909E+02   0.147110E+02   0.000000E+00  -0.591019E+02   0.118204E+03
   0.337671E+02  -0.211775E+01   0.519500E+01  -0.969919E+00  -0.565549E+01   0.249527E+02  -0.491912E+01  -0.673633E+01   0.734865E+00   0.474600E+01   0.100333E-01   0.200908E-01   0.134150E-01   0.247310E-01   0.201446E-01  -0.541020E+02   0.105825E+02   0.000000E+00  -0.646845E+02   0.129369E+03
   0.350831E+02  -0.337485E+01  -0.200100E+01   0.906447E+00  -0.116881E+02   0.261476E+02  -0.502103E+00   0.414189E+01   0.393361E+01   0.790400E+01   0.183249E-01   0.396725E-02   0.323684E-03   0.199857E-02   0.964589E-02  -0.471632E+02   0.168271E+02   0.000000E+00  -0.639903E+02   0.127981E+03
   0.325060E+02  -0.212191E+01  -0.103113E+01   0.111572E+01  -0.551407E+01   0.295490E+02   0.143480E+01   0.754144E+00   0.728546E+01  -0.191642E+01   0.406580E-01   0.396725E-02   0.293018E-01   0.100167E-01   0.114007E-01  -0.498118E+02   0.129520E+02   0.000000E+00  -0.627638E+02   0.125528E+03
   0.324070E+02   0.102833E+01  -0.178457E+00  -0.669304E+01   0.273047E+01   0.289619E+02   0.705573E+00   0.125603E+01   0.118351E+01  -0.135303E+02   0.374420E-01   0.195842E-01   0.695495E-02   0.284477E-01   0.322166E-02  -0.507036E+02   0.125998E+02   0.000000E+00  -0.633034E+02   0.126607E+03
   0.328515E+02   0.166225E+01  -0.415550E+01   0.511862E+01   0.113750E+02   0.275021E+02  -0.713412E+00  -0.122202E+01   0.407438E+01   0.657003E+01   0.184885E-01   0.365781E-02   0.779745E-03   0.171574E-01   0.174079E-01  -0.463115E+02   0.145204E+02   0.000000E+00  -0.608319E+02   0.121664E+03
   0.347642E+02  -0.222098E+00  -0.373212E+01   0.257704E+00   0.595163E+01   0.293371E+02  -0.172876E+01  -0.372282E+01  -0.380186E+01   0.101518E+01   0.268161E-02   0.365781E-02   0.226548E-02   0.457212E-02   0.110760E-01  -0.428678E+02   0.162635E+02   0.000000E+00  -0.591313E+02   0.118263E+03
