 Err001 à  01:13:20:00 + 600 : DIVERGENCE des itérations (Debord)
       écart relatif (à Ymax et Qmax) croissant entre 2 itérées successives
       Itération 11 : écart en DZ = 0.204161E-01 ; écart en DQ = 0.608262E-01
       Itération 12 : écart en DZ = 0.444130E-01 ; écart en DQ = 0.128855E+00
       Z : Pm   39692.00 du bief   4 ; Q : Pm   39738.00 du bief   4
 Err001 à  01:13:20:00 + 120 : DIVERGENCE des itérations (Debord)
       écart relatif (à Ymax et Qmax) croissant entre 2 itérées successives
       Itération 14 : écart en DZ = 0.739233E-02 ; écart en DQ = 0.391765E-01
       Itération 15 : écart en DZ = 0.109058E-01 ; écart en DQ = 0.560714E-01
       Z : Pm   39692.00 du bief   4 ; Q : Pm   39738.00 du bief   4
 Err010 à  01:13:20:24              : INSTABILITÉ NUMÉRIQUE (Froude grand)
       Froude = 0.83E+10 au Pm   38478.00 du Bief 004
       Vitesse = ****** Largeur =    0.093 Section =     0.00 Hauteur =  0.001
 Err001 à  01:13:20:00 + 4.000 : DIVERGENCE des itérations (Debord)
       écart relatif (à Ymax et Qmax) croissant entre 2 itérées successives
       Itération 07 : écart en DZ = 0.442318E-03 ; écart en DQ = 0.586535E-02
       Itération 08 : écart en DZ = 0.480250E-03 ; écart en DQ = 0.636920E-02
       Z : Pm   39692.00 du bief   4 ; Q : Pm   39738.00 du bief   4
 Err001 à  01:13:20:05 + 5.000 : DIVERGENCE des itérations (Debord)
       écart relatif (à Ymax et Qmax) croissant entre 2 itérées successives
       Itération 07 : écart en DZ = 0.311250E-03 ; écart en DQ = 0.405157E-02
       Itération 08 : écart en DZ = 0.413468E-03 ; écart en DQ = 0.538055E-02
       Z : Pm   39692.00 du bief   4 ; Q : Pm   39738.00 du bief   4
 Err001 à  01:13:20:10 + 5.000 : DIVERGENCE des itérations (Debord)
       écart relatif (à Ymax et Qmax) croissant entre 2 itérées successives
       Itération 07 : écart en DZ = 0.384701E-03 ; écart en DQ = 0.499968E-02
       Itération 08 : écart en DZ = 0.513462E-03 ; écart en DQ = 0.667058E-02
       Z : Pm   39692.00 du bief   4 ; Q : Pm   39738.00 du bief   4
 Err001 à  01:13:20:15 + 5.000 : DIVERGENCE des itérations (Debord)
       écart relatif (à Ymax et Qmax) croissant entre 2 itérées successives
       Itération 07 : écart en DZ = 0.309557E-03 ; écart en DQ = 0.402010E-02
       Itération 08 : écart en DZ = 0.414508E-03 ; écart en DQ = 0.538136E-02
       Z : Pm   39692.00 du bief   4 ; Q : Pm   39738.00 du bief   4
 Err001 à  01:13:20:20 + 5.000 : DIVERGENCE des itérations (Debord)
       écart relatif (à Ymax et Qmax) croissant entre 2 itérées successives
       Itération 07 : écart en DZ = 0.346895E-03 ; écart en DQ = 0.450347E-02
       Itération 08 : écart en DZ = 0.465908E-03 ; écart en DQ = 0.604632E-02
       Z : Pm   39692.00 du bief   4 ; Q : Pm   39738.00 du bief   4
 Err001 à  01:13:20:25 + 5.000 : DIVERGENCE des itérations (Debord)
       écart relatif (à Ymax et Qmax) croissant entre 2 itérées successives
       Itération 07 : écart en DZ = 0.324609E-03 ; écart en DQ = 0.421369E-02
       Itération 08 : écart en DZ = 0.438358E-03 ; écart en DQ = 0.568821E-02
       Z : Pm   39692.00 du bief   4 ; Q : Pm   39738.00 du bief   4
 Err001 à  01:13:20:30 + 5.000 : DIVERGENCE des itérations (Debord)
       écart relatif (à Ymax et Qmax) croissant entre 2 itérées successives
       Itération 07 : écart en DZ = 0.303692E-03 ; écart en DQ = 0.394203E-02
       Itération 08 : écart en DZ = 0.412957E-03 ; écart en DQ = 0.535851E-02
       Z : Pm   39692.00 du bief   4 ; Q : Pm   39738.00 du bief   4
 Err001 à  01:13:20:35 + 5.000 : DIVERGENCE des itérations (Debord)
       écart relatif (à Ymax et Qmax) croissant entre 2 itérées successives
       Itération 07 : écart en DZ = 0.222470E-03 ; écart en DQ = 0.288767E-02
       Itération 08 : écart en DZ = 0.304973E-03 ; écart en DQ = 0.395756E-02
       Z : Pm   39692.00 du bief   4 ; Q : Pm   39738.00 du bief   4
 Err001 à  01:13:20:40 + 5.000 : DIVERGENCE des itérations (Debord)
       écart relatif (à Ymax et Qmax) croissant entre 2 itérées successives
       Itération 07 : écart en DZ = 0.155520E-03 ; écart en DQ = 0.201860E-02
       Itération 08 : écart en DZ = 0.214563E-03 ; écart en DQ = 0.278445E-02
       Z : Pm   39692.00 du bief   4 ; Q : Pm   39738.00 du bief   4
 Err001 à  01:13:20:45 + 5.000 : DIVERGENCE des itérations (Debord)
       écart relatif (à Ymax et Qmax) croissant entre 2 itérées successives
       Itération 07 : écart en DZ = 0.133626E-03 ; écart en DQ = 0.173439E-02
       Itération 08 : écart en DZ = 0.185235E-03 ; écart en DQ = 0.240387E-02
       Z : Pm   39692.00 du bief   4 ; Q : Pm   39738.00 du bief   4
 Err001 à  01:13:20:50 + 5.000 : DIVERGENCE des itérations (Debord)
       écart relatif (à Ymax et Qmax) croissant entre 2 itérées successives
       Itération 07 : écart en DZ = 0.127250E-03 ; écart en DQ = 0.165164E-02
       Itération 08 : écart en DZ = 0.177210E-03 ; écart en DQ = 0.229975E-02
       Z : Pm   39692.00 du bief   4 ; Q : Pm   39738.00 du bief   4
 Err001 à  01:13:20:55 + 5.000 : DIVERGENCE des itérations (Debord)
       écart relatif (à Ymax et Qmax) croissant entre 2 itérées successives
       Itération 07 : écart en DZ = 0.126121E-03 ; écart en DQ = 0.163699E-02
       Itération 08 : écart en DZ = 0.176404E-03 ; écart en DQ = 0.228930E-02
       Z : Pm   39692.00 du bief   4 ; Q : Pm   39738.00 du bief   4
 Err001 à  01:13:21:00 + 5.000 : DIVERGENCE des itérations (Debord)
       écart relatif (à Ymax et Qmax) croissant entre 2 itérées successives
       Itération 07 : écart en DZ = 0.135755E-03 ; écart en DQ = 0.176204E-02
       Itération 08 : écart en DZ = 0.190655E-03 ; écart en DQ = 0.247422E-02
       Z : Pm   39692.00 du bief   4 ; Q : Pm   39738.00 du bief   4
 Err001 à  01:13:21:05 + 5.000 : DIVERGENCE des itérations (Debord)
       écart relatif (à Ymax et Qmax) croissant entre 2 itérées successives
       Itération 07 : écart en DZ = 0.154532E-03 ; écart en DQ = 0.200575E-02
       Itération 08 : écart en DZ = 0.217930E-03 ; écart en DQ = 0.282810E-02
       Z : Pm   39692.00 du bief   4 ; Q : Pm   39738.00 du bief   4
 Err001 à  01:13:21:10 + 5.000 : DIVERGENCE des itérations (Debord)
       écart relatif (à Ymax et Qmax) croissant entre 2 itérées successives
       Itération 07 : écart en DZ = 0.169352E-03 ; écart en DQ = 0.219811E-02
       Itération 08 : écart en DZ = 0.239910E-03 ; écart en DQ = 0.311328E-02
       Z : Pm   39692.00 du bief   4 ; Q : Pm   39738.00 du bief   4
 Err001 à  01:13:21:15 + 5.000 : DIVERGENCE des itérations (Debord)
       écart relatif (à Ymax et Qmax) croissant entre 2 itérées successives
       Itération 07 : écart en DZ = 0.183948E-03 ; écart en DQ = 0.238755E-02
       Itération 08 : écart en DZ = 0.261855E-03 ; écart en DQ = 0.339800E-02
       Z : Pm   39692.00 du bief   4 ; Q : Pm   39738.00 du bief   4
 Err001 à  01:13:21:20 + 5.000 : DIVERGENCE des itérations (Debord)
       écart relatif (à Ymax et Qmax) croissant entre 2 itérées successives
       Itération 07 : écart en DZ = 0.198889E-03 ; écart en DQ = 0.258147E-02
       Itération 08 : écart en DZ = 0.284601E-03 ; écart en DQ = 0.369308E-02
       Z : Pm   39692.00 du bief   4 ; Q : Pm   39738.00 du bief   4
 Err001 à  01:13:21:25 + 5.000 : DIVERGENCE des itérations (Debord)
       écart relatif (à Ymax et Qmax) croissant entre 2 itérées successives
       Itération 07 : écart en DZ = 0.208554E-03 ; écart en DQ = 0.270690E-02
       Itération 08 : écart en DZ = 0.300063E-03 ; écart en DQ = 0.389362E-02
       Z : Pm   39692.00 du bief   4 ; Q : Pm   39738.00 du bief   4
 Err001 à  01:13:21:30 + 5.000 : DIVERGENCE des itérations (Debord)
       écart relatif (à Ymax et Qmax) croissant entre 2 itérées successives
       Itération 07 : écart en DZ = 0.219952E-03 ; écart en DQ = 0.285481E-02
       Itération 08 : écart en DZ = 0.318205E-03 ; écart en DQ = 0.412894E-02
       Z : Pm   39692.00 du bief   4 ; Q : Pm   39738.00 du bief   4
 Err001 à  01:13:21:35 + 5.000 : DIVERGENCE des itérations (Debord)
       écart relatif (à Ymax et Qmax) croissant entre 2 itérées successives
       Itération 07 : écart en DZ = 0.228677E-03 ; écart en DQ = 0.296802E-02
       Itération 08 : écart en DZ = 0.332689E-03 ; écart en DQ = 0.431678E-02
       Z : Pm   39692.00 du bief   4 ; Q : Pm   39738.00 du bief   4
 Err001 à  01:13:21:40 + 5.000 : DIVERGENCE des itérations (Debord)
       écart relatif (à Ymax et Qmax) croissant entre 2 itérées successives
       Itération 07 : écart en DZ = 0.237474E-03 ; écart en DQ = 0.308217E-02
       Itération 08 : écart en DZ = 0.347466E-03 ; écart en DQ = 0.450843E-02
       Z : Pm   39692.00 du bief   4 ; Q : Pm   39738.00 du bief   4
 Err001 à  01:13:21:45 + 5.000 : DIVERGENCE des itérations (Debord)
       écart relatif (à Ymax et Qmax) croissant entre 2 itérées successives
       Itération 07 : écart en DZ = 0.249666E-03 ; écart en DQ = 0.324039E-02
       Itération 08 : écart en DZ = 0.367434E-03 ; écart en DQ = 0.476739E-02
       Z : Pm   39692.00 du bief   4 ; Q : Pm   39738.00 du bief   4
 Err001 à  01:13:21:50 + 5.000 : DIVERGENCE des itérations (Debord)
       écart relatif (à Ymax et Qmax) croissant entre 2 itérées successives
       Itération 07 : écart en DZ = 0.261050E-03 ; écart en DQ = 0.338811E-02
       Itération 08 : écart en DZ = 0.386485E-03 ; écart en DQ = 0.501444E-02
       Z : Pm   39692.00 du bief   4 ; Q : Pm   39738.00 du bief   4
 Err001 à  01:13:21:55 + 5.000 : DIVERGENCE des itérations (Debord)
       écart relatif (à Ymax et Qmax) croissant entre 2 itérées successives
       Itération 07 : écart en DZ = 0.272770E-03 ; écart en DQ = 0.354020E-02
       Itération 08 : écart en DZ = 0.406301E-03 ; écart en DQ = 0.527143E-02
       Z : Pm   39692.00 du bief   4 ; Q : Pm   39738.00 du bief   4
 Err001 à  01:13:22:00 + 5.000 : DIVERGENCE des itérations (Debord)
       écart relatif (à Ymax et Qmax) croissant entre 2 itérées successives
       Itération 07 : écart en DZ = 0.284547E-03 ; écart en DQ = 0.369303E-02
       Itération 08 : écart en DZ = 0.426474E-03 ; écart en DQ = 0.553302E-02
       Z : Pm   39692.00 du bief   4 ; Q : Pm   39738.00 du bief   4
 Err001 à  01:13:22:05 + 5.000 : DIVERGENCE des itérations (Debord)
       écart relatif (à Ymax et Qmax) croissant entre 2 itérées successives
       Itération 07 : écart en DZ = 0.294996E-03 ; écart en DQ = 0.382860E-02
       Itération 08 : écart en DZ = 0.444911E-03 ; écart en DQ = 0.577206E-02
       Z : Pm   39692.00 du bief   4 ; Q : Pm   39738.00 du bief   4
 Err001 à  01:13:22:10 + 5.000 : DIVERGENCE des itérations (Debord)
       écart relatif (à Ymax et Qmax) croissant entre 2 itérées successives
       Itération 07 : écart en DZ = 0.307512E-03 ; écart en DQ = 0.399101E-02
       Itération 08 : écart en DZ = 0.466718E-03 ; écart en DQ = 0.605481E-02
       Z : Pm   39692.00 du bief   4 ; Q : Pm   39738.00 du bief   4
 Err001 à  01:13:22:15 + 5.000 : DIVERGENCE des itérations (Debord)
       écart relatif (à Ymax et Qmax) croissant entre 2 itérées successives
       Itération 07 : écart en DZ = 0.321431E-03 ; écart en DQ = 0.417162E-02
       Itération 08 : écart en DZ = 0.490960E-03 ; écart en DQ = 0.636912E-02
       Z : Pm   39692.00 du bief   4 ; Q : Pm   39738.00 du bief   4
 Err001 à  01:13:22:20 + 5.000 : DIVERGENCE des itérations (Debord)
       écart relatif (à Ymax et Qmax) croissant entre 2 itérées successives
       Itération 07 : écart en DZ = 0.335786E-03 ; écart en DQ = 0.435789E-02
       Itération 08 : écart en DZ = 0.516220E-03 ; écart en DQ = 0.669661E-02
       Z : Pm   39692.00 du bief   4 ; Q : Pm   39738.00 du bief   4
 Err001 à  01:13:22:25 + 5.000 : DIVERGENCE des itérations (Debord)
       écart relatif (à Ymax et Qmax) croissant entre 2 itérées successives
       Itération 07 : écart en DZ = 0.353730E-03 ; écart en DQ = 0.459074E-02
       Itération 08 : écart en DZ = 0.547406E-03 ; écart en DQ = 0.710094E-02
       Z : Pm   39692.00 du bief   4 ; Q : Pm   39738.00 du bief   4
 Err001 à  01:13:22:30 + 5.000 : DIVERGENCE des itérations (Debord)
       écart relatif (à Ymax et Qmax) croissant entre 2 itérées successives
       Itération 07 : écart en DZ = 0.376655E-03 ; écart en DQ = 0.488825E-02
       Itération 08 : écart en DZ = 0.586837E-03 ; écart en DQ = 0.761215E-02
       Z : Pm   39692.00 du bief   4 ; Q : Pm   39738.00 du bief   4
 Err001 à  01:13:22:35 + 5.000 : DIVERGENCE des itérations (Debord)
       écart relatif (à Ymax et Qmax) croissant entre 2 itérées successives
       Itération 07 : écart en DZ = 0.400852E-03 ; écart en DQ = 0.520225E-02
       Itération 08 : écart en DZ = 0.628901E-03 ; écart en DQ = 0.815748E-02
       Z : Pm   39692.00 du bief   4 ; Q : Pm   39738.00 du bief   4
 Err001 à  01:13:22:40 + 5.000 : DIVERGENCE des itérations (Debord)
       écart relatif (à Ymax et Qmax) croissant entre 2 itérées successives
       Itération 07 : écart en DZ = 0.423834E-03 ; écart en DQ = 0.550049E-02
       Itération 08 : écart en DZ = 0.669739E-03 ; écart en DQ = 0.868685E-02
       Z : Pm   39692.00 du bief   4 ; Q : Pm   39738.00 du bief   4
 Err001 à  01:13:22:45 + 5.000 : DIVERGENCE des itérations (Debord)
       écart relatif (à Ymax et Qmax) croissant entre 2 itérées successives
       Itération 07 : écart en DZ = 0.447359E-03 ; écart en DQ = 0.580576E-02
       Itération 08 : écart en DZ = 0.712098E-03 ; écart en DQ = 0.923590E-02
       Z : Pm   39692.00 du bief   4 ; Q : Pm   39738.00 du bief   4
 Err001 à  01:13:22:50 + 5.000 : DIVERGENCE des itérations (Debord)
       écart relatif (à Ymax et Qmax) croissant entre 2 itérées successives
       Itération 07 : écart en DZ = 0.472171E-03 ; écart en DQ = 0.612774E-02
       Itération 08 : écart en DZ = 0.757193E-03 ; écart en DQ = 0.982036E-02
       Z : Pm   39692.00 du bief   4 ; Q : Pm   39738.00 du bief   4
 Err001 à  01:13:22:55 + 5.000 : DIVERGENCE des itérations (Debord)
       écart relatif (à Ymax et Qmax) croissant entre 2 itérées successives
       Itération 07 : écart en DZ = 0.497421E-03 ; écart en DQ = 0.645539E-02
       Itération 08 : écart en DZ = 0.803706E-03 ; écart en DQ = 0.104231E-01
       Z : Pm   39692.00 du bief   4 ; Q : Pm   39738.00 du bief   4
 Err001 à  01:13:23:00 + 5.000 : DIVERGENCE des itérations (Debord)
       écart relatif (à Ymax et Qmax) croissant entre 2 itérées successives
       Itération 07 : écart en DZ = 0.523852E-03 ; écart en DQ = 0.679836E-02
       Itération 08 : écart en DZ = 0.852871E-03 ; écart en DQ = 0.110603E-01
       Z : Pm   39692.00 du bief   4 ; Q : Pm   39738.00 du bief   4
 Err001 à  01:13:23:05 + 5.000 : DIVERGENCE des itérations (Debord)
       écart relatif (à Ymax et Qmax) croissant entre 2 itérées successives
       Itération 07 : écart en DZ = 0.552599E-03 ; écart en DQ = 0.717140E-02
       Itération 08 : écart en DZ = 0.906608E-03 ; écart en DQ = 0.117566E-01
       Z : Pm   39692.00 du bief   4 ; Q : Pm   39738.00 du bief   4
 Err001 à  01:13:23:10 + 5.000 : DIVERGENCE des itérations (Debord)
       écart relatif (à Ymax et Qmax) croissant entre 2 itérées successives
       Itération 07 : écart en DZ = 0.582845E-03 ; écart en DQ = 0.756388E-02
       Itération 08 : écart en DZ = 0.963679E-03 ; écart en DQ = 0.124960E-01
       Z : Pm   39692.00 du bief   4 ; Q : Pm   39738.00 du bief   4
 Err001 à  01:13:23:15 + 5.000 : DIVERGENCE des itérations (Debord)
       écart relatif (à Ymax et Qmax) croissant entre 2 itérées successives
       Itération 07 : écart en DZ = 0.614109E-03 ; écart en DQ = 0.796958E-02
       Itération 08 : écart en DZ = 0.102336E-02 ; écart en DQ = 0.132693E-01
       Z : Pm   39692.00 du bief   4 ; Q : Pm   39738.00 du bief   4
 Err001 à  01:13:23:20 + 5.000 : DIVERGENCE des itérations (Debord)
       écart relatif (à Ymax et Qmax) croissant entre 2 itérées successives
       Itération 07 : écart en DZ = 0.647955E-03 ; écart en DQ = 0.840878E-02
       Itération 08 : écart en DZ = 0.108834E-02 ; écart en DQ = 0.141110E-01
       Z : Pm   39692.00 du bief   4 ; Q : Pm   39738.00 du bief   4
 Err001 à  01:13:23:25 + 5.000 : DIVERGENCE des itérations (Debord)
       écart relatif (à Ymax et Qmax) croissant entre 2 itérées successives
       Itération 07 : écart en DZ = 0.685172E-03 ; écart en DQ = 0.889174E-02
       Itération 08 : écart en DZ = 0.116009E-02 ; écart en DQ = 0.150404E-01
       Z : Pm   39692.00 du bief   4 ; Q : Pm   39738.00 du bief   4
 Err001 à  01:13:23:30 + 5.000 : DIVERGENCE des itérations (Debord)
       écart relatif (à Ymax et Qmax) croissant entre 2 itérées successives
       Itération 07 : écart en DZ = 0.724673E-03 ; écart en DQ = 0.940434E-02
       Itération 08 : écart en DZ = 0.123692E-02 ; écart en DQ = 0.160355E-01
       Z : Pm   39692.00 du bief   4 ; Q : Pm   39738.00 du bief   4
 Err001 à  01:13:23:35 + 5.000 : DIVERGENCE des itérations (Debord)
       écart relatif (à Ymax et Qmax) croissant entre 2 itérées successives
       Itération 07 : écart en DZ = 0.766255E-03 ; écart en DQ = 0.994398E-02
       Itération 08 : écart en DZ = 0.131862E-02 ; écart en DQ = 0.170936E-01
       Z : Pm   39692.00 du bief   4 ; Q : Pm   39738.00 du bief   4
 Err001 à  01:13:23:40 + 5.000 : DIVERGENCE des itérations (Debord)
       écart relatif (à Ymax et Qmax) croissant entre 2 itérées successives
       Itération 07 : écart en DZ = 0.810789E-03 ; écart en DQ = 0.105219E-01
       Itération 08 : écart en DZ = 0.140682E-02 ; écart en DQ = 0.182358E-01
       Z : Pm   39692.00 du bief   4 ; Q : Pm   39738.00 du bief   4
 Err001 à  01:13:23:45 + 5.000 : DIVERGENCE des itérations (Debord)
       écart relatif (à Ymax et Qmax) croissant entre 2 itérées successives
       Itération 07 : écart en DZ = 0.859074E-03 ; écart en DQ = 0.111485E-01
       Itération 08 : écart en DZ = 0.150309E-02 ; écart en DQ = 0.194823E-01
       Z : Pm   39692.00 du bief   4 ; Q : Pm   39738.00 du bief   4
 Err001 à  01:13:23:50 + 5.000 : DIVERGENCE des itérations (Debord)
       écart relatif (à Ymax et Qmax) croissant entre 2 itérées successives
       Itération 07 : écart en DZ = 0.911039E-03 ; écart en DQ = 0.118230E-01
       Itération 08 : écart en DZ = 0.160751E-02 ; écart en DQ = 0.208342E-01
       Z : Pm   39692.00 du bief   4 ; Q : Pm   39738.00 du bief   4
 Err001 à  01:13:23:55 + 5.000 : DIVERGENCE des itérations (Debord)
       écart relatif (à Ymax et Qmax) croissant entre 2 itérées successives
       Itération 07 : écart en DZ = 0.966560E-03 ; écart en DQ = 0.125436E-01
       Itération 08 : écart en DZ = 0.172008E-02 ; écart en DQ = 0.222914E-01
       Z : Pm   39692.00 du bief   4 ; Q : Pm   39738.00 du bief   4
 Err001 à  01:13:24:00 + 5.000 : DIVERGENCE des itérations (Debord)
       écart relatif (à Ymax et Qmax) croissant entre 2 itérées successives
       Itération 07 : écart en DZ = 0.102613E-02 ; écart en DQ = 0.133167E-01
       Itération 08 : écart en DZ = 0.184189E-02 ; écart en DQ = 0.238680E-01
       Z : Pm   39692.00 du bief   4 ; Q : Pm   39738.00 du bief   4
 Err001 à  01:13:24:05 + 5.000 : DIVERGENCE des itérations (Debord)
       écart relatif (à Ymax et Qmax) croissant entre 2 itérées successives
       Itération 07 : écart en DZ = 0.109014E-02 ; écart en DQ = 0.141475E-01
       Itération 08 : écart en DZ = 0.197388E-02 ; écart en DQ = 0.255760E-01
       Z : Pm   39692.00 du bief   4 ; Q : Pm   39738.00 du bief   4
 Err001 à  01:13:24:10 + 5.000 : DIVERGENCE des itérations (Debord)
       écart relatif (à Ymax et Qmax) croissant entre 2 itérées successives
       Itération 07 : écart en DZ = 0.115876E-02 ; écart en DQ = 0.150382E-01
       Itération 08 : écart en DZ = 0.211665E-02 ; écart en DQ = 0.274234E-01
       Z : Pm   39692.00 du bief   4 ; Q : Pm   39738.00 du bief   4
 Err001 à  01:13:24:15 + 5.000 : DIVERGENCE des itérations (Debord)
       écart relatif (à Ymax et Qmax) croissant entre 2 itérées successives
       Itération 07 : écart en DZ = 0.123230E-02 ; écart en DQ = 0.159927E-01
       Itération 08 : écart en DZ = 0.227105E-02 ; écart en DQ = 0.294209E-01
       Z : Pm   39692.00 du bief   4 ; Q : Pm   39738.00 du bief   4
 Err001 à  01:13:24:20 + 5.000 : DIVERGENCE des itérations (Debord)
       écart relatif (à Ymax et Qmax) croissant entre 2 itérées successives
       Itération 07 : écart en DZ = 0.131113E-02 ; écart en DQ = 0.170161E-01
       Itération 08 : écart en DZ = 0.243809E-02 ; écart en DQ = 0.315816E-01
       Z : Pm   39692.00 du bief   4 ; Q : Pm   39738.00 du bief   4
 Err001 à  01:13:24:25 + 5.000 : DIVERGENCE des itérations (Debord)
       écart relatif (à Ymax et Qmax) croissant entre 2 itérées successives
       Itération 07 : écart en DZ = 0.139584E-02 ; écart en DQ = 0.181158E-01
       Itération 08 : écart en DZ = 0.261920E-02 ; écart en DQ = 0.339238E-01
       Z : Pm   39692.00 du bief   4 ; Q : Pm   39738.00 du bief   4
 Err001 à  01:13:24:30 + 5.000 : DIVERGENCE des itérations (Debord)
       écart relatif (à Ymax et Qmax) croissant entre 2 itérées successives
       Itération 07 : écart en DZ = 0.148722E-02 ; écart en DQ = 0.193020E-01
       Itération 08 : écart en DZ = 0.281625E-02 ; écart en DQ = 0.364711E-01
       Z : Pm   39692.00 du bief   4 ; Q : Pm   39738.00 du bief   4
 Err001 à  01:13:24:35 + 5.000 : DIVERGENCE des itérations (Debord)
       écart relatif (à Ymax et Qmax) croissant entre 2 itérées successives
       Itération 07 : écart en DZ = 0.158588E-02 ; écart en DQ = 0.205826E-01
       Itération 08 : écart en DZ = 0.303102E-02 ; écart en DQ = 0.392456E-01
       Z : Pm   39692.00 du bief   4 ; Q : Pm   39738.00 du bief   4
 Err001 à  01:13:24:40 + 5.000 : DIVERGENCE des itérations (Debord)
       écart relatif (à Ymax et Qmax) croissant entre 2 itérées successives
       Itération 07 : écart en DZ = 0.168996E-02 ; écart en DQ = 0.219336E-01
       Itération 08 : écart en DZ = 0.326036E-02 ; écart en DQ = 0.422078E-01
       Z : Pm   39692.00 du bief   4 ; Q : Pm   39738.00 du bief   4
 Err001 à  01:13:24:45 + 5.000 : DIVERGENCE des itérations (Debord)
       écart relatif (à Ymax et Qmax) croissant entre 2 itérées successives
       Itération 07 : écart en DZ = 0.246969E+00 ; écart en DQ = 0.347044E+01
       Itération 08 : écart en DZ = 0.151536E+01 ; écart en DQ = 0.296904E+14
       Z : Pm   40056.00 du bief   4 ; Q : Pm   39738.00 du bief   4
 Err010 à  01:13:24:55              : INSTABILITÉ NUMÉRIQUE (Froude grand)
       Froude = 0.26E+01 au Pm   39526.00 du Bief 004
       Vitesse =  8.065 Largeur =   85.375 Section =    85.98 Hauteur =  2.291
 Err010 à  01:13:25:00              : INSTABILITÉ NUMÉRIQUE (Froude grand)
       Froude = 0.38E+02 au Pm   39416.00 du Bief 004
       Vitesse = 82.363 Largeur =   31.840 Section =    15.29 Hauteur =  0.991
 Err010 à  01:13:25:05              : INSTABILITÉ NUMÉRIQUE (Froude grand)
       Froude = 0.53E+01 au Pm   37168.00 du Bief 006
       Vitesse = 12.451 Largeur =   27.605 Section =    15.65 Hauteur =  0.839
 Err010 à  01:13:25:10              : INSTABILITÉ NUMÉRIQUE (Froude grand)
       Froude = 0.36E+01 au Pm   39646.00 du Bief 004
       Vitesse = 12.556 Largeur =   43.876 Section =    54.12 Hauteur =  2.440
 Err010 à  01:13:25:15              : INSTABILITÉ NUMÉRIQUE (Froude grand)
       Froude = 0.22E+01 au Pm   39692.00 du Bief 004
       Vitesse =  8.097 Largeur =   52.923 Section =    72.64 Hauteur =  2.596
 Err010 à  01:13:25:20              : INSTABILITÉ NUMÉRIQUE (Froude grand)
       Froude = 0.62E+01 au Pm   39692.00 du Bief 004
       Vitesse = 19.412 Largeur =   41.392 Section =    40.86 Hauteur =  1.919
 Err010 à  01:13:25:25              : INSTABILITÉ NUMÉRIQUE (Froude grand)
       Froude = 0.35E+02 au Pm   39692.00 du Bief 004
       Vitesse = 78.486 Largeur =   25.251 Section =    13.06 Hauteur =  1.124
 Err010 à  01:13:25:30              : INSTABILITÉ NUMÉRIQUE (Froude grand)
       Froude = 0.17E+02 au Pm   39692.00 du Bief 004
       Vitesse = 42.046 Largeur =   33.311 Section =    21.11 Hauteur =  1.390
 Err010 à  01:13:25:35              : INSTABILITÉ NUMÉRIQUE (Froude grand)
       Froude = 0.16E+02 au Pm   39646.00 du Bief 004
       Vitesse = 42.552 Largeur =   31.218 Section =    21.55 Hauteur =  1.578
 Err001 à  01:13:25:35 + 5.000 : DIVERGENCE des itérations (Debord)
       écart relatif (à Ymax et Qmax) croissant entre 2 itérées successives
       Itération 07 : écart en DZ = 0.191765E-01 ; écart en DQ = 0.236285E+00
       Itération 08 : écart en DZ = 0.507351E-01 ; écart en DQ = 0.642063E+00
       Z : Pm   39692.00 du bief   4 ; Q : Pm   39738.00 du bief   4
 Err001 à  01:13:25:40 + 5.000 : DIVERGENCE des itérations (Debord)
       écart relatif (à Ymax et Qmax) croissant entre 2 itérées successives
       Itération 07 : écart en DZ = 0.209088E-01 ; écart en DQ = 0.257303E+00
       Itération 08 : écart en DZ = 0.563544E-01 ; écart en DQ = 0.713808E+00
       Z : Pm   39692.00 du bief   4 ; Q : Pm   39738.00 du bief   4
 Err001 à  01:13:25:45 + 5.000 : DIVERGENCE des itérations (Debord)
       écart relatif (à Ymax et Qmax) croissant entre 2 itérées successives
       Itération 07 : écart en DZ = 0.239239E-01 ; écart en DQ = 0.293943E+00
       Itération 08 : écart en DZ = 0.658251E-01 ; écart en DQ = 0.835238E+00
       Z : Pm   39692.00 du bief   4 ; Q : Pm   39738.00 du bief   4
 Err001 à  01:13:25:50 + 5.000 : DIVERGENCE des itérations (Debord)
       écart relatif (à Ymax et Qmax) croissant entre 2 itérées successives
       Itération 07 : écart en DZ = 0.275221E-01 ; écart en DQ = 0.337574E+00
       Itération 08 : écart en DZ = 0.773937E-01 ; écart en DQ = 0.983757E+00
       Z : Pm   39692.00 du bief   4 ; Q : Pm   39738.00 du bief   4
 Err001 à  01:13:25:55 + 5.000 : DIVERGENCE des itérations (Debord)
       écart relatif (à Ymax et Qmax) croissant entre 2 itérées successives
       Itération 07 : écart en DZ = 0.317392E-01 ; écart en DQ = 0.388580E+00
       Itération 08 : écart en DZ = 0.913333E-01 ; écart en DQ = 0.116298E+01
       Z : Pm   39692.00 du bief   4 ; Q : Pm   39738.00 du bief   4
 Err001 à  01:13:26:00 + 5.000 : DIVERGENCE des itérations (Debord)
       écart relatif (à Ymax et Qmax) croissant entre 2 itérées successives
       Itération 07 : écart en DZ = 0.366214E-01 ; écart en DQ = 0.447451E+00
       Itération 08 : écart en DZ = 0.107991E+00 ; écart en DQ = 0.137752E+01
       Z : Pm   39692.00 du bief   4 ; Q : Pm   39738.00 du bief   4
 Err001 à  01:13:26:05 + 5.000 : DIVERGENCE des itérations (Debord)
       écart relatif (à Ymax et Qmax) croissant entre 2 itérées successives
       Itération 07 : écart en DZ = 0.422802E-01 ; écart en DQ = 0.515463E+00
       Itération 08 : écart en DZ = 0.127949E+00 ; écart en DQ = 0.163524E+01
       Z : Pm   39692.00 du bief   4 ; Q : Pm   39738.00 du bief   4
 Err001 à  01:13:26:10 + 5.000 : DIVERGENCE des itérations (Debord)
       écart relatif (à Ymax et Qmax) croissant entre 2 itérées successives
       Itération 07 : écart en DZ = 0.489638E-01 ; écart en DQ = 0.595515E+00
       Itération 08 : écart en DZ = 0.152393E+00 ; écart en DQ = 0.195404E+01
       Z : Pm   39692.00 du bief   4 ; Q : Pm   39738.00 du bief   4
 Err001 à  01:13:26:15 + 5.000 : DIVERGENCE des itérations (Debord)
       écart relatif (à Ymax et Qmax) croissant entre 2 itérées successives
       Itération 07 : écart en DZ = 0.568283E-01 ; écart en DQ = 0.689331E+00
       Itération 08 : écart en DZ = 0.182517E+00 ; écart en DQ = 0.234646E+01
       Z : Pm   39692.00 du bief   4 ; Q : Pm   39738.00 du bief   4
 Err001 à  01:13:26:20 + 5.000 : DIVERGENCE des itérations (Debord)
       écart relatif (à Ymax et Qmax) croissant entre 2 itérées successives
       Itération 07 : écart en DZ = 0.661199E-01 ; écart en DQ = 0.799815E+00
       Itération 08 : écart en DZ = 0.219755E+00 ; écart en DQ = 0.283347E+01
       Z : Pm   39692.00 du bief   4 ; Q : Pm   39738.00 du bief   4
 Err001 à  01:13:26:25 + 5.000 : DIVERGENCE des itérations (Debord)
       écart relatif (à Ymax et Qmax) croissant entre 2 itérées successives
       Itération 07 : écart en DZ = 0.769551E-01 ; écart en DQ = 0.928986E+00
       Itération 08 : écart en DZ = 0.264899E+00 ; écart en DQ = 0.342819E+01
       Z : Pm   39692.00 du bief   4 ; Q : Pm   39738.00 du bief   4
 Err001 à  01:13:26:30 + 5.000 : DIVERGENCE des itérations (Debord)
       écart relatif (à Ymax et Qmax) croissant entre 2 itérées successives
       Itération 07 : écart en DZ = 0.896140E-01 ; écart en DQ = 0.108068E+01
       Itération 08 : écart en DZ = 0.320001E+00 ; écart en DQ = 0.416183E+01
       Z : Pm   39692.00 du bief   4 ; Q : Pm   39738.00 du bief   4
 Err001 à  01:13:26:35 + 5.000 : DIVERGENCE des itérations (Debord)
       écart relatif (à Ymax et Qmax) croissant entre 2 itérées successives
       Itération 07 : écart en DZ = 0.104281E+00 ; écart en DQ = 0.125802E+01
       Itération 08 : écart en DZ = 0.387720E+00 ; écart en DQ = 0.507652E+01
       Z : Pm   39692.00 du bief   4 ; Q : Pm   39738.00 du bief   4
 Err001 à  01:13:26:40 + 5.000 : DIVERGENCE des itérations (Debord)
       écart relatif (à Ymax et Qmax) croissant entre 2 itérées successives
       Itération 07 : écart en DZ = 0.120884E+00 ; écart en DQ = 0.146141E+01
       Itération 08 : écart en DZ = 0.464722E+00 ; écart en DQ = 0.613657E+01
       Z : Pm   39692.00 du bief   4 ; Q : Pm   39738.00 du bief   4
 Err001 à  01:13:26:45 + 5.000 : DIVERGENCE des itérations (Debord)
       écart relatif (à Ymax et Qmax) croissant entre 2 itérées successives
       Itération 07 : écart en DZ = 0.139912E+00 ; écart en DQ = 0.169818E+01
       Itération 08 : écart en DZ = 0.558547E+00 ; écart en DQ = 0.745853E+01
       Z : Pm   39692.00 du bief   4 ; Q : Pm   39738.00 du bief   4
 Err001 à  01:13:26:50 + 5.000 : DIVERGENCE des itérations (Debord)
       écart relatif (à Ymax et Qmax) croissant entre 2 itérées successives
       Itération 07 : écart en DZ = 0.160612E+00 ; écart en DQ = 0.196481E+01
       Itération 08 : écart en DZ = 0.662478E+00 ; écart en DQ = 0.897541E+01
       Z : Pm   39692.00 du bief   4 ; Q : Pm   39738.00 du bief   4
 Err010 à  01:13:27:00              : INSTABILITÉ NUMÉRIQUE (Froude grand)
       Froude = 0.16E+01 au Pm   39692.00 du Bief 004
       Vitesse =  5.900 Largeur =   56.755 Section =    83.57 Hauteur =  2.795
 Err010 à  01:13:27:05              : INSTABILITÉ NUMÉRIQUE (Froude grand)
       Froude = 0.17E+01 au Pm   39692.00 du Bief 004
       Vitesse =  6.326 Largeur =   55.301 Section =    79.37 Hauteur =  2.720
 Err001 à  01:13:27:05 + 5.000 : DIVERGENCE des itérations (Debord)
       écart relatif (à Ymax et Qmax) croissant entre 2 itérées successives
       Itération 07 : écart en DZ = 0.194215E-01 ; écart en DQ = 0.254556E+00
       Itération 08 : écart en DZ = 0.500944E-01 ; écart en DQ = 0.643109E+00
       Z : Pm   39692.00 du bief   4 ; Q : Pm   39738.00 du bief   4
 Err001 à  01:13:27:10 + 5.000 : DIVERGENCE des itérations (Debord)
       écart relatif (à Ymax et Qmax) croissant entre 2 itérées successives
       Itération 07 : écart en DZ = 0.211811E-01 ; écart en DQ = 0.277740E+00
       Itération 08 : écart en DZ = 0.552190E-01 ; écart en DQ = 0.708075E+00
       Z : Pm   39692.00 du bief   4 ; Q : Pm   39738.00 du bief   4
 Err001 à  01:13:27:15 + 5.000 : DIVERGENCE des itérations (Debord)
       écart relatif (à Ymax et Qmax) croissant entre 2 itérées successives
       Itération 07 : écart en DZ = 0.231592E-01 ; écart en DQ = 0.303827E+00
       Itération 08 : écart en DZ = 0.610101E-01 ; écart en DQ = 0.781497E+00
       Z : Pm   39692.00 du bief   4 ; Q : Pm   39738.00 du bief   4
 Err001 à  01:13:27:20 + 5.000 : DIVERGENCE des itérations (Debord)
       écart relatif (à Ymax et Qmax) croissant entre 2 itérées successives
       Itération 07 : écart en DZ = 0.253800E-01 ; écart en DQ = 0.333143E+00
       Itération 08 : écart en DZ = 0.675481E-01 ; écart en DQ = 0.864422E+00
       Z : Pm   39692.00 du bief   4 ; Q : Pm   39738.00 du bief   4
 Err001 à  01:13:27:25 + 5.000 : DIVERGENCE des itérations (Debord)
       écart relatif (à Ymax et Qmax) croissant entre 2 itérées successives
       Itération 07 : écart en DZ = 0.278705E-01 ; écart en DQ = 0.366056E+00
       Itération 08 : écart en DZ = 0.749179E-01 ; écart en DQ = 0.957953E+00
       Z : Pm   39692.00 du bief   4 ; Q : Pm   39738.00 du bief   4
 Err001 à  01:13:27:30 + 5.000 : DIVERGENCE des itérations (Debord)
       écart relatif (à Ymax et Qmax) croissant entre 2 itérées successives
       Itération 07 : écart en DZ = 0.306579E-01 ; écart en DQ = 0.402942E+00
       Itération 08 : écart en DZ = 0.832225E-01 ; écart en DQ = 0.106350E+01
       Z : Pm   39692.00 du bief   4 ; Q : Pm   39738.00 du bief   4
 Err001 à  01:13:27:35 + 5.000 : DIVERGENCE des itérations (Debord)
       écart relatif (à Ymax et Qmax) croissant entre 2 itérées successives
       Itération 07 : écart en DZ = 0.337861E-01 ; écart en DQ = 0.444398E+00
       Itération 08 : écart en DZ = 0.926219E-01 ; écart en DQ = 0.118326E+01
       Z : Pm   39692.00 du bief   4 ; Q : Pm   39738.00 du bief   4
 Err001 à  01:13:27:40 + 5.000 : DIVERGENCE des itérations (Debord)
       écart relatif (à Ymax et Qmax) croissant entre 2 itérées successives
       Itération 07 : écart en DZ = 0.372713E-01 ; écart en DQ = 0.490659E+00
       Itération 08 : écart en DZ = 0.103182E+00 ; écart en DQ = 0.131803E+01
       Z : Pm   39692.00 du bief   4 ; Q : Pm   39738.00 du bief   4
 Err001 à  01:13:27:45 + 5.000 : DIVERGENCE des itérations (Debord)
       écart relatif (à Ymax et Qmax) croissant entre 2 itérées successives
       Itération 07 : écart en DZ = 0.411979E-01 ; écart en DQ = 0.542869E+00
       Itération 08 : écart en DZ = 0.114946E+00 ; écart en DQ = 0.146849E+01
       Z : Pm   39692.00 du bief   4 ; Q : Pm   39738.00 du bief   4
 Err001 à  01:13:27:50 + 5.000 : DIVERGENCE des itérations (Debord)
       écart relatif (à Ymax et Qmax) croissant entre 2 itérées successives
       Itération 07 : écart en DZ = 0.455942E-01 ; écart en DQ = 0.601469E+00
       Itération 08 : écart en DZ = 0.128399E+00 ; écart en DQ = 0.164085E+01
       Z : Pm   39692.00 du bief   4 ; Q : Pm   39738.00 du bief   4
 Err001 à  01:13:27:55 + 5.000 : DIVERGENCE des itérations (Debord)
       écart relatif (à Ymax et Qmax) croissant entre 2 itérées successives
       Itération 07 : écart en DZ = 0.505621E-01 ; écart en DQ = 0.667934E+00
       Itération 08 : écart en DZ = 0.143622E+00 ; écart en DQ = 0.183691E+01
       Z : Pm   39692.00 du bief   4 ; Q : Pm   39738.00 du bief   4
 Err001 à  01:13:28:00 + 5.000 : DIVERGENCE des itérations (Debord)
       écart relatif (à Ymax et Qmax) croissant entre 2 itérées successives
       Itération 07 : écart en DZ = 0.561487E-01 ; écart en DQ = 0.742765E+00
       Itération 08 : écart en DZ = 0.160683E+00 ; écart en DQ = 0.205804E+01
       Z : Pm   39692.00 du bief   4 ; Q : Pm   39738.00 du bief   4
 Err001 à  01:13:28:05 + 5.000 : DIVERGENCE des itérations (Debord)
       écart relatif (à Ymax et Qmax) croissant entre 2 itérées successives
       Itération 07 : écart en DZ = 0.624919E-01 ; écart en DQ = 0.827823E+00
       Itération 08 : écart en DZ = 0.179846E+00 ; écart en DQ = 0.230929E+01
       Z : Pm   39692.00 du bief   4 ; Q : Pm   39738.00 du bief   4
 Err001 à  01:13:28:10 + 5.000 : DIVERGENCE des itérations (Debord)
       écart relatif (à Ymax et Qmax) croissant entre 2 itérées successives
       Itération 07 : écart en DZ = 0.696951E-01 ; écart en DQ = 0.924488E+00
       Itération 08 : écart en DZ = 0.201186E+00 ; écart en DQ = 0.259422E+01
       Z : Pm   39692.00 du bief   4 ; Q : Pm   39738.00 du bief   4
 Err001 à  01:13:28:15 + 5.000 : DIVERGENCE des itérations (Debord)
       écart relatif (à Ymax et Qmax) croissant entre 2 itérées successives
       Itération 07 : écart en DZ = 0.778409E-01 ; écart en DQ = 0.103389E+01
       Itération 08 : écart en DZ = 0.224591E+00 ; écart en DQ = 0.291469E+01
       Z : Pm   39692.00 du bief   4 ; Q : Pm   39738.00 du bief   4
 Err001 à  01:13:28:20 + 5.000 : DIVERGENCE des itérations (Debord)
       écart relatif (à Ymax et Qmax) croissant entre 2 itérées successives
       Itération 07 : écart en DZ = 0.871294E-01 ; écart en DQ = 0.115877E+01
       Itération 08 : écart en DZ = 0.250004E+00 ; écart en DQ = 0.327543E+01
       Z : Pm   39692.00 du bief   4 ; Q : Pm   39738.00 du bief   4
 Err001 à  01:13:28:25 + 5.000 : DIVERGENCE des itérations (Debord)
       écart relatif (à Ymax et Qmax) croissant entre 2 itérées successives
       Itération 07 : écart en DZ = 0.977163E-01 ; écart en DQ = 0.130125E+01
       Itération 08 : écart en DZ = 0.276877E+00 ; écart en DQ = 0.367837E+01
       Z : Pm   39692.00 du bief   4 ; Q : Pm   39738.00 du bief   4
 Err001 à  01:13:28:30 + 5.000 : DIVERGENCE des itérations (Debord)
       écart relatif (à Ymax et Qmax) croissant entre 2 itérées successives
       Itération 07 : écart en DZ = 0.109786E+00 ; écart en DQ = 0.146389E+01
       Itération 08 : écart en DZ = 0.304155E+00 ; écart en DQ = 0.412525E+01
       Z : Pm   39692.00 du bief   4 ; Q : Pm   39738.00 du bief   4
 Err001 à  01:13:28:35 + 5.000 : DIVERGENCE des itérations (Debord)
       écart relatif (à Ymax et Qmax) croissant entre 2 itérées successives
       Itération 07 : écart en DZ = 0.123674E+00 ; écart en DQ = 0.165132E+01
       Itération 08 : écart en DZ = 0.329529E+00 ; écart en DQ = 0.460715E+01
       Z : Pm   39692.00 du bief   4 ; Q : Pm   39738.00 du bief   4
 Err001 à  01:13:28:40 + 5.000 : DIVERGENCE des itérations (Debord)
       écart relatif (à Ymax et Qmax) croissant entre 2 itérées successives
       Itération 07 : écart en DZ = 0.139655E+00 ; écart en DQ = 0.186735E+01
       Itération 08 : écart en DZ = 0.348761E+00 ; écart en DQ = 0.510666E+01
       Z : Pm   39692.00 du bief   4 ; Q : Pm   39738.00 du bief   4
 Err001 à  01:13:28:45 + 5.000 : DIVERGENCE des itérations (Debord)
       écart relatif (à Ymax et Qmax) croissant entre 2 itérées successives
       Itération 07 : écart en DZ = 0.158020E+00 ; écart en DQ = 0.211608E+01
       Itération 08 : écart en DZ = 0.355534E+00 ; écart en DQ = 0.561924E+01
       Z : Pm   39692.00 du bief   4 ; Q : Pm   39738.00 du bief   4
 Err001 à  01:13:28:50 + 5.000 : DIVERGENCE des itérations (Debord)
       écart relatif (à Ymax et Qmax) croissant entre 2 itérées successives
       Itération 07 : écart en DZ = 0.179522E+00 ; écart en DQ = 0.240911E+01
       Itération 08 : écart en DZ = 0.337986E+00 ; écart en DQ = 0.613239E+01
       Z : Pm   39692.00 du bief   4 ; Q : Pm   39738.00 du bief   4
 Err001 à  01:13:28:55 + 5.000 : DIVERGENCE des itérations (Debord)
       écart relatif (à Ymax et Qmax) croissant entre 2 itérées successives
       Itération 07 : écart en DZ = 0.204413E+00 ; écart en DQ = 0.274800E+01
       Itération 08 : écart en DZ = 0.286088E+00 ; écart en DQ = 0.684707E+01
       Z : Pm   39692.00 du bief   4 ; Q : Pm   39738.00 du bief   4
 Err001 à  01:13:29:00 + 5.000 : DIVERGENCE des itérations (Debord)
       écart relatif (à Ymax et Qmax) croissant entre 2 itérées successives
       Itération 07 : écart en DZ = 0.233634E+00 ; écart en DQ = 0.314699E+01
       Itération 08 : écart en DZ = 0.462894E+00 ; écart en DQ = 0.857717E+01
       Z : Pm   39784.00 du bief   4 ; Q : Pm   39738.00 du bief   4
 Err001 à  01:13:29:05 + 5.000 : DIVERGENCE des itérations (Debord)
       écart relatif (à Ymax et Qmax) croissant entre 2 itérées successives
       Itération 07 : écart en DZ = 0.267777E+00 ; écart en DQ = 0.361468E+01
       Itération 08 : écart en DZ = 0.908792E+00 ; écart en DQ = 0.150086E+02
       Z : Pm   39784.00 du bief   4 ; Q : Pm   39738.00 du bief   4
 Err001 à  01:13:29:10 + 5.000 : DIVERGENCE des itérations (Debord)
       écart relatif (à Ymax et Qmax) croissant entre 2 itérées successives
       Itération 07 : écart en DZ = 0.307797E+00 ; écart en DQ = 0.416487E+01
       Itération 08 : écart en DZ = 0.115618E+01 ; écart en DQ = 0.485123E+02
       Z : Pm   39784.00 du bief   4 ; Q : Pm   39738.00 du bief   4
 Err001 à  01:13:29:15 + 5.000 : DIVERGENCE des itérations (Debord)
       écart relatif (à Ymax et Qmax) croissant entre 2 itérées successives
       Itération 07 : écart en DZ = 0.355199E+00 ; écart en DQ = 0.481971E+01
       Itération 08 : écart en DZ = 0.140524E+01 ; écart en DQ = 0.322275E+03
       Z : Pm   39738.00 du bief   4 ; Q : Pm   39738.00 du bief   4
 Err001 à  01:13:29:20 + 5.000 : DIVERGENCE des itérations (Debord)
       écart relatif (à Ymax et Qmax) croissant entre 2 itérées successives
       Itération 07 : écart en DZ = 0.410992E+00 ; écart en DQ = 0.559520E+01
       Itération 08 : écart en DZ = 0.145057E+01 ; écart en DQ = 0.637087E+04
       Z : Pm   39738.00 du bief   4 ; Q : Pm   39738.00 du bief   4
 Err001 à  01:13:29:25 + 5.000 : DIVERGENCE des itérations (Debord)
       écart relatif (à Ymax et Qmax) croissant entre 2 itérées successives
       Itération 07 : écart en DZ = 0.478491E+00 ; écart en DQ = 0.654063E+01
       Itération 08 : écart en DZ = 0.150638E+01 ; écart en DQ = 0.337073E+08
       Z : Pm   39738.00 du bief   4 ; Q : Pm   39738.00 du bief   4
 Err010 à  01:13:29:35              : INSTABILITÉ NUMÉRIQUE (Froude grand)
       Froude = 0.19E+01 au Pm   39646.00 du Bief 004
       Vitesse =  7.048 Largeur =   51.272 Section =    75.72 Hauteur =  2.895
 Err010 à  01:13:29:40              : INSTABILITÉ NUMÉRIQUE (Froude grand)
       Froude = 0.26E+01 au Pm   39646.00 du Bief 004
       Vitesse =  9.324 Largeur =   47.486 Section =    64.67 Hauteur =  2.671
 Err010 à  01:13:29:45              : INSTABILITÉ NUMÉRIQUE (Froude grand)
       Froude = 0.38E+01 au Pm   39646.00 du Bief 004
       Vitesse = 13.033 Largeur =   43.312 Section =    52.57 Hauteur =  2.404
 Err010 à  01:13:29:50              : INSTABILITÉ NUMÉRIQUE (Froude grand)
       Froude = 0.63E+01 au Pm   39646.00 du Bief 004
       Vitesse = 19.772 Largeur =   38.819 Section =    39.59 Hauteur =  2.087
 Err010 à  01:13:29:55              : INSTABILITÉ NUMÉRIQUE (Froude grand)
       Froude = 0.17E+01 au Pm   39692.00 du Bief 004
       Vitesse =  6.519 Largeur =   55.907 Section =    81.15 Hauteur =  2.752
 Err001 à  01:19:20:00 + 600 : DIVERGENCE des itérations (Debord)
       écart relatif (à Ymax et Qmax) croissant entre 2 itérées successives
       Itération 07 : écart en DZ = 0.146559E+00 ; écart en DQ = 0.793873E-01
       Itération 08 : écart en DZ = 0.239391E+00 ; écart en DQ = 0.437358E+00
       Z : Pm   39646.00 du bief   4 ; Q : Pm   39692.00 du bief   4
 Err010 à  01:19:22:00              : INSTABILITÉ NUMÉRIQUE (Froude grand)
       Froude = 0.89E+01 au Pm   39646.00 du Bief 004
       Vitesse = 19.897 Largeur =   18.780 Section =     9.51 Hauteur =  1.067
 Err010 à  01:19:20:24              : INSTABILITÉ NUMÉRIQUE (Froude grand)
       Froude = 0.23E+01 au Pm   34666.67 du Bief 002
       Vitesse =  7.386 Largeur =   97.666 Section =   103.53 Hauteur =  2.195
 Err010 à  01:19:20:40              : INSTABILITÉ NUMÉRIQUE (Froude grand)
       Froude = 0.36E+10 au Pm   39646.00 du Bief 004
       Vitesse = ****** Largeur =    0.016 Section =     0.00 Hauteur =  0.001
 Err010 à  01:19:21:00              : INSTABILITÉ NUMÉRIQUE (Froude grand)
       Froude = 0.16E+02 au Pm   39646.00 du Bief 004
       Vitesse = 40.381 Largeur =   26.673 Section =    18.29 Hauteur =  1.465
 Err010 à  01:19:21:20              : INSTABILITÉ NUMÉRIQUE (Froude grand)
       Froude = 0.19E+26 au Pm   39586.00 du Bief 004
       Vitesse = ****** Largeur =    0.015 Section =     0.00 Hauteur =  0.001
 Err010 à  01:19:21:40              : INSTABILITÉ NUMÉRIQUE (Froude grand)
       Froude = 0.47E+17 au Pm   39526.00 du Bief 004
       Vitesse = ****** Largeur =    0.018 Section =     0.00 Hauteur =  0.001
 Err010 à  01:19:22:00              : INSTABILITÉ NUMÉRIQUE (Froude grand)
       Froude = 0.46E+09 au Pm   39692.00 du Bief 004
       Vitesse = ****** Largeur =    0.019 Section =     0.00 Hauteur =  0.001
 Err010 à  01:19:22:20              : INSTABILITÉ NUMÉRIQUE (Froude grand)
       Froude = 0.63E+02 au Pm   39646.00 du Bief 004
       Vitesse = ****** Largeur =   15.197 Section =     6.16 Hauteur =  0.874
 Err010 à  01:19:22:40              : INSTABILITÉ NUMÉRIQUE (Froude grand)
       Froude = 0.61E+02 au Pm   39646.00 du Bief 004
       Vitesse = ****** Largeur =   15.478 Section =     6.31 Hauteur =  0.884
 Err010 à  01:20:00:00              : INSTABILITÉ NUMÉRIQUE (Froude grand)
       Froude = 0.32E+01 au Pm   38991.00 du Bief 004
       Vitesse = 10.107 Largeur =   47.851 Section =    47.44 Hauteur =  2.075
 Err001 à  01:19:58:20 + 20.000 : DIVERGENCE des itérations (Debord)
       écart relatif (à Ymax et Qmax) croissant entre 2 itérées successives
       Itération 07 : écart en DZ = 0.787325E-01 ; écart en DQ = 0.659459E+00
       Itération 08 : écart en DZ = 0.287562E+00 ; écart en DQ = 0.326795E+01
       Z : Pm   39692.00 du bief   4 ; Q : Pm   39738.00 du bief   4
 Err010 à  01:19:58:24              : INSTABILITÉ NUMÉRIQUE (Froude grand)
       Froude = 0.52E+01 au Pm   39692.00 du Bief 004
       Vitesse = 16.712 Largeur =   42.606 Section =    44.06 Hauteur =  1.995
 Err010 à  01:19:58:30              : INSTABILITÉ NUMÉRIQUE (Froude grand)
       Froude = 0.27E+04 au Pm   39692.00 du Bief 004
       Vitesse = ****** Largeur =    3.984 Section =     0.41 Hauteur =  0.207
 Err010 à  01:19:58:35              : INSTABILITÉ NUMÉRIQUE (Froude grand)
       Froude = 0.23E+10 au Pm   39692.00 du Bief 004
       Vitesse = ****** Largeur =    0.019 Section =     0.00 Hauteur =  0.001
 Err010 à  01:19:58:40              : INSTABILITÉ NUMÉRIQUE (Froude grand)
       Froude = 0.21E+10 au Pm   39692.00 du Bief 004
       Vitesse = ****** Largeur =    0.019 Section =     0.00 Hauteur =  0.001
 Err010 à  01:19:58:45              : INSTABILITÉ NUMÉRIQUE (Froude grand)
       Froude = 0.14E+03 au Pm   39692.00 du Bief 004
       Vitesse = ****** Largeur =   14.638 Section =     4.71 Hauteur =  0.695
 Err010 à  01:19:58:50              : INSTABILITÉ NUMÉRIQUE (Froude grand)
       Froude = 0.15E+02 au Pm   39692.00 du Bief 004
       Vitesse = 38.911 Largeur =   34.481 Section =    23.75 Hauteur =  1.467
 Err010 à  01:19:58:55              : INSTABILITÉ NUMÉRIQUE (Froude grand)
       Froude = 0.47E+01 au Pm   39692.00 du Bief 004
       Vitesse = 15.366 Largeur =   44.042 Section =    48.11 Hauteur =  2.089
 Err010 à  01:19:59:00              : INSTABILITÉ NUMÉRIQUE (Froude grand)
       Froude = 0.23E+01 au Pm   39692.00 du Bief 004
       Vitesse =  8.476 Largeur =   52.165 Section =    70.63 Hauteur =  2.558
 Err010 à  01:19:59:05              : INSTABILITÉ NUMÉRIQUE (Froude grand)
       Froude = 0.20E+02 au Pm   39646.00 du Bief 004
       Vitesse = 51.575 Largeur =   27.696 Section =    19.07 Hauteur =  1.494
 Err010 à  01:19:59:10              : INSTABILITÉ NUMÉRIQUE (Froude grand)
       Froude = 0.48E+01 au Pm   39646.00 du Bief 004
       Vitesse = 16.003 Largeur =   41.042 Section =    46.52 Hauteur =  2.261
 Err010 à  01:19:59:15              : INSTABILITÉ NUMÉRIQUE (Froude grand)
       Froude = 0.22E+01 au Pm   39646.00 du Bief 004
       Vitesse =  8.238 Largeur =   49.454 Section =    70.39 Hauteur =  2.789
 Err010 à  01:19:59:20              : INSTABILITÉ NUMÉRIQUE (Froude grand)
       Froude = 0.11E+02 au Pm   39266.00 du Bief 004
       Vitesse = 24.834 Largeur =   56.031 Section =    31.68 Hauteur =  1.259
 Err010 à  01:19:59:25              : INSTABILITÉ NUMÉRIQUE (Froude grand)
       Froude = 0.20E+03 au Pm   39586.00 du Bief 004
       Vitesse = ****** Largeur =    9.667 Section =     3.60 Hauteur =  0.713
 Err010 à  01:19:59:30              : INSTABILITÉ NUMÉRIQUE (Froude grand)
       Froude = 0.31E+10 au Pm   39738.00 du Bief 004
       Vitesse = ****** Largeur =    0.024 Section =     0.00 Hauteur =  0.001
 Err010 à  01:19:59:35              : INSTABILITÉ NUMÉRIQUE (Froude grand)
       Froude = 0.16E+01 au Pm   39692.00 du Bief 004
       Vitesse =  5.642 Largeur =   50.401 Section =    65.57 Hauteur =  2.459
 Err010 à  01:19:59:40              : INSTABILITÉ NUMÉRIQUE (Froude grand)
       Froude = 0.12E+02 au Pm   39692.00 du Bief 004
       Vitesse = 30.700 Largeur =   35.067 Section =    25.11 Hauteur =  1.506
 Err010 à  01:19:59:45              : INSTABILITÉ NUMÉRIQUE (Froude grand)
       Froude = 0.11E+02 au Pm   39692.00 du Bief 004
       Vitesse = 30.261 Largeur =   35.825 Section =    26.89 Hauteur =  1.557
 Err010 à  01:19:59:50              : INSTABILITÉ NUMÉRIQUE (Froude grand)
       Froude = 0.58E+01 au Pm   39692.00 du Bief 004
       Vitesse = 18.013 Largeur =   41.394 Section =    40.87 Hauteur =  1.919
 Err010 à  01:19:59:55              : INSTABILITÉ NUMÉRIQUE (Froude grand)
       Froude = 0.31E+01 au Pm   39692.00 du Bief 004
       Vitesse = 10.771 Largeur =   48.003 Section =    58.79 Hauteur =  2.321
 Err010 à  01:20:00:00              : INSTABILITÉ NUMÉRIQUE (Froude grand)
       Froude = 0.19E+01 au Pm   39692.00 du Bief 004
       Vitesse =  6.944 Largeur =   54.550 Section =    77.20 Hauteur =  2.681
 Err001 à  01:20:00:00 + 5.000 : DIVERGENCE des itérations (Debord)
       écart relatif (à Ymax et Qmax) croissant entre 2 itérées successives
       Itération 07 : écart en DZ = 0.155145E+00 ; écart en DQ = 0.210492E+01
       Itération 08 : écart en DZ = 0.640126E+00 ; écart en DQ = 0.971386E+01
       Z : Pm   39692.00 du bief   4 ; Q : Pm   39738.00 du bief   4
 Err001 à  01:20:00:05 + 5.000 : DIVERGENCE des itérations (Debord)
       écart relatif (à Ymax et Qmax) croissant entre 2 itérées successives
       Itération 07 : écart en DZ = 0.126022E+00 ; écart en DQ = 0.170842E+01
       Itération 08 : écart en DZ = 0.477580E+00 ; écart en DQ = 0.711516E+01
       Z : Pm   39692.00 du bief   4 ; Q : Pm   39738.00 du bief   4
 Err001 à  01:20:00:10 + 5.000 : DIVERGENCE des itérations (Debord)
       écart relatif (à Ymax et Qmax) croissant entre 2 itérées successives
       Itération 07 : écart en DZ = 0.103000E+00 ; écart en DQ = 0.139682E+01
       Itération 08 : écart en DZ = 0.366224E+00 ; écart en DQ = 0.538864E+01
       Z : Pm   39692.00 du bief   4 ; Q : Pm   39738.00 du bief   4
 Err001 à  01:20:00:15 + 5.000 : DIVERGENCE des itérations (Debord)
       écart relatif (à Ymax et Qmax) croissant entre 2 itérées successives
       Itération 07 : écart en DZ = 0.844525E-01 ; écart en DQ = 0.114630E+01
       Itération 08 : écart en DZ = 0.282915E+00 ; écart en DQ = 0.412393E+01
       Z : Pm   39692.00 du bief   4 ; Q : Pm   39738.00 du bief   4
 Err001 à  01:20:00:20 + 5.000 : DIVERGENCE des itérations (Debord)
       écart relatif (à Ymax et Qmax) croissant entre 2 itérées successives
       Itération 07 : écart en DZ = 0.695602E-01 ; écart en DQ = 0.945626E+00
       Itération 08 : écart en DZ = 0.221221E+00 ; écart en DQ = 0.320312E+01
       Z : Pm   39692.00 du bief   4 ; Q : Pm   39738.00 du bief   4
 Err001 à  01:20:00:25 + 5.000 : DIVERGENCE des itérations (Debord)
       écart relatif (à Ymax et Qmax) croissant entre 2 itérées successives
       Itération 07 : écart en DZ = 0.575299E-01 ; écart en DQ = 0.783679E+00
       Itération 08 : écart en DZ = 0.174332E+00 ; écart en DQ = 0.251115E+01
       Z : Pm   39692.00 du bief   4 ; Q : Pm   39738.00 du bief   4
 Err001 à  01:20:00:30 + 5.000 : DIVERGENCE des itérations (Debord)
       écart relatif (à Ymax et Qmax) croissant entre 2 itérées successives
       Itération 07 : écart en DZ = 0.477797E-01 ; écart en DQ = 0.652226E+00
       Itération 08 : écart en DZ = 0.138510E+00 ; écart en DQ = 0.198666E+01
       Z : Pm   39692.00 du bief   4 ; Q : Pm   39738.00 du bief   4
 Err001 à  01:20:00:35 + 5.000 : DIVERGENCE des itérations (Debord)
       écart relatif (à Ymax et Qmax) croissant entre 2 itérées successives
       Itération 07 : écart en DZ = 0.398418E-01 ; écart en DQ = 0.544827E+00
       Itération 08 : écart en DZ = 0.110920E+00 ; écart en DQ = 0.158404E+01
       Z : Pm   39692.00 du bief   4 ; Q : Pm   39738.00 du bief   4
 Err001 à  01:20:00:40 + 5.000 : DIVERGENCE des itérations (Debord)
       écart relatif (à Ymax et Qmax) croissant entre 2 itérées successives
       Itération 07 : écart en DZ = 0.333651E-01 ; écart en DQ = 0.456945E+00
       Itération 08 : écart en DZ = 0.895396E-01 ; écart en DQ = 0.127443E+01
       Z : Pm   39692.00 du bief   4 ; Q : Pm   39738.00 du bief   4
 Err001 à  01:20:00:45 + 5.000 : DIVERGENCE des itérations (Debord)
       écart relatif (à Ymax et Qmax) croissant entre 2 itérées successives
       Itération 07 : écart en DZ = 0.280512E-01 ; écart en DQ = 0.384664E+00
       Itération 08 : écart en DZ = 0.727267E-01 ; écart en DQ = 0.103180E+01
       Z : Pm   39692.00 du bief   4 ; Q : Pm   39738.00 du bief   4
 Err010 à  01:20:00:55              : INSTABILITÉ NUMÉRIQUE (Froude grand)
       Froude = 0.19E+01 au Pm   39692.00 du Bief 004
       Vitesse =  6.886 Largeur =   53.773 Section =    75.00 Hauteur =  2.640
 Err010 à  01:20:01:00              : INSTABILITÉ NUMÉRIQUE (Froude grand)
       Froude = 0.18E+01 au Pm   39692.00 du Bief 004
       Vitesse =  6.630 Largeur =   55.279 Section =    79.31 Hauteur =  2.719
 Err010 à  01:20:01:05              : INSTABILITÉ NUMÉRIQUE (Froude grand)
       Froude = 0.16E+01 au Pm   39646.00 du Bief 004
       Vitesse =  6.053 Largeur =   53.391 Section =    82.25 Hauteur =  3.019
 Err001 à  01:20:01:05 + 5.000 : DIVERGENCE des itérations (Debord)
       écart relatif (à Ymax et Qmax) croissant entre 2 itérées successives
       Itération 07 : écart en DZ = 0.399092E+00 ; écart en DQ = 0.541365E+01
       Itération 08 : écart en DZ = 0.113685E+01 ; écart en DQ = 0.347342E+04
       Z : Pm   39887.00 du bief   4 ; Q : Pm   39784.00 du bief   4
 Err001 à  01:20:01:10 + 5.000 : DIVERGENCE des itérations (Debord)
       écart relatif (à Ymax et Qmax) croissant entre 2 itérées successives
       Itération 07 : écart en DZ = 0.267130E+00 ; écart en DQ = 0.358944E+01
       Itération 08 : écart en DZ = 0.114744E+01 ; écart en DQ = 0.408926E+02
       Z : Pm   39784.00 du bief   4 ; Q : Pm   39692.00 du bief   4
 Err001 à  01:20:01:15 + 5.000 : DIVERGENCE des itérations (Debord)
       écart relatif (à Ymax et Qmax) croissant entre 2 itérées successives
       Itération 07 : écart en DZ = 0.182171E+00 ; écart en DQ = 0.243606E+01
       Itération 08 : écart en DZ = 0.320281E+00 ; écart en DQ = 0.466763E+01
       Z : Pm   39692.00 du bief   4 ; Q : Pm   39784.00 du bief   4
 Err001 à  01:20:01:20 + 5.000 : DIVERGENCE des itérations (Debord)
       écart relatif (à Ymax et Qmax) croissant entre 2 itérées successives
       Itération 07 : écart en DZ = 0.127456E+00 ; écart en DQ = 0.169675E+01
       Itération 08 : écart en DZ = 0.141656E+00 ; écart en DQ = 0.276107E+01
       Z : Pm   39692.00 du bief   4 ; Q : Pm   39738.00 du bief   4
 Err001 à  01:20:01:25 + 5.000 : DIVERGENCE des itérations (Debord)
       écart relatif (à Ymax et Qmax) croissant entre 2 itérées successives
       Itération 07 : écart en DZ = 0.915193E-01 ; écart en DQ = 0.121447E+01
       Itération 08 : écart en DZ = 0.182326E+00 ; écart en DQ = 0.256015E+01
       Z : Pm   39692.00 du bief   4 ; Q : Pm   39738.00 du bief   4
 Err010 à  01:20:01:35              : INSTABILITÉ NUMÉRIQUE (Froude grand)
       Froude = 0.65E+01 au Pm   39646.00 du Bief 004
       Vitesse = 20.681 Largeur =   38.907 Section =    39.87 Hauteur =  2.094
 Err010 à  01:20:01:40              : INSTABILITÉ NUMÉRIQUE (Froude grand)
       Froude = 0.81E+01 au Pm   39646.00 du Bief 004
       Vitesse = 24.294 Largeur =   36.694 Section =    33.40 Hauteur =  1.923
 Err010 à  01:20:01:45              : INSTABILITÉ NUMÉRIQUE (Froude grand)
       Froude = 0.81E+04 au Pm   39692.00 du Bief 004
       Vitesse = ****** Largeur =    2.771 Section =     0.20 Hauteur =  0.144
 Err010 à  01:20:01:50              : INSTABILITÉ NUMÉRIQUE (Froude grand)
       Froude = 0.22E+01 au Pm   39692.00 du Bief 004
       Vitesse =  7.984 Largeur =   53.501 Section =    74.23 Hauteur =  2.626
 Err010 à  01:20:01:55              : INSTABILITÉ NUMÉRIQUE (Froude grand)
       Froude = 0.15E+01 au Pm   39646.00 du Bief 004
       Vitesse =  5.974 Largeur =   53.986 Section =    84.14 Hauteur =  3.055
 Err001 à  01:20:01:55 + 5.000 : DIVERGENCE des itérations (Debord)
       écart relatif (à Ymax et Qmax) croissant entre 2 itérées successives
       Itération 07 : écart en DZ = 0.271115E-02 ; écart en DQ = 0.372422E-01
       Itération 08 : écart en DZ = 0.505413E-02 ; écart en DQ = 0.696643E-01
       Z : Pm   39692.00 du bief   4 ; Q : Pm   39738.00 du bief   4
 Err001 à  01:20:02:00 + 5.000 : DIVERGENCE des itérations (Debord)
       écart relatif (à Ymax et Qmax) croissant entre 2 itérées successives
       Itération 07 : écart en DZ = 0.239738E-02 ; écart en DQ = 0.329370E-01
       Itération 08 : écart en DZ = 0.438356E-02 ; écart en DQ = 0.604051E-01
       Z : Pm   39692.00 du bief   4 ; Q : Pm   39738.00 du bief   4
 Err001 à  01:20:02:05 + 5.000 : DIVERGENCE des itérations (Debord)
       écart relatif (à Ymax et Qmax) croissant entre 2 itérées successives
       Itération 07 : écart en DZ = 0.211557E-02 ; écart en DQ = 0.290693E-01
       Itération 08 : écart en DZ = 0.379539E-02 ; écart en DQ = 0.522874E-01
       Z : Pm   39692.00 du bief   4 ; Q : Pm   39738.00 du bief   4
 Err001 à  01:20:02:10 + 5.000 : DIVERGENCE des itérations (Debord)
       écart relatif (à Ymax et Qmax) croissant entre 2 itérées successives
       Itération 07 : écart en DZ = 0.186772E-02 ; écart en DQ = 0.256666E-01
       Itération 08 : écart en DZ = 0.328874E-02 ; écart en DQ = 0.452976E-01
       Z : Pm   39692.00 du bief   4 ; Q : Pm   39738.00 du bief   4
 Err001 à  01:20:02:15 + 5.000 : DIVERGENCE des itérations (Debord)
       écart relatif (à Ymax et Qmax) croissant entre 2 itérées successives
       Itération 07 : écart en DZ = 0.165198E-02 ; écart en DQ = 0.227041E-01
       Itération 08 : écart en DZ = 0.285605E-02 ; écart en DQ = 0.393303E-01
       Z : Pm   39692.00 du bief   4 ; Q : Pm   39738.00 du bief   4
 Err001 à  01:20:02:20 + 5.000 : DIVERGENCE des itérations (Debord)
       écart relatif (à Ymax et Qmax) croissant entre 2 itérées successives
       Itération 07 : écart en DZ = 0.146544E-02 ; écart en DQ = 0.201421E-01
       Itération 08 : écart en DZ = 0.248841E-02 ; écart en DQ = 0.342619E-01
       Z : Pm   39692.00 du bief   4 ; Q : Pm   39738.00 du bief   4
 Err001 à  01:20:02:25 + 5.000 : DIVERGENCE des itérations (Debord)
       écart relatif (à Ymax et Qmax) croissant entre 2 itérées successives
       Itération 07 : écart en DZ = 0.130147E-02 ; écart en DQ = 0.178894E-01
       Itération 08 : écart en DZ = 0.217094E-02 ; écart en DQ = 0.298857E-01
       Z : Pm   39692.00 du bief   4 ; Q : Pm   39738.00 du bief   4
 Err001 à  01:20:02:30 + 5.000 : DIVERGENCE des itérations (Debord)
       écart relatif (à Ymax et Qmax) croissant entre 2 itérées successives
       Itération 07 : écart en DZ = 0.115899E-02 ; écart en DQ = 0.159313E-01
       Itération 08 : écart en DZ = 0.190001E-02 ; écart en DQ = 0.261516E-01
       Z : Pm   39692.00 du bief   4 ; Q : Pm   39738.00 du bief   4
 Err001 à  01:20:02:35 + 5.000 : DIVERGENCE des itérations (Debord)
       écart relatif (à Ymax et Qmax) croissant entre 2 itérées successives
       Itération 07 : écart en DZ = 0.103465E-02 ; écart en DQ = 0.142221E-01
       Itération 08 : écart en DZ = 0.166749E-02 ; écart en DQ = 0.229476E-01
       Z : Pm   39692.00 du bief   4 ; Q : Pm   39738.00 du bief   4
 Err001 à  01:22:10:00 + 600 : DIVERGENCE des itérations (Debord)
       écart relatif (à Ymax et Qmax) croissant entre 2 itérées successives
       Itération 07 : écart en DZ = 0.161432E-01 ; écart en DQ = 0.216262E-01
       Itération 08 : écart en DZ = 0.182897E-01 ; écart en DQ = 0.245163E-01
       Z : Pm   39316.00 du bief   4 ; Q : Pm   39266.00 du bief   4
 Err001 à  01:22:20:00 + 600 : DIVERGENCE des itérations (Debord)
       écart relatif (à Ymax et Qmax) croissant entre 2 itérées successives
       Itération 07 : écart en DZ = 0.114101E-01 ; écart en DQ = 0.192957E-01
       Itération 08 : écart en DZ = 0.129106E-01 ; écart en DQ = 0.218431E-01
       Z : Pm   39316.00 du bief   4 ; Q : Pm   39266.00 du bief   4
 Err001 à  01:22:30:00 + 600 : DIVERGENCE des itérations (Debord)
       écart relatif (à Ymax et Qmax) croissant entre 2 itérées successives
       Itération 07 : écart en DZ = 0.224868E-01 ; écart en DQ = 0.408509E-01
       Itération 08 : écart en DZ = 0.283623E-01 ; écart en DQ = 0.516473E-01
       Z : Pm   39316.00 du bief   4 ; Q : Pm   39266.00 du bief   4
 Err001 à  01:22:40:00 + 600 : DIVERGENCE des itérations (Debord)
       écart relatif (à Ymax et Qmax) croissant entre 2 itérées successives
       Itération 07 : écart en DZ = 0.159012E-01 ; écart en DQ = 0.327249E-01
       Itération 08 : écart en DZ = 0.185327E-01 ; écart en DQ = 0.386522E-01
       Z : Pm   39266.00 du bief   4 ; Q : Pm   39316.00 du bief   4
 Err001 à  01:23:30:00 + 600 : DIVERGENCE des itérations (Debord)
       écart relatif (à Ymax et Qmax) croissant entre 2 itérées successives
       Itération 07 : écart en DZ = 0.386587E-01 ; écart en DQ = 0.439858E-01
       Itération 08 : écart en DZ = 0.597103E-01 ; écart en DQ = 0.682178E-01
       Z : Pm   40456.00 du bief   4 ; Q : Pm   40406.00 du bief   4
 Err001 à  01:23:30:00 + 120 : DIVERGENCE des itérations (Debord)
       écart relatif (à Ymax et Qmax) croissant entre 2 itérées successives
       Itération 07 : écart en DZ = 0.107822E-02 ; écart en DQ = 0.308313E-02
       Itération 08 : écart en DZ = 0.120581E-02 ; écart en DQ = 0.345467E-02
       Z : Pm   40456.00 du bief   4 ; Q : Pm   40406.00 du bief   4
 Err001 à  01:23:32:00 + 120 : DIVERGENCE des itérations (Debord)
       écart relatif (à Ymax et Qmax) croissant entre 2 itérées successives
       Itération 07 : écart en DZ = 0.180418E-02 ; écart en DQ = 0.506907E-02
       Itération 08 : écart en DZ = 0.195659E-02 ; écart en DQ = 0.549389E-02
       Z : Pm   40456.00 du bief   4 ; Q : Pm   40406.00 du bief   4
 Err001 à  01:23:34:00 + 120 : DIVERGENCE des itérations (Debord)
       écart relatif (à Ymax et Qmax) croissant entre 2 itérées successives
       Itération 07 : écart en DZ = 0.324660E-02 ; écart en DQ = 0.939650E-02
       Itération 08 : écart en DZ = 0.385340E-02 ; écart en DQ = 0.111528E-01
       Z : Pm   40456.00 du bief   4 ; Q : Pm   40406.00 du bief   4
 Err001 à  01:23:36:00 + 120 : DIVERGENCE des itérations (Debord)
       écart relatif (à Ymax et Qmax) croissant entre 2 itérées successives
       Itération 07 : écart en DZ = 0.601476E-02 ; écart en DQ = 0.179082E-01
       Itération 08 : écart en DZ = 0.783569E-02 ; écart en DQ = 0.233516E-01
       Z : Pm   40456.00 du bief   4 ; Q : Pm   40406.00 du bief   4
 Err001 à  01:23:38:00 + 120 : DIVERGENCE des itérations (Debord)
       écart relatif (à Ymax et Qmax) croissant entre 2 itérées successives
       Itération 07 : écart en DZ = 0.112967E-01 ; écart en DQ = 0.345604E-01
       Itération 08 : écart en DZ = 0.162468E-01 ; écart en DQ = 0.498350E-01
       Z : Pm   40456.00 du bief   4 ; Q : Pm   40406.00 du bief   4
 Err001 à  01:23:40:00 + 120 : DIVERGENCE des itérations (Debord)
       écart relatif (à Ymax et Qmax) croissant entre 2 itérées successives
       Itération 07 : écart en DZ = 0.211663E-01 ; écart en DQ = 0.664869E-01
       Itération 08 : écart en DZ = 0.340413E-01 ; écart en DQ = 0.107511E+00
       Z : Pm   40456.00 du bief   4 ; Q : Pm   40406.00 du bief   4
 Err001 à  01:23:42:00 + 120 : DIVERGENCE des itérations (Debord)
       écart relatif (à Ymax et Qmax) croissant entre 2 itérées successives
       Itération 07 : écart en DZ = 0.412824E-01 ; écart en DQ = 0.132509E+00
       Itération 08 : écart en DZ = 0.754744E-01 ; écart en DQ = 0.245233E+00
       Z : Pm   40456.00 du bief   4 ; Q : Pm   40406.00 du bief   4
 Err001 à  01:23:44:00 + 120 : DIVERGENCE des itérations (Debord)
       écart relatif (à Ymax et Qmax) croissant entre 2 itérées successives
       Itération 07 : écart en DZ = 0.818585E-01 ; écart en DQ = 0.267812E+00
       Itération 08 : écart en DZ = 0.178748E+00 ; écart en DQ = 0.602565E+00
       Z : Pm   40456.00 du bief   4 ; Q : Pm   40406.00 du bief   4
 Err001 à  01:23:46:00 + 120 : DIVERGENCE des itérations (Debord)
       écart relatif (à Ymax et Qmax) croissant entre 2 itérées successives
       Itération 07 : écart en DZ = 0.166011E+00 ; écart en DQ = 0.550543E+00
       Itération 08 : écart en DZ = 0.379486E+00 ; écart en DQ = 0.167178E+01
       Z : Pm   40456.00 du bief   4 ; Q : Pm   40406.00 du bief   4
 Err010 à  01:23:50:00              : INSTABILITÉ NUMÉRIQUE (Froude grand)
       Froude = 0.84E+01 au Pm   40406.00 du Bief 004
       Vitesse = 17.731 Largeur =   64.853 Section =    29.79 Hauteur =  0.750
 Err002 à  01:23:49:12 + 24.000 : NON CONVERGENCE des itérations 
       écart relatif (à Ymax et Qmax) trop grand après 99 itérations
       Itération 98 : écart en DZ = 0.822836E-04 ; écart en DQ = 0.694633E-03
       Itération 99 : écart en DZ = 0.812927E-04 ; écart en DQ = 0.686272E-03
       Z : Pm   40406.00 du bief   4 ; Q : Pm   40456.00 du bief   4
       Residu : 0.318708E+00(004: 40406.00)
 Err010 à  01:23:52:40              : INSTABILITÉ NUMÉRIQUE (Froude grand)
       Froude = 0.23E+01 au Pm   39738.00 du Bief 004
       Vitesse =  8.275 Largeur =   55.697 Section =    72.87 Hauteur =  2.383
 Err010 à  01:23:54:20              : INSTABILITÉ NUMÉRIQUE (Froude grand)
       Froude = 0.43E+12 au Pm   37444.00 du Bief 006
       Vitesse = ****** Largeur =    0.014 Section =     0.00 Hauteur =  0.001
 Err002 à  01:23:53:00 + 20.000 : NON CONVERGENCE des itérations 
       écart relatif (à Ymax et Qmax) trop grand après 99 itérations
       Itération 98 : écart en DZ = 0.260162E-04 ; écart en DQ = 0.237107E-03
       Itération 99 : écart en DZ = 0.254450E-04 ; écart en DQ = 0.231902E-03
       Z : Pm   40406.00 du bief   4 ; Q : Pm   40456.00 du bief   4
       Residu : 0.134552E+00(004: 40406.00)
 Err002 à  01:23:53:20 + 20.000 : NON CONVERGENCE des itérations 
       écart relatif (à Ymax et Qmax) trop grand après 99 itérations
       Itération 98 : écart en DZ = 0.111155E-03 ; écart en DQ = 0.101340E-02
       Itération 99 : écart en DZ = 0.110398E-03 ; écart en DQ = 0.100650E-02
       Z : Pm   40406.00 du bief   4 ; Q : Pm   40456.00 du bief   4
       Residu : 0.578992E+00(004: 40406.00)
 Err002 à  01:23:53:40 + 20.000 : NON CONVERGENCE des itérations 
       écart relatif (à Ymax et Qmax) trop grand après 99 itérations
       Itération 98 : écart en DZ = 0.384831E-03 ; écart en DQ = 0.350982E-02
       Itération 99 : écart en DZ = 0.387131E-03 ; écart en DQ = 0.353075E-02
       Z : Pm   40406.00 du bief   4 ; Q : Pm   40456.00 du bief   4
       Residu : 0.201670E+01(004: 40406.00)
 Err001 à  01:23:54:00 + 20.000 : DIVERGENCE des itérations (Debord)
       écart relatif (à Ymax et Qmax) croissant entre 2 itérées successives
       Itération 09 : écart en DZ = 0.253093E-03 ; écart en DQ = 0.230916E-02
       Itération 10 : écart en DZ = 0.257870E-03 ; écart en DQ = 0.235278E-02
       Z : Pm   40406.00 du bief   4 ; Q : Pm   40456.00 du bief   4
 Err001 à  01:23:54:20 + 20.000 : DIVERGENCE des itérations (Debord)
       écart relatif (à Ymax et Qmax) croissant entre 2 itérées successives
       Itération 07 : écart en DZ = 0.265551E-03 ; écart en DQ = 0.242391E-02
       Itération 08 : écart en DZ = 0.274024E-03 ; écart en DQ = 0.250106E-02
       Z : Pm   40406.00 du bief   4 ; Q : Pm   40456.00 du bief   4
 Err001 à  01:23:54:40 + 20.000 : DIVERGENCE des itérations (Debord)
       écart relatif (à Ymax et Qmax) croissant entre 2 itérées successives
       Itération 07 : écart en DZ = 0.289526E-03 ; écart en DQ = 0.264368E-02
       Itération 08 : écart en DZ = 0.302637E-03 ; écart en DQ = 0.276328E-02
       Z : Pm   40406.00 du bief   4 ; Q : Pm   40456.00 du bief   4
 Err001 à  01:23:55:00 + 20.000 : DIVERGENCE des itérations (Debord)
       écart relatif (à Ymax et Qmax) croissant entre 2 itérées successives
       Itération 07 : écart en DZ = 0.315739E-03 ; écart en DQ = 0.288403E-02
       Itération 08 : écart en DZ = 0.334338E-03 ; écart en DQ = 0.305389E-02
       Z : Pm   40406.00 du bief   4 ; Q : Pm   40456.00 du bief   4
 Err001 à  01:23:55:20 + 20.000 : DIVERGENCE des itérations (Debord)
       écart relatif (à Ymax et Qmax) croissant entre 2 itérées successives
       Itération 07 : écart en DZ = 0.344455E-03 ; écart en DQ = 0.314741E-02
       Itération 08 : écart en DZ = 0.369520E-03 ; écart en DQ = 0.337651E-02
       Z : Pm   40406.00 du bief   4 ; Q : Pm   40456.00 du bief   4
 Err001 à  01:23:55:40 + 20.000 : DIVERGENCE des itérations (Debord)
       écart relatif (à Ymax et Qmax) croissant entre 2 itérées successives
       Itération 07 : écart en DZ = 0.375885E-03 ; écart en DQ = 0.343575E-02
       Itération 08 : écart en DZ = 0.408536E-03 ; écart en DQ = 0.373443E-02
       Z : Pm   40406.00 du bief   4 ; Q : Pm   40456.00 du bief   4
 Err001 à  01:23:56:00 + 20.000 : DIVERGENCE des itérations (Debord)
       écart relatif (à Ymax et Qmax) croissant entre 2 itérées successives
       Itération 07 : écart en DZ = 0.410368E-03 ; écart en DQ = 0.375218E-02
       Itération 08 : écart en DZ = 0.451902E-03 ; écart en DQ = 0.413237E-02
       Z : Pm   40406.00 du bief   4 ; Q : Pm   40456.00 du bief   4
 Err001 à  01:23:56:20 + 20.000 : DIVERGENCE des itérations (Debord)
       écart relatif (à Ymax et Qmax) croissant entre 2 itérées successives
       Itération 07 : écart en DZ = 0.448195E-03 ; écart en DQ = 0.409938E-02
       Itération 08 : écart en DZ = 0.500101E-03 ; écart en DQ = 0.457481E-02
       Z : Pm   40406.00 du bief   4 ; Q : Pm   40456.00 du bief   4
 Err001 à  01:23:56:40 + 20.000 : DIVERGENCE des itérations (Debord)
       écart relatif (à Ymax et Qmax) croissant entre 2 itérées successives
       Itération 07 : écart en DZ = 0.489702E-03 ; écart en DQ = 0.448044E-02
       Itération 08 : écart en DZ = 0.553692E-03 ; écart en DQ = 0.506692E-02
       Z : Pm   40406.00 du bief   4 ; Q : Pm   40456.00 du bief   4
 Err001 à  01:23:57:00 + 20.000 : DIVERGENCE des itérations (Debord)
       écart relatif (à Ymax et Qmax) croissant entre 2 itérées successives
       Itération 07 : écart en DZ = 0.535280E-03 ; écart en DQ = 0.489897E-02
       Itération 08 : écart en DZ = 0.613323E-03 ; écart en DQ = 0.561467E-02
       Z : Pm   40406.00 du bief   4 ; Q : Pm   40456.00 du bief   4
 Err001 à  01:23:57:20 + 20.000 : DIVERGENCE des itérations (Debord)
       écart relatif (à Ymax et Qmax) croissant entre 2 itérées successives
       Itération 07 : écart en DZ = 0.585352E-03 ; écart en DQ = 0.535887E-02
       Itération 08 : écart en DZ = 0.679711E-03 ; écart en DQ = 0.622469E-02
       Z : Pm   40406.00 du bief   4 ; Q : Pm   40456.00 du bief   4
 Err001 à  01:23:57:40 + 20.000 : DIVERGENCE des itérations (Debord)
       écart relatif (à Ymax et Qmax) croissant entre 2 itérées successives
       Itération 07 : écart en DZ = 0.640383E-03 ; écart en DQ = 0.586443E-02
       Itération 08 : écart en DZ = 0.753657E-03 ; écart en DQ = 0.690441E-02
       Z : Pm   40406.00 du bief   4 ; Q : Pm   40456.00 du bief   4
 Err001 à  01:23:58:00 + 20.000 : DIVERGENCE des itérations (Debord)
       écart relatif (à Ymax et Qmax) croissant entre 2 itérées successives
       Itération 07 : écart en DZ = 0.700892E-03 ; écart en DQ = 0.642043E-02
       Itération 08 : écart en DZ = 0.836066E-03 ; écart en DQ = 0.766218E-02
       Z : Pm   40406.00 du bief   4 ; Q : Pm   40456.00 du bief   4
 Err001 à  01:23:58:20 + 20.000 : DIVERGENCE des itérations (Debord)
       écart relatif (à Ymax et Qmax) croissant entre 2 itérées successives
       Itération 07 : écart en DZ = 0.767454E-03 ; écart en DQ = 0.703217E-02
       Itération 08 : écart en DZ = 0.927954E-03 ; écart en DQ = 0.850743E-02
       Z : Pm   40406.00 du bief   4 ; Q : Pm   40456.00 du bief   4
 Err001 à  01:23:58:40 + 20.000 : DIVERGENCE des itérations (Debord)
       écart relatif (à Ymax et Qmax) croissant entre 2 itérées successives
       Itération 07 : écart en DZ = 0.840711E-03 ; écart en DQ = 0.770559E-02
       Itération 08 : écart en DZ = 0.103047E-02 ; écart en DQ = 0.945080E-02
       Z : Pm   40406.00 du bief   4 ; Q : Pm   40456.00 du bief   4
 Err001 à  01:23:59:00 + 20.000 : DIVERGENCE des itérations (Debord)
       écart relatif (à Ymax et Qmax) croissant entre 2 itérées successives
       Itération 07 : écart en DZ = 0.921377E-03 ; écart en DQ = 0.844724E-02
       Itération 08 : écart en DZ = 0.114491E-02 ; écart en DQ = 0.105043E-01
       Z : Pm   40406.00 du bief   4 ; Q : Pm   40456.00 du bief   4
 Err001 à  01:23:59:20 + 20.000 : DIVERGENCE des itérations (Debord)
       écart relatif (à Ymax et Qmax) croissant entre 2 itérées successives
       Itération 07 : écart en DZ = 0.101026E-02 ; écart en DQ = 0.926456E-02
       Itération 08 : écart en DZ = 0.127275E-02 ; écart en DQ = 0.116816E-01
       Z : Pm   40406.00 du bief   4 ; Q : Pm   40456.00 du bief   4
 Err001 à  01:23:59:40 + 20.000 : DIVERGENCE des itérations (Debord)
       écart relatif (à Ymax et Qmax) croissant entre 2 itérées successives
       Itération 07 : écart en DZ = 0.110825E-02 ; écart en DQ = 0.101658E-01
       Itération 08 : écart en DZ = 0.141565E-02 ; écart en DQ = 0.129982E-01
       Z : Pm   40406.00 du bief   4 ; Q : Pm   40456.00 du bief   4
 Err001 à  02:00:00:00 + 20.000 : DIVERGENCE des itérations (Debord)
       écart relatif (à Ymax et Qmax) croissant entre 2 itérées successives
       Itération 07 : écart en DZ = 0.121634E-02 ; écart en DQ = 0.111602E-01
       Itération 08 : écart en DZ = 0.157549E-02 ; écart en DQ = 0.144715E-01
       Z : Pm   40406.00 du bief   4 ; Q : Pm   40456.00 du bief   4
 Err001 à  02:00:00:20 + 20.000 : DIVERGENCE des itérations (Debord)
       écart relatif (à Ymax et Qmax) croissant entre 2 itérées successives
       Itération 07 : écart en DZ = 0.133564E-02 ; écart en DQ = 0.122578E-01
       Itération 08 : écart en DZ = 0.175440E-02 ; écart en DQ = 0.161212E-01
       Z : Pm   40406.00 du bief   4 ; Q : Pm   40456.00 du bief   4
 Err001 à  02:00:00:40 + 20.000 : DIVERGENCE des itérations (Debord)
       écart relatif (à Ymax et Qmax) croissant entre 2 itérées successives
       Itération 07 : écart en DZ = 0.146740E-02 ; écart en DQ = 0.134701E-01
       Itération 08 : écart en DZ = 0.195477E-02 ; écart en DQ = 0.179697E-01
       Z : Pm   40406.00 du bief   4 ; Q : Pm   40456.00 du bief   4
 Err001 à  02:00:01:00 + 20.000 : DIVERGENCE des itérations (Debord)
       écart relatif (à Ymax et Qmax) croissant entre 2 itérées successives
       Itération 07 : écart en DZ = 0.161297E-02 ; écart en DQ = 0.148097E-01
       Itération 08 : écart en DZ = 0.217933E-02 ; écart en DQ = 0.200424E-01
       Z : Pm   40406.00 du bief   4 ; Q : Pm   40456.00 du bief   4
 Err001 à  02:00:01:20 + 20.000 : DIVERGENCE des itérations (Debord)
       écart relatif (à Ymax et Qmax) croissant entre 2 itérées successives
       Itération 07 : écart en DZ = 0.177390E-02 ; écart en DQ = 0.162914E-01
       Itération 08 : écart en DZ = 0.243115E-02 ; écart en DQ = 0.223687E-01
       Z : Pm   40406.00 du bief   4 ; Q : Pm   40456.00 du bief   4
 Err001 à  02:00:01:40 + 20.000 : DIVERGENCE des itérations (Debord)
       écart relatif (à Ymax et Qmax) croissant entre 2 itérées successives
       Itération 07 : écart en DZ = 0.195195E-02 ; écart en DQ = 0.179306E-01
       Itération 08 : écart en DZ = 0.271381E-02 ; écart en DQ = 0.249808E-01
       Z : Pm   40406.00 du bief   4 ; Q : Pm   40456.00 du bief   4
 Err001 à  02:00:02:00 + 20.000 : DIVERGENCE des itérations (Debord)
       écart relatif (à Ymax et Qmax) croissant entre 2 itérées successives
       Itération 07 : écart en DZ = 0.215492E-02 ; écart en DQ = 0.197988E-01
       Itération 08 : écart en DZ = 0.303923E-02 ; écart en DQ = 0.279890E-01
       Z : Pm   40406.00 du bief   4 ; Q : Pm   40456.00 du bief   4
 Err001 à  02:00:02:20 + 20.000 : DIVERGENCE des itérations (Debord)
       écart relatif (à Ymax et Qmax) croissant entre 2 itérées successives
       Itération 07 : écart en DZ = 0.236486E-02 ; écart en DQ = 0.217323E-01
       Itération 08 : écart en DZ = 0.338434E-02 ; écart en DQ = 0.311825E-01
       Z : Pm   40406.00 du bief   4 ; Q : Pm   40456.00 du bief   4
 Err001 à  02:00:02:40 + 20.000 : DIVERGENCE des itérations (Debord)
       écart relatif (à Ymax et Qmax) croissant entre 2 itérées successives
       Itération 07 : écart en DZ = 0.267064E-02 ; écart en DQ = 0.245455E-01
       Itération 08 : écart en DZ = 0.387871E-02 ; écart en DQ = 0.357565E-01
       Z : Pm   40406.00 du bief   4 ; Q : Pm   40456.00 du bief   4
 Err001 à  02:00:03:00 + 20.000 : DIVERGENCE des itérations (Debord)
       écart relatif (à Ymax et Qmax) croissant entre 2 itérées successives
       Itération 07 : écart en DZ = 0.294497E-02 ; écart en DQ = 0.270712E-01
       Itération 08 : écart en DZ = 0.434402E-02 ; écart en DQ = 0.400674E-01
       Z : Pm   40406.00 du bief   4 ; Q : Pm   40456.00 du bief   4
 Err001 à  02:00:03:20 + 20.000 : DIVERGENCE des itérations (Debord)
       écart relatif (à Ymax et Qmax) croissant entre 2 itérées successives
       Itération 07 : écart en DZ = 0.324350E-02 ; écart en DQ = 0.298196E-01
       Itération 08 : écart en DZ = 0.485797E-02 ; écart en DQ = 0.448324E-01
       Z : Pm   40406.00 du bief   4 ; Q : Pm   40456.00 du bief   4
 Err001 à  02:00:03:40 + 20.000 : DIVERGENCE des itérations (Debord)
       écart relatif (à Ymax et Qmax) croissant entre 2 itérées successives
       Itération 07 : écart en DZ = 0.357924E-02 ; écart en DQ = 0.329103E-01
       Itération 08 : écart en DZ = 0.544307E-02 ; écart en DQ = 0.502611E-01
       Z : Pm   40406.00 du bief   4 ; Q : Pm   40456.00 du bief   4
 Err001 à  02:00:04:00 + 20.000 : DIVERGENCE des itérations (Debord)
       écart relatif (à Ymax et Qmax) croissant entre 2 itérées successives
       Itération 07 : écart en DZ = 0.395296E-02 ; écart en DQ = 0.363501E-01
       Itération 08 : écart en DZ = 0.610402E-02 ; écart en DQ = 0.563985E-01
       Z : Pm   40406.00 du bief   4 ; Q : Pm   40456.00 du bief   4
 Err001 à  02:00:04:20 + 20.000 : DIVERGENCE des itérations (Debord)
       écart relatif (à Ymax et Qmax) croissant entre 2 itérées successives
       Itération 07 : écart en DZ = 0.437161E-02 ; écart en DQ = 0.402030E-01
       Itération 08 : écart en DZ = 0.685514E-02 ; écart en DQ = 0.633796E-01
       Z : Pm   40406.00 du bief   4 ; Q : Pm   40456.00 du bief   4
 Err001 à  02:00:04:40 + 20.000 : DIVERGENCE des itérations (Debord)
       écart relatif (à Ymax et Qmax) croissant entre 2 itérées successives
       Itération 07 : écart en DZ = 0.479777E-02 ; écart en DQ = 0.441251E-01
       Itération 08 : écart en DZ = 0.764068E-02 ; écart en DQ = 0.706887E-01
       Z : Pm   40406.00 du bief   4 ; Q : Pm   40456.00 du bief   4
 Err001 à  02:00:05:00 + 20.000 : DIVERGENCE des itérations (Debord)
       écart relatif (à Ymax et Qmax) croissant entre 2 itérées successives
       Itération 07 : écart en DZ = 0.518785E-02 ; écart en DQ = 0.477186E-01
       Itération 08 : écart en DZ = 0.838942E-02 ; écart en DQ = 0.776678E-01
       Z : Pm   40406.00 du bief   4 ; Q : Pm   40456.00 du bief   4
 Err001 à  02:00:05:20 + 20.000 : DIVERGENCE des itérations (Debord)
       écart relatif (à Ymax et Qmax) croissant entre 2 itérées successives
       Itération 07 : écart en DZ = 0.520977E-02 ; écart en DQ = 0.479314E-01
       Itération 08 : écart en DZ = 0.856319E-02 ; écart en DQ = 0.793021E-01
       Z : Pm   40406.00 du bief   4 ; Q : Pm   40456.00 du bief   4
 Err001 à  02:00:05:40 + 20.000 : DIVERGENCE des itérations (Debord)
       écart relatif (à Ymax et Qmax) croissant entre 2 itérées successives
       Itération 07 : écart en DZ = 0.609522E-02 ; écart en DQ = 0.560637E-01
       Itération 08 : écart en DZ = 0.101854E-01 ; écart en DQ = 0.944132E-01
       Z : Pm   40406.00 du bief   4 ; Q : Pm   40456.00 du bief   4
 Err001 à  02:00:06:00 + 20.000 : DIVERGENCE des itérations (Debord)
       écart relatif (à Ymax et Qmax) croissant entre 2 itérées successives
       Itération 07 : écart en DZ = 0.695028E-02 ; écart en DQ = 0.639126E-01
       Itération 08 : écart en DZ = 0.117965E-01 ; écart en DQ = 0.109445E+00
       Z : Pm   40406.00 du bief   4 ; Q : Pm   40456.00 du bief   4
 Err001 à  02:00:06:20 + 20.000 : DIVERGENCE des itérations (Debord)
       écart relatif (à Ymax et Qmax) croissant entre 2 itérées successives
       Itération 07 : écart en DZ = 0.776782E-02 ; écart en DQ = 0.714185E-01
       Itération 08 : écart en DZ = 0.133910E-01 ; écart en DQ = 0.124357E+00
       Z : Pm   40406.00 du bief   4 ; Q : Pm   40456.00 du bief   4
 Err001 à  02:00:06:40 + 20.000 : DIVERGENCE des itérations (Debord)
       écart relatif (à Ymax et Qmax) croissant entre 2 itérées successives
       Itération 07 : écart en DZ = 0.864225E-02 ; écart en DQ = 0.794577E-01
       Itération 08 : écart en DZ = 0.151391E-01 ; écart en DQ = 0.140748E+00
       Z : Pm   40406.00 du bief   4 ; Q : Pm   40456.00 du bief   4
 Err001 à  02:00:07:00 + 20.000 : DIVERGENCE des itérations (Debord)
       écart relatif (à Ymax et Qmax) croissant entre 2 itérées successives
       Itération 07 : écart en DZ = 0.959018E-02 ; écart en DQ = 0.881414E-01
       Itération 08 : écart en DZ = 0.170718E-01 ; écart en DQ = 0.158875E+00
       Z : Pm   40406.00 du bief   4 ; Q : Pm   40456.00 du bief   4
 Err001 à  02:00:07:20 + 20.000 : DIVERGENCE des itérations (Debord)
       écart relatif (à Ymax et Qmax) croissant entre 2 itérées successives
       Itération 07 : écart en DZ = 0.107028E-01 ; écart en DQ = 0.983501E-01
       Itération 08 : écart en DZ = 0.193696E-01 ; écart en DQ = 0.180498E+00
       Z : Pm   40406.00 du bief   4 ; Q : Pm   40456.00 du bief   4
 Err001 à  02:00:07:40 + 20.000 : DIVERGENCE des itérations (Debord)
       écart relatif (à Ymax et Qmax) croissant entre 2 itérées successives
       Itération 07 : écart en DZ = 0.139322E-01 ; écart en DQ = 0.127852E+00
       Itération 08 : écart en DZ = 0.256061E-01 ; écart en DQ = 0.239295E+00
       Z : Pm   40406.00 du bief   4 ; Q : Pm   40456.00 du bief   4
 Err001 à  02:00:08:00 + 20.000 : DIVERGENCE des itérations (Debord)
       écart relatif (à Ymax et Qmax) croissant entre 2 itérées successives
       Itération 07 : écart en DZ = 0.152294E-01 ; écart en DQ = 0.139728E+00
       Itération 08 : écart en DZ = 0.286572E-01 ; écart en DQ = 0.268235E+00
       Z : Pm   40406.00 du bief   4 ; Q : Pm   40456.00 du bief   4
 Err001 à  02:00:08:20 + 20.000 : DIVERGENCE des itérations (Debord)
       écart relatif (à Ymax et Qmax) croissant entre 2 itérées successives
       Itération 07 : écart en DZ = 0.164955E-01 ; écart en DQ = 0.151308E+00
       Itération 08 : écart en DZ = 0.316477E-01 ; écart en DQ = 0.296673E+00
       Z : Pm   40406.00 du bief   4 ; Q : Pm   40456.00 du bief   4
 Err001 à  02:00:08:40 + 20.000 : DIVERGENCE des itérations (Debord)
       écart relatif (à Ymax et Qmax) croissant entre 2 itérées successives
       Itération 07 : écart en DZ = 0.182141E-01 ; écart en DQ = 0.167000E+00
       Itération 08 : écart en DZ = 0.355976E-01 ; écart en DQ = 0.334343E+00
       Z : Pm   40406.00 du bief   4 ; Q : Pm   40456.00 du bief   4
 Err001 à  02:00:09:00 + 20.000 : DIVERGENCE des itérations (Debord)
       écart relatif (à Ymax et Qmax) croissant entre 2 itérées successives
       Itération 07 : écart en DZ = 0.202265E-01 ; écart en DQ = 0.185350E+00
       Itération 08 : écart en DZ = 0.402803E-01 ; écart en DQ = 0.379159E+00
       Z : Pm   40406.00 du bief   4 ; Q : Pm   40456.00 du bief   4
 Err001 à  02:00:09:20 + 20.000 : DIVERGENCE des itérations (Debord)
       écart relatif (à Ymax et Qmax) croissant entre 2 itérées successives
       Itération 07 : écart en DZ = 0.224992E-01 ; écart en DQ = 0.206044E+00
       Itération 08 : écart en DZ = 0.456785E-01 ; écart en DQ = 0.431041E+00
       Z : Pm   40406.00 du bief   4 ; Q : Pm   40456.00 du bief   4
 Err001 à  02:00:09:40 + 20.000 : DIVERGENCE des itérations (Debord)
       écart relatif (à Ymax et Qmax) croissant entre 2 itérées successives
       Itération 07 : écart en DZ = 0.250660E-01 ; écart en DQ = 0.229377E+00
       Itération 08 : écart en DZ = 0.519096E-01 ; écart en DQ = 0.491205E+00
       Z : Pm   40406.00 du bief   4 ; Q : Pm   40456.00 du bief   4
 Err001 à  02:00:10:00 + 20.000 : DIVERGENCE des itérations (Debord)
       écart relatif (à Ymax et Qmax) croissant entre 2 itérées successives
       Itération 07 : écart en DZ = 0.279696E-01 ; écart en DQ = 0.255723E+00
       Itération 08 : écart en DZ = 0.591241E-01 ; écart en DQ = 0.561235E+00
       Z : Pm   40406.00 du bief   4 ; Q : Pm   40456.00 du bief   4
 Err001 à  02:00:10:20 + 20.000 : DIVERGENCE des itérations (Debord)
       écart relatif (à Ymax et Qmax) croissant entre 2 itérées successives
       Itération 07 : écart en DZ = 0.312470E-01 ; écart en DQ = 0.285402E+00
       Itération 08 : écart en DZ = 0.674784E-01 ; écart en DQ = 0.642817E+00
       Z : Pm   40406.00 du bief   4 ; Q : Pm   40456.00 du bief   4
 Err001 à  02:00:10:40 + 20.000 : DIVERGENCE des itérations (Debord)
       écart relatif (à Ymax et Qmax) croissant entre 2 itérées successives
       Itération 07 : écart en DZ = 0.349527E-01 ; écart en DQ = 0.318879E+00
       Itération 08 : écart en DZ = 0.771869E-01 ; écart en DQ = 0.738276E+00
       Z : Pm   40406.00 du bief   4 ; Q : Pm   40456.00 du bief   4
 Err001 à  02:00:11:00 + 20.000 : DIVERGENCE des itérations (Debord)
       écart relatif (à Ymax et Qmax) croissant entre 2 itérées successives
       Itération 07 : écart en DZ = 0.390784E-01 ; écart en DQ = 0.356056E+00
       Itération 08 : écart en DZ = 0.883465E-01 ; écart en DQ = 0.848854E+00
       Z : Pm   40406.00 du bief   4 ; Q : Pm   40456.00 du bief   4
 Err001 à  02:00:11:20 + 20.000 : DIVERGENCE des itérations (Debord)
       écart relatif (à Ymax et Qmax) croissant entre 2 itérées successives
       Itération 07 : écart en DZ = 0.434967E-01 ; écart en DQ = 0.395764E+00
       Itération 08 : écart en DZ = 0.100791E+00 ; écart en DQ = 0.973211E+00
       Z : Pm   40406.00 du bief   4 ; Q : Pm   40456.00 du bief   4
 Err001 à  02:00:11:40 + 20.000 : DIVERGENCE des itérations (Debord)
       écart relatif (à Ymax et Qmax) croissant entre 2 itérées successives
       Itération 07 : écart en DZ = 0.494688E-01 ; écart en DQ = 0.449219E+00
       Itération 08 : écart en DZ = 0.117858E+00 ; écart en DQ = 0.114569E+01
       Z : Pm   40406.00 du bief   4 ; Q : Pm   40456.00 du bief   4
 Err001 à  02:00:12:00 + 20.000 : DIVERGENCE des itérations (Debord)
       écart relatif (à Ymax et Qmax) croissant entre 2 itérées successives
       Itération 07 : écart en DZ = 0.541875E-01 ; écart en DQ = 0.491378E+00
       Itération 08 : écart en DZ = 0.132643E+00 ; écart en DQ = 0.129654E+01
       Z : Pm   40406.00 du bief   4 ; Q : Pm   40456.00 du bief   4
 Err001 à  02:00:12:20 + 20.000 : DIVERGENCE des itérations (Debord)
       écart relatif (à Ymax et Qmax) croissant entre 2 itérées successives
       Itération 07 : écart en DZ = 0.606977E-01 ; écart en DQ = 0.549273E+00
       Itération 08 : écart en DZ = 0.153365E+00 ; écart en DQ = 0.151068E+01
       Z : Pm   40406.00 du bief   4 ; Q : Pm   40456.00 du bief   4
 Err001 à  02:00:12:40 + 20.000 : DIVERGENCE des itérations (Debord)
       écart relatif (à Ymax et Qmax) croissant entre 2 itérées successives
       Itération 07 : écart en DZ = 0.685473E-01 ; écart en DQ = 0.618696E+00
       Itération 08 : écart en DZ = 0.179559E+00 ; écart en DQ = 0.178568E+01
       Z : Pm   40406.00 du bief   4 ; Q : Pm   40456.00 du bief   4
 Err001 à  02:00:13:00 + 20.000 : DIVERGENCE des itérations (Debord)
       écart relatif (à Ymax et Qmax) croissant entre 2 itérées successives
       Itération 07 : écart en DZ = 0.772726E-01 ; écart en DQ = 0.695474E+00
       Itération 08 : écart en DZ = 0.210255E+00 ; écart en DQ = 0.211274E+01
       Z : Pm   40406.00 du bief   4 ; Q : Pm   40456.00 du bief   4
 Err001 à  02:00:13:20 + 20.000 : DIVERGENCE des itérations (Debord)
       écart relatif (à Ymax et Qmax) croissant entre 2 itérées successives
       Itération 07 : écart en DZ = 0.871562E-01 ; écart en DQ = 0.782317E+00
       Itération 08 : écart en DZ = 0.247990E+00 ; écart en DQ = 0.252311E+01
       Z : Pm   40406.00 du bief   4 ; Q : Pm   40456.00 du bief   4
 Err001 à  02:00:13:40 + 20.000 : DIVERGENCE des itérations (Debord)
       écart relatif (à Ymax et Qmax) croissant entre 2 itérées successives
       Itération 07 : écart en DZ = 0.988652E-01 ; écart en DQ = 0.885491E+00
       Itération 08 : écart en DZ = 0.295891E+00 ; écart en DQ = 0.305325E+01
       Z : Pm   40406.00 du bief   4 ; Q : Pm   40456.00 du bief   4
 Err001 à  02:00:14:00 + 20.000 : DIVERGENCE des itérations (Debord)
       écart relatif (à Ymax et Qmax) croissant entre 2 itérées successives
       Itération 07 : écart en DZ = 0.112214E+00 ; écart en DQ = 0.100360E+01
       Itération 08 : écart en DZ = 0.349704E+00 ; écart en DQ = 0.365599E+01
       Z : Pm   40406.00 du bief   4 ; Q : Pm   40456.00 du bief   4
 Err001 à  02:00:14:20 + 20.000 : DIVERGENCE des itérations (Debord)
       écart relatif (à Ymax et Qmax) croissant entre 2 itérées successives
       Itération 07 : écart en DZ = 0.127819E+00 ; écart en DQ = 0.114225E+01
       Itération 08 : écart en DZ = 0.418440E+00 ; écart en DQ = 0.444652E+01
       Z : Pm   40406.00 du bief   4 ; Q : Pm   40456.00 du bief   4
 Err001 à  02:00:14:40 + 20.000 : DIVERGENCE des itérations (Debord)
       écart relatif (à Ymax et Qmax) croissant entre 2 itérées successives
       Itération 07 : écart en DZ = 0.146122E+00 ; écart en DQ = 0.130564E+01
       Itération 08 : écart en DZ = 0.531586E+00 ; écart en DQ = 0.579971E+01
       Z : Pm   40406.00 du bief   4 ; Q : Pm   40456.00 du bief   4
 Err001 à  02:00:15:00 + 20.000 : DIVERGENCE des itérations (Debord)
       écart relatif (à Ymax et Qmax) croissant entre 2 itérées successives
       Itération 07 : écart en DZ = 0.167678E+00 ; écart en DQ = 0.149913E+01
       Itération 08 : écart en DZ = 0.714119E+00 ; écart en DQ = 0.803171E+01
       Z : Pm   40406.00 du bief   4 ; Q : Pm   40456.00 du bief   4
 Err010 à  02:00:15:40              : INSTABILITÉ NUMÉRIQUE (Froude grand)
       Froude = 0.17E+01 au Pm   40406.00 du Bief 004
       Vitesse =  6.090 Largeur =   88.790 Section =   113.69 Hauteur =  1.812
 Err010 à  02:00:16:00              : INSTABILITÉ NUMÉRIQUE (Froude grand)
       Froude = 0.27E+01 au Pm   40406.00 du Bief 004
       Vitesse =  8.631 Largeur =   84.539 Section =    90.89 Hauteur =  1.549
 Err010 à  02:00:16:20              : INSTABILITÉ NUMÉRIQUE (Froude grand)
       Froude = 0.49E+01 au Pm   40406.00 du Bief 004
       Vitesse = 13.803 Largeur =   79.446 Section =    64.85 Hauteur =  1.232
 Err010 à  02:00:16:40              : INSTABILITÉ NUMÉRIQUE (Froude grand)
       Froude = 0.13E+02 au Pm   40406.00 du Bief 004
       Vitesse = 29.712 Largeur =   67.601 Section =    34.85 Hauteur =  0.827
 Err010 à  02:00:17:00              : INSTABILITÉ NUMÉRIQUE (Froude grand)
       Froude = 0.11E+03 au Pm   40406.00 du Bief 004
       Vitesse = ****** Largeur =   39.771 Section =     7.79 Hauteur =  0.339
 Err010 à  02:00:17:20              : INSTABILITÉ NUMÉRIQUE (Froude grand)
       Froude = 0.31E+09 au Pm   40406.00 du Bief 004
       Vitesse = ****** Largeur =    0.130 Section =     0.00 Hauteur =  0.001
 Err010 à  02:00:17:40              : INSTABILITÉ NUMÉRIQUE (Froude grand)
       Froude = 0.38E+09 au Pm   40406.00 du Bief 004
       Vitesse = ****** Largeur =    0.130 Section =     0.00 Hauteur =  0.001
 Err010 à  02:00:18:00              : INSTABILITÉ NUMÉRIQUE (Froude grand)
       Froude = 0.61E+09 au Pm   40406.00 du Bief 004
       Vitesse = ****** Largeur =    0.130 Section =     0.00 Hauteur =  0.001
 Err010 à  02:00:18:20              : INSTABILITÉ NUMÉRIQUE (Froude grand)
       Froude = 0.12E+02 au Pm   40356.00 du Bief 004
       Vitesse = 30.136 Largeur =   60.618 Section =    37.33 Hauteur =  0.999
 Err010 à  02:00:18:40              : INSTABILITÉ NUMÉRIQUE (Froude grand)
       Froude = 0.17E+01 au Pm   40356.00 du Bief 004
       Vitesse =  6.217 Largeur =   87.349 Section =   114.86 Hauteur =  2.029
 Err010 à  02:00:19:00              : INSTABILITÉ NUMÉRIQUE (Froude grand)
       Froude = 0.29E+03 au Pm   40306.00 du Bief 004
       Vitesse = ****** Largeur =   25.079 Section =     4.25 Hauteur =  0.288
 Err010 à  02:00:19:20              : INSTABILITÉ NUMÉRIQUE (Froude grand)
       Froude = 0.72E+02 au Pm   40206.00 du Bief 004
       Vitesse = ****** Largeur =   35.219 Section =    12.90 Hauteur =  0.598
 Err010 à  02:00:19:40              : INSTABILITÉ NUMÉRIQUE (Froude grand)
       Froude = 0.13E+02 au Pm   39216.00 du Bief 004
       Vitesse = 32.747 Largeur =   56.098 Section =    36.78 Hauteur =  1.287
 Err010 à  02:00:20:00              : INSTABILITÉ NUMÉRIQUE (Froude grand)
       Froude = 0.86E+09 au Pm   39216.00 du Bief 004
       Vitesse = ****** Largeur =    0.068 Section =     0.00 Hauteur =  0.001
 Err010 à  02:00:20:20              : INSTABILITÉ NUMÉRIQUE (Froude grand)
       Froude = 0.28E+01 au Pm   39166.00 du Bief 004
       Vitesse =  8.880 Largeur =  100.005 Section =    93.49 Hauteur =  2.018
 Err010 à  02:00:20:40              : INSTABILITÉ NUMÉRIQUE (Froude grand)
       Froude = 0.32E+02 au Pm   39166.00 du Bief 004
       Vitesse = 68.805 Largeur =   42.018 Section =    19.77 Hauteur =  0.868
 Err010 à  02:00:21:00              : INSTABILITÉ NUMÉRIQUE (Froude grand)
       Froude = 0.93E+01 au Pm   39107.00 du Bief 004
       Vitesse = 26.205 Largeur =   53.196 Section =    43.41 Hauteur =  1.533
 Err010 à  02:00:21:20              : INSTABILITÉ NUMÉRIQUE (Froude grand)
       Froude = 0.13E+10 au Pm   39107.00 du Bief 004
       Vitesse = ****** Largeur =    0.056 Section =     0.00 Hauteur =  0.001
 Err010 à  02:00:21:40              : INSTABILITÉ NUMÉRIQUE (Froude grand)
       Froude = 0.15E+01 au Pm   40406.00 du Bief 004
       Vitesse =  5.582 Largeur =   90.753 Section =   124.23 Hauteur =  1.930
 Err010 à  02:00:22:00              : INSTABILITÉ NUMÉRIQUE (Froude grand)
       Froude = 0.21E+01 au Pm   40406.00 du Bief 004
       Vitesse =  7.262 Largeur =   87.354 Section =   106.12 Hauteur =  1.727
 Err010 à  02:00:22:20              : INSTABILITÉ NUMÉRIQUE (Froude grand)
       Froude = 0.31E+01 au Pm   40406.00 du Bief 004
       Vitesse =  9.988 Largeur =   83.616 Section =    86.05 Hauteur =  1.492
 Err010 à  02:00:22:40              : INSTABILITÉ NUMÉRIQUE (Froude grand)
       Froude = 0.54E+01 au Pm   40406.00 du Bief 004
       Vitesse = 15.199 Largeur =   79.166 Section =    63.46 Hauteur =  1.214
 Err010 à  02:00:23:00              : INSTABILITÉ NUMÉRIQUE (Froude grand)
       Froude = 0.12E+02 au Pm   40406.00 du Bief 004
       Vitesse = 27.983 Largeur =   69.725 Section =    38.90 Hauteur =  0.886
 Err010 à  02:00:23:20              : INSTABILITÉ NUMÉRIQUE (Froude grand)
       Froude = 0.49E+02 au Pm   40406.00 du Bief 004
       Vitesse = 82.811 Largeur =   50.575 Section =    14.92 Hauteur =  0.496
 Err010 à  02:00:23:40              : INSTABILITÉ NUMÉRIQUE (Froude grand)
       Froude = 0.59E+05 au Pm   40406.00 du Bief 004
       Vitesse = ****** Largeur =    3.995 Section =     0.06 Hauteur =  0.031
 Err010 à  02:00:24:00              : INSTABILITÉ NUMÉRIQUE (Froude grand)
       Froude = 0.35E+09 au Pm   40406.00 du Bief 004
       Vitesse = ****** Largeur =    0.130 Section =     0.00 Hauteur =  0.001
 Err010 à  02:00:24:20              : INSTABILITÉ NUMÉRIQUE (Froude grand)
       Froude = 0.41E+09 au Pm   40406.00 du Bief 004
       Vitesse = ****** Largeur =    0.130 Section =     0.00 Hauteur =  0.001
 Err010 à  02:00:24:40              : INSTABILITÉ NUMÉRIQUE (Froude grand)
       Froude = 0.47E+09 au Pm   40406.00 du Bief 004
       Vitesse = ****** Largeur =    0.130 Section =     0.00 Hauteur =  0.001
 Err010 à  02:00:25:00              : INSTABILITÉ NUMÉRIQUE (Froude grand)
       Froude = 0.55E+09 au Pm   40406.00 du Bief 004
       Vitesse = ****** Largeur =    0.130 Section =     0.00 Hauteur =  0.001
 Err010 à  02:00:25:20              : INSTABILITÉ NUMÉRIQUE (Froude grand)
       Froude = 0.17E+01 au Pm   40356.00 du Bief 004
       Vitesse =  6.163 Largeur =   88.166 Section =   118.80 Hauteur =  2.074
 Err010 à  02:00:25:40              : INSTABILITÉ NUMÉRIQUE (Froude grand)
       Froude = 0.39E+01 au Pm   40356.00 du Bief 004
       Vitesse = 12.127 Largeur =   77.173 Section =    76.98 Hauteur =  1.571
 Err010 à  02:00:26:00              : INSTABILITÉ NUMÉRIQUE (Froude grand)
       Froude = 0.36E+03 au Pm   40356.00 du Bief 004
       Vitesse = ****** Largeur =   24.958 Section =     3.48 Hauteur =  0.236
 Err010 à  02:00:26:20              : INSTABILITÉ NUMÉRIQUE (Froude grand)
       Froude = 0.36E+01 au Pm   40306.00 du Bief 004
       Vitesse = 11.880 Largeur =   73.045 Section =    82.59 Hauteur =  1.792
 Err010 à  02:00:26:40              : INSTABILITÉ NUMÉRIQUE (Froude grand)
       Froude = 0.78E+01 au Pm   40256.00 du Bief 004
       Vitesse = 23.207 Largeur =   58.916 Section =    53.71 Hauteur =  1.459
 Err010 à  02:00:27:00              : INSTABILITÉ NUMÉRIQUE (Froude grand)
       Froude = 0.75E+09 au Pm   40156.00 du Bief 004
       Vitesse = ****** Largeur =    0.085 Section =     0.00 Hauteur =  0.001
 Err010 à  02:00:27:20              : INSTABILITÉ NUMÉRIQUE (Froude grand)
       Froude = 0.17E+02 au Pm   39166.00 du Bief 004
       Vitesse = 41.717 Largeur =   49.753 Section =    30.56 Hauteur =  1.101
 Err010 à  02:00:27:40              : INSTABILITÉ NUMÉRIQUE (Froude grand)
       Froude = 0.14E+10 au Pm   39166.00 du Bief 004
       Vitesse = ****** Largeur =    0.078 Section =     0.00 Hauteur =  0.001
 Err010 à  02:00:28:00              : INSTABILITÉ NUMÉRIQUE (Froude grand)
       Froude = 0.54E+01 au Pm   39107.00 du Bief 004
       Vitesse = 16.360 Largeur =   65.641 Section =    62.24 Hauteur =  1.852
 Err010 à  02:00:28:20              : INSTABILITÉ NUMÉRIQUE (Froude grand)
       Froude = 0.10E+10 au Pm   39107.00 du Bief 004
       Vitesse = ****** Largeur =    0.056 Section =     0.00 Hauteur =  0.001
 Err010 à  02:00:28:40              : INSTABILITÉ NUMÉRIQUE (Froude grand)
       Froude = 0.21E+10 au Pm   39107.00 du Bief 004
       Vitesse = ****** Largeur =    0.056 Section =     0.00 Hauteur =  0.001
 Err010 à  02:00:29:00              : INSTABILITÉ NUMÉRIQUE (Froude grand)
       Froude = 0.16E+02 au Pm   39049.00 du Bief 004
       Vitesse = 43.117 Largeur =   39.857 Section =    30.36 Hauteur =  1.554
 Err010 à  02:00:29:20              : INSTABILITÉ NUMÉRIQUE (Froude grand)
       Froude = 0.18E+10 au Pm   39049.00 du Bief 004
       Vitesse = ****** Largeur =    0.038 Section =     0.00 Hauteur =  0.001
 Err010 à  02:00:29:40              : INSTABILITÉ NUMÉRIQUE (Froude grand)
       Froude = 0.32E+01 au Pm   38991.00 du Bief 004
       Vitesse = 11.254 Largeur =   68.650 Section =    84.61 Hauteur =  2.728
 Err010 à  02:00:30:00              : INSTABILITÉ NUMÉRIQUE (Froude grand)
       Froude = 0.63E+03 au Pm   38991.00 du Bief 004
       Vitesse = ****** Largeur =    9.926 Section =     2.11 Hauteur =  0.367
 Err010 à  02:00:30:20              : INSTABILITÉ NUMÉRIQUE (Froude grand)
       Froude = 0.17E+01 au Pm   40406.00 du Bief 004
       Vitesse =  6.250 Largeur =   90.164 Section =   121.04 Hauteur =  1.895
 Err010 à  02:00:30:40              : INSTABILITÉ NUMÉRIQUE (Froude grand)
       Froude = 0.27E+01 au Pm   40406.00 du Bief 004
       Vitesse =  8.888 Largeur =   85.777 Section =    97.47 Hauteur =  1.627
 Err010 à  02:00:31:00              : INSTABILITÉ NUMÉRIQUE (Froude grand)
       Froude = 0.49E+01 au Pm   40406.00 du Bief 004
       Vitesse = 14.306 Largeur =   80.478 Section =    69.99 Hauteur =  1.296
 Err010 à  02:00:31:20              : INSTABILITÉ NUMÉRIQUE (Froude grand)
       Froude = 0.13E+02 au Pm   40406.00 du Bief 004
       Vitesse = 30.115 Largeur =   69.688 Section =    38.83 Hauteur =  0.885
 Err010 à  02:00:31:40              : INSTABILITÉ NUMÉRIQUE (Froude grand)
       Froude = 0.11E+03 au Pm   40406.00 du Bief 004
       Vitesse = ****** Largeur =   41.781 Section =     8.92 Hauteur =  0.366
 Err010 à  02:00:32:00              : INSTABILITÉ NUMÉRIQUE (Froude grand)
       Froude = 0.36E+09 au Pm   40406.00 du Bief 004
       Vitesse = ****** Largeur =    0.130 Section =     0.00 Hauteur =  0.001
 Err010 à  02:00:32:20              : INSTABILITÉ NUMÉRIQUE (Froude grand)
       Froude = 0.38E+09 au Pm   40406.00 du Bief 004
       Vitesse = ****** Largeur =    0.130 Section =     0.00 Hauteur =  0.001
 Err010 à  02:01:00:00              : INSTABILITÉ NUMÉRIQUE (Froude grand)
       Froude = 0.20E+09 au Pm   35963.33 du Bief 006
       Vitesse = ****** Largeur =    0.064 Section =     0.00 Hauteur =  0.001
 Err010 à  02:00:58:40              : INSTABILITÉ NUMÉRIQUE (Froude grand)
       Froude = 0.18E+03 au Pm   39316.00 du Bief 004
       Vitesse = ****** Largeur =   17.469 Section =     4.73 Hauteur =  0.484
 Err010 à  02:00:58:24              : INSTABILITÉ NUMÉRIQUE (Froude grand)
       Froude = 0.16E+02 au Pm   39316.00 du Bief 004
       Vitesse = 33.757 Largeur =   87.645 Section =    41.99 Hauteur =  1.463
 Err001 à  02:00:59:40 + 20.000 : DIVERGENCE des itérations (Debord)
       écart relatif (à Ymax et Qmax) croissant entre 2 itérées successives
       Itération 07 : écart en DZ = 0.490936E-01 ; écart en DQ = 0.574589E+00
       Itération 08 : écart en DZ = 0.616553E-01 ; écart en DQ = 0.752455E+00
       Z : Pm   39316.00 du bief   4 ; Q : Pm   39366.00 du bief   4
 Err010 à  02:00:59:44              : INSTABILITÉ NUMÉRIQUE (Froude grand)
       Froude = 0.15E+01 au Pm   39107.00 du Bief 004
       Vitesse =  5.734 Largeur =   99.858 Section =   140.80 Hauteur =  2.764
 Err010 à  02:00:59:50              : INSTABILITÉ NUMÉRIQUE (Froude grand)
       Froude = 0.21E+10 au Pm   39049.00 du Bief 004
       Vitesse = ****** Largeur =    0.038 Section =     0.00 Hauteur =  0.001
 Err010 à  02:00:59:55              : INSTABILITÉ NUMÉRIQUE (Froude grand)
       Froude = 0.28E+01 au Pm   39216.00 du Bief 004
       Vitesse =  9.186 Largeur =  101.796 Section =   110.27 Hauteur =  2.173
 Err010 à  02:01:00:00              : INSTABILITÉ NUMÉRIQUE (Froude grand)
       Froude = 0.23E+01 au Pm   39266.00 du Bief 004
       Vitesse =  8.140 Largeur =  101.316 Section =   115.45 Hauteur =  2.235
 Err010 à  02:01:00:05              : INSTABILITÉ NUMÉRIQUE (Froude grand)
       Froude = 0.75E+01 au Pm   39266.00 du Bief 004
       Vitesse = 19.778 Largeur =   90.643 Section =    64.05 Hauteur =  1.705
 Err010 à  02:01:00:10              : INSTABILITÉ NUMÉRIQUE (Froude grand)
       Froude = 0.56E+01 au Pm   39266.00 du Bief 004
       Vitesse = 15.764 Largeur =   93.378 Section =    76.54 Hauteur =  1.840
 Err010 à  02:01:00:15              : INSTABILITÉ NUMÉRIQUE (Froude grand)
       Froude = 0.48E+01 au Pm   39266.00 du Bief 004
       Vitesse = 14.077 Largeur =   93.378 Section =    83.14 Hauteur =  1.911
 Err010 à  02:01:00:20              : INSTABILITÉ NUMÉRIQUE (Froude grand)
       Froude = 0.46E+01 au Pm   39266.00 du Bief 004
       Vitesse = 13.753 Largeur =   93.378 Section =    84.43 Hauteur =  1.924
 Err010 à  02:01:00:25              : INSTABILITÉ NUMÉRIQUE (Froude grand)
       Froude = 0.45E+01 au Pm   39266.00 du Bief 004
       Vitesse = 13.522 Largeur =   93.378 Section =    85.33 Hauteur =  1.934
 Err010 à  02:01:00:30              : INSTABILITÉ NUMÉRIQUE (Froude grand)
       Froude = 0.42E+01 au Pm   39266.00 du Bief 004
       Vitesse = 12.891 Largeur =   93.378 Section =    88.20 Hauteur =  1.965
 Err010 à  02:01:00:35              : INSTABILITÉ NUMÉRIQUE (Froude grand)
       Froude = 0.38E+01 au Pm   39266.00 du Bief 004
       Vitesse = 11.824 Largeur =   93.378 Section =    93.69 Hauteur =  2.024
 Err010 à  02:01:00:40              : INSTABILITÉ NUMÉRIQUE (Froude grand)
       Froude = 0.32E+01 au Pm   39266.00 du Bief 004
       Vitesse = 10.614 Largeur =   99.289 Section =   101.15 Hauteur =  2.092
 Err010 à  02:01:00:45              : INSTABILITÉ NUMÉRIQUE (Froude grand)
       Froude = 0.28E+01 au Pm   39266.00 du Bief 004
       Vitesse =  9.671 Largeur =  100.213 Section =   107.63 Hauteur =  2.157
 Err010 à  02:01:00:50              : INSTABILITÉ NUMÉRIQUE (Froude grand)
       Froude = 0.25E+01 au Pm   39266.00 du Bief 004
       Vitesse =  8.824 Largeur =  101.144 Section =   114.22 Hauteur =  2.223
 Err010 à  02:01:00:55              : INSTABILITÉ NUMÉRIQUE (Froude grand)
       Froude = 0.22E+01 au Pm   39266.00 du Bief 004
       Vitesse =  8.023 Largeur =  102.128 Section =   121.25 Hauteur =  2.292
 Err010 à  02:01:01:00              : INSTABILITÉ NUMÉRIQUE (Froude grand)
       Froude = 0.20E+01 au Pm   39266.00 du Bief 004
       Vitesse =  7.380 Largeur =  102.492 Section =   127.56 Hauteur =  2.354
 Err010 à  02:01:01:05              : INSTABILITÉ NUMÉRIQUE (Froude grand)
       Froude = 0.19E+01 au Pm   39266.00 du Bief 004
       Vitesse =  6.882 Largeur =  102.765 Section =   132.90 Hauteur =  2.406
 Err010 à  02:01:01:10              : INSTABILITÉ NUMÉRIQUE (Froude grand)
       Froude = 0.17E+01 au Pm   39266.00 du Bief 004
       Vitesse =  6.481 Largeur =  103.002 Section =   137.55 Hauteur =  2.451
 Err010 à  02:01:01:15              : INSTABILITÉ NUMÉRIQUE (Froude grand)
       Froude = 0.16E+01 au Pm   39266.00 du Bief 004
       Vitesse =  6.158 Largeur =  103.204 Section =   141.53 Hauteur =  2.490
 Err010 à  02:01:01:20              : INSTABILITÉ NUMÉRIQUE (Froude grand)
       Froude = 0.16E+01 au Pm   39266.00 du Bief 004
       Vitesse =  5.862 Largeur =  103.400 Section =   145.39 Hauteur =  2.527
 Err010 à  02:01:01:25              : INSTABILITÉ NUMÉRIQUE (Froude grand)
       Froude = 0.19E+01 au Pm   36944.00 du Bief 006
       Vitesse =  5.588 Largeur =  101.367 Section =    89.01 Hauteur =  1.337
 Err010 à  02:01:01:30              : INSTABILITÉ NUMÉRIQUE (Froude grand)
       Froude = 0.16E+01 au Pm   36944.00 du Bief 006
       Vitesse =  4.839 Largeur =  103.184 Section =    96.52 Hauteur =  1.410
 Err010 à  02:01:01:35              : INSTABILITÉ NUMÉRIQUE (Froude grand)
       Froude = 0.50E+02 au Pm   37063.00 du Bief 006
       Vitesse = 90.508 Largeur =   28.313 Section =     9.49 Hauteur =  0.610
 Err010 à  02:01:01:40              : INSTABILITÉ NUMÉRIQUE (Froude grand)
       Froude = 0.22E+01 au Pm   38232.00 du Bief 004
       Vitesse =  6.844 Largeur =  114.429 Section =   104.45 Hauteur =  2.519
 Err010 à  02:01:01:45              : INSTABILITÉ NUMÉRIQUE (Froude grand)
       Froude = 0.43E+02 au Pm   38603.00 du Bief 004
       Vitesse = 89.150 Largeur =   39.267 Section =    17.25 Hauteur =  0.788
 Err010 à  02:01:01:50              : INSTABILITÉ NUMÉRIQUE (Froude grand)
       Froude = 0.35E+03 au Pm   38728.00 du Bief 004
       Vitesse = ****** Largeur =   16.298 Section =     3.60 Hauteur =  0.434
 Err010 à  02:01:01:55              : INSTABILITÉ NUMÉRIQUE (Froude grand)
       Froude = 0.44E+10 au Pm   38841.00 du Bief 004
       Vitesse = ****** Largeur =    0.029 Section =     0.00 Hauteur =  0.001
 Err010 à  02:01:02:00              : INSTABILITÉ NUMÉRIQUE (Froude grand)
       Froude = 0.31E+03 au Pm   38841.00 du Bief 004
       Vitesse = ****** Largeur =   13.287 Section =     3.74 Hauteur =  0.521
 Err010 à  02:01:02:05              : INSTABILITÉ NUMÉRIQUE (Froude grand)
       Froude = 0.32E+01 au Pm   38841.00 du Bief 004
       Vitesse = 11.520 Largeur =   66.670 Section =    87.02 Hauteur =  2.472
 Err010 à  02:01:02:10              : INSTABILITÉ NUMÉRIQUE (Froude grand)
       Froude = 0.44E+10 au Pm   38941.00 du Bief 004
       Vitesse = ****** Largeur =    0.032 Section =     0.00 Hauteur =  0.001
 Err010 à  02:01:02:15              : INSTABILITÉ NUMÉRIQUE (Froude grand)
       Froude = 0.27E+10 au Pm   38941.00 du Bief 004
       Vitesse = ****** Largeur =    0.032 Section =     0.00 Hauteur =  0.001
 Err010 à  02:01:02:20              : INSTABILITÉ NUMÉRIQUE (Froude grand)
       Froude = 0.13E+03 au Pm   38941.00 du Bief 004
       Vitesse = ****** Largeur =   16.767 Section =     7.32 Hauteur =  0.765
 Err010 à  02:01:02:25              : INSTABILITÉ NUMÉRIQUE (Froude grand)
       Froude = 0.10E+02 au Pm   38941.00 du Bief 004
       Vitesse = 31.321 Largeur =   49.313 Section =    45.97 Hauteur =  1.968
 Err010 à  02:01:02:30              : INSTABILITÉ NUMÉRIQUE (Froude grand)
       Froude = 0.34E+01 au Pm   38941.00 du Bief 004
       Vitesse = 11.974 Largeur =   71.733 Section =    90.38 Hauteur =  2.705
 Err010 à  02:01:02:35              : INSTABILITÉ NUMÉRIQUE (Froude grand)
       Froude = 0.17E+01 au Pm   38941.00 du Bief 004
       Vitesse =  6.759 Largeur =   81.393 Section =   126.36 Hauteur =  3.175
 Err010 à  02:01:02:40              : INSTABILITÉ NUMÉRIQUE (Froude grand)
       Froude = 0.32E+10 au Pm   39049.00 du Bief 004
       Vitesse = ****** Largeur =    0.038 Section =     0.00 Hauteur =  0.001
 Err010 à  02:01:02:45              : INSTABILITÉ NUMÉRIQUE (Froude grand)
       Froude = 0.26E+10 au Pm   39049.00 du Bief 004
       Vitesse = ****** Largeur =    0.038 Section =     0.00 Hauteur =  0.001
 Err010 à  02:01:02:50              : INSTABILITÉ NUMÉRIQUE (Froude grand)
       Froude = 0.21E+10 au Pm   39049.00 du Bief 004
       Vitesse = ****** Largeur =    0.038 Section =     0.00 Hauteur =  0.001
 Err010 à  02:01:02:55              : INSTABILITÉ NUMÉRIQUE (Froude grand)
       Froude = 0.18E+10 au Pm   39049.00 du Bief 004
       Vitesse = ****** Largeur =    0.038 Section =     0.00 Hauteur =  0.001
 Err010 à  02:01:03:00              : INSTABILITÉ NUMÉRIQUE (Froude grand)
       Froude = 0.33E+03 au Pm   39049.00 du Bief 004
       Vitesse = ****** Largeur =   12.908 Section =     3.84 Hauteur =  0.502
 Err010 à  02:01:03:05              : INSTABILITÉ NUMÉRIQUE (Froude grand)
       Froude = 0.74E+02 au Pm   39049.00 du Bief 004
       Vitesse = ****** Largeur =   22.789 Section =    11.69 Hauteur =  0.953
 Err010 à  02:01:03:10              : INSTABILITÉ NUMÉRIQUE (Froude grand)
       Froude = 0.29E+02 au Pm   39049.00 du Bief 004
       Vitesse = 74.897 Largeur =   33.896 Section =    23.28 Hauteur =  1.362
 Err010 à  02:01:03:15              : INSTABILITÉ NUMÉRIQUE (Froude grand)
       Froude = 0.16E+02 au Pm   39049.00 du Bief 004
       Vitesse = 44.866 Largeur =   43.362 Section =    35.32 Hauteur =  1.673
 Err010 à  02:01:03:20              : INSTABILITÉ NUMÉRIQUE (Froude grand)
       Froude = 0.11E+02 au Pm   39049.00 du Bief 004
       Vitesse = 32.043 Largeur =   49.109 Section =    45.83 Hauteur =  1.901
 Err010 à  02:01:03:25              : INSTABILITÉ NUMÉRIQUE (Froude grand)
       Froude = 0.82E+01 au Pm   39049.00 du Bief 004
       Vitesse = 25.894 Largeur =   53.277 Section =    53.69 Hauteur =  2.054
 Err010 à  02:01:03:30              : INSTABILITÉ NUMÉRIQUE (Froude grand)
       Froude = 0.71E+01 au Pm   39049.00 du Bief 004
       Vitesse = 22.930 Largeur =   55.735 Section =    58.62 Hauteur =  2.145
 Err010 à  02:01:03:35              : INSTABILITÉ NUMÉRIQUE (Froude grand)
       Froude = 0.67E+01 au Pm   39049.00 du Bief 004
       Vitesse = 21.844 Largeur =   56.714 Section =    60.69 Hauteur =  2.182
 Err010 à  02:01:03:40              : INSTABILITÉ NUMÉRIQUE (Froude grand)
       Froude = 0.68E+01 au Pm   39049.00 du Bief 004
       Vitesse = 22.130 Largeur =   56.452 Section =    60.13 Hauteur =  2.172
 Err010 à  02:01:03:45              : INSTABILITÉ NUMÉRIQUE (Froude grand)
       Froude = 0.74E+01 au Pm   39049.00 du Bief 004
       Vitesse = 23.665 Largeur =   55.110 Section =    57.33 Hauteur =  2.121
 Err010 à  02:01:03:50              : INSTABILITÉ NUMÉRIQUE (Froude grand)
       Froude = 0.86E+01 au Pm   39049.00 du Bief 004
       Vitesse = 26.769 Largeur =   52.620 Section =    52.42 Hauteur =  2.030
 Err010 à  02:01:03:55              : INSTABILITÉ NUMÉRIQUE (Froude grand)
       Froude = 0.11E+02 au Pm   39049.00 du Bief 004
       Vitesse = 32.436 Largeur =   48.899 Section =    45.43 Hauteur =  1.893
 Err010 à  02:01:04:00              : INSTABILITÉ NUMÉRIQUE (Froude grand)
       Froude = 0.15E+02 au Pm   39049.00 du Bief 004
       Vitesse = 43.163 Largeur =   44.004 Section =    36.43 Hauteur =  1.699
 Err010 à  02:01:04:05              : INSTABILITÉ NUMÉRIQUE (Froude grand)
       Froude = 0.25E+02 au Pm   39049.00 du Bief 004
       Vitesse = 65.626 Largeur =   36.069 Section =    25.98 Hauteur =  1.439
 Err010 à  02:01:04:10              : INSTABILITÉ NUMÉRIQUE (Froude grand)
       Froude = 0.51E+02 au Pm   39049.00 du Bief 004
       Vitesse = ****** Largeur =   26.950 Section =    15.46 Hauteur =  1.105
 Err010 à  02:01:04:15              : INSTABILITÉ NUMÉRIQUE (Froude grand)
       Froude = 0.15E+03 au Pm   39049.00 du Bief 004
       Vitesse = ****** Largeur =   17.019 Section =     7.04 Hauteur =  0.717
 Err010 à  02:01:04:20              : INSTABILITÉ NUMÉRIQUE (Froude grand)
       Froude = 0.11E+04 au Pm   39049.00 du Bief 004
       Vitesse = ****** Largeur =    9.233 Section =     1.59 Hauteur =  0.300
 Err010 à  02:01:04:25              : INSTABILITÉ NUMÉRIQUE (Froude grand)
       Froude = 0.19E+10 au Pm   39049.00 du Bief 004
       Vitesse = ****** Largeur =    0.038 Section =     0.00 Hauteur =  0.001
 Err010 à  02:01:04:30              : INSTABILITÉ NUMÉRIQUE (Froude grand)
       Froude = 0.22E+10 au Pm   39049.00 du Bief 004
       Vitesse = ****** Largeur =    0.038 Section =     0.00 Hauteur =  0.001
 Err010 à  02:01:04:35              : INSTABILITÉ NUMÉRIQUE (Froude grand)
       Froude = 0.26E+10 au Pm   39049.00 du Bief 004
       Vitesse = ****** Largeur =    0.038 Section =     0.00 Hauteur =  0.001
 Err010 à  02:01:04:40              : INSTABILITÉ NUMÉRIQUE (Froude grand)
       Froude = 0.30E+10 au Pm   39049.00 du Bief 004
       Vitesse = ****** Largeur =    0.038 Section =     0.00 Hauteur =  0.001
 Err010 à  02:01:04:45              : INSTABILITÉ NUMÉRIQUE (Froude grand)
       Froude = 0.36E+10 au Pm   39049.00 du Bief 004
       Vitesse = ****** Largeur =    0.038 Section =     0.00 Hauteur =  0.001
 Err010 à  02:01:04:50              : INSTABILITÉ NUMÉRIQUE (Froude grand)
       Froude = 0.21E+01 au Pm   38941.00 du Bief 004
       Vitesse =  8.134 Largeur =   78.302 Section =   114.46 Hauteur =  3.026
 Err010 à  02:01:04:55              : INSTABILITÉ NUMÉRIQUE (Froude grand)
       Froude = 0.39E+01 au Pm   38941.00 du Bief 004
       Vitesse = 13.514 Largeur =   69.244 Section =    83.81 Hauteur =  2.612
 Err010 à  02:01:05:00              : INSTABILITÉ NUMÉRIQUE (Froude grand)
       Froude = 0.95E+01 au Pm   38941.00 du Bief 004
       Vitesse = 29.190 Largeur =   50.716 Section =    48.65 Hauteur =  2.022
 Err010 à  02:01:05:05              : INSTABILITÉ NUMÉRIQUE (Froude grand)
       Froude = 0.49E+02 au Pm   38941.00 du Bief 004
       Vitesse = ****** Largeur =   25.143 Section =    15.43 Hauteur =  1.157
 Err010 à  02:01:05:10              : INSTABILITÉ NUMÉRIQUE (Froude grand)
       Froude = 0.22E+10 au Pm   38941.00 du Bief 004
       Vitesse = ****** Largeur =    0.032 Section =     0.00 Hauteur =  0.001
 Err010 à  02:01:05:15              : INSTABILITÉ NUMÉRIQUE (Froude grand)
       Froude = 0.31E+10 au Pm   38941.00 du Bief 004
       Vitesse = ****** Largeur =    0.032 Section =     0.00 Hauteur =  0.001
 Err010 à  02:01:05:20              : INSTABILITÉ NUMÉRIQUE (Froude grand)
       Froude = 0.45E+10 au Pm   38941.00 du Bief 004
       Vitesse = ****** Largeur =    0.032 Section =     0.00 Hauteur =  0.001
 Err010 à  02:01:05:25              : INSTABILITÉ NUMÉRIQUE (Froude grand)
       Froude = 0.23E+01 au Pm   38841.00 du Bief 004
       Vitesse =  8.594 Largeur =   71.799 Section =   103.95 Hauteur =  2.716
 Err010 à  02:01:05:30              : INSTABILITÉ NUMÉRIQUE (Froude grand)
       Froude = 0.13E+02 au Pm   38841.00 du Bief 004
       Vitesse = 36.121 Largeur =   48.838 Section =    38.91 Hauteur =  1.637
 Err010 à  02:01:05:35              : INSTABILITÉ NUMÉRIQUE (Froude grand)
       Froude = 0.24E+10 au Pm   38841.00 du Bief 004
       Vitesse = ****** Largeur =    0.029 Section =     0.00 Hauteur =  0.001
 Err010 à  02:01:05:40              : INSTABILITÉ NUMÉRIQUE (Froude grand)
       Froude = 0.16E+01 au Pm   38728.00 du Bief 004
       Vitesse =  5.900 Largeur =   92.278 Section =   131.54 Hauteur =  2.621
 Err010 à  02:01:05:45              : INSTABILITÉ NUMÉRIQUE (Froude grand)
       Froude = 0.14E+04 au Pm   38841.00 du Bief 004
       Vitesse = ****** Largeur =    8.451 Section =     1.25 Hauteur =  0.293
 Err010 à  02:01:05:50              : INSTABILITÉ NUMÉRIQUE (Froude grand)
       Froude = 0.44E+10 au Pm   38841.00 du Bief 004
       Vitesse = ****** Largeur =    0.029 Section =     0.00 Hauteur =  0.001
 Err010 à  02:01:05:55              : INSTABILITÉ NUMÉRIQUE (Froude grand)
       Froude = 0.67E+02 au Pm   38728.00 du Bief 004
       Vitesse = ****** Largeur =   35.226 Section =    13.00 Hauteur =  0.797
 Err010 à  02:01:06:00              : INSTABILITÉ NUMÉRIQUE (Froude grand)
       Froude = 0.91E+01 au Pm   38603.00 du Bief 004
       Vitesse = 25.305 Largeur =   61.259 Section =    48.67 Hauteur =  1.406
 Err010 à  02:01:06:05              : INSTABILITÉ NUMÉRIQUE (Froude grand)
       Froude = 0.22E+01 au Pm   38353.00 du Bief 004
       Vitesse =  7.537 Largeur =   87.166 Section =   101.45 Hauteur =  2.280
 Err010 à  02:01:06:10              : INSTABILITÉ NUMÉRIQUE (Froude grand)
       Froude = 0.16E+02 au Pm   37791.00 du Bief 004
       Vitesse = 48.081 Largeur =   40.410 Section =    35.52 Hauteur =  1.439
 Err010 à  02:01:06:15              : INSTABILITÉ NUMÉRIQUE (Froude grand)
       Froude = 0.20E+10 au Pm   39266.00 du Bief 004
       Vitesse = ****** Largeur =    0.060 Section =     0.00 Hauteur =  0.001
 Err010 à  02:01:06:20              : INSTABILITÉ NUMÉRIQUE (Froude grand)
       Froude = 0.21E+10 au Pm   39266.00 du Bief 004
       Vitesse = ****** Largeur =    0.060 Section =     0.00 Hauteur =  0.001
 Err010 à  02:01:06:25              : INSTABILITÉ NUMÉRIQUE (Froude grand)
       Froude = 0.23E+10 au Pm   39266.00 du Bief 004
       Vitesse = ****** Largeur =    0.060 Section =     0.00 Hauteur =  0.001
 Err010 à  02:01:06:30              : INSTABILITÉ NUMÉRIQUE (Froude grand)
       Froude = 0.26E+10 au Pm   39266.00 du Bief 004
       Vitesse = ****** Largeur =    0.060 Section =     0.00 Hauteur =  0.001
 Err010 à  02:01:06:35              : INSTABILITÉ NUMÉRIQUE (Froude grand)
       Froude = 0.17E+01 au Pm   39166.00 du Bief 004
       Vitesse =  6.184 Largeur =  106.057 Section =   137.82 Hauteur =  2.448
 Err010 à  02:01:06:40              : INSTABILITÉ NUMÉRIQUE (Froude grand)
       Froude = 0.22E+01 au Pm   39166.00 du Bief 004
       Vitesse =  7.522 Largeur =  104.169 Section =   123.71 Hauteur =  2.314
 Err010 à  02:01:06:45              : INSTABILITÉ NUMÉRIQUE (Froude grand)
       Froude = 0.28E+01 au Pm   39166.00 du Bief 004
       Vitesse =  9.432 Largeur =  102.032 Section =   108.04 Hauteur =  2.162
 Err010 à  02:01:06:50              : INSTABILITÉ NUMÉRIQUE (Froude grand)
       Froude = 0.37E+01 au Pm   39166.00 du Bief 004
       Vitesse = 12.277 Largeur =   99.658 Section =    91.02 Hauteur =  1.993
 Err010 à  02:01:06:55              : INSTABILITÉ NUMÉRIQUE (Froude grand)
       Froude = 0.49E+01 au Pm   39166.00 du Bief 004
       Vitesse = 16.211 Largeur =   77.930 Section =    75.50 Hauteur =  1.810
 Err010 à  02:01:07:00              : INSTABILITÉ NUMÉRIQUE (Froude grand)
       Froude = 0.73E+01 au Pm   39166.00 du Bief 004
       Vitesse = 21.347 Largeur =   70.370 Section =    62.16 Hauteur =  1.634
 Err010 à  02:01:07:05              : INSTABILITÉ NUMÉRIQUE (Froude grand)
       Froude = 0.97E+01 au Pm   39166.00 du Bief 004
       Vitesse = 27.375 Largeur =   63.864 Section =    51.72 Hauteur =  1.481
 Err010 à  02:01:07:10              : INSTABILITÉ NUMÉRIQUE (Froude grand)
       Froude = 0.10E+02 au Pm   39166.00 du Bief 004
       Vitesse = 29.102 Largeur =   60.542 Section =    49.40 Hauteur =  1.444
 Err010 à  02:01:07:15              : INSTABILITÉ NUMÉRIQUE (Froude grand)
       Froude = 0.59E+01 au Pm   39166.00 du Bief 004
       Vitesse = 18.308 Largeur =   70.370 Section =    69.27 Hauteur =  1.735
 Err010 à  02:01:07:20              : INSTABILITÉ NUMÉRIQUE (Froude grand)
       Froude = 0.16E+10 au Pm   39266.00 du Bief 004
       Vitesse = ****** Largeur =    0.060 Section =     0.00 Hauteur =  0.001
 Err010 à  02:01:07:25              : INSTABILITÉ NUMÉRIQUE (Froude grand)
       Froude = 0.21E+01 au Pm   39107.00 du Bief 004
       Vitesse =  7.653 Largeur =   96.599 Section =   120.85 Hauteur =  2.561
 Err010 à  02:01:07:30              : INSTABILITÉ NUMÉRIQUE (Froude grand)
       Froude = 0.21E+10 au Pm   39107.00 du Bief 004
       Vitesse = ****** Largeur =    0.056 Section =     0.00 Hauteur =  0.001
 Err010 à  02:01:07:35              : INSTABILITÉ NUMÉRIQUE (Froude grand)
       Froude = 0.25E+10 au Pm   38941.00 du Bief 004
       Vitesse = ****** Largeur =    0.032 Section =     0.00 Hauteur =  0.001
 Err010 à  02:01:07:40              : INSTABILITÉ NUMÉRIQUE (Froude grand)
       Froude = 0.18E+01 au Pm   38603.00 du Bief 004
       Vitesse =  5.877 Largeur =  116.409 Section =   130.83 Hauteur =  2.313
 Err010 à  02:01:07:45              : INSTABILITÉ NUMÉRIQUE (Froude grand)
       Froude = 0.18E+01 au Pm   39266.00 du Bief 004
       Vitesse =  6.846 Largeur =  102.919 Section =   135.93 Hauteur =  2.435
 Err010 à  02:01:07:50              : INSTABILITÉ NUMÉRIQUE (Froude grand)
       Froude = 0.45E+01 au Pm   39266.00 du Bief 004
       Vitesse = 13.551 Largeur =   93.378 Section =    87.78 Hauteur =  1.960
 Err010 à  02:01:07:55              : INSTABILITÉ NUMÉRIQUE (Froude grand)
       Froude = 0.25E+02 au Pm   39266.00 du Bief 004
       Vitesse = 56.976 Largeur =   52.609 Section =    28.20 Hauteur =  1.195
 Err010 à  02:01:08:00              : INSTABILITÉ NUMÉRIQUE (Froude grand)
       Froude = 0.11E+10 au Pm   39266.00 du Bief 004
       Vitesse = ****** Largeur =    0.060 Section =     0.00 Hauteur =  0.001
 Err010 à  02:01:08:05              : INSTABILITÉ NUMÉRIQUE (Froude grand)
       Froude = 0.18E+10 au Pm   39266.00 du Bief 004
       Vitesse = ****** Largeur =    0.060 Section =     0.00 Hauteur =  0.001
 Err010 à  02:01:08:10              : INSTABILITÉ NUMÉRIQUE (Froude grand)
       Froude = 0.32E+01 au Pm   39166.00 du Bief 004
       Vitesse = 10.615 Largeur =  100.978 Section =   100.44 Hauteur =  2.087
 Err010 à  02:01:08:15              : INSTABILITÉ NUMÉRIQUE (Froude grand)
       Froude = 0.11E+10 au Pm   39166.00 du Bief 004
       Vitesse = ****** Largeur =    0.078 Section =     0.00 Hauteur =  0.001
 Err010 à  02:01:08:20              : INSTABILITÉ NUMÉRIQUE (Froude grand)
       Froude = 0.18E+02 au Pm   38941.00 du Bief 004
       Vitesse = 50.581 Largeur =   40.944 Section =    31.78 Hauteur =  1.654
 Err010 à  02:01:08:25              : INSTABILITÉ NUMÉRIQUE (Froude grand)
       Froude = 0.51E+02 au Pm   39049.00 du Bief 004
       Vitesse = ****** Largeur =   26.928 Section =    15.44 Hauteur =  1.104
 Err010 à  02:01:08:30              : INSTABILITÉ NUMÉRIQUE (Froude grand)
       Froude = 0.36E+02 au Pm   39166.00 du Bief 004
       Vitesse = 79.099 Largeur =   44.612 Section =    22.08 Hauteur =  0.921
 Err010 à  02:01:08:35              : INSTABILITÉ NUMÉRIQUE (Froude grand)
       Froude = 0.25E+10 au Pm   39266.00 du Bief 004
       Vitesse = ****** Largeur =    0.060 Section =     0.00 Hauteur =  0.001
 Err010 à  02:01:08:40              : INSTABILITÉ NUMÉRIQUE (Froude grand)
       Froude = 0.14E+10 au Pm   39266.00 du Bief 004
       Vitesse = ****** Largeur =    0.060 Section =     0.00 Hauteur =  0.001
 Err010 à  02:01:08:45              : INSTABILITÉ NUMÉRIQUE (Froude grand)
       Froude = 0.64E+02 au Pm   39266.00 du Bief 004
       Vitesse = ****** Largeur =   28.427 Section =    13.25 Hauteur =  0.816
 Err010 à  02:01:08:50              : INSTABILITÉ NUMÉRIQUE (Froude grand)
       Froude = 0.61E+01 au Pm   39266.00 du Bief 004
       Vitesse = 16.998 Largeur =   93.378 Section =    74.64 Hauteur =  1.820
 Err010 à  02:01:08:55              : INSTABILITÉ NUMÉRIQUE (Froude grand)
       Froude = 0.19E+01 au Pm   39266.00 du Bief 004
       Vitesse =  7.144 Largeur =  102.764 Section =   132.88 Hauteur =  2.406
 Err010 à  02:01:09:00              : INSTABILITÉ NUMÉRIQUE (Froude grand)
       Froude = 0.23E+01 au Pm   38666.00 du Bief 004
       Vitesse =  7.968 Largeur =   96.276 Section =   111.98 Hauteur =  2.227
 Err010 à  02:01:09:05              : INSTABILITÉ NUMÉRIQUE (Froude grand)
       Froude = 0.20E+01 au Pm   38991.00 du Bief 004
       Vitesse =  7.633 Largeur =   82.839 Section =   125.58 Hauteur =  3.257
 Err010 à  02:01:09:10              : INSTABILITÉ NUMÉRIQUE (Froude grand)
       Froude = 0.17E+01 au Pm   39049.00 du Bief 004
       Vitesse =  6.822 Largeur =   80.497 Section =   127.20 Hauteur =  3.098
 Err010 à  02:01:09:15              : INSTABILITÉ NUMÉRIQUE (Froude grand)
       Froude = 0.27E+10 au Pm   39316.00 du Bief 004
       Vitesse = ****** Largeur =    0.054 Section =     0.00 Hauteur =  0.001
 Err010 à  02:01:09:20              : INSTABILITÉ NUMÉRIQUE (Froude grand)
       Froude = 0.15E+10 au Pm   39216.00 du Bief 004
       Vitesse = ****** Largeur =    0.068 Section =     0.00 Hauteur =  0.001
 Err010 à  02:01:09:25              : INSTABILITÉ NUMÉRIQUE (Froude grand)
       Froude = 0.16E+10 au Pm   39216.00 du Bief 004
       Vitesse = ****** Largeur =    0.068 Section =     0.00 Hauteur =  0.001
 Err010 à  02:01:09:30              : INSTABILITÉ NUMÉRIQUE (Froude grand)
       Froude = 0.15E+10 au Pm   39216.00 du Bief 004
       Vitesse = ****** Largeur =    0.068 Section =     0.00 Hauteur =  0.001
 Err010 à  02:01:09:35              : INSTABILITÉ NUMÉRIQUE (Froude grand)
       Froude = 0.13E+10 au Pm   39216.00 du Bief 004
       Vitesse = ****** Largeur =    0.068 Section =     0.00 Hauteur =  0.001
 Err010 à  02:01:09:40              : INSTABILITÉ NUMÉRIQUE (Froude grand)
       Froude = 0.12E+10 au Pm   39216.00 du Bief 004
       Vitesse = ****** Largeur =    0.068 Section =     0.00 Hauteur =  0.001
 Err010 à  02:01:09:45              : INSTABILITÉ NUMÉRIQUE (Froude grand)
       Froude = 0.10E+10 au Pm   39216.00 du Bief 004
       Vitesse = ****** Largeur =    0.068 Section =     0.00 Hauteur =  0.001
 Err010 à  02:01:09:50              : INSTABILITÉ NUMÉRIQUE (Froude grand)
       Froude = 0.43E+03 au Pm   39216.00 du Bief 004
       Vitesse = ****** Largeur =   14.800 Section =     3.28 Hauteur =  0.370
 Err010 à  02:01:09:55              : INSTABILITÉ NUMÉRIQUE (Froude grand)
       Froude = 0.51E+02 au Pm   39216.00 du Bief 004
       Vitesse = ****** Largeur =   37.028 Section =    16.73 Hauteur =  0.863
 Err010 à  02:01:10:00              : INSTABILITÉ NUMÉRIQUE (Froude grand)
       Froude = 0.17E+02 au Pm   39216.00 du Bief 004
       Vitesse = 42.916 Largeur =   55.640 Section =    36.15 Hauteur =  1.276
 Err010 à  02:01:10:05              : INSTABILITÉ NUMÉRIQUE (Froude grand)
       Froude = 0.84E+01 au Pm   39216.00 du Bief 004
       Vitesse = 23.394 Largeur =   72.726 Section =    58.06 Hauteur =  1.620
 Err010 à  02:01:10:10              : INSTABILITÉ NUMÉRIQUE (Froude grand)
       Froude = 0.44E+01 au Pm   39216.00 du Bief 004
       Vitesse = 14.317 Largeur =   99.413 Section =    83.58 Hauteur =  1.908
 Err010 à  02:01:10:15              : INSTABILITÉ NUMÉRIQUE (Froude grand)
       Froude = 0.30E+01 au Pm   39216.00 du Bief 004
       Vitesse =  9.831 Largeur =  101.608 Section =   107.92 Hauteur =  2.150
 Err010 à  02:01:10:20              : INSTABILITÉ NUMÉRIQUE (Froude grand)
       Froude = 0.21E+01 au Pm   39216.00 du Bief 004
       Vitesse =  7.349 Largeur =  103.268 Section =   128.82 Hauteur =  2.354
 Err010 à  02:01:10:25              : INSTABILITÉ NUMÉRIQUE (Froude grand)
       Froude = 0.16E+01 au Pm   39216.00 du Bief 004
       Vitesse =  5.789 Largeur =  104.674 Section =   146.79 Hauteur =  2.527
 Err010 à  02:01:10:30              : INSTABILITÉ NUMÉRIQUE (Froude grand)
       Froude = 0.31E+10 au Pm   39316.00 du Bief 004
       Vitesse = ****** Largeur =    0.054 Section =     0.00 Hauteur =  0.001
 Err010 à  02:01:10:35              : INSTABILITÉ NUMÉRIQUE (Froude grand)
       Froude = 0.28E+10 au Pm   39316.00 du Bief 004
       Vitesse = ****** Largeur =    0.054 Section =     0.00 Hauteur =  0.001
 Err010 à  02:01:10:40              : INSTABILITÉ NUMÉRIQUE (Froude grand)
       Froude = 0.25E+10 au Pm   39316.00 du Bief 004
       Vitesse = ****** Largeur =    0.054 Section =     0.00 Hauteur =  0.001
 Err010 à  02:01:10:45              : INSTABILITÉ NUMÉRIQUE (Froude grand)
       Froude = 0.22E+10 au Pm   39316.00 du Bief 004
       Vitesse = ****** Largeur =    0.054 Section =     0.00 Hauteur =  0.001
 Err010 à  02:01:10:50              : INSTABILITÉ NUMÉRIQUE (Froude grand)
       Froude = 0.20E+10 au Pm   39316.00 du Bief 004
       Vitesse = ****** Largeur =    0.054 Section =     0.00 Hauteur =  0.001
 Err010 à  02:01:10:55              : INSTABILITÉ NUMÉRIQUE (Froude grand)
       Froude = 0.18E+10 au Pm   39316.00 du Bief 004
       Vitesse = ****** Largeur =    0.054 Section =     0.00 Hauteur =  0.001
 Err010 à  02:01:11:00              : INSTABILITÉ NUMÉRIQUE (Froude grand)
       Froude = 0.16E+10 au Pm   39316.00 du Bief 004
       Vitesse = ****** Largeur =    0.054 Section =     0.00 Hauteur =  0.001
 Err010 à  02:01:11:05              : INSTABILITÉ NUMÉRIQUE (Froude grand)
       Froude = 0.15E+10 au Pm   39316.00 du Bief 004
       Vitesse = ****** Largeur =    0.054 Section =     0.00 Hauteur =  0.001
 Err010 à  02:01:11:10              : INSTABILITÉ NUMÉRIQUE (Froude grand)
       Froude = 0.14E+10 au Pm   39316.00 du Bief 004
       Vitesse = ****** Largeur =    0.054 Section =     0.00 Hauteur =  0.001
 Err010 à  02:01:11:15              : INSTABILITÉ NUMÉRIQUE (Froude grand)
       Froude = 0.13E+10 au Pm   39316.00 du Bief 004
       Vitesse = ****** Largeur =    0.054 Section =     0.00 Hauteur =  0.001
 Err010 à  02:01:11:20              : INSTABILITÉ NUMÉRIQUE (Froude grand)
       Froude = 0.22E+04 au Pm   39316.00 du Bief 004
       Vitesse = ****** Largeur =    8.746 Section =     0.94 Hauteur =  0.192
 Err010 à  02:01:11:25              : INSTABILITÉ NUMÉRIQUE (Froude grand)
       Froude = 0.22E+03 au Pm   39316.00 du Bief 004
       Vitesse = ****** Largeur =   18.720 Section =     5.39 Hauteur =  0.521
 Err010 à  02:01:11:30              : INSTABILITÉ NUMÉRIQUE (Froude grand)
       Froude = 0.71E+02 au Pm   39316.00 du Bief 004
       Vitesse = ****** Largeur =   25.438 Section =    12.02 Hauteur =  0.814
 Err010 à  02:01:11:35              : INSTABILITÉ NUMÉRIQUE (Froude grand)
       Froude = 0.36E+02 au Pm   39316.00 du Bief 004
       Vitesse = 87.089 Largeur =   31.920 Section =    19.43 Hauteur =  1.076
 Err010 à  02:01:11:40              : INSTABILITÉ NUMÉRIQUE (Froude grand)
       Froude = 0.24E+02 au Pm   39316.00 du Bief 004
       Vitesse = 51.434 Largeur =   63.937 Section =    30.48 Hauteur =  1.311
 Err010 à  02:01:11:45              : INSTABILITÉ NUMÉRIQUE (Froude grand)
       Froude = 0.13E+02 au Pm   39316.00 du Bief 004
       Vitesse = 30.791 Largeur =   88.894 Section =    47.28 Hauteur =  1.523
 Err010 à  02:01:11:50              : INSTABILITÉ NUMÉRIQUE (Froude grand)
       Froude = 0.80E+01 au Pm   39316.00 du Bief 004
       Vitesse = 20.968 Largeur =   92.773 Section =    64.61 Hauteur =  1.714
 Err010 à  02:01:11:55              : INSTABILITÉ NUMÉRIQUE (Froude grand)
       Froude = 0.54E+01 au Pm   39316.00 du Bief 004
       Vitesse = 15.619 Largeur =   96.251 Section =    80.90 Hauteur =  1.886
 Err010 à  02:01:12:00              : INSTABILITÉ NUMÉRIQUE (Froude grand)
       Froude = 0.40E+01 au Pm   39316.00 du Bief 004
       Vitesse = 12.278 Largeur =   99.486 Section =    96.19 Hauteur =  2.042
 Err010 à  02:01:12:05              : INSTABILITÉ NUMÉRIQUE (Froude grand)
       Froude = 0.30E+01 au Pm   39316.00 du Bief 004
       Vitesse = 10.019 Largeur =  100.372 Section =   110.40 Hauteur =  2.184
 Err010 à  02:01:12:10              : INSTABILITÉ NUMÉRIQUE (Froude grand)
       Froude = 0.24E+01 au Pm   39316.00 du Bief 004
       Vitesse =  8.415 Largeur =  100.372 Section =   123.33 Hauteur =  2.313
 Err010 à  02:01:12:15              : INSTABILITÉ NUMÉRIQUE (Froude grand)
       Froude = 0.20E+01 au Pm   39316.00 du Bief 004
       Vitesse =  7.221 Largeur =  100.372 Section =   135.12 Hauteur =  2.430
 Err010 à  02:01:12:20              : INSTABILITÉ NUMÉRIQUE (Froude grand)
       Froude = 0.17E+01 au Pm   39316.00 du Bief 004
       Vitesse =  6.300 Largeur =  100.372 Section =   145.88 Hauteur =  2.537
 Err010 à  02:01:12:25              : INSTABILITÉ NUMÉRIQUE (Froude grand)
       Froude = 0.22E+01 au Pm   39166.00 du Bief 004
       Vitesse =  7.767 Largeur =  103.985 Section =   122.34 Hauteur =  2.301
 Err010 à  02:01:12:30              : INSTABILITÉ NUMÉRIQUE (Froude grand)
       Froude = 0.17E+01 au Pm   39166.00 du Bief 004
       Vitesse =  6.114 Largeur =  106.305 Section =   139.69 Hauteur =  2.466
 Err010 à  02:01:12:35              : INSTABILITÉ NUMÉRIQUE (Froude grand)
       Froude = 0.25E+10 au Pm   39266.00 du Bief 004
       Vitesse = ****** Largeur =    0.060 Section =     0.00 Hauteur =  0.001
 Err010 à  02:01:12:40              : INSTABILITÉ NUMÉRIQUE (Froude grand)
       Froude = 0.23E+10 au Pm   39266.00 du Bief 004
       Vitesse = ****** Largeur =    0.060 Section =     0.00 Hauteur =  0.001
 Err010 à  02:01:12:45              : INSTABILITÉ NUMÉRIQUE (Froude grand)
       Froude = 0.21E+10 au Pm   39266.00 du Bief 004
       Vitesse = ****** Largeur =    0.060 Section =     0.00 Hauteur =  0.001
 Err010 à  02:01:12:50              : INSTABILITÉ NUMÉRIQUE (Froude grand)
       Froude = 0.19E+10 au Pm   39266.00 du Bief 004
       Vitesse = ****** Largeur =    0.060 Section =     0.00 Hauteur =  0.001
 Err010 à  02:01:12:55              : INSTABILITÉ NUMÉRIQUE (Froude grand)
       Froude = 0.17E+10 au Pm   39266.00 du Bief 004
       Vitesse = ****** Largeur =    0.060 Section =     0.00 Hauteur =  0.001
 Err010 à  02:01:13:00              : INSTABILITÉ NUMÉRIQUE (Froude grand)
       Froude = 0.16E+10 au Pm   39266.00 du Bief 004
       Vitesse = ****** Largeur =    0.060 Section =     0.00 Hauteur =  0.001
 Err010 à  02:01:13:05              : INSTABILITÉ NUMÉRIQUE (Froude grand)
       Froude = 0.15E+10 au Pm   39266.00 du Bief 004
       Vitesse = ****** Largeur =    0.060 Section =     0.00 Hauteur =  0.001
 Err010 à  02:01:13:10              : INSTABILITÉ NUMÉRIQUE (Froude grand)
       Froude = 0.13E+10 au Pm   39266.00 du Bief 004
       Vitesse = ****** Largeur =    0.060 Section =     0.00 Hauteur =  0.001
 Err010 à  02:01:13:15              : INSTABILITÉ NUMÉRIQUE (Froude grand)
       Froude = 0.12E+10 au Pm   39266.00 du Bief 004
       Vitesse = ****** Largeur =    0.060 Section =     0.00 Hauteur =  0.001
 Err010 à  02:01:13:20              : INSTABILITÉ NUMÉRIQUE (Froude grand)
       Froude = 0.11E+10 au Pm   39266.00 du Bief 004
       Vitesse = ****** Largeur =    0.060 Section =     0.00 Hauteur =  0.001
 Err010 à  02:01:13:25              : INSTABILITÉ NUMÉRIQUE (Froude grand)
       Froude = 0.56E+05 au Pm   39266.00 du Bief 004
       Vitesse = ****** Largeur =    3.092 Section =     0.08 Hauteur =  0.051
 Err010 à  02:01:13:30              : INSTABILITÉ NUMÉRIQUE (Froude grand)
       Froude = 0.54E+03 au Pm   39266.00 du Bief 004
       Vitesse = ****** Largeur =   13.505 Section =     2.72 Hauteur =  0.342
 Err010 à  02:01:13:35              : INSTABILITÉ NUMÉRIQUE (Froude grand)
       Froude = 0.14E+03 au Pm   39266.00 du Bief 004
       Vitesse = ****** Largeur =   23.817 Section =     7.81 Hauteur =  0.606
 Err010 à  02:01:13:40              : INSTABILITÉ NUMÉRIQUE (Froude grand)
       Froude = 0.59E+02 au Pm   39266.00 du Bief 004
       Vitesse = ****** Largeur =   29.239 Section =    14.11 Hauteur =  0.846
 Err010 à  02:01:13:45              : INSTABILITÉ NUMÉRIQUE (Froude grand)
       Froude = 0.35E+02 au Pm   39266.00 du Bief 004
       Vitesse = 77.263 Largeur =   44.296 Section =    21.84 Hauteur =  1.064
 Err010 à  02:01:13:50              : INSTABILITÉ NUMÉRIQUE (Froude grand)
       Froude = 0.21E+02 au Pm   39266.00 du Bief 004
       Vitesse = 49.426 Largeur =   56.289 Section =    31.95 Hauteur =  1.264
 Err010 à  02:01:13:55              : INSTABILITÉ NUMÉRIQUE (Froude grand)
       Froude = 0.13E+02 au Pm   39266.00 du Bief 004
       Vitesse = 34.414 Largeur =   64.650 Section =    43.01 Hauteur =  1.446
 Err010 à  02:01:14:00              : INSTABILITÉ NUMÉRIQUE (Froude grand)
       Froude = 0.99E+01 au Pm   39266.00 du Bief 004
       Vitesse = 24.847 Largeur =   87.444 Section =    55.91 Hauteur =  1.614
 Err010 à  02:01:14:05              : INSTABILITÉ NUMÉRIQUE (Froude grand)
       Froude = 0.69E+01 au Pm   39266.00 du Bief 004
       Vitesse = 18.720 Largeur =   92.848 Section =    69.75 Hauteur =  1.767
 Err001 à  02:01:14:05 + 5.000 : DIVERGENCE des itérations (Debord)
       écart relatif (à Ymax et Qmax) croissant entre 2 itérées successives
       Itération 07 : écart en DZ = 0.706452E-02 ; écart en DQ = 0.882355E-01
       Itération 08 : écart en DZ = 0.172545E-01 ; écart en DQ = 0.215088E+00
       Z : Pm   39366.00 du bief   4 ; Q : Pm   39366.00 du bief   4
 Err001 à  02:01:14:10 + 5.000 : DIVERGENCE des itérations (Debord)
       écart relatif (à Ymax et Qmax) croissant entre 2 itérées successives
       Itération 07 : écart en DZ = 0.694901E-02 ; écart en DQ = 0.867867E-01
       Itération 08 : écart en DZ = 0.169397E-01 ; écart en DQ = 0.211120E+00
       Z : Pm   39366.00 du bief   4 ; Q : Pm   39366.00 du bief   4
 Err001 à  02:01:14:15 + 5.000 : DIVERGENCE des itérations (Debord)
       écart relatif (à Ymax et Qmax) croissant entre 2 itérées successives
       Itération 07 : écart en DZ = 0.685123E-02 ; écart en DQ = 0.855589E-01
       Itération 08 : écart en DZ = 0.166698E-01 ; écart en DQ = 0.207713E+00
       Z : Pm   39366.00 du bief   4 ; Q : Pm   39366.00 du bief   4
 Err001 à  02:01:14:20 + 5.000 : DIVERGENCE des itérations (Debord)
       écart relatif (à Ymax et Qmax) croissant entre 2 itérées successives
       Itération 07 : écart en DZ = 0.675557E-02 ; écart en DQ = 0.843577E-01
       Itération 08 : écart en DZ = 0.164061E-01 ; écart en DQ = 0.204384E+00
       Z : Pm   39366.00 du bief   4 ; Q : Pm   39366.00 du bief   4
 Err001 à  02:01:14:25 + 5.000 : DIVERGENCE des itérations (Debord)
       écart relatif (à Ymax et Qmax) croissant entre 2 itérées successives
       Itération 07 : écart en DZ = 0.666131E-02 ; écart en DQ = 0.831740E-01
       Itération 08 : écart en DZ = 0.161469E-01 ; écart en DQ = 0.201112E+00
       Z : Pm   39366.00 du bief   4 ; Q : Pm   39366.00 du bief   4
 Err001 à  02:01:14:30 + 5.000 : DIVERGENCE des itérations (Debord)
       écart relatif (à Ymax et Qmax) croissant entre 2 itérées successives
       Itération 07 : écart en DZ = 0.655038E-02 ; écart en DQ = 0.817830E-01
       Itération 08 : écart en DZ = 0.158478E-01 ; écart en DQ = 0.197346E+00
       Z : Pm   39366.00 du bief   4 ; Q : Pm   39366.00 du bief   4
 Err001 à  02:01:14:35 + 5.000 : DIVERGENCE des itérations (Debord)
       écart relatif (à Ymax et Qmax) croissant entre 2 itérées successives
       Itération 07 : écart en DZ = 0.642465E-02 ; écart en DQ = 0.802079E-01
       Itération 08 : écart en DZ = 0.155137E-01 ; écart en DQ = 0.193146E+00
       Z : Pm   39366.00 du bief   4 ; Q : Pm   39366.00 du bief   4
 Err001 à  02:01:14:40 + 5.000 : DIVERGENCE des itérations (Debord)
       écart relatif (à Ymax et Qmax) croissant entre 2 itérées successives
       Itération 07 : écart en DZ = 0.631554E-02 ; écart en DQ = 0.788398E-01
       Itération 08 : écart en DZ = 0.152214E-01 ; écart en DQ = 0.189468E+00
       Z : Pm   39366.00 du bief   4 ; Q : Pm   39366.00 du bief   4
 Err001 à  02:01:14:45 + 5.000 : DIVERGENCE des itérations (Debord)
       écart relatif (à Ymax et Qmax) croissant entre 2 itérées successives
       Itération 07 : écart en DZ = 0.621265E-02 ; écart en DQ = 0.775495E-01
       Itération 08 : écart en DZ = 0.149454E-01 ; écart en DQ = 0.185994E+00
       Z : Pm   39366.00 du bief   4 ; Q : Pm   39366.00 du bief   4
 Err001 à  02:01:14:50 + 5.000 : DIVERGENCE des itérations (Debord)
       écart relatif (à Ymax et Qmax) croissant entre 2 itérées successives
       Itération 07 : écart en DZ = 0.611333E-02 ; écart en DQ = 0.763039E-01
       Itération 08 : écart en DZ = 0.146792E-01 ; écart en DQ = 0.182642E+00
       Z : Pm   39366.00 du bief   4 ; Q : Pm   39366.00 du bief   4
 Err001 à  02:01:14:55 + 5.000 : DIVERGENCE des itérations (Debord)
       écart relatif (à Ymax et Qmax) croissant entre 2 itérées successives
       Itération 07 : écart en DZ = 0.601714E-02 ; écart en DQ = 0.750973E-01
       Itération 08 : écart en DZ = 0.144215E-01 ; écart en DQ = 0.179398E+00
       Z : Pm   39366.00 du bief   4 ; Q : Pm   39366.00 du bief   4
 Err001 à  02:01:15:00 + 5.000 : DIVERGENCE des itérations (Debord)
       écart relatif (à Ymax et Qmax) croissant entre 2 itérées successives
       Itération 07 : écart en DZ = 0.592356E-02 ; écart en DQ = 0.739234E-01
       Itération 08 : écart en DZ = 0.141712E-01 ; écart en DQ = 0.176246E+00
       Z : Pm   39366.00 du bief   4 ; Q : Pm   39366.00 du bief   4
 Err001 à  02:01:15:05 + 5.000 : DIVERGENCE des itérations (Debord)
       écart relatif (à Ymax et Qmax) croissant entre 2 itérées successives
       Itération 07 : écart en DZ = 0.572891E-02 ; écart en DQ = 0.714885E-01
       Itération 08 : écart en DZ = 0.136770E-01 ; écart en DQ = 0.170070E+00
       Z : Pm   39366.00 du bief   4 ; Q : Pm   39366.00 du bief   4
 Err001 à  02:01:15:10 + 5.000 : DIVERGENCE des itérations (Debord)
       écart relatif (à Ymax et Qmax) croissant entre 2 itérées successives
       Itération 07 : écart en DZ = 0.546573E-02 ; écart en DQ = 0.681831E-01
       Itération 08 : écart en DZ = 0.130163E-01 ; écart en DQ = 0.161830E+00
       Z : Pm   39366.00 du bief   4 ; Q : Pm   39366.00 du bief   4
 Err001 à  02:01:15:15 + 5.000 : DIVERGENCE des itérations (Debord)
       écart relatif (à Ymax et Qmax) croissant entre 2 itérées successives
       Itération 07 : écart en DZ = 0.528140E-02 ; écart en DQ = 0.658639E-01
       Itération 08 : écart en DZ = 0.125488E-01 ; écart en DQ = 0.155990E+00
       Z : Pm   39366.00 du bief   4 ; Q : Pm   39366.00 du bief   4
 Err001 à  02:03:50:00 + 600 : DIVERGENCE des itérations (Debord)
       écart relatif (à Ymax et Qmax) croissant entre 2 itérées successives
       Itération 08 : écart en DZ = 0.674542E-01 ; écart en DQ = 0.150703E+00
       Itération 09 : écart en DZ = 0.692258E-01 ; écart en DQ = 0.664730E-01
       Z : Pm   39316.00 du bief   4 ; Q : Pm   39416.00 du bief   4
 Err010 à  02:03:52:00              : INSTABILITÉ NUMÉRIQUE (Froude grand)
       Froude = 0.59E+01 au Pm   39316.00 du Bief 004
       Vitesse = 13.688 Largeur =   89.389 Section =    49.40 Hauteur =  1.547
 Err010 à  02:03:50:24              : INSTABILITÉ NUMÉRIQUE (Froude grand)
       Froude = 0.47E+01 au Pm   39049.00 du Bief 004
       Vitesse = 15.421 Largeur =   61.217 Section =    68.36 Hauteur =  2.312
 Err001 à  02:03:50:00 + 4.000 : DIVERGENCE des itérations (Debord)
       écart relatif (à Ymax et Qmax) croissant entre 2 itérées successives
       Itération 07 : écart en DZ = 0.236477E-03 ; écart en DQ = 0.250274E-02
       Itération 08 : écart en DZ = 0.337482E-03 ; écart en DQ = 0.357236E-02
       Z : Pm   39366.00 du bief   4 ; Q : Pm   39366.00 du bief   4
 Err001 à  02:03:50:05 + 5.000 : DIVERGENCE des itérations (Debord)
       écart relatif (à Ymax et Qmax) croissant entre 2 itérées successives
       Itération 07 : écart en DZ = 0.100842E-02 ; écart en DQ = 0.112741E-01
       Itération 08 : écart en DZ = 0.182715E-02 ; écart en DQ = 0.204448E-01
       Z : Pm   39366.00 du bief   4 ; Q : Pm   39366.00 du bief   4
 Err001 à  02:03:50:10 + 5.000 : DIVERGENCE des itérations (Debord)
       écart relatif (à Ymax et Qmax) croissant entre 2 itérées successives
       Itération 07 : écart en DZ = 0.835060E-03 ; écart en DQ = 0.933850E-02
       Itération 08 : écart en DZ = 0.151728E-02 ; écart en DQ = 0.169793E-01
       Z : Pm   39366.00 du bief   4 ; Q : Pm   39366.00 du bief   4
 Err010 à  02:03:50:20              : INSTABILITÉ NUMÉRIQUE (Froude grand)
       Froude = 0.12E+10 au Pm   39316.00 du Bief 004
       Vitesse = ****** Largeur =    0.054 Section =     0.00 Hauteur =  0.001
 Err010 à  02:03:50:25              : INSTABILITÉ NUMÉRIQUE (Froude grand)
       Froude = 0.12E+10 au Pm   39316.00 du Bief 004
       Vitesse = ****** Largeur =    0.054 Section =     0.00 Hauteur =  0.001
 Err010 à  02:03:50:30              : INSTABILITÉ NUMÉRIQUE (Froude grand)
       Froude = 0.13E+10 au Pm   39316.00 du Bief 004
       Vitesse = ****** Largeur =    0.054 Section =     0.00 Hauteur =  0.001
 Err010 à  02:03:50:35              : INSTABILITÉ NUMÉRIQUE (Froude grand)
       Froude = 0.30E+02 au Pm   39316.00 du Bief 004
       Vitesse = 65.645 Largeur =   48.643 Section =    24.26 Hauteur =  1.197
 Err010 à  02:03:50:40              : INSTABILITÉ NUMÉRIQUE (Froude grand)
       Froude = 0.85E+03 au Pm   39316.00 du Bief 004
       Vitesse = ****** Largeur =   11.480 Section =     1.90 Hauteur =  0.287
 Err010 à  02:03:50:45              : INSTABILITÉ NUMÉRIQUE (Froude grand)
       Froude = 0.13E+10 au Pm   39316.00 du Bief 004
       Vitesse = ****** Largeur =    0.054 Section =     0.00 Hauteur =  0.001
 Err010 à  02:03:50:50              : INSTABILITÉ NUMÉRIQUE (Froude grand)
       Froude = 0.13E+10 au Pm   39316.00 du Bief 004
       Vitesse = ****** Largeur =    0.054 Section =     0.00 Hauteur =  0.001
 Err010 à  02:03:50:55              : INSTABILITÉ NUMÉRIQUE (Froude grand)
       Froude = 0.13E+10 au Pm   39316.00 du Bief 004
       Vitesse = ****** Largeur =    0.054 Section =     0.00 Hauteur =  0.001
 Err010 à  02:03:51:00              : INSTABILITÉ NUMÉRIQUE (Froude grand)
       Froude = 0.15E+04 au Pm   39316.00 du Bief 004
       Vitesse = ****** Largeur =    9.674 Section =     1.24 Hauteur =  0.224
 Err010 à  02:03:51:05              : INSTABILITÉ NUMÉRIQUE (Froude grand)
       Froude = 0.71E+03 au Pm   39316.00 du Bief 004
       Vitesse = ****** Largeur =   12.118 Section =     2.16 Hauteur =  0.309
 Err010 à  02:03:51:10              : INSTABILITÉ NUMÉRIQUE (Froude grand)
       Froude = 0.12E+10 au Pm   39316.00 du Bief 004
       Vitesse = ****** Largeur =    0.054 Section =     0.00 Hauteur =  0.001
 Err010 à  02:03:51:15              : INSTABILITÉ NUMÉRIQUE (Froude grand)
       Froude = 0.13E+10 au Pm   39316.00 du Bief 004
       Vitesse = ****** Largeur =    0.054 Section =     0.00 Hauteur =  0.001
 Err010 à  02:03:51:20              : INSTABILITÉ NUMÉRIQUE (Froude grand)
       Froude = 0.14E+10 au Pm   39316.00 du Bief 004
       Vitesse = ****** Largeur =    0.054 Section =     0.00 Hauteur =  0.001
 Err010 à  02:03:51:25              : INSTABILITÉ NUMÉRIQUE (Froude grand)
       Froude = 0.13E+10 au Pm   39316.00 du Bief 004
       Vitesse = ****** Largeur =    0.054 Section =     0.00 Hauteur =  0.001
 Err010 à  02:03:51:30              : INSTABILITÉ NUMÉRIQUE (Froude grand)
       Froude = 0.12E+10 au Pm   39316.00 du Bief 004
       Vitesse = ****** Largeur =    0.054 Section =     0.00 Hauteur =  0.001
 Err010 à  02:03:51:35              : INSTABILITÉ NUMÉRIQUE (Froude grand)
       Froude = 0.12E+10 au Pm   39316.00 du Bief 004
       Vitesse = ****** Largeur =    0.054 Section =     0.00 Hauteur =  0.001
 Err010 à  02:03:51:40              : INSTABILITÉ NUMÉRIQUE (Froude grand)
       Froude = 0.11E+10 au Pm   39316.00 du Bief 004
       Vitesse = ****** Largeur =    0.054 Section =     0.00 Hauteur =  0.001
 Err010 à  02:03:51:45              : INSTABILITÉ NUMÉRIQUE (Froude grand)
       Froude = 0.41E+03 au Pm   39316.00 du Bief 004
       Vitesse = ****** Largeur =   14.053 Section =     3.04 Hauteur =  0.376
 Err010 à  02:03:51:50              : INSTABILITÉ NUMÉRIQUE (Froude grand)
       Froude = 0.28E+02 au Pm   39316.00 du Bief 004
       Vitesse = 62.047 Largeur =   44.352 Section =    22.17 Hauteur =  1.152
 Err010 à  02:03:51:55              : INSTABILITÉ NUMÉRIQUE (Froude grand)
       Froude = 0.29E+01 au Pm   39316.00 du Bief 004
       Vitesse =  8.844 Largeur =   99.839 Section =    97.89 Hauteur =  2.059
 Err010 à  02:03:52:00              : INSTABILITÉ NUMÉRIQUE (Froude grand)
       Froude = 0.98E+02 au Pm   39366.00 du Bief 004
       Vitesse = ****** Largeur =   28.485 Section =    16.52 Hauteur =  1.025
 Err010 à  02:03:52:05              : INSTABILITÉ NUMÉRIQUE (Froude grand)
       Froude = 0.23E+10 au Pm   39366.00 du Bief 004
       Vitesse = ****** Largeur =    0.049 Section =     0.00 Hauteur =  0.001
 Err010 à  02:03:52:10              : INSTABILITÉ NUMÉRIQUE (Froude grand)
       Froude = 0.24E+10 au Pm   39366.00 du Bief 004
       Vitesse = ****** Largeur =    0.049 Section =     0.00 Hauteur =  0.001
 Err010 à  02:03:52:15              : INSTABILITÉ NUMÉRIQUE (Froude grand)
       Froude = 0.28E+10 au Pm   39366.00 du Bief 004
       Vitesse = ****** Largeur =    0.049 Section =     0.00 Hauteur =  0.001
 Err010 à  02:03:52:20              : INSTABILITÉ NUMÉRIQUE (Froude grand)
       Froude = 0.35E+10 au Pm   39366.00 du Bief 004
       Vitesse = ****** Largeur =    0.049 Section =     0.00 Hauteur =  0.001
 Err010 à  02:03:52:25              : INSTABILITÉ NUMÉRIQUE (Froude grand)
       Froude = 0.24E+01 au Pm   39266.00 du Bief 004
       Vitesse =  7.977 Largeur =  100.407 Section =   109.00 Hauteur =  2.171
 Err010 à  02:03:52:30              : INSTABILITÉ NUMÉRIQUE (Froude grand)
       Froude = 0.34E+01 au Pm   39266.00 du Bief 004
       Vitesse = 10.490 Largeur =   93.378 Section =    90.82 Hauteur =  1.993
 Err010 à  02:03:52:35              : INSTABILITÉ NUMÉRIQUE (Froude grand)
       Froude = 0.28E+01 au Pm   39266.00 du Bief 004
       Vitesse =  8.958 Largeur =   93.378 Section =    99.17 Hauteur =  2.082
 Err010 à  02:03:52:40              : INSTABILITÉ NUMÉRIQUE (Froude grand)
       Froude = 0.14E+11 au Pm   39366.00 du Bief 004
       Vitesse = ****** Largeur =    0.049 Section =     0.00 Hauteur =  0.001
 Err010 à  02:03:52:45              : INSTABILITÉ NUMÉRIQUE (Froude grand)
       Froude = 0.27E+02 au Pm   39316.00 du Bief 004
       Vitesse = 65.749 Largeur =   30.170 Section =    17.74 Hauteur =  1.022
 Err010 à  02:03:52:50              : INSTABILITÉ NUMÉRIQUE (Froude grand)
       Froude = 0.18E+02 au Pm   39216.00 du Bief 004
       Vitesse = 44.811 Largeur =   54.471 Section =    34.54 Hauteur =  1.247
 Err010 à  02:03:52:55              : INSTABILITÉ NUMÉRIQUE (Froude grand)
       Froude = 0.31E+01 au Pm   39107.00 du Bief 004
       Vitesse = 10.714 Largeur =   90.510 Section =    97.83 Hauteur =  2.318
 Err010 à  02:03:53:00              : INSTABILITÉ NUMÉRIQUE (Froude grand)
       Froude = 0.13E+10 au Pm   39107.00 du Bief 004
       Vitesse = ****** Largeur =    0.056 Section =     0.00 Hauteur =  0.001
 Err010 à  02:03:53:05              : INSTABILITÉ NUMÉRIQUE (Froude grand)
       Froude = 0.18E+01 au Pm   38991.00 du Bief 004
       Vitesse =  7.121 Largeur =   82.839 Section =   127.69 Hauteur =  3.282
 Err010 à  02:03:53:10              : INSTABILITÉ NUMÉRIQUE (Froude grand)
       Froude = 0.11E+02 au Pm   38991.00 du Bief 004
       Vitesse = 34.767 Largeur =   46.397 Section =    44.75 Hauteur =  2.018
 Err010 à  02:03:53:15              : INSTABILITÉ NUMÉRIQUE (Froude grand)
       Froude = 0.22E+10 au Pm   38991.00 du Bief 004
       Vitesse = ****** Largeur =    0.034 Section =     0.00 Hauteur =  0.001
 Err010 à  02:03:53:20              : INSTABILITÉ NUMÉRIQUE (Froude grand)
       Froude = 0.42E+10 au Pm   38991.00 du Bief 004
       Vitesse = ****** Largeur =    0.034 Section =     0.00 Hauteur =  0.001
 Err010 à  02:03:53:25              : INSTABILITÉ NUMÉRIQUE (Froude grand)
       Froude = 0.57E+01 au Pm   38891.00 du Bief 004
       Vitesse = 18.583 Largeur =   60.185 Section =    64.72 Hauteur =  2.214
 Err010 à  02:03:53:30              : INSTABILITÉ NUMÉRIQUE (Froude grand)
       Froude = 0.27E+10 au Pm   38891.00 du Bief 004
       Vitesse = ****** Largeur =    0.030 Section =     0.00 Hauteur =  0.001
 Err010 à  02:03:53:35              : INSTABILITÉ NUMÉRIQUE (Froude grand)
       Froude = 0.37E+01 au Pm   38791.00 du Bief 004
       Vitesse = 13.152 Largeur =   60.317 Section =    76.62 Hauteur =  2.222
 Err010 à  02:03:53:40              : INSTABILITÉ NUMÉRIQUE (Froude grand)
       Froude = 0.31E+01 au Pm   38666.00 du Bief 004
       Vitesse =  9.945 Largeur =   92.450 Section =    94.02 Hauteur =  2.036
 Err010 à  02:03:53:45              : INSTABILITÉ NUMÉRIQUE (Froude grand)
       Froude = 0.89E+01 au Pm   38416.00 du Bief 004
       Vitesse = 26.257 Largeur =   49.842 Section =    43.80 Hauteur =  1.383
 Err010 à  02:03:53:50              : INSTABILITÉ NUMÉRIQUE (Froude grand)
       Froude = 0.23E+01 au Pm   36849.00 du Bief 006
       Vitesse =  6.821 Largeur =   84.763 Section =    75.45 Hauteur =  1.277
 Err010 à  02:03:53:55              : INSTABILITÉ NUMÉRIQUE (Froude grand)
       Froude = 0.31E+01 au Pm   36849.00 du Bief 006
       Vitesse =  8.561 Largeur =   82.623 Section =    65.06 Hauteur =  1.153
 Err010 à  02:03:54:00              : INSTABILITÉ NUMÉRIQUE (Froude grand)
       Froude = 0.44E+01 au Pm   36849.00 du Bief 006
       Vitesse = 11.254 Largeur =   79.791 Section =    53.72 Hauteur =  1.013
 Err010 à  02:03:54:05              : INSTABILITÉ NUMÉRIQUE (Froude grand)
       Froude = 0.16E+01 au Pm   39266.00 du Bief 004
       Vitesse =  6.053 Largeur =  103.369 Section =   144.77 Hauteur =  2.521
 Err010 à  02:03:54:10              : INSTABILITÉ NUMÉRIQUE (Froude grand)
       Froude = 0.17E+01 au Pm   39266.00 du Bief 004
       Vitesse =  6.477 Largeur =  103.103 Section =   139.54 Hauteur =  2.470
 Err010 à  02:03:54:15              : INSTABILITÉ NUMÉRIQUE (Froude grand)
       Froude = 0.19E+01 au Pm   39266.00 du Bief 004
       Vitesse =  6.948 Largeur =  102.828 Section =   134.15 Hauteur =  2.418
 Err010 à  02:03:54:20              : INSTABILITÉ NUMÉRIQUE (Froude grand)
       Froude = 0.20E+01 au Pm   39266.00 du Bief 004
       Vitesse =  7.479 Largeur =  102.543 Section =   128.56 Hauteur =  2.363
 Err010 à  02:03:54:25              : INSTABILITÉ NUMÉRIQUE (Froude grand)
       Froude = 0.22E+01 au Pm   39266.00 du Bief 004
       Vitesse =  8.082 Largeur =  102.246 Section =   122.75 Hauteur =  2.307
 Err010 à  02:03:54:30              : INSTABILITÉ NUMÉRIQUE (Froude grand)
       Froude = 0.25E+01 au Pm   39266.00 du Bief 004
       Vitesse =  8.775 Largeur =  101.493 Section =   116.71 Hauteur =  2.247
 Err010 à  02:03:54:35              : INSTABILITÉ NUMÉRIQUE (Froude grand)
       Froude = 0.28E+01 au Pm   39266.00 du Bief 004
       Vitesse =  9.575 Largeur =  100.613 Section =   110.45 Hauteur =  2.186
 Err010 à  02:03:54:40              : INSTABILITÉ NUMÉRIQUE (Froude grand)
       Froude = 0.31E+01 au Pm   39266.00 du Bief 004
       Vitesse = 10.506 Largeur =   99.694 Section =   103.99 Hauteur =  2.121
 Err010 à  02:03:54:45              : INSTABILITÉ NUMÉRIQUE (Froude grand)
       Froude = 0.37E+01 au Pm   39266.00 du Bief 004
       Vitesse = 11.696 Largeur =   93.378 Section =    96.51 Hauteur =  2.054
 Err010 à  02:03:54:50              : INSTABILITÉ NUMÉRIQUE (Froude grand)
       Froude = 0.42E+01 au Pm   39266.00 du Bief 004
       Vitesse = 12.964 Largeur =   93.378 Section =    89.98 Hauteur =  1.984
 Err010 à  02:03:54:55              : INSTABILITÉ NUMÉRIQUE (Froude grand)
       Froude = 0.49E+01 au Pm   39266.00 du Bief 004
       Vitesse = 14.495 Largeur =   93.378 Section =    83.19 Hauteur =  1.911
 Err010 à  02:03:55:00              : INSTABILITÉ NUMÉRIQUE (Froude grand)
       Froude = 0.58E+01 au Pm   39266.00 du Bief 004
       Vitesse = 16.378 Largeur =   93.378 Section =    76.12 Hauteur =  1.835
 Err010 à  02:03:55:05              : INSTABILITÉ NUMÉRIQUE (Froude grand)
       Froude = 0.69E+01 au Pm   39266.00 du Bief 004
       Vitesse = 18.750 Largeur =   92.470 Section =    68.76 Hauteur =  1.757
 Err010 à  02:03:55:10              : INSTABILITÉ NUMÉRIQUE (Froude grand)
       Froude = 0.84E+01 au Pm   39266.00 du Bief 004
       Vitesse = 21.763 Largeur =   89.553 Section =    61.28 Hauteur =  1.674
 Err010 à  02:03:55:15              : INSTABILITÉ NUMÉRIQUE (Froude grand)
       Froude = 0.10E+02 au Pm   39266.00 du Bief 004
       Vitesse = 25.679 Largeur =   86.709 Section =    53.74 Hauteur =  1.589
 Err010 à  02:03:55:20              : INSTABILITÉ NUMÉRIQUE (Froude grand)
       Froude = 0.12E+02 au Pm   39266.00 du Bief 004
       Vitesse = 30.673 Largeur =   71.078 Section =    46.56 Hauteur =  1.499
 Err010 à  02:03:55:25              : INSTABILITÉ NUMÉRIQUE (Froude grand)
       Froude = 0.15E+02 au Pm   39266.00 du Bief 004
       Vitesse = 36.552 Largeur =   62.869 Section =    40.45 Hauteur =  1.406
 Err010 à  02:03:55:30              : INSTABILITÉ NUMÉRIQUE (Froude grand)
       Froude = 0.18E+02 au Pm   39266.00 du Bief 004
       Vitesse = 44.320 Largeur =   58.486 Section =    34.54 Hauteur =  1.309
 Err010 à  02:03:55:35              : INSTABILITÉ NUMÉRIQUE (Froude grand)
       Froude = 0.24E+02 au Pm   39266.00 du Bief 004
       Vitesse = 54.956 Largeur =   53.270 Section =    28.86 Hauteur =  1.207
 Err010 à  02:03:55:40              : INSTABILITÉ NUMÉRIQUE (Froude grand)
       Froude = 0.31E+02 au Pm   39266.00 du Bief 004
       Vitesse = 69.854 Largeur =   46.810 Section =    23.52 Hauteur =  1.101
 Err010 à  02:03:55:45              : INSTABILITÉ NUMÉRIQUE (Froude grand)
       Froude = 0.42E+02 au Pm   39266.00 du Bief 004
       Vitesse = 90.728 Largeur =   38.621 Section =    18.77 Hauteur =  0.990
 Err010 à  02:03:55:50              : INSTABILITÉ NUMÉRIQUE (Froude grand)
       Froude = 0.53E+02 au Pm   39266.00 du Bief 004
       Vitesse = ****** Largeur =   30.013 Section =    14.95 Hauteur =  0.874
 Err010 à  02:03:55:55              : INSTABILITÉ NUMÉRIQUE (Froude grand)
       Froude = 0.77E+02 au Pm   39266.00 du Bief 004
       Vitesse = ****** Largeur =   26.709 Section =    11.51 Hauteur =  0.753
 Err010 à  02:03:56:00              : INSTABILITÉ NUMÉRIQUE (Froude grand)
       Froude = 0.13E+03 au Pm   39266.00 du Bief 004
       Vitesse = ****** Largeur =   24.182 Section =     8.28 Hauteur =  0.625
 Err010 à  02:03:56:05              : INSTABILITÉ NUMÉRIQUE (Froude grand)
       Froude = 0.25E+03 au Pm   39266.00 du Bief 004
       Vitesse = ****** Largeur =   21.425 Section =     5.21 Hauteur =  0.492
 Err010 à  02:03:56:10              : INSTABILITÉ NUMÉRIQUE (Froude grand)
       Froude = 0.50E+03 au Pm   39266.00 du Bief 004
       Vitesse = ****** Largeur =   13.759 Section =     2.85 Hauteur =  0.351
 Err010 à  02:03:56:15              : INSTABILITÉ NUMÉRIQUE (Froude grand)
       Froude = 0.18E+04 au Pm   39266.00 du Bief 004
       Vitesse = ****** Largeur =    9.513 Section =     1.13 Hauteur =  0.204
 Err010 à  02:03:56:20              : INSTABILITÉ NUMÉRIQUE (Froude grand)
       Froude = 0.66E+05 au Pm   39266.00 du Bief 004
       Vitesse = ****** Largeur =    2.882 Section =     0.07 Hauteur =  0.048
 Err010 à  02:03:56:25              : INSTABILITÉ NUMÉRIQUE (Froude grand)
       Froude = 0.11E+10 au Pm   39266.00 du Bief 004
       Vitesse = ****** Largeur =    0.060 Section =     0.00 Hauteur =  0.001
 Err010 à  02:03:56:30              : INSTABILITÉ NUMÉRIQUE (Froude grand)
       Froude = 0.11E+10 au Pm   39266.00 du Bief 004
       Vitesse = ****** Largeur =    0.060 Section =     0.00 Hauteur =  0.001
 Err010 à  02:03:56:35              : INSTABILITÉ NUMÉRIQUE (Froude grand)
       Froude = 0.12E+10 au Pm   39266.00 du Bief 004
       Vitesse = ****** Largeur =    0.060 Section =     0.00 Hauteur =  0.001
 Err010 à  02:03:56:40              : INSTABILITÉ NUMÉRIQUE (Froude grand)
       Froude = 0.12E+10 au Pm   39266.00 du Bief 004
       Vitesse = ****** Largeur =    0.060 Section =     0.00 Hauteur =  0.001
 Err010 à  02:03:56:45              : INSTABILITÉ NUMÉRIQUE (Froude grand)
       Froude = 0.13E+10 au Pm   39266.00 du Bief 004
       Vitesse = ****** Largeur =    0.060 Section =     0.00 Hauteur =  0.001
 Err010 à  02:03:56:50              : INSTABILITÉ NUMÉRIQUE (Froude grand)
       Froude = 0.13E+10 au Pm   39266.00 du Bief 004
       Vitesse = ****** Largeur =    0.060 Section =     0.00 Hauteur =  0.001
 Err010 à  02:03:56:55              : INSTABILITÉ NUMÉRIQUE (Froude grand)
       Froude = 0.14E+10 au Pm   39266.00 du Bief 004
       Vitesse = ****** Largeur =    0.060 Section =     0.00 Hauteur =  0.001
 Err010 à  02:03:57:00              : INSTABILITÉ NUMÉRIQUE (Froude grand)
       Froude = 0.15E+10 au Pm   39266.00 du Bief 004
       Vitesse = ****** Largeur =    0.060 Section =     0.00 Hauteur =  0.001
 Err010 à  02:03:57:05              : INSTABILITÉ NUMÉRIQUE (Froude grand)
       Froude = 0.16E+01 au Pm   39316.00 du Bief 004
       Vitesse =  5.991 Largeur =  100.372 Section =   147.86 Hauteur =  2.557
 Err010 à  02:03:57:10              : INSTABILITÉ NUMÉRIQUE (Froude grand)
       Froude = 0.17E+01 au Pm   39316.00 du Bief 004
       Vitesse =  6.316 Largeur =  100.372 Section =   143.68 Hauteur =  2.515
 Err010 à  02:03:57:15              : INSTABILITÉ NUMÉRIQUE (Froude grand)
       Froude = 0.18E+01 au Pm   39316.00 du Bief 004
       Vitesse =  6.671 Largeur =  100.372 Section =   139.38 Hauteur =  2.473
 Err010 à  02:03:57:20              : INSTABILITÉ NUMÉRIQUE (Froude grand)
       Froude = 0.19E+01 au Pm   39316.00 du Bief 004
       Vitesse =  7.060 Largeur =  100.372 Section =   134.95 Hauteur =  2.428
 Err010 à  02:03:57:25              : INSTABILITÉ NUMÉRIQUE (Froude grand)
       Froude = 0.21E+01 au Pm   39316.00 du Bief 004
       Vitesse =  7.484 Largeur =  100.372 Section =   130.44 Hauteur =  2.383
 Err010 à  02:03:57:30              : INSTABILITÉ NUMÉRIQUE (Froude grand)
       Froude = 0.23E+01 au Pm   39316.00 du Bief 004
       Vitesse =  7.952 Largeur =  100.372 Section =   125.79 Hauteur =  2.337
 Err010 à  02:03:57:35              : INSTABILITÉ NUMÉRIQUE (Froude grand)
       Froude = 0.25E+01 au Pm   39316.00 du Bief 004
       Vitesse =  8.470 Largeur =  100.372 Section =   121.01 Hauteur =  2.290
 Err010 à  02:03:57:40              : INSTABILITÉ NUMÉRIQUE (Froude grand)
       Froude = 0.27E+01 au Pm   39316.00 du Bief 004
       Vitesse =  9.043 Largeur =  100.372 Section =   116.13 Hauteur =  2.241
 Err010 à  02:03:57:45              : INSTABILITÉ NUMÉRIQUE (Froude grand)
       Froude = 0.29E+01 au Pm   39316.00 du Bief 004
       Vitesse =  9.682 Largeur =  100.372 Section =   111.14 Hauteur =  2.191
 Err010 à  02:03:57:50              : INSTABILITÉ NUMÉRIQUE (Froude grand)
       Froude = 0.32E+01 au Pm   39316.00 du Bief 004
       Vitesse = 10.402 Largeur =  100.372 Section =   106.01 Hauteur =  2.140
 Err010 à  02:03:57:55              : INSTABILITÉ NUMÉRIQUE (Froude grand)
       Froude = 0.36E+01 au Pm   39316.00 du Bief 004
       Vitesse = 11.215 Largeur =  100.372 Section =   100.75 Hauteur =  2.088
 Err010 à  02:03:58:00              : INSTABILITÉ NUMÉRIQUE (Froude grand)
       Froude = 0.40E+01 au Pm   39316.00 du Bief 004
       Vitesse = 12.131 Largeur =   99.326 Section =    95.42 Hauteur =  2.034
 Err010 à  02:03:58:05              : INSTABILITÉ NUMÉRIQUE (Froude grand)
       Froude = 0.44E+01 au Pm   39316.00 du Bief 004
       Vitesse = 13.172 Largeur =   98.195 Section =    90.03 Hauteur =  1.980
 Err010 à  02:03:58:10              : INSTABILITÉ NUMÉRIQUE (Froude grand)
       Froude = 0.49E+01 au Pm   39316.00 du Bief 004
       Vitesse = 14.368 Largeur =   97.035 Section =    84.56 Hauteur =  1.924
 Err010 à  02:03:58:15              : INSTABILITÉ NUMÉRIQUE (Froude grand)
       Froude = 0.55E+01 au Pm   39316.00 du Bief 004
       Vitesse = 15.747 Largeur =   95.850 Section =    79.04 Hauteur =  1.867
 Err010 à  02:03:58:20              : INSTABILITÉ NUMÉRIQUE (Froude grand)
       Froude = 0.63E+01 au Pm   39316.00 du Bief 004
       Vitesse = 17.347 Largeur =   94.674 Section =    73.49 Hauteur =  1.808
 Err010 à  02:03:58:25              : INSTABILITÉ NUMÉRIQUE (Froude grand)
       Froude = 0.72E+01 au Pm   39316.00 du Bief 004
       Vitesse = 19.228 Largeur =   93.483 Section =    67.91 Hauteur =  1.749
 Err010 à  02:03:58:30              : INSTABILITÉ NUMÉRIQUE (Froude grand)
       Froude = 0.83E+01 au Pm   39316.00 du Bief 004
       Vitesse = 21.474 Largeur =   92.265 Section =    62.27 Hauteur =  1.688
 Err010 à  02:03:58:35              : INSTABILITÉ NUMÉRIQUE (Froude grand)
       Froude = 0.98E+01 au Pm   39316.00 du Bief 004
       Vitesse = 24.200 Largeur =   91.021 Section =    56.59 Hauteur =  1.626
 Err010 à  02:03:58:40              : INSTABILITÉ NUMÉRIQUE (Froude grand)
       Froude = 0.12E+02 au Pm   39316.00 du Bief 004
       Vitesse = 27.553 Largeur =   89.736 Section =    50.89 Hauteur =  1.563
 Err010 à  02:03:58:45              : INSTABILITÉ NUMÉRIQUE (Froude grand)
       Froude = 0.14E+02 au Pm   39316.00 du Bief 004
       Vitesse = 31.767 Largeur =   88.401 Section =    45.18 Hauteur =  1.499
 Err010 à  02:03:58:50              : INSTABILITÉ NUMÉRIQUE (Froude grand)
       Froude = 0.17E+02 au Pm   39316.00 du Bief 004
       Vitesse = 37.219 Largeur =   85.157 Section =    39.47 Hauteur =  1.434
 Err010 à  02:03:58:55              : INSTABILITÉ NUMÉRIQUE (Froude grand)
       Froude = 0.20E+02 au Pm   39316.00 du Bief 004
       Vitesse = 43.783 Largeur =   72.669 Section =    34.34 Hauteur =  1.368
 Err010 à  02:03:59:00              : INSTABILITÉ NUMÉRIQUE (Froude grand)
       Froude = 0.24E+02 au Pm   39316.00 du Bief 004
       Vitesse = 51.634 Largeur =   62.245 Section =    29.79 Hauteur =  1.300
 Err010 à  02:03:59:05              : INSTABILITÉ NUMÉRIQUE (Froude grand)
       Froude = 0.27E+02 au Pm   39316.00 du Bief 004
       Vitesse = 60.584 Largeur =   51.056 Section =    25.98 Hauteur =  1.232
 Err010 à  02:03:59:10              : INSTABILITÉ NUMÉRIQUE (Froude grand)
       Froude = 0.32E+02 au Pm   39316.00 du Bief 004
       Vitesse = 71.175 Largeur =   45.358 Section =    22.62 Hauteur =  1.162
 Err010 à  02:03:59:15              : INSTABILITÉ NUMÉRIQUE (Froude grand)
       Froude = 0.34E+02 au Pm   39316.00 du Bief 004
       Vitesse = 82.472 Largeur =   32.496 Section =    19.96 Hauteur =  1.092
 Err010 à  02:03:59:20              : INSTABILITÉ NUMÉRIQUE (Froude grand)
       Froude = 0.39E+02 au Pm   39316.00 du Bief 004
       Vitesse = 94.870 Largeur =   30.163 Section =    17.74 Hauteur =  1.021
 Err010 à  02:03:59:25              : INSTABILITÉ NUMÉRIQUE (Froude grand)
       Froude = 0.47E+02 au Pm   39316.00 du Bief 004
       Vitesse = ****** Largeur =   28.163 Section =    15.64 Hauteur =  0.949
 Err010 à  02:03:59:30              : INSTABILITÉ NUMÉRIQUE (Froude grand)
       Froude = 0.64E+01 au Pm   39316.00 du Bief 004
       Vitesse = 17.525 Largeur =   94.591 Section =    73.10 Hauteur =  1.804
 Err010 à  02:03:59:35              : INSTABILITÉ NUMÉRIQUE (Froude grand)
       Froude = 0.54E+01 au Pm   39316.00 du Bief 004
       Vitesse = 15.356 Largeur =   96.204 Section =    80.68 Hauteur =  1.884
 Err010 à  02:03:59:40              : INSTABILITÉ NUMÉRIQUE (Froude grand)
       Froude = 0.46E+01 au Pm   39316.00 du Bief 004
       Vitesse = 13.627 Largeur =   97.763 Section =    87.99 Hauteur =  1.959
 Err010 à  02:03:59:45              : INSTABILITÉ NUMÉRIQUE (Froude grand)
       Froude = 0.40E+01 au Pm   39316.00 du Bief 004
       Vitesse = 12.232 Largeur =   99.228 Section =    94.95 Hauteur =  2.030
 Err010 à  02:03:59:50              : INSTABILITÉ NUMÉRIQUE (Froude grand)
       Froude = 0.35E+01 au Pm   39316.00 du Bief 004
       Vitesse = 11.093 Largeur =  100.372 Section =   101.54 Hauteur =  2.096
 Err010 à  02:03:59:55              : INSTABILITÉ NUMÉRIQUE (Froude grand)
       Froude = 0.31E+01 au Pm   39316.00 du Bief 004
       Vitesse = 10.155 Largeur =  100.372 Section =   107.71 Hauteur =  2.157
 Err010 à  02:04:00:00              : INSTABILITÉ NUMÉRIQUE (Froude grand)
       Froude = 0.28E+01 au Pm   39316.00 du Bief 004
       Vitesse =  9.373 Largeur =  100.372 Section =   113.45 Hauteur =  2.214
 Err010 à  02:04:00:05              : INSTABILITÉ NUMÉRIQUE (Froude grand)
       Froude = 0.26E+01 au Pm   39316.00 du Bief 004
       Vitesse =  8.712 Largeur =  100.372 Section =   118.80 Hauteur =  2.268
 Err010 à  02:04:00:10              : INSTABILITÉ NUMÉRIQUE (Froude grand)
       Froude = 0.23E+01 au Pm   39316.00 du Bief 004
       Vitesse =  8.145 Largeur =  100.372 Section =   123.81 Hauteur =  2.317
 Err010 à  02:04:00:15              : INSTABILITÉ NUMÉRIQUE (Froude grand)
       Froude = 0.22E+01 au Pm   39316.00 du Bief 004
       Vitesse =  7.658 Largeur =  100.372 Section =   128.47 Hauteur =  2.364
 Err010 à  02:04:00:20              : INSTABILITÉ NUMÉRIQUE (Froude grand)
       Froude = 0.20E+01 au Pm   39316.00 du Bief 004
       Vitesse =  7.234 Largeur =  100.372 Section =   132.81 Hauteur =  2.407
 Err010 à  02:04:00:25              : INSTABILITÉ NUMÉRIQUE (Froude grand)
       Froude = 0.19E+01 au Pm   39316.00 du Bief 004
       Vitesse =  6.862 Largeur =  100.372 Section =   136.87 Hauteur =  2.448
 Err010 à  02:04:00:30              : INSTABILITÉ NUMÉRIQUE (Froude grand)
       Froude = 0.18E+01 au Pm   39316.00 du Bief 004
       Vitesse =  6.535 Largeur =  100.372 Section =   140.65 Hauteur =  2.485
 Err010 à  02:04:00:35              : INSTABILITÉ NUMÉRIQUE (Froude grand)
       Froude = 0.17E+01 au Pm   39316.00 du Bief 004
       Vitesse =  6.245 Largeur =  100.372 Section =   144.18 Hauteur =  2.520
 Err010 à  02:04:00:40              : INSTABILITÉ NUMÉRIQUE (Froude grand)
       Froude = 0.16E+01 au Pm   39316.00 du Bief 004
       Vitesse =  5.986 Largeur =  100.372 Section =   147.48 Hauteur =  2.553
 Err010 à  02:04:00:45              : INSTABILITÉ NUMÉRIQUE (Froude grand)
       Froude = 0.15E+01 au Pm   39316.00 du Bief 004
       Vitesse =  5.699 Largeur =  106.173 Section =   152.06 Hauteur =  2.584
 Err010 à  02:04:00:50              : INSTABILITÉ NUMÉRIQUE (Froude grand)
       Froude = 0.11E+10 au Pm   39216.00 du Bief 004
       Vitesse = ****** Largeur =    0.068 Section =     0.00 Hauteur =  0.001
 Err010 à  02:04:00:55              : INSTABILITÉ NUMÉRIQUE (Froude grand)
       Froude = 0.10E+10 au Pm   39216.00 du Bief 004
       Vitesse = ****** Largeur =    0.068 Section =     0.00 Hauteur =  0.001
 Err010 à  02:04:01:00              : INSTABILITÉ NUMÉRIQUE (Froude grand)
       Froude = 0.10E+10 au Pm   39216.00 du Bief 004
       Vitesse = ****** Largeur =    0.068 Section =     0.00 Hauteur =  0.001
 Err010 à  02:04:01:05              : INSTABILITÉ NUMÉRIQUE (Froude grand)
       Froude = 0.97E+09 au Pm   39216.00 du Bief 004
       Vitesse = ****** Largeur =    0.068 Section =     0.00 Hauteur =  0.001
 Err010 à  02:04:01:10              : INSTABILITÉ NUMÉRIQUE (Froude grand)
       Froude = 0.94E+09 au Pm   39216.00 du Bief 004
       Vitesse = ****** Largeur =    0.068 Section =     0.00 Hauteur =  0.001
 Err010 à  02:04:01:15              : INSTABILITÉ NUMÉRIQUE (Froude grand)
       Froude = 0.81E+04 au Pm   39216.00 du Bief 004
       Vitesse = ****** Largeur =    7.049 Section =     0.37 Hauteur =  0.105
 Err010 à  02:04:01:20              : INSTABILITÉ NUMÉRIQUE (Froude grand)
       Froude = 0.16E+04 au Pm   39216.00 du Bief 004
       Vitesse = ****** Largeur =   10.036 Section =     1.24 Hauteur =  0.206
 Err010 à  02:04:01:25              : INSTABILITÉ NUMÉRIQUE (Froude grand)
       Froude = 0.69E+03 au Pm   39216.00 du Bief 004
       Vitesse = ****** Largeur =   12.673 Section =     2.26 Hauteur =  0.296
 Err010 à  02:04:01:30              : INSTABILITÉ NUMÉRIQUE (Froude grand)
       Froude = 0.41E+03 au Pm   39216.00 du Bief 004
       Vitesse = ****** Largeur =   14.976 Section =     3.37 Hauteur =  0.376
 Err010 à  02:04:01:35              : INSTABILITÉ NUMÉRIQUE (Froude grand)
       Froude = 0.28E+03 au Pm   39216.00 du Bief 004
       Vitesse = ****** Largeur =   22.982 Section =     4.86 Hauteur =  0.447
 Err010 à  02:04:01:40              : INSTABILITÉ NUMÉRIQUE (Froude grand)
       Froude = 0.19E+03 au Pm   39216.00 du Bief 004
       Vitesse = ****** Largeur =   24.267 Section =     6.33 Hauteur =  0.509
 Err010 à  02:04:01:45              : INSTABILITÉ NUMÉRIQUE (Froude grand)
       Froude = 0.15E+03 au Pm   39216.00 du Bief 004
       Vitesse = ****** Largeur =   25.442 Section =     7.68 Hauteur =  0.564
 Err010 à  02:04:01:50              : INSTABILITÉ NUMÉRIQUE (Froude grand)
       Froude = 0.12E+03 au Pm   39216.00 du Bief 004
       Vitesse = ****** Largeur =   26.689 Section =     8.91 Hauteur =  0.611
 Err010 à  02:04:01:55              : INSTABILITÉ NUMÉRIQUE (Froude grand)
       Froude = 0.12E+04 au Pm   39216.00 du Bief 004
       Vitesse = ****** Largeur =   10.703 Section =     1.47 Hauteur =  0.228
 Err010 à  02:04:02:00              : INSTABILITÉ NUMÉRIQUE (Froude grand)
       Froude = 0.84E+03 au Pm   39216.00 du Bief 004
       Vitesse = ****** Largeur =   11.985 Section =     1.96 Hauteur =  0.272
 Err010 à  02:04:02:05              : INSTABILITÉ NUMÉRIQUE (Froude grand)
       Froude = 0.64E+03 au Pm   39216.00 du Bief 004
       Vitesse = ****** Largeur =   12.965 Section =     2.39 Hauteur =  0.306
 Err010 à  02:04:02:10              : INSTABILITÉ NUMÉRIQUE (Froude grand)
       Froude = 0.54E+03 au Pm   39216.00 du Bief 004
       Vitesse = ****** Largeur =   13.710 Section =     2.74 Hauteur =  0.332
 Err010 à  02:04:02:15              : INSTABILITÉ NUMÉRIQUE (Froude grand)
       Froude = 0.48E+03 au Pm   39216.00 du Bief 004
       Vitesse = ****** Largeur =   14.235 Section =     2.99 Hauteur =  0.350
 Err010 à  02:04:02:20              : INSTABILITÉ NUMÉRIQUE (Froude grand)
       Froude = 0.44E+03 au Pm   39216.00 du Bief 004
       Vitesse = ****** Largeur =   14.541 Section =     3.14 Hauteur =  0.361
 Err010 à  02:04:02:25              : INSTABILITÉ NUMÉRIQUE (Froude grand)
       Froude = 0.44E+03 au Pm   39216.00 du Bief 004
       Vitesse = ****** Largeur =   14.629 Section =     3.19 Hauteur =  0.364
 Err010 à  02:04:02:30              : INSTABILITÉ NUMÉRIQUE (Froude grand)
       Froude = 0.45E+03 au Pm   39216.00 du Bief 004
       Vitesse = ****** Largeur =   14.498 Section =     3.12 Hauteur =  0.359
 Err010 à  02:04:02:35              : INSTABILITÉ NUMÉRIQUE (Froude grand)
       Froude = 0.49E+03 au Pm   39216.00 du Bief 004
       Vitesse = ****** Largeur =   14.140 Section =     2.94 Hauteur =  0.347
 Err010 à  02:04:02:40              : INSTABILITÉ NUMÉRIQUE (Froude grand)
       Froude = 0.56E+03 au Pm   39216.00 du Bief 004
       Vitesse = ****** Largeur =   13.548 Section =     2.66 Hauteur =  0.326
 Err010 à  02:04:02:45              : INSTABILITÉ NUMÉRIQUE (Froude grand)
       Froude = 0.69E+03 au Pm   39216.00 du Bief 004
       Vitesse = ****** Largeur =   12.711 Section =     2.28 Hauteur =  0.297
 Err010 à  02:04:02:50              : INSTABILITÉ NUMÉRIQUE (Froude grand)
       Froude = 0.93E+03 au Pm   39216.00 du Bief 004
       Vitesse = ****** Largeur =   11.609 Section =     1.81 Hauteur =  0.259
 Err010 à  02:04:02:55              : INSTABILITÉ NUMÉRIQUE (Froude grand)
       Froude = 0.15E+04 au Pm   39216.00 du Bief 004
       Vitesse = ****** Largeur =   10.195 Section =     1.29 Hauteur =  0.211
 Err010 à  02:04:03:00              : INSTABILITÉ NUMÉRIQUE (Froude grand)
       Froude = 0.31E+04 au Pm   39216.00 du Bief 004
       Vitesse = ****** Largeur =    8.474 Section =     0.75 Hauteur =  0.153
 Err010 à  02:04:03:05              : INSTABILITÉ NUMÉRIQUE (Froude grand)
       Froude = 0.15E+05 au Pm   39216.00 du Bief 004
       Vitesse = ****** Largeur =    5.647 Section =     0.23 Hauteur =  0.083
 Err010 à  02:04:03:10              : INSTABILITÉ NUMÉRIQUE (Froude grand)
       Froude = 0.94E+09 au Pm   39216.00 du Bief 004
       Vitesse = ****** Largeur =    0.068 Section =     0.00 Hauteur =  0.001
 Err010 à  02:04:03:15              : INSTABILITÉ NUMÉRIQUE (Froude grand)
       Froude = 0.96E+09 au Pm   39216.00 du Bief 004
       Vitesse = ****** Largeur =    0.068 Section =     0.00 Hauteur =  0.001
 Err010 à  02:04:03:20              : INSTABILITÉ NUMÉRIQUE (Froude grand)
       Froude = 0.98E+09 au Pm   39216.00 du Bief 004
       Vitesse = ****** Largeur =    0.068 Section =     0.00 Hauteur =  0.001
 Err010 à  02:04:03:25              : INSTABILITÉ NUMÉRIQUE (Froude grand)
       Froude = 0.10E+10 au Pm   39216.00 du Bief 004
       Vitesse = ****** Largeur =    0.068 Section =     0.00 Hauteur =  0.001
 Err010 à  02:04:03:30              : INSTABILITÉ NUMÉRIQUE (Froude grand)
       Froude = 0.11E+10 au Pm   39216.00 du Bief 004
       Vitesse = ****** Largeur =    0.068 Section =     0.00 Hauteur =  0.001
 Err010 à  02:04:03:35              : INSTABILITÉ NUMÉRIQUE (Froude grand)
       Froude = 0.11E+10 au Pm   39216.00 du Bief 004
       Vitesse = ****** Largeur =    0.068 Section =     0.00 Hauteur =  0.001
 Err010 à  02:04:03:40              : INSTABILITÉ NUMÉRIQUE (Froude grand)
       Froude = 0.15E+01 au Pm   39316.00 du Bief 004
       Vitesse =  5.865 Largeur =  100.372 Section =   148.36 Hauteur =  2.562
 Err010 à  02:04:03:45              : INSTABILITÉ NUMÉRIQUE (Froude grand)
       Froude = 0.16E+01 au Pm   39316.00 du Bief 004
       Vitesse =  6.112 Largeur =  100.372 Section =   145.10 Hauteur =  2.530
 Err010 à  02:04:03:50              : INSTABILITÉ NUMÉRIQUE (Froude grand)
       Froude = 0.17E+01 au Pm   39316.00 du Bief 004
       Vitesse =  6.407 Largeur =  100.372 Section =   141.41 Hauteur =  2.493
 Err010 à  02:04:03:55              : INSTABILITÉ NUMÉRIQUE (Froude grand)
       Froude = 0.18E+01 au Pm   39316.00 du Bief 004
       Vitesse =  6.741 Largeur =  100.372 Section =   137.44 Hauteur =  2.453
 Err010 à  02:04:04:00              : INSTABILITÉ NUMÉRIQUE (Froude grand)
       Froude = 0.20E+01 au Pm   39316.00 du Bief 004
       Vitesse =  7.139 Largeur =  100.372 Section =   133.00 Hauteur =  2.409
 Err010 à  02:04:04:05              : INSTABILITÉ NUMÉRIQUE (Froude grand)
       Froude = 0.22E+01 au Pm   39316.00 du Bief 004
       Vitesse =  7.619 Largeur =  100.372 Section =   128.01 Hauteur =  2.359
 Err010 à  02:04:04:10              : INSTABILITÉ NUMÉRIQUE (Froude grand)
       Froude = 0.24E+01 au Pm   39316.00 du Bief 004
       Vitesse =  8.182 Largeur =  100.372 Section =   122.60 Hauteur =  2.305
 Err010 à  02:04:04:15              : INSTABILITÉ NUMÉRIQUE (Froude grand)
       Froude = 0.26E+01 au Pm   39316.00 du Bief 004
       Vitesse =  8.870 Largeur =  100.372 Section =   116.60 Hauteur =  2.246
 Err010 à  02:04:04:20              : INSTABILITÉ NUMÉRIQUE (Froude grand)
       Froude = 0.30E+01 au Pm   39316.00 du Bief 004
       Vitesse =  9.735 Largeur =  100.372 Section =   109.83 Hauteur =  2.178
 Err010 à  02:04:04:25              : INSTABILITÉ NUMÉRIQUE (Froude grand)
       Froude = 0.34E+01 au Pm   39316.00 du Bief 004
       Vitesse = 10.822 Largeur =  100.372 Section =   102.37 Hauteur =  2.104
 Err010 à  02:04:04:30              : INSTABILITÉ NUMÉRIQUE (Froude grand)
       Froude = 0.40E+01 au Pm   39316.00 du Bief 004
       Vitesse = 12.213 Largeur =   99.070 Section =    94.19 Hauteur =  2.022
 Err010 à  02:04:04:35              : INSTABILITÉ NUMÉRIQUE (Froude grand)
       Froude = 0.48E+01 au Pm   39316.00 du Bief 004
       Vitesse = 14.072 Largeur =   97.162 Section =    85.16 Hauteur =  1.930
 Err010 à  02:04:04:40              : INSTABILITÉ NUMÉRIQUE (Froude grand)
       Froude = 0.60E+01 au Pm   39316.00 du Bief 004
       Vitesse = 16.657 Largeur =   95.031 Section =    75.18 Hauteur =  1.826
 Err010 à  02:04:04:45              : INSTABILITÉ NUMÉRIQUE (Froude grand)
       Froude = 0.78E+01 au Pm   39316.00 du Bief 004
       Vitesse = 20.405 Largeur =   92.711 Section =    64.33 Hauteur =  1.710
 Err010 à  02:04:04:50              : INSTABILITÉ NUMÉRIQUE (Froude grand)
       Froude = 0.11E+02 au Pm   39316.00 du Bief 004
       Vitesse = 26.287 Largeur =   90.108 Section =    52.49 Hauteur =  1.581
 Err010 à  02:04:04:55              : INSTABILITÉ NUMÉRIQUE (Froude grand)
       Froude = 0.17E+02 au Pm   39316.00 du Bief 004
       Vitesse = 36.873 Largeur =   85.253 Section =    39.50 Hauteur =  1.434
 Err010 à  02:04:05:00              : INSTABILITÉ NUMÉRIQUE (Froude grand)
       Froude = 0.25E+02 au Pm   39316.00 du Bief 004
       Vitesse = 55.488 Largeur =   55.459 Section =    27.82 Hauteur =  1.267
 Err010 à  02:04:05:05              : INSTABILITÉ NUMÉRIQUE (Froude grand)
       Froude = 0.35E+02 au Pm   39316.00 du Bief 004
       Vitesse = 84.558 Largeur =   31.920 Section =    19.43 Hauteur =  1.076
 Err010 à  02:04:05:10              : INSTABILITÉ NUMÉRIQUE (Froude grand)
       Froude = 0.60E+02 au Pm   39316.00 du Bief 004
       Vitesse = ****** Largeur =   26.216 Section =    13.17 Hauteur =  0.858
 Err010 à  02:04:05:15              : INSTABILITÉ NUMÉRIQUE (Froude grand)
       Froude = 0.15E+03 au Pm   39316.00 du Bief 004
       Vitesse = ****** Largeur =   21.710 Section =     7.16 Hauteur =  0.608
 Err010 à  02:04:05:20              : INSTABILITÉ NUMÉRIQUE (Froude grand)
       Froude = 0.68E+03 au Pm   39316.00 du Bief 004
       Vitesse = ****** Largeur =   12.337 Section =     2.25 Hauteur =  0.317
 Err010 à  02:04:05:25              : INSTABILITÉ NUMÉRIQUE (Froude grand)
       Froude = 0.12E+10 au Pm   39316.00 du Bief 004
       Vitesse = ****** Largeur =    0.054 Section =     0.00 Hauteur =  0.001
 Err010 à  02:04:05:30              : INSTABILITÉ NUMÉRIQUE (Froude grand)
       Froude = 0.13E+10 au Pm   39316.00 du Bief 004
       Vitesse = ****** Largeur =    0.054 Section =     0.00 Hauteur =  0.001
 Err010 à  02:04:05:35              : INSTABILITÉ NUMÉRIQUE (Froude grand)
       Froude = 0.14E+10 au Pm   39316.00 du Bief 004
       Vitesse = ****** Largeur =    0.054 Section =     0.00 Hauteur =  0.001
 Err010 à  02:04:05:40              : INSTABILITÉ NUMÉRIQUE (Froude grand)
       Froude = 0.16E+10 au Pm   39316.00 du Bief 004
       Vitesse = ****** Largeur =    0.054 Section =     0.00 Hauteur =  0.001
 Err010 à  02:04:05:45              : INSTABILITÉ NUMÉRIQUE (Froude grand)
       Froude = 0.18E+10 au Pm   39316.00 du Bief 004
       Vitesse = ****** Largeur =    0.054 Section =     0.00 Hauteur =  0.001
 Err010 à  02:04:05:50              : INSTABILITÉ NUMÉRIQUE (Froude grand)
       Froude = 0.20E+10 au Pm   39316.00 du Bief 004
       Vitesse = ****** Largeur =    0.054 Section =     0.00 Hauteur =  0.001
 Err010 à  02:04:05:55              : INSTABILITÉ NUMÉRIQUE (Froude grand)
       Froude = 0.23E+10 au Pm   39316.00 du Bief 004
       Vitesse = ****** Largeur =    0.054 Section =     0.00 Hauteur =  0.001
 Err010 à  02:04:06:00              : INSTABILITÉ NUMÉRIQUE (Froude grand)
       Froude = 0.27E+10 au Pm   39316.00 du Bief 004
       Vitesse = ****** Largeur =    0.054 Section =     0.00 Hauteur =  0.001
 Err010 à  02:04:06:05              : INSTABILITÉ NUMÉRIQUE (Froude grand)
       Froude = 0.31E+10 au Pm   39316.00 du Bief 004
       Vitesse = ****** Largeur =    0.054 Section =     0.00 Hauteur =  0.001
 Err010 à  02:04:06:10              : INSTABILITÉ NUMÉRIQUE (Froude grand)
       Froude = 0.17E+01 au Pm   39216.00 du Bief 004
       Vitesse =  6.285 Largeur =  103.946 Section =   137.45 Hauteur =  2.437
 Err010 à  02:04:06:15              : INSTABILITÉ NUMÉRIQUE (Froude grand)
       Froude = 0.29E+01 au Pm   39216.00 du Bief 004
       Vitesse =  9.548 Largeur =  101.577 Section =   107.53 Hauteur =  2.146
 Err010 à  02:04:06:20              : INSTABILITÉ NUMÉRIQUE (Froude grand)
       Froude = 0.63E+01 au Pm   39216.00 du Bief 004
       Vitesse = 18.473 Largeur =   76.507 Section =    67.67 Hauteur =  1.747
 Err010 à  02:04:06:25              : INSTABILITÉ NUMÉRIQUE (Froude grand)
       Froude = 0.21E+02 au Pm   39216.00 du Bief 004
       Vitesse = 50.362 Largeur =   51.886 Section =    31.10 Hauteur =  1.182
 Err010 à  02:04:06:30              : INSTABILITÉ NUMÉRIQUE (Froude grand)
       Froude = 0.48E+03 au Pm   39216.00 du Bief 004
       Vitesse = ****** Largeur =   14.175 Section =     2.96 Hauteur =  0.348
 Err010 à  02:04:06:35              : INSTABILITÉ NUMÉRIQUE (Froude grand)
       Froude = 0.12E+10 au Pm   39216.00 du Bief 004
       Vitesse = ****** Largeur =    0.068 Section =     0.00 Hauteur =  0.001
 Err010 à  02:04:06:40              : INSTABILITÉ NUMÉRIQUE (Froude grand)
       Froude = 0.17E+10 au Pm   39216.00 du Bief 004
       Vitesse = ****** Largeur =    0.068 Section =     0.00 Hauteur =  0.001
 Err010 à  02:04:06:45              : INSTABILITÉ NUMÉRIQUE (Froude grand)
       Froude = 0.36E+01 au Pm   39107.00 du Bief 004
       Vitesse = 12.504 Largeur =   72.061 Section =    86.89 Hauteur =  2.201
 Err010 à  02:04:06:50              : INSTABILITÉ NUMÉRIQUE (Froude grand)
       Froude = 0.16E+01 au Pm   39316.00 du Bief 004
       Vitesse =  6.056 Largeur =  100.372 Section =   145.21 Hauteur =  2.531
 Err010 à  02:04:06:55              : INSTABILITÉ NUMÉRIQUE (Froude grand)
       Froude = 0.59E+01 au Pm   39316.00 du Bief 004
       Vitesse = 16.421 Largeur =   95.153 Section =    75.76 Hauteur =  1.832
 Err010 à  02:04:07:00              : INSTABILITÉ NUMÉRIQUE (Froude grand)
       Froude = 0.39E+03 au Pm   39316.00 du Bief 004
       Vitesse = ****** Largeur =   14.694 Section =     3.39 Hauteur =  0.400
 Err010 à  02:04:07:05              : INSTABILITÉ NUMÉRIQUE (Froude grand)
       Froude = 0.21E+10 au Pm   39316.00 du Bief 004
       Vitesse = ****** Largeur =    0.054 Section =     0.00 Hauteur =  0.001
 Err010 à  02:04:07:10              : INSTABILITÉ NUMÉRIQUE (Froude grand)
       Froude = 0.13E+02 au Pm   39216.00 du Bief 004
       Vitesse = 33.689 Largeur =   60.874 Section =    42.95 Hauteur =  1.392
 Err010 à  02:04:07:15              : INSTABILITÉ NUMÉRIQUE (Froude grand)
       Froude = 0.80E+01 au Pm   38991.00 du Bief 004
       Vitesse = 25.743 Largeur =   51.405 Section =    54.32 Hauteur =  2.214
 Err010 à  02:06:50:00              : INSTABILITÉ NUMÉRIQUE (Froude grand)
       Froude = 0.19E+01 au Pm   39166.00 du Bief 004
       Vitesse =  5.346 Largeur =   62.378 Section =    50.65 Hauteur =  1.464
 Err010 à  02:06:42:00              : INSTABILITÉ NUMÉRIQUE (Froude grand)
       Froude = 0.48E+16 au Pm   37444.00 du Bief 006
       Vitesse = ****** Largeur =    0.014 Section =     0.00 Hauteur =  0.001
 Err001 à  02:06:40:00 + 24.000 : DIVERGENCE des itérations (Debord)
       écart relatif (à Ymax et Qmax) croissant entre 2 itérées successives
       Itération 07 : écart en DZ = 0.442205E-01 ; écart en DQ = 0.347632E+00
       Itération 08 : écart en DZ = 0.103143E+00 ; écart en DQ = 0.766380E+00
       Z : Pm   40406.00 du bief   4 ; Q : Pm   40456.00 du bief   4
 Err001 à  02:06:40:20 + 20.000 : DIVERGENCE des itérations (Debord)
       écart relatif (à Ymax et Qmax) croissant entre 2 itérées successives
       Itération 07 : écart en DZ = 0.845664E-02 ; écart en DQ = 0.696243E-01
       Itération 08 : écart en DZ = 0.164960E-01 ; écart en DQ = 0.134220E+00
       Z : Pm   40406.00 du bief   4 ; Q : Pm   40456.00 du bief   4
 Err001 à  02:06:40:40 + 20.000 : DIVERGENCE des itérations (Debord)
       écart relatif (à Ymax et Qmax) croissant entre 2 itérées successives
       Itération 07 : écart en DZ = 0.811004E-02 ; écart en DQ = 0.667502E-01
       Itération 08 : écart en DZ = 0.157249E-01 ; écart en DQ = 0.127968E+00
       Z : Pm   40406.00 du bief   4 ; Q : Pm   40456.00 du bief   4
 Err001 à  02:06:41:00 + 20.000 : DIVERGENCE des itérations (Debord)
       écart relatif (à Ymax et Qmax) croissant entre 2 itérées successives
       Itération 07 : écart en DZ = 0.778805E-02 ; écart en DQ = 0.640811E-01
       Itération 08 : écart en DZ = 0.150076E-01 ; écart en DQ = 0.122151E+00
       Z : Pm   40406.00 du bief   4 ; Q : Pm   40456.00 du bief   4
 Err001 à  02:06:41:20 + 20.000 : DIVERGENCE des itérations (Debord)
       écart relatif (à Ymax et Qmax) croissant entre 2 itérées successives
       Itération 07 : écart en DZ = 0.745135E-02 ; écart en DQ = 0.612922E-01
       Itération 08 : écart en DZ = 0.142701E-01 ; écart en DQ = 0.116168E+00
       Z : Pm   40406.00 du bief   4 ; Q : Pm   40456.00 du bief   4
 Err001 à  02:06:41:40 + 20.000 : DIVERGENCE des itérations (Debord)
       écart relatif (à Ymax et Qmax) croissant entre 2 itérées successives
       Itération 07 : écart en DZ = 0.713986E-02 ; écart en DQ = 0.587128E-01
       Itération 08 : écart en DZ = 0.135891E-01 ; écart en DQ = 0.110641E+00
       Z : Pm   40406.00 du bief   4 ; Q : Pm   40456.00 du bief   4
 Err001 à  02:06:42:00 + 20.000 : DIVERGENCE des itérations (Debord)
       écart relatif (à Ymax et Qmax) croissant entre 2 itérées successives
       Itération 07 : écart en DZ = 0.685756E-02 ; écart en DQ = 0.563754E-01
       Itération 08 : écart en DZ = 0.129708E-01 ; écart en DQ = 0.105621E+00
       Z : Pm   40406.00 du bief   4 ; Q : Pm   40456.00 du bief   4
 Err001 à  02:06:42:20 + 20.000 : DIVERGENCE des itérations (Debord)
       écart relatif (à Ymax et Qmax) croissant entre 2 itérées successives
       Itération 07 : écart en DZ = 0.655641E-02 ; écart en DQ = 0.538842E-01
       Itération 08 : écart en DZ = 0.123243E-01 ; écart en DQ = 0.100371E+00
       Z : Pm   40406.00 du bief   4 ; Q : Pm   40456.00 du bief   4
 Err001 à  02:06:42:40 + 20.000 : DIVERGENCE des itérations (Debord)
       écart relatif (à Ymax et Qmax) croissant entre 2 itérées successives
       Itération 07 : écart en DZ = 0.627042E-02 ; écart en DQ = 0.515194E-01
       Itération 08 : écart en DZ = 0.117138E-01 ; écart en DQ = 0.954104E-01
       Z : Pm   40406.00 du bief   4 ; Q : Pm   40456.00 du bief   4
 Err001 à  02:06:43:00 + 20.000 : DIVERGENCE des itérations (Debord)
       écart relatif (à Ymax et Qmax) croissant entre 2 itérées successives
       Itération 07 : écart en DZ = 0.599836E-02 ; écart en DQ = 0.492706E-01
       Itération 08 : écart en DZ = 0.111362E-01 ; écart en DQ = 0.907162E-01
       Z : Pm   40406.00 du bief   4 ; Q : Pm   40456.00 du bief   4
 Err001 à  02:06:43:20 + 20.000 : DIVERGENCE des itérations (Debord)
       écart relatif (à Ymax et Qmax) croissant entre 2 itérées successives
       Itération 07 : écart en DZ = 0.573791E-02 ; écart en DQ = 0.471186E-01
       Itération 08 : écart en DZ = 0.105868E-01 ; écart en DQ = 0.862496E-01
       Z : Pm   40406.00 du bief   4 ; Q : Pm   40456.00 du bief   4
 Err001 à  02:06:43:40 + 20.000 : DIVERGENCE des itérations (Debord)
       écart relatif (à Ymax et Qmax) croissant entre 2 itérées successives
       Itération 07 : écart en DZ = 0.548930E-02 ; écart en DQ = 0.450651E-01
       Itération 08 : écart en DZ = 0.100656E-01 ; écart en DQ = 0.820108E-01
       Z : Pm   40406.00 du bief   4 ; Q : Pm   40456.00 du bief   4
 Err001 à  02:06:44:00 + 20.000 : DIVERGENCE des itérations (Debord)
       écart relatif (à Ymax et Qmax) croissant entre 2 itérées successives
       Itération 07 : écart en DZ = 0.525233E-02 ; écart en DQ = 0.431086E-01
       Itération 08 : écart en DZ = 0.957184E-02 ; écart en DQ = 0.779938E-01
       Z : Pm   40406.00 du bief   4 ; Q : Pm   40456.00 du bief   4
 Err001 à  02:06:44:20 + 20.000 : DIVERGENCE des itérations (Debord)
       écart relatif (à Ymax et Qmax) croissant entre 2 itérées successives
       Itération 07 : écart en DZ = 0.502655E-02 ; écart en DQ = 0.412450E-01
       Itération 08 : écart en DZ = 0.910418E-02 ; écart en DQ = 0.741881E-01
       Z : Pm   40406.00 du bief   4 ; Q : Pm   40456.00 du bief   4
 Err001 à  02:06:44:40 + 20.000 : DIVERGENCE des itérations (Debord)
       écart relatif (à Ymax et Qmax) croissant entre 2 itérées successives
       Itération 07 : écart en DZ = 0.481145E-02 ; écart en DQ = 0.394703E-01
       Itération 08 : écart en DZ = 0.866130E-02 ; écart en DQ = 0.705832E-01
       Z : Pm   40406.00 du bief   4 ; Q : Pm   40456.00 du bief   4
 Err001 à  02:06:45:00 + 20.000 : DIVERGENCE des itérations (Debord)
       écart relatif (à Ymax et Qmax) croissant entre 2 itérées successives
       Itération 07 : écart en DZ = 0.460652E-02 ; écart en DQ = 0.377800E-01
       Itération 08 : écart en DZ = 0.824190E-02 ; écart en DQ = 0.671686E-01
       Z : Pm   40406.00 du bief   4 ; Q : Pm   40456.00 du bief   4
 Err001 à  02:06:45:20 + 20.000 : DIVERGENCE des itérations (Debord)
       écart relatif (à Ymax et Qmax) croissant entre 2 itérées successives
       Itération 07 : écart en DZ = 0.441126E-02 ; écart en DQ = 0.361700E-01
       Itération 08 : écart en DZ = 0.784474E-02 ; écart en DQ = 0.639343E-01
       Z : Pm   40406.00 du bief   4 ; Q : Pm   40456.00 du bief   4
 Err001 à  02:06:45:40 + 20.000 : DIVERGENCE des itérations (Debord)
       écart relatif (à Ymax et Qmax) croissant entre 2 itérées successives
       Itération 07 : écart en DZ = 0.422511E-02 ; écart en DQ = 0.346358E-01
       Itération 08 : écart en DZ = 0.746848E-02 ; écart en DQ = 0.608695E-01
       Z : Pm   40406.00 du bief   4 ; Q : Pm   40456.00 du bief   4
 Err001 à  02:06:46:00 + 20.000 : DIVERGENCE des itérations (Debord)
       écart relatif (à Ymax et Qmax) croissant entre 2 itérées successives
       Itération 07 : écart en DZ = 0.404784E-02 ; écart en DQ = 0.331752E-01
       Itération 08 : écart en DZ = 0.711239E-02 ; écart en DQ = 0.579686E-01
       Z : Pm   40406.00 du bief   4 ; Q : Pm   40456.00 du bief   4
 Err001 à  02:06:46:20 + 20.000 : DIVERGENCE des itérations (Debord)
       écart relatif (à Ymax et Qmax) croissant entre 2 itérées successives
       Itération 07 : écart en DZ = 0.387910E-02 ; écart en DQ = 0.317853E-01
       Itération 08 : écart en DZ = 0.677562E-02 ; écart en DQ = 0.552246E-01
       Z : Pm   40406.00 du bief   4 ; Q : Pm   40456.00 du bief   4
 Err001 à  02:06:46:40 + 20.000 : DIVERGENCE des itérations (Debord)
       écart relatif (à Ymax et Qmax) croissant entre 2 itérées successives
       Itération 07 : écart en DZ = 0.371869E-02 ; écart en DQ = 0.304647E-01
       Itération 08 : écart en DZ = 0.645767E-02 ; écart en DQ = 0.526336E-01
       Z : Pm   40406.00 du bief   4 ; Q : Pm   40456.00 du bief   4
 Err001 à  02:06:47:00 + 20.000 : DIVERGENCE des itérations (Debord)
       écart relatif (à Ymax et Qmax) croissant entre 2 itérées successives
       Itération 07 : écart en DZ = 0.356690E-02 ; écart en DQ = 0.292158E-01
       Itération 08 : écart en DZ = 0.615936E-02 ; écart en DQ = 0.502025E-01
       Z : Pm   40406.00 du bief   4 ; Q : Pm   40456.00 du bief   4
 Err001 à  02:06:47:20 + 20.000 : DIVERGENCE des itérations (Debord)
       écart relatif (à Ymax et Qmax) croissant entre 2 itérées successives
       Itération 07 : écart en DZ = 0.342331E-02 ; écart en DQ = 0.280350E-01
       Itération 08 : écart en DZ = 0.587958E-02 ; écart en DQ = 0.479222E-01
       Z : Pm   40406.00 du bief   4 ; Q : Pm   40456.00 du bief   4
 Err001 à  02:06:47:40 + 20.000 : DIVERGENCE des itérations (Debord)
       écart relatif (à Ymax et Qmax) croissant entre 2 itérées successives
       Itération 07 : écart en DZ = 0.328126E-02 ; écart en DQ = 0.268657E-01
       Itération 08 : écart en DZ = 0.560141E-02 ; écart en DQ = 0.456541E-01
       Z : Pm   40406.00 du bief   4 ; Q : Pm   40456.00 du bief   4
 Err001 à  02:06:48:00 + 20.000 : DIVERGENCE des itérations (Debord)
       écart relatif (à Ymax et Qmax) croissant entre 2 itérées successives
       Itération 07 : écart en DZ = 0.314564E-02 ; écart en DQ = 0.257496E-01
       Itération 08 : écart en DZ = 0.533739E-02 ; écart en DQ = 0.435013E-01
       Z : Pm   40406.00 du bief   4 ; Q : Pm   40456.00 du bief   4
 Err001 à  02:06:48:20 + 20.000 : DIVERGENCE des itérations (Debord)
       écart relatif (à Ymax et Qmax) croissant entre 2 itérées successives
       Itération 07 : écart en DZ = 0.301614E-02 ; écart en DQ = 0.246842E-01
       Itération 08 : écart en DZ = 0.508675E-02 ; écart en DQ = 0.414573E-01
       Z : Pm   40406.00 du bief   4 ; Q : Pm   40456.00 du bief   4
 Err001 à  02:06:48:40 + 20.000 : DIVERGENCE des itérations (Debord)
       écart relatif (à Ymax et Qmax) croissant entre 2 itérées successives
       Itération 07 : écart en DZ = 0.289243E-02 ; écart en DQ = 0.236666E-01
       Itération 08 : écart en DZ = 0.484872E-02 ; écart en DQ = 0.395160E-01
       Z : Pm   40406.00 du bief   4 ; Q : Pm   40456.00 du bief   4
 Err001 à  02:06:49:00 + 20.000 : DIVERGENCE des itérations (Debord)
       écart relatif (à Ymax et Qmax) croissant entre 2 itérées successives
       Itération 07 : écart en DZ = 0.277425E-02 ; écart en DQ = 0.226948E-01
       Itération 08 : écart en DZ = 0.462265E-02 ; écart en DQ = 0.376720E-01
       Z : Pm   40406.00 du bief   4 ; Q : Pm   40456.00 du bief   4
 Err001 à  02:06:49:20 + 20.000 : DIVERGENCE des itérations (Debord)
       écart relatif (à Ymax et Qmax) croissant entre 2 itérées successives
       Itération 07 : écart en DZ = 0.266132E-02 ; écart en DQ = 0.217664E-01
       Itération 08 : écart en DZ = 0.440790E-02 ; écart en DQ = 0.359202E-01
       Z : Pm   40406.00 du bief   4 ; Q : Pm   40456.00 du bief   4
 Err001 à  02:06:49:40 + 20.000 : DIVERGENCE des itérations (Debord)
       écart relatif (à Ymax et Qmax) croissant entre 2 itérées successives
       Itération 07 : écart en DZ = 0.255340E-02 ; écart en DQ = 0.208793E-01
       Itération 08 : écart en DZ = 0.420386E-02 ; écart en DQ = 0.342557E-01
       Z : Pm   40406.00 du bief   4 ; Q : Pm   40456.00 du bief   4
 Err001 à  02:06:50:00 + 20.000 : DIVERGENCE des itérations (Debord)
       écart relatif (à Ymax et Qmax) croissant entre 2 itérées successives
       Itération 07 : écart en DZ = 0.245024E-02 ; écart en DQ = 0.200316E-01
       Itération 08 : écart en DZ = 0.400996E-02 ; écart en DQ = 0.326738E-01
       Z : Pm   40406.00 du bief   4 ; Q : Pm   40456.00 du bief   4
 Err001 à  02:06:50:20 + 20.000 : DIVERGENCE des itérations (Debord)
       écart relatif (à Ymax et Qmax) croissant entre 2 itérées successives
       Itération 07 : écart en DZ = 0.235162E-02 ; écart en DQ = 0.192214E-01
       Itération 08 : écart en DZ = 0.382567E-02 ; écart en DQ = 0.311703E-01
       Z : Pm   40406.00 du bief   4 ; Q : Pm   40456.00 du bief   4
 Err001 à  02:06:50:40 + 20.000 : DIVERGENCE des itérations (Debord)
       écart relatif (à Ymax et Qmax) croissant entre 2 itérées successives
       Itération 07 : écart en DZ = 0.225731E-02 ; écart en DQ = 0.184468E-01
       Itération 08 : écart en DZ = 0.365047E-02 ; écart en DQ = 0.297408E-01
       Z : Pm   40406.00 du bief   4 ; Q : Pm   40456.00 du bief   4
 Err001 à  02:06:51:00 + 20.000 : DIVERGENCE des itérations (Debord)
       écart relatif (à Ymax et Qmax) croissant entre 2 itérées successives
       Itération 07 : écart en DZ = 0.216720E-02 ; écart en DQ = 0.177068E-01
       Itération 08 : écart en DZ = 0.348401E-02 ; écart en DQ = 0.283827E-01
       Z : Pm   40406.00 du bief   4 ; Q : Pm   40456.00 du bief   4
 Err001 à  02:06:51:20 + 20.000 : DIVERGENCE des itérations (Debord)
       écart relatif (à Ymax et Qmax) croissant entre 2 itérées successives
       Itération 07 : écart en DZ = 0.208098E-02 ; écart en DQ = 0.169989E-01
       Itération 08 : écart en DZ = 0.332565E-02 ; écart en DQ = 0.270907E-01
       Z : Pm   40406.00 du bief   4 ; Q : Pm   40456.00 du bief   4
 Err001 à  02:06:51:40 + 20.000 : DIVERGENCE des itérations (Debord)
       écart relatif (à Ymax et Qmax) croissant entre 2 itérées successives
       Itération 07 : écart en DZ = 0.199841E-02 ; écart en DQ = 0.163213E-01
       Itération 08 : écart en DZ = 0.317491E-02 ; écart en DQ = 0.258607E-01
       Z : Pm   40406.00 du bief   4 ; Q : Pm   40456.00 du bief   4
 Err001 à  02:06:52:00 + 20.000 : DIVERGENCE des itérations (Debord)
       écart relatif (à Ymax et Qmax) croissant entre 2 itérées successives
       Itération 07 : écart en DZ = 0.191952E-02 ; écart en DQ = 0.156739E-01
       Itération 08 : écart en DZ = 0.303169E-02 ; écart en DQ = 0.246921E-01
       Z : Pm   40406.00 du bief   4 ; Q : Pm   40456.00 du bief   4
 Err001 à  02:06:52:20 + 20.000 : DIVERGENCE des itérations (Debord)
       écart relatif (à Ymax et Qmax) croissant entre 2 itérées successives
       Itération 07 : écart en DZ = 0.184414E-02 ; écart en DQ = 0.150554E-01
       Itération 08 : écart en DZ = 0.289559E-02 ; écart en DQ = 0.235816E-01
       Z : Pm   40406.00 du bief   4 ; Q : Pm   40456.00 du bief   4
 Err001 à  02:06:52:40 + 20.000 : DIVERGENCE des itérations (Debord)
       écart relatif (à Ymax et Qmax) croissant entre 2 itérées successives
       Itération 07 : écart en DZ = 0.177186E-02 ; écart en DQ = 0.144625E-01
       Itération 08 : écart en DZ = 0.276588E-02 ; écart en DQ = 0.225232E-01
       Z : Pm   40406.00 du bief   4 ; Q : Pm   40456.00 du bief   4
 Err001 à  02:06:53:00 + 20.000 : DIVERGENCE des itérations (Debord)
       écart relatif (à Ymax et Qmax) croissant entre 2 itérées successives
       Itération 07 : écart en DZ = 0.170262E-02 ; écart en DQ = 0.138946E-01
       Itération 08 : écart en DZ = 0.264233E-02 ; écart en DQ = 0.215152E-01
       Z : Pm   40406.00 du bief   4 ; Q : Pm   40456.00 du bief   4
 Err001 à  02:06:53:20 + 20.000 : DIVERGENCE des itérations (Debord)
       écart relatif (à Ymax et Qmax) croissant entre 2 itérées successives
       Itération 07 : écart en DZ = 0.163630E-02 ; écart en DQ = 0.133509E-01
       Itération 08 : écart en DZ = 0.252469E-02 ; écart en DQ = 0.205553E-01
       Z : Pm   40406.00 du bief   4 ; Q : Pm   40456.00 du bief   4
 Err001 à  02:06:53:40 + 20.000 : DIVERGENCE des itérations (Debord)
       écart relatif (à Ymax et Qmax) croissant entre 2 itérées successives
       Itération 07 : écart en DZ = 0.157274E-02 ; écart en DQ = 0.128298E-01
       Itération 08 : écart en DZ = 0.241259E-02 ; écart en DQ = 0.196407E-01
       Z : Pm   40406.00 du bief   4 ; Q : Pm   40456.00 du bief   4
 Err001 à  02:06:54:00 + 20.000 : DIVERGENCE des itérations (Debord)
       écart relatif (à Ymax et Qmax) croissant entre 2 itérées successives
       Itération 07 : écart en DZ = 0.151186E-02 ; écart en DQ = 0.123309E-01
       Itération 08 : écart en DZ = 0.230582E-02 ; écart en DQ = 0.187696E-01
       Z : Pm   40406.00 du bief   4 ; Q : Pm   40456.00 du bief   4
 Err001 à  02:06:54:20 + 20.000 : DIVERGENCE des itérations (Debord)
       écart relatif (à Ymax et Qmax) croissant entre 2 itérées successives
       Itération 07 : écart en DZ = 0.145360E-02 ; écart en DQ = 0.118534E-01
       Itération 08 : écart en DZ = 0.220421E-02 ; écart en DQ = 0.179406E-01
       Z : Pm   40406.00 du bief   4 ; Q : Pm   40456.00 du bief   4
 Err001 à  02:06:54:40 + 20.000 : DIVERGENCE des itérations (Debord)
       écart relatif (à Ymax et Qmax) croissant entre 2 itérées successives
       Itération 07 : écart en DZ = 0.139775E-02 ; écart en DQ = 0.113959E-01
       Itération 08 : écart en DZ = 0.210738E-02 ; écart en DQ = 0.171507E-01
       Z : Pm   40406.00 du bief   4 ; Q : Pm   40456.00 du bief   4
 Err001 à  02:06:55:00 + 20.000 : DIVERGENCE des itérations (Debord)
       écart relatif (à Ymax et Qmax) croissant entre 2 itérées successives
       Itération 07 : écart en DZ = 0.134423E-02 ; écart en DQ = 0.109575E-01
       Itération 08 : écart en DZ = 0.201510E-02 ; écart en DQ = 0.163979E-01
       Z : Pm   40406.00 du bief   4 ; Q : Pm   40456.00 du bief   4
 Err001 à  02:06:55:20 + 20.000 : DIVERGENCE des itérations (Debord)
       écart relatif (à Ymax et Qmax) croissant entre 2 itérées successives
       Itération 07 : écart en DZ = 0.129293E-02 ; écart en DQ = 0.105373E-01
       Itération 08 : écart en DZ = 0.192716E-02 ; écart en DQ = 0.156805E-01
       Z : Pm   40406.00 du bief   4 ; Q : Pm   40456.00 du bief   4
 Err001 à  02:06:55:40 + 20.000 : DIVERGENCE des itérations (Debord)
       écart relatif (à Ymax et Qmax) croissant entre 2 itérées successives
       Itération 07 : écart en DZ = 0.124376E-02 ; écart en DQ = 0.101348E-01
       Itération 08 : écart en DZ = 0.184334E-02 ; écart en DQ = 0.149968E-01
       Z : Pm   40406.00 du bief   4 ; Q : Pm   40456.00 du bief   4
 Err001 à  02:06:56:00 + 20.000 : DIVERGENCE des itérations (Debord)
       écart relatif (à Ymax et Qmax) croissant entre 2 itérées successives
       Itération 07 : écart en DZ = 0.119665E-02 ; écart en DQ = 0.974909E-02
       Itération 08 : écart en DZ = 0.176347E-02 ; écart en DQ = 0.143454E-01
       Z : Pm   40406.00 du bief   4 ; Q : Pm   40456.00 du bief   4
 Err001 à  02:06:56:20 + 20.000 : DIVERGENCE des itérations (Debord)
       écart relatif (à Ymax et Qmax) croissant entre 2 itérées successives
       Itération 07 : écart en DZ = 0.115150E-02 ; écart en DQ = 0.937953E-02
       Itération 08 : écart en DZ = 0.168735E-02 ; écart en DQ = 0.137246E-01
       Z : Pm   40406.00 du bief   4 ; Q : Pm   40456.00 du bief   4
 Err001 à  02:06:56:40 + 20.000 : DIVERGENCE des itérations (Debord)
       écart relatif (à Ymax et Qmax) croissant entre 2 itérées successives
       Itération 07 : écart en DZ = 0.110819E-02 ; écart en DQ = 0.902515E-02
       Itération 08 : écart en DZ = 0.161475E-02 ; écart en DQ = 0.131325E-01
       Z : Pm   40406.00 du bief   4 ; Q : Pm   40456.00 du bief   4
 Err001 à  02:06:57:00 + 20.000 : DIVERGENCE des itérations (Debord)
       écart relatif (à Ymax et Qmax) croissant entre 2 itérées successives
       Itération 07 : écart en DZ = 0.106673E-02 ; écart en DQ = 0.868587E-02
       Itération 08 : écart en DZ = 0.154560E-02 ; écart en DQ = 0.125685E-01
       Z : Pm   40406.00 du bief   4 ; Q : Pm   40456.00 du bief   4
 Err001 à  02:06:57:20 + 20.000 : DIVERGENCE des itérations (Debord)
       écart relatif (à Ymax et Qmax) croissant entre 2 itérées successives
       Itération 07 : écart en DZ = 0.102691E-02 ; écart en DQ = 0.836017E-02
       Itération 08 : écart en DZ = 0.147958E-02 ; écart en DQ = 0.120302E-01
       Z : Pm   40406.00 du bief   4 ; Q : Pm   40456.00 du bief   4
 Err001 à  02:06:57:40 + 20.000 : DIVERGENCE des itérations (Debord)
       écart relatif (à Ymax et Qmax) croissant entre 2 itérées successives
       Itération 07 : écart en DZ = 0.989019E-03 ; écart en DQ = 0.805023E-02
       Itération 08 : écart en DZ = 0.141702E-02 ; écart en DQ = 0.115201E-01
       Z : Pm   40406.00 du bief   4 ; Q : Pm   40456.00 du bief   4
 Err001 à  02:06:58:00 + 20.000 : DIVERGENCE des itérations (Debord)
       écart relatif (à Ymax et Qmax) croissant entre 2 itérées successives
       Itération 07 : écart en DZ = 0.952406E-03 ; écart en DQ = 0.775083E-02
       Itération 08 : écart en DZ = 0.135695E-02 ; écart en DQ = 0.110304E-01
       Z : Pm   40406.00 du bief   4 ; Q : Pm   40456.00 du bief   4
 Err001 à  02:06:58:20 + 20.000 : DIVERGENCE des itérations (Debord)
       écart relatif (à Ymax et Qmax) croissant entre 2 itérées successives
       Itération 07 : écart en DZ = 0.917019E-03 ; écart en DQ = 0.746151E-02
       Itération 08 : écart en DZ = 0.129927E-02 ; écart en DQ = 0.105601E-01
       Z : Pm   40406.00 du bief   4 ; Q : Pm   40456.00 du bief   4
 Err001 à  02:06:58:40 + 20.000 : DIVERGENCE des itérations (Debord)
       écart relatif (à Ymax et Qmax) croissant entre 2 itérées successives
       Itération 07 : écart en DZ = 0.883002E-03 ; écart en DQ = 0.718344E-02
       Itération 08 : écart en DZ = 0.124414E-02 ; écart en DQ = 0.101107E-01
       Z : Pm   40406.00 du bief   4 ; Q : Pm   40456.00 du bief   4
 Err001 à  02:06:59:00 + 20.000 : DIVERGENCE des itérations (Debord)
       écart relatif (à Ymax et Qmax) croissant entre 2 itérées successives
       Itération 07 : écart en DZ = 0.850348E-03 ; écart en DQ = 0.691657E-02
       Itération 08 : écart en DZ = 0.119151E-02 ; écart en DQ = 0.968180E-02
       Z : Pm   40406.00 du bief   4 ; Q : Pm   40456.00 du bief   4
 Err001 à  02:06:59:20 + 20.000 : DIVERGENCE des itérations (Debord)
       écart relatif (à Ymax et Qmax) croissant entre 2 itérées successives
       Itération 07 : écart en DZ = 0.819005E-03 ; écart en DQ = 0.666045E-02
       Itération 08 : écart en DZ = 0.114128E-02 ; écart en DQ = 0.927236E-02
       Z : Pm   40406.00 du bief   4 ; Q : Pm   40456.00 du bief   4
 Err001 à  02:06:59:40 + 20.000 : DIVERGENCE des itérations (Debord)
       écart relatif (à Ymax et Qmax) croissant entre 2 itérées successives
       Itération 07 : écart en DZ = 0.788915E-03 ; écart en DQ = 0.641462E-02
       Itération 08 : écart en DZ = 0.109331E-02 ; écart en DQ = 0.888150E-02
       Z : Pm   40406.00 du bief   4 ; Q : Pm   40456.00 du bief   4
 Err001 à  02:07:00:00 + 20.000 : DIVERGENCE des itérations (Debord)
       écart relatif (à Ymax et Qmax) croissant entre 2 itérées successives
       Itération 07 : écart en DZ = 0.760024E-03 ; écart en DQ = 0.617862E-02
       Itération 08 : écart en DZ = 0.104751E-02 ; écart en DQ = 0.850830E-02
       Z : Pm   40406.00 du bief   4 ; Q : Pm   40456.00 du bief   4
 Err001 à  02:07:00:20 + 20.000 : DIVERGENCE des itérations (Debord)
       écart relatif (à Ymax et Qmax) croissant entre 2 itérées successives
       Itération 07 : écart en DZ = 0.732283E-03 ; écart en DQ = 0.595206E-02
       Itération 08 : écart en DZ = 0.100378E-02 ; écart en DQ = 0.815194E-02
       Z : Pm   40406.00 du bief   4 ; Q : Pm   40456.00 du bief   4
 Err001 à  02:07:00:40 + 20.000 : DIVERGENCE des itérations (Debord)
       écart relatif (à Ymax et Qmax) croissant entre 2 itérées successives
       Itération 07 : écart en DZ = 0.705644E-03 ; écart en DQ = 0.573453E-02
       Itération 08 : écart en DZ = 0.962003E-03 ; écart en DQ = 0.781161E-02
       Z : Pm   40406.00 du bief   4 ; Q : Pm   40456.00 du bief   4
 Err001 à  02:07:01:00 + 20.000 : DIVERGENCE des itérations (Debord)
       écart relatif (à Ymax et Qmax) croissant entre 2 itérées successives
       Itération 07 : écart en DZ = 0.680058E-03 ; écart en DQ = 0.552564E-02
       Itération 08 : écart en DZ = 0.922099E-03 ; écart en DQ = 0.748655E-02
       Z : Pm   40406.00 du bief   4 ; Q : Pm   40456.00 du bief   4
 Err001 à  02:07:01:20 + 20.000 : DIVERGENCE des itérations (Debord)
       écart relatif (à Ymax et Qmax) croissant entre 2 itérées successives
       Itération 07 : écart en DZ = 0.655482E-03 ; écart en DQ = 0.532503E-02
       Itération 08 : écart en DZ = 0.883976E-03 ; écart en DQ = 0.717602E-02
       Z : Pm   40406.00 du bief   4 ; Q : Pm   40456.00 du bief   4
 Err001 à  02:07:01:40 + 20.000 : DIVERGENCE des itérations (Debord)
       écart relatif (à Ymax et Qmax) croissant entre 2 itérées successives
       Itération 07 : écart en DZ = 0.631868E-03 ; écart en DQ = 0.513229E-02
       Itération 08 : écart en DZ = 0.847541E-03 ; écart en DQ = 0.687928E-02
       Z : Pm   40406.00 du bief   4 ; Q : Pm   40456.00 du bief   4
 Err001 à  02:07:02:00 + 20.000 : DIVERGENCE des itérations (Debord)
       écart relatif (à Ymax et Qmax) croissant entre 2 itérées successives
       Itération 07 : écart en DZ = 0.609159E-03 ; écart en DQ = 0.494699E-02
       Itération 08 : écart en DZ = 0.812695E-03 ; écart en DQ = 0.659550E-02
       Z : Pm   40406.00 du bief   4 ; Q : Pm   40456.00 du bief   4
 Err001 à  02:07:02:20 + 20.000 : DIVERGENCE des itérations (Debord)
       écart relatif (à Ymax et Qmax) croissant entre 2 itérées successives
       Itération 07 : écart en DZ = 0.587268E-03 ; écart en DQ = 0.476838E-02
       Itération 08 : écart en DZ = 0.779298E-03 ; écart en DQ = 0.632356E-02
       Z : Pm   40406.00 du bief   4 ; Q : Pm   40456.00 du bief   4
 Err001 à  02:07:02:40 + 20.000 : DIVERGENCE des itérations (Debord)
       écart relatif (à Ymax et Qmax) croissant entre 2 itérées successives
       Itération 07 : écart en DZ = 0.566284E-03 ; écart en DQ = 0.459721E-02
       Itération 08 : écart en DZ = 0.747445E-03 ; écart en DQ = 0.606422E-02
       Z : Pm   40406.00 du bief   4 ; Q : Pm   40456.00 du bief   4
 Err001 à  02:07:03:00 + 20.000 : DIVERGENCE des itérations (Debord)
       écart relatif (à Ymax et Qmax) croissant entre 2 itérées successives
       Itération 07 : écart en DZ = 0.546141E-03 ; écart en DQ = 0.443292E-02
       Itération 08 : écart en DZ = 0.717026E-03 ; écart en DQ = 0.581658E-02
       Z : Pm   40406.00 du bief   4 ; Q : Pm   40456.00 du bief   4
 Err001 à  02:07:03:20 + 20.000 : DIVERGENCE des itérations (Debord)
       écart relatif (à Ymax et Qmax) croissant entre 2 itérées successives
       Itération 07 : écart en DZ = 0.526785E-03 ; écart en DQ = 0.427507E-02
       Itération 08 : écart en DZ = 0.687947E-03 ; écart en DQ = 0.557988E-02
       Z : Pm   40406.00 du bief   4 ; Q : Pm   40456.00 du bief   4
 Err001 à  02:07:03:40 + 20.000 : DIVERGENCE des itérations (Debord)
       écart relatif (à Ymax et Qmax) croissant entre 2 itérées successives
       Itération 07 : écart en DZ = 0.508177E-03 ; écart en DQ = 0.412335E-02
       Itération 08 : écart en DZ = 0.660141E-03 ; écart en DQ = 0.535355E-02
       Z : Pm   40406.00 du bief   4 ; Q : Pm   40456.00 du bief   4
 Err001 à  02:07:04:00 + 20.000 : DIVERGENCE des itérations (Debord)
       écart relatif (à Ymax et Qmax) croissant entre 2 itérées successives
       Itération 07 : écart en DZ = 0.490288E-03 ; écart en DQ = 0.397751E-02
       Itération 08 : écart en DZ = 0.633545E-03 ; écart en DQ = 0.513712E-02
       Z : Pm   40406.00 du bief   4 ; Q : Pm   40456.00 du bief   4
 Err001 à  02:07:04:20 + 20.000 : DIVERGENCE des itérations (Debord)
       écart relatif (à Ymax et Qmax) croissant entre 2 itérées successives
       Itération 07 : écart en DZ = 0.473085E-03 ; écart en DQ = 0.383730E-02
       Itération 08 : écart en DZ = 0.608105E-03 ; écart en DQ = 0.493010E-02
       Z : Pm   40406.00 du bief   4 ; Q : Pm   40456.00 du bief   4
 Err001 à  02:07:04:40 + 20.000 : DIVERGENCE des itérations (Debord)
       écart relatif (à Ymax et Qmax) croissant entre 2 itérées successives
       Itération 07 : écart en DZ = 0.456541E-03 ; écart en DQ = 0.370247E-02
       Itération 08 : écart en DZ = 0.583766E-03 ; écart en DQ = 0.473207E-02
       Z : Pm   40406.00 du bief   4 ; Q : Pm   40456.00 du bief   4
 Err001 à  02:07:05:00 + 20.000 : DIVERGENCE des itérations (Debord)
       écart relatif (à Ymax et Qmax) croissant entre 2 itérées successives
       Itération 07 : écart en DZ = 0.440628E-03 ; écart en DQ = 0.357281E-02
       Itération 08 : écart en DZ = 0.560475E-03 ; écart en DQ = 0.454259E-02
       Z : Pm   40406.00 du bief   4 ; Q : Pm   40456.00 du bief   4
 Err001 à  02:07:05:20 + 20.000 : DIVERGENCE des itérations (Debord)
       écart relatif (à Ymax et Qmax) croissant entre 2 itérées successives
       Itération 07 : écart en DZ = 0.425319E-03 ; écart en DQ = 0.344809E-02
       Itération 08 : écart en DZ = 0.538184E-03 ; écart en DQ = 0.436127E-02
       Z : Pm   40406.00 du bief   4 ; Q : Pm   40456.00 du bief   4
 Err001 à  02:07:05:40 + 20.000 : DIVERGENCE des itérations (Debord)
       écart relatif (à Ymax et Qmax) croissant entre 2 itérées successives
       Itération 07 : écart en DZ = 0.410589E-03 ; écart en DQ = 0.332810E-02
       Itération 08 : écart en DZ = 0.516847E-03 ; écart en DQ = 0.418773E-02
       Z : Pm   40406.00 du bief   4 ; Q : Pm   40456.00 du bief   4
 Err001 à  02:07:06:00 + 20.000 : DIVERGENCE des itérations (Debord)
       écart relatif (à Ymax et Qmax) croissant entre 2 itérées successives
       Itération 07 : écart en DZ = 0.396413E-03 ; écart en DQ = 0.321265E-02
       Itération 08 : écart en DZ = 0.496418E-03 ; écart en DQ = 0.402159E-02
       Z : Pm   40406.00 du bief   4 ; Q : Pm   40456.00 du bief   4
 Err001 à  02:07:06:20 + 20.000 : DIVERGENCE des itérations (Debord)
       écart relatif (à Ymax et Qmax) croissant entre 2 itérées successives
       Itération 07 : écart en DZ = 0.382772E-03 ; écart en DQ = 0.310157E-02
       Itération 08 : écart en DZ = 0.476860E-03 ; écart en DQ = 0.386256E-02
       Z : Pm   40406.00 du bief   4 ; Q : Pm   40456.00 du bief   4
 Err001 à  02:07:06:40 + 20.000 : DIVERGENCE des itérations (Debord)
       écart relatif (à Ymax et Qmax) croissant entre 2 itérées successives
       Itération 07 : écart en DZ = 0.369622E-03 ; écart en DQ = 0.299451E-02
       Itération 08 : écart en DZ = 0.458106E-03 ; écart en DQ = 0.371008E-02
       Z : Pm   40406.00 du bief   4 ; Q : Pm   40456.00 du bief   4
 Err001 à  02:07:07:00 + 20.000 : DIVERGENCE des itérations (Debord)
       écart relatif (à Ymax et Qmax) croissant entre 2 itérées successives
       Itération 07 : écart en DZ = 0.356964E-03 ; écart en DQ = 0.289147E-02
       Itération 08 : écart en DZ = 0.440146E-03 ; écart en DQ = 0.356408E-02
       Z : Pm   40406.00 du bief   4 ; Q : Pm   40456.00 du bief   4
 Err001 à  02:07:07:20 + 20.000 : DIVERGENCE des itérations (Debord)
       écart relatif (à Ymax et Qmax) croissant entre 2 itérées successives
       Itération 07 : écart en DZ = 0.344783E-03 ; écart en DQ = 0.279233E-02
       Itération 08 : écart en DZ = 0.422949E-03 ; écart en DQ = 0.342430E-02
       Z : Pm   40406.00 du bief   4 ; Q : Pm   40456.00 du bief   4
 Err001 à  02:07:07:40 + 20.000 : DIVERGENCE des itérations (Debord)
       écart relatif (à Ymax et Qmax) croissant entre 2 itérées successives
       Itération 07 : écart en DZ = 0.333056E-03 ; écart en DQ = 0.269690E-02
       Itération 08 : écart en DZ = 0.406476E-03 ; écart en DQ = 0.329042E-02
       Z : Pm   40406.00 du bief   4 ; Q : Pm   40456.00 du bief   4
 Err001 à  02:07:08:00 + 20.000 : DIVERGENCE des itérations (Debord)
       écart relatif (à Ymax et Qmax) croissant entre 2 itérées successives
       Itération 07 : écart en DZ = 0.321763E-03 ; écart en DQ = 0.260500E-02
       Itération 08 : écart en DZ = 0.390692E-03 ; écart en DQ = 0.316216E-02
       Z : Pm   40406.00 du bief   4 ; Q : Pm   40456.00 du bief   4
 Err001 à  02:07:08:20 + 20.000 : DIVERGENCE des itérations (Debord)
       écart relatif (à Ymax et Qmax) croissant entre 2 itérées successives
       Itération 07 : écart en DZ = 0.310886E-03 ; écart en DQ = 0.251652E-02
       Itération 08 : écart en DZ = 0.375567E-03 ; écart en DQ = 0.303927E-02
       Z : Pm   40406.00 du bief   4 ; Q : Pm   40456.00 du bief   4
 Err001 à  02:07:08:40 + 20.000 : DIVERGENCE des itérations (Debord)
       écart relatif (à Ymax et Qmax) croissant entre 2 itérées successives
       Itération 07 : écart en DZ = 0.300407E-03 ; écart en DQ = 0.243128E-02
       Itération 08 : écart en DZ = 0.361068E-03 ; écart en DQ = 0.292148E-02
       Z : Pm   40406.00 du bief   4 ; Q : Pm   40456.00 du bief   4
 Err001 à  02:07:09:00 + 20.000 : DIVERGENCE des itérations (Debord)
       écart relatif (à Ymax et Qmax) croissant entre 2 itérées successives
       Itération 07 : écart en DZ = 0.290315E-03 ; écart en DQ = 0.234921E-02
       Itération 08 : écart en DZ = 0.347175E-03 ; écart en DQ = 0.280862E-02
       Z : Pm   40406.00 du bief   4 ; Q : Pm   40456.00 du bief   4
 Err001 à  02:07:09:20 + 20.000 : DIVERGENCE des itérations (Debord)
       écart relatif (à Ymax et Qmax) croissant entre 2 itérées successives
       Itération 07 : écart en DZ = 0.280598E-03 ; écart en DQ = 0.227020E-02
       Itération 08 : écart en DZ = 0.333863E-03 ; écart en DQ = 0.270051E-02
       Z : Pm   40406.00 du bief   4 ; Q : Pm   40456.00 du bief   4
 Err001 à  02:07:09:40 + 20.000 : DIVERGENCE des itérations (Debord)
       écart relatif (à Ymax et Qmax) croissant entre 2 itérées successives
       Itération 07 : écart en DZ = 0.271236E-03 ; écart en DQ = 0.219408E-02
       Itération 08 : écart en DZ = 0.321101E-03 ; écart en DQ = 0.259687E-02
       Z : Pm   40406.00 du bief   4 ; Q : Pm   40456.00 du bief   4
 Err001 à  02:07:10:00 + 20.000 : DIVERGENCE des itérations (Debord)
       écart relatif (à Ymax et Qmax) croissant entre 2 itérées successives
       Itération 07 : écart en DZ = 0.262219E-03 ; écart en DQ = 0.212078E-02
       Itération 08 : écart en DZ = 0.308868E-03 ; écart en DQ = 0.249755E-02
       Z : Pm   40406.00 du bief   4 ; Q : Pm   40456.00 du bief   4
 Err001 à  02:07:10:20 + 20.000 : DIVERGENCE des itérations (Debord)
       écart relatif (à Ymax et Qmax) croissant entre 2 itérées successives
       Itération 07 : écart en DZ = 0.253524E-03 ; écart en DQ = 0.205011E-02
       Itération 08 : écart en DZ = 0.297132E-03 ; écart en DQ = 0.240226E-02
       Z : Pm   40406.00 du bief   4 ; Q : Pm   40456.00 du bief   4
 Err001 à  02:07:10:40 + 20.000 : DIVERGENCE des itérations (Debord)
       écart relatif (à Ymax et Qmax) croissant entre 2 itérées successives
       Itération 07 : écart en DZ = 0.245138E-03 ; écart en DQ = 0.198197E-02
       Itération 08 : écart en DZ = 0.285870E-03 ; écart en DQ = 0.231084E-02
       Z : Pm   40406.00 du bief   4 ; Q : Pm   40456.00 du bief   4
 Err001 à  02:07:11:00 + 20.000 : DIVERGENCE des itérations (Debord)
       écart relatif (à Ymax et Qmax) croissant entre 2 itérées successives
       Itération 07 : écart en DZ = 0.237051E-03 ; écart en DQ = 0.191626E-02
       Itération 08 : écart en DZ = 0.275062E-03 ; écart en DQ = 0.222312E-02
       Z : Pm   40406.00 du bief   4 ; Q : Pm   40456.00 du bief   4
 Err001 à  02:07:11:20 + 20.000 : DIVERGENCE des itérations (Debord)
       écart relatif (à Ymax et Qmax) croissant entre 2 itérées successives
       Itération 07 : écart en DZ = 0.229252E-03 ; écart en DQ = 0.185290E-02
       Itération 08 : écart en DZ = 0.264690E-03 ; écart en DQ = 0.213895E-02
       Z : Pm   40406.00 du bief   4 ; Q : Pm   40456.00 du bief   4
 Err001 à  02:07:11:40 + 20.000 : DIVERGENCE des itérations (Debord)
       écart relatif (à Ymax et Qmax) croissant entre 2 itérées successives
       Itération 07 : écart en DZ = 0.221728E-03 ; écart en DQ = 0.179179E-02
       Itération 08 : écart en DZ = 0.254735E-03 ; écart en DQ = 0.205817E-02
       Z : Pm   40406.00 du bief   4 ; Q : Pm   40456.00 du bief   4
 Err001 à  02:07:12:00 + 20.000 : DIVERGENCE des itérations (Debord)
       écart relatif (à Ymax et Qmax) croissant entre 2 itérées successives
       Itération 07 : écart en DZ = 0.214469E-03 ; écart en DQ = 0.173283E-02
       Itération 08 : écart en DZ = 0.245177E-03 ; écart en DQ = 0.198063E-02
       Z : Pm   40406.00 du bief   4 ; Q : Pm   40456.00 du bief   4
 Err001 à  02:07:12:20 + 20.000 : DIVERGENCE des itérations (Debord)
       écart relatif (à Ymax et Qmax) croissant entre 2 itérées successives
       Itération 07 : écart en DZ = 0.207465E-03 ; écart en DQ = 0.167596E-02
       Itération 08 : écart en DZ = 0.236000E-03 ; écart en DQ = 0.190618E-02
       Z : Pm   40406.00 du bief   4 ; Q : Pm   40456.00 du bief   4
 Err001 à  02:07:12:40 + 20.000 : DIVERGENCE des itérations (Debord)
       écart relatif (à Ymax et Qmax) croissant entre 2 itérées successives
       Itération 07 : écart en DZ = 0.200707E-03 ; écart en DQ = 0.162109E-02
       Itération 08 : écart en DZ = 0.227188E-03 ; écart en DQ = 0.183471E-02
       Z : Pm   40406.00 du bief   4 ; Q : Pm   40456.00 du bief   4
 Err001 à  02:07:13:00 + 20.000 : DIVERGENCE des itérations (Debord)
       écart relatif (à Ymax et Qmax) croissant entre 2 itérées successives
       Itération 07 : écart en DZ = 0.194185E-03 ; écart en DQ = 0.156815E-02
       Itération 08 : écart en DZ = 0.218726E-03 ; écart en DQ = 0.176609E-02
       Z : Pm   40406.00 du bief   4 ; Q : Pm   40456.00 du bief   4
 Err001 à  02:07:13:20 + 20.000 : DIVERGENCE des itérations (Debord)
       écart relatif (à Ymax et Qmax) croissant entre 2 itérées successives
       Itération 07 : écart en DZ = 0.187891E-03 ; écart en DQ = 0.151706E-02
       Itération 08 : écart en DZ = 0.210599E-03 ; écart en DQ = 0.170020E-02
       Z : Pm   40406.00 du bief   4 ; Q : Pm   40456.00 du bief   4
 Err001 à  02:07:13:40 + 20.000 : DIVERGENCE des itérations (Debord)
       écart relatif (à Ymax et Qmax) croissant entre 2 itérées successives
       Itération 07 : écart en DZ = 0.181815E-03 ; écart en DQ = 0.146775E-02
       Itération 08 : écart en DZ = 0.202793E-03 ; écart en DQ = 0.163691E-02
       Z : Pm   40406.00 du bief   4 ; Q : Pm   40456.00 du bief   4
 Err001 à  02:07:14:00 + 20.000 : DIVERGENCE des itérations (Debord)
       écart relatif (à Ymax et Qmax) croissant entre 2 itérées successives
       Itération 07 : écart en DZ = 0.175950E-03 ; écart en DQ = 0.142016E-02
       Itération 08 : écart en DZ = 0.195294E-03 ; écart en DQ = 0.157612E-02
       Z : Pm   40406.00 du bief   4 ; Q : Pm   40456.00 du bief   4
 Err001 à  02:07:14:20 + 20.000 : DIVERGENCE des itérations (Debord)
       écart relatif (à Ymax et Qmax) croissant entre 2 itérées successives
       Itération 07 : écart en DZ = 0.170287E-03 ; écart en DQ = 0.137422E-02
       Itération 08 : écart en DZ = 0.188089E-03 ; écart en DQ = 0.151773E-02
       Z : Pm   40406.00 du bief   4 ; Q : Pm   40456.00 du bief   4
 Err001 à  02:07:14:40 + 20.000 : DIVERGENCE des itérations (Debord)
       écart relatif (à Ymax et Qmax) croissant entre 2 itérées successives
       Itération 07 : écart en DZ = 0.164819E-03 ; écart en DQ = 0.132987E-02
       Itération 08 : écart en DZ = 0.181167E-03 ; écart en DQ = 0.146162E-02
       Z : Pm   40406.00 du bief   4 ; Q : Pm   40456.00 du bief   4
 Err001 à  02:07:15:00 + 20.000 : DIVERGENCE des itérations (Debord)
       écart relatif (à Ymax et Qmax) croissant entre 2 itérées successives
       Itération 07 : écart en DZ = 0.159537E-03 ; écart en DQ = 0.128703E-02
       Itération 08 : écart en DZ = 0.174511E-03 ; écart en DQ = 0.140770E-02
       Z : Pm   40406.00 du bief   4 ; Q : Pm   40456.00 du bief   4
 Err001 à  02:07:15:20 + 20.000 : DIVERGENCE des itérations (Debord)
       écart relatif (à Ymax et Qmax) croissant entre 2 itérées successives
       Itération 07 : écart en DZ = 0.154435E-03 ; écart en DQ = 0.124567E-02
       Itération 08 : écart en DZ = 0.168114E-03 ; écart en DQ = 0.135587E-02
       Z : Pm   40406.00 du bief   4 ; Q : Pm   40456.00 du bief   4
 Err001 à  02:07:15:40 + 20.000 : DIVERGENCE des itérations (Debord)
       écart relatif (à Ymax et Qmax) croissant entre 2 itérées successives
       Itération 07 : écart en DZ = 0.149507E-03 ; écart en DQ = 0.120571E-02
       Itération 08 : écart en DZ = 0.161966E-03 ; écart en DQ = 0.130607E-02
       Z : Pm   40406.00 du bief   4 ; Q : Pm   40456.00 du bief   4
 Err001 à  02:07:16:00 + 20.000 : DIVERGENCE des itérations (Debord)
       écart relatif (à Ymax et Qmax) croissant entre 2 itérées successives
       Itération 07 : écart en DZ = 0.144747E-03 ; écart en DQ = 0.116712E-02
       Itération 08 : écart en DZ = 0.156055E-03 ; écart en DQ = 0.125819E-02
       Z : Pm   40406.00 du bief   4 ; Q : Pm   40456.00 du bief   4
 Err001 à  02:07:16:20 + 20.000 : DIVERGENCE des itérations (Debord)
       écart relatif (à Ymax et Qmax) croissant entre 2 itérées successives
       Itération 07 : écart en DZ = 0.140147E-03 ; écart en DQ = 0.112984E-02
       Itération 08 : écart en DZ = 0.150371E-03 ; écart en DQ = 0.121216E-02
       Z : Pm   40406.00 du bief   4 ; Q : Pm   40456.00 du bief   4
 Err001 à  02:07:16:40 + 20.000 : DIVERGENCE des itérations (Debord)
       écart relatif (à Ymax et Qmax) croissant entre 2 itérées successives
       Itération 07 : écart en DZ = 0.135716E-03 ; écart en DQ = 0.109393E-02
       Itération 08 : écart en DZ = 0.144920E-03 ; écart en DQ = 0.116803E-02
       Z : Pm   40406.00 du bief   4 ; Q : Pm   40456.00 du bief   4
 Err001 à  02:07:17:00 + 20.000 : DIVERGENCE des itérations (Debord)
       écart relatif (à Ymax et Qmax) croissant entre 2 itérées successives
       Itération 07 : écart en DZ = 0.131395E-03 ; écart en DQ = 0.105893E-02
       Itération 08 : écart en DZ = 0.139636E-03 ; écart en DQ = 0.112526E-02
       Z : Pm   40406.00 du bief   4 ; Q : Pm   40456.00 du bief   4
 Err001 à  02:07:17:20 + 20.000 : DIVERGENCE des itérations (Debord)
       écart relatif (à Ymax et Qmax) croissant entre 2 itérées successives
       Itération 07 : écart en DZ = 0.127291E-03 ; écart en DQ = 0.102567E-02
       Itération 08 : écart en DZ = 0.134630E-03 ; écart en DQ = 0.108474E-02
       Z : Pm   40406.00 du bief   4 ; Q : Pm   40456.00 du bief   4
 Err001 à  02:07:17:40 + 20.000 : DIVERGENCE des itérations (Debord)
       écart relatif (à Ymax et Qmax) croissant entre 2 itérées successives
       Itération 07 : écart en DZ = 0.122996E-03 ; écart en DQ = 0.990898E-03
       Itération 08 : écart en DZ = 0.129470E-03 ; écart en DQ = 0.104298E-02
       Z : Pm   40406.00 du bief   4 ; Q : Pm   40456.00 du bief   4
 Err001 à  02:07:18:00 + 20.000 : DIVERGENCE des itérations (Debord)
       écart relatif (à Ymax et Qmax) croissant entre 2 itérées successives
       Itération 07 : écart en DZ = 0.119022E-03 ; écart en DQ = 0.958722E-03
       Itération 08 : écart en DZ = 0.124693E-03 ; écart en DQ = 0.100433E-02
       Z : Pm   40406.00 du bief   4 ; Q : Pm   40456.00 du bief   4
 Err001 à  02:07:18:20 + 20.000 : DIVERGENCE des itérations (Debord)
       écart relatif (à Ymax et Qmax) croissant entre 2 itérées successives
       Itération 07 : écart en DZ = 0.115306E-03 ; écart en DQ = 0.928627E-03
       Itération 08 : écart en DZ = 0.120227E-03 ; écart en DQ = 0.968202E-03
       Z : Pm   40406.00 du bief   4 ; Q : Pm   40456.00 du bief   4
 Err001 à  02:07:18:40 + 20.000 : DIVERGENCE des itérations (Debord)
       écart relatif (à Ymax et Qmax) croissant entre 2 itérées successives
       Itération 07 : écart en DZ = 0.111733E-03 ; écart en DQ = 0.899704E-03
       Itération 08 : écart en DZ = 0.115953E-03 ; écart en DQ = 0.933625E-03
       Z : Pm   40406.00 du bief   4 ; Q : Pm   40456.00 du bief   4
 Err001 à  02:07:19:00 + 20.000 : DIVERGENCE des itérations (Debord)
       écart relatif (à Ymax et Qmax) croissant entre 2 itérées successives
       Itération 07 : écart en DZ = 0.108254E-03 ; écart en DQ = 0.871540E-03
       Itération 08 : écart en DZ = 0.111814E-03 ; écart en DQ = 0.900152E-03
       Z : Pm   40406.00 du bief   4 ; Q : Pm   40456.00 du bief   4
 Err001 à  02:07:19:20 + 20.000 : DIVERGENCE des itérations (Debord)
       écart relatif (à Ymax et Qmax) croissant entre 2 itérées successives
       Itération 07 : écart en DZ = 0.104877E-03 ; écart en DQ = 0.844211E-03
       Itération 08 : écart en DZ = 0.107819E-03 ; écart en DQ = 0.867842E-03
       Z : Pm   40406.00 du bief   4 ; Q : Pm   40456.00 du bief   4
 Err001 à  02:07:19:40 + 20.000 : DIVERGENCE des itérations (Debord)
       écart relatif (à Ymax et Qmax) croissant entre 2 itérées successives
       Itération 07 : écart en DZ = 0.101612E-03 ; écart en DQ = 0.817785E-03
       Itération 08 : écart en DZ = 0.103974E-03 ; écart en DQ = 0.836747E-03
       Z : Pm   40406.00 du bief   4 ; Q : Pm   40456.00 du bief   4
 Err001 à  02:07:20:00 + 20.000 : DIVERGENCE des itérations (Debord)
       écart relatif (à Ymax et Qmax) croissant entre 2 itérées successives
       Itération 09 : écart en DZ = 0.102113E-03 ; écart en DQ = 0.821650E-03
       Itération 10 : écart en DZ = 0.104005E-03 ; écart en DQ = 0.836865E-03
       Z : Pm   40406.00 du bief   4 ; Q : Pm   40456.00 du bief   4
 Err001 à  02:07:20:20 + 20.000 : DIVERGENCE des itérations (Debord)
       écart relatif (à Ymax et Qmax) croissant entre 2 itérées successives
       Itération 09 : écart en DZ = 0.980868E-04 ; écart en DQ = 0.789121E-03
       Itération 10 : écart en DZ = 0.994401E-04 ; écart en DQ = 0.800000E-03
       Z : Pm   40406.00 du bief   4 ; Q : Pm   40456.00 du bief   4
 Err002 à  02:07:20:40 + 20.000 : NON CONVERGENCE des itérations 
       écart relatif (à Ymax et Qmax) trop grand après 99 itérations
       Itération 98 : écart en DZ = 0.210738E-03 ; écart en DQ = 0.169511E-02
       Itération 99 : écart en DZ = 0.212657E-03 ; écart en DQ = 0.171056E-02
       Z : Pm   40406.00 du bief   4 ; Q : Pm   40456.00 du bief   4
       Residu : 0.111712E+01(004: 40406.00)
 Err002 à  02:07:21:00 + 20.000 : NON CONVERGENCE des itérations 
       écart relatif (à Ymax et Qmax) trop grand après 99 itérations
       Itération 98 : écart en DZ = 0.133710E-03 ; écart en DQ = 0.107534E-02
       Itération 99 : écart en DZ = 0.134303E-03 ; écart en DQ = 0.108011E-02
       Z : Pm   40406.00 du bief   4 ; Q : Pm   40456.00 du bief   4
       Residu : 0.707255E+00(004: 40406.00)
 Err002 à  02:07:21:20 + 20.000 : NON CONVERGENCE des itérations 
       écart relatif (à Ymax et Qmax) trop grand après 99 itérations
       Itération 98 : écart en DZ = 0.850523E-04 ; écart en DQ = 0.683902E-03
       Itération 99 : écart en DZ = 0.850352E-04 ; écart en DQ = 0.683765E-03
       Z : Pm   40406.00 du bief   4 ; Q : Pm   40456.00 du bief   4
       Residu : 0.448904E+00(004: 40406.00)
 Err002 à  02:07:21:40 + 20.000 : NON CONVERGENCE des itérations 
       écart relatif (à Ymax et Qmax) trop grand après 99 itérations
       Itération 98 : écart en DZ = 0.542197E-04 ; écart en DQ = 0.435905E-03
       Itération 99 : écart en DZ = 0.539597E-04 ; écart en DQ = 0.433813E-03
       Z : Pm   40406.00 du bief   4 ; Q : Pm   40456.00 du bief   4
       Residu : 0.285550E+00(004: 40406.00)
 Err002 à  02:07:22:00 + 20.000 : NON CONVERGENCE des itérations 
       écart relatif (à Ymax et Qmax) trop grand après 99 itérations
       Itération 98 : écart en DZ = 0.346117E-04 ; écart en DQ = 0.278217E-03
       Itération 99 : écart en DZ = 0.342879E-04 ; écart en DQ = 0.275614E-03
       Z : Pm   40406.00 du bief   4 ; Q : Pm   40456.00 du bief   4
       Residu : 0.181889E+00(004: 40406.00)
 Err002 à  02:07:22:20 + 20.000 : NON CONVERGENCE des itérations 
       écart relatif (à Ymax et Qmax) trop grand après 99 itérations
       Itération 98 : écart en DZ = 0.221211E-04 ; écart en DQ = 0.177784E-03
       Itération 99 : écart en DZ = 0.218140E-04 ; écart en DQ = 0.175316E-03
       Z : Pm   40406.00 du bief   4 ; Q : Pm   40456.00 du bief   4
       Residu : 0.115998E+00(004: 40406.00)
 Err001 à  02:07:24:20 + 100 : DIVERGENCE des itérations (Debord)
       écart relatif (à Ymax et Qmax) croissant entre 2 itérées successives
       Itération 07 : écart en DZ = 0.152869E+00 ; écart en DQ = 0.642536E+00
       Itération 08 : écart en DZ = 0.346410E+00 ; écart en DQ = 0.138492E+01
       Z : Pm   40406.00 du bief   4 ; Q : Pm   40456.00 du bief   4
 Err001 à  02:07:26:00 + 100 : DIVERGENCE des itérations (Debord)
       écart relatif (à Ymax et Qmax) croissant entre 2 itérées successives
       Itération 07 : écart en DZ = 0.140710E+00 ; écart en DQ = 0.587935E+00
       Itération 08 : écart en DZ = 0.304564E+00 ; écart en DQ = 0.121454E+01
       Z : Pm   40406.00 du bief   4 ; Q : Pm   40456.00 du bief   4
 Err001 à  02:07:27:40 + 100 : DIVERGENCE des itérations (Debord)
       écart relatif (à Ymax et Qmax) croissant entre 2 itérées successives
       Itération 07 : écart en DZ = 0.108182E+00 ; écart en DQ = 0.448479E+00
       Itération 08 : écart en DZ = 0.221871E+00 ; écart en DQ = 0.886974E+00
       Z : Pm   40406.00 du bief   4 ; Q : Pm   40456.00 du bief   4
 Err001 à  02:07:29:20 + 40.000 : DIVERGENCE des itérations (Debord)
       écart relatif (à Ymax et Qmax) croissant entre 2 itérées successives
       Itération 07 : écart en DZ = 0.156936E-02 ; écart en DQ = 0.983841E-02
       Itération 08 : écart en DZ = 0.229337E-02 ; écart en DQ = 0.143728E-01
       Z : Pm   40456.00 du bief   4 ; Q : Pm   40456.00 du bief   4
 Err001 à  02:07:30:00 + 40.000 : DIVERGENCE des itérations (Debord)
       écart relatif (à Ymax et Qmax) croissant entre 2 itérées successives
       Itération 07 : écart en DZ = 0.175254E-02 ; écart en DQ = 0.109693E-01
       Itération 08 : écart en DZ = 0.253897E-02 ; écart en DQ = 0.158863E-01
       Z : Pm   40456.00 du bief   4 ; Q : Pm   40456.00 du bief   4
 Err001 à  02:07:30:40 + 40.000 : DIVERGENCE des itérations (Debord)
       écart relatif (à Ymax et Qmax) croissant entre 2 itérées successives
       Itération 07 : écart en DZ = 0.170277E-02 ; écart en DQ = 0.106368E-01
       Itération 08 : écart en DZ = 0.243816E-02 ; écart en DQ = 0.152255E-01
       Z : Pm   40456.00 du bief   4 ; Q : Pm   40456.00 du bief   4
 Err001 à  02:07:31:20 + 40.000 : DIVERGENCE des itérations (Debord)
       écart relatif (à Ymax et Qmax) croissant entre 2 itérées successives
       Itération 07 : écart en DZ = 0.151029E-02 ; écart en DQ = 0.941570E-02
       Itération 08 : écart en DZ = 0.213613E-02 ; écart en DQ = 0.133134E-01
       Z : Pm   40456.00 du bief   4 ; Q : Pm   40456.00 du bief   4
 Err001 à  02:07:32:00 + 40.000 : DIVERGENCE des itérations (Debord)
       écart relatif (à Ymax et Qmax) croissant entre 2 itérées successives
       Itération 07 : écart en DZ = 0.137758E-02 ; écart en DQ = 0.857203E-02
       Itération 08 : écart en DZ = 0.192726E-02 ; écart en DQ = 0.119892E-01
       Z : Pm   40456.00 du bief   4 ; Q : Pm   40456.00 du bief   4
 Err001 à  02:07:32:40 + 40.000 : DIVERGENCE des itérations (Debord)
       écart relatif (à Ymax et Qmax) croissant entre 2 itérées successives
       Itération 07 : écart en DZ = 0.127069E-02 ; écart en DQ = 0.789195E-02
       Itération 08 : écart en DZ = 0.175911E-02 ; écart en DQ = 0.109226E-01
       Z : Pm   40456.00 du bief   4 ; Q : Pm   40456.00 du bief   4
 Err001 à  02:07:33:20 + 40.000 : DIVERGENCE des itérations (Debord)
       écart relatif (à Ymax et Qmax) croissant entre 2 itérées successives
       Itération 07 : écart en DZ = 0.117286E-02 ; écart en DQ = 0.727068E-02
       Itération 08 : écart en DZ = 0.160699E-02 ; écart en DQ = 0.995950E-02
       Z : Pm   40456.00 du bief   4 ; Q : Pm   40456.00 du bief   4
 Err001 à  02:07:34:00 + 40.000 : DIVERGENCE des itérations (Debord)
       écart relatif (à Ymax et Qmax) croissant entre 2 itérées successives
       Itération 07 : écart en DZ = 0.107263E-02 ; écart en DQ = 0.663669E-02
       Itération 08 : écart en DZ = 0.145478E-02 ; écart en DQ = 0.899921E-02
       Z : Pm   40456.00 du bief   4 ; Q : Pm   40456.00 du bief   4
 Err001 à  02:07:34:40 + 40.000 : DIVERGENCE des itérations (Debord)
       écart relatif (à Ymax et Qmax) croissant entre 2 itérées successives
       Itération 07 : écart en DZ = 0.988302E-03 ; écart en DQ = 0.610417E-02
       Itération 08 : écart en DZ = 0.132663E-02 ; écart en DQ = 0.819213E-02
       Z : Pm   40456.00 du bief   4 ; Q : Pm   40456.00 du bief   4
 Err001 à  02:07:35:20 + 40.000 : DIVERGENCE des itérations (Debord)
       écart relatif (à Ymax et Qmax) croissant entre 2 itérées successives
       Itération 07 : écart en DZ = 0.929910E-03 ; écart en DQ = 0.573302E-02
       Itération 08 : écart en DZ = 0.123586E-02 ; écart en DQ = 0.761769E-02
       Z : Pm   40456.00 du bief   4 ; Q : Pm   40456.00 du bief   4
 Err001 à  02:07:36:00 + 40.000 : DIVERGENCE des itérations (Debord)
       écart relatif (à Ymax et Qmax) croissant entre 2 itérées successives
       Itération 07 : écart en DZ = 0.869539E-03 ; écart en DQ = 0.535099E-02
       Itération 08 : écart en DZ = 0.114430E-02 ; écart en DQ = 0.704047E-02
       Z : Pm   40456.00 du bief   4 ; Q : Pm   40456.00 du bief   4
 Err001 à  02:07:36:40 + 40.000 : DIVERGENCE des itérations (Debord)
       écart relatif (à Ymax et Qmax) croissant entre 2 itérées successives
       Itération 07 : écart en DZ = 0.813731E-03 ; écart en DQ = 0.499835E-02
       Itération 08 : écart en DZ = 0.106041E-02 ; écart en DQ = 0.651238E-02
       Z : Pm   40456.00 du bief   4 ; Q : Pm   40456.00 du bief   4
 Err001 à  02:07:37:20 + 40.000 : DIVERGENCE des itérations (Debord)
       écart relatif (à Ymax et Qmax) croissant entre 2 itérées successives
       Itération 07 : écart en DZ = 0.761491E-03 ; écart en DQ = 0.466886E-02
       Itération 08 : écart en DZ = 0.982699E-03 ; écart en DQ = 0.602405E-02
       Z : Pm   40456.00 du bief   4 ; Q : Pm   40456.00 du bief   4
 Err001 à  02:07:38:00 + 40.000 : DIVERGENCE des itérations (Debord)
       écart relatif (à Ymax et Qmax) croissant entre 2 itérées successives
       Itération 07 : écart en DZ = 0.713065E-03 ; écart en DQ = 0.436388E-02
       Itération 08 : écart en DZ = 0.911304E-03 ; écart en DQ = 0.557612E-02
       Z : Pm   40456.00 du bief   4 ; Q : Pm   40456.00 du bief   4
 Err001 à  02:07:38:40 + 40.000 : DIVERGENCE des itérations (Debord)
       écart relatif (à Ymax et Qmax) croissant entre 2 itérées successives
       Itération 07 : écart en DZ = 0.668114E-03 ; écart en DQ = 0.408122E-02
       Itération 08 : écart en DZ = 0.845634E-03 ; écart en DQ = 0.516474E-02
       Z : Pm   40456.00 du bief   4 ; Q : Pm   40456.00 du bief   4
 Err001 à  02:07:39:20 + 40.000 : DIVERGENCE des itérations (Debord)
       écart relatif (à Ymax et Qmax) croissant entre 2 itérées successives
       Itération 07 : écart en DZ = 0.625488E-03 ; écart en DQ = 0.381374E-02
       Itération 08 : écart en DZ = 0.784072E-03 ; écart en DQ = 0.477988E-02
       Z : Pm   40456.00 du bief   4 ; Q : Pm   40456.00 du bief   4
 Err001 à  02:07:40:00 + 40.000 : DIVERGENCE des itérations (Debord)
       écart relatif (à Ymax et Qmax) croissant entre 2 itérées successives
       Itération 07 : écart en DZ = 0.586668E-03 ; écart en DQ = 0.357040E-02
       Itération 08 : écart en DZ = 0.728384E-03 ; écart en DQ = 0.443214E-02
       Z : Pm   40456.00 du bief   4 ; Q : Pm   40456.00 du bief   4
 Err001 à  02:07:40:40 + 40.000 : DIVERGENCE des itérations (Debord)
       écart relatif (à Ymax et Qmax) croissant entre 2 itérées successives
       Itération 07 : écart en DZ = 0.550697E-03 ; écart en DQ = 0.334523E-02
       Itération 08 : écart en DZ = 0.677212E-03 ; écart en DQ = 0.411309E-02
       Z : Pm   40456.00 du bief   4 ; Q : Pm   40456.00 du bief   4
 Err001 à  02:07:41:20 + 40.000 : DIVERGENCE des itérations (Debord)
       écart relatif (à Ymax et Qmax) croissant entre 2 itérées successives
       Itération 07 : écart en DZ = 0.517019E-03 ; écart en DQ = 0.313478E-02
       Itération 08 : écart en DZ = 0.629757E-03 ; écart en DQ = 0.381772E-02
       Z : Pm   40456.00 du bief   4 ; Q : Pm   40456.00 du bief   4
 Err001 à  02:07:42:00 + 40.000 : DIVERGENCE des itérations (Debord)
       écart relatif (à Ymax et Qmax) croissant entre 2 itérées successives
       Itération 07 : écart en DZ = 0.485410E-03 ; écart en DQ = 0.293761E-02
       Itération 08 : écart en DZ = 0.585652E-03 ; écart en DQ = 0.354368E-02
       Z : Pm   40456.00 du bief   4 ; Q : Pm   40456.00 du bief   4
 Err001 à  02:07:42:40 + 40.000 : DIVERGENCE des itérations (Debord)
       écart relatif (à Ymax et Qmax) croissant entre 2 itérées successives
       Itération 07 : écart en DZ = 0.456534E-03 ; écart en DQ = 0.275765E-02
       Itération 08 : écart en DZ = 0.545618E-03 ; écart en DQ = 0.329522E-02
       Z : Pm   40456.00 du bief   4 ; Q : Pm   40456.00 du bief   4
 Err001 à  02:07:43:20 + 40.000 : DIVERGENCE des itérations (Debord)
       écart relatif (à Ymax et Qmax) croissant entre 2 itérées successives
       Itération 07 : écart en DZ = 0.429091E-03 ; écart en DQ = 0.258699E-02
       Itération 08 : écart en DZ = 0.507984E-03 ; écart en DQ = 0.306213E-02
       Z : Pm   40456.00 du bief   4 ; Q : Pm   40456.00 du bief   4
 Err001 à  02:07:44:00 + 40.000 : DIVERGENCE des itérations (Debord)
       écart relatif (à Ymax et Qmax) croissant entre 2 itérées successives
       Itération 07 : écart en DZ = 0.403434E-03 ; écart en DQ = 0.242768E-02
       Itération 08 : écart en DZ = 0.473117E-03 ; écart en DQ = 0.284653E-02
       Z : Pm   40456.00 du bief   4 ; Q : Pm   40456.00 du bief   4
 Err001 à  02:07:44:40 + 40.000 : DIVERGENCE des itérations (Debord)
       écart relatif (à Ymax et Qmax) croissant entre 2 itérées successives
       Itération 07 : écart en DZ = 0.379454E-03 ; écart en DQ = 0.227903E-02
       Itération 08 : écart en DZ = 0.440818E-03 ; écart en DQ = 0.264714E-02
       Z : Pm   40456.00 du bief   4 ; Q : Pm   40456.00 du bief   4
 Err001 à  02:07:45:20 + 40.000 : DIVERGENCE des itérations (Debord)
       écart relatif (à Ymax et Qmax) croissant entre 2 itérées successives
       Itération 07 : écart en DZ = 0.357017E-03 ; écart en DQ = 0.214016E-02
       Itération 08 : écart en DZ = 0.410867E-03 ; écart en DQ = 0.246254E-02
       Z : Pm   40456.00 du bief   4 ; Q : Pm   40456.00 du bief   4
 Err001 à  02:07:46:00 + 40.000 : DIVERGENCE des itérations (Debord)
       écart relatif (à Ymax et Qmax) croissant entre 2 itérées successives
       Itération 07 : écart en DZ = 0.336006E-03 ; écart en DQ = 0.201033E-02
       Itération 08 : écart en DZ = 0.383070E-03 ; écart en DQ = 0.229151E-02
       Z : Pm   40456.00 du bief   4 ; Q : Pm   40456.00 du bief   4
 Err001 à  02:07:46:40 + 40.000 : DIVERGENCE des itérations (Debord)
       écart relatif (à Ymax et Qmax) croissant entre 2 itérées successives
       Itération 07 : écart en DZ = 0.316318E-03 ; écart en DQ = 0.188888E-02
       Itération 08 : écart en DZ = 0.357257E-03 ; écart en DQ = 0.213295E-02
       Z : Pm   40456.00 du bief   4 ; Q : Pm   40456.00 du bief   4
 Err001 à  02:07:47:20 + 40.000 : DIVERGENCE des itérations (Debord)
       écart relatif (à Ymax et Qmax) croissant entre 2 itérées successives
       Itération 07 : écart en DZ = 0.297856E-03 ; écart en DQ = 0.177518E-02
       Itération 08 : écart en DZ = 0.333269E-03 ; écart en DQ = 0.198585E-02
       Z : Pm   40456.00 du bief   4 ; Q : Pm   40456.00 du bief   4
 Err001 à  02:07:48:00 + 40.000 : DIVERGENCE des itérations (Debord)
       écart relatif (à Ymax et Qmax) croissant entre 2 itérées successives
       Itération 07 : écart en DZ = 0.544816E-03 ; écart en DQ = 0.308374E-02
       Itération 08 : écart en DZ = 0.637934E-03 ; écart en DQ = 0.363552E-02
       Z : Pm   40456.00 du bief   4 ; Q : Pm   40406.00 du bief   4
 Err001 à  02:07:48:40 + 40.000 : DIVERGENCE des itérations (Debord)
       écart relatif (à Ymax et Qmax) croissant entre 2 itérées successives
       Itération 07 : écart en DZ = 0.169026E-03 ; écart en DQ = 0.100188E-02
       Itération 08 : écart en DZ = 0.185892E-03 ; écart en DQ = 0.110167E-02
       Z : Pm   40456.00 du bief   4 ; Q : Pm   40456.00 du bief   4
 Err001 à  02:07:49:20 + 40.000 : DIVERGENCE des itérations (Debord)
       écart relatif (à Ymax et Qmax) croissant entre 2 itérées successives
       Itération 07 : écart en DZ = 0.234921E-03 ; écart en DQ = 0.139077E-02
       Itération 08 : écart en DZ = 0.255731E-03 ; écart en DQ = 0.151364E-02
       Z : Pm   40456.00 du bief   4 ; Q : Pm   40456.00 du bief   4
 Err001 à  02:07:50:00 + 40.000 : DIVERGENCE des itérations (Debord)
       écart relatif (à Ymax et Qmax) croissant entre 2 itérées successives
       Itération 07 : écart en DZ = 0.234097E-03 ; écart en DQ = 0.138315E-02
       Itération 08 : écart en DZ = 0.252888E-03 ; écart en DQ = 0.149386E-02
       Z : Pm   40456.00 du bief   4 ; Q : Pm   40456.00 du bief   4
 Err001 à  02:07:50:40 + 40.000 : DIVERGENCE des itérations (Debord)
       écart relatif (à Ymax et Qmax) croissant entre 2 itérées successives
       Itération 07 : écart en DZ = 0.226883E-03 ; écart en DQ = 0.133767E-02
       Itération 08 : écart en DZ = 0.242925E-03 ; écart en DQ = 0.143192E-02
       Z : Pm   40456.00 du bief   4 ; Q : Pm   40456.00 du bief   4
 Err001 à  02:07:51:20 + 40.000 : DIVERGENCE des itérations (Debord)
       écart relatif (à Ymax et Qmax) croissant entre 2 itérées successives
       Itération 07 : écart en DZ = 0.223215E-03 ; écart en DQ = 0.131321E-02
       Itération 08 : écart en DZ = 0.236768E-03 ; écart en DQ = 0.139275E-02
       Z : Pm   40456.00 du bief   4 ; Q : Pm   40456.00 du bief   4
 Err001 à  02:07:52:00 + 40.000 : DIVERGENCE des itérations (Debord)
       écart relatif (à Ymax et Qmax) croissant entre 2 itérées successives
       Itération 07 : écart en DZ = 0.178576E-03 ; écart en DQ = 0.104886E-02
       Itération 08 : écart en DZ = 0.187711E-03 ; écart en DQ = 0.110231E-02
       Z : Pm   40456.00 du bief   4 ; Q : Pm   40406.00 du bief   4
 Err001 à  02:07:52:40 + 40.000 : DIVERGENCE des itérations (Debord)
       écart relatif (à Ymax et Qmax) croissant entre 2 itérées successives
       Itération 07 : écart en DZ = 0.151185E-03 ; écart en DQ = 0.887084E-03
       Itération 08 : écart en DZ = 0.157255E-03 ; écart en DQ = 0.922488E-03
       Z : Pm   40456.00 du bief   4 ; Q : Pm   40406.00 du bief   4
 Err001 à  02:07:53:20 + 40.000 : DIVERGENCE des itérations (Debord)
       écart relatif (à Ymax et Qmax) croissant entre 2 itérées successives
       Itération 07 : écart en DZ = 0.166457E-03 ; écart en DQ = 0.975315E-03
       Itération 08 : écart en DZ = 0.171692E-03 ; écart en DQ = 0.100577E-02
       Z : Pm   40456.00 du bief   4 ; Q : Pm   40406.00 du bief   4
 Err001 à  02:07:54:00 + 40.000 : DIVERGENCE des itérations (Debord)
       écart relatif (à Ymax et Qmax) croissant entre 2 itérées successives
       Itération 07 : écart en DZ = 0.161379E-03 ; écart en DQ = 0.944229E-03
       Itération 08 : écart en DZ = 0.165098E-03 ; écart en DQ = 0.965776E-03
       Z : Pm   40456.00 du bief   4 ; Q : Pm   40406.00 du bief   4
 Err001 à  02:07:54:40 + 40.000 : DIVERGENCE des itérations (Debord)
       écart relatif (à Ymax et Qmax) croissant entre 2 itérées successives
       Itération 07 : écart en DZ = 0.154236E-03 ; écart en DQ = 0.901150E-03
       Itération 08 : écart en DZ = 0.156440E-03 ; écart en DQ = 0.913821E-03
       Z : Pm   40456.00 du bief   4 ; Q : Pm   40406.00 du bief   4
 Err002 à  02:07:55:20 + 40.000 : NON CONVERGENCE des itérations 
       écart relatif (à Ymax et Qmax) trop grand après 99 itérations
       Itération 98 : écart en DZ = 0.238059E-03 ; écart en DQ = 0.138863E-02
       Itération 99 : écart en DZ = 0.239328E-03 ; écart en DQ = 0.139604E-02
       Z : Pm   40456.00 du bief   4 ; Q : Pm   40406.00 du bief   4
       Residu : 0.448933E+00(004: 40406.00)
 Err002 à  02:07:56:00 + 40.000 : NON CONVERGENCE des itérations 
       écart relatif (à Ymax et Qmax) trop grand après 99 itérations
       Itération 98 : écart en DZ = 0.100310E-03 ; écart en DQ = 0.584255E-03
       Itération 99 : écart en DZ = 0.999483E-04 ; écart en DQ = 0.582147E-03
       Z : Pm   40456.00 du bief   4 ; Q : Pm   40406.00 du bief   4
       Residu : 0.188133E+00(004: 40406.00)
 Err001 à  02:08:00:00 + 200 : DIVERGENCE des itérations (Debord)
       écart relatif (à Ymax et Qmax) croissant entre 2 itérées successives
       Itération 07 : écart en DZ = 0.127700E-01 ; écart en DQ = 0.331656E-01
       Itération 08 : écart en DZ = 0.195183E-01 ; écart en DQ = 0.505496E-01
       Z : Pm   40456.00 du bief   4 ; Q : Pm   40406.00 du bief   4
 Err001 à  02:08:03:20 + 200 : DIVERGENCE des itérations (Debord)
       écart relatif (à Ymax et Qmax) croissant entre 2 itérées successives
       Itération 07 : écart en DZ = 0.733144E-02 ; écart en DQ = 0.187986E-01
       Itération 08 : écart en DZ = 0.105568E-01 ; écart en DQ = 0.270073E-01
       Z : Pm   40456.00 du bief   4 ; Q : Pm   40406.00 du bief   4
 Err001 à  02:08:06:40 + 200 : DIVERGENCE des itérations (Debord)
       écart relatif (à Ymax et Qmax) croissant entre 2 itérées successives
       Itération 07 : écart en DZ = 0.499571E-02 ; écart en DQ = 0.126027E-01
       Itération 08 : écart en DZ = 0.680500E-02 ; écart en DQ = 0.171419E-01
       Z : Pm   40456.00 du bief   4 ; Q : Pm   40406.00 du bief   4
 Err001 à  02:08:10:00 + 200 : DIVERGENCE des itérations (Debord)
       écart relatif (à Ymax et Qmax) croissant entre 2 itérées successives
       Itération 07 : écart en DZ = 0.457212E-02 ; écart en DQ = 0.113770E-01
       Itération 08 : écart en DZ = 0.597007E-02 ; écart en DQ = 0.148371E-01
       Z : Pm   40456.00 du bief   4 ; Q : Pm   40406.00 du bief   4
 Err001 à  02:08:13:20 + 200 : DIVERGENCE des itérations (Debord)
       écart relatif (à Ymax et Qmax) croissant entre 2 itérées successives
       Itération 07 : écart en DZ = 0.268361E-02 ; écart en DQ = 0.657480E-02
       Itération 08 : écart en DZ = 0.332688E-02 ; écart en DQ = 0.814991E-02
       Z : Pm   40456.00 du bief   4 ; Q : Pm   40406.00 du bief   4
 Err001 à  02:08:16:40 + 200 : DIVERGENCE des itérations (Debord)
       écart relatif (à Ymax et Qmax) croissant entre 2 itérées successives
       Itération 07 : écart en DZ = 0.228387E-02 ; écart en DQ = 0.548775E-02
       Itération 08 : écart en DZ = 0.267169E-02 ; écart en DQ = 0.641558E-02
       Z : Pm   40456.00 du bief   4 ; Q : Pm   40406.00 du bief   4
 Err001 à  02:08:20:00 + 200 : DIVERGENCE des itérations (Debord)
       écart relatif (à Ymax et Qmax) croissant entre 2 itérées successives
       Itération 07 : écart en DZ = 0.153276E-02 ; écart en DQ = 0.360454E-02
       Itération 08 : écart en DZ = 0.167714E-02 ; écart en DQ = 0.394204E-02
       Z : Pm   40456.00 du bief   4 ; Q : Pm   40406.00 du bief   4
 Err001 à  02:08:23:20 + 200 : DIVERGENCE des itérations (Debord)
       écart relatif (à Ymax et Qmax) croissant entre 2 itérées successives
       Itération 07 : écart en DZ = 0.103729E-02 ; écart en DQ = 0.239114E-02
       Itération 08 : écart en DZ = 0.107258E-02 ; écart en DQ = 0.247114E-02
       Z : Pm   40456.00 du bief   4 ; Q : Pm   40406.00 du bief   4
 Err010 à  02:11:20:00              : INSTABILITÉ NUMÉRIQUE (Froude grand)
       Froude = 0.16E+01 au Pm   52550.00 du Bief 001
       Vitesse =  5.835 Largeur =  114.868 Section =   165.27 Hauteur =  2.128
 Err010 à  02:11:12:00              : INSTABILITÉ NUMÉRIQUE (Froude grand)
       Froude = 0.10E+09 au Pm   36944.00 du Bief 006
       Vitesse = ****** Largeur =    0.131 Section =     0.00 Hauteur =  0.001
 Err001 à  02:11:10:00 + 24.000 : DIVERGENCE des itérations (Debord)
       écart relatif (à Ymax et Qmax) croissant entre 2 itérées successives
       Itération 07 : écart en DZ = 0.407123E-01 ; écart en DQ = 0.280303E+00
       Itération 08 : écart en DZ = 0.709884E-01 ; écart en DQ = 0.454169E+00
       Z : Pm   39692.00 du bief   4 ; Q : Pm   39738.00 du bief   4
 Err002 à  02:11:10:00 + 4.000 : NON CONVERGENCE des itérations 
       écart relatif (à Ymax et Qmax) trop grand après 99 itérations
       Itération 98 : écart en DZ = 0.134564E-03 ; écart en DQ = 0.123793E-02
       Itération 99 : écart en DZ = 0.135897E-03 ; écart en DQ = 0.125020E-02
       Z : Pm   39692.00 du bief   4 ; Q : Pm   39738.00 du bief   4
       Residu : 0.134657E+01(004: 39692.00)
 Err001 à  02:11:10:05 + 5.000 : DIVERGENCE des itérations (Debord)
       écart relatif (à Ymax et Qmax) croissant entre 2 itérées successives
       Itération 07 : écart en DZ = 0.181716E-03 ; écart en DQ = 0.163996E-02
       Itération 08 : écart en DZ = 0.233096E-03 ; écart en DQ = 0.210326E-02
       Z : Pm   39692.00 du bief   4 ; Q : Pm   39738.00 du bief   4
 Err001 à  02:11:10:10 + 5.000 : DIVERGENCE des itérations (Debord)
       écart relatif (à Ymax et Qmax) croissant entre 2 itérées successives
       Itération 07 : écart en DZ = 0.171279E-03 ; écart en DQ = 0.154594E-02
       Itération 08 : écart en DZ = 0.222602E-03 ; écart en DQ = 0.200879E-02
       Z : Pm   39692.00 du bief   4 ; Q : Pm   39738.00 du bief   4
 Err001 à  02:11:10:15 + 5.000 : DIVERGENCE des itérations (Debord)
       écart relatif (à Ymax et Qmax) croissant entre 2 itérées successives
       Itération 07 : écart en DZ = 0.182783E-03 ; écart en DQ = 0.164984E-02
       Itération 08 : écart en DZ = 0.240433E-03 ; écart en DQ = 0.216975E-02
       Z : Pm   39692.00 du bief   4 ; Q : Pm   39738.00 du bief   4
 Err001 à  02:11:10:20 + 5.000 : DIVERGENCE des itérations (Debord)
       écart relatif (à Ymax et Qmax) croissant entre 2 itérées successives
       Itération 07 : écart en DZ = 0.184688E-03 ; écart en DQ = 0.166707E-02
       Itération 08 : écart en DZ = 0.245809E-03 ; écart en DQ = 0.221830E-02
       Z : Pm   39692.00 du bief   4 ; Q : Pm   39738.00 du bief   4
 Err001 à  02:11:10:25 + 5.000 : DIVERGENCE des itérations (Debord)
       écart relatif (à Ymax et Qmax) croissant entre 2 itérées successives
       Itération 07 : écart en DZ = 0.197146E-03 ; écart en DQ = 0.177956E-02
       Itération 08 : écart en DZ = 0.265359E-03 ; écart en DQ = 0.239473E-02
       Z : Pm   39692.00 du bief   4 ; Q : Pm   39738.00 du bief   4
 Err001 à  02:11:10:30 + 5.000 : DIVERGENCE des itérations (Debord)
       écart relatif (à Ymax et Qmax) croissant entre 2 itérées successives
       Itération 07 : écart en DZ = 0.220956E-03 ; écart en DQ = 0.199452E-02
       Itération 08 : écart en DZ = 0.300720E-03 ; écart en DQ = 0.271380E-02
       Z : Pm   39692.00 du bief   4 ; Q : Pm   39738.00 du bief   4
 Err001 à  02:11:10:35 + 5.000 : DIVERGENCE des itérations (Debord)
       écart relatif (à Ymax et Qmax) croissant entre 2 itérées successives
       Itération 07 : écart en DZ = 0.244601E-03 ; écart en DQ = 0.220800E-02
       Itération 08 : écart en DZ = 0.336686E-03 ; écart en DQ = 0.303832E-02
       Z : Pm   39692.00 du bief   4 ; Q : Pm   39738.00 du bief   4
 Err001 à  02:11:10:40 + 5.000 : DIVERGENCE des itérations (Debord)
       écart relatif (à Ymax et Qmax) croissant entre 2 itérées successives
       Itération 07 : écart en DZ = 0.267177E-03 ; écart en DQ = 0.241183E-02
       Itération 08 : écart en DZ = 0.372007E-03 ; écart en DQ = 0.335701E-02
       Z : Pm   39692.00 du bief   4 ; Q : Pm   39738.00 du bief   4
 Err001 à  02:11:10:45 + 5.000 : DIVERGENCE des itérations (Debord)
       écart relatif (à Ymax et Qmax) croissant entre 2 itérées successives
       Itération 07 : écart en DZ = 0.287872E-03 ; écart en DQ = 0.259870E-02
       Itération 08 : écart en DZ = 0.405560E-03 ; écart en DQ = 0.365975E-02
       Z : Pm   39692.00 du bief   4 ; Q : Pm   39738.00 du bief   4
 Err001 à  02:11:10:50 + 5.000 : DIVERGENCE des itérations (Debord)
       écart relatif (à Ymax et Qmax) croissant entre 2 itérées successives
       Itération 07 : écart en DZ = 0.308431E-03 ; écart en DQ = 0.278435E-02
       Itération 08 : écart en DZ = 0.439729E-03 ; écart en DQ = 0.396804E-02
       Z : Pm   39692.00 du bief   4 ; Q : Pm   39738.00 du bief   4
 Err001 à  02:11:10:55 + 5.000 : DIVERGENCE des itérations (Debord)
       écart relatif (à Ymax et Qmax) croissant entre 2 itérées successives
       Itération 07 : écart en DZ = 0.330266E-03 ; écart en DQ = 0.298152E-02
       Itération 08 : écart en DZ = 0.476511E-03 ; écart en DQ = 0.429989E-02
       Z : Pm   39692.00 du bief   4 ; Q : Pm   39738.00 du bief   4
 Err001 à  02:11:11:00 + 5.000 : DIVERGENCE des itérations (Debord)
       écart relatif (à Ymax et Qmax) croissant entre 2 itérées successives
       Itération 07 : écart en DZ = 0.354531E-03 ; écart en DQ = 0.320065E-02
       Itération 08 : écart en DZ = 0.517651E-03 ; écart en DQ = 0.467104E-02
       Z : Pm   39692.00 du bief   4 ; Q : Pm   39738.00 du bief   4
 Err001 à  02:11:11:05 + 5.000 : DIVERGENCE des itérations (Debord)
       écart relatif (à Ymax et Qmax) croissant entre 2 itérées successives
       Itération 07 : écart en DZ = 0.385325E-03 ; écart en DQ = 0.347874E-02
       Itération 08 : écart en DZ = 0.569362E-03 ; écart en DQ = 0.513752E-02
       Z : Pm   39692.00 du bief   4 ; Q : Pm   39738.00 du bief   4
 Err001 à  02:11:11:10 + 5.000 : DIVERGENCE des itérations (Debord)
       écart relatif (à Ymax et Qmax) croissant entre 2 itérées successives
       Itération 07 : écart en DZ = 0.419409E-03 ; écart en DQ = 0.378655E-02
       Itération 08 : écart en DZ = 0.627252E-03 ; écart en DQ = 0.565973E-02
       Z : Pm   39692.00 du bief   4 ; Q : Pm   39738.00 du bief   4
 Err001 à  02:11:11:15 + 5.000 : DIVERGENCE des itérations (Debord)
       écart relatif (à Ymax et Qmax) croissant entre 2 itérées successives
       Itération 07 : écart en DZ = 0.454660E-03 ; écart en DQ = 0.410492E-02
       Itération 08 : écart en DZ = 0.688339E-03 ; écart en DQ = 0.621074E-02
       Z : Pm   39692.00 du bief   4 ; Q : Pm   39738.00 du bief   4
 Err001 à  02:11:11:20 + 5.000 : DIVERGENCE des itérations (Debord)
       écart relatif (à Ymax et Qmax) croissant entre 2 itérées successives
       Itération 07 : écart en DZ = 0.492988E-03 ; écart en DQ = 0.445109E-02
       Itération 08 : écart en DZ = 0.755613E-03 ; écart en DQ = 0.681751E-02
       Z : Pm   39692.00 du bief   4 ; Q : Pm   39738.00 du bief   4
 Err001 à  02:11:11:25 + 5.000 : DIVERGENCE des itérations (Debord)
       écart relatif (à Ymax et Qmax) croissant entre 2 itérées successives
       Itération 07 : écart en DZ = 0.534965E-03 ; écart en DQ = 0.483024E-02
       Itération 08 : écart en DZ = 0.830175E-03 ; écart en DQ = 0.748996E-02
       Z : Pm   39692.00 du bief   4 ; Q : Pm   39738.00 du bief   4
 Err001 à  02:11:11:30 + 5.000 : DIVERGENCE des itérations (Debord)
       écart relatif (à Ymax et Qmax) croissant entre 2 itérées successives
       Itération 07 : écart en DZ = 0.580415E-03 ; écart en DQ = 0.524078E-02
       Itération 08 : écart en DZ = 0.912029E-03 ; écart en DQ = 0.822811E-02
       Z : Pm   39692.00 du bief   4 ; Q : Pm   39738.00 du bief   4
 Err001 à  02:11:11:35 + 5.000 : DIVERGENCE des itérations (Debord)
       écart relatif (à Ymax et Qmax) croissant entre 2 itérées successives
       Itération 07 : écart en DZ = 0.632235E-03 ; écart en DQ = 0.570888E-02
       Itération 08 : écart en DZ = 0.100604E-02 ; écart en DQ = 0.907549E-02
       Z : Pm   39692.00 du bief   4 ; Q : Pm   39738.00 du bief   4
 Err001 à  02:11:11:40 + 5.000 : DIVERGENCE des itérations (Debord)
       écart relatif (à Ymax et Qmax) croissant entre 2 itérées successives
       Itération 07 : écart en DZ = 0.690255E-03 ; écart en DQ = 0.623302E-02
       Itération 08 : écart en DZ = 0.111243E-02 ; écart en DQ = 0.100341E-01
       Z : Pm   39692.00 du bief   4 ; Q : Pm   39738.00 du bief   4
 Err001 à  02:11:11:45 + 5.000 : DIVERGENCE des itérations (Debord)
       écart relatif (à Ymax et Qmax) croissant entre 2 itérées successives
       Itération 07 : écart en DZ = 0.752711E-03 ; écart en DQ = 0.679728E-02
       Itération 08 : écart en DZ = 0.122885E-02 ; écart en DQ = 0.110830E-01
       Z : Pm   39692.00 du bief   4 ; Q : Pm   39738.00 du bief   4
 Err001 à  02:11:11:50 + 5.000 : DIVERGENCE des itérations (Debord)
       écart relatif (à Ymax et Qmax) croissant entre 2 itérées successives
       Itération 07 : écart en DZ = 0.821269E-03 ; écart en DQ = 0.741670E-02
       Itération 08 : écart en DZ = 0.135842E-02 ; écart en DQ = 0.122504E-01
       Z : Pm   39692.00 du bief   4 ; Q : Pm   39738.00 du bief   4
 Err001 à  02:11:11:55 + 5.000 : DIVERGENCE des itérations (Debord)
       écart relatif (à Ymax et Qmax) croissant entre 2 itérées successives
       Itération 07 : écart en DZ = 0.897373E-03 ; écart en DQ = 0.810436E-02
       Itération 08 : écart en DZ = 0.150408E-02 ; écart en DQ = 0.135626E-01
       Z : Pm   39692.00 du bief   4 ; Q : Pm   39738.00 du bief   4
 Err001 à  02:11:12:00 + 5.000 : DIVERGENCE des itérations (Debord)
       écart relatif (à Ymax et Qmax) croissant entre 2 itérées successives
       Itération 07 : écart en DZ = 0.981057E-03 ; écart en DQ = 0.886057E-02
       Itération 08 : écart en DZ = 0.166649E-02 ; écart en DQ = 0.150257E-01
       Z : Pm   39692.00 du bief   4 ; Q : Pm   39738.00 du bief   4
 Err001 à  02:11:12:05 + 5.000 : DIVERGENCE des itérations (Debord)
       écart relatif (à Ymax et Qmax) croissant entre 2 itérées successives
       Itération 07 : écart en DZ = 0.107276E-02 ; écart en DQ = 0.968935E-02
       Itération 08 : écart en DZ = 0.184707E-02 ; écart en DQ = 0.166524E-01
       Z : Pm   39692.00 du bief   4 ; Q : Pm   39738.00 du bief   4
 Err001 à  02:11:12:10 + 5.000 : DIVERGENCE des itérations (Debord)
       écart relatif (à Ymax et Qmax) croissant entre 2 itérées successives
       Itération 07 : écart en DZ = 0.117337E-02 ; écart en DQ = 0.105984E-01
       Itération 08 : écart en DZ = 0.204811E-02 ; écart en DQ = 0.184632E-01
       Z : Pm   39692.00 du bief   4 ; Q : Pm   39738.00 du bief   4
 Err001 à  02:11:12:15 + 5.000 : DIVERGENCE des itérations (Debord)
       écart relatif (à Ymax et Qmax) croissant entre 2 itérées successives
       Itération 07 : écart en DZ = 0.128514E-02 ; écart en DQ = 0.116083E-01
       Itération 08 : écart en DZ = 0.227451E-02 ; écart en DQ = 0.205021E-01
       Z : Pm   39692.00 du bief   4 ; Q : Pm   39738.00 du bief   4
 Err001 à  02:11:12:20 + 5.000 : DIVERGENCE des itérations (Debord)
       écart relatif (à Ymax et Qmax) croissant entre 2 itérées successives
       Itération 07 : écart en DZ = 0.141041E-02 ; écart en DQ = 0.127403E-01
       Itération 08 : écart en DZ = 0.253138E-02 ; écart en DQ = 0.228151E-01
       Z : Pm   39692.00 du bief   4 ; Q : Pm   39738.00 du bief   4
 Err001 à  02:11:12:25 + 5.000 : DIVERGENCE des itérations (Debord)
       écart relatif (à Ymax et Qmax) croissant entre 2 itérées successives
       Itération 07 : écart en DZ = 0.154948E-02 ; écart en DQ = 0.139972E-01
       Itération 08 : écart en DZ = 0.282059E-02 ; écart en DQ = 0.254190E-01
       Z : Pm   39692.00 du bief   4 ; Q : Pm   39738.00 du bief   4
 Err001 à  02:11:12:30 + 5.000 : DIVERGENCE des itérations (Debord)
       écart relatif (à Ymax et Qmax) croissant entre 2 itérées successives
       Itération 07 : écart en DZ = 0.170271E-02 ; écart en DQ = 0.153823E-01
       Itération 08 : écart en DZ = 0.314414E-02 ; écart en DQ = 0.283315E-01
       Z : Pm   39692.00 du bief   4 ; Q : Pm   39738.00 du bief   4
 Err001 à  02:11:12:35 + 5.000 : DIVERGENCE des itérations (Debord)
       écart relatif (à Ymax et Qmax) croissant entre 2 itérées successives
       Itération 07 : écart en DZ = 0.187265E-02 ; écart en DQ = 0.169188E-01
       Itération 08 : écart en DZ = 0.350823E-02 ; écart en DQ = 0.316083E-01
       Z : Pm   39692.00 du bief   4 ; Q : Pm   39738.00 du bief   4
 Err001 à  02:11:12:40 + 5.000 : DIVERGENCE des itérations (Debord)
       écart relatif (à Ymax et Qmax) croissant entre 2 itérées successives
       Itération 07 : écart en DZ = 0.206303E-02 ; écart en DQ = 0.186406E-01
       Itération 08 : écart en DZ = 0.392168E-02 ; écart en DQ = 0.353284E-01
       Z : Pm   39692.00 du bief   4 ; Q : Pm   39738.00 du bief   4
 Err001 à  02:11:12:45 + 5.000 : DIVERGENCE des itérations (Debord)
       écart relatif (à Ymax et Qmax) croissant entre 2 itérées successives
       Itération 07 : écart en DZ = 0.227671E-02 ; écart en DQ = 0.205732E-01
       Itération 08 : écart en DZ = 0.439224E-02 ; écart en DQ = 0.395610E-01
       Z : Pm   39692.00 du bief   4 ; Q : Pm   39738.00 du bief   4
 Err001 à  02:11:12:50 + 5.000 : DIVERGENCE des itérations (Debord)
       écart relatif (à Ymax et Qmax) croissant entre 2 itérées successives
       Itération 07 : écart en DZ = 0.251310E-02 ; écart en DQ = 0.227116E-01
       Itération 08 : écart en DZ = 0.492114E-02 ; écart en DQ = 0.443168E-01
       Z : Pm   39692.00 du bief   4 ; Q : Pm   39738.00 du bief   4
 Err001 à  02:11:12:55 + 5.000 : DIVERGENCE des itérations (Debord)
       écart relatif (à Ymax et Qmax) croissant entre 2 itérées successives
       Itération 07 : écart en DZ = 0.541240E-01 ; écart en DQ = 0.445477E+00
       Itération 08 : écart en DZ = 0.152636E+00 ; écart en DQ = 0.134129E+01
       Z : Pm   39692.00 du bief   4 ; Q : Pm   39738.00 du bief   4
 Err001 à  02:11:13:00 + 5.000 : DIVERGENCE des itérations (Debord)
       écart relatif (à Ymax et Qmax) croissant entre 2 itérées successives
       Itération 07 : écart en DZ = 0.723541E-01 ; écart en DQ = 0.592544E+00
       Itération 08 : écart en DZ = 0.215319E+00 ; écart en DQ = 0.190560E+01
       Z : Pm   39692.00 du bief   4 ; Q : Pm   39738.00 du bief   4
 Err001 à  02:11:13:05 + 5.000 : DIVERGENCE des itérations (Debord)
       écart relatif (à Ymax et Qmax) croissant entre 2 itérées successives
       Itération 07 : écart en DZ = 0.970056E-01 ; écart en DQ = 0.795133E+00
       Itération 08 : écart en DZ = 0.304817E+00 ; écart en DQ = 0.273475E+01
       Z : Pm   39692.00 du bief   4 ; Q : Pm   39738.00 du bief   4
 Err001 à  02:11:13:10 + 5.000 : DIVERGENCE des itérations (Debord)
       écart relatif (à Ymax et Qmax) croissant entre 2 itérées successives
       Itération 07 : écart en DZ = 0.129734E+00 ; écart en DQ = 0.107266E+01
       Itération 08 : écart en DZ = 0.424948E+00 ; écart en DQ = 0.390618E+01
       Z : Pm   39692.00 du bief   4 ; Q : Pm   39738.00 du bief   4
 Err001 à  02:11:13:15 + 5.000 : DIVERGENCE des itérations (Debord)
       écart relatif (à Ymax et Qmax) croissant entre 2 itérées successives
       Itération 07 : écart en DZ = 0.165856E+00 ; écart en DQ = 0.141824E+01
       Itération 08 : écart en DZ = 0.517289E+00 ; écart en DQ = 0.499906E+01
       Z : Pm   39692.00 du bief   4 ; Q : Pm   39738.00 du bief   4
 Err001 à  02:11:13:20 + 5.000 : DIVERGENCE des itérations (Debord)
       écart relatif (à Ymax et Qmax) croissant entre 2 itérées successives
       Itération 07 : écart en DZ = 0.135998E-02 ; écart en DQ = 0.128399E-01
       Itération 08 : écart en DZ = 0.235161E-02 ; écart en DQ = 0.221297E-01
       Z : Pm   39738.00 du bief   4 ; Q : Pm   39784.00 du bief   4
 Err001 à  02:11:13:25 + 5.000 : DIVERGENCE des itérations (Debord)
       écart relatif (à Ymax et Qmax) croissant entre 2 itérées successives
       Itération 07 : écart en DZ = 0.215934E-02 ; écart en DQ = 0.203629E-01
       Itération 08 : écart en DZ = 0.400019E-02 ; écart en DQ = 0.375455E-01
       Z : Pm   39738.00 du bief   4 ; Q : Pm   39784.00 du bief   4
 Err010 à  02:11:14:20              : INSTABILITÉ NUMÉRIQUE (Froude grand)
       Froude = 0.20E+01 au Pm   39738.00 du Bief 004
       Vitesse =  7.314 Largeur =   57.233 Section =    77.19 Hauteur =  2.459
 Err010 à  02:11:14:45              : INSTABILITÉ NUMÉRIQUE (Froude grand)
       Froude = 0.25E+02 au Pm   39316.00 du Bief 004
       Vitesse = 56.667 Largeur =   26.267 Section =    13.25 Hauteur =  0.861
 Err010 à  02:12:00:00              : INSTABILITÉ NUMÉRIQUE (Froude grand)
       Froude = 0.24E+01 au Pm   39216.00 du Bief 004
       Vitesse =  5.121 Largeur =   36.592 Section =    16.43 Hauteur =  0.855
 Err001 à  02:11:50:00 + 120 : DIVERGENCE des itérations (Debord)
       écart relatif (à Ymax et Qmax) croissant entre 2 itérées successives
       Itération 07 : écart en DZ = 0.142594E-01 ; écart en DQ = 0.746416E-01
       Itération 08 : écart en DZ = 0.226012E-01 ; écart en DQ = 0.118212E+00
       Z : Pm   39586.00 du bief   4 ; Q : Pm   39466.00 du bief   4
 Err001 à  02:11:50:48 + 24.000 : DIVERGENCE des itérations (Debord)
       écart relatif (à Ymax et Qmax) croissant entre 2 itérées successives
       Itération 07 : écart en DZ = 0.571213E-01 ; écart en DQ = 0.523267E+00
       Itération 08 : écart en DZ = 0.312654E+00 ; écart en DQ = 0.408917E+01
       Z : Pm   39586.00 du bief   4 ; Q : Pm   39526.00 du bief   4
 Err001 à  02:11:50:48 + 4.000 : DIVERGENCE des itérations (Debord)
       écart relatif (à Ymax et Qmax) croissant entre 2 itérées successives
       Itération 07 : écart en DZ = 0.312450E-02 ; écart en DQ = 0.510652E-01
       Itération 08 : écart en DZ = 0.621092E-02 ; écart en DQ = 0.101327E+00
       Z : Pm   39466.00 du bief   4 ; Q : Pm   39526.00 du bief   4
 Err010 à  02:11:50:58              : INSTABILITÉ NUMÉRIQUE (Froude grand)
       Froude = 0.33E+01 au Pm   39416.00 du Bief 004
       Vitesse =  9.144 Largeur =   97.733 Section =    76.82 Hauteur =  1.891
 Err010 à  02:11:51:03              : INSTABILITÉ NUMÉRIQUE (Froude grand)
       Froude = 0.12E+02 au Pm   39466.00 du Bief 004
       Vitesse = 28.051 Largeur =   57.942 Section =    34.56 Hauteur =  1.450
 Err010 à  02:11:51:08              : INSTABILITÉ NUMÉRIQUE (Froude grand)
       Froude = 0.83E+01 au Pm   39416.00 du Bief 004
       Vitesse = 17.794 Largeur =   90.915 Section =    42.49 Hauteur =  1.528
 Err010 à  02:11:51:13              : INSTABILITÉ NUMÉRIQUE (Froude grand)
       Froude = 0.53E+01 au Pm   39416.00 du Bief 004
       Vitesse = 13.240 Largeur =   94.635 Section =    59.61 Hauteur =  1.712
 Err010 à  02:11:51:18              : INSTABILITÉ NUMÉRIQUE (Froude grand)
       Froude = 0.54E+01 au Pm   39466.00 du Bief 004
       Vitesse = 13.587 Largeur =   94.476 Section =    61.09 Hauteur =  1.780
 Err010 à  02:12:20:00              : INSTABILITÉ NUMÉRIQUE (Froude grand)
       Froude = 0.27E+14 au Pm   36213.00 du Bief 006
       Vitesse = ****** Largeur =    0.015 Section =     0.00 Hauteur =  0.001
 Err010 à  02:12:12:00              : INSTABILITÉ NUMÉRIQUE (Froude grand)
       Froude = 0.10E+09 au Pm   36944.00 du Bief 006
       Vitesse = ****** Largeur =    0.131 Section =     0.00 Hauteur =  0.001
 Err001 à  02:12:10:00 + 24.000 : DIVERGENCE des itérations (Debord)
       écart relatif (à Ymax et Qmax) croissant entre 2 itérées successives
       Itération 07 : écart en DZ = 0.123460E-01 ; écart en DQ = 0.743064E-01
       Itération 08 : écart en DZ = 0.230095E-01 ; écart en DQ = 0.134530E+00
       Z : Pm   39646.00 du bief   4 ; Q : Pm   39692.00 du bief   4
 Err001 à  02:12:10:20 + 20.000 : DIVERGENCE des itérations (Debord)
       écart relatif (à Ymax et Qmax) croissant entre 2 itérées successives
       Itération 07 : écart en DZ = 0.561551E-02 ; écart en DQ = 0.353822E-01
       Itération 08 : écart en DZ = 0.964370E-02 ; écart en DQ = 0.600023E-01
       Z : Pm   39646.00 du bief   4 ; Q : Pm   39692.00 du bief   4
 Err001 à  02:12:10:40 + 20.000 : DIVERGENCE des itérations (Debord)
       écart relatif (à Ymax et Qmax) croissant entre 2 itérées successives
       Itération 07 : écart en DZ = 0.725656E-02 ; écart en DQ = 0.457973E-01
       Itération 08 : écart en DZ = 0.129144E-01 ; écart en DQ = 0.801866E-01
       Z : Pm   39646.00 du bief   4 ; Q : Pm   39692.00 du bief   4
 Err001 à  02:12:11:00 + 20.000 : DIVERGENCE des itérations (Debord)
       écart relatif (à Ymax et Qmax) croissant entre 2 itérées successives
       Itération 07 : écart en DZ = 0.934075E-02 ; écart en DQ = 0.590677E-01
       Itération 08 : écart en DZ = 0.172381E-01 ; écart en DQ = 0.106734E+00
       Z : Pm   39646.00 du bief   4 ; Q : Pm   39692.00 du bief   4
 Err001 à  02:12:11:20 + 20.000 : DIVERGENCE des itérations (Debord)
       écart relatif (à Ymax et Qmax) croissant entre 2 itérées successives
       Itération 07 : écart en DZ = 0.121501E-01 ; écart en DQ = 0.770220E-01
       Itération 08 : écart en DZ = 0.232480E-01 ; écart en DQ = 0.143376E+00
       Z : Pm   39646.00 du bief   4 ; Q : Pm   39692.00 du bief   4
 Err001 à  02:12:11:40 + 20.000 : DIVERGENCE des itérations (Debord)
       écart relatif (à Ymax et Qmax) croissant entre 2 itérées successives
       Itération 07 : écart en DZ = 0.160102E-01 ; écart en DQ = 0.101807E+00
       Itération 08 : écart en DZ = 0.317320E-01 ; écart en DQ = 0.194589E+00
       Z : Pm   39646.00 du bief   4 ; Q : Pm   39692.00 du bief   4
 Err001 à  02:12:12:00 + 20.000 : DIVERGENCE des itérations (Debord)
       écart relatif (à Ymax et Qmax) croissant entre 2 itérées successives
       Itération 07 : écart en DZ = 0.213738E-01 ; écart en DQ = 0.136454E+00
       Itération 08 : écart en DZ = 0.437850E-01 ; écart en DQ = 0.266301E+00
       Z : Pm   39646.00 du bief   4 ; Q : Pm   39692.00 du bief   4
 Err001 à  02:12:12:20 + 20.000 : DIVERGENCE des itérations (Debord)
       écart relatif (à Ymax et Qmax) croissant entre 2 itérées successives
       Itération 07 : écart en DZ = 0.289509E-01 ; écart en DQ = 0.185778E+00
       Itération 08 : écart en DZ = 0.610818E-01 ; écart en DQ = 0.367212E+00
       Z : Pm   39646.00 du bief   4 ; Q : Pm   39692.00 du bief   4
 Err001 à  02:12:12:40 + 20.000 : DIVERGENCE des itérations (Debord)
       écart relatif (à Ymax et Qmax) croissant entre 2 itérées successives
       Itération 07 : écart en DZ = 0.398672E-01 ; écart en DQ = 0.257702E+00
       Itération 08 : écart en DZ = 0.871405E-01 ; écart en DQ = 0.518729E+00
       Z : Pm   39646.00 du bief   4 ; Q : Pm   39692.00 du bief   4
 Err001 à  02:12:13:00 + 20.000 : DIVERGENCE des itérations (Debord)
       écart relatif (à Ymax et Qmax) croissant entre 2 itérées successives
       Itération 07 : écart en DZ = 0.559756E-01 ; écart en DQ = 0.364973E+00
       Itération 08 : écart en DZ = 0.128708E+00 ; écart en DQ = 0.762457E+00
       Z : Pm   39646.00 du bief   4 ; Q : Pm   39692.00 du bief   4
 Err001 à  02:12:13:20 + 20.000 : DIVERGENCE des itérations (Debord)
       écart relatif (à Ymax et Qmax) croissant entre 2 itérées successives
       Itération 07 : écart en DZ = 0.802736E-01 ; écart en DQ = 0.528458E+00
       Itération 08 : écart en DZ = 0.191838E+00 ; écart en DQ = 0.113543E+01
       Z : Pm   39646.00 du bief   4 ; Q : Pm   39692.00 du bief   4
 Err001 à  02:12:13:40 + 20.000 : DIVERGENCE des itérations (Debord)
       écart relatif (à Ymax et Qmax) croissant entre 2 itérées successives
       Itération 07 : écart en DZ = 0.118379E+00 ; écart en DQ = 0.789428E+00
       Itération 08 : écart en DZ = 0.277431E+00 ; écart en DQ = 0.167966E+01
       Z : Pm   39646.00 du bief   4 ; Q : Pm   39692.00 du bief   4
 Err001 à  02:12:14:00 + 20.000 : DIVERGENCE des itérations (Debord)
       écart relatif (à Ymax et Qmax) croissant entre 2 itérées successives
       Itération 07 : écart en DZ = 0.180038E+00 ; écart en DQ = 0.121771E+01
       Itération 08 : écart en DZ = 0.322565E+00 ; écart en DQ = 0.226555E+01
       Z : Pm   39646.00 du bief   4 ; Q : Pm   39692.00 du bief   4
 Err001 à  02:12:14:20 + 20.000 : DIVERGENCE des itérations (Debord)
       écart relatif (à Ymax et Qmax) croissant entre 2 itérées successives
       Itération 07 : écart en DZ = 0.287156E+00 ; écart en DQ = 0.198089E+01
       Itération 08 : écart en DZ = 0.121232E+01 ; écart en DQ = 0.129674E+02
       Z : Pm   39738.00 du bief   4 ; Q : Pm   39692.00 du bief   4
 Err001 à  02:12:14:40 + 20.000 : DIVERGENCE des itérations (Debord)
       écart relatif (à Ymax et Qmax) croissant entre 2 itérées successives
       Itération 07 : écart en DZ = 0.500528E+00 ; écart en DQ = 0.355555E+01
       Itération 08 : écart en DZ = 0.144815E+01 ; écart en DQ = 0.892941E+10
       Z : Pm   40056.00 du bief   4 ; Q : Pm   39692.00 du bief   4
 Err001 à  02:12:15:00 + 20.000 : DIVERGENCE des itérations (Debord)
       écart relatif (à Ymax et Qmax) croissant entre 2 itérées successives
       Itération 07 : écart en DZ = 0.108232E+01 ; écart en DQ = 0.802944E+01
       Itération 08 : écart en DZ = 0.144892E+01 ; écart en DQ = 0.295436E+17
       Z : Pm   40056.00 du bief   4 ; Q : Pm   39692.00 du bief   4
 Err010 à  02:14:20:00              : INSTABILITÉ NUMÉRIQUE (Froude grand)
       Froude = 0.48E+07 au Pm   33664.00 du Bief 006
       Vitesse = ****** Largeur =    1.320 Section =     0.00 Hauteur =  0.001
 Err001 à  02:14:10:00 + 120 : DIVERGENCE des itérations (Debord)
       écart relatif (à Ymax et Qmax) croissant entre 2 itérées successives
       Itération 07 : écart en DZ = 0.133646E+00 ; écart en DQ = 0.775808E+00
       Itération 08 : écart en DZ = 0.438038E+00 ; écart en DQ = 0.317887E+01
       Z : Pm   39586.00 du bief   4 ; Q : Pm   39466.00 du bief   4
 Err010 à  02:14:50:00              : INSTABILITÉ NUMÉRIQUE (Froude grand)
       Froude = 0.41E+01 au Pm   39107.00 du Bief 004
       Vitesse =  9.572 Largeur =   40.238 Section =    22.83 Hauteur =  1.096
 Err010 à  02:14:42:00              : INSTABILITÉ NUMÉRIQUE (Froude grand)
       Froude = 0.17E+01 au Pm   39166.00 du Bief 004
       Vitesse =  4.938 Largeur =   70.370 Section =    60.06 Hauteur =  1.604
 Err001 à  02:14:40:00 + 24.000 : DIVERGENCE des itérations (Debord)
       écart relatif (à Ymax et Qmax) croissant entre 2 itérées successives
       Itération 07 : écart en DZ = 0.220652E+00 ; écart en DQ = 0.163962E+01
       Itération 08 : écart en DZ = 0.635892E+00 ; écart en DQ = 0.475157E+01
       Z : Pm   39692.00 du bief   4 ; Q : Pm   39738.00 du bief   4
 Err001 à  02:14:40:00 + 4.000 : DIVERGENCE des itérations (Debord)
       écart relatif (à Ymax et Qmax) croissant entre 2 itérées successives
       Itération 07 : écart en DZ = 0.594817E-01 ; écart en DQ = 0.664295E+00
       Itération 08 : écart en DZ = 0.186362E+00 ; écart en DQ = 0.219521E+01
       Z : Pm   39692.00 du bief   4 ; Q : Pm   39738.00 du bief   4
 Err010 à  02:14:40:10              : INSTABILITÉ NUMÉRIQUE (Froude grand)
       Froude = 0.14E+02 au Pm   39646.00 du Bief 004
       Vitesse = 37.558 Largeur =   33.204 Section =    24.54 Hauteur =  1.670
 Err010 à  02:14:40:15              : INSTABILITÉ NUMÉRIQUE (Froude grand)
       Froude = 0.35E+01 au Pm   39646.00 du Bief 004
       Vitesse = 12.219 Largeur =   44.265 Section =    55.21 Hauteur =  2.465
 Err010 à  02:14:40:20              : INSTABILITÉ NUMÉRIQUE (Froude grand)
       Froude = 0.16E+01 au Pm   39646.00 du Bief 004
       Vitesse =  6.319 Largeur =   52.920 Section =    80.77 Hauteur =  2.992
 Err010 à  02:14:40:25              : INSTABILITÉ NUMÉRIQUE (Froude grand)
       Froude = 0.14E+10 au Pm   39466.00 du Bief 004
       Vitesse = ****** Largeur =    0.041 Section =     0.00 Hauteur =  0.001
 Err010 à  02:14:40:30              : INSTABILITÉ NUMÉRIQUE (Froude grand)
       Froude = 0.44E+10 au Pm   39738.00 du Bief 004
       Vitesse = ****** Largeur =    0.024 Section =     0.00 Hauteur =  0.001
 Err010 à  02:14:40:35              : INSTABILITÉ NUMÉRIQUE (Froude grand)
       Froude = 0.46E+01 au Pm   39738.00 du Bief 004
       Vitesse = 17.842 Largeur =   65.595 Section =   100.28 Hauteur =  2.837
 Err010 à  02:14:40:40              : INSTABILITÉ NUMÉRIQUE (Froude grand)
       Froude = 0.11E+02 au Pm   39692.00 du Bief 004
       Vitesse = 30.329 Largeur =   35.264 Section =    25.57 Hauteur =  1.519
 Err010 à  02:14:40:45              : INSTABILITÉ NUMÉRIQUE (Froude grand)
       Froude = 0.86E+01 au Pm   39692.00 du Bief 004
       Vitesse = 24.751 Largeur =   37.646 Section =    31.62 Hauteur =  1.685
 Err010 à  02:14:40:50              : INSTABILITÉ NUMÉRIQUE (Froude grand)
       Froude = 0.41E+01 au Pm   39692.00 du Bief 004
       Vitesse = 13.588 Largeur =   44.722 Section =    49.93 Hauteur =  2.130
 Err010 à  02:14:40:55              : INSTABILITÉ NUMÉRIQUE (Froude grand)
       Froude = 0.22E+01 au Pm   39692.00 du Bief 004
       Vitesse =  8.017 Largeur =   52.139 Section =    70.56 Hauteur =  2.556
 Err001 à  02:14:40:55 + 5.000 : DIVERGENCE des itérations (Debord)
       écart relatif (à Ymax et Qmax) croissant entre 2 itérées successives
       Itération 07 : écart en DZ = 0.156448E+00 ; écart en DQ = 0.166654E+01
       Itération 08 : écart en DZ = 0.637934E+00 ; écart en DQ = 0.763755E+01
       Z : Pm   39692.00 du bief   4 ; Q : Pm   39738.00 du bief   4
 Err001 à  02:14:41:00 + 5.000 : DIVERGENCE des itérations (Debord)
       écart relatif (à Ymax et Qmax) croissant entre 2 itérées successives
       Itération 07 : écart en DZ = 0.122246E+00 ; écart en DQ = 0.129998E+01
       Itération 08 : écart en DZ = 0.449865E+00 ; écart en DQ = 0.526235E+01
       Z : Pm   39692.00 du bief   4 ; Q : Pm   39738.00 du bief   4
 Err001 à  02:14:41:05 + 5.000 : DIVERGENCE des itérations (Debord)
       écart relatif (à Ymax et Qmax) croissant entre 2 itérées successives
       Itération 07 : écart en DZ = 0.964331E-01 ; écart en DQ = 0.102570E+01
       Itération 08 : écart en DZ = 0.329379E+00 ; écart en DQ = 0.379673E+01
       Z : Pm   39692.00 du bief   4 ; Q : Pm   39738.00 du bief   4
 Err001 à  02:14:41:10 + 5.000 : DIVERGENCE des itérations (Debord)
       écart relatif (à Ymax et Qmax) croissant entre 2 itérées successives
       Itération 07 : écart en DZ = 0.759394E-01 ; écart en DQ = 0.808510E+00
       Itération 08 : écart en DZ = 0.242402E+00 ; écart en DQ = 0.276474E+01
       Z : Pm   39692.00 du bief   4 ; Q : Pm   39738.00 du bief   4
 Err001 à  02:14:41:15 + 5.000 : DIVERGENCE des itérations (Debord)
       écart relatif (à Ymax et Qmax) croissant entre 2 itérées successives
       Itération 07 : écart en DZ = 0.604886E-01 ; écart en DQ = 0.645313E+00
       Itération 08 : écart en DZ = 0.182080E+00 ; écart en DQ = 0.206212E+01
       Z : Pm   39692.00 du bief   4 ; Q : Pm   39738.00 du bief   4
 Err001 à  02:14:41:20 + 5.000 : DIVERGENCE des itérations (Debord)
       écart relatif (à Ymax et Qmax) croissant entre 2 itérées successives
       Itération 07 : écart en DZ = 0.485108E-01 ; écart en DQ = 0.518877E+00
       Itération 08 : écart en DZ = 0.138414E+00 ; écart en DQ = 0.155926E+01
       Z : Pm   39692.00 du bief   4 ; Q : Pm   39738.00 du bief   4
 Err010 à  02:14:41:30              : INSTABILITÉ NUMÉRIQUE (Froude grand)
       Froude = 0.19E+01 au Pm   39692.00 du Bief 004
       Vitesse =  6.946 Largeur =   54.194 Section =    76.19 Hauteur =  2.662
 Err010 à  02:14:41:35              : INSTABILITÉ NUMÉRIQUE (Froude grand)
       Froude = 0.17E+01 au Pm   39646.00 du Bief 004
       Vitesse =  6.639 Largeur =   51.986 Section =    77.87 Hauteur =  2.936
 Err001 à  02:14:41:35 + 5.000 : DIVERGENCE des itérations (Debord)
       écart relatif (à Ymax et Qmax) croissant entre 2 itérées successives
       Itération 07 : écart en DZ = 0.401747E+00 ; écart en DQ = 0.435075E+01
       Itération 08 : écart en DZ = 0.115383E+01 ; écart en DQ = 0.902692E+04
       Z : Pm   39646.00 du bief   4 ; Q : Pm   39738.00 du bief   4
 Err001 à  02:14:41:40 + 5.000 : DIVERGENCE des itérations (Debord)
       écart relatif (à Ymax et Qmax) croissant entre 2 itérées successives
       Itération 07 : écart en DZ = 0.256665E+00 ; écart en DQ = 0.274708E+01
       Itération 08 : écart en DZ = 0.111079E+01 ; écart en DQ = 0.288893E+02
       Z : Pm   39784.00 du bief   4 ; Q : Pm   39692.00 du bief   4
 Err001 à  02:14:41:45 + 5.000 : DIVERGENCE des itérations (Debord)
       écart relatif (à Ymax et Qmax) croissant entre 2 itérées successives
       Itération 07 : écart en DZ = 0.166364E+00 ; écart en DQ = 0.176967E+01
       Itération 08 : écart en DZ = 0.243113E+00 ; écart en DQ = 0.272480E+01
       Z : Pm   39738.00 du bief   4 ; Q : Pm   39784.00 du bief   4
 Err001 à  02:14:41:50 + 5.000 : DIVERGENCE des itérations (Debord)
       écart relatif (à Ymax et Qmax) croissant entre 2 itérées successives
       Itération 07 : écart en DZ = 0.110965E+00 ; écart en DQ = 0.117380E+01
       Itération 08 : écart en DZ = 0.164088E+00 ; écart en DQ = 0.214975E+01
       Z : Pm   39692.00 du bief   4 ; Q : Pm   39738.00 du bief   4
 Err001 à  02:14:41:55 + 5.000 : DIVERGENCE des itérations (Debord)
       écart relatif (à Ymax et Qmax) croissant entre 2 itérées successives
       Itération 07 : écart en DZ = 0.762121E-01 ; écart en DQ = 0.803565E+00
       Itération 08 : écart en DZ = 0.164550E+00 ; écart en DQ = 0.176564E+01
       Z : Pm   39692.00 du bief   4 ; Q : Pm   39738.00 du bief   4
 Err010 à  02:14:42:05              : INSTABILITÉ NUMÉRIQUE (Froude grand)
       Froude = 0.22E+10 au Pm   39692.00 du Bief 004
       Vitesse = ****** Largeur =    0.019 Section =     0.00 Hauteur =  0.001
 Err010 à  02:14:42:10              : INSTABILITÉ NUMÉRIQUE (Froude grand)
       Froude = 0.10E+02 au Pm   39692.00 du Bief 004
       Vitesse = 29.058 Largeur =   37.234 Section =    30.58 Hauteur =  1.658
 Err010 à  02:14:42:15              : INSTABILITÉ NUMÉRIQUE (Froude grand)
       Froude = 0.34E+01 au Pm   39646.00 du Bief 004
       Vitesse = 11.860 Largeur =   44.750 Section =    56.59 Hauteur =  2.496
 Err010 à  02:14:42:20              : INSTABILITÉ NUMÉRIQUE (Froude grand)
       Froude = 0.68E+03 au Pm   39526.00 du Bief 004
       Vitesse = ****** Largeur =    7.436 Section =     1.56 Hauteur =  0.413
 Err001 à  02:14:42:20 + 5.000 : DIVERGENCE des itérations (Debord)
       écart relatif (à Ymax et Qmax) croissant entre 2 itérées successives
       Itération 07 : écart en DZ = 0.398445E-02 ; écart en DQ = 0.429852E-01
       Itération 08 : écart en DZ = 0.765719E-02 ; écart en DQ = 0.830559E-01
       Z : Pm   39692.00 du bief   4 ; Q : Pm   39738.00 du bief   4
 Err001 à  02:14:42:25 + 5.000 : DIVERGENCE des itérations (Debord)
       écart relatif (à Ymax et Qmax) croissant entre 2 itérées successives
       Itération 07 : écart en DZ = 0.340027E-02 ; écart en DQ = 0.367014E-01
       Itération 08 : écart en DZ = 0.637169E-02 ; écart en DQ = 0.690895E-01
       Z : Pm   39692.00 du bief   4 ; Q : Pm   39738.00 du bief   4
 Err001 à  02:14:42:30 + 5.000 : DIVERGENCE des itérations (Debord)
       écart relatif (à Ymax et Qmax) croissant entre 2 itérées successives
       Itération 07 : écart en DZ = 0.289562E-02 ; écart en DQ = 0.312669E-01
       Itération 08 : écart en DZ = 0.529523E-02 ; écart en DQ = 0.573995E-01
       Z : Pm   39692.00 du bief   4 ; Q : Pm   39738.00 du bief   4
 Err001 à  02:14:42:35 + 5.000 : DIVERGENCE des itérations (Debord)
       écart relatif (à Ymax et Qmax) croissant entre 2 itérées successives
       Itération 07 : écart en DZ = 0.247766E-02 ; écart en DQ = 0.267632E-01
       Itération 08 : écart en DZ = 0.442450E-02 ; écart en DQ = 0.479495E-01
       Z : Pm   39692.00 du bief   4 ; Q : Pm   39738.00 du bief   4
 Err001 à  02:14:42:40 + 5.000 : DIVERGENCE des itérations (Debord)
       écart relatif (à Ymax et Qmax) croissant entre 2 itérées successives
       Itération 07 : écart en DZ = 0.212425E-02 ; écart en DQ = 0.229532E-01
       Itération 08 : écart en DZ = 0.370637E-02 ; écart en DQ = 0.401596E-01
       Z : Pm   39692.00 du bief   4 ; Q : Pm   39738.00 du bief   4
 Err001 à  02:14:42:45 + 5.000 : DIVERGENCE des itérations (Debord)
       écart relatif (à Ymax et Qmax) croissant entre 2 itérées successives
       Itération 07 : écart en DZ = 0.182647E-02 ; écart en DQ = 0.197414E-01
       Itération 08 : écart en DZ = 0.311534E-02 ; écart en DQ = 0.337513E-01
       Z : Pm   39692.00 du bief   4 ; Q : Pm   39738.00 du bief   4
 Err001 à  02:14:42:50 + 5.000 : DIVERGENCE des itérations (Debord)
       écart relatif (à Ymax et Qmax) croissant entre 2 itérées successives
       Itération 07 : écart en DZ = 0.157659E-02 ; écart en DQ = 0.170452E-01
       Itération 08 : écart en DZ = 0.263017E-02 ; écart en DQ = 0.284924E-01
       Z : Pm   39692.00 du bief   4 ; Q : Pm   39738.00 du bief   4
 Err001 à  02:14:42:55 + 5.000 : DIVERGENCE des itérations (Debord)
       écart relatif (à Ymax et Qmax) croissant entre 2 itérées successives
       Itération 07 : écart en DZ = 0.136608E-02 ; écart en DQ = 0.147730E-01
       Itération 08 : écart en DZ = 0.223008E-02 ; écart en DQ = 0.241570E-01
       Z : Pm   39692.00 du bief   4 ; Q : Pm   39738.00 du bief   4
 Err001 à  02:14:43:00 + 5.000 : DIVERGENCE des itérations (Debord)
       écart relatif (à Ymax et Qmax) croissant entre 2 itérées successives
       Itération 07 : écart en DZ = 0.118713E-02 ; écart en DQ = 0.128407E-01
       Itération 08 : écart en DZ = 0.189720E-02 ; écart en DQ = 0.205506E-01
       Z : Pm   39692.00 du bief   4 ; Q : Pm   39738.00 du bief   4
 Err001 à  02:14:43:05 + 5.000 : DIVERGENCE des itérations (Debord)
       écart relatif (à Ymax et Qmax) croissant entre 2 itérées successives
       Itération 07 : écart en DZ = 0.103399E-02 ; écart en DQ = 0.111866E-01
       Itération 08 : écart en DZ = 0.161842E-02 ; écart en DQ = 0.175306E-01
       Z : Pm   39692.00 du bief   4 ; Q : Pm   39738.00 du bief   4
 Err001 à  02:14:43:10 + 5.000 : DIVERGENCE des itérations (Debord)
       écart relatif (à Ymax et Qmax) croissant entre 2 itérées successives
       Itération 07 : écart en DZ = 0.902785E-03 ; écart en DQ = 0.976903E-02
       Itération 08 : écart en DZ = 0.138450E-02 ; écart en DQ = 0.149969E-01
       Z : Pm   39692.00 du bief   4 ; Q : Pm   39738.00 du bief   4
 Err001 à  02:14:43:15 + 5.000 : DIVERGENCE des itérations (Debord)
       écart relatif (à Ymax et Qmax) croissant entre 2 itérées successives
       Itération 07 : écart en DZ = 0.790223E-03 ; écart en DQ = 0.855251E-02
       Itération 08 : écart en DZ = 0.118785E-02 ; écart en DQ = 0.128671E-01
       Z : Pm   39692.00 du bief   4 ; Q : Pm   39738.00 du bief   4
 Err001 à  02:14:43:20 + 5.000 : DIVERGENCE des itérations (Debord)
       écart relatif (à Ymax et Qmax) croissant entre 2 itérées successives
       Itération 07 : écart en DZ = 0.693707E-03 ; écart en DQ = 0.750913E-02
       Itération 08 : écart en DZ = 0.102249E-02 ; écart en DQ = 0.110762E-01
       Z : Pm   39692.00 du bief   4 ; Q : Pm   39738.00 du bief   4
 Err001 à  02:14:43:25 + 5.000 : DIVERGENCE des itérations (Debord)
       écart relatif (à Ymax et Qmax) croissant entre 2 itérées successives
       Itération 07 : écart en DZ = 0.610645E-03 ; écart en DQ = 0.661094E-02
       Itération 08 : écart en DZ = 0.882875E-03 ; écart en DQ = 0.956408E-02
       Z : Pm   39692.00 du bief   4 ; Q : Pm   39738.00 du bief   4
 Err001 à  02:14:43:30 + 5.000 : DIVERGENCE des itérations (Debord)
       écart relatif (à Ymax et Qmax) croissant entre 2 itérées successives
       Itération 07 : écart en DZ = 0.538787E-03 ; écart en DQ = 0.583370E-02
       Itération 08 : écart en DZ = 0.764371E-03 ; écart en DQ = 0.828060E-02
       Z : Pm   39692.00 du bief   4 ; Q : Pm   39738.00 du bief   4
 Err001 à  02:14:43:35 + 5.000 : DIVERGENCE des itérations (Debord)
       écart relatif (à Ymax et Qmax) croissant entre 2 itérées successives
       Itération 07 : écart en DZ = 0.476349E-03 ; écart en DQ = 0.515818E-02
       Itération 08 : écart en DZ = 0.663335E-03 ; écart en DQ = 0.718624E-02
       Z : Pm   39692.00 du bief   4 ; Q : Pm   39738.00 du bief   4
 Err001 à  02:16:50:00 + 600 : DIVERGENCE des itérations (Debord)
       écart relatif (à Ymax et Qmax) croissant entre 2 itérées successives
       Itération 07 : écart en DZ = 0.707763E-02 ; écart en DQ = 0.948995E-02
       Itération 08 : écart en DZ = 0.737678E-02 ; écart en DQ = 0.989236E-02
       Z : Pm   39316.00 du bief   4 ; Q : Pm   39266.00 du bief   4
 Err001 à  02:17:00:00 + 600 : DIVERGENCE des itérations (Debord)
       écart relatif (à Ymax et Qmax) croissant entre 2 itérées successives
       Itération 07 : écart en DZ = 0.221778E-02 ; écart en DQ = 0.368233E-02
       Itération 08 : écart en DZ = 0.224445E-02 ; écart en DQ = 0.372670E-02
       Z : Pm   39316.00 du bief   4 ; Q : Pm   39266.00 du bief   4
 Err001 à  02:17:10:00 + 600 : DIVERGENCE des itérations (Debord)
       écart relatif (à Ymax et Qmax) croissant entre 2 itérées successives
       Itération 07 : écart en DZ = 0.224750E-02 ; écart en DQ = 0.383815E-02
       Itération 08 : écart en DZ = 0.233849E-02 ; écart en DQ = 0.399376E-02
       Z : Pm   39316.00 du bief   4 ; Q : Pm   39266.00 du bief   4
 Err001 à  02:17:20:00 + 600 : DIVERGENCE des itérations (Debord)
       écart relatif (à Ymax et Qmax) croissant entre 2 itérées successives
       Itération 07 : écart en DZ = 0.223724E-02 ; écart en DQ = 0.391428E-02
       Itération 08 : écart en DZ = 0.238672E-02 ; écart en DQ = 0.417615E-02
       Z : Pm   39316.00 du bief   4 ; Q : Pm   39266.00 du bief   4
 Err001 à  02:17:30:00 + 600 : DIVERGENCE des itérations (Debord)
       écart relatif (à Ymax et Qmax) croissant entre 2 itérées successives
       Itération 07 : écart en DZ = 0.228855E-02 ; écart en DQ = 0.408210E-02
       Itération 08 : écart en DZ = 0.249060E-02 ; écart en DQ = 0.444322E-02
       Z : Pm   39316.00 du bief   4 ; Q : Pm   39266.00 du bief   4
 Err001 à  02:17:40:00 + 600 : DIVERGENCE des itérations (Debord)
       écart relatif (à Ymax et Qmax) croissant entre 2 itérées successives
       Itération 07 : écart en DZ = 0.232113E-02 ; écart en DQ = 0.416149E-02
       Itération 08 : écart en DZ = 0.259787E-02 ; écart en DQ = 0.465878E-02
       Z : Pm   39316.00 du bief   4 ; Q : Pm   39266.00 du bief   4
 Err001 à  02:18:00:00 + 600 : DIVERGENCE des itérations (Debord)
       écart relatif (à Ymax et Qmax) croissant entre 2 itérées successives
       Itération 07 : écart en DZ = 0.522923E-02 ; écart en DQ = 0.942681E-02
       Itération 08 : écart en DZ = 0.594562E-02 ; écart en DQ = 0.107179E-01
       Z : Pm   39316.00 du bief   4 ; Q : Pm   39266.00 du bief   4
 Err001 à  02:18:20:00 + 600 : DIVERGENCE des itérations (Debord)
       écart relatif (à Ymax et Qmax) croissant entre 2 itérées successives
       Itération 07 : écart en DZ = 0.255423E-02 ; écart en DQ = 0.528761E-02
       Itération 08 : écart en DZ = 0.261140E-02 ; écart en DQ = 0.540555E-02
       Z : Pm   39316.00 du bief   4 ; Q : Pm   39316.00 du bief   4
 Err001 à  02:18:40:00 + 600 : DIVERGENCE des itérations (Debord)
       écart relatif (à Ymax et Qmax) croissant entre 2 itérées successives
       Itération 07 : écart en DZ = 0.337867E-02 ; écart en DQ = 0.707949E-02
       Itération 08 : écart en DZ = 0.351085E-02 ; écart en DQ = 0.735652E-02
       Z : Pm   39316.00 du bief   4 ; Q : Pm   39316.00 du bief   4
 Err001 à  02:18:50:00 + 600 : DIVERGENCE des itérations (Debord)
       écart relatif (à Ymax et Qmax) croissant entre 2 itérées successives
       Itération 07 : écart en DZ = 0.147359E-02 ; écart en DQ = 0.304384E-02
       Itération 08 : écart en DZ = 0.158237E-02 ; écart en DQ = 0.327036E-02
       Z : Pm   39266.00 du bief   4 ; Q : Pm   39316.00 du bief   4
 Err001 à  02:19:00:00 + 600 : DIVERGENCE des itérations (Debord)
       écart relatif (à Ymax et Qmax) croissant entre 2 itérées successives
       Itération 07 : écart en DZ = 0.164005E-02 ; écart en DQ = 0.337883E-02
       Itération 08 : écart en DZ = 0.177608E-02 ; écart en DQ = 0.366169E-02
       Z : Pm   39266.00 du bief   4 ; Q : Pm   39316.00 du bief   4
 Err001 à  02:20:30:00 + 600 : DIVERGENCE des itérations (Debord)
       écart relatif (à Ymax et Qmax) croissant entre 2 itérées successives
       Itération 07 : écart en DZ = 0.772379E-02 ; écart en DQ = 0.902269E-02
       Itération 08 : écart en DZ = 0.106125E-01 ; écart en DQ = 0.123914E-01
       Z : Pm   40456.00 du bief   4 ; Q : Pm   40406.00 du bief   4
 Err001 à  02:20:30:00 + 120 : DIVERGENCE des itérations (Debord)
       écart relatif (à Ymax et Qmax) croissant entre 2 itérées successives
       Itération 07 : écart en DZ = 0.268752E-02 ; écart en DQ = 0.769520E-02
       Itération 08 : écart en DZ = 0.283091E-02 ; écart en DQ = 0.810830E-02
       Z : Pm   40456.00 du bief   4 ; Q : Pm   40406.00 du bief   4
 Err002 à  02:20:40:00 + 120 : NON CONVERGENCE des itérations 
       écart relatif (à Ymax et Qmax) trop grand après 99 itérations
       Itération 98 : écart en DZ = 0.107576E-02 ; écart en DQ = 0.299212E-02
       Itération 99 : écart en DZ = 0.108111E-02 ; écart en DQ = 0.300698E-02
       Z : Pm   40456.00 du bief   4 ; Q : Pm   40406.00 du bief   4
       Residu : 0.444335E+00(004: 40406.00)
 Err001 à  02:20:42:00 + 120 : DIVERGENCE des itérations (Debord)
       écart relatif (à Ymax et Qmax) croissant entre 2 itérées successives
       Itération 07 : écart en DZ = 0.548161E-03 ; écart en DQ = 0.154882E-02
       Itération 08 : écart en DZ = 0.577460E-03 ; écart en DQ = 0.163031E-02
       Z : Pm   40456.00 du bief   4 ; Q : Pm   40406.00 du bief   4
 Err001 à  02:20:44:00 + 120 : DIVERGENCE des itérations (Debord)
       écart relatif (à Ymax et Qmax) croissant entre 2 itérées successives
       Itération 07 : écart en DZ = 0.670431E-03 ; écart en DQ = 0.191198E-02
       Itération 08 : écart en DZ = 0.726758E-03 ; écart en DQ = 0.207132E-02
       Z : Pm   40456.00 du bief   4 ; Q : Pm   40406.00 du bief   4
 Err001 à  02:20:46:00 + 120 : DIVERGENCE des itérations (Debord)
       écart relatif (à Ymax et Qmax) croissant entre 2 itérées successives
       Itération 07 : écart en DZ = 0.826880E-03 ; écart en DQ = 0.238020E-02
       Itération 08 : écart en DZ = 0.923194E-03 ; écart en DQ = 0.265617E-02
       Z : Pm   40456.00 du bief   4 ; Q : Pm   40406.00 du bief   4
 Err001 à  02:20:48:00 + 120 : DIVERGENCE des itérations (Debord)
       écart relatif (à Ymax et Qmax) croissant entre 2 itérées successives
       Itération 07 : écart en DZ = 0.102491E-02 ; écart en DQ = 0.297788E-02
       Itération 08 : écart en DZ = 0.117948E-02 ; écart en DQ = 0.342581E-02
       Z : Pm   40456.00 du bief   4 ; Q : Pm   40406.00 du bief   4
 Err001 à  02:20:50:00 + 120 : DIVERGENCE des itérations (Debord)
       écart relatif (à Ymax et Qmax) croissant entre 2 itérées successives
       Itération 07 : écart en DZ = 0.127639E-02 ; écart en DQ = 0.374327E-02
       Itération 08 : écart en DZ = 0.151524E-02 ; écart en DQ = 0.444290E-02
       Z : Pm   40456.00 du bief   4 ; Q : Pm   40406.00 du bief   4
 Err001 à  02:20:52:00 + 120 : DIVERGENCE des itérations (Debord)
       écart relatif (à Ymax et Qmax) croissant entre 2 itérées successives
       Itération 07 : écart en DZ = 0.159768E-02 ; écart en DQ = 0.472935E-02
       Itération 08 : écart en DZ = 0.195813E-02 ; écart en DQ = 0.579612E-02
       Z : Pm   40456.00 du bief   4 ; Q : Pm   40406.00 du bief   4
 Err001 à  02:20:54:00 + 120 : DIVERGENCE des itérations (Debord)
       écart relatif (à Ymax et Qmax) croissant entre 2 itérées successives
       Itération 07 : écart en DZ = 0.201061E-02 ; écart en DQ = 0.600731E-02
       Itération 08 : écart en DZ = 0.254632E-02 ; écart en DQ = 0.760896E-02
       Z : Pm   40456.00 du bief   4 ; Q : Pm   40406.00 du bief   4
 Err001 à  02:20:56:00 + 120 : DIVERGENCE des itérations (Debord)
       écart relatif (à Ymax et Qmax) croissant entre 2 itérées successives
       Itération 07 : écart en DZ = 0.254497E-02 ; écart en DQ = 0.767480E-02
       Itération 08 : écart en DZ = 0.333359E-02 ; écart en DQ = 0.100565E-01
       Z : Pm   40456.00 du bief   4 ; Q : Pm   40406.00 du bief   4
 Err001 à  02:20:58:00 + 120 : DIVERGENCE des itérations (Debord)
       écart relatif (à Ymax et Qmax) croissant entre 2 itérées successives
       Itération 07 : écart en DZ = 0.324161E-02 ; écart en DQ = 0.986637E-02
       Itération 08 : écart en DZ = 0.439628E-02 ; écart en DQ = 0.133888E-01
       Z : Pm   40456.00 du bief   4 ; Q : Pm   40406.00 du bief   4
 Err001 à  02:21:00:00 + 120 : DIVERGENCE des itérations (Debord)
       écart relatif (à Ymax et Qmax) croissant entre 2 itérées successives
       Itération 07 : écart en DZ = 0.415700E-02 ; écart en DQ = 0.127695E-01
       Itération 08 : écart en DZ = 0.584402E-02 ; écart en DQ = 0.179682E-01
       Z : Pm   40456.00 du bief   4 ; Q : Pm   40406.00 du bief   4
 Err001 à  02:21:02:00 + 120 : DIVERGENCE des itérations (Debord)
       écart relatif (à Ymax et Qmax) croissant entre 2 itérées successives
       Itération 07 : écart en DZ = 0.536176E-02 ; écart en DQ = 0.166213E-01
       Itération 08 : écart en DZ = 0.782372E-02 ; écart en DQ = 0.242857E-01
       Z : Pm   40456.00 du bief   4 ; Q : Pm   40406.00 du bief   4
 Err001 à  02:21:04:00 + 120 : DIVERGENCE des itérations (Debord)
       écart relatif (à Ymax et Qmax) croissant entre 2 itérées successives
       Itération 07 : écart en DZ = 0.695352E-02 ; écart en DQ = 0.217524E-01
       Itération 08 : écart en DZ = 0.105473E-01 ; écart en DQ = 0.330575E-01
       Z : Pm   40456.00 du bief   4 ; Q : Pm   40406.00 du bief   4
 Err001 à  02:21:06:00 + 120 : DIVERGENCE des itérations (Debord)
       écart relatif (à Ymax et Qmax) croissant entre 2 itérées successives
       Itération 07 : écart en DZ = 0.909612E-02 ; écart en DQ = 0.287113E-01
       Itération 08 : écart en DZ = 0.143673E-01 ; écart en DQ = 0.454699E-01
       Z : Pm   40456.00 du bief   4 ; Q : Pm   40406.00 du bief   4
 Err001 à  02:21:08:00 + 120 : DIVERGENCE des itérations (Debord)
       écart relatif (à Ymax et Qmax) croissant entre 2 itérées successives
       Itération 07 : écart en DZ = 0.119644E-01 ; écart en DQ = 0.381065E-01
       Itération 08 : écart en DZ = 0.197188E-01 ; écart en DQ = 0.630362E-01
       Z : Pm   40456.00 du bief   4 ; Q : Pm   40406.00 du bief   4
 Err001 à  02:21:10:00 + 120 : DIVERGENCE des itérations (Debord)
       écart relatif (à Ymax et Qmax) croissant entre 2 itérées successives
       Itération 07 : écart en DZ = 0.149968E-01 ; écart en DQ = 0.482732E-01
       Itération 08 : écart en DZ = 0.259713E-01 ; écart en DQ = 0.840051E-01
       Z : Pm   40456.00 du bief   4 ; Q : Pm   40406.00 du bief   4
 Err001 à  02:21:12:00 + 120 : DIVERGENCE des itérations (Debord)
       écart relatif (à Ymax et Qmax) croissant entre 2 itérées successives
       Itération 07 : écart en DZ = 0.202612E-01 ; écart en DQ = 0.655901E-01
       Itération 08 : écart en DZ = 0.365274E-01 ; écart en DQ = 0.118968E+00
       Z : Pm   40456.00 du bief   4 ; Q : Pm   40406.00 du bief   4
 Err001 à  02:21:14:00 + 120 : DIVERGENCE des itérations (Debord)
       écart relatif (à Ymax et Qmax) croissant entre 2 itérées successives
       Itération 07 : écart en DZ = 0.277260E-01 ; écart en DQ = 0.905947E-01
       Itération 08 : écart en DZ = 0.528513E-01 ; écart en DQ = 0.174105E+00
       Z : Pm   40456.00 du bief   4 ; Q : Pm   40406.00 du bief   4
 Err001 à  02:21:16:00 + 120 : DIVERGENCE des itérations (Debord)
       écart relatif (à Ymax et Qmax) croissant entre 2 itérées successives
       Itération 07 : écart en DZ = 0.367060E-01 ; écart en DQ = 0.120771E+00
       Itération 08 : écart en DZ = 0.741194E-01 ; écart en DQ = 0.246797E+00
       Z : Pm   40456.00 du bief   4 ; Q : Pm   40406.00 du bief   4
 Err001 à  02:21:18:00 + 120 : DIVERGENCE des itérations (Debord)
       écart relatif (à Ymax et Qmax) croissant entre 2 itérées successives
       Itération 07 : écart en DZ = 0.501292E-01 ; écart en DQ = 0.166126E+00
       Itération 08 : écart en DZ = 0.108609E+00 ; écart en DQ = 0.366518E+00
       Z : Pm   40456.00 du bief   4 ; Q : Pm   40406.00 du bief   4
 Err001 à  02:21:20:00 + 120 : DIVERGENCE des itérations (Debord)
       écart relatif (à Ymax et Qmax) croissant entre 2 itérées successives
       Itération 07 : écart en DZ = 0.639338E-01 ; écart en DQ = 0.213850E+00
       Itération 08 : écart en DZ = 0.151199E+00 ; écart en DQ = 0.517750E+00
       Z : Pm   40456.00 du bief   4 ; Q : Pm   40406.00 du bief   4
 Err001 à  02:21:22:00 + 120 : DIVERGENCE des itérations (Debord)
       écart relatif (à Ymax et Qmax) croissant entre 2 itérées successives
       Itération 07 : écart en DZ = 0.934339E-01 ; écart en DQ = 0.314890E+00
       Itération 08 : écart en DZ = 0.249557E+00 ; écart en DQ = 0.873736E+00
       Z : Pm   40456.00 du bief   4 ; Q : Pm   40406.00 du bief   4
 Err001 à  02:21:24:00 + 120 : DIVERGENCE des itérations (Debord)
       écart relatif (à Ymax et Qmax) croissant entre 2 itérées successives
       Itération 07 : écart en DZ = 0.140410E+00 ; écart en DQ = 0.474614E+00
       Itération 08 : écart en DZ = 0.365073E+00 ; écart en DQ = 0.154026E+01
       Z : Pm   40456.00 du bief   4 ; Q : Pm   40406.00 du bief   4
 Err001 à  02:21:26:00 + 120 : DIVERGENCE des itérations (Debord)
       écart relatif (à Ymax et Qmax) croissant entre 2 itérées successives
       Itération 07 : écart en DZ = 0.158780E+00 ; écart en DQ = 0.543152E+00
       Itération 08 : écart en DZ = 0.387719E+00 ; écart en DQ = 0.203315E+01
       Z : Pm   40406.00 du bief   4 ; Q : Pm   40406.00 du bief   4
 Err002 à  02:21:26:48 + 24.000 : NON CONVERGENCE des itérations 
       écart relatif (à Ymax et Qmax) trop grand après 99 itérations
       Itération 98 : écart en DZ = 0.339744E-04 ; écart en DQ = 0.274194E-03
       Itération 99 : écart en DZ = 0.336250E-04 ; écart en DQ = 0.271375E-03
       Z : Pm   40406.00 du bief   4 ; Q : Pm   40456.00 du bief   4
       Residu : 0.132407E+00(004: 40406.00)
 Err001 à  02:21:28:48 + 72.000 : DIVERGENCE des itérations (Debord)
       écart relatif (à Ymax et Qmax) croissant entre 2 itérées successives
       Itération 07 : écart en DZ = 0.412137E-01 ; écart en DQ = 0.188156E+00
       Itération 08 : écart en DZ = 0.940003E-01 ; écart en DQ = 0.437553E+00
       Z : Pm   40456.00 du bief   4 ; Q : Pm   40406.00 du bief   4
 Err001 à  02:21:30:00 + 70.000 : DIVERGENCE des itérations (Debord)
       écart relatif (à Ymax et Qmax) croissant entre 2 itérées successives
       Itération 07 : écart en DZ = 0.465595E-01 ; écart en DQ = 0.216352E+00
       Itération 08 : écart en DZ = 0.108975E+00 ; écart en DQ = 0.517519E+00
       Z : Pm   40456.00 du bief   4 ; Q : Pm   40406.00 du bief   4
 Err001 à  02:21:31:10 + 70.000 : DIVERGENCE des itérations (Debord)
       écart relatif (à Ymax et Qmax) croissant entre 2 itérées successives
       Itération 07 : écart en DZ = 0.568806E-01 ; écart en DQ = 0.264888E+00
       Itération 08 : écart en DZ = 0.141438E+00 ; écart en DQ = 0.677105E+00
       Z : Pm   40456.00 du bief   4 ; Q : Pm   40406.00 du bief   4
 Err001 à  02:21:32:20 + 70.000 : DIVERGENCE des itérations (Debord)
       écart relatif (à Ymax et Qmax) croissant entre 2 itérées successives
       Itération 07 : écart en DZ = 0.698857E-01 ; écart en DQ = 0.326183E+00
       Itération 08 : écart en DZ = 0.186433E+00 ; écart en DQ = 0.901760E+00
       Z : Pm   40456.00 du bief   4 ; Q : Pm   40406.00 du bief   4
 Err001 à  02:21:33:30 + 70.000 : DIVERGENCE des itérations (Debord)
       écart relatif (à Ymax et Qmax) croissant entre 2 itérées successives
       Itération 07 : écart en DZ = 0.862542E-01 ; écart en DQ = 0.403257E+00
       Itération 08 : écart en DZ = 0.250381E+00 ; écart en DQ = 0.122524E+01
       Z : Pm   40456.00 du bief   4 ; Q : Pm   40406.00 du bief   4
 Err001 à  02:21:34:40 + 70.000 : DIVERGENCE des itérations (Debord)
       écart relatif (à Ymax et Qmax) croissant entre 2 itérées successives
       Itération 07 : écart en DZ = 0.109969E+00 ; écart en DQ = 0.514369E+00
       Itération 08 : écart en DZ = 0.346971E+00 ; écart en DQ = 0.173824E+01
       Z : Pm   40456.00 du bief   4 ; Q : Pm   40406.00 du bief   4
 Err001 à  02:21:35:50 + 70.000 : DIVERGENCE des itérations (Debord)
       écart relatif (à Ymax et Qmax) croissant entre 2 itérées successives
       Itération 07 : écart en DZ = 0.138361E+00 ; écart en DQ = 0.647768E+00
       Itération 08 : écart en DZ = 0.379270E+00 ; écart en DQ = 0.250267E+01
       Z : Pm   40406.00 du bief   4 ; Q : Pm   40406.00 du bief   4
 Err001 à  02:21:37:00 + 70.000 : DIVERGENCE des itérations (Debord)
       écart relatif (à Ymax et Qmax) croissant entre 2 itérées successives
       Itération 07 : écart en DZ = 0.169762E+00 ; écart en DQ = 0.797730E+00
       Itération 08 : écart en DZ = 0.560468E+00 ; écart en DQ = 0.388609E+01
       Z : Pm   40406.00 du bief   4 ; Q : Pm   40406.00 du bief   4
 Err010 à  02:21:39:20              : INSTABILITÉ NUMÉRIQUE (Froude grand)
       Froude = 0.15E+01 au Pm   40406.00 du Bief 004
       Vitesse =  5.123 Largeur =   85.988 Section =    98.61 Hauteur =  1.640
 Err001 à  02:21:39:20 + 40.000 : DIVERGENCE des itérations (Debord)
       écart relatif (à Ymax et Qmax) croissant entre 2 itérées successives
       Itération 07 : écart en DZ = 0.131407E-01 ; écart en DQ = 0.842715E-01
       Itération 08 : écart en DZ = 0.255356E-01 ; écart en DQ = 0.164070E+00
       Z : Pm   40456.00 du bief   4 ; Q : Pm   40406.00 du bief   4
 Err001 à  02:21:40:00 + 40.000 : DIVERGENCE des itérations (Debord)
       écart relatif (à Ymax et Qmax) croissant entre 2 itérées successives
       Itération 07 : écart en DZ = 0.153298E-01 ; écart en DQ = 0.985363E-01
       Itération 08 : écart en DZ = 0.304022E-01 ; écart en DQ = 0.195829E+00
       Z : Pm   40456.00 du bief   4 ; Q : Pm   40406.00 du bief   4
 Err001 à  02:21:40:40 + 40.000 : DIVERGENCE des itérations (Debord)
       écart relatif (à Ymax et Qmax) croissant entre 2 itérées successives
       Itération 07 : écart en DZ = 0.173180E-01 ; écart en DQ = 0.111583E+00
       Itération 08 : écart en DZ = 0.351132E-01 ; écart en DQ = 0.226754E+00
       Z : Pm   40456.00 du bief   4 ; Q : Pm   40406.00 du bief   4
 Err001 à  02:21:41:20 + 40.000 : DIVERGENCE des itérations (Debord)
       écart relatif (à Ymax et Qmax) croissant entre 2 itérées successives
       Itération 07 : écart en DZ = 0.195713E-01 ; écart en DQ = 0.126404E+00
       Itération 08 : écart en DZ = 0.406125E-01 ; écart en DQ = 0.262987E+00
       Z : Pm   40456.00 du bief   4 ; Q : Pm   40406.00 du bief   4
 Err001 à  02:21:42:00 + 40.000 : DIVERGENCE des itérations (Debord)
       écart relatif (à Ymax et Qmax) croissant entre 2 itérées successives
       Itération 07 : écart en DZ = 0.221275E-01 ; écart en DQ = 0.143256E+00
       Itération 08 : écart en DZ = 0.470531E-01 ; écart en DQ = 0.305583E+00
       Z : Pm   40456.00 du bief   4 ; Q : Pm   40406.00 du bief   4
 Err001 à  02:21:42:40 + 40.000 : DIVERGENCE des itérations (Debord)
       écart relatif (à Ymax et Qmax) croissant entre 2 itérées successives
       Itération 07 : écart en DZ = 0.250507E-01 ; écart en DQ = 0.162564E+00
       Itération 08 : écart en DZ = 0.546701E-01 ; écart en DQ = 0.356157E+00
       Z : Pm   40456.00 du bief   4 ; Q : Pm   40406.00 du bief   4
 Err001 à  02:21:43:20 + 40.000 : DIVERGENCE des itérations (Debord)
       écart relatif (à Ymax et Qmax) croissant entre 2 itérées successives
       Itération 07 : écart en DZ = 0.283901E-01 ; écart en DQ = 0.184672E+00
       Itération 08 : écart en DZ = 0.637077E-01 ; écart en DQ = 0.416431E+00
       Z : Pm   40456.00 du bief   4 ; Q : Pm   40406.00 du bief   4
 Err001 à  02:21:44:00 + 40.000 : DIVERGENCE des itérations (Debord)
       écart relatif (à Ymax et Qmax) croissant entre 2 itérées successives
       Itération 07 : écart en DZ = 0.321620E-01 ; écart en DQ = 0.209686E+00
       Itération 08 : écart en DZ = 0.743395E-01 ; écart en DQ = 0.487661E+00
       Z : Pm   40456.00 du bief   4 ; Q : Pm   40406.00 du bief   4
 Err001 à  02:21:44:40 + 40.000 : DIVERGENCE des itérations (Debord)
       écart relatif (à Ymax et Qmax) croissant entre 2 itérées successives
       Itération 07 : écart en DZ = 0.365822E-01 ; écart en DQ = 0.239047E+00
       Itération 08 : écart en DZ = 0.873313E-01 ; écart en DQ = 0.575151E+00
       Z : Pm   40456.00 du bief   4 ; Q : Pm   40406.00 du bief   4
 Err001 à  02:21:45:20 + 40.000 : DIVERGENCE des itérations (Debord)
       écart relatif (à Ymax et Qmax) croissant entre 2 itérées successives
       Itération 07 : écart en DZ = 0.416570E-01 ; écart en DQ = 0.272816E+00
       Itération 08 : écart en DZ = 0.103142E+00 ; écart en DQ = 0.681878E+00
       Z : Pm   40456.00 du bief   4 ; Q : Pm   40406.00 du bief   4
 Err001 à  02:21:46:00 + 40.000 : DIVERGENCE des itérations (Debord)
       écart relatif (à Ymax et Qmax) croissant entre 2 itérées successives
       Itération 07 : écart en DZ = 0.475479E-01 ; écart en DQ = 0.311761E+00
       Itération 08 : écart en DZ = 0.122312E+00 ; écart en DQ = 0.812564E+00
       Z : Pm   40456.00 du bief   4 ; Q : Pm   40406.00 du bief   4
 Err001 à  02:21:46:40 + 40.000 : DIVERGENCE des itérations (Debord)
       écart relatif (à Ymax et Qmax) croissant entre 2 itérées successives
       Itération 07 : écart en DZ = 0.544265E-01 ; écart en DQ = 0.355981E+00
       Itération 08 : écart en DZ = 0.145623E+00 ; écart en DQ = 0.972714E+00
       Z : Pm   40456.00 du bief   4 ; Q : Pm   40406.00 du bief   4
 Err001 à  02:21:47:20 + 40.000 : DIVERGENCE des itérations (Debord)
       écart relatif (à Ymax et Qmax) croissant entre 2 itérées successives
       Itération 07 : écart en DZ = 0.624539E-01 ; écart en DQ = 0.407301E+00
       Itération 08 : écart en DZ = 0.174865E+00 ; écart en DQ = 0.117527E+01
       Z : Pm   40456.00 du bief   4 ; Q : Pm   40406.00 du bief   4
 Err001 à  02:21:48:00 + 40.000 : DIVERGENCE des itérations (Debord)
       écart relatif (à Ymax et Qmax) croissant entre 2 itérées successives
       Itération 07 : écart en DZ = 0.718003E-01 ; écart en DQ = 0.466665E+00
       Itération 08 : écart en DZ = 0.211501E+00 ; écart en DQ = 0.143094E+01
       Z : Pm   40456.00 du bief   4 ; Q : Pm   40406.00 du bief   4
 Err001 à  02:21:48:40 + 40.000 : DIVERGENCE des itérations (Debord)
       écart relatif (à Ymax et Qmax) croissant entre 2 itérées successives
       Itération 07 : écart en DZ = 0.826696E-01 ; écart en DQ = 0.535177E+00
       Itération 08 : écart en DZ = 0.258439E+00 ; écart en DQ = 0.176157E+01
       Z : Pm   40456.00 du bief   4 ; Q : Pm   40406.00 du bief   4
 Err001 à  02:21:49:20 + 40.000 : DIVERGENCE des itérations (Debord)
       écart relatif (à Ymax et Qmax) croissant entre 2 itérées successives
       Itération 07 : écart en DZ = 0.953188E-01 ; écart en DQ = 0.614238E+00
       Itération 08 : écart en DZ = 0.316229E+00 ; écart en DQ = 0.217067E+01
       Z : Pm   40456.00 du bief   4 ; Q : Pm   40406.00 du bief   4
 Err001 à  02:21:50:00 + 40.000 : DIVERGENCE des itérations (Debord)
       écart relatif (à Ymax et Qmax) croissant entre 2 itérées successives
       Itération 07 : écart en DZ = 0.110734E+00 ; écart en DQ = 0.710591E+00
       Itération 08 : écart en DZ = 0.347167E+00 ; écart en DQ = 0.268284E+01
       Z : Pm   40456.00 du bief   4 ; Q : Pm   40406.00 du bief   4
 Err001 à  02:21:50:40 + 40.000 : DIVERGENCE des itérations (Debord)
       écart relatif (à Ymax et Qmax) croissant entre 2 itérées successives
       Itération 07 : écart en DZ = 0.129130E+00 ; écart en DQ = 0.825698E+00
       Itération 08 : écart en DZ = 0.424688E+00 ; écart en DQ = 0.345161E+01
       Z : Pm   40406.00 du bief   4 ; Q : Pm   40406.00 du bief   4
 Err001 à  02:21:51:20 + 40.000 : DIVERGENCE des itérations (Debord)
       écart relatif (à Ymax et Qmax) croissant entre 2 itérées successives
       Itération 07 : écart en DZ = 0.152075E+00 ; écart en DQ = 0.969532E+00
       Itération 08 : écart en DZ = 0.574224E+00 ; écart en DQ = 0.486498E+01
       Z : Pm   40406.00 du bief   4 ; Q : Pm   40406.00 du bief   4
 Err001 à  02:21:52:00 + 40.000 : DIVERGENCE des itérations (Debord)
       écart relatif (à Ymax et Qmax) croissant entre 2 itérées successives
       Itération 07 : écart en DZ = 0.179263E+00 ; écart en DQ = 0.114065E+01
       Itération 08 : écart en DZ = 0.843433E+00 ; écart en DQ = 0.749026E+01
       Z : Pm   40406.00 du bief   4 ; Q : Pm   40406.00 du bief   4
 Err010 à  02:21:53:20              : INSTABILITÉ NUMÉRIQUE (Froude grand)
       Froude = 0.20E+01 au Pm   40406.00 du Bief 004
       Vitesse =  6.647 Largeur =   85.285 Section =    94.85 Hauteur =  1.596
 Err010 à  02:21:54:00              : INSTABILITÉ NUMÉRIQUE (Froude grand)
       Froude = 0.41E+01 au Pm   40406.00 du Bief 004
       Vitesse = 11.543 Largeur =   79.241 Section =    63.83 Hauteur =  1.219
 Err010 à  02:21:54:40              : INSTABILITÉ NUMÉRIQUE (Froude grand)
       Froude = 0.14E+02 au Pm   40406.00 du Bief 004
       Vitesse = 29.583 Largeur =   64.647 Section =    29.42 Hauteur =  0.745
 Err010 à  02:21:55:20              : INSTABILITÉ NUMÉRIQUE (Froude grand)
       Froude = 0.18E+04 au Pm   40406.00 du Bief 004
       Vitesse = ****** Largeur =   18.159 Section =     0.87 Hauteur =  0.097
 Err010 à  02:21:56:00              : INSTABILITÉ NUMÉRIQUE (Froude grand)
       Froude = 0.17E+01 au Pm   40356.00 du Bief 004
       Vitesse =  5.895 Largeur =   84.693 Section =   102.31 Hauteur =  1.883
 Err010 à  02:21:56:40              : INSTABILITÉ NUMÉRIQUE (Froude grand)
       Froude = 0.82E+01 au Pm   40356.00 du Bief 004
       Vitesse = 20.696 Largeur =   62.923 Section =    41.25 Hauteur =  1.063
 Err010 à  02:21:57:20              : INSTABILITÉ NUMÉRIQUE (Froude grand)
       Froude = 0.41E+01 au Pm   40306.00 du Bief 004
       Vitesse = 12.697 Largeur =   67.600 Section =    65.35 Hauteur =  1.547
 Err010 à  02:21:58:00              : INSTABILITÉ NUMÉRIQUE (Froude grand)
       Froude = 0.81E+01 au Pm   40206.00 du Bief 004
       Vitesse = 23.285 Largeur =   55.233 Section =    46.07 Hauteur =  1.322
 Err010 à  02:21:58:40              : INSTABILITÉ NUMÉRIQUE (Froude grand)
       Froude = 0.16E+02 au Pm   39646.00 du Bief 004
       Vitesse = 42.701 Largeur =   33.593 Section =    25.48 Hauteur =  1.698
 Err010 à  02:21:59:20              : INSTABILITÉ NUMÉRIQUE (Froude grand)
       Froude = 0.17E+01 au Pm   38291.00 du Bief 004
       Vitesse =  5.477 Largeur =   86.332 Section =    84.91 Hauteur =  2.245
 Err010 à  02:22:00:00              : INSTABILITÉ NUMÉRIQUE (Froude grand)
       Froude = 0.88E+01 au Pm   38291.00 du Bief 004
       Vitesse = 25.678 Largeur =   38.172 Section =    32.84 Hauteur =  1.252
 Err010 à  02:22:00:40              : INSTABILITÉ NUMÉRIQUE (Froude grand)
       Froude = 0.16E+01 au Pm   38232.00 du Bief 004
       Vitesse =  5.283 Largeur =   75.092 Section =    88.42 Hauteur =  2.353
 Err010 à  02:22:01:20              : INSTABILITÉ NUMÉRIQUE (Froude grand)
       Froude = 0.38E+02 au Pm   38232.00 du Bief 004
       Vitesse = 80.560 Largeur =   29.282 Section =    13.17 Hauteur =  0.741
 Err010 à  02:22:02:00              : INSTABILITÉ NUMÉRIQUE (Froude grand)
       Froude = 0.12E+02 au Pm   38174.00 du Bief 004
       Vitesse = 31.826 Largeur =   36.414 Section =    28.36 Hauteur =  1.261
 Err010 à  02:22:02:40              : INSTABILITÉ NUMÉRIQUE (Froude grand)
       Froude = 0.27E+02 au Pm   38116.00 du Bief 004
       Vitesse = 63.753 Largeur =   29.550 Section =    16.44 Hauteur =  0.954
 Err010 à  02:22:03:20              : INSTABILITÉ NUMÉRIQUE (Froude grand)
       Froude = 0.25E+01 au Pm   40406.00 du Bief 004
       Vitesse =  7.952 Largeur =   84.036 Section =    88.25 Hauteur =  1.518
 Err010 à  02:22:04:00              : INSTABILITÉ NUMÉRIQUE (Froude grand)
       Froude = 0.46E+01 au Pm   40406.00 du Bief 004
       Vitesse = 12.887 Largeur =   78.894 Section =    62.12 Hauteur =  1.197
 Err010 à  02:22:04:40              : INSTABILITÉ NUMÉRIQUE (Froude grand)
       Froude = 0.52E+01 au Pm   40406.00 du Bief 004
       Vitesse = 14.038 Largeur =   77.789 Section =    58.31 Hauteur =  1.149
 Err010 à  02:22:05:20              : INSTABILITÉ NUMÉRIQUE (Froude grand)
       Froude = 0.26E+02 au Pm   40406.00 du Bief 004
       Vitesse = 48.748 Largeur =   57.010 Section =    20.24 Hauteur =  0.595
 Err010 à  02:22:06:00              : INSTABILITÉ NUMÉRIQUE (Froude grand)
       Froude = 0.72E+04 au Pm   40406.00 du Bief 004
       Vitesse = ****** Largeur =   12.630 Section =     0.32 Hauteur =  0.063
 Err010 à  02:22:06:40              : INSTABILITÉ NUMÉRIQUE (Froude grand)
       Froude = 0.17E+01 au Pm   40356.00 du Bief 004
       Vitesse =  6.047 Largeur =   85.524 Section =   106.19 Hauteur =  1.928
 Err010 à  02:22:07:20              : INSTABILITÉ NUMÉRIQUE (Froude grand)
       Froude = 0.31E+01 au Pm   40356.00 du Bief 004
       Vitesse =  9.615 Largeur =   77.530 Section =    77.97 Hauteur =  1.584
 Err010 à  02:22:08:00              : INSTABILITÉ NUMÉRIQUE (Froude grand)
       Froude = 0.78E+01 au Pm   40356.00 du Bief 004
       Vitesse = 20.257 Largeur =   64.639 Section =    44.25 Hauteur =  1.110
 Err010 à  02:22:08:40              : INSTABILITÉ NUMÉRIQUE (Froude grand)
       Froude = 0.11E+03 au Pm   40356.00 du Bief 004
       Vitesse = ****** Largeur =   31.951 Section =     6.98 Hauteur =  0.358
 Err010 à  02:22:09:20              : INSTABILITÉ NUMÉRIQUE (Froude grand)
       Froude = 0.99E+01 au Pm   40306.00 du Bief 004
       Vitesse = 26.016 Largeur =   55.947 Section =    39.06 Hauteur =  1.123
 Err010 à  02:22:10:00              : INSTABILITÉ NUMÉRIQUE (Froude grand)
       Froude = 0.26E+01 au Pm   40018.00 du Bief 004
       Vitesse =  9.414 Largeur =   78.274 Section =   102.06 Hauteur =  2.107
 Err010 à  02:22:10:40              : INSTABILITÉ NUMÉRIQUE (Froude grand)
       Froude = 0.18E+02 au Pm   39416.00 du Bief 004
       Vitesse = 42.118 Largeur =   40.328 Section =    23.67 Hauteur =  1.222
 Err010 à  02:22:11:20              : INSTABILITÉ NUMÉRIQUE (Froude grand)
       Froude = 0.75E+05 au Pm   38291.00 du Bief 004
       Vitesse = ****** Largeur =    2.908 Section =     0.05 Hauteur =  0.031
 Err010 à  02:22:12:00              : INSTABILITÉ NUMÉRIQUE (Froude grand)
       Froude = 0.35E+01 au Pm   38232.00 du Bief 004
       Vitesse = 11.611 Largeur =   49.999 Section =    56.94 Hauteur =  1.862
 Err010 à  02:22:12:40              : INSTABILITÉ NUMÉRIQUE (Froude grand)
       Froude = 0.58E+09 au Pm   38232.00 du Bief 004
       Vitesse = ****** Largeur =    0.071 Section =     0.00 Hauteur =  0.001
 Err010 à  02:22:13:20              : INSTABILITÉ NUMÉRIQUE (Froude grand)
       Froude = 0.21E+02 au Pm   38174.00 du Bief 004
       Vitesse = 51.958 Largeur =   32.131 Section =    19.45 Hauteur =  1.001
 Err010 à  02:22:14:00              : INSTABILITÉ NUMÉRIQUE (Froude grand)
       Froude = 0.68E+01 au Pm   38116.00 du Bief 004
       Vitesse = 20.123 Largeur =   46.131 Section =    40.96 Hauteur =  1.618
 Err010 à  02:22:14:40              : INSTABILITÉ NUMÉRIQUE (Froude grand)
       Froude = 0.48E+01 au Pm   38057.00 du Bief 004
       Vitesse = 14.572 Largeur =   54.912 Section =    51.88 Hauteur =  1.892
 Err010 à  02:22:15:20              : INSTABILITÉ NUMÉRIQUE (Froude grand)
       Froude = 0.39E+01 au Pm   37999.00 du Bief 004
       Vitesse = 12.090 Largeur =   61.581 Section =    59.96 Hauteur =  2.068
 Err010 à  02:22:16:00              : INSTABILITÉ NUMÉRIQUE (Froude grand)
       Froude = 0.90E+01 au Pm   37941.00 du Bief 004
       Vitesse = 26.787 Largeur =   38.690 Section =    34.85 Hauteur =  1.621
 Err010 à  02:22:16:40              : INSTABILITÉ NUMÉRIQUE (Froude grand)
       Froude = 0.21E+01 au Pm   40406.00 du Bief 004
       Vitesse =  7.061 Largeur =   86.299 Section =   100.39 Hauteur =  1.661
 Err010 à  02:22:17:20              : INSTABILITÉ NUMÉRIQUE (Froude grand)
       Froude = 0.45E+01 au Pm   40406.00 du Bief 004
       Vitesse = 12.735 Largeur =   79.783 Section =    66.52 Hauteur =  1.253
 Err010 à  02:22:18:00              : INSTABILITÉ NUMÉRIQUE (Froude grand)
       Froude = 0.18E+02 au Pm   40406.00 du Bief 004
       Vitesse = 36.700 Largeur =   63.837 Section =    27.97 Hauteur =  0.722
 Err010 à  02:22:18:40              : INSTABILITÉ NUMÉRIQUE (Froude grand)
       Froude = 0.34E+02 au Pm   40406.00 du Bief 004
       Vitesse = 61.242 Largeur =   54.134 Section =    17.75 Hauteur =  0.550
 Err010 à  02:22:19:20              : INSTABILITÉ NUMÉRIQUE (Froude grand)
       Froude = 0.27E+01 au Pm   40356.00 du Bief 004
       Vitesse =  8.669 Largeur =   81.155 Section =    88.31 Hauteur =  1.714
 Err010 à  02:22:20:00              : INSTABILITÉ NUMÉRIQUE (Froude grand)
       Froude = 0.80E+01 au Pm   40356.00 du Bief 004
       Vitesse = 21.010 Largeur =   65.453 Section =    45.90 Hauteur =  1.135
 Err010 à  02:22:20:40              : INSTABILITÉ NUMÉRIQUE (Froude grand)
       Froude = 0.17E+03 au Pm   40356.00 du Bief 004
       Vitesse = ****** Largeur =   29.417 Section =     5.54 Hauteur =  0.311
 Err010 à  02:22:21:20              : INSTABILITÉ NUMÉRIQUE (Froude grand)
       Froude = 0.28E+01 au Pm   40306.00 du Bief 004
       Vitesse =  9.513 Largeur =   73.764 Section =    85.04 Hauteur =  1.826
 Err010 à  02:22:22:00              : INSTABILITÉ NUMÉRIQUE (Froude grand)
       Froude = 0.15E+02 au Pm   40306.00 du Bief 004
       Vitesse = 36.121 Largeur =   51.000 Section =    30.75 Hauteur =  0.968
 Err010 à  02:22:22:40              : INSTABILITÉ NUMÉRIQUE (Froude grand)
       Froude = 0.20E+01 au Pm   40256.00 du Bief 004
       Vitesse =  7.333 Largeur =   74.938 Section =   105.07 Hauteur =  2.222
 Err010 à  02:22:23:20              : INSTABILITÉ NUMÉRIQUE (Froude grand)
       Froude = 0.10E+02 au Pm   40256.00 du Bief 004
       Vitesse = 28.221 Largeur =   52.767 Section =    40.41 Hauteur =  1.221
 Err010 à  02:22:24:00              : INSTABILITÉ NUMÉRIQUE (Froude grand)
       Froude = 0.20E+01 au Pm   40156.00 du Bief 004
       Vitesse =  7.379 Largeur =   76.869 Section =   107.03 Hauteur =  2.222
 Err010 à  02:22:24:40              : INSTABILITÉ NUMÉRIQUE (Froude grand)
       Froude = 0.23E+01 au Pm   38174.00 du Bief 004
       Vitesse =  7.480 Largeur =   74.034 Section =    76.85 Hauteur =  2.235
 Err010 à  02:22:25:20              : INSTABILITÉ NUMÉRIQUE (Froude grand)
       Froude = 0.42E+01 au Pm   38057.00 du Bief 004
       Vitesse = 13.162 Largeur =   56.985 Section =    56.16 Hauteur =  1.969
 Err002 à  02:22:24:40 + 8.000 : NON CONVERGENCE des itérations 
       écart relatif (à Ymax et Qmax) trop grand après 99 itérations
       Itération 98 : écart en DZ = 0.115791E-05 ; écart en DQ = 0.142464E-04
       Itération 99 : écart en DZ = 0.110939E-05 ; écart en DQ = 0.136495E-04
       Z : Pm   40406.00 du bief   4 ; Q : Pm   40456.00 du bief   4
       Residu : 0.121078E+00(004: 40406.00)
 Err010 à  02:22:25:35              : INSTABILITÉ NUMÉRIQUE (Froude grand)
       Froude = 0.30E+01 au Pm   40306.00 du Bief 004
       Vitesse = 10.248 Largeur =   74.421 Section =    87.31 Hauteur =  1.856
 Err010 à  02:22:26:00              : INSTABILITÉ NUMÉRIQUE (Froude grand)
       Froude = 0.18E+01 au Pm   40256.00 du Bief 004
       Vitesse =  6.969 Largeur =   77.457 Section =   115.37 Hauteur =  2.357
 Err010 à  02:22:26:25              : INSTABILITÉ NUMÉRIQUE (Froude grand)
       Froude = 0.58E+01 au Pm   40206.00 du Bief 004
       Vitesse = 18.650 Largeur =   62.359 Section =    64.87 Hauteur =  1.642
 Err010 à  02:22:26:50              : INSTABILITÉ NUMÉRIQUE (Froude grand)
       Froude = 0.39E+01 au Pm   40056.00 du Bief 004
       Vitesse = 13.006 Largeur =   70.349 Section =    80.84 Hauteur =  1.842
 Err010 à  02:22:27:15              : INSTABILITÉ NUMÉRIQUE (Froude grand)
       Froude = 0.52E+01 au Pm   38841.00 du Bief 004
       Vitesse = 16.522 Largeur =   55.527 Section =    56.43 Hauteur =  1.972
 Err010 à  02:22:27:40              : INSTABILITÉ NUMÉRIQUE (Froude grand)
       Froude = 0.17E+01 au Pm   38791.00 du Bief 004
       Vitesse =  5.739 Largeur =   99.423 Section =   109.56 Hauteur =  2.625
 Err010 à  02:22:28:05              : INSTABILITÉ NUMÉRIQUE (Froude grand)
       Froude = 0.84E+01 au Pm   38791.00 du Bief 004
       Vitesse = 24.480 Largeur =   48.754 Section =    41.93 Hauteur =  1.594
 Err010 à  02:22:28:30              : INSTABILITÉ NUMÉRIQUE (Froude grand)
       Froude = 0.17E+10 au Pm   38791.00 du Bief 004
       Vitesse = ****** Largeur =    0.030 Section =     0.00 Hauteur =  0.001
 Err010 à  02:22:28:55              : INSTABILITÉ NUMÉRIQUE (Froude grand)
       Froude = 0.47E+01 au Pm   38728.00 du Bief 004
       Vitesse = 14.516 Largeur =   63.660 Section =    62.33 Hauteur =  1.753
 Err010 à  02:22:29:20              : INSTABILITÉ NUMÉRIQUE (Froude grand)
       Froude = 0.13E+10 au Pm   38728.00 du Bief 004
       Vitesse = ****** Largeur =    0.036 Section =     0.00 Hauteur =  0.001
 Err010 à  02:22:29:45              : INSTABILITÉ NUMÉRIQUE (Froude grand)
       Froude = 0.47E+01 au Pm   38666.00 du Bief 004
       Vitesse = 13.979 Largeur =   69.638 Section =    62.40 Hauteur =  1.668
 Err001 à  02:22:29:45 + 15.000 : DIVERGENCE des itérations (Debord)
       écart relatif (à Ymax et Qmax) croissant entre 2 itérées successives
       Itération 07 : écart en DZ = 0.107903E+00 ; écart en DQ = 0.102354E+01
       Itération 08 : écart en DZ = 0.377963E+00 ; écart en DQ = 0.409393E+01
       Z : Pm   40406.00 du bief   4 ; Q : Pm   40456.00 du bief   4
 Err001 à  02:22:30:00 + 15.000 : DIVERGENCE des itérations (Debord)
       écart relatif (à Ymax et Qmax) croissant entre 2 itérées successives
       Itération 07 : écart en DZ = 0.112734E+00 ; écart en DQ = 0.106921E+01
       Itération 08 : écart en DZ = 0.403743E+00 ; écart en DQ = 0.439363E+01
       Z : Pm   40406.00 du bief   4 ; Q : Pm   40456.00 du bief   4
 Err001 à  02:22:30:15 + 15.000 : DIVERGENCE des itérations (Debord)
       écart relatif (à Ymax et Qmax) croissant entre 2 itérées successives
       Itération 07 : écart en DZ = 0.119391E+00 ; écart en DQ = 0.113221E+01
       Itération 08 : écart en DZ = 0.430350E+00 ; écart en DQ = 0.470062E+01
       Z : Pm   40406.00 du bief   4 ; Q : Pm   40456.00 du bief   4
 Err001 à  02:22:30:30 + 15.000 : DIVERGENCE des itérations (Debord)
       écart relatif (à Ymax et Qmax) croissant entre 2 itérées successives
       Itération 07 : écart en DZ = 0.126970E+00 ; écart en DQ = 0.120407E+01
       Itération 08 : écart en DZ = 0.477351E+00 ; écart en DQ = 0.526531E+01
       Z : Pm   40406.00 du bief   4 ; Q : Pm   40456.00 du bief   4
 Err001 à  02:22:30:45 + 15.000 : DIVERGENCE des itérations (Debord)
       écart relatif (à Ymax et Qmax) croissant entre 2 itérées successives
       Itération 07 : écart en DZ = 0.135058E+00 ; écart en DQ = 0.128092E+01
       Itération 08 : écart en DZ = 0.532795E+00 ; écart en DQ = 0.593837E+01
       Z : Pm   40406.00 du bief   4 ; Q : Pm   40456.00 du bief   4
 Err001 à  02:22:31:00 + 15.000 : DIVERGENCE des itérations (Debord)
       écart relatif (à Ymax et Qmax) croissant entre 2 itérées successives
       Itération 07 : écart en DZ = 0.143850E+00 ; écart en DQ = 0.136466E+01
       Itération 08 : écart en DZ = 0.600379E+00 ; écart en DQ = 0.676721E+01
       Z : Pm   40406.00 du bief   4 ; Q : Pm   40456.00 du bief   4
 Err001 à  02:22:31:15 + 15.000 : DIVERGENCE des itérations (Debord)
       écart relatif (à Ymax et Qmax) croissant entre 2 itérées successives
       Itération 07 : écart en DZ = 0.153350E+00 ; écart en DQ = 0.145536E+01
       Itération 08 : écart en DZ = 0.685920E+00 ; écart en DQ = 0.782313E+01
       Z : Pm   40406.00 du bief   4 ; Q : Pm   40456.00 du bief   4
 Err001 à  02:22:31:30 + 15.000 : DIVERGENCE des itérations (Debord)
       écart relatif (à Ymax et Qmax) croissant entre 2 itérées successives
       Itération 07 : écart en DZ = 0.161426E+00 ; écart en DQ = 0.153265E+01
       Itération 08 : écart en DZ = 0.772813E+00 ; écart en DQ = 0.890134E+01
       Z : Pm   40406.00 du bief   4 ; Q : Pm   40456.00 du bief   4
 Err001 à  02:22:31:45 + 15.000 : DIVERGENCE des itérations (Debord)
       écart relatif (à Ymax et Qmax) croissant entre 2 itérées successives
       Itération 07 : écart en DZ = 0.171051E+00 ; écart en DQ = 0.162500E+01
       Itération 08 : écart en DZ = 0.893338E+00 ; écart en DQ = 0.104066E+02
       Z : Pm   40406.00 du bief   4 ; Q : Pm   40456.00 du bief   4
 Err010 à  02:22:32:15              : INSTABILITÉ NUMÉRIQUE (Froude grand)
       Froude = 0.17E+01 au Pm   40406.00 du Bief 004
       Vitesse =  6.170 Largeur =   90.083 Section =   120.61 Hauteur =  1.890
 Err010 à  02:22:32:30              : INSTABILITÉ NUMÉRIQUE (Froude grand)
       Froude = 0.20E+01 au Pm   40406.00 du Bief 004
       Vitesse =  7.052 Largeur =   88.349 Section =   111.35 Hauteur =  1.786
 Err010 à  02:22:32:45              : INSTABILITÉ NUMÉRIQUE (Froude grand)
       Froude = 0.24E+01 au Pm   40406.00 du Bief 004
       Vitesse =  8.182 Largeur =   86.482 Section =   101.45 Hauteur =  1.673
 Err010 à  03:00:00:00              : INSTABILITÉ NUMÉRIQUE (Froude grand)
       Froude = 0.38E+01 au Pm   54500.00 du Bief 001
       Vitesse = 10.342 Largeur =  109.214 Section =    83.95 Hauteur =  2.219
 Err010 à  02:23:52:00              : INSTABILITÉ NUMÉRIQUE (Froude grand)
       Froude = 0.77E+01 au Pm   35845.67 du Bief 006
       Vitesse = 15.584 Largeur =   51.872 Section =    21.59 Hauteur =  0.758
 Err010 à  02:23:50:24              : INSTABILITÉ NUMÉRIQUE (Froude grand)
       Froude = 0.44E+01 au Pm   39316.00 du Bief 004
       Vitesse = 12.157 Largeur =   95.089 Section =    75.46 Hauteur =  1.829
 Err010 à  02:23:50:04              : INSTABILITÉ NUMÉRIQUE (Froude grand)
       Froude = 0.21E+10 au Pm   39316.00 du Bief 004
       Vitesse = ****** Largeur =    0.054 Section =     0.00 Hauteur =  0.001
 Err010 à  02:23:50:10              : INSTABILITÉ NUMÉRIQUE (Froude grand)
       Froude = 0.11E+10 au Pm   39216.00 du Bief 004
       Vitesse = ****** Largeur =    0.068 Section =     0.00 Hauteur =  0.001
 Err001 à  02:23:51:00 + 25.000 : DIVERGENCE des itérations (Debord)
       écart relatif (à Ymax et Qmax) croissant entre 2 itérées successives
       Itération 07 : écart en DZ = 0.507205E-01 ; écart en DQ = 0.404837E+00
       Itération 08 : écart en DZ = 0.142089E+00 ; écart en DQ = 0.143536E+01
       Z : Pm   39316.00 du bief   4 ; Q : Pm   39366.00 du bief   4
 Err010 à  02:23:51:05              : INSTABILITÉ NUMÉRIQUE (Froude grand)
       Froude = 0.47E+01 au Pm   39266.00 du Bief 004
       Vitesse = 14.070 Largeur =   93.378 Section =    84.25 Hauteur =  1.923
 Err010 à  02:23:51:10              : INSTABILITÉ NUMÉRIQUE (Froude grand)
       Froude = 0.41E+10 au Pm   38941.00 du Bief 004
       Vitesse = ****** Largeur =    0.032 Section =     0.00 Hauteur =  0.001
 Err010 à  02:23:51:15              : INSTABILITÉ NUMÉRIQUE (Froude grand)
       Froude = 0.11E+10 au Pm   39166.00 du Bief 004
       Vitesse = ****** Largeur =    0.078 Section =     0.00 Hauteur =  0.001
 Err010 à  02:23:51:20              : INSTABILITÉ NUMÉRIQUE (Froude grand)
       Froude = 0.49E+01 au Pm   39216.00 du Bief 004
       Vitesse = 15.586 Largeur =   96.976 Section =    76.65 Hauteur =  1.838
 Err010 à  02:23:51:25              : INSTABILITÉ NUMÉRIQUE (Froude grand)
       Froude = 0.12E+10 au Pm   39266.00 du Bief 004
       Vitesse = ****** Largeur =    0.060 Section =     0.00 Hauteur =  0.001
 Err010 à  02:23:51:30              : INSTABILITÉ NUMÉRIQUE (Froude grand)
       Froude = 0.21E+03 au Pm   39266.00 du Bief 004
       Vitesse = ****** Largeur =   22.138 Section =     5.74 Hauteur =  0.516
 Err010 à  02:23:51:35              : INSTABILITÉ NUMÉRIQUE (Froude grand)
       Froude = 0.29E+01 au Pm   39266.00 du Bief 004
       Vitesse =  9.931 Largeur =  100.102 Section =   106.85 Hauteur =  2.150
 Err010 à  02:23:51:40              : INSTABILITÉ NUMÉRIQUE (Froude grand)
       Froude = 0.25E+10 au Pm   38941.00 du Bief 004
       Vitesse = ****** Largeur =    0.032 Section =     0.00 Hauteur =  0.001
 Err010 à  02:23:51:45              : INSTABILITÉ NUMÉRIQUE (Froude grand)
       Froude = 0.27E+10 au Pm   38941.00 du Bief 004
       Vitesse = ****** Largeur =    0.032 Section =     0.00 Hauteur =  0.001
 Err010 à  02:23:51:50              : INSTABILITÉ NUMÉRIQUE (Froude grand)
       Froude = 0.18E+01 au Pm   36776.50 du Bief 006
       Vitesse =  5.759 Largeur =   78.704 Section =    84.82 Hauteur =  1.686
 Err010 à  02:23:51:55              : INSTABILITÉ NUMÉRIQUE (Froude grand)
       Froude = 0.16E+01 au Pm   39266.00 du Bief 004
       Vitesse =  6.050 Largeur =  103.301 Section =   143.43 Hauteur =  2.508
 Err010 à  02:23:52:00              : INSTABILITÉ NUMÉRIQUE (Froude grand)
       Froude = 0.15E+01 au Pm   39266.00 du Bief 004
       Vitesse =  5.760 Largeur =  103.492 Section =   147.22 Hauteur =  2.545
 Err010 à  02:23:52:05              : INSTABILITÉ NUMÉRIQUE (Froude grand)
       Froude = 0.15E+01 au Pm   36776.50 du Bief 006
       Vitesse =  5.153 Largeur =   79.836 Section =    90.53 Hauteur =  1.758
 Err010 à  02:23:52:10              : INSTABILITÉ NUMÉRIQUE (Froude grand)
       Froude = 0.23E+03 au Pm   37678.00 du Bief 004
       Vitesse = ****** Largeur =   17.893 Section =     4.88 Hauteur =  0.526
 Err010 à  02:23:52:15              : INSTABILITÉ NUMÉRIQUE (Froude grand)
       Froude = 0.24E+10 au Pm   38728.00 du Bief 004
       Vitesse = ****** Largeur =    0.036 Section =     0.00 Hauteur =  0.001
 Err010 à  02:23:52:20              : INSTABILITÉ NUMÉRIQUE (Froude grand)
       Froude = 0.27E+01 au Pm   38841.00 du Bief 004
       Vitesse = 10.007 Largeur =   68.989 Section =    93.71 Hauteur =  2.571
 Err010 à  02:23:52:25              : INSTABILITÉ NUMÉRIQUE (Froude grand)
       Froude = 0.96E+01 au Pm   38941.00 du Bief 004
       Vitesse = 29.344 Largeur =   50.277 Section =    47.81 Hauteur =  2.005
 Err010 à  02:23:52:30              : INSTABILITÉ NUMÉRIQUE (Froude grand)
       Froude = 0.21E+10 au Pm   39049.00 du Bief 004
       Vitesse = ****** Largeur =    0.038 Section =     0.00 Hauteur =  0.001
 Err010 à  02:23:52:35              : INSTABILITÉ NUMÉRIQUE (Froude grand)
       Froude = 0.41E+01 au Pm   39049.00 du Bief 004
       Vitesse = 13.945 Largeur =   69.585 Section =    81.92 Hauteur =  2.520
 Err010 à  02:23:52:40              : INSTABILITÉ NUMÉRIQUE (Froude grand)
       Froude = 0.12E+04 au Pm   39166.00 du Bief 004
       Vitesse = ****** Largeur =   11.129 Section =     1.53 Hauteur =  0.224
 Err010 à  02:23:52:45              : INSTABILITÉ NUMÉRIQUE (Froude grand)
       Froude = 0.30E+01 au Pm   39107.00 du Bief 004
       Vitesse = 10.145 Largeur =   92.518 Section =   100.54 Hauteur =  2.347
 Err010 à  02:23:52:50              : INSTABILITÉ NUMÉRIQUE (Froude grand)
       Froude = 0.24E+01 au Pm   39107.00 du Bief 004
       Vitesse =  8.362 Largeur =   95.317 Section =   113.18 Hauteur =  2.481
 Err010 à  02:23:52:55              : INSTABILITÉ NUMÉRIQUE (Froude grand)
       Froude = 0.14E+10 au Pm   39216.00 du Bief 004
       Vitesse = ****** Largeur =    0.068 Section =     0.00 Hauteur =  0.001
 Err010 à  02:23:53:00              : INSTABILITÉ NUMÉRIQUE (Froude grand)
       Froude = 0.19E+04 au Pm   39216.00 du Bief 004
       Vitesse = ****** Largeur =    9.572 Section =     1.08 Hauteur =  0.190
 Err010 à  02:23:53:05              : INSTABILITÉ NUMÉRIQUE (Froude grand)
       Froude = 0.11E+02 au Pm   39216.00 du Bief 004
       Vitesse = 30.287 Largeur =   63.634 Section =    46.63 Hauteur =  1.452
 Err010 à  02:23:53:10              : INSTABILITÉ NUMÉRIQUE (Froude grand)
       Froude = 0.29E+01 au Pm   39216.00 du Bief 004
       Vitesse =  9.607 Largeur =  101.536 Section =   107.03 Hauteur =  2.141
 Err010 à  02:23:53:15              : INSTABILITÉ NUMÉRIQUE (Froude grand)
       Froude = 0.31E+10 au Pm   39316.00 du Bief 004
       Vitesse = ****** Largeur =    0.054 Section =     0.00 Hauteur =  0.001
 Err010 à  02:23:53:20              : INSTABILITÉ NUMÉRIQUE (Froude grand)
       Froude = 0.20E+10 au Pm   39316.00 du Bief 004
       Vitesse = ****** Largeur =    0.054 Section =     0.00 Hauteur =  0.001
 Err010 à  02:23:53:25              : INSTABILITÉ NUMÉRIQUE (Froude grand)
       Froude = 0.12E+10 au Pm   39316.00 du Bief 004
       Vitesse = ****** Largeur =    0.054 Section =     0.00 Hauteur =  0.001
 Err010 à  02:23:53:30              : INSTABILITÉ NUMÉRIQUE (Froude grand)
       Froude = 0.31E+01 au Pm   39316.00 du Bief 004
       Vitesse =  9.382 Largeur =   98.100 Section =    89.58 Hauteur =  1.975
 Err010 à  02:23:53:35              : INSTABILITÉ NUMÉRIQUE (Froude grand)
       Froude = 0.70E+02 au Pm   39366.00 du Bief 004
       Vitesse = ****** Largeur =   25.373 Section =    13.91 Hauteur =  0.927
 Err010 à  02:23:53:40              : INSTABILITÉ NUMÉRIQUE (Froude grand)
       Froude = 0.42E+09 au Pm   39366.00 du Bief 004
       Vitesse = ****** Largeur =    0.049 Section =     0.00 Hauteur =  0.001
 Err010 à  02:23:53:45              : INSTABILITÉ NUMÉRIQUE (Froude grand)
       Froude = 0.21E+04 au Pm   37261.00 du Bief 006
       Vitesse = ****** Largeur =    3.898 Section =     0.28 Hauteur =  0.146
 Err010 à  02:23:53:50              : INSTABILITÉ NUMÉRIQUE (Froude grand)
       Froude = 0.45E+01 au Pm   37063.00 du Bief 006
       Vitesse = 14.320 Largeur =   38.934 Section =    40.34 Hauteur =  1.507
 Err010 à  02:23:53:55              : INSTABILITÉ NUMÉRIQUE (Froude grand)
       Froude = 0.21E+01 au Pm   39266.00 du Bief 004
       Vitesse =  7.319 Largeur =  102.232 Section =   122.48 Hauteur =  2.304
 Err010 à  02:23:54:00              : INSTABILITÉ NUMÉRIQUE (Froude grand)
       Froude = 0.29E+01 au Pm   39266.00 du Bief 004
       Vitesse =  9.680 Largeur =   99.653 Section =   103.70 Hauteur =  2.118
 Err010 à  02:23:54:05              : INSTABILITÉ NUMÉRIQUE (Froude grand)
       Froude = 0.40E+01 au Pm   39266.00 du Bief 004
       Vitesse = 12.164 Largeur =   93.378 Section =    89.31 Hauteur =  1.977
 Err010 à  02:23:54:10              : INSTABILITÉ NUMÉRIQUE (Froude grand)
       Froude = 0.50E+01 au Pm   39266.00 du Bief 004
       Vitesse = 14.483 Largeur =   93.378 Section =    79.37 Hauteur =  1.870
 Err010 à  02:23:54:15              : INSTABILITÉ NUMÉRIQUE (Froude grand)
       Froude = 0.60E+01 au Pm   39266.00 du Bief 004
       Vitesse = 16.522 Largeur =   93.378 Section =    72.34 Hauteur =  1.795
 Err010 à  02:23:54:20              : INSTABILITÉ NUMÉRIQUE (Froude grand)
       Froude = 0.67E+01 au Pm   39266.00 du Bief 004
       Vitesse = 18.113 Largeur =   92.063 Section =    67.71 Hauteur =  1.745
 Err010 à  02:23:54:25              : INSTABILITÉ NUMÉRIQUE (Froude grand)
       Froude = 0.73E+01 au Pm   39266.00 du Bief 004
       Vitesse = 19.251 Largeur =   90.931 Section =    64.79 Hauteur =  1.713
 Err010 à  02:23:54:30              : INSTABILITÉ NUMÉRIQUE (Froude grand)
       Froude = 0.76E+01 au Pm   39266.00 du Bief 004
       Vitesse = 20.016 Largeur =   90.230 Section =    63.00 Hauteur =  1.693
 Err010 à  02:23:54:35              : INSTABILITÉ NUMÉRIQUE (Froude grand)
       Froude = 0.79E+01 au Pm   39266.00 du Bief 004
       Vitesse = 20.476 Largeur =   89.843 Section =    62.02 Hauteur =  1.683
 Err010 à  02:23:54:40              : INSTABILITÉ NUMÉRIQUE (Froude grand)
       Froude = 0.80E+01 au Pm   39266.00 du Bief 004
       Vitesse = 20.672 Largeur =   89.702 Section =    61.66 Hauteur =  1.679
 Err010 à  02:23:54:45              : INSTABILITÉ NUMÉRIQUE (Froude grand)
       Froude = 0.79E+01 au Pm   39266.00 du Bief 004
       Vitesse = 20.651 Largeur =   89.757 Section =    61.80 Hauteur =  1.680
 Err010 à  02:23:54:50              : INSTABILITÉ NUMÉRIQUE (Froude grand)
       Froude = 0.78E+01 au Pm   39266.00 du Bief 004
       Vitesse = 20.462 Largeur =   89.963 Section =    62.32 Hauteur =  1.686
 Err010 à  02:23:54:55              : INSTABILITÉ NUMÉRIQUE (Froude grand)
       Froude = 0.77E+01 au Pm   39266.00 du Bief 004
       Vitesse = 20.155 Largeur =   90.282 Section =    63.13 Hauteur =  1.695
 Err010 à  02:23:55:00              : INSTABILITÉ NUMÉRIQUE (Froude grand)
       Froude = 0.75E+01 au Pm   39266.00 du Bief 004
       Vitesse = 19.769 Largeur =   90.680 Section =    64.14 Hauteur =  1.706
 Err010 à  02:23:55:05              : INSTABILITÉ NUMÉRIQUE (Froude grand)
       Froude = 0.73E+01 au Pm   39266.00 du Bief 004
       Vitesse = 19.337 Largeur =   91.133 Section =    65.31 Hauteur =  1.719
 Err010 à  02:23:55:10              : INSTABILITÉ NUMÉRIQUE (Froude grand)
       Froude = 0.71E+01 au Pm   39266.00 du Bief 004
       Vitesse = 18.877 Largeur =   91.627 Section =    66.58 Hauteur =  1.733
 Err010 à  02:23:55:15              : INSTABILITÉ NUMÉRIQUE (Froude grand)
       Froude = 0.68E+01 au Pm   39266.00 du Bief 004
       Vitesse = 18.402 Largeur =   92.154 Section =    67.94 Hauteur =  1.748
 Err010 à  02:23:55:20              : INSTABILITÉ NUMÉRIQUE (Froude grand)
       Froude = 0.66E+01 au Pm   39266.00 du Bief 004
       Vitesse = 17.922 Largeur =   92.702 Section =    69.37 Hauteur =  1.763
 Err010 à  02:23:55:25              : INSTABILITÉ NUMÉRIQUE (Froude grand)
       Froude = 0.64E+01 au Pm   39266.00 du Bief 004
       Vitesse = 17.450 Largeur =   93.259 Section =    70.83 Hauteur =  1.779
 Err010 à  02:23:55:30              : INSTABILITÉ NUMÉRIQUE (Froude grand)
       Froude = 0.62E+01 au Pm   39266.00 du Bief 004
       Vitesse = 16.994 Largeur =   93.378 Section =    72.30 Hauteur =  1.795
 Err010 à  02:23:55:35              : INSTABILITÉ NUMÉRIQUE (Froude grand)
       Froude = 0.61E+01 au Pm   39266.00 du Bief 004
       Vitesse = 16.794 Largeur =   93.378 Section =    72.99 Hauteur =  1.802
 Err010 à  02:23:55:40              : INSTABILITÉ NUMÉRIQUE (Froude grand)
       Froude = 0.59E+01 au Pm   39266.00 du Bief 004
       Vitesse = 16.367 Largeur =   93.378 Section =    74.44 Hauteur =  1.817
 Err010 à  02:23:55:45              : INSTABILITÉ NUMÉRIQUE (Froude grand)
       Froude = 0.57E+01 au Pm   39266.00 du Bief 004
       Vitesse = 15.959 Largeur =   93.378 Section =    75.88 Hauteur =  1.833
 Err010 à  02:23:55:50              : INSTABILITÉ NUMÉRIQUE (Froude grand)
       Froude = 0.55E+01 au Pm   39266.00 du Bief 004
       Vitesse = 15.574 Largeur =   93.378 Section =    77.29 Hauteur =  1.848
 Err010 à  02:23:55:55              : INSTABILITÉ NUMÉRIQUE (Froude grand)
       Froude = 0.53E+01 au Pm   39266.00 du Bief 004
       Vitesse = 15.217 Largeur =   93.378 Section =    78.64 Hauteur =  1.862
 Err010 à  02:23:56:00              : INSTABILITÉ NUMÉRIQUE (Froude grand)
       Froude = 0.51E+01 au Pm   39266.00 du Bief 004
       Vitesse = 14.892 Largeur =   93.378 Section =    79.92 Hauteur =  1.876
 Err010 à  02:23:56:05              : INSTABILITÉ NUMÉRIQUE (Froude grand)
       Froude = 0.50E+01 au Pm   39266.00 du Bief 004
       Vitesse = 14.596 Largeur =   93.378 Section =    81.11 Hauteur =  1.889
 Err010 à  02:23:56:10              : INSTABILITÉ NUMÉRIQUE (Froude grand)
       Froude = 0.49E+01 au Pm   39266.00 du Bief 004
       Vitesse = 14.327 Largeur =   93.378 Section =    82.23 Hauteur =  1.901
 Err010 à  02:23:56:15              : INSTABILITÉ NUMÉRIQUE (Froude grand)
       Froude = 0.48E+01 au Pm   39266.00 du Bief 004
       Vitesse = 14.079 Largeur =   93.378 Section =    83.28 Hauteur =  1.912
 Err010 à  02:23:56:20              : INSTABILITÉ NUMÉRIQUE (Froude grand)
       Froude = 0.47E+01 au Pm   39266.00 du Bief 004
       Vitesse = 13.851 Largeur =   93.378 Section =    84.28 Hauteur =  1.923
 Err010 à  02:23:56:25              : INSTABILITÉ NUMÉRIQUE (Froude grand)
       Froude = 0.46E+01 au Pm   39266.00 du Bief 004
       Vitesse = 13.643 Largeur =   93.378 Section =    85.20 Hauteur =  1.933
 Err010 à  02:23:56:30              : INSTABILITÉ NUMÉRIQUE (Froude grand)
       Froude = 0.45E+01 au Pm   39266.00 du Bief 004
       Vitesse = 13.455 Largeur =   93.378 Section =    86.06 Hauteur =  1.942
 Err010 à  02:23:56:35              : INSTABILITÉ NUMÉRIQUE (Froude grand)
       Froude = 0.44E+01 au Pm   39266.00 du Bief 004
       Vitesse = 13.287 Largeur =   93.378 Section =    86.84 Hauteur =  1.950
 Err010 à  02:23:56:40              : INSTABILITÉ NUMÉRIQUE (Froude grand)
       Froude = 0.43E+01 au Pm   39266.00 du Bief 004
       Vitesse = 13.137 Largeur =   93.378 Section =    87.55 Hauteur =  1.958
 Err010 à  02:23:56:45              : INSTABILITÉ NUMÉRIQUE (Froude grand)
       Froude = 0.43E+01 au Pm   39266.00 du Bief 004
       Vitesse = 13.003 Largeur =   93.378 Section =    88.20 Hauteur =  1.965
 Err010 à  02:23:56:50              : INSTABILITÉ NUMÉRIQUE (Froude grand)
       Froude = 0.42E+01 au Pm   39266.00 du Bief 004
       Vitesse = 12.885 Largeur =   93.378 Section =    88.77 Hauteur =  1.971
 Err010 à  02:23:56:55              : INSTABILITÉ NUMÉRIQUE (Froude grand)
       Froude = 0.42E+01 au Pm   39266.00 du Bief 004
       Vitesse = 12.783 Largeur =   93.378 Section =    89.28 Hauteur =  1.976
 Err010 à  02:23:57:00              : INSTABILITÉ NUMÉRIQUE (Froude grand)
       Froude = 0.41E+01 au Pm   39266.00 du Bief 004
       Vitesse = 12.696 Largeur =   93.378 Section =    89.72 Hauteur =  1.981
 Err010 à  02:23:57:05              : INSTABILITÉ NUMÉRIQUE (Froude grand)
       Froude = 0.41E+01 au Pm   39266.00 du Bief 004
       Vitesse = 12.624 Largeur =   93.378 Section =    90.08 Hauteur =  1.985
 Err010 à  02:23:57:10              : INSTABILITÉ NUMÉRIQUE (Froude grand)
       Froude = 0.41E+01 au Pm   39266.00 du Bief 004
       Vitesse = 12.567 Largeur =   93.378 Section =    90.37 Hauteur =  1.988
 Err010 à  02:23:57:15              : INSTABILITÉ NUMÉRIQUE (Froude grand)
       Froude = 0.41E+01 au Pm   39266.00 du Bief 004
       Vitesse = 12.524 Largeur =   93.378 Section =    90.60 Hauteur =  1.991
 Err010 à  02:23:57:20              : INSTABILITÉ NUMÉRIQUE (Froude grand)
       Froude = 0.40E+01 au Pm   39266.00 du Bief 004
       Vitesse = 12.494 Largeur =   93.378 Section =    90.76 Hauteur =  1.992
 Err010 à  02:23:57:25              : INSTABILITÉ NUMÉRIQUE (Froude grand)
       Froude = 0.40E+01 au Pm   39266.00 du Bief 004
       Vitesse = 12.477 Largeur =   93.378 Section =    90.85 Hauteur =  1.993
 Err010 à  02:23:57:30              : INSTABILITÉ NUMÉRIQUE (Froude grand)
       Froude = 0.40E+01 au Pm   39266.00 du Bief 004
       Vitesse = 12.473 Largeur =   93.378 Section =    90.88 Hauteur =  1.994
 Err010 à  02:23:57:35              : INSTABILITÉ NUMÉRIQUE (Froude grand)
       Froude = 0.40E+01 au Pm   39266.00 du Bief 004
       Vitesse = 12.481 Largeur =   93.378 Section =    90.85 Hauteur =  1.993
 Err010 à  02:23:57:40              : INSTABILITÉ NUMÉRIQUE (Froude grand)
       Froude = 0.40E+01 au Pm   39266.00 du Bief 004
       Vitesse = 12.502 Largeur =   93.378 Section =    90.75 Hauteur =  1.992
 Err010 à  02:23:57:45              : INSTABILITÉ NUMÉRIQUE (Froude grand)
       Froude = 0.41E+01 au Pm   39266.00 du Bief 004
       Vitesse = 12.535 Largeur =   93.378 Section =    90.59 Hauteur =  1.990
 Err010 à  02:23:57:50              : INSTABILITÉ NUMÉRIQUE (Froude grand)
       Froude = 0.41E+01 au Pm   39266.00 du Bief 004
       Vitesse = 12.581 Largeur =   93.378 Section =    90.37 Hauteur =  1.988
 Err010 à  02:23:57:55              : INSTABILITÉ NUMÉRIQUE (Froude grand)
       Froude = 0.41E+01 au Pm   39266.00 du Bief 004
       Vitesse = 12.640 Largeur =   93.378 Section =    90.08 Hauteur =  1.985
 Err010 à  02:23:58:00              : INSTABILITÉ NUMÉRIQUE (Froude grand)
       Froude = 0.41E+01 au Pm   39266.00 du Bief 004
       Vitesse = 12.711 Largeur =   93.378 Section =    89.73 Hauteur =  1.981
 Err010 à  02:23:58:05              : INSTABILITÉ NUMÉRIQUE (Froude grand)
       Froude = 0.42E+01 au Pm   39266.00 du Bief 004
       Vitesse = 12.795 Largeur =   93.378 Section =    89.33 Hauteur =  1.977
 Err010 à  02:23:58:10              : INSTABILITÉ NUMÉRIQUE (Froude grand)
       Froude = 0.42E+01 au Pm   39266.00 du Bief 004
       Vitesse = 12.892 Largeur =   93.378 Section =    88.86 Hauteur =  1.972
 Err010 à  02:23:58:15              : INSTABILITÉ NUMÉRIQUE (Froude grand)
       Froude = 0.43E+01 au Pm   39266.00 du Bief 004
       Vitesse = 13.002 Largeur =   93.378 Section =    88.34 Hauteur =  1.966
 Err010 à  02:23:58:20              : INSTABILITÉ NUMÉRIQUE (Froude grand)
       Froude = 0.43E+01 au Pm   39266.00 du Bief 004
       Vitesse = 13.125 Largeur =   93.378 Section =    87.77 Hauteur =  1.960
 Err010 à  02:23:58:25              : INSTABILITÉ NUMÉRIQUE (Froude grand)
       Froude = 0.44E+01 au Pm   39266.00 du Bief 004
       Vitesse = 13.260 Largeur =   93.378 Section =    87.14 Hauteur =  1.953
 Err010 à  02:23:58:30              : INSTABILITÉ NUMÉRIQUE (Froude grand)
       Froude = 0.44E+01 au Pm   39266.00 du Bief 004
       Vitesse = 13.410 Largeur =   93.378 Section =    86.45 Hauteur =  1.946
 Err010 à  02:23:58:35              : INSTABILITÉ NUMÉRIQUE (Froude grand)
       Froude = 0.45E+01 au Pm   39266.00 du Bief 004
       Vitesse = 13.573 Largeur =   93.378 Section =    85.72 Hauteur =  1.938
 Err010 à  02:23:58:40              : INSTABILITÉ NUMÉRIQUE (Froude grand)
       Froude = 0.46E+01 au Pm   39266.00 du Bief 004
       Vitesse = 13.750 Largeur =   93.378 Section =    84.93 Hauteur =  1.930
 Err010 à  02:23:58:45              : INSTABILITÉ NUMÉRIQUE (Froude grand)
       Froude = 0.47E+01 au Pm   39266.00 du Bief 004
       Vitesse = 13.942 Largeur =   93.378 Section =    84.09 Hauteur =  1.921
 Err010 à  02:23:58:50              : INSTABILITÉ NUMÉRIQUE (Froude grand)
       Froude = 0.48E+01 au Pm   39266.00 du Bief 004
       Vitesse = 14.150 Largeur =   93.378 Section =    83.21 Hauteur =  1.911
 Err010 à  02:23:58:55              : INSTABILITÉ NUMÉRIQUE (Froude grand)
       Froude = 0.49E+01 au Pm   39266.00 du Bief 004
       Vitesse = 14.371 Largeur =   93.378 Section =    82.28 Hauteur =  1.901
 Err010 à  02:23:59:00              : INSTABILITÉ NUMÉRIQUE (Froude grand)
       Froude = 0.50E+01 au Pm   39266.00 du Bief 004
       Vitesse = 14.609 Largeur =   93.378 Section =    81.31 Hauteur =  1.891
 Err010 à  02:23:59:05              : INSTABILITÉ NUMÉRIQUE (Froude grand)
       Froude = 0.51E+01 au Pm   39266.00 du Bief 004
       Vitesse = 14.862 Largeur =   93.378 Section =    80.30 Hauteur =  1.880
 Err010 à  02:23:59:10              : INSTABILITÉ NUMÉRIQUE (Froude grand)
       Froude = 0.52E+01 au Pm   39266.00 du Bief 004
       Vitesse = 15.130 Largeur =   93.378 Section =    79.25 Hauteur =  1.869
 Err010 à  02:23:59:15              : INSTABILITÉ NUMÉRIQUE (Froude grand)
       Froude = 0.54E+01 au Pm   39266.00 du Bief 004
       Vitesse = 15.416 Largeur =   93.378 Section =    78.17 Hauteur =  1.857
 Err010 à  02:23:59:20              : INSTABILITÉ NUMÉRIQUE (Froude grand)
       Froude = 0.55E+01 au Pm   39266.00 du Bief 004
       Vitesse = 15.717 Largeur =   93.378 Section =    77.05 Hauteur =  1.845
 Err010 à  02:23:59:25              : INSTABILITÉ NUMÉRIQUE (Froude grand)
       Froude = 0.57E+01 au Pm   39266.00 du Bief 004
       Vitesse = 16.034 Largeur =   93.378 Section =    75.92 Hauteur =  1.833
 Err010 à  02:23:59:30              : INSTABILITÉ NUMÉRIQUE (Froude grand)
       Froude = 0.58E+01 au Pm   39266.00 du Bief 004
       Vitesse = 16.368 Largeur =   93.378 Section =    74.75 Hauteur =  1.821
 Err010 à  02:23:59:35              : INSTABILITÉ NUMÉRIQUE (Froude grand)
       Froude = 0.60E+01 au Pm   39266.00 du Bief 004
       Vitesse = 16.717 Largeur =   93.378 Section =    73.57 Hauteur =  1.808
 Err010 à  02:23:59:40              : INSTABILITÉ NUMÉRIQUE (Froude grand)
       Froude = 0.62E+01 au Pm   39266.00 du Bief 004
       Vitesse = 17.080 Largeur =   93.378 Section =    72.38 Hauteur =  1.795
 Err010 à  02:23:59:45              : INSTABILITÉ NUMÉRIQUE (Froude grand)
       Froude = 0.64E+01 au Pm   39266.00 du Bief 004
       Vitesse = 17.500 Largeur =   93.341 Section =    71.04 Hauteur =  1.781
 Err010 à  02:23:59:50              : INSTABILITÉ NUMÉRIQUE (Froude grand)
       Froude = 0.58E+01 au Pm   39266.00 du Bief 004
       Vitesse = 16.358 Largeur =   93.378 Section =    74.82 Hauteur =  1.822
 Err010 à  02:23:59:55              : INSTABILITÉ NUMÉRIQUE (Froude grand)
       Froude = 0.60E+01 au Pm   39266.00 du Bief 004
       Vitesse = 16.768 Largeur =   93.378 Section =    73.43 Hauteur =  1.807
 Err010 à  03:00:00:00              : INSTABILITÉ NUMÉRIQUE (Froude grand)
       Froude = 0.62E+01 au Pm   39266.00 du Bief 004
       Vitesse = 17.181 Largeur =   93.378 Section =    72.08 Hauteur =  1.792
 Err010 à  03:00:00:05              : INSTABILITÉ NUMÉRIQUE (Froude grand)
       Froude = 0.65E+01 au Pm   39266.00 du Bief 004
       Vitesse = 17.605 Largeur =   93.229 Section =    70.75 Hauteur =  1.778
 Err010 à  03:00:00:10              : INSTABILITÉ NUMÉRIQUE (Froude grand)
       Froude = 0.65E+01 au Pm   39266.00 du Bief 004
       Vitesse = 17.763 Largeur =   93.035 Section =    70.24 Hauteur =  1.773
 Err010 à  03:00:00:15              : INSTABILITÉ NUMÉRIQUE (Froude grand)
       Froude = 0.67E+01 au Pm   39266.00 du Bief 004
       Vitesse = 18.190 Largeur =   92.544 Section =    68.96 Hauteur =  1.759
 Err010 à  03:00:00:20              : INSTABILITÉ NUMÉRIQUE (Froude grand)
       Froude = 0.69E+01 au Pm   39266.00 du Bief 004
       Vitesse = 18.616 Largeur =   92.069 Section =    67.72 Hauteur =  1.745
 Err010 à  03:00:00:25              : INSTABILITÉ NUMÉRIQUE (Froude grand)
       Froude = 0.71E+01 au Pm   39266.00 du Bief 004
       Vitesse = 19.037 Largeur =   91.612 Section =    66.54 Hauteur =  1.732
 Err010 à  03:00:00:30              : INSTABILITÉ NUMÉRIQUE (Froude grand)
       Froude = 0.73E+01 au Pm   39266.00 du Bief 004
       Vitesse = 19.447 Largeur =   91.180 Section =    65.43 Hauteur =  1.720
 Err010 à  03:00:00:35              : INSTABILITÉ NUMÉRIQUE (Froude grand)
       Froude = 0.75E+01 au Pm   39266.00 du Bief 004
       Vitesse = 19.835 Largeur =   90.779 Section =    64.40 Hauteur =  1.709
 Err010 à  03:00:00:40              : INSTABILITÉ NUMÉRIQUE (Froude grand)
       Froude = 0.77E+01 au Pm   39266.00 du Bief 004
       Vitesse = 20.193 Largeur =   90.417 Section =    63.48 Hauteur =  1.699
 Err010 à  03:00:00:45              : INSTABILITÉ NUMÉRIQUE (Froude grand)
       Froude = 0.79E+01 au Pm   39266.00 du Bief 004
       Vitesse = 20.507 Largeur =   90.103 Section =    62.68 Hauteur =  1.690
 Err010 à  03:00:00:50              : INSTABILITÉ NUMÉRIQUE (Froude grand)
       Froude = 0.80E+01 au Pm   39266.00 du Bief 004
       Vitesse = 20.765 Largeur =   89.846 Section =    62.02 Hauteur =  1.683
 Err010 à  03:00:00:55              : INSTABILITÉ NUMÉRIQUE (Froude grand)
       Froude = 0.81E+01 au Pm   39266.00 du Bief 004
       Vitesse = 20.952 Largeur =   89.656 Section =    61.54 Hauteur =  1.677
 Err010 à  03:00:01:00              : INSTABILITÉ NUMÉRIQUE (Froude grand)
       Froude = 0.81E+01 au Pm   39266.00 du Bief 004
       Vitesse = 21.049 Largeur =   89.547 Section =    61.27 Hauteur =  1.674
 Err010 à  03:00:01:05              : INSTABILITÉ NUMÉRIQUE (Froude grand)
       Froude = 0.81E+01 au Pm   39266.00 du Bief 004
       Vitesse = 21.039 Largeur =   89.532 Section =    61.23 Hauteur =  1.674
 Err010 à  03:00:01:10              : INSTABILITÉ NUMÉRIQUE (Froude grand)
       Froude = 0.81E+01 au Pm   39266.00 du Bief 004
       Vitesse = 20.903 Largeur =   89.630 Section =    61.48 Hauteur =  1.677
 Err010 à  03:00:01:15              : INSTABILITÉ NUMÉRIQUE (Froude grand)
       Froude = 0.79E+01 au Pm   39266.00 du Bief 004
       Vitesse = 20.624 Largeur =   89.857 Section =    62.05 Hauteur =  1.683
 Err010 à  03:00:01:20              : INSTABILITÉ NUMÉRIQUE (Froude grand)
       Froude = 0.77E+01 au Pm   39266.00 du Bief 004
       Vitesse = 20.187 Largeur =   90.235 Section =    63.01 Hauteur =  1.694
 Err010 à  03:00:01:25              : INSTABILITÉ NUMÉRIQUE (Froude grand)
       Froude = 0.35E+01 au Pm   39216.00 du Bief 004
       Vitesse = 11.285 Largeur =  100.791 Section =    97.76 Hauteur =  2.049
 Err010 à  03:00:01:30              : INSTABILITÉ NUMÉRIQUE (Froude grand)
       Froude = 0.28E+01 au Pm   39216.00 du Bief 004
       Vitesse =  9.170 Largeur =  101.921 Section =   111.83 Hauteur =  2.188
 Err010 à  03:00:01:35              : INSTABILITÉ NUMÉRIQUE (Froude grand)
       Froude = 0.23E+01 au Pm   39216.00 du Bief 004
       Vitesse =  7.898 Largeur =  102.768 Section =   122.48 Hauteur =  2.292
 Err010 à  03:00:01:40              : INSTABILITÉ NUMÉRIQUE (Froude grand)
       Froude = 0.20E+01 au Pm   39216.00 du Bief 004
       Vitesse =  6.945 Largeur =  103.511 Section =   131.91 Hauteur =  2.384
 Err010 à  03:00:01:45              : INSTABILITÉ NUMÉRIQUE (Froude grand)
       Froude = 0.17E+01 au Pm   39216.00 du Bief 004
       Vitesse =  6.171 Largeur =  104.204 Section =   140.75 Hauteur =  2.469
 Err010 à  03:00:01:50              : INSTABILITÉ NUMÉRIQUE (Froude grand)
       Froude = 0.35E+10 au Pm   39316.00 du Bief 004
       Vitesse = ****** Largeur =    0.054 Section =     0.00 Hauteur =  0.001
 Err010 à  03:00:01:55              : INSTABILITÉ NUMÉRIQUE (Froude grand)
       Froude = 0.33E+10 au Pm   39316.00 du Bief 004
       Vitesse = ****** Largeur =    0.054 Section =     0.00 Hauteur =  0.001
 Err010 à  03:00:02:00              : INSTABILITÉ NUMÉRIQUE (Froude grand)
       Froude = 0.31E+10 au Pm   39316.00 du Bief 004
       Vitesse = ****** Largeur =    0.054 Section =     0.00 Hauteur =  0.001
 Err010 à  03:00:02:05              : INSTABILITÉ NUMÉRIQUE (Froude grand)
       Froude = 0.29E+10 au Pm   39316.00 du Bief 004
       Vitesse = ****** Largeur =    0.054 Section =     0.00 Hauteur =  0.001
 Err010 à  03:00:02:10              : INSTABILITÉ NUMÉRIQUE (Froude grand)
       Froude = 0.27E+10 au Pm   39316.00 du Bief 004
       Vitesse = ****** Largeur =    0.054 Section =     0.00 Hauteur =  0.001
 Err010 à  03:00:02:15              : INSTABILITÉ NUMÉRIQUE (Froude grand)
       Froude = 0.26E+10 au Pm   39316.00 du Bief 004
       Vitesse = ****** Largeur =    0.054 Section =     0.00 Hauteur =  0.001
 Err010 à  03:00:02:20              : INSTABILITÉ NUMÉRIQUE (Froude grand)
       Froude = 0.24E+10 au Pm   39316.00 du Bief 004
       Vitesse = ****** Largeur =    0.054 Section =     0.00 Hauteur =  0.001
 Err010 à  03:00:02:25              : INSTABILITÉ NUMÉRIQUE (Froude grand)
       Froude = 0.23E+10 au Pm   39316.00 du Bief 004
       Vitesse = ****** Largeur =    0.054 Section =     0.00 Hauteur =  0.001
 Err010 à  03:00:02:30              : INSTABILITÉ NUMÉRIQUE (Froude grand)
       Froude = 0.22E+10 au Pm   39316.00 du Bief 004
       Vitesse = ****** Largeur =    0.054 Section =     0.00 Hauteur =  0.001
 Err010 à  03:00:02:35              : INSTABILITÉ NUMÉRIQUE (Froude grand)
       Froude = 0.20E+10 au Pm   39316.00 du Bief 004
       Vitesse = ****** Largeur =    0.054 Section =     0.00 Hauteur =  0.001
 Err010 à  03:00:02:40              : INSTABILITÉ NUMÉRIQUE (Froude grand)
       Froude = 0.19E+10 au Pm   39316.00 du Bief 004
       Vitesse = ****** Largeur =    0.054 Section =     0.00 Hauteur =  0.001
 Err010 à  03:00:02:45              : INSTABILITÉ NUMÉRIQUE (Froude grand)
       Froude = 0.18E+10 au Pm   39316.00 du Bief 004
       Vitesse = ****** Largeur =    0.054 Section =     0.00 Hauteur =  0.001
 Err010 à  03:00:02:50              : INSTABILITÉ NUMÉRIQUE (Froude grand)
       Froude = 0.17E+10 au Pm   39316.00 du Bief 004
       Vitesse = ****** Largeur =    0.054 Section =     0.00 Hauteur =  0.001
 Err010 à  03:00:02:55              : INSTABILITÉ NUMÉRIQUE (Froude grand)
       Froude = 0.16E+10 au Pm   39316.00 du Bief 004
       Vitesse = ****** Largeur =    0.054 Section =     0.00 Hauteur =  0.001
 Err010 à  03:00:03:00              : INSTABILITÉ NUMÉRIQUE (Froude grand)
       Froude = 0.16E+10 au Pm   39316.00 du Bief 004
       Vitesse = ****** Largeur =    0.054 Section =     0.00 Hauteur =  0.001
 Err010 à  03:00:03:05              : INSTABILITÉ NUMÉRIQUE (Froude grand)
       Froude = 0.15E+10 au Pm   39316.00 du Bief 004
       Vitesse = ****** Largeur =    0.054 Section =     0.00 Hauteur =  0.001
 Err010 à  03:00:03:10              : INSTABILITÉ NUMÉRIQUE (Froude grand)
       Froude = 0.14E+10 au Pm   39316.00 du Bief 004
       Vitesse = ****** Largeur =    0.054 Section =     0.00 Hauteur =  0.001
 Err010 à  03:00:03:15              : INSTABILITÉ NUMÉRIQUE (Froude grand)
       Froude = 0.13E+10 au Pm   39316.00 du Bief 004
       Vitesse = ****** Largeur =    0.054 Section =     0.00 Hauteur =  0.001
 Err010 à  03:00:03:20              : INSTABILITÉ NUMÉRIQUE (Froude grand)
       Froude = 0.13E+10 au Pm   39316.00 du Bief 004
       Vitesse = ****** Largeur =    0.054 Section =     0.00 Hauteur =  0.001
 Err010 à  03:00:03:25              : INSTABILITÉ NUMÉRIQUE (Froude grand)
       Froude = 0.12E+10 au Pm   39316.00 du Bief 004
       Vitesse = ****** Largeur =    0.054 Section =     0.00 Hauteur =  0.001
 Err010 à  03:00:03:30              : INSTABILITÉ NUMÉRIQUE (Froude grand)
       Froude = 0.32E+04 au Pm   39316.00 du Bief 004
       Vitesse = ****** Largeur =    7.993 Section =     0.72 Hauteur =  0.166
 Err010 à  03:00:03:35              : INSTABILITÉ NUMÉRIQUE (Froude grand)
       Froude = 0.56E+03 au Pm   39316.00 du Bief 004
       Vitesse = ****** Largeur =   13.197 Section =     2.63 Hauteur =  0.346
 Err010 à  03:00:03:40              : INSTABILITÉ NUMÉRIQUE (Froude grand)
       Froude = 0.22E+03 au Pm   39316.00 du Bief 004
       Vitesse = ****** Largeur =   18.732 Section =     5.40 Hauteur =  0.521
 Err010 à  03:00:03:45              : INSTABILITÉ NUMÉRIQUE (Froude grand)
       Froude = 0.98E+02 au Pm   39316.00 du Bief 004
       Vitesse = ****** Largeur =   23.700 Section =     9.57 Hauteur =  0.714
 Err010 à  03:00:03:50              : INSTABILITÉ NUMÉRIQUE (Froude grand)
       Froude = 0.58E+02 au Pm   39316.00 du Bief 004
       Vitesse = ****** Largeur =   26.553 Section =    13.68 Hauteur =  0.878
 Err010 à  03:00:03:55              : INSTABILITÉ NUMÉRIQUE (Froude grand)
       Froude = 0.41E+02 au Pm   39316.00 du Bief 004
       Vitesse = 97.193 Largeur =   30.005 Section =    17.57 Hauteur =  1.016
 Err010 à  03:00:04:00              : INSTABILITÉ NUMÉRIQUE (Froude grand)
       Froude = 0.32E+02 au Pm   39316.00 du Bief 004
       Vitesse = 71.756 Largeur =   45.550 Section =    22.70 Hauteur =  1.164
 Err010 à  03:00:04:05              : INSTABILITÉ NUMÉRIQUE (Froude grand)
       Froude = 0.23E+02 au Pm   39316.00 du Bief 004
       Vitesse = 50.554 Largeur =   64.383 Section =    30.66 Hauteur =  1.314
 Err010 à  03:00:04:10              : INSTABILITÉ NUMÉRIQUE (Froude grand)
       Froude = 0.17E+02 au Pm   39316.00 du Bief 004
       Vitesse = 37.084 Largeur =   87.127 Section =    40.01 Hauteur =  1.440
 Err010 à  03:00:04:15              : INSTABILITÉ NUMÉRIQUE (Froude grand)
       Froude = 0.12E+02 au Pm   39316.00 du Bief 004
       Vitesse = 28.580 Largeur =   89.498 Section =    49.86 Hauteur =  1.552
 Err010 à  03:00:04:20              : INSTABILITÉ NUMÉRIQUE (Froude grand)
       Froude = 0.89E+01 au Pm   39316.00 du Bief 004
       Vitesse = 22.599 Largeur =   91.850 Section =    60.36 Hauteur =  1.668
 Err010 à  03:00:04:25              : INSTABILITÉ NUMÉRIQUE (Froude grand)
       Froude = 0.67E+01 au Pm   39316.00 du Bief 004
       Vitesse = 18.284 Largeur =   94.195 Section =    71.24 Hauteur =  1.784
 Err010 à  03:00:04:30              : INSTABILITÉ NUMÉRIQUE (Froude grand)
       Froude = 0.53E+01 au Pm   39316.00 du Bief 004
       Vitesse = 15.359 Largeur =   96.319 Section =    81.22 Hauteur =  1.889
 Err010 à  03:00:04:35              : INSTABILITÉ NUMÉRIQUE (Froude grand)
       Froude = 0.44E+01 au Pm   39316.00 du Bief 004
       Vitesse = 13.302 Largeur =   98.221 Section =    90.15 Hauteur =  1.981
 Err010 à  03:00:04:40              : INSTABILITÉ NUMÉRIQUE (Froude grand)
       Froude = 0.37E+01 au Pm   39316.00 du Bief 004
       Vitesse = 11.659 Largeur =  100.044 Section =    98.88 Hauteur =  2.069
 Err010 à  03:00:04:45              : INSTABILITÉ NUMÉRIQUE (Froude grand)
       Froude = 0.32E+01 au Pm   39316.00 du Bief 004
       Vitesse = 10.264 Largeur =  100.372 Section =   107.77 Hauteur =  2.158
 Err010 à  03:00:04:50              : INSTABILITÉ NUMÉRIQUE (Froude grand)
       Froude = 0.27E+01 au Pm   39316.00 du Bief 004
       Vitesse =  9.113 Largeur =  100.372 Section =   116.41 Hauteur =  2.244
 Err010 à  03:00:04:55              : INSTABILITÉ NUMÉRIQUE (Froude grand)
       Froude = 0.24E+01 au Pm   39316.00 du Bief 004
       Vitesse =  8.195 Largeur =  100.372 Section =   124.36 Hauteur =  2.323
 Err010 à  03:00:05:00              : INSTABILITÉ NUMÉRIQUE (Froude grand)
       Froude = 0.21E+01 au Pm   39316.00 du Bief 004
       Vitesse =  7.456 Largeur =  100.372 Section =   131.60 Hauteur =  2.395
 Err010 à  03:00:05:05              : INSTABILITÉ NUMÉRIQUE (Froude grand)
       Froude = 0.19E+01 au Pm   39316.00 du Bief 004
       Vitesse =  6.833 Largeur =  100.372 Section =   138.39 Hauteur =  2.463
 Err010 à  03:00:05:10              : INSTABILITÉ NUMÉRIQUE (Froude grand)
       Froude = 0.17E+01 au Pm   39316.00 du Bief 004
       Vitesse =  6.283 Largeur =  100.372 Section =   144.99 Hauteur =  2.529
 Err010 à  03:00:05:15              : INSTABILITÉ NUMÉRIQUE (Froude grand)
       Froude = 0.15E+01 au Pm   39316.00 du Bief 004
       Vitesse =  5.735 Largeur =  106.263 Section =   152.98 Hauteur =  2.592
 Err010 à  03:00:05:20              : INSTABILITÉ NUMÉRIQUE (Froude grand)
       Froude = 0.27E+01 au Pm   39166.00 du Bief 004
       Vitesse =  9.053 Largeur =  102.395 Section =   110.68 Hauteur =  2.188
 Err010 à  03:00:05:25              : INSTABILITÉ NUMÉRIQUE (Froude grand)
       Froude = 0.22E+01 au Pm   39166.00 du Bief 004
       Vitesse =  7.615 Largeur =  104.032 Section =   122.69 Hauteur =  2.304
 Err010 à  03:00:05:30              : INSTABILITÉ NUMÉRIQUE (Froude grand)
       Froude = 0.19E+01 au Pm   39166.00 du Bief 004
       Vitesse =  6.579 Largeur =  105.439 Section =   133.17 Hauteur =  2.404
 Err010 à  03:00:05:35              : INSTABILITÉ NUMÉRIQUE (Froude grand)
       Froude = 0.16E+01 au Pm   39166.00 du Bief 004
       Vitesse =  5.788 Largeur =  106.679 Section =   142.52 Hauteur =  2.492
 Err010 à  03:00:05:40              : INSTABILITÉ NUMÉRIQUE (Froude grand)
       Froude = 0.26E+10 au Pm   39266.00 du Bief 004
       Vitesse = ****** Largeur =    0.060 Section =     0.00 Hauteur =  0.001
 Err010 à  03:00:05:45              : INSTABILITÉ NUMÉRIQUE (Froude grand)
       Froude = 0.24E+10 au Pm   39266.00 du Bief 004
       Vitesse = ****** Largeur =    0.060 Section =     0.00 Hauteur =  0.001
 Err010 à  03:00:05:50              : INSTABILITÉ NUMÉRIQUE (Froude grand)
       Froude = 0.23E+10 au Pm   39266.00 du Bief 004
       Vitesse = ****** Largeur =    0.060 Section =     0.00 Hauteur =  0.001
 Err010 à  03:00:05:55              : INSTABILITÉ NUMÉRIQUE (Froude grand)
       Froude = 0.21E+10 au Pm   39266.00 du Bief 004
       Vitesse = ****** Largeur =    0.060 Section =     0.00 Hauteur =  0.001
 Err010 à  03:00:06:00              : INSTABILITÉ NUMÉRIQUE (Froude grand)
       Froude = 0.20E+10 au Pm   39266.00 du Bief 004
       Vitesse = ****** Largeur =    0.060 Section =     0.00 Hauteur =  0.001
 Err010 à  03:00:06:05              : INSTABILITÉ NUMÉRIQUE (Froude grand)
       Froude = 0.19E+10 au Pm   39266.00 du Bief 004
       Vitesse = ****** Largeur =    0.060 Section =     0.00 Hauteur =  0.001
 Err010 à  03:00:06:10              : INSTABILITÉ NUMÉRIQUE (Froude grand)
       Froude = 0.18E+10 au Pm   39266.00 du Bief 004
       Vitesse = ****** Largeur =    0.060 Section =     0.00 Hauteur =  0.001
 Err010 à  03:00:06:15              : INSTABILITÉ NUMÉRIQUE (Froude grand)
       Froude = 0.17E+10 au Pm   39266.00 du Bief 004
       Vitesse = ****** Largeur =    0.060 Section =     0.00 Hauteur =  0.001
 Err010 à  03:00:06:20              : INSTABILITÉ NUMÉRIQUE (Froude grand)
       Froude = 0.16E+10 au Pm   39266.00 du Bief 004
       Vitesse = ****** Largeur =    0.060 Section =     0.00 Hauteur =  0.001
 Err010 à  03:00:06:25              : INSTABILITÉ NUMÉRIQUE (Froude grand)
       Froude = 0.15E+10 au Pm   39266.00 du Bief 004
       Vitesse = ****** Largeur =    0.060 Section =     0.00 Hauteur =  0.001
 Err010 à  03:00:06:30              : INSTABILITÉ NUMÉRIQUE (Froude grand)
       Froude = 0.14E+10 au Pm   39266.00 du Bief 004
       Vitesse = ****** Largeur =    0.060 Section =     0.00 Hauteur =  0.001
 Err010 à  03:00:06:35              : INSTABILITÉ NUMÉRIQUE (Froude grand)
       Froude = 0.13E+10 au Pm   39266.00 du Bief 004
       Vitesse = ****** Largeur =    0.060 Section =     0.00 Hauteur =  0.001
 Err010 à  03:00:06:40              : INSTABILITÉ NUMÉRIQUE (Froude grand)
       Froude = 0.13E+10 au Pm   39266.00 du Bief 004
       Vitesse = ****** Largeur =    0.060 Section =     0.00 Hauteur =  0.001
 Err010 à  03:00:06:45              : INSTABILITÉ NUMÉRIQUE (Froude grand)
       Froude = 0.12E+10 au Pm   39266.00 du Bief 004
       Vitesse = ****** Largeur =    0.060 Section =     0.00 Hauteur =  0.001
 Err010 à  03:00:06:50              : INSTABILITÉ NUMÉRIQUE (Froude grand)
       Froude = 0.12E+10 au Pm   39266.00 du Bief 004
       Vitesse = ****** Largeur =    0.060 Section =     0.00 Hauteur =  0.001
 Err010 à  03:00:06:55              : INSTABILITÉ NUMÉRIQUE (Froude grand)
       Froude = 0.11E+10 au Pm   39266.00 du Bief 004
       Vitesse = ****** Largeur =    0.060 Section =     0.00 Hauteur =  0.001
 Err010 à  03:00:07:00              : INSTABILITÉ NUMÉRIQUE (Froude grand)
       Froude = 0.95E+04 au Pm   39266.00 du Bief 004
       Vitesse = ****** Largeur =    6.251 Section =     0.32 Hauteur =  0.104
 Err010 à  03:00:07:05              : INSTABILITÉ NUMÉRIQUE (Froude grand)
       Froude = 0.76E+03 au Pm   39266.00 du Bief 004
       Vitesse = ****** Largeur =   12.185 Section =     2.12 Hauteur =  0.295
 Err010 à  03:00:07:10              : INSTABILITÉ NUMÉRIQUE (Froude grand)
       Froude = 0.27E+03 au Pm   39266.00 du Bief 004
       Vitesse = ****** Largeur =   20.254 Section =     4.88 Hauteur =  0.476
 Err010 à  03:00:07:15              : INSTABILITÉ NUMÉRIQUE (Froude grand)
       Froude = 0.12E+03 au Pm   39266.00 du Bief 004
       Vitesse = ****** Largeur =   24.553 Section =     8.76 Hauteur =  0.645
 Err010 à  03:00:07:20              : INSTABILITÉ NUMÉRIQUE (Froude grand)
       Froude = 0.66E+02 au Pm   39266.00 du Bief 004
       Vitesse = ****** Largeur =   28.139 Section =    12.95 Hauteur =  0.805
 Err010 à  03:00:07:25              : INSTABILITÉ NUMÉRIQUE (Froude grand)
       Froude = 0.44E+02 au Pm   39266.00 du Bief 004
       Vitesse = 99.105 Largeur =   33.887 Section =    17.52 Hauteur =  0.956
 Err010 à  03:00:07:30              : INSTABILITÉ NUMÉRIQUE (Froude grand)
       Froude = 0.32E+02 au Pm   39266.00 du Bief 004
       Vitesse = 70.984 Largeur =   46.598 Section =    23.38 Hauteur =  1.098
 Err010 à  03:00:07:35              : INSTABILITÉ NUMÉRIQUE (Froude grand)
       Froude = 0.23E+02 au Pm   39266.00 du Bief 004
       Vitesse = 52.556 Largeur =   54.590 Section =    30.19 Hauteur =  1.232
 Err010 à  03:00:07:40              : INSTABILITÉ NUMÉRIQUE (Froude grand)
       Froude = 0.16E+02 au Pm   39266.00 du Bief 004
       Vitesse = 40.482 Largeur =   60.729 Section =    37.50 Hauteur =  1.358
 Err010 à  03:00:07:45              : INSTABILITÉ NUMÉRIQUE (Froude grand)
       Froude = 0.13E+02 au Pm   39266.00 du Bief 004
       Vitesse = 32.230 Largeur =   67.157 Section =    45.08 Hauteur =  1.478
 Err010 à  03:00:07:50              : INSTABILITÉ NUMÉRIQUE (Froude grand)
       Froude = 0.10E+02 au Pm   39266.00 du Bief 004
       Vitesse = 25.802 Largeur =   86.775 Section =    53.93 Hauteur =  1.591
 Err010 à  03:00:07:55              : INSTABILITÉ NUMÉRIQUE (Froude grand)
       Froude = 0.80E+01 au Pm   39266.00 du Bief 004
       Vitesse = 21.044 Largeur =   90.377 Section =    63.37 Hauteur =  1.698
 Err010 à  03:00:08:00              : INSTABILITÉ NUMÉRIQUE (Froude grand)
       Froude = 0.64E+01 au Pm   39266.00 du Bief 004
       Vitesse = 17.611 Largeur =   93.378 Section =    72.63 Hauteur =  1.798
 Err010 à  03:00:08:05              : INSTABILITÉ NUMÉRIQUE (Froude grand)
       Froude = 0.51E+01 au Pm   39266.00 du Bief 004
       Vitesse = 15.053 Largeur =   93.378 Section =    81.52 Hauteur =  1.893
 Err010 à  03:00:08:10              : INSTABILITÉ NUMÉRIQUE (Froude grand)
       Froude = 0.43E+01 au Pm   39266.00 du Bief 004
       Vitesse = 13.095 Largeur =   93.378 Section =    89.96 Hauteur =  1.984
 Err010 à  03:00:08:15              : INSTABILITÉ NUMÉRIQUE (Froude grand)
       Froude = 0.36E+01 au Pm   39266.00 du Bief 004
       Vitesse = 11.551 Largeur =   93.378 Section =    97.96 Hauteur =  2.069
 Err010 à  03:00:08:20              : INSTABILITÉ NUMÉRIQUE (Froude grand)
       Froude = 0.30E+01 au Pm   39266.00 du Bief 004
       Vitesse = 10.170 Largeur =  100.113 Section =   106.93 Hauteur =  2.150
 Err010 à  03:00:08:25              : INSTABILITÉ NUMÉRIQUE (Froude grand)
       Froude = 0.26E+01 au Pm   39266.00 du Bief 004
       Vitesse =  9.118 Largeur =  101.207 Section =   114.67 Hauteur =  2.227
 Err010 à  03:00:08:30              : INSTABILITÉ NUMÉRIQUE (Froude grand)
       Froude = 0.23E+01 au Pm   39266.00 du Bief 004
       Vitesse =  8.238 Largeur =  102.212 Section =   122.10 Hauteur =  2.300
 Err010 à  03:00:08:35              : INSTABILITÉ NUMÉRIQUE (Froude grand)
       Froude = 0.20E+01 au Pm   39266.00 du Bief 004
       Vitesse =  7.494 Largeur =  102.576 Section =   129.19 Hauteur =  2.370
 Err010 à  03:00:08:40              : INSTABILITÉ NUMÉRIQUE (Froude grand)
       Froude = 0.18E+01 au Pm   39266.00 du Bief 004
       Vitesse =  6.860 Largeur =  102.920 Section =   135.94 Hauteur =  2.435
 Err010 à  03:00:08:45              : INSTABILITÉ NUMÉRIQUE (Froude grand)
       Froude = 0.17E+01 au Pm   39266.00 du Bief 004
       Vitesse =  6.311 Largeur =  103.247 Section =   142.38 Hauteur =  2.498
 Err010 à  03:00:08:50              : INSTABILITÉ NUMÉRIQUE (Froude grand)
       Froude = 0.15E+01 au Pm   39266.00 du Bief 004
       Vitesse =  5.833 Largeur =  103.559 Section =   148.52 Hauteur =  2.557
 Err010 à  03:00:08:55              : INSTABILITÉ NUMÉRIQUE (Froude grand)
       Froude = 0.36E+01 au Pm   36849.00 du Bief 006
       Vitesse = 10.136 Largeur =   82.608 Section =    64.98 Hauteur =  1.152
 Err010 à  03:00:09:00              : INSTABILITÉ NUMÉRIQUE (Froude grand)
       Froude = 0.16E+01 au Pm   38291.00 du Bief 004
       Vitesse =  4.806 Largeur =  163.465 Section =   127.34 Hauteur =  2.588
 Err010 à  03:00:09:05              : INSTABILITÉ NUMÉRIQUE (Froude grand)
       Froude = 0.50E+01 au Pm   38666.00 du Bief 004
       Vitesse = 15.553 Largeur =   82.363 Section =    70.92 Hauteur =  1.777
 Err010 à  03:00:09:10              : INSTABILITÉ NUMÉRIQUE (Froude grand)
       Froude = 0.46E+01 au Pm   38791.00 du Bief 004
       Vitesse = 15.600 Largeur =   59.760 Section =    69.91 Hauteur =  2.111
 Err010 à  03:00:09:15              : INSTABILITÉ NUMÉRIQUE (Froude grand)
       Froude = 0.28E+10 au Pm   38891.00 du Bief 004
       Vitesse = ****** Largeur =    0.030 Section =     0.00 Hauteur =  0.001
 Err010 à  03:00:09:20              : INSTABILITÉ NUMÉRIQUE (Froude grand)
       Froude = 0.56E+01 au Pm   38891.00 du Bief 004
       Vitesse = 18.295 Largeur =   60.916 Section =    66.40 Hauteur =  2.242
 Err010 à  03:00:09:25              : INSTABILITÉ NUMÉRIQUE (Froude grand)
       Froude = 0.40E+10 au Pm   38991.00 du Bief 004
       Vitesse = ****** Largeur =    0.034 Section =     0.00 Hauteur =  0.001
 Err010 à  03:00:09:30              : INSTABILITÉ NUMÉRIQUE (Froude grand)
       Froude = 0.30E+04 au Pm   38991.00 du Bief 004
       Vitesse = ****** Largeur =    7.416 Section =     0.81 Hauteur =  0.218
 Err010 à  03:00:09:35              : INSTABILITÉ NUMÉRIQUE (Froude grand)
       Froude = 0.51E+01 au Pm   38991.00 du Bief 004
       Vitesse = 17.390 Largeur =   62.162 Section =    75.06 Hauteur =  2.581
 Err010 à  03:00:09:40              : INSTABILITÉ NUMÉRIQUE (Froude grand)
       Froude = 0.16E+10 au Pm   39107.00 du Bief 004
       Vitesse = ****** Largeur =    0.056 Section =     0.00 Hauteur =  0.001
 Err010 à  03:00:09:45              : INSTABILITÉ NUMÉRIQUE (Froude grand)
       Froude = 0.12E+10 au Pm   39216.00 du Bief 004
       Vitesse = ****** Largeur =    0.068 Section =     0.00 Hauteur =  0.001
 Err010 à  03:00:09:50              : INSTABILITÉ NUMÉRIQUE (Froude grand)
       Froude = 0.18E+10 au Pm   39266.00 du Bief 004
       Vitesse = ****** Largeur =    0.060 Section =     0.00 Hauteur =  0.001
 Err010 à  03:00:09:55              : INSTABILITÉ NUMÉRIQUE (Froude grand)
       Froude = 0.23E+10 au Pm   39266.00 du Bief 004
       Vitesse = ****** Largeur =    0.060 Section =     0.00 Hauteur =  0.001
 Err010 à  03:00:10:00              : INSTABILITÉ NUMÉRIQUE (Froude grand)
       Froude = 0.20E+10 au Pm   39266.00 du Bief 004
       Vitesse = ****** Largeur =    0.060 Section =     0.00 Hauteur =  0.001
 Err010 à  03:00:10:05              : INSTABILITÉ NUMÉRIQUE (Froude grand)
       Froude = 0.16E+10 au Pm   39266.00 du Bief 004
       Vitesse = ****** Largeur =    0.060 Section =     0.00 Hauteur =  0.001
 Err010 à  03:00:10:10              : INSTABILITÉ NUMÉRIQUE (Froude grand)
       Froude = 0.12E+10 au Pm   39266.00 du Bief 004
       Vitesse = ****** Largeur =    0.060 Section =     0.00 Hauteur =  0.001
 Err010 à  03:00:10:15              : INSTABILITÉ NUMÉRIQUE (Froude grand)
       Froude = 0.21E+03 au Pm   39266.00 du Bief 004
       Vitesse = ****** Largeur =   21.863 Section =     5.41 Hauteur =  0.501
 Err010 à  03:00:10:20              : INSTABILITÉ NUMÉRIQUE (Froude grand)
       Froude = 0.66E+01 au Pm   39266.00 du Bief 004
       Vitesse = 17.481 Largeur =   91.360 Section =    65.89 Hauteur =  1.725
 Err010 à  03:00:10:25              : INSTABILITÉ NUMÉRIQUE (Froude grand)
       Froude = 0.11E+10 au Pm   39366.00 du Bief 004
       Vitesse = ****** Largeur =    0.049 Section =     0.00 Hauteur =  0.001
 Err010 à  03:00:10:30              : INSTABILITÉ NUMÉRIQUE (Froude grand)
       Froude = 0.16E+10 au Pm   39366.00 du Bief 004
       Vitesse = ****** Largeur =    0.049 Section =     0.00 Hauteur =  0.001
 Err010 à  03:00:10:35              : INSTABILITÉ NUMÉRIQUE (Froude grand)
       Froude = 0.41E+02 au Pm   39366.00 du Bief 004
       Vitesse = 85.670 Largeur =   91.085 Section =    40.70 Hauteur =  1.472
 Err010 à  03:00:10:40              : INSTABILITÉ NUMÉRIQUE (Froude grand)
       Froude = 0.15E+02 au Pm   39316.00 du Bief 004
       Vitesse = 33.366 Largeur =   76.241 Section =    36.66 Hauteur =  1.399
 Err010 à  03:00:10:45              : INSTABILITÉ NUMÉRIQUE (Froude grand)
       Froude = 0.24E+06 au Pm   39316.00 du Bief 004
       Vitesse = ****** Largeur =    1.545 Section =     0.02 Hauteur =  0.029
 Err010 à  03:00:10:50              : INSTABILITÉ NUMÉRIQUE (Froude grand)
       Froude = 0.14E+10 au Pm   39316.00 du Bief 004
       Vitesse = ****** Largeur =    0.054 Section =     0.00 Hauteur =  0.001
 Err010 à  03:00:10:55              : INSTABILITÉ NUMÉRIQUE (Froude grand)
       Froude = 0.16E+10 au Pm   39316.00 du Bief 004
       Vitesse = ****** Largeur =    0.054 Section =     0.00 Hauteur =  0.001
 Err010 à  03:00:11:00              : INSTABILITÉ NUMÉRIQUE (Froude grand)
       Froude = 0.18E+10 au Pm   39316.00 du Bief 004
       Vitesse = ****** Largeur =    0.054 Section =     0.00 Hauteur =  0.001
 Err010 à  03:00:11:05              : INSTABILITÉ NUMÉRIQUE (Froude grand)
       Froude = 0.20E+10 au Pm   39316.00 du Bief 004
       Vitesse = ****** Largeur =    0.054 Section =     0.00 Hauteur =  0.001
 Err010 à  03:00:11:10              : INSTABILITÉ NUMÉRIQUE (Froude grand)
       Froude = 0.21E+10 au Pm   39316.00 du Bief 004
       Vitesse = ****** Largeur =    0.054 Section =     0.00 Hauteur =  0.001
 Err010 à  03:00:11:15              : INSTABILITÉ NUMÉRIQUE (Froude grand)
       Froude = 0.21E+10 au Pm   39316.00 du Bief 004
       Vitesse = ****** Largeur =    0.054 Section =     0.00 Hauteur =  0.001
 Err010 à  03:00:11:20              : INSTABILITÉ NUMÉRIQUE (Froude grand)
       Froude = 0.22E+10 au Pm   39316.00 du Bief 004
       Vitesse = ****** Largeur =    0.054 Section =     0.00 Hauteur =  0.001
 Err010 à  03:00:11:25              : INSTABILITÉ NUMÉRIQUE (Froude grand)
       Froude = 0.22E+10 au Pm   39316.00 du Bief 004
       Vitesse = ****** Largeur =    0.054 Section =     0.00 Hauteur =  0.001
 Err010 à  03:00:11:30              : INSTABILITÉ NUMÉRIQUE (Froude grand)
       Froude = 0.22E+10 au Pm   39316.00 du Bief 004
       Vitesse = ****** Largeur =    0.054 Section =     0.00 Hauteur =  0.001
 Err010 à  03:00:11:35              : INSTABILITÉ NUMÉRIQUE (Froude grand)
       Froude = 0.22E+10 au Pm   39316.00 du Bief 004
       Vitesse = ****** Largeur =    0.054 Section =     0.00 Hauteur =  0.001
 Err010 à  03:00:11:40              : INSTABILITÉ NUMÉRIQUE (Froude grand)
       Froude = 0.22E+10 au Pm   39316.00 du Bief 004
       Vitesse = ****** Largeur =    0.054 Section =     0.00 Hauteur =  0.001
 Err010 à  03:00:11:45              : INSTABILITÉ NUMÉRIQUE (Froude grand)
       Froude = 0.22E+10 au Pm   39316.00 du Bief 004
       Vitesse = ****** Largeur =    0.054 Section =     0.00 Hauteur =  0.001
 Err010 à  03:00:11:50              : INSTABILITÉ NUMÉRIQUE (Froude grand)
       Froude = 0.22E+10 au Pm   39316.00 du Bief 004
       Vitesse = ****** Largeur =    0.054 Section =     0.00 Hauteur =  0.001
 Err010 à  03:00:11:55              : INSTABILITÉ NUMÉRIQUE (Froude grand)
       Froude = 0.22E+10 au Pm   39316.00 du Bief 004
       Vitesse = ****** Largeur =    0.054 Section =     0.00 Hauteur =  0.001
 Err010 à  03:00:12:00              : INSTABILITÉ NUMÉRIQUE (Froude grand)
       Froude = 0.21E+10 au Pm   39316.00 du Bief 004
       Vitesse = ****** Largeur =    0.054 Section =     0.00 Hauteur =  0.001
 Err010 à  03:00:12:05              : INSTABILITÉ NUMÉRIQUE (Froude grand)
       Froude = 0.21E+10 au Pm   39316.00 du Bief 004
       Vitesse = ****** Largeur =    0.054 Section =     0.00 Hauteur =  0.001
 Err010 à  03:00:12:10              : INSTABILITÉ NUMÉRIQUE (Froude grand)
       Froude = 0.20E+10 au Pm   39316.00 du Bief 004
       Vitesse = ****** Largeur =    0.054 Section =     0.00 Hauteur =  0.001
 Err010 à  03:00:12:15              : INSTABILITÉ NUMÉRIQUE (Froude grand)
       Froude = 0.20E+10 au Pm   39316.00 du Bief 004
       Vitesse = ****** Largeur =    0.054 Section =     0.00 Hauteur =  0.001
 Err010 à  03:00:12:20              : INSTABILITÉ NUMÉRIQUE (Froude grand)
       Froude = 0.19E+10 au Pm   39316.00 du Bief 004
       Vitesse = ****** Largeur =    0.054 Section =     0.00 Hauteur =  0.001
 Err010 à  03:00:12:25              : INSTABILITÉ NUMÉRIQUE (Froude grand)
       Froude = 0.19E+10 au Pm   39316.00 du Bief 004
       Vitesse = ****** Largeur =    0.054 Section =     0.00 Hauteur =  0.001
 Err010 à  03:00:12:30              : INSTABILITÉ NUMÉRIQUE (Froude grand)
       Froude = 0.19E+10 au Pm   39316.00 du Bief 004
       Vitesse = ****** Largeur =    0.054 Section =     0.00 Hauteur =  0.001
 Err010 à  03:00:12:35              : INSTABILITÉ NUMÉRIQUE (Froude grand)
       Froude = 0.18E+10 au Pm   39316.00 du Bief 004
       Vitesse = ****** Largeur =    0.054 Section =     0.00 Hauteur =  0.001
 Err010 à  03:00:12:40              : INSTABILITÉ NUMÉRIQUE (Froude grand)
       Froude = 0.18E+10 au Pm   39316.00 du Bief 004
       Vitesse = ****** Largeur =    0.054 Section =     0.00 Hauteur =  0.001
 Err010 à  03:00:12:45              : INSTABILITÉ NUMÉRIQUE (Froude grand)
       Froude = 0.17E+10 au Pm   39316.00 du Bief 004
       Vitesse = ****** Largeur =    0.054 Section =     0.00 Hauteur =  0.001
 Err010 à  03:00:12:50              : INSTABILITÉ NUMÉRIQUE (Froude grand)
       Froude = 0.17E+10 au Pm   39316.00 du Bief 004
       Vitesse = ****** Largeur =    0.054 Section =     0.00 Hauteur =  0.001
 Err010 à  03:00:12:55              : INSTABILITÉ NUMÉRIQUE (Froude grand)
       Froude = 0.16E+10 au Pm   39316.00 du Bief 004
       Vitesse = ****** Largeur =    0.054 Section =     0.00 Hauteur =  0.001
 Err010 à  03:00:13:00              : INSTABILITÉ NUMÉRIQUE (Froude grand)
       Froude = 0.16E+10 au Pm   39316.00 du Bief 004
       Vitesse = ****** Largeur =    0.054 Section =     0.00 Hauteur =  0.001
 Err001 à  03:00:13:00 + 5.000 : DIVERGENCE des itérations (Debord)
       écart relatif (à Ymax et Qmax) croissant entre 2 itérées successives
       Itération 07 : écart en DZ = 0.215312E-02 ; écart en DQ = 0.240150E-01
       Itération 08 : écart en DZ = 0.460850E-02 ; écart en DQ = 0.513189E-01
       Z : Pm   39366.00 du bief   4 ; Q : Pm   39366.00 du bief   4
 Err001 à  03:00:13:05 + 5.000 : DIVERGENCE des itérations (Debord)
       écart relatif (à Ymax et Qmax) croissant entre 2 itérées successives
       Itération 07 : écart en DZ = 0.212682E-02 ; écart en DQ = 0.237170E-01
       Itération 08 : écart en DZ = 0.454667E-02 ; écart en DQ = 0.506218E-01
       Z : Pm   39366.00 du bief   4 ; Q : Pm   39366.00 du bief   4
 Err001 à  03:00:13:10 + 5.000 : DIVERGENCE des itérations (Debord)
       écart relatif (à Ymax et Qmax) croissant entre 2 itérées successives
       Itération 07 : écart en DZ = 0.210729E-02 ; écart en DQ = 0.234947E-01
       Itération 08 : écart en DZ = 0.449953E-02 ; écart en DQ = 0.500883E-01
       Z : Pm   39366.00 du bief   4 ; Q : Pm   39366.00 du bief   4
 Err001 à  03:00:13:15 + 5.000 : DIVERGENCE des itérations (Debord)
       écart relatif (à Ymax et Qmax) croissant entre 2 itérées successives
       Itération 07 : écart en DZ = 0.208900E-02 ; écart en DQ = 0.232863E-01
       Itération 08 : écart en DZ = 0.445517E-02 ; écart en DQ = 0.495860E-01
       Z : Pm   39366.00 du bief   4 ; Q : Pm   39366.00 du bief   4
 Err001 à  03:00:13:20 + 5.000 : DIVERGENCE des itérations (Debord)
       écart relatif (à Ymax et Qmax) croissant entre 2 itérées successives
       Itération 07 : écart en DZ = 0.207097E-02 ; écart en DQ = 0.230807E-01
       Itération 08 : écart en DZ = 0.441145E-02 ; écart en DQ = 0.490908E-01
       Z : Pm   39366.00 du bief   4 ; Q : Pm   39366.00 du bief   4
 Err001 à  03:00:13:25 + 5.000 : DIVERGENCE des itérations (Debord)
       écart relatif (à Ymax et Qmax) croissant entre 2 itérées successives
       Itération 07 : écart en DZ = 0.205280E-02 ; écart en DQ = 0.228739E-01
       Itération 08 : écart en DZ = 0.436756E-02 ; écart en DQ = 0.485940E-01
       Z : Pm   39366.00 du bief   4 ; Q : Pm   39366.00 du bief   4
 Err001 à  03:00:13:30 + 5.000 : DIVERGENCE des itérations (Debord)
       écart relatif (à Ymax et Qmax) croissant entre 2 itérées successives
       Itération 07 : écart en DZ = 0.203475E-02 ; écart en DQ = 0.226683E-01
       Itération 08 : écart en DZ = 0.432401E-02 ; écart en DQ = 0.481011E-01
       Z : Pm   39366.00 du bief   4 ; Q : Pm   39366.00 du bief   4
 Err001 à  03:00:13:35 + 5.000 : DIVERGENCE des itérations (Debord)
       écart relatif (à Ymax et Qmax) croissant entre 2 itérées successives
       Itération 07 : écart en DZ = 0.201707E-02 ; écart en DQ = 0.224670E-01
       Itération 08 : écart en DZ = 0.428135E-02 ; écart en DQ = 0.476183E-01
       Z : Pm   39366.00 du bief   4 ; Q : Pm   39366.00 du bief   4
 Err001 à  03:00:13:40 + 5.000 : DIVERGENCE des itérations (Debord)
       écart relatif (à Ymax et Qmax) croissant entre 2 itérées successives
       Itération 07 : écart en DZ = 0.199972E-02 ; écart en DQ = 0.222694E-01
       Itération 08 : écart en DZ = 0.423950E-02 ; écart en DQ = 0.471447E-01
       Z : Pm   39366.00 du bief   4 ; Q : Pm   39366.00 du bief   4
 Err001 à  03:00:13:45 + 5.000 : DIVERGENCE des itérations (Debord)
       écart relatif (à Ymax et Qmax) croissant entre 2 itérées successives
       Itération 07 : écart en DZ = 0.198232E-02 ; écart en DQ = 0.220714E-01
       Itération 08 : écart en DZ = 0.419765E-02 ; écart en DQ = 0.466712E-01
       Z : Pm   39366.00 du bief   4 ; Q : Pm   39366.00 du bief   4
 Err001 à  03:00:13:50 + 5.000 : DIVERGENCE des itérations (Debord)
       écart relatif (à Ymax et Qmax) croissant entre 2 itérées successives
       Itération 07 : écart en DZ = 0.196505E-02 ; écart en DQ = 0.218748E-01
       Itération 08 : écart en DZ = 0.415616E-02 ; écart en DQ = 0.462018E-01
       Z : Pm   39366.00 du bief   4 ; Q : Pm   39366.00 du bief   4
 Err001 à  03:00:13:55 + 5.000 : DIVERGENCE des itérations (Debord)
       écart relatif (à Ymax et Qmax) croissant entre 2 itérées successives
       Itération 07 : écart en DZ = 0.194819E-02 ; écart en DQ = 0.216828E-01
       Itération 08 : écart en DZ = 0.411564E-02 ; écart en DQ = 0.457433E-01
       Z : Pm   39366.00 du bief   4 ; Q : Pm   39366.00 du bief   4
 Err001 à  03:00:14:00 + 5.000 : DIVERGENCE des itérations (Debord)
       écart relatif (à Ymax et Qmax) croissant entre 2 itérées successives
       Itération 07 : écart en DZ = 0.193141E-02 ; écart en DQ = 0.214919E-01
       Itération 08 : écart en DZ = 0.407540E-02 ; écart en DQ = 0.452881E-01
       Z : Pm   39366.00 du bief   4 ; Q : Pm   39366.00 du bief   4
 Err001 à  03:00:14:05 + 5.000 : DIVERGENCE des itérations (Debord)
       écart relatif (à Ymax et Qmax) croissant entre 2 itérées successives
       Itération 07 : écart en DZ = 0.191342E-02 ; écart en DQ = 0.212877E-01
       Itération 08 : écart en DZ = 0.403219E-02 ; écart en DQ = 0.448002E-01
       Z : Pm   39366.00 du bief   4 ; Q : Pm   39366.00 du bief   4
 Err001 à  03:00:14:10 + 5.000 : DIVERGENCE des itérations (Debord)
       écart relatif (à Ymax et Qmax) croissant entre 2 itérées successives
       Itération 07 : écart en DZ = 0.189697E-02 ; écart en DQ = 0.211005E-01
       Itération 08 : écart en DZ = 0.399279E-02 ; écart en DQ = 0.443547E-01
       Z : Pm   39366.00 du bief   4 ; Q : Pm   39366.00 du bief   4
 Err001 à  03:00:14:15 + 5.000 : DIVERGENCE des itérations (Debord)
       écart relatif (à Ymax et Qmax) croissant entre 2 itérées successives
       Itération 07 : écart en DZ = 0.186397E-02 ; écart en DQ = 0.207293E-01
       Itération 08 : écart en DZ = 0.391847E-02 ; écart en DQ = 0.435217E-01
       Z : Pm   39366.00 du bief   4 ; Q : Pm   39366.00 du bief   4
 Err001 à  03:00:14:20 + 5.000 : DIVERGENCE des itérations (Debord)
       écart relatif (à Ymax et Qmax) croissant entre 2 itérées successives
       Itération 07 : écart en DZ = 0.183429E-02 ; écart en DQ = 0.203952E-01
       Itération 08 : écart en DZ = 0.385134E-02 ; écart en DQ = 0.427688E-01
       Z : Pm   39366.00 du bief   4 ; Q : Pm   39366.00 du bief   4
 Err001 à  03:00:14:25 + 5.000 : DIVERGENCE des itérations (Debord)
       écart relatif (à Ymax et Qmax) croissant entre 2 itérées successives
       Itération 07 : écart en DZ = 0.180911E-02 ; écart en DQ = 0.201113E-01
       Itération 08 : écart en DZ = 0.379387E-02 ; écart en DQ = 0.421234E-01
       Z : Pm   39366.00 du bief   4 ; Q : Pm   39366.00 du bief   4
 Err001 à  03:00:14:30 + 5.000 : DIVERGENCE des itérations (Debord)
       écart relatif (à Ymax et Qmax) croissant entre 2 itérées successives
       Itération 07 : écart en DZ = 0.178600E-02 ; écart en DQ = 0.198504E-01
       Itération 08 : écart en DZ = 0.374090E-02 ; écart en DQ = 0.415280E-01
       Z : Pm   39366.00 du bief   4 ; Q : Pm   39366.00 du bief   4
 Err001 à  03:00:14:35 + 5.000 : DIVERGENCE des itérations (Debord)
       écart relatif (à Ymax et Qmax) croissant entre 2 itérées successives
       Itération 07 : écart en DZ = 0.173712E-02 ; écart en DQ = 0.193031E-01
       Itération 08 : écart en DZ = 0.363380E-02 ; écart en DQ = 0.403323E-01
       Z : Pm   39366.00 du bief   4 ; Q : Pm   39366.00 du bief   4
 Err001 à  03:00:14:40 + 5.000 : DIVERGENCE des itérations (Debord)
       écart relatif (à Ymax et Qmax) croissant entre 2 itérées successives
       Itération 07 : écart en DZ = 0.163335E-02 ; écart en DQ = 0.181459E-01
       Itération 08 : écart en DZ = 0.341156E-02 ; écart en DQ = 0.378599E-01
       Z : Pm   39366.00 du bief   4 ; Q : Pm   39366.00 du bief   4
 Err001 à  03:00:14:45 + 5.000 : DIVERGENCE des itérations (Debord)
       écart relatif (à Ymax et Qmax) croissant entre 2 itérées successives
       Itération 07 : écart en DZ = 0.157011E-02 ; écart en DQ = 0.174396E-01
       Itération 08 : écart en DZ = 0.327499E-02 ; écart en DQ = 0.363383E-01
       Z : Pm   39366.00 du bief   4 ; Q : Pm   39366.00 du bief   4
