X1_obs         X2_obs         X3_obs         X4_obs         X1_true        X2_true        X3_true        X4_true        Y1_obs         Y2_obs         Y3_obs         Y4_obs         Y5_obs         Y1_unbiased    Y2_unbiased    Y3_unbiased    Y4_unbiased    Y5_unbiased    Y1_sim         Y2_sim         Y3_sim         Y4_sim         Y5_sim         Y1_res         Y2_res         Y3_res         Y4_res         Y5_res         Y1_stdres      Y2_stdres      Y3_stdres      Y4_stdres      Y5_stdres      
   0.100000E+01   0.600000E+01   0.224165E+05   0.259230E+06   0.100000E+01   0.600000E+01   0.224165E+05   0.259230E+06   0.210445E+03  -0.999900E+04  -0.999900E+04  -0.999900E+04  -0.999900E+04   0.210445E+03  -0.999900E+04  -0.999900E+04  -0.999900E+04  -0.999900E+04   0.210637E+03   0.948304E+02   0.958743E+00   0.288875E+02   0.150000E+02  -0.192019E+00  -0.999900E+04  -0.999900E+04  -0.999900E+04  -0.999900E+04  -0.133054E+01  -0.999900E+04  -0.999900E+04  -0.999900E+04  -0.999900E+04
   0.100000E+01   0.600000E+01   0.225000E+05   0.259266E+06   0.100000E+01   0.600000E+01   0.225000E+05   0.259266E+06   0.210387E+03  -0.999900E+04  -0.999900E+04  -0.999900E+04  -0.999900E+04   0.210387E+03  -0.999900E+04  -0.999900E+04  -0.999900E+04  -0.999900E+04   0.210562E+03   0.948298E+02   0.936394E+00   0.282755E+02   0.150000E+02  -0.174291E+00  -0.999900E+04  -0.999900E+04  -0.999900E+04  -0.999900E+04  -0.120770E+01  -0.999900E+04  -0.999900E+04  -0.999900E+04  -0.999900E+04
   0.100000E+01   0.600000E+01   0.226247E+05   0.259301E+06   0.100000E+01   0.600000E+01   0.226247E+05   0.259301E+06   0.210300E+03  -0.999900E+04  -0.999900E+04  -0.999900E+04  -0.999900E+04   0.210300E+03  -0.999900E+04  -0.999900E+04  -0.999900E+04  -0.999900E+04   0.210432E+03   0.948274E+02   0.937278E+00   0.271524E+02   0.150000E+02  -0.131982E+00  -0.999900E+04  -0.999900E+04  -0.999900E+04  -0.999900E+04  -0.914528E+00  -0.999900E+04  -0.999900E+04  -0.999900E+04  -0.999900E+04
   0.100000E+01   0.600000E+01   0.227493E+05   0.259343E+06   0.100000E+01   0.600000E+01   0.227493E+05   0.259343E+06   0.210170E+03  -0.999900E+04  -0.999900E+04  -0.999900E+04  -0.999900E+04   0.210170E+03  -0.999900E+04  -0.999900E+04  -0.999900E+04  -0.999900E+04   0.210305E+03   0.948255E+02   0.916627E+00   0.266396E+02   0.150000E+02  -0.134552E+00  -0.999900E+04  -0.999900E+04  -0.999900E+04  -0.999900E+04  -0.932335E+00  -0.999900E+04  -0.999900E+04  -0.999900E+04  -0.999900E+04
   0.100000E+01   0.600000E+01   0.228740E+05   0.259376E+06   0.100000E+01   0.600000E+01   0.228740E+05   0.259376E+06   0.210028E+03  -0.999900E+04  -0.999900E+04  -0.999900E+04  -0.999900E+04   0.210028E+03  -0.999900E+04  -0.999900E+04  -0.999900E+04  -0.999900E+04   0.210175E+03   0.948231E+02   0.908163E+00   0.261582E+02   0.150000E+02  -0.147840E+00  -0.999900E+04  -0.999900E+04  -0.999900E+04  -0.999900E+04  -0.102442E+01  -0.999900E+04  -0.999900E+04  -0.999900E+04  -0.999900E+04
   0.100000E+01   0.600000E+01   0.230015E+05   0.259413E+06   0.100000E+01   0.600000E+01   0.230015E+05   0.259413E+06   0.209945E+03  -0.999900E+04  -0.999900E+04  -0.999900E+04  -0.999900E+04   0.209945E+03  -0.999900E+04  -0.999900E+04  -0.999900E+04  -0.999900E+04   0.210019E+03   0.948208E+02   0.978005E+00   0.257075E+02   0.150000E+02  -0.735488E-01  -0.999900E+04  -0.999900E+04  -0.999900E+04  -0.999900E+04  -0.509634E+00  -0.999900E+04  -0.999900E+04  -0.999900E+04  -0.999900E+04
   0.100000E+01   0.600000E+01   0.231290E+05   0.259441E+06   0.100000E+01   0.600000E+01   0.231290E+05   0.259441E+06   0.209865E+03  -0.999900E+04  -0.999900E+04  -0.999900E+04  -0.999900E+04   0.209865E+03  -0.999900E+04  -0.999900E+04  -0.999900E+04  -0.999900E+04   0.209851E+03   0.948181E+02   0.958645E+00   0.248947E+02   0.150000E+02   0.142520E-01  -0.999900E+04  -0.999900E+04  -0.999900E+04  -0.999900E+04   0.987547E-01  -0.999900E+04  -0.999900E+04  -0.999900E+04  -0.999900E+04
   0.100000E+01   0.600000E+01   0.232280E+05   0.259478E+06   0.100000E+01   0.600000E+01   0.232280E+05   0.259478E+06   0.209765E+03  -0.999900E+04  -0.999900E+04  -0.999900E+04  -0.999900E+04   0.209765E+03  -0.999900E+04  -0.999900E+04  -0.999900E+04  -0.999900E+04   0.209754E+03   0.948170E+02   0.867642E+00   0.245310E+02   0.150000E+02   0.105288E-01  -0.999900E+04  -0.999900E+04  -0.999900E+04  -0.999900E+04   0.729563E-01  -0.999900E+04  -0.999900E+04  -0.999900E+04  -0.999900E+04
   0.100000E+01   0.600000E+01   0.233225E+05   0.259498E+06   0.100000E+01   0.600000E+01   0.233225E+05   0.259498E+06   0.209775E+03  -0.999900E+04  -0.999900E+04  -0.999900E+04  -0.999900E+04   0.209775E+03  -0.999900E+04  -0.999900E+04  -0.999900E+04  -0.999900E+04   0.209643E+03   0.948155E+02   0.979201E+00   0.241948E+02   0.150000E+02   0.132453E+00  -0.999900E+04  -0.999900E+04  -0.999900E+04  -0.999900E+04   0.917793E+00  -0.999900E+04  -0.999900E+04  -0.999900E+04  -0.999900E+04
   0.100000E+01   0.600000E+01   0.234170E+05   0.259528E+06   0.100000E+01   0.600000E+01   0.234170E+05   0.259528E+06   0.209762E+03  -0.999900E+04  -0.999900E+04  -0.999900E+04  -0.999900E+04   0.209762E+03  -0.999900E+04  -0.999900E+04  -0.999900E+04  -0.999900E+04   0.209457E+03   0.948143E+02   0.106846E+01   0.238853E+02   0.150000E+02   0.305652E+00  -0.999900E+04  -0.999900E+04  -0.999900E+04  -0.999900E+04   0.211792E+01  -0.999900E+04  -0.999900E+04  -0.999900E+04  -0.999900E+04
   0.100000E+01   0.600000E+01   0.235177E+05   0.259556E+06   0.100000E+01   0.600000E+01   0.235177E+05   0.259556E+06   0.209648E+03  -0.999900E+04  -0.999900E+04  -0.999900E+04  -0.999900E+04   0.209648E+03  -0.999900E+04  -0.999900E+04  -0.999900E+04  -0.999900E+04   0.209225E+03   0.948125E+02   0.106138E+01   0.236018E+02   0.150000E+02   0.422452E+00  -0.999900E+04  -0.999900E+04  -0.999900E+04  -0.999900E+04   0.292726E+01  -0.999900E+04  -0.999900E+04  -0.999900E+04  -0.999900E+04
   0.100000E+01   0.600000E+01   0.236184E+05   0.259586E+06   0.100000E+01   0.600000E+01   0.236184E+05   0.259586E+06   0.209627E+03  -0.999900E+04  -0.999900E+04  -0.999900E+04  -0.999900E+04   0.209627E+03  -0.999900E+04  -0.999900E+04  -0.999900E+04  -0.999900E+04   0.209014E+03   0.948106E+02   0.104355E+01   0.233435E+02   0.150000E+02   0.613772E+00  -0.999900E+04  -0.999900E+04  -0.999900E+04  -0.999900E+04   0.425295E+01  -0.999900E+04  -0.999900E+04  -0.999900E+04  -0.999900E+04
   0.100000E+01   0.600000E+01   0.237191E+05   0.259629E+06   0.100000E+01   0.600000E+01   0.237191E+05   0.259629E+06   0.209375E+03  -0.999900E+04  -0.999900E+04  -0.999900E+04  -0.999900E+04   0.209375E+03  -0.999900E+04  -0.999900E+04  -0.999900E+04  -0.999900E+04   0.208829E+03   0.948093E+02   0.101190E+01   0.231096E+02   0.150000E+02   0.545765E+00  -0.999900E+04  -0.999900E+04  -0.999900E+04  -0.999900E+04   0.378172E+01  -0.999900E+04  -0.999900E+04  -0.999900E+04  -0.999900E+04
   0.100000E+01   0.600000E+01   0.238199E+05   0.259669E+06   0.100000E+01   0.600000E+01   0.238199E+05   0.259669E+06   0.208798E+03  -0.999900E+04  -0.999900E+04  -0.999900E+04  -0.999900E+04   0.208798E+03  -0.999900E+04  -0.999900E+04  -0.999900E+04  -0.999900E+04   0.208668E+03   0.948078E+02   0.979220E+00   0.228994E+02   0.150000E+02   0.129783E+00  -0.999900E+04  -0.999900E+04  -0.999900E+04  -0.999900E+04   0.899291E+00  -0.999900E+04  -0.999900E+04  -0.999900E+04  -0.999900E+04
   0.100000E+01   0.600000E+01   0.239206E+05   0.259694E+06   0.100000E+01   0.600000E+01   0.239206E+05   0.259694E+06   0.208480E+03  -0.999900E+04  -0.999900E+04  -0.999900E+04  -0.999900E+04   0.208480E+03  -0.999900E+04  -0.999900E+04  -0.999900E+04  -0.999900E+04   0.208522E+03   0.948056E+02   0.952816E+00   0.227122E+02   0.150000E+02  -0.423263E-01  -0.999900E+04  -0.999900E+04  -0.999900E+04  -0.999900E+04  -0.293287E+00  -0.999900E+04  -0.999900E+04  -0.999900E+04  -0.999900E+04
   0.100000E+01   0.600000E+01   0.240213E+05   0.259724E+06   0.100000E+01   0.600000E+01   0.240213E+05   0.259724E+06   0.208365E+03  -0.999900E+04  -0.999900E+04  -0.999900E+04  -0.999900E+04   0.208365E+03  -0.999900E+04  -0.999900E+04  -0.999900E+04  -0.999900E+04   0.208386E+03   0.948035E+02   0.937624E+00   0.225474E+02   0.150000E+02  -0.206941E-01  -0.999900E+04  -0.999900E+04  -0.999900E+04  -0.999900E+04  -0.143393E+00  -0.999900E+04  -0.999900E+04  -0.999900E+04  -0.999900E+04
   0.100000E+01   0.600000E+01   0.241220E+05   0.259767E+06   0.100000E+01   0.600000E+01   0.241220E+05   0.259767E+06   0.208083E+03  -0.999900E+04  -0.999900E+04  -0.999900E+04  -0.999900E+04   0.208083E+03  -0.999900E+04  -0.999900E+04  -0.999900E+04  -0.999900E+04   0.208250E+03   0.948018E+02   0.938399E+00   0.224040E+02   0.150000E+02  -0.167103E+00  -0.999900E+04  -0.999900E+04  -0.999900E+04  -0.999900E+04  -0.115789E+01  -0.999900E+04  -0.999900E+04  -0.999900E+04  -0.999900E+04
   0.100000E+01   0.600000E+01   0.242135E+05   0.259794E+06   0.100000E+01   0.600000E+01   0.242135E+05   0.259794E+06   0.207875E+03  -0.999900E+04  -0.999900E+04  -0.999900E+04  -0.999900E+04   0.207875E+03  -0.999900E+04  -0.999900E+04  -0.999900E+04  -0.999900E+04   0.208129E+03   0.947999E+02   0.952552E+00   0.222816E+02   0.150000E+02  -0.254331E+00  -0.999900E+04  -0.999900E+04  -0.999900E+04  -0.999900E+04  -0.176231E+01  -0.999900E+04  -0.999900E+04  -0.999900E+04  -0.999900E+04
   0.100000E+01   0.600000E+01   0.243050E+05   0.259832E+06   0.100000E+01   0.600000E+01   0.243050E+05   0.259832E+06   0.207657E+03  -0.999900E+04  -0.999900E+04  -0.999900E+04  -0.999900E+04   0.207657E+03  -0.999900E+04  -0.999900E+04  -0.999900E+04  -0.999900E+04   0.207990E+03   0.947987E+02   0.101400E+01   0.221793E+02   0.150000E+02  -0.332168E+00  -0.999900E+04  -0.999900E+04  -0.999900E+04  -0.999900E+04  -0.230166E+01  -0.999900E+04  -0.999900E+04  -0.999900E+04  -0.999900E+04
   0.100000E+01   0.600000E+01   0.244303E+05   0.259864E+06   0.100000E+01   0.600000E+01   0.244303E+05   0.259864E+06   0.207577E+03  -0.999900E+04  -0.999900E+04  -0.999900E+04  -0.999900E+04   0.207577E+03  -0.999900E+04  -0.999900E+04  -0.999900E+04  -0.999900E+04   0.207770E+03   0.947965E+02   0.107759E+01   0.220964E+02   0.150000E+02  -0.192652E+00  -0.999900E+04  -0.999900E+04  -0.999900E+04  -0.999900E+04  -0.133493E+01  -0.999900E+04  -0.999900E+04  -0.999900E+04  -0.999900E+04
   0.100000E+01   0.600000E+01   0.245557E+05   0.259917E+06   0.100000E+01   0.600000E+01   0.245557E+05   0.259917E+06   0.207485E+03  -0.999900E+04  -0.999900E+04  -0.999900E+04  -0.999900E+04   0.207485E+03  -0.999900E+04  -0.999900E+04  -0.999900E+04  -0.999900E+04   0.207572E+03   0.947954E+02   0.101440E+01   0.219865E+02   0.150000E+02  -0.874048E-01  -0.999900E+04  -0.999900E+04  -0.999900E+04  -0.999900E+04  -0.605645E+00  -0.999900E+04  -0.999900E+04  -0.999900E+04  -0.999900E+04
   0.100000E+01   0.600000E+01   0.246810E+05   0.259954E+06   0.100000E+01   0.600000E+01   0.246810E+05   0.259954E+06   0.207370E+03  -0.999900E+04  -0.999900E+04  -0.999900E+04  -0.999900E+04   0.207370E+03  -0.999900E+04  -0.999900E+04  -0.999900E+04  -0.999900E+04   0.207402E+03   0.947931E+02   0.916854E+00   0.219581E+02   0.150000E+02  -0.324217E-01  -0.999900E+04  -0.999900E+04  -0.999900E+04  -0.999900E+04  -0.224656E+00  -0.999900E+04  -0.999900E+04  -0.999900E+04  -0.999900E+04
   0.100000E+01   0.600000E+01   0.247962E+05   0.259985E+06   0.100000E+01   0.600000E+01   0.247962E+05   0.259985E+06   0.207255E+03  -0.999900E+04  -0.999900E+04  -0.999900E+04  -0.999900E+04   0.207255E+03  -0.999900E+04  -0.999900E+04  -0.999900E+04  -0.999900E+04   0.207252E+03   0.947907E+02   0.927569E+00   0.219465E+02   0.150000E+02   0.289530E-02  -0.999900E+04  -0.999900E+04  -0.999900E+04  -0.999900E+04   0.200621E-01  -0.999900E+04  -0.999900E+04  -0.999900E+04  -0.999900E+04
   0.100000E+01   0.600000E+01   0.249115E+05   0.260020E+06   0.100000E+01   0.600000E+01   0.249115E+05   0.260020E+06   0.207100E+03  -0.999900E+04  -0.999900E+04  -0.999900E+04  -0.999900E+04   0.207100E+03  -0.999900E+04  -0.999900E+04  -0.999900E+04  -0.999900E+04   0.207116E+03   0.947885E+02   0.899021E+00   0.219510E+02   0.150000E+02  -0.158274E-01  -0.999900E+04  -0.999900E+04  -0.999900E+04  -0.999900E+04  -0.109671E+00  -0.999900E+04  -0.999900E+04  -0.999900E+04  -0.999900E+04
   0.100000E+01   0.600000E+01   0.250268E+05   0.260050E+06   0.100000E+01   0.600000E+01   0.250268E+05   0.260050E+06   0.206975E+03  -0.999900E+04  -0.999900E+04  -0.999900E+04  -0.999900E+04   0.206975E+03  -0.999900E+04  -0.999900E+04  -0.999900E+04  -0.999900E+04   0.207007E+03   0.947859E+02   0.801006E+00   0.220060E+02   0.150000E+02  -0.320813E-01  -0.999900E+04  -0.999900E+04  -0.999900E+04  -0.999900E+04  -0.222298E+00  -0.999900E+04  -0.999900E+04  -0.999900E+04  -0.999900E+04
   0.100000E+01   0.600000E+01   0.251420E+05   0.260085E+06   0.100000E+01   0.600000E+01   0.251420E+05   0.260085E+06   0.206768E+03  -0.999900E+04  -0.999900E+04  -0.999900E+04  -0.999900E+04   0.206768E+03  -0.999900E+04  -0.999900E+04  -0.999900E+04  -0.999900E+04   0.206943E+03   0.947831E+02   0.629248E+00   0.220552E+02   0.150000E+02  -0.175029E+00  -0.999900E+04  -0.999900E+04  -0.999900E+04  -0.999900E+04  -0.121281E+01  -0.999900E+04  -0.999900E+04  -0.999900E+04  -0.999900E+04
   0.100000E+01   0.600000E+01   0.252457E+05   0.260115E+06   0.100000E+01   0.600000E+01   0.252457E+05   0.260115E+06   0.206748E+03  -0.999900E+04  -0.999900E+04  -0.999900E+04  -0.999900E+04   0.206748E+03  -0.999900E+04  -0.999900E+04  -0.999900E+04  -0.999900E+04   0.206884E+03   0.947804E+02   0.682357E+00   0.221180E+02   0.150000E+02  -0.136585E+00  -0.999900E+04  -0.999900E+04  -0.999900E+04  -0.999900E+04  -0.946425E+00  -0.999900E+04  -0.999900E+04  -0.999900E+04  -0.999900E+04
   0.100000E+01   0.600000E+01   0.253493E+05   0.260145E+06   0.100000E+01   0.600000E+01   0.253493E+05   0.260145E+06   0.206670E+03  -0.999900E+04  -0.999900E+04  -0.999900E+04  -0.999900E+04   0.206670E+03  -0.999900E+04  -0.999900E+04  -0.999900E+04  -0.999900E+04   0.206814E+03   0.947780E+02   0.737030E+00   0.221939E+02   0.150000E+02  -0.143913E+00  -0.999900E+04  -0.999900E+04  -0.999900E+04  -0.999900E+04  -0.997204E+00  -0.999900E+04  -0.999900E+04  -0.999900E+04  -0.999900E+04
   0.100000E+01   0.600000E+01   0.254530E+05   0.260178E+06   0.100000E+01   0.600000E+01   0.254530E+05   0.260178E+06   0.206610E+03  -0.999900E+04  -0.999900E+04  -0.999900E+04  -0.999900E+04   0.206610E+03  -0.999900E+04  -0.999900E+04  -0.999900E+04  -0.999900E+04   0.206730E+03   0.947760E+02   0.789124E+00   0.222822E+02   0.150000E+02  -0.120226E+00  -0.999900E+04  -0.999900E+04  -0.999900E+04  -0.999900E+04  -0.833068E+00  -0.999900E+04  -0.999900E+04  -0.999900E+04  -0.999900E+04
   0.100000E+01   0.600000E+01   0.255567E+05   0.260220E+06   0.100000E+01   0.600000E+01   0.255567E+05   0.260220E+06   0.206482E+03  -0.999900E+04  -0.999900E+04  -0.999900E+04  -0.999900E+04   0.206482E+03  -0.999900E+04  -0.999900E+04  -0.999900E+04  -0.999900E+04   0.206632E+03   0.947745E+02   0.833228E+00   0.223824E+02   0.150000E+02  -0.149817E+00  -0.999900E+04  -0.999900E+04  -0.999900E+04  -0.999900E+04  -0.103811E+01  -0.999900E+04  -0.999900E+04  -0.999900E+04  -0.999900E+04
   0.100000E+01   0.600000E+01   0.256603E+05   0.260244E+06   0.100000E+01   0.600000E+01   0.256603E+05   0.260244E+06   0.206343E+03  -0.999900E+04  -0.999900E+04  -0.999900E+04  -0.999900E+04   0.206343E+03  -0.999900E+04  -0.999900E+04  -0.999900E+04  -0.999900E+04   0.206520E+03   0.947722E+02   0.866836E+00   0.224939E+02   0.150000E+02  -0.177998E+00  -0.999900E+04  -0.999900E+04  -0.999900E+04  -0.999900E+04  -0.123338E+01  -0.999900E+04  -0.999900E+04  -0.999900E+04  -0.999900E+04
   0.100000E+01   0.600000E+01   0.257640E+05   0.260286E+06   0.100000E+01   0.600000E+01   0.257640E+05   0.260286E+06   0.206183E+03  -0.999900E+04  -0.999900E+04  -0.999900E+04  -0.999900E+04   0.206183E+03  -0.999900E+04  -0.999900E+04  -0.999900E+04  -0.999900E+04   0.206395E+03   0.947707E+02   0.891027E+00   0.226160E+02   0.150000E+02  -0.212339E+00  -0.999900E+04  -0.999900E+04  -0.999900E+04  -0.999900E+04  -0.147134E+01  -0.999900E+04  -0.999900E+04  -0.999900E+04  -0.999900E+04
   0.100000E+01   0.600000E+01   0.258682E+05   0.260334E+06   0.100000E+01   0.600000E+01   0.258682E+05   0.260334E+06   0.206070E+03  -0.999900E+04  -0.999900E+04  -0.999900E+04  -0.999900E+04   0.206070E+03  -0.999900E+04  -0.999900E+04  -0.999900E+04  -0.999900E+04   0.206266E+03   0.947695E+02   0.891197E+00   0.227482E+02   0.150000E+02  -0.196042E+00  -0.999900E+04  -0.999900E+04  -0.999900E+04  -0.999900E+04  -0.135842E+01  -0.999900E+04  -0.999900E+04  -0.999900E+04  -0.999900E+04
   0.100000E+01   0.600000E+01   0.259724E+05   0.260381E+06   0.100000E+01   0.600000E+01   0.259724E+05   0.260381E+06   0.205903E+03  -0.999900E+04  -0.999900E+04  -0.999900E+04  -0.999900E+04   0.205903E+03  -0.999900E+04  -0.999900E+04  -0.999900E+04  -0.999900E+04   0.206144E+03   0.947683E+02   0.887421E+00   0.228900E+02   0.150000E+02  -0.241490E+00  -0.999900E+04  -0.999900E+04  -0.999900E+04  -0.999900E+04  -0.167333E+01  -0.999900E+04  -0.999900E+04  -0.999900E+04  -0.999900E+04
   0.100000E+01   0.600000E+01   0.260766E+05   0.260406E+06   0.100000E+01   0.600000E+01   0.260766E+05   0.260406E+06   0.205882E+03  -0.999900E+04  -0.999900E+04  -0.999900E+04  -0.999900E+04   0.205882E+03  -0.999900E+04  -0.999900E+04  -0.999900E+04  -0.999900E+04   0.206031E+03   0.947661E+02   0.878356E+00   0.232000E+02   0.150000E+02  -0.148600E+00  -0.999900E+04  -0.999900E+04  -0.999900E+04  -0.999900E+04  -0.102968E+01  -0.999900E+04  -0.999900E+04  -0.999900E+04  -0.999900E+04
   0.100000E+01   0.600000E+01   0.261808E+05   0.260439E+06   0.100000E+01   0.600000E+01   0.261808E+05   0.260439E+06   0.205805E+03  -0.999900E+04  -0.999900E+04  -0.999900E+04  -0.999900E+04   0.205805E+03  -0.999900E+04  -0.999900E+04  -0.999900E+04  -0.999900E+04   0.205929E+03   0.947644E+02   0.863600E+00   0.233671E+02   0.150000E+02  -0.123801E+00  -0.999900E+04  -0.999900E+04  -0.999900E+04  -0.999900E+04  -0.857842E+00  -0.999900E+04  -0.999900E+04  -0.999900E+04  -0.999900E+04
   0.100000E+01   0.600000E+01   0.262850E+05   0.260471E+06   0.100000E+01   0.600000E+01   0.262850E+05   0.260471E+06   0.205762E+03  -0.999900E+04  -0.999900E+04  -0.999900E+04  -0.999900E+04   0.205762E+03  -0.999900E+04  -0.999900E+04  -0.999900E+04  -0.999900E+04   0.205837E+03   0.947629E+02   0.843736E+00   0.235417E+02   0.150000E+02  -0.748361E-01  -0.999900E+04  -0.999900E+04  -0.999900E+04  -0.999900E+04  -0.518554E+00  -0.999900E+04  -0.999900E+04  -0.999900E+04  -0.999900E+04
   0.100000E+01   0.600000E+01   0.264097E+05   0.260516E+06   0.100000E+01   0.600000E+01   0.264097E+05   0.260516E+06   0.205708E+03  -0.999900E+04  -0.999900E+04  -0.999900E+04  -0.999900E+04   0.205708E+03  -0.999900E+04  -0.999900E+04  -0.999900E+04  -0.999900E+04   0.205726E+03   0.947615E+02   0.851337E+00   0.237231E+02   0.150000E+02  -0.188872E-01  -0.999900E+04  -0.999900E+04  -0.999900E+04  -0.999900E+04  -0.130873E+00  -0.999900E+04  -0.999900E+04  -0.999900E+04  -0.999900E+04
   0.100000E+01   0.600000E+01   0.265343E+05   0.260551E+06   0.100000E+01   0.600000E+01   0.265343E+05   0.260551E+06   0.205635E+03  -0.999900E+04  -0.999900E+04  -0.999900E+04  -0.999900E+04   0.205635E+03  -0.999900E+04  -0.999900E+04  -0.999900E+04  -0.999900E+04   0.205589E+03   0.947596E+02   0.897038E+00   0.239108E+02   0.150000E+02   0.457014E-01  -0.999900E+04  -0.999900E+04  -0.999900E+04  -0.999900E+04   0.316674E+00  -0.999900E+04  -0.999900E+04  -0.999900E+04  -0.999900E+04
   0.100000E+01   0.600000E+01   0.266590E+05   0.260590E+06   0.100000E+01   0.600000E+01   0.266590E+05   0.260590E+06   0.205213E+03  -0.999900E+04  -0.999900E+04  -0.999900E+04  -0.999900E+04   0.205213E+03  -0.999900E+04  -0.999900E+04  -0.999900E+04  -0.999900E+04   0.205342E+03   0.947576E+02   0.110935E+01   0.243033E+02   0.150000E+02  -0.129619E+00  -0.999900E+04  -0.999900E+04  -0.999900E+04  -0.999900E+04  -0.898156E+00  -0.999900E+04  -0.999900E+04  -0.999900E+04  -0.999900E+04
   0.100000E+01   0.600000E+01   0.267782E+05   0.260632E+06   0.100000E+01   0.600000E+01   0.267782E+05   0.260632E+06   0.205107E+03  -0.999900E+04  -0.999900E+04  -0.999900E+04  -0.999900E+04   0.205107E+03  -0.999900E+04  -0.999900E+04  -0.999900E+04  -0.999900E+04   0.205098E+03   0.947555E+02   0.101852E+01   0.245071E+02   0.150000E+02   0.943481E-02  -0.999900E+04  -0.999900E+04  -0.999900E+04  -0.999900E+04   0.653757E-01  -0.999900E+04  -0.999900E+04  -0.999900E+04  -0.999900E+04
   0.100000E+01   0.600000E+01   0.268975E+05   0.260677E+06   0.100000E+01   0.600000E+01   0.268975E+05   0.260677E+06   0.204940E+03  -0.999900E+04  -0.999900E+04  -0.999900E+04  -0.999900E+04   0.204940E+03  -0.999900E+04  -0.999900E+04  -0.999900E+04  -0.999900E+04   0.204969E+03   0.947536E+02   0.840855E+00   0.247153E+02   0.150000E+02  -0.290540E-01  -0.999900E+04  -0.999900E+04  -0.999900E+04  -0.999900E+04  -0.201321E+00  -0.999900E+04  -0.999900E+04  -0.999900E+04  -0.999900E+04
   0.100000E+01   0.600000E+01   0.270168E+05   0.260707E+06   0.100000E+01   0.600000E+01   0.270168E+05   0.260707E+06   0.204893E+03  -0.999900E+04  -0.999900E+04  -0.999900E+04  -0.999900E+04   0.204893E+03  -0.999900E+04  -0.999900E+04  -0.999900E+04  -0.999900E+04   0.204910E+03   0.947512E+02   0.703114E+00   0.249273E+02   0.150000E+02  -0.177428E-01  -0.999900E+04  -0.999900E+04  -0.999900E+04  -0.999900E+04  -0.122944E+00  -0.999900E+04  -0.999900E+04  -0.999900E+04  -0.999900E+04
   0.100000E+01   0.600000E+01   0.271360E+05   0.260750E+06   0.100000E+01   0.600000E+01   0.271360E+05   0.260750E+06   0.204850E+03  -0.999900E+04  -0.999900E+04  -0.999900E+04  -0.999900E+04   0.204850E+03  -0.999900E+04  -0.999900E+04  -0.999900E+04  -0.999900E+04   0.204878E+03   0.947496E+02   0.608327E+00   0.253613E+02   0.150000E+02  -0.283379E-01  -0.999900E+04  -0.999900E+04  -0.999900E+04  -0.999900E+04  -0.196359E+00  -0.999900E+04  -0.999900E+04  -0.999900E+04  -0.999900E+04
   0.100000E+01   0.600000E+01   0.272825E+05   0.260795E+06   0.100000E+01   0.600000E+01   0.272825E+05   0.260795E+06   0.204835E+03  -0.999900E+04  -0.999900E+04  -0.999900E+04  -0.999900E+04   0.204835E+03  -0.999900E+04  -0.999900E+04  -0.999900E+04  -0.999900E+04   0.204833E+03   0.947472E+02   0.651063E+00   0.255823E+02   0.150000E+02   0.226354E-02  -0.999900E+04  -0.999900E+04  -0.999900E+04  -0.999900E+04   0.156845E-01  -0.999900E+04  -0.999900E+04  -0.999900E+04  -0.999900E+04
   0.100000E+01   0.600000E+01   0.274290E+05   0.260851E+06   0.100000E+01   0.600000E+01   0.274290E+05   0.260851E+06   0.204620E+03  -0.999900E+04  -0.999900E+04  -0.999900E+04  -0.999900E+04   0.204620E+03  -0.999900E+04  -0.999900E+04  -0.999900E+04  -0.999900E+04   0.204600E+03   0.947453E+02   0.124883E+01   0.260300E+02   0.150000E+02   0.199516E-01  -0.999900E+04  -0.999900E+04  -0.999900E+04  -0.999900E+04   0.138249E+00  -0.999900E+04  -0.999900E+04  -0.999900E+04  -0.999900E+04
   0.100000E+01   0.600000E+01   0.275617E+05   0.260888E+06   0.100000E+01   0.600000E+01   0.275617E+05   0.260888E+06   0.204450E+03  -0.999900E+04  -0.999900E+04  -0.999900E+04  -0.999900E+04   0.204450E+03  -0.999900E+04  -0.999900E+04  -0.999900E+04  -0.999900E+04   0.204162E+03   0.947428E+02   0.132275E+01   0.262559E+02   0.150000E+02   0.287595E+00  -0.999900E+04  -0.999900E+04  -0.999900E+04  -0.999900E+04   0.199280E+01  -0.999900E+04  -0.999900E+04  -0.999900E+04  -0.999900E+04
   0.100000E+01   0.600000E+01   0.276943E+05   0.260926E+06   0.100000E+01   0.600000E+01   0.276943E+05   0.260926E+06   0.203840E+03  -0.999900E+04  -0.999900E+04  -0.999900E+04  -0.999900E+04   0.203840E+03  -0.999900E+04  -0.999900E+04  -0.999900E+04  -0.999900E+04   0.203722E+03   0.947408E+02   0.137940E+01   0.264826E+02   0.150000E+02   0.117996E+00  -0.999900E+04  -0.999900E+04  -0.999900E+04  -0.999900E+04   0.817615E+00  -0.999900E+04  -0.999900E+04  -0.999900E+04  -0.999900E+04
   0.100000E+01   0.600000E+01   0.278270E+05   0.260958E+06   0.100000E+01   0.600000E+01   0.278270E+05   0.260958E+06   0.203390E+03  -0.999900E+04  -0.999900E+04  -0.999900E+04  -0.999900E+04   0.203390E+03  -0.999900E+04  -0.999900E+04  -0.999900E+04  -0.999900E+04   0.203375E+03   0.947391E+02   0.134534E+01   0.269368E+02   0.150000E+02   0.154727E-01  -0.999900E+04  -0.999900E+04  -0.999900E+04  -0.999900E+04   0.107214E+00  -0.999900E+04  -0.999900E+04  -0.999900E+04  -0.999900E+04
   0.100000E+01   0.600000E+01   0.279570E+05   0.261001E+06   0.100000E+01   0.600000E+01   0.279570E+05   0.261001E+06   0.203197E+03  -0.999900E+04  -0.999900E+04  -0.999900E+04  -0.999900E+04   0.203197E+03  -0.999900E+04  -0.999900E+04  -0.999900E+04  -0.999900E+04   0.203154E+03   0.947376E+02   0.113688E+01   0.271635E+02   0.150000E+02   0.433248E-01  -0.999900E+04  -0.999900E+04  -0.999900E+04  -0.999900E+04   0.300206E+00  -0.999900E+04  -0.999900E+04  -0.999900E+04  -0.999900E+04
   0.100000E+01   0.600000E+01   0.281160E+05   0.261061E+06   0.100000E+01   0.600000E+01   0.281160E+05   0.261061E+06   0.203002E+03  -0.999900E+04  -0.999900E+04  -0.999900E+04  -0.999900E+04   0.203002E+03  -0.999900E+04  -0.999900E+04  -0.999900E+04  -0.999900E+04   0.203098E+03   0.947357E+02   0.585337E+00   0.276140E+02   0.150000E+02  -0.953337E-01  -0.999900E+04  -0.999900E+04  -0.999900E+04  -0.999900E+04  -0.660586E+00  -0.999900E+04  -0.999900E+04  -0.999900E+04  -0.999900E+04
   0.100000E+01   0.600000E+01   0.282232E+05   0.261106E+06   0.100000E+01   0.600000E+01   0.282232E+05   0.261106E+06   0.202920E+03  -0.999900E+04  -0.999900E+04  -0.999900E+04  -0.999900E+04   0.202920E+03  -0.999900E+04  -0.999900E+04  -0.999900E+04  -0.999900E+04   0.203080E+03   0.947345E+02   0.578470E+00   0.278371E+02   0.150000E+02  -0.160073E+00  -0.999900E+04  -0.999900E+04  -0.999900E+04  -0.999900E+04  -0.110918E+01  -0.999900E+04  -0.999900E+04  -0.999900E+04  -0.999900E+04
   0.100000E+01   0.600000E+01   0.283305E+05   0.261138E+06   0.100000E+01   0.600000E+01   0.283305E+05   0.261138E+06   0.202895E+03  -0.999900E+04  -0.999900E+04  -0.999900E+04  -0.999900E+04   0.202895E+03  -0.999900E+04  -0.999900E+04  -0.999900E+04  -0.999900E+04   0.203062E+03   0.947325E+02   0.575447E+00   0.280583E+02   0.150000E+02  -0.166698E+00  -0.999900E+04  -0.999900E+04  -0.999900E+04  -0.999900E+04  -0.115508E+01  -0.999900E+04  -0.999900E+04  -0.999900E+04  -0.999900E+04
   0.100000E+01   0.600000E+01   0.284378E+05   0.261161E+06   0.100000E+01   0.600000E+01   0.284378E+05   0.261161E+06   0.202873E+03  -0.999900E+04  -0.999900E+04  -0.999900E+04  -0.999900E+04   0.202873E+03  -0.999900E+04  -0.999900E+04  -0.999900E+04  -0.999900E+04   0.203042E+03   0.947300E+02   0.576204E+00   0.282772E+02   0.150000E+02  -0.169798E+00  -0.999900E+04  -0.999900E+04  -0.999900E+04  -0.999900E+04  -0.117656E+01  -0.999900E+04  -0.999900E+04  -0.999900E+04  -0.999900E+04
   0.100000E+01   0.600000E+01   0.285450E+05   0.261193E+06   0.100000E+01   0.600000E+01   0.285450E+05   0.261193E+06   0.202808E+03  -0.999900E+04  -0.999900E+04  -0.999900E+04  -0.999900E+04   0.202808E+03  -0.999900E+04  -0.999900E+04  -0.999900E+04  -0.999900E+04   0.203021E+03   0.947279E+02   0.580893E+00   0.284935E+02   0.150000E+02  -0.213870E+00  -0.999900E+04  -0.999900E+04  -0.999900E+04  -0.999900E+04  -0.148195E+01  -0.999900E+04  -0.999900E+04  -0.999900E+04  -0.999900E+04
   0.100000E+01   0.600000E+01   0.286522E+05   0.261233E+06   0.100000E+01   0.600000E+01   0.286522E+05   0.261233E+06   0.202750E+03  -0.999900E+04  -0.999900E+04  -0.999900E+04  -0.999900E+04   0.202750E+03  -0.999900E+04  -0.999900E+04  -0.999900E+04  -0.999900E+04   0.202998E+03   0.947260E+02   0.589989E+00   0.287068E+02   0.150000E+02  -0.248304E+00  -0.999900E+04  -0.999900E+04  -0.999900E+04  -0.999900E+04  -0.172054E+01  -0.999900E+04  -0.999900E+04  -0.999900E+04  -0.999900E+04
   0.100000E+01   0.600000E+01   0.287595E+05   0.261256E+06   0.100000E+01   0.600000E+01   0.287595E+05   0.261256E+06   0.202720E+03  -0.999900E+04  -0.999900E+04  -0.999900E+04  -0.999900E+04   0.202720E+03  -0.999900E+04  -0.999900E+04  -0.999900E+04  -0.999900E+04   0.202972E+03   0.947232E+02   0.604297E+00   0.289168E+02   0.150000E+02  -0.252213E+00  -0.999900E+04  -0.999900E+04  -0.999900E+04  -0.999900E+04  -0.174764E+01  -0.999900E+04  -0.999900E+04  -0.999900E+04  -0.999900E+04
   0.100000E+01   0.600000E+01   0.288668E+05   0.261298E+06   0.100000E+01   0.600000E+01   0.288668E+05   0.261298E+06   0.202662E+03  -0.999900E+04  -0.999900E+04  -0.999900E+04  -0.999900E+04   0.202662E+03  -0.999900E+04  -0.999900E+04  -0.999900E+04  -0.999900E+04   0.202942E+03   0.947211E+02   0.625318E+00   0.293257E+02   0.150000E+02  -0.279524E+00  -0.999900E+04  -0.999900E+04  -0.999900E+04  -0.999900E+04  -0.193687E+01  -0.999900E+04  -0.999900E+04  -0.999900E+04  -0.999900E+04
   0.100000E+01   0.600000E+01   0.289740E+05   0.261329E+06   0.100000E+01   0.600000E+01   0.289740E+05   0.261329E+06   0.202560E+03  -0.999900E+04  -0.999900E+04  -0.999900E+04  -0.999900E+04   0.202560E+03  -0.999900E+04  -0.999900E+04  -0.999900E+04  -0.999900E+04   0.202906E+03   0.947185E+02   0.655976E+00   0.295239E+02   0.150000E+02  -0.345513E+00  -0.999900E+04  -0.999900E+04  -0.999900E+04  -0.999900E+04  -0.239413E+01  -0.999900E+04  -0.999900E+04  -0.999900E+04  -0.999900E+04
   0.100000E+01   0.600000E+01   0.291210E+05   0.261377E+06   0.100000E+01   0.600000E+01   0.291210E+05   0.261377E+06   0.202360E+03  -0.999900E+04  -0.999900E+04  -0.999900E+04  -0.999900E+04   0.202360E+03  -0.999900E+04  -0.999900E+04  -0.999900E+04  -0.999900E+04   0.202606E+03   0.947167E+02   0.169564E+01   0.297176E+02   0.150000E+02  -0.245687E+00  -0.999900E+04  -0.999900E+04  -0.999900E+04  -0.999900E+04  -0.170241E+01  -0.999900E+04  -0.999900E+04  -0.999900E+04  -0.999900E+04
   0.100000E+01   0.600000E+01   0.292035E+05   0.261397E+06   0.100000E+01   0.600000E+01   0.292035E+05   0.261397E+06   0.202298E+03  -0.999900E+04  -0.999900E+04  -0.999900E+04  -0.999900E+04   0.202298E+03  -0.999900E+04  -0.999900E+04  -0.999900E+04  -0.999900E+04   0.202137E+03   0.947162E+02   0.190482E+01   0.299064E+02   0.150000E+02   0.160797E+00  -0.999900E+04  -0.999900E+04  -0.999900E+04  -0.999900E+04   0.111420E+01  -0.999900E+04  -0.999900E+04  -0.999900E+04  -0.999900E+04
   0.100000E+01   0.600000E+01   0.292860E+05   0.261424E+06   0.100000E+01   0.600000E+01   0.292860E+05   0.261424E+06   0.202225E+03  -0.999900E+04  -0.999900E+04  -0.999900E+04  -0.999900E+04   0.202225E+03  -0.999900E+04  -0.999900E+04  -0.999900E+04  -0.999900E+04   0.201814E+03   0.947159E+02   0.145405E+01   0.300900E+02   0.150000E+02   0.411385E+00  -0.999900E+04  -0.999900E+04  -0.999900E+04  -0.999900E+04   0.285057E+01  -0.999900E+04  -0.999900E+04  -0.999900E+04  -0.999900E+04
   0.100000E+01   0.600000E+01   0.293878E+05   0.261467E+06   0.100000E+01   0.600000E+01   0.293878E+05   0.261467E+06   0.202077E+03  -0.999900E+04  -0.999900E+04  -0.999900E+04  -0.999900E+04   0.202077E+03  -0.999900E+04  -0.999900E+04  -0.999900E+04  -0.999900E+04   0.201429E+03   0.947156E+02   0.158636E+01   0.302683E+02   0.150000E+02   0.648570E+00  -0.999900E+04  -0.999900E+04  -0.999900E+04  -0.999900E+04   0.449407E+01  -0.999900E+04  -0.999900E+04  -0.999900E+04  -0.999900E+04
   0.100000E+01   0.600000E+01   0.294895E+05   0.261489E+06   0.100000E+01   0.600000E+01   0.294895E+05   0.261489E+06   0.201657E+03  -0.999900E+04  -0.999900E+04  -0.999900E+04  -0.999900E+04   0.201657E+03  -0.999900E+04  -0.999900E+04  -0.999900E+04  -0.999900E+04   0.201066E+03   0.947143E+02   0.161795E+01   0.304409E+02   0.150000E+02   0.591289E+00  -0.999900E+04  -0.999900E+04  -0.999900E+04  -0.999900E+04   0.409716E+01  -0.999900E+04  -0.999900E+04  -0.999900E+04  -0.999900E+04
   0.100000E+01   0.600000E+01   0.295912E+05   0.261519E+06   0.100000E+01   0.600000E+01   0.295912E+05   0.261519E+06   0.201120E+03  -0.999900E+04  -0.999900E+04  -0.999900E+04  -0.999900E+04   0.201120E+03  -0.999900E+04  -0.999900E+04  -0.999900E+04  -0.999900E+04   0.200847E+03   0.947131E+02   0.139149E+01   0.306075E+02   0.150000E+02   0.272987E+00  -0.999900E+04  -0.999900E+04  -0.999900E+04  -0.999900E+04   0.189158E+01  -0.999900E+04  -0.999900E+04  -0.999900E+04  -0.999900E+04
   0.100000E+01   0.600000E+01   0.296930E+05   0.261552E+06   0.100000E+01   0.600000E+01   0.296930E+05   0.261552E+06   0.201110E+03  -0.999900E+04  -0.999900E+04  -0.999900E+04  -0.999900E+04   0.201110E+03  -0.999900E+04  -0.999900E+04  -0.999900E+04  -0.999900E+04   0.200755E+03   0.947121E+02   0.110896E+01   0.307680E+02   0.150000E+02   0.355244E+00  -0.999900E+04  -0.999900E+04  -0.999900E+04  -0.999900E+04   0.246155E+01  -0.999900E+04  -0.999900E+04  -0.999900E+04  -0.999900E+04
   0.100000E+01   0.600000E+01   0.298063E+05   0.261592E+06   0.100000E+01   0.600000E+01   0.298063E+05   0.261592E+06   0.201020E+03  -0.999900E+04  -0.999900E+04  -0.999900E+04  -0.999900E+04   0.201020E+03  -0.999900E+04  -0.999900E+04  -0.999900E+04  -0.999900E+04   0.200666E+03   0.947112E+02   0.108370E+01   0.309220E+02   0.150000E+02   0.353606E+00  -0.999900E+04  -0.999900E+04  -0.999900E+04  -0.999900E+04   0.245021E+01  -0.999900E+04  -0.999900E+04  -0.999900E+04  -0.999900E+04
   0.100000E+01   0.600000E+01   0.299197E+05   0.261617E+06   0.100000E+01   0.600000E+01   0.299197E+05   0.261617E+06   0.200820E+03  -0.999900E+04  -0.999900E+04  -0.999900E+04  -0.999900E+04   0.200820E+03  -0.999900E+04  -0.999900E+04  -0.999900E+04  -0.999900E+04   0.200568E+03   0.947096E+02   0.111039E+01   0.312097E+02   0.150000E+02   0.251848E+00  -0.999900E+04  -0.999900E+04  -0.999900E+04  -0.999900E+04   0.174510E+01  -0.999900E+04  -0.999900E+04  -0.999900E+04  -0.999900E+04
   0.100000E+01   0.600000E+01   0.300330E+05   0.261659E+06   0.100000E+01   0.600000E+01   0.300330E+05   0.261659E+06   0.200700E+03  -0.999900E+04  -0.999900E+04  -0.999900E+04  -0.999900E+04   0.200700E+03  -0.999900E+04  -0.999900E+04  -0.999900E+04  -0.999900E+04   0.200440E+03   0.947089E+02   0.120429E+01   0.313430E+02   0.150000E+02   0.260328E+00  -0.999900E+04  -0.999900E+04  -0.999900E+04  -0.999900E+04   0.180386E+01  -0.999900E+04  -0.999900E+04  -0.999900E+04  -0.999900E+04
   0.100000E+01   0.600000E+01   0.301240E+05   0.261688E+06   0.100000E+01   0.600000E+01   0.301240E+05   0.261688E+06   0.200623E+03  -0.999900E+04  -0.999900E+04  -0.999900E+04  -0.999900E+04   0.200623E+03  -0.999900E+04  -0.999900E+04  -0.999900E+04  -0.999900E+04   0.200343E+03   0.947081E+02   0.116576E+01   0.314689E+02   0.150000E+02   0.279848E+00  -0.999900E+04  -0.999900E+04  -0.999900E+04  -0.999900E+04   0.193912E+01  -0.999900E+04  -0.999900E+04  -0.999900E+04  -0.999900E+04
   0.100000E+01   0.600000E+01   0.302150E+05   0.261708E+06   0.100000E+01   0.600000E+01   0.302150E+05   0.261708E+06   0.200623E+03  -0.999900E+04  -0.999900E+04  -0.999900E+04  -0.999900E+04   0.200623E+03  -0.999900E+04  -0.999900E+04  -0.999900E+04  -0.999900E+04   0.200259E+03   0.947069E+02   0.111468E+01   0.315873E+02   0.150000E+02   0.363383E+00  -0.999900E+04  -0.999900E+04  -0.999900E+04  -0.999900E+04   0.251795E+01  -0.999900E+04  -0.999900E+04  -0.999900E+04  -0.999900E+04
   0.100000E+01   0.600000E+01   0.303213E+05   0.261740E+06   0.100000E+01   0.600000E+01   0.303213E+05   0.261740E+06   0.200540E+03  -0.999900E+04  -0.999900E+04  -0.999900E+04  -0.999900E+04   0.200540E+03  -0.999900E+04  -0.999900E+04  -0.999900E+04  -0.999900E+04   0.200160E+03   0.947060E+02   0.110104E+01   0.316979E+02   0.150000E+02   0.379847E+00  -0.999900E+04  -0.999900E+04  -0.999900E+04  -0.999900E+04   0.263203E+01  -0.999900E+04  -0.999900E+04  -0.999900E+04  -0.999900E+04
   0.100000E+01   0.600000E+01   0.304277E+05   0.261785E+06   0.100000E+01   0.600000E+01   0.304277E+05   0.261785E+06   0.200298E+03  -0.999900E+04  -0.999900E+04  -0.999900E+04  -0.999900E+04   0.200298E+03  -0.999900E+04  -0.999900E+04  -0.999900E+04  -0.999900E+04   0.200040E+03   0.947057E+02   0.115250E+01   0.318006E+02   0.150000E+02   0.257404E+00  -0.999900E+04  -0.999900E+04  -0.999900E+04  -0.999900E+04   0.178361E+01  -0.999900E+04  -0.999900E+04  -0.999900E+04  -0.999900E+04
   0.100000E+01   0.600000E+01   0.305340E+05   0.261813E+06   0.100000E+01   0.600000E+01   0.305340E+05   0.261813E+06   0.200012E+03  -0.999900E+04  -0.999900E+04  -0.999900E+04  -0.999900E+04   0.200012E+03  -0.999900E+04  -0.999900E+04  -0.999900E+04  -0.999900E+04   0.199798E+03   0.947046E+02   0.147737E+01   0.318951E+02   0.150000E+02   0.214797E+00  -0.999900E+04  -0.999900E+04  -0.999900E+04  -0.999900E+04   0.148837E+01  -0.999900E+04  -0.999900E+04  -0.999900E+04  -0.999900E+04
   0.100000E+01   0.600000E+01   0.306880E+05   0.261848E+06   0.100000E+01   0.600000E+01   0.306880E+05   0.261848E+06   0.199705E+03  -0.999900E+04  -0.999900E+04  -0.999900E+04  -0.999900E+04   0.199705E+03  -0.999900E+04  -0.999900E+04  -0.999900E+04  -0.999900E+04   0.199616E+03   0.947017E+02   0.951988E+00   0.320591E+02   0.150000E+02   0.887313E-01  -0.999900E+04  -0.999900E+04  -0.999900E+04  -0.999900E+04   0.614837E+00  -0.999900E+04  -0.999900E+04  -0.999900E+04  -0.999900E+04
   0.100000E+01   0.600000E+01   0.307710E+05   0.261873E+06   0.100000E+01   0.600000E+01   0.307710E+05   0.261873E+06   0.199585E+03  -0.999900E+04  -0.999900E+04  -0.999900E+04  -0.999900E+04   0.199585E+03  -0.999900E+04  -0.999900E+04  -0.999900E+04  -0.999900E+04   0.199516E+03   0.947004E+02   0.116293E+01   0.320591E+02   0.150000E+02   0.688811E-01  -0.999900E+04  -0.999900E+04  -0.999900E+04  -0.999900E+04   0.477291E+00  -0.999900E+04  -0.999900E+04  -0.999900E+04  -0.999900E+04
   0.100000E+01   0.600000E+01   0.308580E+05   0.261905E+06   0.100000E+01   0.600000E+01   0.308580E+05   0.261905E+06   0.199440E+03  -0.999900E+04  -0.999900E+04  -0.999900E+04  -0.999900E+04   0.199440E+03  -0.999900E+04  -0.999900E+04  -0.999900E+04  -0.999900E+04   0.199392E+03   0.946997E+02   0.127724E+01   0.321282E+02   0.150000E+02   0.476490E-01  -0.999900E+04  -0.999900E+04  -0.999900E+04  -0.999900E+04   0.330169E+00  -0.999900E+04  -0.999900E+04  -0.999900E+04  -0.999900E+04
   0.100000E+01   0.600000E+01   0.310990E+05   0.261973E+06   0.100000E+01   0.600000E+01   0.310990E+05   0.261973E+06   0.199295E+03  -0.999900E+04  -0.999900E+04  -0.999900E+04  -0.999900E+04   0.199295E+03  -0.999900E+04  -0.999900E+04  -0.999900E+04  -0.999900E+04   0.199259E+03   0.946970E+02   0.815439E+00   0.322824E+02   0.150000E+02   0.357024E-01  -0.999900E+04  -0.999900E+04  -0.999900E+04  -0.999900E+04   0.247389E+00  -0.999900E+04  -0.999900E+04  -0.999900E+04  -0.999900E+04
   0.100000E+01   0.600000E+01   0.312780E+05   0.262034E+06   0.100000E+01   0.600000E+01   0.312780E+05   0.262034E+06   0.199062E+03  -0.999900E+04  -0.999900E+04  -0.999900E+04  -0.999900E+04   0.199062E+03  -0.999900E+04  -0.999900E+04  -0.999900E+04  -0.999900E+04   0.199127E+03   0.946948E+02   0.103401E+01   0.323394E+02   0.150000E+02  -0.642067E-01  -0.999900E+04  -0.999900E+04  -0.999900E+04  -0.999900E+04  -0.444901E+00  -0.999900E+04  -0.999900E+04  -0.999900E+04  -0.999900E+04
   0.100000E+01   0.600000E+01   0.313495E+05   0.262044E+06   0.100000E+01   0.600000E+01   0.313495E+05   0.262044E+06   0.198988E+03  -0.999900E+04  -0.999900E+04  -0.999900E+04  -0.999900E+04   0.198988E+03  -0.999900E+04  -0.999900E+04  -0.999900E+04  -0.999900E+04   0.199045E+03   0.946927E+02   0.107346E+01   0.323394E+02   0.150000E+02  -0.571182E-01  -0.999900E+04  -0.999900E+04  -0.999900E+04  -0.999900E+04  -0.395783E+00  -0.999900E+04  -0.999900E+04  -0.999900E+04  -0.999900E+04
   0.100000E+01   0.600000E+01   0.314210E+05   0.262069E+06   0.100000E+01   0.600000E+01   0.314210E+05   0.262069E+06   0.198930E+03  -0.999900E+04  -0.999900E+04  -0.999900E+04  -0.999900E+04   0.198930E+03  -0.999900E+04  -0.999900E+04  -0.999900E+04  -0.999900E+04   0.198971E+03   0.946916E+02   0.107231E+01   0.323539E+02   0.150000E+02  -0.413551E-01  -0.999900E+04  -0.999900E+04  -0.999900E+04  -0.999900E+04  -0.286557E+00  -0.999900E+04  -0.999900E+04  -0.999900E+04  -0.999900E+04
   0.100000E+01   0.600000E+01   0.314940E+05   0.262079E+06   0.100000E+01   0.600000E+01   0.314940E+05   0.262079E+06   0.198875E+03  -0.999900E+04  -0.999900E+04  -0.999900E+04  -0.999900E+04   0.198875E+03  -0.999900E+04  -0.999900E+04  -0.999900E+04  -0.999900E+04   0.198915E+03   0.946898E+02   0.101432E+01   0.323588E+02   0.150000E+02  -0.399898E-01  -0.999900E+04  -0.999900E+04  -0.999900E+04  -0.999900E+04  -0.277097E+00  -0.999900E+04  -0.999900E+04  -0.999900E+04  -0.999900E+04
   0.100000E+01   0.600000E+01   0.315670E+05   0.262099E+06   0.100000E+01   0.600000E+01   0.315670E+05   0.262099E+06   0.198770E+03  -0.999900E+04  -0.999900E+04  -0.999900E+04  -0.999900E+04   0.198770E+03  -0.999900E+04  -0.999900E+04  -0.999900E+04  -0.999900E+04   0.198871E+03   0.946885E+02   0.936052E+00   0.323541E+02   0.150000E+02  -0.100903E+00  -0.999900E+04  -0.999900E+04  -0.999900E+04  -0.999900E+04  -0.699174E+00  -0.999900E+04  -0.999900E+04  -0.999900E+04  -0.999900E+04
   0.100000E+01   0.600000E+01   0.316400E+05   0.262121E+06   0.100000E+01   0.600000E+01   0.316400E+05   0.262121E+06   0.198780E+03  -0.999900E+04  -0.999900E+04  -0.999900E+04  -0.999900E+04   0.198780E+03  -0.999900E+04  -0.999900E+04  -0.999900E+04  -0.999900E+04   0.198840E+03   0.946873E+02   0.841237E+00   0.323396E+02   0.150000E+02  -0.597373E-01  -0.999900E+04  -0.999900E+04  -0.999900E+04  -0.999900E+04  -0.413932E+00  -0.999900E+04  -0.999900E+04  -0.999900E+04  -0.999900E+04
   0.100000E+01   0.600000E+01   0.317130E+05   0.262141E+06   0.100000E+01   0.600000E+01   0.317130E+05   0.262141E+06   0.198735E+03  -0.999900E+04  -0.999900E+04  -0.999900E+04  -0.999900E+04   0.198735E+03  -0.999900E+04  -0.999900E+04  -0.999900E+04  -0.999900E+04   0.198819E+03   0.946859E+02   0.750797E+00   0.323396E+02   0.150000E+02  -0.837031E-01  -0.999900E+04  -0.999900E+04  -0.999900E+04  -0.999900E+04  -0.579995E+00  -0.999900E+04  -0.999900E+04  -0.999900E+04  -0.999900E+04
   0.100000E+01   0.600000E+01   0.317692E+05   0.262159E+06   0.100000E+01   0.600000E+01   0.317692E+05   0.262159E+06   0.198705E+03  -0.999900E+04  -0.999900E+04  -0.999900E+04  -0.999900E+04   0.198705E+03  -0.999900E+04  -0.999900E+04  -0.999900E+04  -0.999900E+04   0.198781E+03   0.946852E+02   0.931052E+00   0.323154E+02   0.150000E+02  -0.755640E-01  -0.999900E+04  -0.999900E+04  -0.999900E+04  -0.999900E+04  -0.523598E+00  -0.999900E+04  -0.999900E+04  -0.999900E+04  -0.999900E+04
   0.100000E+01   0.600000E+01   0.318255E+05   0.262176E+06   0.100000E+01   0.600000E+01   0.318255E+05   0.262176E+06   0.198688E+03  -0.999900E+04  -0.999900E+04  -0.999900E+04  -0.999900E+04   0.198688E+03  -0.999900E+04  -0.999900E+04  -0.999900E+04  -0.999900E+04   0.198737E+03   0.946847E+02   0.105031E+01   0.323154E+02   0.150000E+02  -0.491406E-01  -0.999900E+04  -0.999900E+04  -0.999900E+04  -0.999900E+04  -0.340505E+00  -0.999900E+04  -0.999900E+04  -0.999900E+04  -0.999900E+04
   0.100000E+01   0.600000E+01   0.318818E+05   0.262201E+06   0.100000E+01   0.600000E+01   0.318818E+05   0.262201E+06   0.198655E+03  -0.999900E+04  -0.999900E+04  -0.999900E+04  -0.999900E+04   0.198655E+03  -0.999900E+04  -0.999900E+04  -0.999900E+04  -0.999900E+04   0.198696E+03   0.946846E+02   0.103556E+01   0.322813E+02   0.150000E+02  -0.408164E-01  -0.999900E+04  -0.999900E+04  -0.999900E+04  -0.999900E+04  -0.282825E+00  -0.999900E+04  -0.999900E+04  -0.999900E+04  -0.999900E+04
   0.100000E+01   0.600000E+01   0.319380E+05   0.262209E+06   0.100000E+01   0.600000E+01   0.319380E+05   0.262209E+06   0.198635E+03  -0.999900E+04  -0.999900E+04  -0.999900E+04  -0.999900E+04   0.198635E+03  -0.999900E+04  -0.999900E+04  -0.999900E+04  -0.999900E+04   0.198676E+03   0.946833E+02   0.839733E+00   0.322373E+02   0.150000E+02  -0.412420E-01  -0.999900E+04  -0.999900E+04  -0.999900E+04  -0.999900E+04  -0.285774E+00  -0.999900E+04  -0.999900E+04  -0.999900E+04  -0.999900E+04
   0.100000E+01   0.600000E+01   0.319925E+05   0.262224E+06   0.100000E+01   0.600000E+01   0.319925E+05   0.262224E+06   0.198595E+03  -0.999900E+04  -0.999900E+04  -0.999900E+04  -0.999900E+04   0.198595E+03  -0.999900E+04  -0.999900E+04  -0.999900E+04  -0.999900E+04   0.198642E+03   0.946825E+02   0.892994E+00   0.322373E+02   0.150000E+02  -0.472198E-01  -0.999900E+04  -0.999900E+04  -0.999900E+04  -0.999900E+04  -0.327196E+00  -0.999900E+04  -0.999900E+04  -0.999900E+04  -0.999900E+04
   0.100000E+01   0.600000E+01   0.320470E+05   0.262249E+06   0.100000E+01   0.600000E+01   0.320470E+05   0.262249E+06   0.198560E+03  -0.999900E+04  -0.999900E+04  -0.999900E+04  -0.999900E+04   0.198560E+03  -0.999900E+04  -0.999900E+04  -0.999900E+04  -0.999900E+04   0.198602E+03   0.946820E+02   0.941087E+00   0.321833E+02   0.150000E+02  -0.415482E-01  -0.999900E+04  -0.999900E+04  -0.999900E+04  -0.999900E+04  -0.287896E+00  -0.999900E+04  -0.999900E+04  -0.999900E+04  -0.999900E+04
   0.100000E+01   0.600000E+01   0.321015E+05   0.262264E+06   0.100000E+01   0.600000E+01   0.321015E+05   0.262264E+06   0.198537E+03  -0.999900E+04  -0.999900E+04  -0.999900E+04  -0.999900E+04   0.198537E+03  -0.999900E+04  -0.999900E+04  -0.999900E+04  -0.999900E+04   0.198553E+03   0.946811E+02   0.989500E+00   0.321833E+02   0.150000E+02  -0.151792E-01  -0.999900E+04  -0.999900E+04  -0.999900E+04  -0.999900E+04  -0.105180E+00  -0.999900E+04  -0.999900E+04  -0.999900E+04  -0.999900E+04
   0.100000E+01   0.600000E+01   0.321560E+05   0.262280E+06   0.100000E+01   0.600000E+01   0.321560E+05   0.262280E+06   0.198518E+03  -0.999900E+04  -0.999900E+04  -0.999900E+04  -0.999900E+04   0.198518E+03  -0.999900E+04  -0.999900E+04  -0.999900E+04  -0.999900E+04   0.198493E+03   0.946802E+02   0.103586E+01   0.321192E+02   0.150000E+02   0.246910E-01  -0.999900E+04  -0.999900E+04  -0.999900E+04  -0.999900E+04   0.171089E+00  -0.999900E+04  -0.999900E+04  -0.999900E+04  -0.999900E+04
   0.100000E+01   0.600000E+01   0.322105E+05   0.262287E+06   0.100000E+01   0.600000E+01   0.322105E+05   0.262287E+06   0.198455E+03  -0.999900E+04  -0.999900E+04  -0.999900E+04  -0.999900E+04   0.198455E+03  -0.999900E+04  -0.999900E+04  -0.999900E+04  -0.999900E+04   0.198430E+03   0.946788E+02   0.104381E+01   0.321192E+02   0.150000E+02   0.250571E-01  -0.999900E+04  -0.999900E+04  -0.999900E+04  -0.999900E+04   0.173625E+00  -0.999900E+04  -0.999900E+04  -0.999900E+04  -0.999900E+04
   0.100000E+01   0.600000E+01   0.322650E+05   0.262302E+06   0.100000E+01   0.600000E+01   0.322650E+05   0.262302E+06   0.198428E+03  -0.999900E+04  -0.999900E+04  -0.999900E+04  -0.999900E+04   0.198428E+03  -0.999900E+04  -0.999900E+04  -0.999900E+04  -0.999900E+04   0.198383E+03   0.946780E+02   0.981450E+00   0.320451E+02   0.150000E+02   0.445522E-01  -0.999900E+04  -0.999900E+04  -0.999900E+04  -0.999900E+04   0.308711E+00  -0.999900E+04  -0.999900E+04  -0.999900E+04  -0.999900E+04
   0.100000E+01   0.600000E+01   0.323160E+05   0.262325E+06   0.100000E+01   0.600000E+01   0.323160E+05   0.262325E+06   0.198398E+03  -0.999900E+04  -0.999900E+04  -0.999900E+04  -0.999900E+04   0.198398E+03  -0.999900E+04  -0.999900E+04  -0.999900E+04  -0.999900E+04   0.198339E+03   0.946778E+02   0.963982E+00   0.319608E+02   0.150000E+02   0.583721E-01  -0.999900E+04  -0.999900E+04  -0.999900E+04  -0.999900E+04   0.404472E+00  -0.999900E+04  -0.999900E+04  -0.999900E+04  -0.999900E+04
   0.100000E+01   0.600000E+01   0.324070E+05   0.262355E+06   0.100000E+01   0.600000E+01   0.324070E+05   0.262355E+06   0.198312E+03  -0.999900E+04  -0.999900E+04  -0.999900E+04  -0.999900E+04   0.198312E+03  -0.999900E+04  -0.999900E+04  -0.999900E+04  -0.999900E+04   0.198256E+03   0.946768E+02   0.957082E+00   0.318664E+02   0.150000E+02   0.564639E-01  -0.999900E+04  -0.999900E+04  -0.999900E+04  -0.999900E+04   0.391249E+00  -0.999900E+04  -0.999900E+04  -0.999900E+04  -0.999900E+04
   0.100000E+01   0.600000E+01   0.324860E+05   0.262367E+06   0.100000E+01   0.600000E+01   0.324860E+05   0.262367E+06   0.198235E+03  -0.999900E+04  -0.999900E+04  -0.999900E+04  -0.999900E+04   0.198235E+03  -0.999900E+04  -0.999900E+04  -0.999900E+04  -0.999900E+04   0.198167E+03   0.946753E+02   0.996977E+00   0.318664E+02   0.150000E+02   0.676144E-01  -0.999900E+04  -0.999900E+04  -0.999900E+04  -0.999900E+04   0.468513E+00  -0.999900E+04  -0.999900E+04  -0.999900E+04  -0.999900E+04
   0.100000E+01   0.600000E+01   0.325710E+05   0.262400E+06   0.100000E+01   0.600000E+01   0.325710E+05   0.262400E+06   0.198065E+03  -0.999900E+04  -0.999900E+04  -0.999900E+04  -0.999900E+04   0.198065E+03  -0.999900E+04  -0.999900E+04  -0.999900E+04  -0.999900E+04   0.198037E+03   0.946745E+02   0.107161E+01   0.317619E+02   0.150000E+02   0.283636E-01  -0.999900E+04  -0.999900E+04  -0.999900E+04  -0.999900E+04   0.196537E+00  -0.999900E+04  -0.999900E+04  -0.999900E+04  -0.999900E+04
   0.100000E+01   0.600000E+01   0.326400E+05   0.262420E+06   0.100000E+01   0.600000E+01   0.326400E+05   0.262420E+06   0.197912E+03  -0.999900E+04  -0.999900E+04  -0.999900E+04  -0.999900E+04   0.197912E+03  -0.999900E+04  -0.999900E+04  -0.999900E+04  -0.999900E+04   0.197896E+03   0.946736E+02   0.117798E+01   0.316472E+02   0.150000E+02   0.164536E-01  -0.999900E+04  -0.999900E+04  -0.999900E+04  -0.999900E+04   0.114010E+00  -0.999900E+04  -0.999900E+04  -0.999900E+04  -0.999900E+04
   0.100000E+01   0.600000E+01   0.327090E+05   0.262442E+06   0.100000E+01   0.600000E+01   0.327090E+05   0.262442E+06   0.197620E+03  -0.999900E+04  -0.999900E+04  -0.999900E+04  -0.999900E+04   0.197620E+03  -0.999900E+04  -0.999900E+04  -0.999900E+04  -0.999900E+04   0.197725E+03   0.946728E+02   0.127283E+01   0.315223E+02   0.150000E+02  -0.105281E+00  -0.999900E+04  -0.999900E+04  -0.999900E+04  -0.999900E+04  -0.729515E+00  -0.999900E+04  -0.999900E+04  -0.999900E+04  -0.999900E+04
   0.100000E+01   0.600000E+01   0.327660E+05   0.262460E+06   0.100000E+01   0.600000E+01   0.327660E+05   0.262460E+06   0.197477E+03  -0.999900E+04  -0.999900E+04  -0.999900E+04  -0.999900E+04   0.197477E+03  -0.999900E+04  -0.999900E+04  -0.999900E+04  -0.999900E+04   0.197585E+03   0.946720E+02   0.127914E+01   0.315223E+02   0.150000E+02  -0.107076E+00  -0.999900E+04  -0.999900E+04  -0.999900E+04  -0.999900E+04  -0.741950E+00  -0.999900E+04  -0.999900E+04  -0.999900E+04  -0.999900E+04
   0.100000E+01   0.600000E+01   0.328230E+05   0.262480E+06   0.100000E+01   0.600000E+01   0.328230E+05   0.262480E+06   0.197425E+03  -0.999900E+04  -0.999900E+04  -0.999900E+04  -0.999900E+04   0.197425E+03  -0.999900E+04  -0.999900E+04  -0.999900E+04  -0.999900E+04   0.197468E+03   0.946713E+02   0.122357E+01   0.313872E+02   0.150000E+02  -0.431101E-01  -0.999900E+04  -0.999900E+04  -0.999900E+04  -0.999900E+04  -0.298719E+00  -0.999900E+04  -0.999900E+04  -0.999900E+04  -0.999900E+04
   0.100000E+01   0.600000E+01   0.328800E+05   0.262490E+06   0.100000E+01   0.600000E+01   0.328800E+05   0.262490E+06   0.197368E+03  -0.999900E+04  -0.999900E+04  -0.999900E+04  -0.999900E+04   0.197368E+03  -0.999900E+04  -0.999900E+04  -0.999900E+04  -0.999900E+04   0.197386E+03   0.946701E+02   0.111919E+01   0.313872E+02   0.150000E+02  -0.188263E-01  -0.999900E+04  -0.999900E+04  -0.999900E+04  -0.999900E+04  -0.130451E+00  -0.999900E+04  -0.999900E+04  -0.999900E+04  -0.999900E+04
   0.100000E+01   0.600000E+01   0.329478E+05   0.262518E+06   0.100000E+01   0.600000E+01   0.329478E+05   0.262518E+06   0.197257E+03  -0.999900E+04  -0.999900E+04  -0.999900E+04  -0.999900E+04   0.197257E+03  -0.999900E+04  -0.999900E+04  -0.999900E+04  -0.999900E+04   0.197286E+03   0.946695E+02   0.118667E+01   0.312420E+02   0.150000E+02  -0.282497E-01  -0.999900E+04  -0.999900E+04  -0.999900E+04  -0.999900E+04  -0.195747E+00  -0.999900E+04  -0.999900E+04  -0.999900E+04  -0.999900E+04
   0.100000E+01   0.600000E+01   0.330155E+05   0.262538E+06   0.100000E+01   0.600000E+01   0.330155E+05   0.262538E+06   0.197183E+03  -0.999900E+04  -0.999900E+04  -0.999900E+04  -0.999900E+04   0.197183E+03  -0.999900E+04  -0.999900E+04  -0.999900E+04  -0.999900E+04   0.197192E+03   0.946688E+02   0.119692E+01   0.310867E+02   0.150000E+02  -0.920110E-02  -0.999900E+04  -0.999900E+04  -0.999900E+04  -0.999900E+04  -0.637562E-01  -0.999900E+04  -0.999900E+04  -0.999900E+04  -0.999900E+04
   0.100000E+01   0.600000E+01   0.330832E+05   0.262548E+06   0.100000E+01   0.600000E+01   0.330832E+05   0.262548E+06   0.197125E+03  -0.999900E+04  -0.999900E+04  -0.999900E+04  -0.999900E+04   0.197125E+03  -0.999900E+04  -0.999900E+04  -0.999900E+04  -0.999900E+04   0.197091E+03   0.946676E+02   0.121631E+01   0.309213E+02   0.150000E+02   0.336743E-01  -0.999900E+04  -0.999900E+04  -0.999900E+04  -0.999900E+04   0.233336E+00  -0.999900E+04  -0.999900E+04  -0.999900E+04  -0.999900E+04
   0.100000E+01   0.600000E+01   0.331510E+05   0.262566E+06   0.100000E+01   0.600000E+01   0.331510E+05   0.262566E+06   0.197045E+03  -0.999900E+04  -0.999900E+04  -0.999900E+04  -0.999900E+04   0.197045E+03  -0.999900E+04  -0.999900E+04  -0.999900E+04  -0.999900E+04   0.196970E+03   0.946666E+02   0.127711E+01   0.309213E+02   0.150000E+02   0.753415E-01  -0.999900E+04  -0.999900E+04  -0.999900E+04  -0.999900E+04   0.522056E+00  -0.999900E+04  -0.999900E+04  -0.999900E+04  -0.999900E+04
   0.100000E+01   0.600000E+01   0.332045E+05   0.262588E+06   0.100000E+01   0.600000E+01   0.332045E+05   0.262588E+06   0.197005E+03  -0.999900E+04  -0.999900E+04  -0.999900E+04  -0.999900E+04   0.197005E+03  -0.999900E+04  -0.999900E+04  -0.999900E+04  -0.999900E+04   0.196899E+03   0.946662E+02   0.116761E+01   0.307458E+02   0.150000E+02   0.106028E+00  -0.999900E+04  -0.999900E+04  -0.999900E+04  -0.999900E+04   0.734686E+00  -0.999900E+04  -0.999900E+04  -0.999900E+04  -0.999900E+04
   0.100000E+01   0.600000E+01   0.332580E+05   0.262603E+06   0.100000E+01   0.600000E+01   0.332580E+05   0.262603E+06   0.196982E+03  -0.999900E+04  -0.999900E+04  -0.999900E+04  -0.999900E+04   0.196982E+03  -0.999900E+04  -0.999900E+04  -0.999900E+04  -0.999900E+04   0.196855E+03   0.946655E+02   0.103957E+01   0.307458E+02   0.150000E+02   0.127127E+00  -0.999900E+04  -0.999900E+04  -0.999900E+04  -0.999900E+04   0.880887E+00  -0.999900E+04  -0.999900E+04  -0.999900E+04  -0.999900E+04
   0.100000E+01   0.600000E+01   0.333165E+05   0.262621E+06   0.100000E+01   0.600000E+01   0.333165E+05   0.262621E+06   0.196942E+03  -0.999900E+04  -0.999900E+04  -0.999900E+04  -0.999900E+04   0.196942E+03  -0.999900E+04  -0.999900E+04  -0.999900E+04  -0.999900E+04   0.196786E+03   0.946650E+02   0.112696E+01   0.305603E+02   0.150000E+02   0.156422E+00  -0.999900E+04  -0.999900E+04  -0.999900E+04  -0.999900E+04   0.108388E+01  -0.999900E+04  -0.999900E+04  -0.999900E+04  -0.999900E+04
   0.100000E+01   0.600000E+01   0.333750E+05   0.262628E+06   0.100000E+01   0.600000E+01   0.333750E+05   0.262628E+06   0.196800E+03  -0.999900E+04  -0.999900E+04  -0.999900E+04  -0.999900E+04   0.196800E+03  -0.999900E+04  -0.999900E+04  -0.999900E+04  -0.999900E+04   0.196693E+03   0.946639E+02   0.122908E+01   0.303648E+02   0.150000E+02   0.107323E+00  -0.999900E+04  -0.999900E+04  -0.999900E+04  -0.999900E+04   0.743663E+00  -0.999900E+04  -0.999900E+04  -0.999900E+04  -0.999900E+04
   0.100000E+01   0.600000E+01   0.334920E+05   0.262668E+06   0.100000E+01   0.600000E+01   0.334920E+05   0.262668E+06   0.196512E+03  -0.999900E+04  -0.999900E+04  -0.999900E+04  -0.999900E+04   0.196512E+03  -0.999900E+04  -0.999900E+04  -0.999900E+04  -0.999900E+04   0.196285E+03   0.946635E+02   0.176096E+01   0.301594E+02   0.150000E+02   0.227069E+00  -0.999900E+04  -0.999900E+04  -0.999900E+04  -0.999900E+04   0.157340E+01  -0.999900E+04  -0.999900E+04  -0.999900E+04  -0.999900E+04
   0.100000E+01   0.600000E+01   0.336640E+05   0.262701E+06   0.100000E+01   0.600000E+01   0.336640E+05   0.262701E+06   0.196180E+03  -0.999900E+04  -0.999900E+04  -0.999900E+04  -0.999900E+04   0.196180E+03  -0.999900E+04  -0.999900E+04  -0.999900E+04  -0.999900E+04   0.195789E+03   0.946604E+02   0.126492E+01   0.297192E+02   0.150000E+02   0.391469E+00  -0.999900E+04  -0.999900E+04  -0.999900E+04  -0.999900E+04   0.271256E+01  -0.999900E+04  -0.999900E+04  -0.999900E+04  -0.999900E+04
   0.100000E+01   0.600000E+01   0.337360E+05   0.262731E+06   0.100000E+01   0.600000E+01   0.337360E+05   0.262731E+06   0.195915E+03  -0.999900E+04  -0.999900E+04  -0.999900E+04  -0.999900E+04   0.195915E+03  -0.999900E+04  -0.999900E+04  -0.999900E+04  -0.999900E+04   0.195697E+03   0.946596E+02   0.117611E+01   0.297192E+02   0.150000E+02   0.217766E+00  -0.999900E+04  -0.999900E+04  -0.999900E+04  -0.999900E+04   0.150894E+01  -0.999900E+04  -0.999900E+04  -0.999900E+04  -0.999900E+04
   0.100000E+01   0.600000E+01   0.337590E+05   0.262731E+06   0.100000E+01   0.600000E+01   0.337590E+05   0.262731E+06   0.195805E+03  -0.999900E+04  -0.999900E+04  -0.999900E+04  -0.999900E+04   0.195805E+03  -0.999900E+04  -0.999900E+04  -0.999900E+04  -0.999900E+04   0.195668E+03   0.946589E+02   0.114774E+01   0.294846E+02   0.150000E+02   0.136939E+00  -0.999900E+04  -0.999900E+04  -0.999900E+04  -0.999900E+04   0.948877E+00  -0.999900E+04  -0.999900E+04  -0.999900E+04  -0.999900E+04
   0.100000E+01   0.600000E+01   0.338390E+05   0.262761E+06   0.100000E+01   0.600000E+01   0.338390E+05   0.262761E+06   0.195577E+03  -0.999900E+04  -0.999900E+04  -0.999900E+04  -0.999900E+04   0.195577E+03  -0.999900E+04  -0.999900E+04  -0.999900E+04  -0.999900E+04   0.195567E+03   0.946579E+02   0.104906E+01   0.294846E+02   0.150000E+02   0.108685E-01  -0.999900E+04  -0.999900E+04  -0.999900E+04  -0.999900E+04   0.753097E-01  -0.999900E+04  -0.999900E+04  -0.999900E+04  -0.999900E+04
   0.100000E+01   0.600000E+01   0.338935E+05   0.262778E+06   0.100000E+01   0.600000E+01   0.338935E+05   0.262778E+06   0.195550E+03  -0.999900E+04  -0.999900E+04  -0.999900E+04  -0.999900E+04   0.195550E+03  -0.999900E+04  -0.999900E+04  -0.999900E+04  -0.999900E+04   0.195511E+03   0.946575E+02   0.121127E+01   0.292404E+02   0.150000E+02   0.389169E-01  -0.999900E+04  -0.999900E+04  -0.999900E+04  -0.999900E+04   0.269663E+00  -0.999900E+04  -0.999900E+04  -0.999900E+04  -0.999900E+04
   0.100000E+01   0.600000E+01   0.339480E+05   0.262803E+06   0.100000E+01   0.600000E+01   0.339480E+05   0.262803E+06   0.195518E+03  -0.999900E+04  -0.999900E+04  -0.999900E+04  -0.999900E+04   0.195518E+03  -0.999900E+04  -0.999900E+04  -0.999900E+04  -0.999900E+04   0.195435E+03   0.946576E+02   0.136099E+01   0.289866E+02   0.150000E+02   0.821502E-01  -0.999900E+04  -0.999900E+04  -0.999900E+04  -0.999900E+04   0.569235E+00  -0.999900E+04  -0.999900E+04  -0.999900E+04  -0.999900E+04
   0.100000E+01   0.600000E+01   0.340025E+05   0.262811E+06   0.100000E+01   0.600000E+01   0.340025E+05   0.262811E+06   0.195450E+03  -0.999900E+04  -0.999900E+04  -0.999900E+04  -0.999900E+04   0.195450E+03  -0.999900E+04  -0.999900E+04  -0.999900E+04  -0.999900E+04   0.195347E+03   0.946570E+02   0.142723E+01   0.289866E+02   0.150000E+02   0.102950E+00  -0.999900E+04  -0.999900E+04  -0.999900E+04  -0.999900E+04   0.713358E+00  -0.999900E+04  -0.999900E+04  -0.999900E+04  -0.999900E+04
   0.100000E+01   0.600000E+01   0.340570E+05   0.262833E+06   0.100000E+01   0.600000E+01   0.340570E+05   0.262833E+06   0.195380E+03  -0.999900E+04  -0.999900E+04  -0.999900E+04  -0.999900E+04   0.195380E+03  -0.999900E+04  -0.999900E+04  -0.999900E+04  -0.999900E+04   0.195270E+03   0.946569E+02   0.133523E+01   0.287236E+02   0.150000E+02   0.109998E+00  -0.999900E+04  -0.999900E+04  -0.999900E+04  -0.999900E+04   0.762201E+00  -0.999900E+04  -0.999900E+04  -0.999900E+04  -0.999900E+04
   0.100000E+01   0.600000E+01   0.341225E+05   0.262851E+06   0.100000E+01   0.600000E+01   0.341225E+05   0.262851E+06   0.195290E+03  -0.999900E+04  -0.999900E+04  -0.999900E+04  -0.999900E+04   0.195290E+03  -0.999900E+04  -0.999900E+04  -0.999900E+04  -0.999900E+04   0.195242E+03   0.946562E+02   0.951258E+00   0.287236E+02   0.150000E+02   0.484797E-01  -0.999900E+04  -0.999900E+04  -0.999900E+04  -0.999900E+04   0.335925E+00  -0.999900E+04  -0.999900E+04  -0.999900E+04  -0.999900E+04
   0.100000E+01   0.600000E+01   0.341880E+05   0.262858E+06   0.100000E+01   0.600000E+01   0.341880E+05   0.262858E+06   0.195062E+03  -0.999900E+04  -0.999900E+04  -0.999900E+04  -0.999900E+04   0.195062E+03  -0.999900E+04  -0.999900E+04  -0.999900E+04  -0.999900E+04   0.195180E+03   0.946547E+02   0.101077E+01   0.284512E+02   0.150000E+02  -0.117133E+00  -0.999900E+04  -0.999900E+04  -0.999900E+04  -0.999900E+04  -0.811640E+00  -0.999900E+04  -0.999900E+04  -0.999900E+04  -0.999900E+04
   0.100000E+01   0.600000E+01   0.342410E+05   0.262871E+06   0.100000E+01   0.600000E+01   0.342410E+05   0.262871E+06   0.194947E+03  -0.999900E+04  -0.999900E+04  -0.999900E+04  -0.999900E+04   0.194947E+03  -0.999900E+04  -0.999900E+04  -0.999900E+04  -0.999900E+04   0.195125E+03   0.946537E+02   0.101385E+01   0.281697E+02   0.150000E+02  -0.177344E+00  -0.999900E+04  -0.999900E+04  -0.999900E+04  -0.999900E+04  -0.122885E+01  -0.999900E+04  -0.999900E+04  -0.999900E+04  -0.999900E+04
   0.100000E+01   0.600000E+01   0.342940E+05   0.262884E+06   0.100000E+01   0.600000E+01   0.342940E+05   0.262884E+06   0.194905E+03  -0.999900E+04  -0.999900E+04  -0.999900E+04  -0.999900E+04   0.194905E+03  -0.999900E+04  -0.999900E+04  -0.999900E+04  -0.999900E+04   0.195067E+03   0.946527E+02   0.102199E+01   0.281697E+02   0.150000E+02  -0.162186E+00  -0.999900E+04  -0.999900E+04  -0.999900E+04  -0.999900E+04  -0.112382E+01  -0.999900E+04  -0.999900E+04  -0.999900E+04  -0.999900E+04
   0.100000E+01   0.600000E+01   0.343470E+05   0.262897E+06   0.100000E+01   0.600000E+01   0.343470E+05   0.262897E+06   0.194868E+03  -0.999900E+04  -0.999900E+04  -0.999900E+04  -0.999900E+04   0.194868E+03  -0.999900E+04  -0.999900E+04  -0.999900E+04  -0.999900E+04   0.195006E+03   0.946517E+02   0.103508E+01   0.278793E+02   0.150000E+02  -0.138015E+00  -0.999900E+04  -0.999900E+04  -0.999900E+04  -0.999900E+04  -0.956332E+00  -0.999900E+04  -0.999900E+04  -0.999900E+04  -0.999900E+04
   0.100000E+01   0.600000E+01   0.344000E+05   0.262919E+06   0.100000E+01   0.600000E+01   0.344000E+05   0.262919E+06   0.194827E+03  -0.999900E+04  -0.999900E+04  -0.999900E+04  -0.999900E+04   0.194827E+03  -0.999900E+04  -0.999900E+04  -0.999900E+04  -0.999900E+04   0.194939E+03   0.946511E+02   0.105372E+01   0.278793E+02   0.150000E+02  -0.111358E+00  -0.999900E+04  -0.999900E+04  -0.999900E+04  -0.999900E+04  -0.771619E+00  -0.999900E+04  -0.999900E+04  -0.999900E+04  -0.999900E+04
   0.100000E+01   0.600000E+01   0.344530E+05   0.262934E+06   0.100000E+01   0.600000E+01   0.344530E+05   0.262934E+06   0.194768E+03  -0.999900E+04  -0.999900E+04  -0.999900E+04  -0.999900E+04   0.194768E+03  -0.999900E+04  -0.999900E+04  -0.999900E+04  -0.999900E+04   0.194866E+03   0.946501E+02   0.107873E+01   0.275799E+02   0.150000E+02  -0.981704E-01  -0.999900E+04  -0.999900E+04  -0.999900E+04  -0.999900E+04  -0.680242E+00  -0.999900E+04  -0.999900E+04  -0.999900E+04  -0.999900E+04
   0.100000E+01   0.600000E+01   0.345060E+05   0.262947E+06   0.100000E+01   0.600000E+01   0.345060E+05   0.262947E+06   0.194713E+03  -0.999900E+04  -0.999900E+04  -0.999900E+04  -0.999900E+04   0.194713E+03  -0.999900E+04  -0.999900E+04  -0.999900E+04  -0.999900E+04   0.194785E+03   0.946490E+02   0.111090E+01   0.275799E+02   0.150000E+02  -0.723804E-01  -0.999900E+04  -0.999900E+04  -0.999900E+04  -0.999900E+04  -0.501538E+00  -0.999900E+04  -0.999900E+04  -0.999900E+04  -0.999900E+04
   0.100000E+01   0.600000E+01   0.345590E+05   0.262952E+06   0.100000E+01   0.600000E+01   0.345590E+05   0.262952E+06   0.194570E+03  -0.999900E+04  -0.999900E+04  -0.999900E+04  -0.999900E+04   0.194570E+03  -0.999900E+04  -0.999900E+04  -0.999900E+04  -0.999900E+04   0.194692E+03   0.946474E+02   0.115255E+01   0.272719E+02   0.150000E+02  -0.122113E+00  -0.999900E+04  -0.999900E+04  -0.999900E+04  -0.999900E+04  -0.846144E+00  -0.999900E+04  -0.999900E+04  -0.999900E+04  -0.999900E+04
   0.100000E+01   0.600000E+01   0.346146E+05   0.262974E+06   0.100000E+01   0.600000E+01   0.346146E+05   0.262974E+06   0.194445E+03  -0.999900E+04  -0.999900E+04  -0.999900E+04  -0.999900E+04   0.194445E+03  -0.999900E+04  -0.999900E+04  -0.999900E+04  -0.999900E+04   0.194610E+03   0.946465E+02   0.109767E+01   0.269553E+02   0.150000E+02  -0.164760E+00  -0.999900E+04  -0.999900E+04  -0.999900E+04  -0.999900E+04  -0.114165E+01  -0.999900E+04  -0.999900E+04  -0.999900E+04  -0.999900E+04
   0.100000E+01   0.600000E+01   0.346702E+05   0.262979E+06   0.100000E+01   0.600000E+01   0.346702E+05   0.262979E+06   0.194420E+03  -0.999900E+04  -0.999900E+04  -0.999900E+04  -0.999900E+04   0.194420E+03  -0.999900E+04  -0.999900E+04  -0.999900E+04  -0.999900E+04   0.194553E+03   0.946448E+02   0.101251E+01   0.269553E+02   0.150000E+02  -0.133259E+00  -0.999900E+04  -0.999900E+04  -0.999900E+04  -0.999900E+04  -0.923377E+00  -0.999900E+04  -0.999900E+04  -0.999900E+04  -0.999900E+04
   0.100000E+01   0.600000E+01   0.347258E+05   0.262994E+06   0.100000E+01   0.600000E+01   0.347258E+05   0.262994E+06   0.194363E+03  -0.999900E+04  -0.999900E+04  -0.999900E+04  -0.999900E+04   0.194363E+03  -0.999900E+04  -0.999900E+04  -0.999900E+04  -0.999900E+04   0.194516E+03   0.946437E+02   0.917709E+00   0.266303E+02   0.150000E+02  -0.153717E+00  -0.999900E+04  -0.999900E+04  -0.999900E+04  -0.999900E+04  -0.106514E+01  -0.999900E+04  -0.999900E+04  -0.999900E+04  -0.999900E+04
   0.100000E+01   0.600000E+01   0.347814E+05   0.263019E+06   0.100000E+01   0.600000E+01   0.347814E+05   0.263019E+06   0.194350E+03  -0.999900E+04  -0.999900E+04  -0.999900E+04  -0.999900E+04   0.194350E+03  -0.999900E+04  -0.999900E+04  -0.999900E+04  -0.999900E+04   0.194493E+03   0.946431E+02   0.821493E+00   0.266303E+02   0.150000E+02  -0.142669E+00  -0.999900E+04  -0.999900E+04  -0.999900E+04  -0.999900E+04  -0.988583E+00  -0.999900E+04  -0.999900E+04  -0.999900E+04  -0.999900E+04
   0.100000E+01   0.600000E+01   0.348370E+05   0.263027E+06   0.100000E+01   0.600000E+01   0.348370E+05   0.263027E+06   0.194338E+03  -0.999900E+04  -0.999900E+04  -0.999900E+04  -0.999900E+04   0.194338E+03  -0.999900E+04  -0.999900E+04  -0.999900E+04  -0.999900E+04   0.194478E+03   0.946417E+02   0.728258E+00   0.262971E+02   0.150000E+02  -0.140622E+00  -0.999900E+04  -0.999900E+04  -0.999900E+04  -0.999900E+04  -0.974396E+00  -0.999900E+04  -0.999900E+04  -0.999900E+04  -0.999900E+04
   0.100000E+01   0.600000E+01   0.349027E+05   0.263047E+06   0.100000E+01   0.600000E+01   0.349027E+05   0.263047E+06   0.194317E+03  -0.999900E+04  -0.999900E+04  -0.999900E+04  -0.999900E+04   0.194317E+03  -0.999900E+04  -0.999900E+04  -0.999900E+04  -0.999900E+04   0.194450E+03   0.946405E+02   0.759243E+00   0.259558E+02   0.150000E+02  -0.132946E+00  -0.999900E+04  -0.999900E+04  -0.999900E+04  -0.999900E+04  -0.921207E+00  -0.999900E+04  -0.999900E+04  -0.999900E+04  -0.999900E+04
   0.100000E+01   0.600000E+01   0.349683E+05   0.263074E+06   0.100000E+01   0.600000E+01   0.349683E+05   0.263074E+06   0.194275E+03  -0.999900E+04  -0.999900E+04  -0.999900E+04  -0.999900E+04   0.194275E+03  -0.999900E+04  -0.999900E+04  -0.999900E+04  -0.999900E+04   0.194409E+03   0.946394E+02   0.835160E+00   0.259558E+02   0.150000E+02  -0.133756E+00  -0.999900E+04  -0.999900E+04  -0.999900E+04  -0.999900E+04  -0.926820E+00  -0.999900E+04  -0.999900E+04  -0.999900E+04  -0.999900E+04
   0.100000E+01   0.600000E+01   0.350340E+05   0.263082E+06   0.100000E+01   0.600000E+01   0.350340E+05   0.263082E+06   0.194222E+03  -0.999900E+04  -0.999900E+04  -0.999900E+04  -0.999900E+04   0.194222E+03  -0.999900E+04  -0.999900E+04  -0.999900E+04  -0.999900E+04   0.194353E+03   0.946376E+02   0.920921E+00   0.256067E+02   0.150000E+02  -0.130390E+00  -0.999900E+04  -0.999900E+04  -0.999900E+04  -0.999900E+04  -0.903497E+00  -0.999900E+04  -0.999900E+04  -0.999900E+04  -0.999900E+04
   0.100000E+01   0.600000E+01   0.351540E+05   0.263112E+06   0.100000E+01   0.600000E+01   0.351540E+05   0.263112E+06   0.194127E+03  -0.999900E+04  -0.999900E+04  -0.999900E+04  -0.999900E+04   0.194127E+03  -0.999900E+04  -0.999900E+04  -0.999900E+04  -0.999900E+04   0.194242E+03   0.946355E+02   0.964532E+00   0.252499E+02   0.150000E+02  -0.114272E+00  -0.999900E+04  -0.999900E+04  -0.999900E+04  -0.999900E+04  -0.791816E+00  -0.999900E+04  -0.999900E+04  -0.999900E+04  -0.999900E+04
   0.100000E+01   0.600000E+01   0.352740E+05   0.263155E+06   0.100000E+01   0.600000E+01   0.352740E+05   0.263155E+06   0.193945E+03  -0.999900E+04  -0.999900E+04  -0.999900E+04  -0.999900E+04   0.193945E+03  -0.999900E+04  -0.999900E+04  -0.999900E+04  -0.999900E+04   0.194124E+03   0.946342E+02   0.940280E+00   0.248856E+02   0.150000E+02  -0.179241E+00  -0.999900E+04  -0.999900E+04  -0.999900E+04  -0.999900E+04  -0.124200E+01  -0.999900E+04  -0.999900E+04  -0.999900E+04  -0.999900E+04
   0.100000E+01   0.600000E+01   0.353940E+05   0.263185E+06   0.100000E+01   0.600000E+01   0.353940E+05   0.263185E+06   0.193885E+03  -0.999900E+04  -0.999900E+04  -0.999900E+04  -0.999900E+04   0.193885E+03  -0.999900E+04  -0.999900E+04  -0.999900E+04  -0.999900E+04   0.194021E+03   0.946323E+02   0.843857E+00   0.241356E+02   0.150000E+02  -0.136377E+00  -0.999900E+04  -0.999900E+04  -0.999900E+04  -0.999900E+04  -0.944985E+00  -0.999900E+04  -0.999900E+04  -0.999900E+04  -0.999900E+04
   0.100000E+01   0.600000E+01   0.355140E+05   0.263208E+06   0.100000E+01   0.600000E+01   0.355140E+05   0.263208E+06   0.193808E+03  -0.999900E+04  -0.999900E+04  -0.999900E+04  -0.999900E+04   0.193808E+03  -0.999900E+04  -0.999900E+04  -0.999900E+04  -0.999900E+04   0.193950E+03   0.946298E+02   0.711830E+00   0.237502E+02   0.150000E+02  -0.142281E+00  -0.999900E+04  -0.999900E+04  -0.999900E+04  -0.999900E+04  -0.985892E+00  -0.999900E+04  -0.999900E+04  -0.999900E+04  -0.999900E+04
   0.100000E+01   0.600000E+01   0.356210E+05   0.263250E+06   0.100000E+01   0.600000E+01   0.356210E+05   0.263250E+06   0.193740E+03  -0.999900E+04  -0.999900E+04  -0.999900E+04  -0.999900E+04   0.193740E+03  -0.999900E+04  -0.999900E+04  -0.999900E+04  -0.999900E+04   0.193872E+03   0.946285E+02   0.762614E+00   0.233583E+02   0.150000E+02  -0.132086E+00  -0.999900E+04  -0.999900E+04  -0.999900E+04  -0.999900E+04  -0.915247E+00  -0.999900E+04  -0.999900E+04  -0.999900E+04  -0.999900E+04
   0.100000E+01   0.600000E+01   0.357280E+05   0.263460E+06   0.100000E+01   0.600000E+01   0.357280E+05   0.263460E+06   0.193630E+03  -0.999900E+04  -0.999900E+04  -0.999900E+04  -0.999900E+04   0.193630E+03  -0.999900E+04  -0.999900E+04  -0.999900E+04  -0.999900E+04   0.193730E+03   0.946351E+02   0.900209E+00   0.229601E+02   0.150000E+02  -0.100348E+00  -0.999900E+04  -0.999900E+04  -0.999900E+04  -0.999900E+04  -0.695332E+00  -0.999900E+04  -0.999900E+04  -0.999900E+04  -0.999900E+04
   0.100000E+01   0.600000E+01   0.358457E+05   0.263483E+06   0.100000E+01   0.600000E+01   0.358457E+05   0.263483E+06   0.193398E+03  -0.999900E+04  -0.999900E+04  -0.999900E+04  -0.999900E+04   0.193398E+03  -0.999900E+04  -0.999900E+04  -0.999900E+04  -0.999900E+04   0.193516E+03   0.946323E+02   0.920123E+00   0.225557E+02   0.150000E+02  -0.118669E+00  -0.999900E+04  -0.999900E+04  -0.999900E+04  -0.999900E+04  -0.822282E+00  -0.999900E+04  -0.999900E+04  -0.999900E+04  -0.999900E+04
   0.100000E+01   0.600000E+01   0.359633E+05   0.263515E+06   0.100000E+01   0.600000E+01   0.359633E+05   0.263515E+06   0.193155E+03  -0.999900E+04  -0.999900E+04  -0.999900E+04  -0.999900E+04   0.193155E+03  -0.999900E+04  -0.999900E+04  -0.999900E+04  -0.999900E+04   0.193288E+03   0.946300E+02   0.932058E+00   0.217299E+02   0.150000E+02  -0.132950E+00  -0.999900E+04  -0.999900E+04  -0.999900E+04  -0.999900E+04  -0.921239E+00  -0.999900E+04  -0.999900E+04  -0.999900E+04  -0.999900E+04
   0.100000E+01   0.600000E+01   0.360810E+05   0.263552E+06   0.100000E+01   0.600000E+01   0.360810E+05   0.263552E+06   0.192933E+03  -0.999900E+04  -0.999900E+04  -0.999900E+04  -0.999900E+04   0.192933E+03  -0.999900E+04  -0.999900E+04  -0.999900E+04  -0.999900E+04   0.193015E+03   0.946283E+02   0.100440E+01   0.213089E+02   0.150000E+02  -0.825838E-01  -0.999900E+04  -0.999900E+04  -0.999900E+04  -0.999900E+04  -0.572240E+00  -0.999900E+04  -0.999900E+04  -0.999900E+04  -0.999900E+04
   0.100000E+01   0.600000E+01   0.362130E+05   0.263590E+06   0.100000E+01   0.600000E+01   0.362130E+05   0.263590E+06   0.192570E+03  -0.999900E+04  -0.999900E+04  -0.999900E+04  -0.999900E+04   0.192570E+03  -0.999900E+04  -0.999900E+04  -0.999900E+04  -0.999900E+04   0.192656E+03   0.946254E+02   0.953633E+00   0.208829E+02   0.150000E+02  -0.860735E-01  -0.999900E+04  -0.999900E+04  -0.999900E+04  -0.999900E+04  -0.596420E+00  -0.999900E+04  -0.999900E+04  -0.999900E+04  -0.999900E+04
   0.100000E+01   0.600000E+01   0.362667E+05   0.263605E+06   0.100000E+01   0.600000E+01   0.362667E+05   0.263605E+06   0.192390E+03  -0.999900E+04  -0.999900E+04  -0.999900E+04  -0.999900E+04   0.192390E+03  -0.999900E+04  -0.999900E+04  -0.999900E+04  -0.999900E+04   0.192516E+03   0.946239E+02   0.956974E+00   0.204522E+02   0.150000E+02  -0.125571E+00  -0.999900E+04  -0.999900E+04  -0.999900E+04  -0.999900E+04  -0.870107E+00  -0.999900E+04  -0.999900E+04  -0.999900E+04  -0.999900E+04
   0.100000E+01   0.600000E+01   0.363203E+05   0.263620E+06   0.100000E+01   0.600000E+01   0.363203E+05   0.263620E+06   0.192235E+03  -0.999900E+04  -0.999900E+04  -0.999900E+04  -0.999900E+04   0.192235E+03  -0.999900E+04  -0.999900E+04  -0.999900E+04  -0.999900E+04   0.192429E+03   0.946224E+02   0.843994E+00   0.204522E+02   0.150000E+02  -0.193516E+00  -0.999900E+04  -0.999900E+04  -0.999900E+04  -0.999900E+04  -0.134091E+01  -0.999900E+04  -0.999900E+04  -0.999900E+04  -0.999900E+04
   0.100000E+01   0.600000E+01   0.363740E+05   0.263650E+06   0.100000E+01   0.600000E+01   0.363740E+05   0.263650E+06   0.192125E+03  -0.999900E+04  -0.999900E+04  -0.999900E+04  -0.999900E+04   0.192125E+03  -0.999900E+04  -0.999900E+04  -0.999900E+04  -0.999900E+04   0.192378E+03   0.946218E+02   0.748453E+00   0.200171E+02   0.150000E+02  -0.253108E+00  -0.999900E+04  -0.999900E+04  -0.999900E+04  -0.999900E+04  -0.175383E+01  -0.999900E+04  -0.999900E+04  -0.999900E+04  -0.999900E+04
   0.100000E+01   0.600000E+01   0.364275E+05   0.263675E+06   0.100000E+01   0.600000E+01   0.364275E+05   0.263675E+06   0.192143E+03  -0.999900E+04  -0.999900E+04  -0.999900E+04  -0.999900E+04   0.192143E+03  -0.999900E+04  -0.999900E+04  -0.999900E+04  -0.999900E+04   0.192278E+03   0.946212E+02   0.103454E+01   0.200171E+02   0.150000E+02  -0.135154E+00  -0.999900E+04  -0.999900E+04  -0.999900E+04  -0.999900E+04  -0.936509E+00  -0.999900E+04  -0.999900E+04  -0.999900E+04  -0.999900E+04
   0.100000E+01   0.600000E+01   0.364810E+05   0.263685E+06   0.100000E+01   0.600000E+01   0.364810E+05   0.263685E+06   0.192070E+03  -0.999900E+04  -0.999900E+04  -0.999900E+04  -0.999900E+04   0.192070E+03  -0.999900E+04  -0.999900E+04  -0.999900E+04  -0.999900E+04   0.192193E+03   0.946197E+02   0.866946E+00   0.195779E+02   0.150000E+02  -0.122826E+00  -0.999900E+04  -0.999900E+04  -0.999900E+04  -0.999900E+04  -0.851089E+00  -0.999900E+04  -0.999900E+04  -0.999900E+04  -0.999900E+04
   0.100000E+01   0.600000E+01   0.365925E+05   0.263727E+06   0.100000E+01   0.600000E+01   0.365925E+05   0.263727E+06   0.191730E+03  -0.999900E+04  -0.999900E+04  -0.999900E+04  -0.999900E+04   0.191730E+03  -0.999900E+04  -0.999900E+04  -0.999900E+04  -0.999900E+04   0.192006E+03   0.946175E+02   0.903044E+00   0.191349E+02   0.150000E+02  -0.275665E+00  -0.999900E+04  -0.999900E+04  -0.999900E+04  -0.999900E+04  -0.191014E+01  -0.999900E+04  -0.999900E+04  -0.999900E+04  -0.999900E+04
   0.100000E+01   0.600000E+01   0.367040E+05   0.263752E+06   0.100000E+01   0.600000E+01   0.367040E+05   0.263752E+06   0.191655E+03  -0.999900E+04  -0.999900E+04  -0.999900E+04  -0.999900E+04   0.191655E+03  -0.999900E+04  -0.999900E+04  -0.999900E+04  -0.999900E+04   0.191884E+03   0.946146E+02   0.726253E+00   0.186884E+02   0.150000E+02  -0.228834E+00  -0.999900E+04  -0.999900E+04  -0.999900E+04  -0.999900E+04  -0.158564E+01  -0.999900E+04  -0.999900E+04  -0.999900E+04  -0.999900E+04
   0.100000E+01   0.600000E+01   0.367765E+05   0.263783E+06   0.100000E+01   0.600000E+01   0.367765E+05   0.263783E+06   0.191610E+03  -0.999900E+04  -0.999900E+04  -0.999900E+04  -0.999900E+04   0.191610E+03  -0.999900E+04  -0.999900E+04  -0.999900E+04  -0.999900E+04   0.191814E+03   0.946135E+02   0.750377E+00   0.182387E+02   0.150000E+02  -0.204212E+00  -0.999900E+04  -0.999900E+04  -0.999900E+04  -0.999900E+04  -0.141503E+01  -0.999900E+04  -0.999900E+04  -0.999900E+04  -0.999900E+04
   0.100000E+01   0.600000E+01   0.368490E+05   0.263796E+06   0.100000E+01   0.600000E+01   0.368490E+05   0.263796E+06   0.191575E+03  -0.999900E+04  -0.999900E+04  -0.999900E+04  -0.999900E+04   0.191575E+03  -0.999900E+04  -0.999900E+04  -0.999900E+04  -0.999900E+04   0.191749E+03   0.946116E+02   0.693560E+00   0.177863E+02   0.150000E+02  -0.173763E+00  -0.999900E+04  -0.999900E+04  -0.999900E+04  -0.999900E+04  -0.120403E+01  -0.999900E+04  -0.999900E+04  -0.999900E+04  -0.999900E+04
   0.100000E+01   0.600000E+01   0.369440E+05   0.263831E+06   0.100000E+01   0.600000E+01   0.369440E+05   0.263831E+06   0.191438E+03  -0.999900E+04  -0.999900E+04  -0.999900E+04  -0.999900E+04   0.191438E+03  -0.999900E+04  -0.999900E+04  -0.999900E+04  -0.999900E+04   0.191587E+03   0.946094E+02   0.857634E+00   0.173313E+02   0.150000E+02  -0.149834E+00  -0.999900E+04  -0.999900E+04  -0.999900E+04  -0.999900E+04  -0.103823E+01  -0.999900E+04  -0.999900E+04  -0.999900E+04  -0.999900E+04
   0.100000E+01   0.600000E+01   0.370035E+05   0.263848E+06   0.100000E+01   0.600000E+01   0.370035E+05   0.263848E+06   0.191130E+03  -0.999900E+04  -0.999900E+04  -0.999900E+04  -0.999900E+04   0.191130E+03  -0.999900E+04  -0.999900E+04  -0.999900E+04  -0.999900E+04   0.191392E+03   0.946077E+02   0.107216E+01   0.173313E+02   0.150000E+02  -0.262497E+00  -0.999900E+04  -0.999900E+04  -0.999900E+04  -0.999900E+04  -0.181889E+01  -0.999900E+04  -0.999900E+04  -0.999900E+04  -0.999900E+04
   0.100000E+01   0.600000E+01   0.370630E+05   0.263863E+06   0.100000E+01   0.600000E+01   0.370630E+05   0.263863E+06   0.190850E+03  -0.999900E+04  -0.999900E+04  -0.999900E+04  -0.999900E+04   0.190850E+03  -0.999900E+04  -0.999900E+04  -0.999900E+04  -0.999900E+04   0.191191E+03   0.946060E+02   0.102052E+01   0.168743E+02   0.150000E+02  -0.341016E+00  -0.999900E+04  -0.999900E+04  -0.999900E+04  -0.999900E+04  -0.236297E+01  -0.999900E+04  -0.999900E+04  -0.999900E+04  -0.999900E+04
   0.100000E+01   0.600000E+01   0.371155E+05   0.263876E+06   0.100000E+01   0.600000E+01   0.371155E+05   0.263876E+06   0.190760E+03  -0.999900E+04  -0.999900E+04  -0.999900E+04  -0.999900E+04   0.190760E+03  -0.999900E+04  -0.999900E+04  -0.999900E+04  -0.999900E+04   0.190963E+03   0.946045E+02   0.117581E+01   0.164155E+02   0.150000E+02  -0.203105E+00  -0.999900E+04  -0.999900E+04  -0.999900E+04  -0.999900E+04  -0.140736E+01  -0.999900E+04  -0.999900E+04  -0.999900E+04  -0.999900E+04
   0.100000E+01   0.600000E+01   0.371680E+05   0.263888E+06   0.100000E+01   0.600000E+01   0.371680E+05   0.263888E+06   0.190688E+03  -0.999900E+04  -0.999900E+04  -0.999900E+04  -0.999900E+04   0.190688E+03  -0.999900E+04  -0.999900E+04  -0.999900E+04  -0.999900E+04   0.190658E+03   0.946034E+02   0.135956E+01   0.164155E+02   0.150000E+02   0.291803E-01  -0.999900E+04  -0.999900E+04  -0.999900E+04  -0.999900E+04   0.202196E+00  -0.999900E+04  -0.999900E+04  -0.999900E+04  -0.999900E+04
   0.100000E+01   0.600000E+01   0.372150E+05   0.263891E+06   0.100000E+01   0.600000E+01   0.372150E+05   0.263891E+06   0.190655E+03  -0.999900E+04  -0.999900E+04  -0.999900E+04  -0.999900E+04   0.190655E+03  -0.999900E+04  -0.999900E+04  -0.999900E+04  -0.999900E+04   0.190464E+03   0.946020E+02   0.109604E+01   0.159554E+02   0.150000E+02   0.191493E+00  -0.999900E+04  -0.999900E+04  -0.999900E+04  -0.999900E+04   0.132690E+01  -0.999900E+04  -0.999900E+04  -0.999900E+04  -0.999900E+04
   0.100000E+01   0.600000E+01   0.372610E+05   0.263921E+06   0.100000E+01   0.600000E+01   0.372610E+05   0.263921E+06   0.190645E+03  -0.999900E+04  -0.999900E+04  -0.999900E+04  -0.999900E+04   0.190645E+03  -0.999900E+04  -0.999900E+04  -0.999900E+04  -0.999900E+04   0.190212E+03   0.946017E+02   0.125051E+01   0.159554E+02   0.150000E+02   0.432590E+00  -0.999900E+04  -0.999900E+04  -0.999900E+04  -0.999900E+04   0.299750E+01  -0.999900E+04  -0.999900E+04  -0.999900E+04  -0.999900E+04
   0.100000E+01   0.600000E+01   0.372900E+05   0.263931E+06   0.100000E+01   0.600000E+01   0.372900E+05   0.263931E+06   0.190662E+03  -0.999900E+04  -0.999900E+04  -0.999900E+04  -0.999900E+04   0.190662E+03  -0.999900E+04  -0.999900E+04  -0.999900E+04  -0.999900E+04   0.190118E+03   0.946012E+02   0.109564E+01   0.159554E+02   0.150000E+02   0.544825E+00  -0.999900E+04  -0.999900E+04  -0.999900E+04  -0.999900E+04   0.377520E+01  -0.999900E+04  -0.999900E+04  -0.999900E+04  -0.999900E+04
   0.100000E+01   0.600000E+01   0.373280E+05   0.263953E+06   0.100000E+01   0.600000E+01   0.373280E+05   0.263953E+06   0.190625E+03  -0.999900E+04  -0.999900E+04  -0.999900E+04  -0.999900E+04   0.190625E+03  -0.999900E+04  -0.999900E+04  -0.999900E+04  -0.999900E+04   0.189994E+03   0.946010E+02   0.892699E+00   0.154942E+02   0.150000E+02   0.631474E+00  -0.999900E+04  -0.999900E+04  -0.999900E+04  -0.999900E+04   0.437560E+01  -0.999900E+04  -0.999900E+04  -0.999900E+04  -0.999900E+04
   0.100000E+01   0.600000E+01   0.373990E+05   0.263961E+06   0.100000E+01   0.600000E+01   0.373990E+05   0.263961E+06   0.190560E+03  -0.999900E+04  -0.999900E+04  -0.999900E+04  -0.999900E+04   0.190560E+03  -0.999900E+04  -0.999900E+04  -0.999900E+04  -0.999900E+04   0.189891E+03   0.945993E+02   0.785355E+00   0.150324E+02   0.150000E+02   0.669450E+00  -0.999900E+04  -0.999900E+04  -0.999900E+04  -0.999900E+04   0.463875E+01  -0.999900E+04  -0.999900E+04  -0.999900E+04  -0.999900E+04
   0.100000E+01   0.600000E+01   0.374440E+05   0.263983E+06   0.100000E+01   0.600000E+01   0.374440E+05   0.263983E+06   0.190455E+03  -0.999900E+04  -0.999900E+04  -0.999900E+04  -0.999900E+04   0.190455E+03  -0.999900E+04  -0.999900E+04  -0.999900E+04  -0.999900E+04   0.189825E+03   0.945991E+02   0.717324E+00   0.150324E+02   0.150000E+02   0.629704E+00  -0.999900E+04  -0.999900E+04  -0.999900E+04  -0.999900E+04   0.436334E+01  -0.999900E+04  -0.999900E+04  -0.999900E+04  -0.999900E+04
   0.200000E+01   0.300000E+01   0.270000E+05   0.259200E+06   0.200000E+01   0.300000E+01   0.270000E+05   0.259200E+06   0.182617E+03  -0.999900E+04  -0.999900E+04  -0.999900E+04  -0.999900E+04   0.182617E+03  -0.999900E+04  -0.999900E+04  -0.999900E+04  -0.999900E+04   0.182405E+03   0.686941E+03   0.819083E+00   0.252538E+02   0.200000E+02   0.211486E+00  -0.999900E+04  -0.999900E+04  -0.999900E+04  -0.999900E+04   0.146543E+01  -0.999900E+04  -0.999900E+04  -0.999900E+04  -0.999900E+04
   0.200000E+01   0.300000E+01   0.276000E+05   0.259200E+06   0.200000E+01   0.300000E+01   0.276000E+05   0.259200E+06   0.182620E+03  -0.999900E+04  -0.999900E+04  -0.999900E+04  -0.999900E+04   0.182620E+03  -0.999900E+04  -0.999900E+04  -0.999900E+04  -0.999900E+04   0.182502E+03   0.687132E+03   0.962158E+00   0.271231E+02   0.200000E+02   0.117932E+00  -0.999900E+04  -0.999900E+04  -0.999900E+04  -0.999900E+04   0.817171E+00  -0.999900E+04  -0.999900E+04  -0.999900E+04  -0.999900E+04
   0.200000E+01   0.300000E+01   0.276500E+05   0.259200E+06   0.200000E+01   0.300000E+01   0.276500E+05   0.259200E+06   0.182633E+03  -0.999900E+04  -0.999900E+04  -0.999900E+04  -0.999900E+04   0.182633E+03  -0.999900E+04  -0.999900E+04  -0.999900E+04  -0.999900E+04   0.182511E+03   0.687166E+03   0.971699E+00   0.275904E+02   0.200000E+02   0.122114E+00  -0.999900E+04  -0.999900E+04  -0.999900E+04  -0.999900E+04   0.846150E+00  -0.999900E+04  -0.999900E+04  -0.999900E+04  -0.999900E+04
   0.200000E+01   0.300000E+01   0.277000E+05   0.259200E+06   0.200000E+01   0.300000E+01   0.277000E+05   0.259200E+06   0.182627E+03  -0.999900E+04  -0.999900E+04  -0.999900E+04  -0.999900E+04   0.182627E+03  -0.999900E+04  -0.999900E+04  -0.999900E+04  -0.999900E+04   0.182519E+03   0.687202E+03   0.985224E+00   0.275904E+02   0.200000E+02   0.108030E+00  -0.999900E+04  -0.999900E+04  -0.999900E+04  -0.999900E+04   0.748560E+00  -0.999900E+04  -0.999900E+04  -0.999900E+04  -0.999900E+04
   0.200000E+01   0.300000E+01   0.277500E+05   0.259200E+06   0.200000E+01   0.300000E+01   0.277500E+05   0.259200E+06   0.182634E+03  -0.999900E+04  -0.999900E+04  -0.999900E+04  -0.999900E+04   0.182634E+03  -0.999900E+04  -0.999900E+04  -0.999900E+04  -0.999900E+04   0.182528E+03   0.687239E+03   0.100202E+01   0.275904E+02   0.200000E+02   0.106605E+00  -0.999900E+04  -0.999900E+04  -0.999900E+04  -0.999900E+04   0.738689E+00  -0.999900E+04  -0.999900E+04  -0.999900E+04  -0.999900E+04
   0.200000E+01   0.300000E+01   0.278000E+05   0.259200E+06   0.200000E+01   0.300000E+01   0.278000E+05   0.259200E+06   0.182642E+03  -0.999900E+04  -0.999900E+04  -0.999900E+04  -0.999900E+04   0.182642E+03  -0.999900E+04  -0.999900E+04  -0.999900E+04  -0.999900E+04   0.182536E+03   0.687277E+03   0.102099E+01   0.280577E+02   0.200000E+02   0.106740E+00  -0.999900E+04  -0.999900E+04  -0.999900E+04  -0.999900E+04   0.739624E+00  -0.999900E+04  -0.999900E+04  -0.999900E+04  -0.999900E+04
   0.200000E+01   0.300000E+01   0.279000E+05   0.259200E+06   0.200000E+01   0.300000E+01   0.279000E+05   0.259200E+06   0.182648E+03  -0.999900E+04  -0.999900E+04  -0.999900E+04  -0.999900E+04   0.182648E+03  -0.999900E+04  -0.999900E+04  -0.999900E+04  -0.999900E+04   0.182552E+03   0.687357E+03   0.105739E+01   0.280577E+02   0.200000E+02   0.955743E-01  -0.999900E+04  -0.999900E+04  -0.999900E+04  -0.999900E+04   0.662253E+00  -0.999900E+04  -0.999900E+04  -0.999900E+04  -0.999900E+04
   0.200000E+01   0.300000E+01   0.279500E+05   0.259200E+06   0.200000E+01   0.300000E+01   0.279500E+05   0.259200E+06   0.182655E+03  -0.999900E+04  -0.999900E+04  -0.999900E+04  -0.999900E+04   0.182655E+03  -0.999900E+04  -0.999900E+04  -0.999900E+04  -0.999900E+04   0.182561E+03   0.687398E+03   0.106905E+01   0.285250E+02   0.200000E+02   0.939479E-01  -0.999900E+04  -0.999900E+04  -0.999900E+04  -0.999900E+04   0.650984E+00  -0.999900E+04  -0.999900E+04  -0.999900E+04  -0.999900E+04
   0.200000E+01   0.300000E+01   0.285000E+05   0.259200E+06   0.200000E+01   0.300000E+01   0.285000E+05   0.259200E+06   0.182738E+03  -0.999900E+04  -0.999900E+04  -0.999900E+04  -0.999900E+04   0.182738E+03  -0.999900E+04  -0.999900E+04  -0.999900E+04  -0.999900E+04   0.182693E+03   0.688154E+03   0.109527E+01   0.299270E+02   0.200000E+02   0.445491E-01  -0.999900E+04  -0.999900E+04  -0.999900E+04  -0.999900E+04   0.308689E+00  -0.999900E+04  -0.999900E+04  -0.999900E+04  -0.999900E+04
   0.200000E+01   0.300000E+01   0.286250E+05   0.259200E+06   0.200000E+01   0.300000E+01   0.286250E+05   0.259200E+06   0.182741E+03  -0.999900E+04  -0.999900E+04  -0.999900E+04  -0.999900E+04   0.182741E+03  -0.999900E+04  -0.999900E+04  -0.999900E+04  -0.999900E+04   0.182732E+03   0.688431E+03   0.108223E+01   0.303943E+02   0.200000E+02   0.857813E-02  -0.999900E+04  -0.999900E+04  -0.999900E+04  -0.999900E+04   0.594395E-01  -0.999900E+04  -0.999900E+04  -0.999900E+04  -0.999900E+04
   0.200000E+01   0.300000E+01   0.287500E+05   0.259200E+06   0.200000E+01   0.300000E+01   0.287500E+05   0.259200E+06   0.182750E+03  -0.999900E+04  -0.999900E+04  -0.999900E+04  -0.999900E+04   0.182750E+03  -0.999900E+04  -0.999900E+04  -0.999900E+04  -0.999900E+04   0.182766E+03   0.688722E+03   0.106905E+01   0.308616E+02   0.200000E+02  -0.157354E-01  -0.999900E+04  -0.999900E+04  -0.999900E+04  -0.999900E+04  -0.109033E+00  -0.999900E+04  -0.999900E+04  -0.999900E+04  -0.999900E+04
   0.200000E+01   0.300000E+01   0.288750E+05   0.259200E+06   0.200000E+01   0.300000E+01   0.288750E+05   0.259200E+06   0.182783E+03  -0.999900E+04  -0.999900E+04  -0.999900E+04  -0.999900E+04   0.182783E+03  -0.999900E+04  -0.999900E+04  -0.999900E+04  -0.999900E+04   0.182795E+03   0.689011E+03   0.105285E+01   0.313289E+02   0.200000E+02  -0.121202E-01  -0.999900E+04  -0.999900E+04  -0.999900E+04  -0.999900E+04  -0.839835E-01  -0.999900E+04  -0.999900E+04  -0.999900E+04  -0.999900E+04
   0.200000E+01   0.300000E+01   0.290000E+05   0.259200E+06   0.200000E+01   0.300000E+01   0.290000E+05   0.259200E+06   0.182823E+03  -0.999900E+04  -0.999900E+04  -0.999900E+04  -0.999900E+04   0.182823E+03  -0.999900E+04  -0.999900E+04  -0.999900E+04  -0.999900E+04   0.182819E+03   0.689296E+03   0.104092E+01   0.317962E+02   0.200000E+02   0.397251E-02  -0.999900E+04  -0.999900E+04  -0.999900E+04  -0.999900E+04   0.275263E-01  -0.999900E+04  -0.999900E+04  -0.999900E+04  -0.999900E+04
   0.200000E+01   0.300000E+01   0.291250E+05   0.259200E+06   0.200000E+01   0.300000E+01   0.291250E+05   0.259200E+06   0.182872E+03  -0.999900E+04  -0.999900E+04  -0.999900E+04  -0.999900E+04   0.182872E+03  -0.999900E+04  -0.999900E+04  -0.999900E+04  -0.999900E+04   0.182837E+03   0.689602E+03   0.111525E+01   0.322635E+02   0.200000E+02   0.356080E-01  -0.999900E+04  -0.999900E+04  -0.999900E+04  -0.999900E+04   0.246735E+00  -0.999900E+04  -0.999900E+04  -0.999900E+04  -0.999900E+04
   0.200000E+01   0.300000E+01   0.295000E+05   0.259200E+06   0.200000E+01   0.300000E+01   0.295000E+05   0.259200E+06   0.182995E+03  -0.999900E+04  -0.999900E+04  -0.999900E+04  -0.999900E+04   0.182995E+03  -0.999900E+04  -0.999900E+04  -0.999900E+04  -0.999900E+04   0.182973E+03   0.690761E+03   0.127009E+01   0.331982E+02   0.200000E+02   0.225506E-01  -0.999900E+04  -0.999900E+04  -0.999900E+04  -0.999900E+04   0.156257E+00  -0.999900E+04  -0.999900E+04  -0.999900E+04  -0.999900E+04
   0.200000E+01   0.300000E+01   0.305000E+05   0.259200E+06   0.200000E+01   0.300000E+01   0.305000E+05   0.259200E+06   0.183182E+03  -0.999900E+04  -0.999900E+04  -0.999900E+04  -0.999900E+04   0.183182E+03  -0.999900E+04  -0.999900E+04  -0.999900E+04  -0.999900E+04   0.183297E+03   0.694671E+03   0.134380E+01   0.364694E+02   0.200000E+02  -0.114799E+00  -0.999900E+04  -0.999900E+04  -0.999900E+04  -0.999900E+04  -0.795463E+00  -0.999900E+04  -0.999900E+04  -0.999900E+04  -0.999900E+04
   0.200000E+01   0.300000E+01   0.305250E+05   0.259200E+06   0.200000E+01   0.300000E+01   0.305250E+05   0.259200E+06   0.183176E+03  -0.999900E+04  -0.999900E+04  -0.999900E+04  -0.999900E+04   0.183176E+03  -0.999900E+04  -0.999900E+04  -0.999900E+04  -0.999900E+04   0.183302E+03   0.694732E+03   0.133970E+01   0.364694E+02   0.200000E+02  -0.126209E+00  -0.999900E+04  -0.999900E+04  -0.999900E+04  -0.999900E+04  -0.874525E+00  -0.999900E+04  -0.999900E+04  -0.999900E+04  -0.999900E+04
   0.200000E+01   0.300000E+01   0.305500E+05   0.259200E+06   0.200000E+01   0.300000E+01   0.305500E+05   0.259200E+06   0.183202E+03  -0.999900E+04  -0.999900E+04  -0.999900E+04  -0.999900E+04   0.183202E+03  -0.999900E+04  -0.999900E+04  -0.999900E+04  -0.999900E+04   0.183308E+03   0.694795E+03   0.133145E+01   0.364694E+02   0.200000E+02  -0.105499E+00  -0.999900E+04  -0.999900E+04  -0.999900E+04  -0.999900E+04  -0.731021E+00  -0.999900E+04  -0.999900E+04  -0.999900E+04  -0.999900E+04
   0.200000E+01   0.300000E+01   0.306000E+05   0.259200E+06   0.200000E+01   0.300000E+01   0.306000E+05   0.259200E+06   0.183228E+03  -0.999900E+04  -0.999900E+04  -0.999900E+04  -0.999900E+04   0.183228E+03  -0.999900E+04  -0.999900E+04  -0.999900E+04  -0.999900E+04   0.183320E+03   0.694927E+03   0.131186E+01   0.369367E+02   0.200000E+02  -0.919209E-01  -0.999900E+04  -0.999900E+04  -0.999900E+04  -0.999900E+04  -0.636938E+00  -0.999900E+04  -0.999900E+04  -0.999900E+04  -0.999900E+04
   0.200000E+01   0.300000E+01   0.306500E+05   0.259200E+06   0.200000E+01   0.300000E+01   0.306500E+05   0.259200E+06   0.183220E+03  -0.999900E+04  -0.999900E+04  -0.999900E+04  -0.999900E+04   0.183220E+03  -0.999900E+04  -0.999900E+04  -0.999900E+04  -0.999900E+04   0.183332E+03   0.695073E+03   0.129981E+01   0.369367E+02   0.200000E+02  -0.111709E+00  -0.999900E+04  -0.999900E+04  -0.999900E+04  -0.999900E+04  -0.774055E+00  -0.999900E+04  -0.999900E+04  -0.999900E+04  -0.999900E+04
   0.200000E+01   0.300000E+01   0.307250E+05   0.259200E+06   0.200000E+01   0.300000E+01   0.307250E+05   0.259200E+06   0.183234E+03  -0.999900E+04  -0.999900E+04  -0.999900E+04  -0.999900E+04   0.183234E+03  -0.999900E+04  -0.999900E+04  -0.999900E+04  -0.999900E+04   0.183348E+03   0.695316E+03   0.129957E+01   0.374040E+02   0.200000E+02  -0.113882E+00  -0.999900E+04  -0.999900E+04  -0.999900E+04  -0.999900E+04  -0.789110E+00  -0.999900E+04  -0.999900E+04  -0.999900E+04  -0.999900E+04
   0.200000E+01   0.300000E+01   0.307500E+05   0.259200E+06   0.200000E+01   0.300000E+01   0.307500E+05   0.259200E+06   0.183231E+03  -0.999900E+04  -0.999900E+04  -0.999900E+04  -0.999900E+04   0.183231E+03  -0.999900E+04  -0.999900E+04  -0.999900E+04  -0.999900E+04   0.183354E+03   0.695401E+03   0.129882E+01   0.374040E+02   0.200000E+02  -0.123519E+00  -0.999900E+04  -0.999900E+04  -0.999900E+04  -0.999900E+04  -0.855889E+00  -0.999900E+04  -0.999900E+04  -0.999900E+04  -0.999900E+04
   0.200000E+01   0.300000E+01   0.310000E+05   0.259200E+06   0.200000E+01   0.300000E+01   0.310000E+05   0.259200E+06   0.183300E+03  -0.999900E+04  -0.999900E+04  -0.999900E+04  -0.999900E+04   0.183300E+03  -0.999900E+04  -0.999900E+04  -0.999900E+04  -0.999900E+04   0.183417E+03   0.696227E+03   0.141154E+01   0.383386E+02   0.200000E+02  -0.116309E+00  -0.999900E+04  -0.999900E+04  -0.999900E+04  -0.999900E+04  -0.805929E+00  -0.999900E+04  -0.999900E+04  -0.999900E+04  -0.999900E+04
   0.200000E+01   0.300000E+01   0.313500E+05   0.259200E+06   0.200000E+01   0.300000E+01   0.313500E+05   0.259200E+06   0.183382E+03  -0.999900E+04  -0.999900E+04  -0.999900E+04  -0.999900E+04   0.183382E+03  -0.999900E+04  -0.999900E+04  -0.999900E+04  -0.999900E+04   0.183474E+03   0.697250E+03   0.167109E+01   0.392733E+02   0.200000E+02  -0.928415E-01  -0.999900E+04  -0.999900E+04  -0.999900E+04  -0.999900E+04  -0.643317E+00  -0.999900E+04  -0.999900E+04  -0.999900E+04  -0.999900E+04
   0.200000E+01   0.300000E+01   0.314000E+05   0.259200E+06   0.200000E+01   0.300000E+01   0.314000E+05   0.259200E+06   0.183412E+03  -0.999900E+04  -0.999900E+04  -0.999900E+04  -0.999900E+04   0.183412E+03  -0.999900E+04  -0.999900E+04  -0.999900E+04  -0.999900E+04   0.183470E+03   0.697398E+03   0.181054E+01   0.392733E+02   0.200000E+02  -0.576860E-01  -0.999900E+04  -0.999900E+04  -0.999900E+04  -0.999900E+04  -0.399717E+00  -0.999900E+04  -0.999900E+04  -0.999900E+04  -0.999900E+04
   0.200000E+01   0.300000E+01   0.314500E+05   0.259200E+06   0.200000E+01   0.300000E+01   0.314500E+05   0.259200E+06   0.183470E+03  -0.999900E+04  -0.999900E+04  -0.999900E+04  -0.999900E+04   0.183470E+03  -0.999900E+04  -0.999900E+04  -0.999900E+04  -0.999900E+04   0.183468E+03   0.697548E+03   0.196093E+01   0.397406E+02   0.200000E+02   0.204863E-02  -0.999900E+04  -0.999900E+04  -0.999900E+04  -0.999900E+04   0.141954E-01  -0.999900E+04  -0.999900E+04  -0.999900E+04  -0.999900E+04
   0.200000E+01   0.300000E+01   0.316250E+05   0.259200E+06   0.200000E+01   0.300000E+01   0.316250E+05   0.259200E+06   0.183492E+03  -0.999900E+04  -0.999900E+04  -0.999900E+04  -0.999900E+04   0.183492E+03  -0.999900E+04  -0.999900E+04  -0.999900E+04  -0.999900E+04   0.183578E+03   0.698109E+03   0.199123E+01   0.402079E+02   0.200000E+02  -0.855062E-01  -0.999900E+04  -0.999900E+04  -0.999900E+04  -0.999900E+04  -0.592489E+00  -0.999900E+04  -0.999900E+04  -0.999900E+04  -0.999900E+04
   0.200000E+01   0.300000E+01   0.317500E+05   0.259200E+06   0.200000E+01   0.300000E+01   0.317500E+05   0.259200E+06   0.183515E+03  -0.999900E+04  -0.999900E+04  -0.999900E+04  -0.999900E+04   0.183515E+03  -0.999900E+04  -0.999900E+04  -0.999900E+04  -0.999900E+04   0.183675E+03   0.698567E+03   0.192576E+01   0.406752E+02   0.200000E+02  -0.159522E+00  -0.999900E+04  -0.999900E+04  -0.999900E+04  -0.999900E+04  -0.110536E+01  -0.999900E+04  -0.999900E+04  -0.999900E+04  -0.999900E+04
   0.200000E+01   0.300000E+01   0.318750E+05   0.259200E+06   0.200000E+01   0.300000E+01   0.318750E+05   0.259200E+06   0.183702E+03  -0.999900E+04  -0.999900E+04  -0.999900E+04  -0.999900E+04   0.183702E+03  -0.999900E+04  -0.999900E+04  -0.999900E+04  -0.999900E+04   0.183741E+03   0.699033E+03   0.199877E+01   0.411425E+02   0.200000E+02  -0.384295E-01  -0.999900E+04  -0.999900E+04  -0.999900E+04  -0.999900E+04  -0.266285E+00  -0.999900E+04  -0.999900E+04  -0.999900E+04  -0.999900E+04
   0.200000E+01   0.300000E+01   0.320000E+05   0.259200E+06   0.200000E+01   0.300000E+01   0.320000E+05   0.259200E+06   0.183876E+03  -0.999900E+04  -0.999900E+04  -0.999900E+04  -0.999900E+04   0.183876E+03  -0.999900E+04  -0.999900E+04  -0.999900E+04  -0.999900E+04   0.183819E+03   0.699463E+03   0.199693E+01   0.411425E+02   0.200000E+02   0.571488E-01  -0.999900E+04  -0.999900E+04  -0.999900E+04  -0.999900E+04   0.395995E+00  -0.999900E+04  -0.999900E+04  -0.999900E+04  -0.999900E+04
   0.200000E+01   0.300000E+01   0.321250E+05   0.259200E+06   0.200000E+01   0.300000E+01   0.321250E+05   0.259200E+06   0.183926E+03  -0.999900E+04  -0.999900E+04  -0.999900E+04  -0.999900E+04   0.183926E+03  -0.999900E+04  -0.999900E+04  -0.999900E+04  -0.999900E+04   0.183854E+03   0.699883E+03   0.221284E+01   0.416099E+02   0.200000E+02   0.716961E-01  -0.999900E+04  -0.999900E+04  -0.999900E+04  -0.999900E+04   0.496796E+00  -0.999900E+04  -0.999900E+04  -0.999900E+04  -0.999900E+04
   0.200000E+01   0.300000E+01   0.323750E+05   0.259200E+06   0.200000E+01   0.300000E+01   0.323750E+05   0.259200E+06   0.184131E+03  -0.999900E+04  -0.999900E+04  -0.999900E+04  -0.999900E+04   0.184131E+03  -0.999900E+04  -0.999900E+04  -0.999900E+04  -0.999900E+04   0.184082E+03   0.700736E+03   0.219106E+01   0.425445E+02   0.200000E+02   0.489655E-01  -0.999900E+04  -0.999900E+04  -0.999900E+04  -0.999900E+04   0.339291E+00  -0.999900E+04  -0.999900E+04  -0.999900E+04  -0.999900E+04
   0.200000E+01   0.300000E+01   0.325000E+05   0.259200E+06   0.200000E+01   0.300000E+01   0.325000E+05   0.259200E+06   0.184208E+03  -0.999900E+04  -0.999900E+04  -0.999900E+04  -0.999900E+04   0.184208E+03  -0.999900E+04  -0.999900E+04  -0.999900E+04  -0.999900E+04   0.184240E+03   0.701221E+03   0.172846E+01   0.430118E+02   0.200000E+02  -0.313393E-01  -0.999900E+04  -0.999900E+04  -0.999900E+04  -0.999900E+04  -0.217156E+00  -0.999900E+04  -0.999900E+04  -0.999900E+04  -0.999900E+04
   0.200000E+01   0.300000E+01   0.326250E+05   0.259200E+06   0.200000E+01   0.300000E+01   0.326250E+05   0.259200E+06   0.184345E+03  -0.999900E+04  -0.999900E+04  -0.999900E+04  -0.999900E+04   0.184345E+03  -0.999900E+04  -0.999900E+04  -0.999900E+04  -0.999900E+04   0.184255E+03   0.701734E+03   0.194050E+01   0.434791E+02   0.200000E+02   0.895510E-01  -0.999900E+04  -0.999900E+04  -0.999900E+04  -0.999900E+04   0.620516E+00  -0.999900E+04  -0.999900E+04  -0.999900E+04  -0.999900E+04
   0.200000E+01   0.300000E+01   0.327500E+05   0.259200E+06   0.200000E+01   0.300000E+01   0.327500E+05   0.259200E+06   0.184560E+03  -0.999900E+04  -0.999900E+04  -0.999900E+04  -0.999900E+04   0.184560E+03  -0.999900E+04  -0.999900E+04  -0.999900E+04  -0.999900E+04   0.184312E+03   0.702268E+03   0.207105E+01   0.439464E+02   0.200000E+02   0.247951E+00  -0.999900E+04  -0.999900E+04  -0.999900E+04  -0.999900E+04   0.171810E+01  -0.999900E+04  -0.999900E+04  -0.999900E+04  -0.999900E+04
   0.200000E+01   0.300000E+01   0.331250E+05   0.259200E+06   0.200000E+01   0.300000E+01   0.331250E+05   0.259200E+06   0.184730E+03  -0.999900E+04  -0.999900E+04  -0.999900E+04  -0.999900E+04   0.184730E+03  -0.999900E+04  -0.999900E+04  -0.999900E+04  -0.999900E+04   0.184549E+03   0.704083E+03   0.199659E+01   0.448811E+02   0.200000E+02   0.180412E+00  -0.999900E+04  -0.999900E+04  -0.999900E+04  -0.999900E+04   0.125011E+01  -0.999900E+04  -0.999900E+04  -0.999900E+04  -0.999900E+04
   0.200000E+01   0.300000E+01   0.333000E+05   0.259200E+06   0.200000E+01   0.300000E+01   0.333000E+05   0.259200E+06   0.184773E+03  -0.999900E+04  -0.999900E+04  -0.999900E+04  -0.999900E+04   0.184773E+03  -0.999900E+04  -0.999900E+04  -0.999900E+04  -0.999900E+04   0.184624E+03   0.704791E+03   0.234091E+01   0.453484E+02   0.200000E+02   0.148685E+00  -0.999900E+04  -0.999900E+04  -0.999900E+04  -0.999900E+04   0.103027E+01  -0.999900E+04  -0.999900E+04  -0.999900E+04  -0.999900E+04
   0.200000E+01   0.300000E+01   0.334000E+05   0.259200E+06   0.200000E+01   0.300000E+01   0.334000E+05   0.259200E+06   0.184860E+03  -0.999900E+04  -0.999900E+04  -0.999900E+04  -0.999900E+04   0.184860E+03  -0.999900E+04  -0.999900E+04  -0.999900E+04  -0.999900E+04   0.184728E+03   0.705161E+03   0.223971E+01   0.458157E+02   0.200000E+02   0.132139E+00  -0.999900E+04  -0.999900E+04  -0.999900E+04  -0.999900E+04   0.915616E+00  -0.999900E+04  -0.999900E+04  -0.999900E+04  -0.999900E+04
   0.200000E+01   0.300000E+01   0.336250E+05   0.259200E+06   0.200000E+01   0.300000E+01   0.336250E+05   0.259200E+06   0.184994E+03  -0.999900E+04  -0.999900E+04  -0.999900E+04  -0.999900E+04   0.184994E+03  -0.999900E+04  -0.999900E+04  -0.999900E+04  -0.999900E+04   0.184878E+03   0.705995E+03   0.220566E+01   0.467503E+02   0.200000E+02   0.115711E+00  -0.999900E+04  -0.999900E+04  -0.999900E+04  -0.999900E+04   0.801784E+00  -0.999900E+04  -0.999900E+04  -0.999900E+04  -0.999900E+04
   0.200000E+01   0.300000E+01   0.337500E+05   0.259200E+06   0.200000E+01   0.300000E+01   0.337500E+05   0.259200E+06   0.185105E+03  -0.999900E+04  -0.999900E+04  -0.999900E+04  -0.999900E+04   0.185105E+03  -0.999900E+04  -0.999900E+04  -0.999900E+04  -0.999900E+04   0.184912E+03   0.706475E+03   0.248901E+01   0.467503E+02   0.200000E+02   0.192645E+00  -0.999900E+04  -0.999900E+04  -0.999900E+04  -0.999900E+04   0.133487E+01  -0.999900E+04  -0.999900E+04  -0.999900E+04  -0.999900E+04
   0.200000E+01   0.300000E+01   0.338750E+05   0.259200E+06   0.200000E+01   0.300000E+01   0.338750E+05   0.259200E+06   0.185220E+03  -0.999900E+04  -0.999900E+04  -0.999900E+04  -0.999900E+04   0.185220E+03  -0.999900E+04  -0.999900E+04  -0.999900E+04  -0.999900E+04   0.184977E+03   0.706959E+03   0.283849E+01   0.472176E+02   0.200000E+02   0.243546E+00  -0.999900E+04  -0.999900E+04  -0.999900E+04  -0.999900E+04   0.168758E+01  -0.999900E+04  -0.999900E+04  -0.999900E+04  -0.999900E+04
   0.200000E+01   0.300000E+01   0.342000E+05   0.259200E+06   0.200000E+01   0.300000E+01   0.342000E+05   0.259200E+06   0.185304E+03  -0.999900E+04  -0.999900E+04  -0.999900E+04  -0.999900E+04   0.185304E+03  -0.999900E+04  -0.999900E+04  -0.999900E+04  -0.999900E+04   0.185521E+03   0.708009E+03   0.212280E+01   0.481523E+02   0.200000E+02  -0.217832E+00  -0.999900E+04  -0.999900E+04  -0.999900E+04  -0.999900E+04  -0.150940E+01  -0.999900E+04  -0.999900E+04  -0.999900E+04  -0.999900E+04
   0.200000E+01   0.300000E+01   0.342500E+05   0.259200E+06   0.200000E+01   0.300000E+01   0.342500E+05   0.259200E+06   0.185312E+03  -0.999900E+04  -0.999900E+04  -0.999900E+04  -0.999900E+04   0.185312E+03  -0.999900E+04  -0.999900E+04  -0.999900E+04  -0.999900E+04   0.185554E+03   0.708139E+03   0.206234E+01   0.486196E+02   0.200000E+02  -0.242576E+00  -0.999900E+04  -0.999900E+04  -0.999900E+04  -0.999900E+04  -0.168085E+01  -0.999900E+04  -0.999900E+04  -0.999900E+04  -0.999900E+04
   0.200000E+01   0.300000E+01   0.343500E+05   0.259200E+06   0.200000E+01   0.300000E+01   0.343500E+05   0.259200E+06   0.185424E+03  -0.999900E+04  -0.999900E+04  -0.999900E+04  -0.999900E+04   0.185424E+03  -0.999900E+04  -0.999900E+04  -0.999900E+04  -0.999900E+04   0.185557E+03   0.708400E+03   0.223860E+01   0.486196E+02   0.200000E+02  -0.133605E+00  -0.999900E+04  -0.999900E+04  -0.999900E+04  -0.999900E+04  -0.925777E+00  -0.999900E+04  -0.999900E+04  -0.999900E+04  -0.999900E+04
   0.200000E+01   0.300000E+01   0.344000E+05   0.259200E+06   0.200000E+01   0.300000E+01   0.344000E+05   0.259200E+06   0.185553E+03  -0.999900E+04  -0.999900E+04  -0.999900E+04  -0.999900E+04   0.185553E+03  -0.999900E+04  -0.999900E+04  -0.999900E+04  -0.999900E+04   0.185543E+03   0.708527E+03   0.241469E+01   0.490869E+02   0.200000E+02   0.100890E-01  -0.999900E+04  -0.999900E+04  -0.999900E+04  -0.999900E+04   0.699088E-01  -0.999900E+04  -0.999900E+04  -0.999900E+04  -0.999900E+04
   0.200000E+01   0.300000E+01   0.344500E+05   0.259200E+06   0.200000E+01   0.300000E+01   0.344500E+05   0.259200E+06   0.185589E+03  -0.999900E+04  -0.999900E+04  -0.999900E+04  -0.999900E+04   0.185589E+03  -0.999900E+04  -0.999900E+04  -0.999900E+04  -0.999900E+04   0.185538E+03   0.708651E+03   0.255897E+01   0.490869E+02   0.200000E+02   0.511310E-01  -0.999900E+04  -0.999900E+04  -0.999900E+04  -0.999900E+04   0.354296E+00  -0.999900E+04  -0.999900E+04  -0.999900E+04  -0.999900E+04
   0.200000E+01   0.200000E+01   0.346250E+05   0.259200E+06   0.200000E+01   0.200000E+01   0.346250E+05   0.259200E+06   0.185713E+03  -0.999900E+04  -0.999900E+04  -0.999900E+04  -0.999900E+04   0.185713E+03  -0.999900E+04  -0.999900E+04  -0.999900E+04  -0.999900E+04   0.185667E+03   0.569807E+03   0.199451E+01   0.410133E+02   0.200000E+02   0.457078E-01  -0.999900E+04  -0.999900E+04  -0.999900E+04  -0.999900E+04   0.316718E+00  -0.999900E+04  -0.999900E+04  -0.999900E+04  -0.999900E+04
   0.200000E+01   0.200000E+01   0.347500E+05   0.259200E+06   0.200000E+01   0.200000E+01   0.347500E+05   0.259200E+06   0.185817E+03  -0.999900E+04  -0.999900E+04  -0.999900E+04  -0.999900E+04   0.185817E+03  -0.999900E+04  -0.999900E+04  -0.999900E+04  -0.999900E+04   0.185772E+03   0.570203E+03   0.189375E+01   0.406992E+02   0.200000E+02   0.456799E-01  -0.999900E+04  -0.999900E+04  -0.999900E+04  -0.999900E+04   0.316525E+00  -0.999900E+04  -0.999900E+04  -0.999900E+04  -0.999900E+04
   0.200000E+01   0.200000E+01   0.348750E+05   0.259200E+06   0.200000E+01   0.200000E+01   0.348750E+05   0.259200E+06   0.185856E+03  -0.999900E+04  -0.999900E+04  -0.999900E+04  -0.999900E+04   0.185856E+03  -0.999900E+04  -0.999900E+04  -0.999900E+04  -0.999900E+04   0.185868E+03   0.570631E+03   0.180330E+01   0.404183E+02   0.200000E+02  -0.124488E-01  -0.999900E+04  -0.999900E+04  -0.999900E+04  -0.999900E+04  -0.862602E-01  -0.999900E+04  -0.999900E+04  -0.999900E+04  -0.999900E+04
   0.200000E+01   0.200000E+01   0.350000E+05   0.259200E+06   0.200000E+01   0.200000E+01   0.350000E+05   0.259200E+06   0.185898E+03  -0.999900E+04  -0.999900E+04  -0.999900E+04  -0.999900E+04   0.185898E+03  -0.999900E+04  -0.999900E+04  -0.999900E+04  -0.999900E+04   0.185962E+03   0.571092E+03   0.164102E+01   0.401691E+02   0.200000E+02  -0.646345E-01  -0.999900E+04  -0.999900E+04  -0.999900E+04  -0.999900E+04  -0.447865E+00  -0.999900E+04  -0.999900E+04  -0.999900E+04  -0.999900E+04
   0.200000E+01   0.200000E+01   0.351000E+05   0.259200E+06   0.200000E+01   0.200000E+01   0.351000E+05   0.259200E+06   0.185956E+03  -0.999900E+04  -0.999900E+04  -0.999900E+04  -0.999900E+04   0.185956E+03  -0.999900E+04  -0.999900E+04  -0.999900E+04  -0.999900E+04   0.186014E+03   0.571474E+03   0.159873E+01   0.399501E+02   0.200000E+02  -0.579822E-01  -0.999900E+04  -0.999900E+04  -0.999900E+04  -0.999900E+04  -0.401770E+00  -0.999900E+04  -0.999900E+04  -0.999900E+04  -0.999900E+04
   0.200000E+01   0.200000E+01   0.351500E+05   0.259200E+06   0.200000E+01   0.200000E+01   0.351500E+05   0.259200E+06   0.186026E+03  -0.999900E+04  -0.999900E+04  -0.999900E+04  -0.999900E+04   0.186026E+03  -0.999900E+04  -0.999900E+04  -0.999900E+04  -0.999900E+04   0.186036E+03   0.571666E+03   0.159606E+01   0.399501E+02   0.200000E+02  -0.100159E-01  -0.999900E+04  -0.999900E+04  -0.999900E+04  -0.999900E+04  -0.694023E-01  -0.999900E+04  -0.999900E+04  -0.999900E+04  -0.999900E+04
   0.200000E+01   0.200000E+01   0.352500E+05   0.259200E+06   0.200000E+01   0.200000E+01   0.352500E+05   0.259200E+06   0.186077E+03  -0.999900E+04  -0.999900E+04  -0.999900E+04  -0.999900E+04   0.186077E+03  -0.999900E+04  -0.999900E+04  -0.999900E+04  -0.999900E+04   0.186071E+03   0.572031E+03   0.164369E+01   0.397599E+02   0.200000E+02   0.524146E-02  -0.999900E+04  -0.999900E+04  -0.999900E+04  -0.999900E+04   0.363191E-01  -0.999900E+04  -0.999900E+04  -0.999900E+04  -0.999900E+04
   0.200000E+01   0.200000E+01   0.353000E+05   0.259200E+06   0.200000E+01   0.200000E+01   0.353000E+05   0.259200E+06   0.186117E+03  -0.999900E+04  -0.999900E+04  -0.999900E+04  -0.999900E+04   0.186117E+03  -0.999900E+04  -0.999900E+04  -0.999900E+04  -0.999900E+04   0.186094E+03   0.572213E+03   0.163834E+01   0.397599E+02   0.200000E+02   0.227549E-01  -0.999900E+04  -0.999900E+04  -0.999900E+04  -0.999900E+04   0.157673E+00  -0.999900E+04  -0.999900E+04  -0.999900E+04  -0.999900E+04
   0.200000E+01   0.200000E+01   0.353500E+05   0.259200E+06   0.200000E+01   0.200000E+01   0.353500E+05   0.259200E+06   0.186160E+03  -0.999900E+04  -0.999900E+04  -0.999900E+04  -0.999900E+04   0.186160E+03  -0.999900E+04  -0.999900E+04  -0.999900E+04  -0.999900E+04   0.186112E+03   0.572413E+03   0.168655E+01   0.397599E+02   0.200000E+02   0.485226E-01  -0.999900E+04  -0.999900E+04  -0.999900E+04  -0.999900E+04   0.336222E+00  -0.999900E+04  -0.999900E+04  -0.999900E+04  -0.999900E+04
   0.200000E+01   0.200000E+01   0.354000E+05   0.259200E+06   0.200000E+01   0.200000E+01   0.354000E+05   0.259200E+06   0.186201E+03  -0.999900E+04  -0.999900E+04  -0.999900E+04  -0.999900E+04   0.186201E+03  -0.999900E+04  -0.999900E+04  -0.999900E+04  -0.999900E+04   0.186120E+03   0.572636E+03   0.183958E+01   0.395971E+02   0.200000E+02   0.803997E-01  -0.999900E+04  -0.999900E+04  -0.999900E+04  -0.999900E+04   0.557105E+00  -0.999900E+04  -0.999900E+04  -0.999900E+04  -0.999900E+04
   0.200000E+01   0.200000E+01   0.354500E+05   0.259200E+06   0.200000E+01   0.200000E+01   0.354500E+05   0.259200E+06   0.186234E+03  -0.999900E+04  -0.999900E+04  -0.999900E+04  -0.999900E+04   0.186234E+03  -0.999900E+04  -0.999900E+04  -0.999900E+04  -0.999900E+04   0.186130E+03   0.572881E+03   0.207746E+01   0.395971E+02   0.200000E+02   0.103412E+00  -0.999900E+04  -0.999900E+04  -0.999900E+04  -0.999900E+04   0.716562E+00  -0.999900E+04  -0.999900E+04  -0.999900E+04  -0.999900E+04
   0.200000E+01   0.200000E+01   0.357500E+05   0.259200E+06   0.200000E+01   0.200000E+01   0.357500E+05   0.259200E+06   0.186538E+03  -0.999900E+04  -0.999900E+04  -0.999900E+04  -0.999900E+04   0.186538E+03  -0.999900E+04  -0.999900E+04  -0.999900E+04  -0.999900E+04   0.186602E+03   0.574226E+03   0.203084E+01   0.393484E+02   0.200000E+02  -0.639456E-01  -0.999900E+04  -0.999900E+04  -0.999900E+04  -0.999900E+04  -0.443092E+00  -0.999900E+04  -0.999900E+04  -0.999900E+04  -0.999900E+04
   0.200000E+01   0.200000E+01   0.358750E+05   0.259200E+06   0.200000E+01   0.200000E+01   0.358750E+05   0.259200E+06   0.186543E+03  -0.999900E+04  -0.999900E+04  -0.999900E+04  -0.999900E+04   0.186543E+03  -0.999900E+04  -0.999900E+04  -0.999900E+04  -0.999900E+04   0.186798E+03   0.574700E+03   0.174596E+01   0.392597E+02   0.200000E+02  -0.255618E+00  -0.999900E+04  -0.999900E+04  -0.999900E+04  -0.999900E+04  -0.177123E+01  -0.999900E+04  -0.999900E+04  -0.999900E+04  -0.999900E+04
   0.200000E+01   0.200000E+01   0.360000E+05   0.259200E+06   0.200000E+01   0.200000E+01   0.360000E+05   0.259200E+06   0.186682E+03  -0.999900E+04  -0.999900E+04  -0.999900E+04  -0.999900E+04   0.186682E+03  -0.999900E+04  -0.999900E+04  -0.999900E+04  -0.999900E+04   0.186900E+03   0.575117E+03   0.164730E+01   0.391932E+02   0.200000E+02  -0.218182E+00  -0.999900E+04  -0.999900E+04  -0.999900E+04  -0.999900E+04  -0.151183E+01  -0.999900E+04  -0.999900E+04  -0.999900E+04  -0.999900E+04
   0.200000E+01   0.200000E+01   0.361250E+05   0.259200E+06   0.200000E+01   0.200000E+01   0.361250E+05   0.259200E+06   0.186850E+03  -0.999900E+04  -0.999900E+04  -0.999900E+04  -0.999900E+04   0.186850E+03  -0.999900E+04  -0.999900E+04  -0.999900E+04  -0.999900E+04   0.186967E+03   0.575523E+03   0.170449E+01   0.391475E+02   0.200000E+02  -0.116544E+00  -0.999900E+04  -0.999900E+04  -0.999900E+04  -0.999900E+04  -0.807558E+00  -0.999900E+04  -0.999900E+04  -0.999900E+04  -0.999900E+04
   0.200000E+01   0.100000E+01   0.363000E+05   0.259200E+06   0.200000E+01   0.100000E+01   0.363000E+05   0.259200E+06   0.186929E+03  -0.999900E+04  -0.999900E+04  -0.999900E+04  -0.999900E+04   0.186929E+03  -0.999900E+04  -0.999900E+04  -0.999900E+04  -0.999900E+04   0.187074E+03   0.567062E+03   0.166676E+01   0.391213E+02   0.200000E+02  -0.145580E+00  -0.999900E+04  -0.999900E+04  -0.999900E+04  -0.999900E+04  -0.100875E+01  -0.999900E+04  -0.999900E+04  -0.999900E+04  -0.999900E+04
   0.200000E+01   0.100000E+01   0.363500E+05   0.259200E+06   0.200000E+01   0.100000E+01   0.363500E+05   0.259200E+06   0.186943E+03  -0.999900E+04  -0.999900E+04  -0.999900E+04  -0.999900E+04   0.186943E+03  -0.999900E+04  -0.999900E+04  -0.999900E+04  -0.999900E+04   0.187099E+03   0.567215E+03   0.168753E+01   0.391213E+02   0.200000E+02  -0.155709E+00  -0.999900E+04  -0.999900E+04  -0.999900E+04  -0.999900E+04  -0.107894E+01  -0.999900E+04  -0.999900E+04  -0.999900E+04  -0.999900E+04
   0.200000E+01   0.100000E+01   0.364000E+05   0.259200E+06   0.200000E+01   0.100000E+01   0.364000E+05   0.259200E+06   0.187055E+03  -0.999900E+04  -0.999900E+04  -0.999900E+04  -0.999900E+04   0.187055E+03  -0.999900E+04  -0.999900E+04  -0.999900E+04  -0.999900E+04   0.187126E+03   0.567362E+03   0.168764E+01   0.391136E+02   0.200000E+02  -0.709035E-01  -0.999900E+04  -0.999900E+04  -0.999900E+04  -0.999900E+04  -0.491305E+00  -0.999900E+04  -0.999900E+04  -0.999900E+04  -0.999900E+04
   0.200000E+01   0.100000E+01   0.364500E+05   0.259200E+06   0.200000E+01   0.100000E+01   0.364500E+05   0.259200E+06   0.187130E+03  -0.999900E+04  -0.999900E+04  -0.999900E+04  -0.999900E+04   0.187130E+03  -0.999900E+04  -0.999900E+04  -0.999900E+04  -0.999900E+04   0.187156E+03   0.567502E+03   0.164866E+01   0.391136E+02   0.200000E+02  -0.262380E-01  -0.999900E+04  -0.999900E+04  -0.999900E+04  -0.999900E+04  -0.181808E+00  -0.999900E+04  -0.999900E+04  -0.999900E+04  -0.999900E+04
   0.200000E+01   0.100000E+01   0.366250E+05   0.259200E+06   0.200000E+01   0.100000E+01   0.366250E+05   0.259200E+06   0.187233E+03  -0.999900E+04  -0.999900E+04  -0.999900E+04  -0.999900E+04   0.187233E+03  -0.999900E+04  -0.999900E+04  -0.999900E+04  -0.999900E+04   0.187228E+03   0.567996E+03   0.167869E+01   0.391233E+02   0.200000E+02   0.504895E-02  -0.999900E+04  -0.999900E+04  -0.999900E+04  -0.999900E+04   0.349852E-01  -0.999900E+04  -0.999900E+04  -0.999900E+04  -0.999900E+04
   0.200000E+01   0.100000E+01   0.367500E+05   0.259200E+06   0.200000E+01   0.100000E+01   0.367500E+05   0.259200E+06   0.187301E+03  -0.999900E+04  -0.999900E+04  -0.999900E+04  -0.999900E+04   0.187301E+03  -0.999900E+04  -0.999900E+04  -0.999900E+04  -0.999900E+04   0.187311E+03   0.568448E+03   0.158778E+01   0.391491E+02   0.200000E+02  -0.996567E-02  -0.999900E+04  -0.999900E+04  -0.999900E+04  -0.999900E+04  -0.690541E-01  -0.999900E+04  -0.999900E+04  -0.999900E+04  -0.999900E+04
   0.200000E+01   0.100000E+01   0.368000E+05   0.259200E+06   0.200000E+01   0.100000E+01   0.368000E+05   0.259200E+06   0.187317E+03  -0.999900E+04  -0.999900E+04  -0.999900E+04  -0.999900E+04   0.187317E+03  -0.999900E+04  -0.999900E+04  -0.999900E+04  -0.999900E+04   0.187344E+03   0.568639E+03   0.153185E+01   0.391491E+02   0.200000E+02  -0.270977E-01  -0.999900E+04  -0.999900E+04  -0.999900E+04  -0.999900E+04  -0.187765E+00  -0.999900E+04  -0.999900E+04  -0.999900E+04  -0.999900E+04
   0.200000E+01   0.100000E+01   0.368500E+05   0.259200E+06   0.200000E+01   0.100000E+01   0.368500E+05   0.259200E+06   0.187421E+03  -0.999900E+04  -0.999900E+04  -0.999900E+04  -0.999900E+04   0.187421E+03  -0.999900E+04  -0.999900E+04  -0.999900E+04  -0.999900E+04   0.187373E+03   0.568827E+03   0.148522E+01   0.391899E+02   0.200000E+02   0.478836E-01  -0.999900E+04  -0.999900E+04  -0.999900E+04  -0.999900E+04   0.331795E+00  -0.999900E+04  -0.999900E+04  -0.999900E+04  -0.999900E+04
   0.200000E+01   0.100000E+01   0.369000E+05   0.259200E+06   0.200000E+01   0.100000E+01   0.369000E+05   0.259200E+06   0.187439E+03  -0.999900E+04  -0.999900E+04  -0.999900E+04  -0.999900E+04   0.187439E+03  -0.999900E+04  -0.999900E+04  -0.999900E+04  -0.999900E+04   0.187386E+03   0.569011E+03   0.153245E+01   0.391899E+02   0.200000E+02   0.529780E-01  -0.999900E+04  -0.999900E+04  -0.999900E+04  -0.999900E+04   0.367095E+00  -0.999900E+04  -0.999900E+04  -0.999900E+04  -0.999900E+04
   0.200000E+01   0.100000E+01   0.369500E+05   0.259200E+06   0.200000E+01   0.100000E+01   0.369500E+05   0.259200E+06   0.187447E+03  -0.999900E+04  -0.999900E+04  -0.999900E+04  -0.999900E+04   0.187447E+03  -0.999900E+04  -0.999900E+04  -0.999900E+04  -0.999900E+04   0.187388E+03   0.569191E+03   0.166981E+01   0.391899E+02   0.200000E+02   0.585791E-01  -0.999900E+04  -0.999900E+04  -0.999900E+04  -0.999900E+04   0.405906E+00  -0.999900E+04  -0.999900E+04  -0.999900E+04  -0.999900E+04
   0.200000E+01   0.100000E+01   0.370500E+05   0.259200E+06   0.200000E+01   0.100000E+01   0.370500E+05   0.259200E+06   0.187493E+03  -0.999900E+04  -0.999900E+04  -0.999900E+04  -0.999900E+04   0.187493E+03  -0.999900E+04  -0.999900E+04  -0.999900E+04  -0.999900E+04   0.187437E+03   0.569546E+03   0.174842E+01   0.392446E+02   0.200000E+02   0.566240E-01  -0.999900E+04  -0.999900E+04  -0.999900E+04  -0.999900E+04   0.392359E+00  -0.999900E+04  -0.999900E+04  -0.999900E+04  -0.999900E+04
   0.200000E+01   0.100000E+01   0.371000E+05   0.259200E+06   0.200000E+01   0.100000E+01   0.371000E+05   0.259200E+06   0.187548E+03  -0.999900E+04  -0.999900E+04  -0.999900E+04  -0.999900E+04   0.187548E+03  -0.999900E+04  -0.999900E+04  -0.999900E+04  -0.999900E+04   0.187466E+03   0.569721E+03   0.176145E+01   0.392446E+02   0.200000E+02   0.817151E-01  -0.999900E+04  -0.999900E+04  -0.999900E+04  -0.999900E+04   0.566220E+00  -0.999900E+04  -0.999900E+04  -0.999900E+04  -0.999900E+04
   0.200000E+01   0.100000E+01   0.371500E+05   0.259200E+06   0.200000E+01   0.100000E+01   0.371500E+05   0.259200E+06   0.187577E+03  -0.999900E+04  -0.999900E+04  -0.999900E+04  -0.999900E+04   0.187577E+03  -0.999900E+04  -0.999900E+04  -0.999900E+04  -0.999900E+04   0.187499E+03   0.569895E+03   0.175420E+01   0.393120E+02   0.200000E+02   0.772866E-01  -0.999900E+04  -0.999900E+04  -0.999900E+04  -0.999900E+04   0.535534E+00  -0.999900E+04  -0.999900E+04  -0.999900E+04  -0.999900E+04
   0.200000E+01   0.100000E+01   0.372000E+05   0.259200E+06   0.200000E+01   0.100000E+01   0.372000E+05   0.259200E+06   0.187610E+03  -0.999900E+04  -0.999900E+04  -0.999900E+04  -0.999900E+04   0.187610E+03  -0.999900E+04  -0.999900E+04  -0.999900E+04  -0.999900E+04   0.187535E+03   0.570066E+03   0.172226E+01   0.393120E+02   0.200000E+02   0.750489E-01  -0.999900E+04  -0.999900E+04  -0.999900E+04  -0.999900E+04   0.520029E+00  -0.999900E+04  -0.999900E+04  -0.999900E+04  -0.999900E+04
   0.200000E+01   0.100000E+01   0.372500E+05   0.259200E+06   0.200000E+01   0.100000E+01   0.372500E+05   0.259200E+06   0.187590E+03  -0.999900E+04  -0.999900E+04  -0.999900E+04  -0.999900E+04   0.187590E+03  -0.999900E+04  -0.999900E+04  -0.999900E+04  -0.999900E+04   0.187568E+03   0.570236E+03   0.169165E+01   0.393120E+02   0.200000E+02   0.222815E-01  -0.999900E+04  -0.999900E+04  -0.999900E+04  -0.999900E+04   0.154393E+00  -0.999900E+04  -0.999900E+04  -0.999900E+04  -0.999900E+04
   0.200000E+01   0.100000E+01   0.373000E+05   0.259200E+06   0.200000E+01   0.100000E+01   0.373000E+05   0.259200E+06   0.187595E+03  -0.999900E+04  -0.999900E+04  -0.999900E+04  -0.999900E+04   0.187595E+03  -0.999900E+04  -0.999900E+04  -0.999900E+04  -0.999900E+04   0.187638E+03   0.570410E+03   0.135597E+01   0.393912E+02   0.200000E+02  -0.433209E-01  -0.999900E+04  -0.999900E+04  -0.999900E+04  -0.999900E+04  -0.300179E+00  -0.999900E+04  -0.999900E+04  -0.999900E+04  -0.999900E+04
   0.200000E+01   0.100000E+01   0.374000E+05   0.259200E+06   0.200000E+01   0.100000E+01   0.374000E+05   0.259200E+06   0.187602E+03  -0.999900E+04  -0.999900E+04  -0.999900E+04  -0.999900E+04   0.187602E+03  -0.999900E+04  -0.999900E+04  -0.999900E+04  -0.999900E+04   0.187716E+03   0.570799E+03   0.699605E+00   0.393912E+02   0.200000E+02  -0.113451E+00  -0.999900E+04  -0.999900E+04  -0.999900E+04  -0.999900E+04  -0.786123E+00  -0.999900E+04  -0.999900E+04  -0.999900E+04  -0.999900E+04
   0.200000E+01   0.100000E+01   0.374500E+05   0.259200E+06   0.200000E+01   0.100000E+01   0.374500E+05   0.259200E+06   0.187644E+03  -0.999900E+04  -0.999900E+04  -0.999900E+04  -0.999900E+04   0.187644E+03  -0.999900E+04  -0.999900E+04  -0.999900E+04  -0.999900E+04   0.187725E+03   0.571013E+03   0.576423E+00   0.394810E+02   0.200000E+02  -0.814977E-01  -0.999900E+04  -0.999900E+04  -0.999900E+04  -0.999900E+04  -0.564713E+00  -0.999900E+04  -0.999900E+04  -0.999900E+04  -0.999900E+04
   0.200000E+01   0.100000E+01   0.375500E+05   0.259200E+06   0.200000E+01   0.100000E+01   0.375500E+05   0.259200E+06   0.187705E+03  -0.999900E+04  -0.999900E+04  -0.999900E+04  -0.999900E+04   0.187705E+03  -0.999900E+04  -0.999900E+04  -0.999900E+04  -0.999900E+04   0.187726E+03   0.571457E+03   0.584108E+00   0.394810E+02   0.200000E+02  -0.214404E-01  -0.999900E+04  -0.999900E+04  -0.999900E+04  -0.999900E+04  -0.148565E+00  -0.999900E+04  -0.999900E+04  -0.999900E+04  -0.999900E+04
   0.200000E+01   0.100000E+01   0.376000E+05   0.259200E+06   0.200000E+01   0.100000E+01   0.376000E+05   0.259200E+06   0.187709E+03  -0.999900E+04  -0.999900E+04  -0.999900E+04  -0.999900E+04   0.187709E+03  -0.999900E+04  -0.999900E+04  -0.999900E+04  -0.999900E+04   0.187718E+03   0.571673E+03   0.729818E+00   0.395803E+02   0.200000E+02  -0.916172E-02  -0.999900E+04  -0.999900E+04  -0.999900E+04  -0.999900E+04  -0.634834E-01  -0.999900E+04  -0.999900E+04  -0.999900E+04  -0.999900E+04
   0.200000E+01   0.100000E+01   0.377000E+05   0.259200E+06   0.200000E+01   0.100000E+01   0.377000E+05   0.259200E+06   0.187737E+03  -0.999900E+04  -0.999900E+04  -0.999900E+04  -0.999900E+04   0.187737E+03  -0.999900E+04  -0.999900E+04  -0.999900E+04  -0.999900E+04   0.187648E+03   0.572074E+03   0.150119E+01   0.395803E+02   0.200000E+02   0.887592E-01  -0.999900E+04  -0.999900E+04  -0.999900E+04  -0.999900E+04   0.615030E+00  -0.999900E+04  -0.999900E+04  -0.999900E+04  -0.999900E+04
   0.200000E+01   0.100000E+01   0.377500E+05   0.259200E+06   0.200000E+01   0.100000E+01   0.377500E+05   0.259200E+06   0.187762E+03  -0.999900E+04  -0.999900E+04  -0.999900E+04  -0.999900E+04   0.187762E+03  -0.999900E+04  -0.999900E+04  -0.999900E+04  -0.999900E+04   0.187612E+03   0.572261E+03   0.187922E+01   0.396883E+02   0.200000E+02   0.150460E+00  -0.999900E+04  -0.999900E+04  -0.999900E+04  -0.999900E+04   0.104257E+01  -0.999900E+04  -0.999900E+04  -0.999900E+04  -0.999900E+04
   0.200000E+01   0.100000E+01   0.378000E+05   0.259200E+06   0.200000E+01   0.100000E+01   0.378000E+05   0.259200E+06   0.187774E+03  -0.999900E+04  -0.999900E+04  -0.999900E+04  -0.999900E+04   0.187774E+03  -0.999900E+04  -0.999900E+04  -0.999900E+04  -0.999900E+04   0.187668E+03   0.572447E+03   0.176814E+01   0.396883E+02   0.200000E+02   0.106094E+00  -0.999900E+04  -0.999900E+04  -0.999900E+04  -0.999900E+04   0.735146E+00  -0.999900E+04  -0.999900E+04  -0.999900E+04  -0.999900E+04
   0.200000E+01   0.100000E+01   0.378500E+05   0.259200E+06   0.200000E+01   0.100000E+01   0.378500E+05   0.259200E+06   0.187791E+03  -0.999900E+04  -0.999900E+04  -0.999900E+04  -0.999900E+04   0.187791E+03  -0.999900E+04  -0.999900E+04  -0.999900E+04  -0.999900E+04   0.187720E+03   0.572638E+03   0.163527E+01   0.396883E+02   0.200000E+02   0.704699E-01  -0.999900E+04  -0.999900E+04  -0.999900E+04  -0.999900E+04   0.488300E+00  -0.999900E+04  -0.999900E+04  -0.999900E+04  -0.999900E+04
   0.200000E+01   0.100000E+01   0.379000E+05   0.259200E+06   0.200000E+01   0.100000E+01   0.379000E+05   0.259200E+06   0.187794E+03  -0.999900E+04  -0.999900E+04  -0.999900E+04  -0.999900E+04   0.187794E+03  -0.999900E+04  -0.999900E+04  -0.999900E+04  -0.999900E+04   0.187754E+03   0.572834E+03   0.158046E+01   0.398039E+02   0.200000E+02   0.396412E-01  -0.999900E+04  -0.999900E+04  -0.999900E+04  -0.999900E+04   0.274681E+00  -0.999900E+04  -0.999900E+04  -0.999900E+04  -0.999900E+04
   0.200000E+01   0.100000E+01   0.380000E+05   0.259200E+06   0.200000E+01   0.100000E+01   0.380000E+05   0.259200E+06   0.187812E+03  -0.999900E+04  -0.999900E+04  -0.999900E+04  -0.999900E+04   0.187812E+03  -0.999900E+04  -0.999900E+04  -0.999900E+04  -0.999900E+04   0.187800E+03   0.573241E+03   0.160491E+01   0.398039E+02   0.200000E+02   0.119544E-01  -0.999900E+04  -0.999900E+04  -0.999900E+04  -0.999900E+04   0.828347E-01  -0.999900E+04  -0.999900E+04  -0.999900E+04  -0.999900E+04
   0.200000E+01   0.100000E+01   0.380500E+05   0.259200E+06   0.200000E+01   0.100000E+01   0.380500E+05   0.259200E+06   0.187844E+03  -0.999900E+04  -0.999900E+04  -0.999900E+04  -0.999900E+04   0.187844E+03  -0.999900E+04  -0.999900E+04  -0.999900E+04  -0.999900E+04   0.187827E+03   0.573446E+03   0.159998E+01   0.399261E+02   0.200000E+02   0.169668E-01  -0.999900E+04  -0.999900E+04  -0.999900E+04  -0.999900E+04   0.117566E+00  -0.999900E+04  -0.999900E+04  -0.999900E+04  -0.999900E+04
   0.200000E+01   0.100000E+01   0.381000E+05   0.259200E+06   0.200000E+01   0.100000E+01   0.381000E+05   0.259200E+06   0.187908E+03  -0.999900E+04  -0.999900E+04  -0.999900E+04  -0.999900E+04   0.187908E+03  -0.999900E+04  -0.999900E+04  -0.999900E+04  -0.999900E+04   0.187851E+03   0.573647E+03   0.161020E+01   0.399261E+02   0.200000E+02   0.568462E-01  -0.999900E+04  -0.999900E+04  -0.999900E+04  -0.999900E+04   0.393899E+00  -0.999900E+04  -0.999900E+04  -0.999900E+04  -0.999900E+04
   0.200000E+01   0.100000E+01   0.381500E+05   0.259200E+06   0.200000E+01   0.100000E+01   0.381500E+05   0.259200E+06   0.187981E+03  -0.999900E+04  -0.999900E+04  -0.999900E+04  -0.999900E+04   0.187981E+03  -0.999900E+04  -0.999900E+04  -0.999900E+04  -0.999900E+04   0.187875E+03   0.573843E+03   0.161154E+01   0.399261E+02   0.200000E+02   0.105334E+00  -0.999900E+04  -0.999900E+04  -0.999900E+04  -0.999900E+04   0.729879E+00  -0.999900E+04  -0.999900E+04  -0.999900E+04  -0.999900E+04
   0.200000E+01   0.100000E+01   0.382500E+05   0.259200E+06   0.200000E+01   0.100000E+01   0.382500E+05   0.259200E+06   0.187978E+03  -0.999900E+04  -0.999900E+04  -0.999900E+04  -0.999900E+04   0.187978E+03  -0.999900E+04  -0.999900E+04  -0.999900E+04  -0.999900E+04   0.187926E+03   0.574219E+03   0.158272E+01   0.400541E+02   0.200000E+02   0.516814E-01  -0.999900E+04  -0.999900E+04  -0.999900E+04  -0.999900E+04   0.358111E+00  -0.999900E+04  -0.999900E+04  -0.999900E+04  -0.999900E+04
   0.200000E+01   0.100000E+01   0.383000E+05   0.259200E+06   0.200000E+01   0.100000E+01   0.383000E+05   0.259200E+06   0.187946E+03  -0.999900E+04  -0.999900E+04  -0.999900E+04  -0.999900E+04   0.187946E+03  -0.999900E+04  -0.999900E+04  -0.999900E+04  -0.999900E+04   0.187944E+03   0.574405E+03   0.160780E+01   0.400541E+02   0.200000E+02   0.196243E-02  -0.999900E+04  -0.999900E+04  -0.999900E+04  -0.999900E+04   0.135980E-01  -0.999900E+04  -0.999900E+04  -0.999900E+04  -0.999900E+04
   0.200000E+01   0.100000E+01   0.384500E+05   0.259200E+06   0.200000E+01   0.100000E+01   0.384500E+05   0.259200E+06   0.187977E+03  -0.999900E+04  -0.999900E+04  -0.999900E+04  -0.999900E+04   0.187977E+03  -0.999900E+04  -0.999900E+04  -0.999900E+04  -0.999900E+04   0.188005E+03   0.574999E+03   0.177987E+01   0.403237E+02   0.200000E+02  -0.275387E-01  -0.999900E+04  -0.999900E+04  -0.999900E+04  -0.999900E+04  -0.190821E+00  -0.999900E+04  -0.999900E+04  -0.999900E+04  -0.999900E+04
   0.200000E+01   0.100000E+01   0.385000E+05   0.259200E+06   0.200000E+01   0.100000E+01   0.385000E+05   0.259200E+06   0.187988E+03  -0.999900E+04  -0.999900E+04  -0.999900E+04  -0.999900E+04   0.187988E+03  -0.999900E+04  -0.999900E+04  -0.999900E+04  -0.999900E+04   0.188044E+03   0.575210E+03   0.176518E+01   0.403237E+02   0.200000E+02  -0.560232E-01  -0.999900E+04  -0.999900E+04  -0.999900E+04  -0.999900E+04  -0.388196E+00  -0.999900E+04  -0.999900E+04  -0.999900E+04  -0.999900E+04
   0.200000E+01   0.100000E+01   0.390000E+05   0.259200E+06   0.200000E+01   0.100000E+01   0.390000E+05   0.259200E+06   0.188203E+03  -0.999900E+04  -0.999900E+04  -0.999900E+04  -0.999900E+04   0.188203E+03  -0.999900E+04  -0.999900E+04  -0.999900E+04  -0.999900E+04   0.188350E+03   0.577004E+03   0.159840E+01   0.407495E+02   0.200000E+02  -0.147772E+00  -0.999900E+04  -0.999900E+04  -0.999900E+04  -0.999900E+04  -0.102394E+01  -0.999900E+04  -0.999900E+04  -0.999900E+04  -0.999900E+04
   0.200000E+01   0.100000E+01   0.393000E+05   0.259200E+06   0.200000E+01   0.100000E+01   0.393000E+05   0.259200E+06   0.188342E+03  -0.999900E+04  -0.999900E+04  -0.999900E+04  -0.999900E+04   0.188342E+03  -0.999900E+04  -0.999900E+04  -0.999900E+04  -0.999900E+04   0.188461E+03   0.577945E+03   0.159566E+01   0.410383E+02   0.200000E+02  -0.118807E+00  -0.999900E+04  -0.999900E+04  -0.999900E+04  -0.999900E+04  -0.823237E+00  -0.999900E+04  -0.999900E+04  -0.999900E+04  -0.999900E+04
   0.200000E+01   0.100000E+01   0.393500E+05   0.259200E+06   0.200000E+01   0.100000E+01   0.393500E+05   0.259200E+06   0.188355E+03  -0.999900E+04  -0.999900E+04  -0.999900E+04  -0.999900E+04   0.188355E+03  -0.999900E+04  -0.999900E+04  -0.999900E+04  -0.999900E+04   0.188482E+03   0.578097E+03   0.156226E+01   0.411819E+02   0.200000E+02  -0.127378E+00  -0.999900E+04  -0.999900E+04  -0.999900E+04  -0.999900E+04  -0.882625E+00  -0.999900E+04  -0.999900E+04  -0.999900E+04  -0.999900E+04
   0.200000E+01   0.100000E+01   0.394000E+05   0.259200E+06   0.200000E+01   0.100000E+01   0.394000E+05   0.259200E+06   0.188383E+03  -0.999900E+04  -0.999900E+04  -0.999900E+04  -0.999900E+04   0.188383E+03  -0.999900E+04  -0.999900E+04  -0.999900E+04  -0.999900E+04   0.188507E+03   0.578253E+03   0.149518E+01   0.411819E+02   0.200000E+02  -0.123963E+00  -0.999900E+04  -0.999900E+04  -0.999900E+04  -0.999900E+04  -0.858965E+00  -0.999900E+04  -0.999900E+04  -0.999900E+04  -0.999900E+04
   0.200000E+01   0.100000E+01   0.394500E+05   0.259200E+06   0.200000E+01   0.100000E+01   0.394500E+05   0.259200E+06   0.188410E+03  -0.999900E+04  -0.999900E+04  -0.999900E+04  -0.999900E+04   0.188410E+03  -0.999900E+04  -0.999900E+04  -0.999900E+04  -0.999900E+04   0.188532E+03   0.578417E+03   0.141884E+01   0.411819E+02   0.200000E+02  -0.121416E+00  -0.999900E+04  -0.999900E+04  -0.999900E+04  -0.999900E+04  -0.841317E+00  -0.999900E+04  -0.999900E+04  -0.999900E+04  -0.999900E+04
   0.200000E+01   0.100000E+01   0.395950E+05   0.259200E+06   0.200000E+01   0.100000E+01   0.395950E+05   0.259200E+06   0.188530E+03  -0.999900E+04  -0.999900E+04  -0.999900E+04  -0.999900E+04   0.188530E+03  -0.999900E+04  -0.999900E+04  -0.999900E+04  -0.999900E+04   0.188575E+03   0.578921E+03   0.133426E+01   0.413242E+02   0.200000E+02  -0.454817E-01  -0.999900E+04  -0.999900E+04  -0.999900E+04  -0.999900E+04  -0.315152E+00  -0.999900E+04  -0.999900E+04  -0.999900E+04  -0.999900E+04
   0.200000E+01   0.100000E+01   0.396400E+05   0.259200E+06   0.200000E+01   0.100000E+01   0.396400E+05   0.259200E+06   0.188549E+03  -0.999900E+04  -0.999900E+04  -0.999900E+04  -0.999900E+04   0.188549E+03  -0.999900E+04  -0.999900E+04  -0.999900E+04  -0.999900E+04   0.188582E+03   0.579079E+03   0.135222E+01   0.414643E+02   0.200000E+02  -0.332770E-01  -0.999900E+04  -0.999900E+04  -0.999900E+04  -0.999900E+04  -0.230583E+00  -0.999900E+04  -0.999900E+04  -0.999900E+04  -0.999900E+04
   0.200000E+01   0.100000E+01   0.396850E+05   0.259200E+06   0.200000E+01   0.100000E+01   0.396850E+05   0.259200E+06   0.188566E+03  -0.999900E+04  -0.999900E+04  -0.999900E+04  -0.999900E+04   0.188566E+03  -0.999900E+04  -0.999900E+04  -0.999900E+04  -0.999900E+04   0.188589E+03   0.579237E+03   0.137433E+01   0.414643E+02   0.200000E+02  -0.227977E-01  -0.999900E+04  -0.999900E+04  -0.999900E+04  -0.999900E+04  -0.157970E+00  -0.999900E+04  -0.999900E+04  -0.999900E+04  -0.999900E+04
   0.200000E+01   0.100000E+01   0.397750E+05   0.259200E+06   0.200000E+01   0.100000E+01   0.397750E+05   0.259200E+06   0.188580E+03  -0.999900E+04  -0.999900E+04  -0.999900E+04  -0.999900E+04   0.188580E+03  -0.999900E+04  -0.999900E+04  -0.999900E+04  -0.999900E+04   0.188606E+03   0.579548E+03   0.139644E+01   0.416017E+02   0.200000E+02  -0.262995E-01  -0.999900E+04  -0.999900E+04  -0.999900E+04  -0.999900E+04  -0.182235E+00  -0.999900E+04  -0.999900E+04  -0.999900E+04  -0.999900E+04
   0.200000E+01   0.100000E+01   0.398200E+05   0.259200E+06   0.200000E+01   0.100000E+01   0.398200E+05   0.259200E+06   0.188578E+03  -0.999900E+04  -0.999900E+04  -0.999900E+04  -0.999900E+04   0.188578E+03  -0.999900E+04  -0.999900E+04  -0.999900E+04  -0.999900E+04   0.188618E+03   0.579702E+03   0.138675E+01   0.416017E+02   0.200000E+02  -0.394047E-01  -0.999900E+04  -0.999900E+04  -0.999900E+04  -0.999900E+04  -0.273043E+00  -0.999900E+04  -0.999900E+04  -0.999900E+04  -0.999900E+04
   0.200000E+01   0.100000E+01   0.399100E+05   0.259200E+06   0.200000E+01   0.100000E+01   0.399100E+05   0.259200E+06   0.188637E+03  -0.999900E+04  -0.999900E+04  -0.999900E+04  -0.999900E+04   0.188637E+03  -0.999900E+04  -0.999900E+04  -0.999900E+04  -0.999900E+04   0.188643E+03   0.580005E+03   0.133916E+01   0.416017E+02   0.200000E+02  -0.604270E-02  -0.999900E+04  -0.999900E+04  -0.999900E+04  -0.999900E+04  -0.418711E-01  -0.999900E+04  -0.999900E+04  -0.999900E+04  -0.999900E+04
   0.200000E+01   0.100000E+01   0.399550E+05   0.259200E+06   0.200000E+01   0.100000E+01   0.399550E+05   0.259200E+06   0.188667E+03  -0.999900E+04  -0.999900E+04  -0.999900E+04  -0.999900E+04   0.188667E+03  -0.999900E+04  -0.999900E+04  -0.999900E+04  -0.999900E+04   0.188655E+03   0.580156E+03   0.131705E+01   0.417358E+02   0.200000E+02   0.121742E-01  -0.999900E+04  -0.999900E+04  -0.999900E+04  -0.999900E+04   0.843577E-01  -0.999900E+04  -0.999900E+04  -0.999900E+04  -0.999900E+04
   0.200000E+01   0.100000E+01   0.400500E+05   0.259200E+06   0.200000E+01   0.100000E+01   0.400500E+05   0.259200E+06   0.188686E+03  -0.999900E+04  -0.999900E+04  -0.999900E+04  -0.999900E+04   0.188686E+03  -0.999900E+04  -0.999900E+04  -0.999900E+04  -0.999900E+04   0.188672E+03   0.580475E+03   0.131098E+01   0.417358E+02   0.200000E+02   0.140656E-01  -0.999900E+04  -0.999900E+04  -0.999900E+04  -0.999900E+04   0.974633E-01  -0.999900E+04  -0.999900E+04  -0.999900E+04  -0.999900E+04
   0.200000E+01   0.100000E+01   0.401000E+05   0.259200E+06   0.200000E+01   0.100000E+01   0.401000E+05   0.259200E+06   0.188695E+03  -0.999900E+04  -0.999900E+04  -0.999900E+04  -0.999900E+04   0.188695E+03  -0.999900E+04  -0.999900E+04  -0.999900E+04  -0.999900E+04   0.188679E+03   0.580643E+03   0.132620E+01   0.418659E+02   0.200000E+02   0.157076E-01  -0.999900E+04  -0.999900E+04  -0.999900E+04  -0.999900E+04   0.108841E+00  -0.999900E+04  -0.999900E+04  -0.999900E+04  -0.999900E+04
   0.200000E+01   0.100000E+01   0.401500E+05   0.259200E+06   0.200000E+01   0.100000E+01   0.401500E+05   0.259200E+06   0.188703E+03  -0.999900E+04  -0.999900E+04  -0.999900E+04  -0.999900E+04   0.188703E+03  -0.999900E+04  -0.999900E+04  -0.999900E+04  -0.999900E+04   0.188686E+03   0.580811E+03   0.134609E+01   0.418659E+02   0.200000E+02   0.175548E-01  -0.999900E+04  -0.999900E+04  -0.999900E+04  -0.999900E+04   0.121640E+00  -0.999900E+04  -0.999900E+04  -0.999900E+04  -0.999900E+04
   0.200000E+01   0.100000E+01   0.402500E+05   0.259200E+06   0.200000E+01   0.100000E+01   0.402500E+05   0.259200E+06   0.188712E+03  -0.999900E+04  -0.999900E+04  -0.999900E+04  -0.999900E+04   0.188712E+03  -0.999900E+04  -0.999900E+04  -0.999900E+04  -0.999900E+04   0.188702E+03   0.581150E+03   0.137506E+01   0.419915E+02   0.200000E+02   0.104246E-01  -0.999900E+04  -0.999900E+04  -0.999900E+04  -0.999900E+04   0.722340E-01  -0.999900E+04  -0.999900E+04  -0.999900E+04  -0.999900E+04
   0.200000E+01   0.100000E+01   0.403000E+05   0.259200E+06   0.200000E+01   0.100000E+01   0.403000E+05   0.259200E+06   0.188732E+03  -0.999900E+04  -0.999900E+04  -0.999900E+04  -0.999900E+04   0.188732E+03  -0.999900E+04  -0.999900E+04  -0.999900E+04  -0.999900E+04   0.188712E+03   0.581320E+03   0.137621E+01   0.419915E+02   0.200000E+02   0.203233E-01  -0.999900E+04  -0.999900E+04  -0.999900E+04  -0.999900E+04   0.140824E+00  -0.999900E+04  -0.999900E+04  -0.999900E+04  -0.999900E+04
   0.200000E+01   0.100000E+01   0.403500E+05   0.259200E+06   0.200000E+01   0.100000E+01   0.403500E+05   0.259200E+06   0.188747E+03  -0.999900E+04  -0.999900E+04  -0.999900E+04  -0.999900E+04   0.188747E+03  -0.999900E+04  -0.999900E+04  -0.999900E+04  -0.999900E+04   0.188723E+03   0.581490E+03   0.136837E+01   0.419915E+02   0.200000E+02   0.242318E-01  -0.999900E+04  -0.999900E+04  -0.999900E+04  -0.999900E+04   0.167907E+00  -0.999900E+04  -0.999900E+04  -0.999900E+04  -0.999900E+04
   0.200000E+01   0.100000E+01   0.404000E+05   0.259200E+06   0.200000E+01   0.100000E+01   0.404000E+05   0.259200E+06   0.188759E+03  -0.999900E+04  -0.999900E+04  -0.999900E+04  -0.999900E+04   0.188759E+03  -0.999900E+04  -0.999900E+04  -0.999900E+04  -0.999900E+04   0.188735E+03   0.581661E+03   0.135542E+01   0.421121E+02   0.200000E+02   0.243283E-01  -0.999900E+04  -0.999900E+04  -0.999900E+04  -0.999900E+04   0.168575E+00  -0.999900E+04  -0.999900E+04  -0.999900E+04  -0.999900E+04
   0.200000E+01   0.100000E+01   0.405000E+05   0.259200E+06   0.200000E+01   0.100000E+01   0.405000E+05   0.259200E+06   0.188783E+03  -0.999900E+04  -0.999900E+04  -0.999900E+04  -0.999900E+04   0.188783E+03  -0.999900E+04  -0.999900E+04  -0.999900E+04  -0.999900E+04   0.188756E+03   0.582005E+03   0.133554E+01   0.421121E+02   0.200000E+02   0.261608E-01  -0.999900E+04  -0.999900E+04  -0.999900E+04  -0.999900E+04   0.181273E+00  -0.999900E+04  -0.999900E+04  -0.999900E+04  -0.999900E+04
   0.200000E+01   0.100000E+01   0.406000E+05   0.259200E+06   0.200000E+01   0.100000E+01   0.406000E+05   0.259200E+06   0.188794E+03  -0.999900E+04  -0.999900E+04  -0.999900E+04  -0.999900E+04   0.188794E+03  -0.999900E+04  -0.999900E+04  -0.999900E+04  -0.999900E+04   0.188774E+03   0.582349E+03   0.134428E+01   0.422271E+02   0.200000E+02   0.199268E-01  -0.999900E+04  -0.999900E+04  -0.999900E+04  -0.999900E+04   0.138077E+00  -0.999900E+04  -0.999900E+04  -0.999900E+04  -0.999900E+04
   0.200000E+01   0.100000E+01   0.406500E+05   0.259200E+06   0.200000E+01   0.100000E+01   0.406500E+05   0.259200E+06   0.188803E+03  -0.999900E+04  -0.999900E+04  -0.999900E+04  -0.999900E+04   0.188803E+03  -0.999900E+04  -0.999900E+04  -0.999900E+04  -0.999900E+04   0.188781E+03   0.582521E+03   0.135674E+01   0.423361E+02   0.200000E+02   0.217669E-01  -0.999900E+04  -0.999900E+04  -0.999900E+04  -0.999900E+04   0.150827E+00  -0.999900E+04  -0.999900E+04  -0.999900E+04  -0.999900E+04
   0.200000E+01   0.100000E+01   0.407500E+05   0.259200E+06   0.200000E+01   0.100000E+01   0.407500E+05   0.259200E+06   0.188828E+03  -0.999900E+04  -0.999900E+04  -0.999900E+04  -0.999900E+04   0.188828E+03  -0.999900E+04  -0.999900E+04  -0.999900E+04  -0.999900E+04   0.188797E+03   0.582860E+03   0.138697E+01   0.423361E+02   0.200000E+02   0.312912E-01  -0.999900E+04  -0.999900E+04  -0.999900E+04  -0.999900E+04   0.216823E+00  -0.999900E+04  -0.999900E+04  -0.999900E+04  -0.999900E+04
   0.200000E+01   0.100000E+01   0.409000E+05   0.259200E+06   0.200000E+01   0.100000E+01   0.409000E+05   0.259200E+06   0.188871E+03  -0.999900E+04  -0.999900E+04  -0.999900E+04  -0.999900E+04   0.188871E+03  -0.999900E+04  -0.999900E+04  -0.999900E+04  -0.999900E+04   0.188822E+03   0.583357E+03   0.141970E+01   0.424386E+02   0.200000E+02   0.495616E-01  -0.999900E+04  -0.999900E+04  -0.999900E+04  -0.999900E+04   0.343422E+00  -0.999900E+04  -0.999900E+04  -0.999900E+04  -0.999900E+04
   0.200000E+01   0.100000E+01   0.410000E+05   0.259200E+06   0.200000E+01   0.100000E+01   0.410000E+05   0.259200E+06   0.188882E+03  -0.999900E+04  -0.999900E+04  -0.999900E+04  -0.999900E+04   0.188882E+03  -0.999900E+04  -0.999900E+04  -0.999900E+04  -0.999900E+04   0.188842E+03   0.583684E+03   0.142182E+01   0.425342E+02   0.200000E+02   0.406862E-01  -0.999900E+04  -0.999900E+04  -0.999900E+04  -0.999900E+04   0.281923E+00  -0.999900E+04  -0.999900E+04  -0.999900E+04  -0.999900E+04
   0.200000E+01   0.100000E+01   0.410850E+05   0.259200E+06   0.200000E+01   0.100000E+01   0.410850E+05   0.259200E+06   0.188906E+03  -0.999900E+04  -0.999900E+04  -0.999900E+04  -0.999900E+04   0.188906E+03  -0.999900E+04  -0.999900E+04  -0.999900E+04  -0.999900E+04   0.188843E+03   0.583957E+03   0.153405E+01   0.425342E+02   0.200000E+02   0.628604E-01  -0.999900E+04  -0.999900E+04  -0.999900E+04  -0.999900E+04   0.435572E+00  -0.999900E+04  -0.999900E+04  -0.999900E+04  -0.999900E+04
   0.200000E+01   0.100000E+01   0.415500E+05   0.259200E+06   0.200000E+01   0.100000E+01   0.415500E+05   0.259200E+06   0.189002E+03  -0.999900E+04  -0.999900E+04  -0.999900E+04  -0.999900E+04   0.189002E+03  -0.999900E+04  -0.999900E+04  -0.999900E+04  -0.999900E+04   0.188983E+03   0.585538E+03   0.142676E+01   0.428396E+02   0.200000E+02   0.196713E-01  -0.999900E+04  -0.999900E+04  -0.999900E+04  -0.999900E+04   0.136306E+00  -0.999900E+04  -0.999900E+04  -0.999900E+04  -0.999900E+04
   0.200000E+01   0.100000E+01   0.416000E+05   0.259200E+06   0.200000E+01   0.100000E+01   0.416000E+05   0.259200E+06   0.189002E+03  -0.999900E+04  -0.999900E+04  -0.999900E+04  -0.999900E+04   0.189002E+03  -0.999900E+04  -0.999900E+04  -0.999900E+04  -0.999900E+04   0.188993E+03   0.585729E+03   0.143426E+01   0.428396E+02   0.200000E+02   0.901223E-02  -0.999900E+04  -0.999900E+04  -0.999900E+04  -0.999900E+04   0.624475E-01  -0.999900E+04  -0.999900E+04  -0.999900E+04  -0.999900E+04
   0.200000E+01   0.100000E+01   0.416500E+05   0.259200E+06   0.200000E+01   0.100000E+01   0.416500E+05   0.259200E+06   0.188994E+03  -0.999900E+04  -0.999900E+04  -0.999900E+04  -0.999900E+04   0.188994E+03  -0.999900E+04  -0.999900E+04  -0.999900E+04  -0.999900E+04   0.189003E+03   0.585919E+03   0.144517E+01   0.428396E+02   0.200000E+02  -0.964167E-02  -0.999900E+04  -0.999900E+04  -0.999900E+04  -0.999900E+04  -0.668091E-01  -0.999900E+04  -0.999900E+04  -0.999900E+04  -0.999900E+04
   0.200000E+01   0.100000E+01   0.417000E+05   0.259200E+06   0.200000E+01   0.100000E+01   0.417000E+05   0.259200E+06   0.189010E+03  -0.999900E+04  -0.999900E+04  -0.999900E+04  -0.999900E+04   0.189010E+03  -0.999900E+04  -0.999900E+04  -0.999900E+04  -0.999900E+04   0.189014E+03   0.586108E+03   0.145535E+01   0.428950E+02   0.200000E+02  -0.371602E-02  -0.999900E+04  -0.999900E+04  -0.999900E+04  -0.999900E+04  -0.257490E-01  -0.999900E+04  -0.999900E+04  -0.999900E+04  -0.999900E+04
   0.200000E+01   0.100000E+01   0.418000E+05   0.259200E+06   0.200000E+01   0.100000E+01   0.418000E+05   0.259200E+06   0.189041E+03  -0.999900E+04  -0.999900E+04  -0.999900E+04  -0.999900E+04   0.189041E+03  -0.999900E+04  -0.999900E+04  -0.999900E+04  -0.999900E+04   0.189037E+03   0.586486E+03   0.146214E+01   0.428950E+02   0.200000E+02   0.350071E-02  -0.999900E+04  -0.999900E+04  -0.999900E+04  -0.999900E+04   0.242571E-01  -0.999900E+04  -0.999900E+04  -0.999900E+04  -0.999900E+04
   0.200000E+01   0.100000E+01   0.419000E+05   0.259200E+06   0.200000E+01   0.100000E+01   0.419000E+05   0.259200E+06   0.189053E+03  -0.999900E+04  -0.999900E+04  -0.999900E+04  -0.999900E+04   0.189053E+03  -0.999900E+04  -0.999900E+04  -0.999900E+04  -0.999900E+04   0.189063E+03   0.586862E+03   0.144903E+01   0.429414E+02   0.200000E+02  -0.103003E-01  -0.999900E+04  -0.999900E+04  -0.999900E+04  -0.999900E+04  -0.713726E-01  -0.999900E+04  -0.999900E+04  -0.999900E+04  -0.999900E+04
   0.200000E+01   0.100000E+01   0.420000E+05   0.259200E+06   0.200000E+01   0.100000E+01   0.420000E+05   0.259200E+06   0.189088E+03  -0.999900E+04  -0.999900E+04  -0.999900E+04  -0.999900E+04   0.189088E+03  -0.999900E+04  -0.999900E+04  -0.999900E+04  -0.999900E+04   0.189089E+03   0.587237E+03   0.143364E+01   0.429786E+02   0.200000E+02  -0.560376E-03  -0.999900E+04  -0.999900E+04  -0.999900E+04  -0.999900E+04  -0.388296E-02  -0.999900E+04  -0.999900E+04  -0.999900E+04  -0.999900E+04
   0.200000E+01   0.100000E+01   0.422000E+05   0.259200E+06   0.200000E+01   0.100000E+01   0.422000E+05   0.259200E+06   0.189121E+03  -0.999900E+04  -0.999900E+04  -0.999900E+04  -0.999900E+04   0.189121E+03  -0.999900E+04  -0.999900E+04  -0.999900E+04  -0.999900E+04   0.189135E+03   0.587992E+03   0.142687E+01   0.430063E+02   0.200000E+02  -0.134436E-01  -0.999900E+04  -0.999900E+04  -0.999900E+04  -0.999900E+04  -0.931530E-01  -0.999900E+04  -0.999900E+04  -0.999900E+04  -0.999900E+04
   0.200000E+01   0.100000E+01   0.424000E+05   0.259200E+06   0.200000E+01   0.100000E+01   0.424000E+05   0.259200E+06   0.189159E+03  -0.999900E+04  -0.999900E+04  -0.999900E+04  -0.999900E+04   0.189159E+03  -0.999900E+04  -0.999900E+04  -0.999900E+04  -0.999900E+04   0.189179E+03   0.588753E+03   0.143255E+01   0.430244E+02   0.200000E+02  -0.198788E-01  -0.999900E+04  -0.999900E+04  -0.999900E+04  -0.999900E+04  -0.137744E+00  -0.999900E+04  -0.999900E+04  -0.999900E+04  -0.999900E+04
   0.200000E+01   0.100000E+01   0.426000E+05   0.259200E+06   0.200000E+01   0.100000E+01   0.426000E+05   0.259200E+06   0.189210E+03  -0.999900E+04  -0.999900E+04  -0.999900E+04  -0.999900E+04   0.189210E+03  -0.999900E+04  -0.999900E+04  -0.999900E+04  -0.999900E+04   0.189224E+03   0.589521E+03   0.143598E+01   0.430310E+02   0.200000E+02  -0.146042E-01  -0.999900E+04  -0.999900E+04  -0.999900E+04  -0.999900E+04  -0.101195E+00  -0.999900E+04  -0.999900E+04  -0.999900E+04  -0.999900E+04
   0.200000E+01   0.100000E+01   0.428000E+05   0.259200E+06   0.200000E+01   0.100000E+01   0.428000E+05   0.259200E+06   0.189281E+03  -0.999900E+04  -0.999900E+04  -0.999900E+04  -0.999900E+04   0.189281E+03  -0.999900E+04  -0.999900E+04  -0.999900E+04  -0.999900E+04   0.189271E+03   0.590286E+03   0.143015E+01   0.430193E+02   0.200000E+02   0.933770E-02  -0.999900E+04  -0.999900E+04  -0.999900E+04  -0.999900E+04   0.647027E-01  -0.999900E+04  -0.999900E+04  -0.999900E+04  -0.999900E+04
   0.200000E+01   0.100000E+01   0.429000E+05   0.259200E+06   0.200000E+01   0.100000E+01   0.429000E+05   0.259200E+06   0.189283E+03  -0.999900E+04  -0.999900E+04  -0.999900E+04  -0.999900E+04   0.189283E+03  -0.999900E+04  -0.999900E+04  -0.999900E+04  -0.999900E+04   0.189295E+03   0.590662E+03   0.142373E+01   0.429973E+02   0.200000E+02  -0.122118E-01  -0.999900E+04  -0.999900E+04  -0.999900E+04  -0.999900E+04  -0.846179E-01  -0.999900E+04  -0.999900E+04  -0.999900E+04  -0.999900E+04
   0.200000E+01   0.100000E+01   0.431000E+05   0.259200E+06   0.200000E+01   0.100000E+01   0.431000E+05   0.259200E+06   0.189340E+03  -0.999900E+04  -0.999900E+04  -0.999900E+04  -0.999900E+04   0.189340E+03  -0.999900E+04  -0.999900E+04  -0.999900E+04  -0.999900E+04   0.189341E+03   0.591388E+03   0.142104E+01   0.429651E+02   0.200000E+02  -0.100669E-02  -0.999900E+04  -0.999900E+04  -0.999900E+04  -0.999900E+04  -0.697555E-02  -0.999900E+04  -0.999900E+04  -0.999900E+04  -0.999900E+04
   0.200000E+01   0.100000E+01   0.432000E+05   0.259200E+06   0.200000E+01   0.100000E+01   0.432000E+05   0.259200E+06   0.189387E+03  -0.999900E+04  -0.999900E+04  -0.999900E+04  -0.999900E+04   0.189387E+03  -0.999900E+04  -0.999900E+04  -0.999900E+04  -0.999900E+04   0.189360E+03   0.591737E+03   0.144573E+01   0.429226E+02   0.200000E+02   0.267858E-01  -0.999900E+04  -0.999900E+04  -0.999900E+04  -0.999900E+04   0.185604E+00  -0.999900E+04  -0.999900E+04  -0.999900E+04  -0.999900E+04
   0.200000E+01   0.100000E+01   0.432500E+05   0.259200E+06   0.200000E+01   0.100000E+01   0.432500E+05   0.259200E+06   0.189413E+03  -0.999900E+04  -0.999900E+04  -0.999900E+04  -0.999900E+04   0.189413E+03  -0.999900E+04  -0.999900E+04  -0.999900E+04  -0.999900E+04   0.189370E+03   0.591912E+03   0.146019E+01   0.429226E+02   0.200000E+02   0.426218E-01  -0.999900E+04  -0.999900E+04  -0.999900E+04  -0.999900E+04   0.295335E+00  -0.999900E+04  -0.999900E+04  -0.999900E+04  -0.999900E+04
   0.200000E+01   0.100000E+01   0.433500E+05   0.259200E+06   0.200000E+01   0.100000E+01   0.433500E+05   0.259200E+06   0.189436E+03  -0.999900E+04  -0.999900E+04  -0.999900E+04  -0.999900E+04   0.189436E+03  -0.999900E+04  -0.999900E+04  -0.999900E+04  -0.999900E+04   0.189392E+03   0.592274E+03   0.148472E+01   0.428698E+02   0.200000E+02   0.439390E-01  -0.999900E+04  -0.999900E+04  -0.999900E+04  -0.999900E+04   0.304462E+00  -0.999900E+04  -0.999900E+04  -0.999900E+04  -0.999900E+04
   0.200000E+01   0.100000E+01   0.436000E+05   0.259200E+06   0.200000E+01   0.100000E+01   0.436000E+05   0.259200E+06   0.189477E+03  -0.999900E+04  -0.999900E+04  -0.999900E+04  -0.999900E+04   0.189477E+03  -0.999900E+04  -0.999900E+04  -0.999900E+04  -0.999900E+04   0.189465E+03   0.593259E+03   0.142886E+01   0.427333E+02   0.200000E+02   0.121121E-01  -0.999900E+04  -0.999900E+04  -0.999900E+04  -0.999900E+04   0.839272E-01  -0.999900E+04  -0.999900E+04  -0.999900E+04  -0.999900E+04
   0.200000E+01   0.100000E+01   0.436500E+05   0.259200E+06   0.200000E+01   0.100000E+01   0.436500E+05   0.259200E+06   0.189514E+03  -0.999900E+04  -0.999900E+04  -0.999900E+04  -0.999900E+04   0.189514E+03  -0.999900E+04  -0.999900E+04  -0.999900E+04  -0.999900E+04   0.189483E+03   0.593455E+03   0.131977E+01   0.427333E+02   0.200000E+02   0.307253E-01  -0.999900E+04  -0.999900E+04  -0.999900E+04  -0.999900E+04   0.212901E+00  -0.999900E+04  -0.999900E+04  -0.999900E+04  -0.999900E+04
   0.200000E+01   0.100000E+01   0.437000E+05   0.259200E+06   0.200000E+01   0.100000E+01   0.437000E+05   0.259200E+06   0.189532E+03  -0.999900E+04  -0.999900E+04  -0.999900E+04  -0.999900E+04   0.189532E+03  -0.999900E+04  -0.999900E+04  -0.999900E+04  -0.999900E+04   0.189500E+03   0.593653E+03   0.128344E+01   0.427333E+02   0.200000E+02   0.312338E-01  -0.999900E+04  -0.999900E+04  -0.999900E+04  -0.999900E+04   0.216425E+00  -0.999900E+04  -0.999900E+04  -0.999900E+04  -0.999900E+04
   0.200000E+01   0.100000E+01   0.437500E+05   0.259200E+06   0.200000E+01   0.100000E+01   0.437500E+05   0.259200E+06   0.189545E+03  -0.999900E+04  -0.999900E+04  -0.999900E+04  -0.999900E+04   0.189545E+03  -0.999900E+04  -0.999900E+04  -0.999900E+04  -0.999900E+04   0.189515E+03   0.593851E+03   0.125044E+01   0.426497E+02   0.200000E+02   0.304074E-01  -0.999900E+04  -0.999900E+04  -0.999900E+04  -0.999900E+04   0.210699E+00  -0.999900E+04  -0.999900E+04  -0.999900E+04  -0.999900E+04
   0.200000E+01   0.100000E+01   0.438500E+05   0.259200E+06   0.200000E+01   0.100000E+01   0.438500E+05   0.259200E+06   0.189573E+03  -0.999900E+04  -0.999900E+04  -0.999900E+04  -0.999900E+04   0.189573E+03  -0.999900E+04  -0.999900E+04  -0.999900E+04  -0.999900E+04   0.189538E+03   0.594255E+03   0.120166E+01   0.426497E+02   0.200000E+02   0.350498E-01  -0.999900E+04  -0.999900E+04  -0.999900E+04  -0.999900E+04   0.242867E+00  -0.999900E+04  -0.999900E+04  -0.999900E+04  -0.999900E+04
   0.200000E+01   0.100000E+01   0.440000E+05   0.259200E+06   0.200000E+01   0.100000E+01   0.440000E+05   0.259200E+06   0.189618E+03  -0.999900E+04  -0.999900E+04  -0.999900E+04  -0.999900E+04   0.189618E+03  -0.999900E+04  -0.999900E+04  -0.999900E+04  -0.999900E+04   0.189563E+03   0.594965E+03   0.116946E+01   0.425560E+02   0.200000E+02   0.546845E-01  -0.999900E+04  -0.999900E+04  -0.999900E+04  -0.999900E+04   0.378919E+00  -0.999900E+04  -0.999900E+04  -0.999900E+04  -0.999900E+04
   0.200000E+01   0.100000E+01   0.443200E+05   0.259200E+06   0.200000E+01   0.100000E+01   0.443200E+05   0.259200E+06   0.189748E+03  -0.999900E+04  -0.999900E+04  -0.999900E+04  -0.999900E+04   0.189748E+03  -0.999900E+04  -0.999900E+04  -0.999900E+04  -0.999900E+04   0.189568E+03   0.596413E+03   0.171415E+01   0.422154E+02   0.200000E+02   0.180437E+00  -0.999900E+04  -0.999900E+04  -0.999900E+04  -0.999900E+04   0.125029E+01  -0.999900E+04  -0.999900E+04  -0.999900E+04  -0.999900E+04
   0.200000E+01   0.100000E+01   0.444800E+05   0.259200E+06   0.200000E+01   0.100000E+01   0.444800E+05   0.259200E+06   0.189766E+03  -0.999900E+04  -0.999900E+04  -0.999900E+04  -0.999900E+04   0.189766E+03  -0.999900E+04  -0.999900E+04  -0.999900E+04  -0.999900E+04   0.189622E+03   0.597061E+03   0.192196E+01   0.420826E+02   0.200000E+02   0.143903E+00  -0.999900E+04  -0.999900E+04  -0.999900E+04  -0.999900E+04   0.997130E+00  -0.999900E+04  -0.999900E+04  -0.999900E+04  -0.999900E+04
   0.200000E+01   0.100000E+01   0.451200E+05   0.259200E+06   0.200000E+01   0.100000E+01   0.451200E+05   0.259200E+06   0.189936E+03  -0.999900E+04  -0.999900E+04  -0.999900E+04  -0.999900E+04   0.189936E+03  -0.999900E+04  -0.999900E+04  -0.999900E+04  -0.999900E+04   0.189940E+03   0.599568E+03   0.132183E+01   0.414610E+02   0.200000E+02  -0.476865E-02  -0.999900E+04  -0.999900E+04  -0.999900E+04  -0.999900E+04  -0.330429E-01  -0.999900E+04  -0.999900E+04  -0.999900E+04  -0.999900E+04
   0.200000E+01   0.100000E+01   0.452150E+05   0.259200E+06   0.200000E+01   0.100000E+01   0.452150E+05   0.259200E+06   0.189952E+03  -0.999900E+04  -0.999900E+04  -0.999900E+04  -0.999900E+04   0.189952E+03  -0.999900E+04  -0.999900E+04  -0.999900E+04  -0.999900E+04   0.189958E+03   0.599929E+03   0.132193E+01   0.412844E+02   0.200000E+02  -0.603833E-02  -0.999900E+04  -0.999900E+04  -0.999900E+04  -0.999900E+04  -0.418408E-01  -0.999900E+04  -0.999900E+04  -0.999900E+04  -0.999900E+04
   0.200000E+01   0.100000E+01   0.453100E+05   0.259200E+06   0.200000E+01   0.100000E+01   0.453100E+05   0.259200E+06   0.190009E+03  -0.999900E+04  -0.999900E+04  -0.999900E+04  -0.999900E+04   0.190009E+03  -0.999900E+04  -0.999900E+04  -0.999900E+04  -0.999900E+04   0.189973E+03   0.600280E+03   0.134196E+01   0.412844E+02   0.200000E+02   0.359149E-01  -0.999900E+04  -0.999900E+04  -0.999900E+04  -0.999900E+04   0.248861E+00  -0.999900E+04  -0.999900E+04  -0.999900E+04  -0.999900E+04
   0.200000E+01   0.100000E+01   0.454050E+05   0.259200E+06   0.200000E+01   0.100000E+01   0.454050E+05   0.259200E+06   0.190048E+03  -0.999900E+04  -0.999900E+04  -0.999900E+04  -0.999900E+04   0.190048E+03  -0.999900E+04  -0.999900E+04  -0.999900E+04  -0.999900E+04   0.189986E+03   0.600618E+03   0.137839E+01   0.411000E+02   0.200000E+02   0.616533E-01  -0.999900E+04  -0.999900E+04  -0.999900E+04  -0.999900E+04   0.427208E+00  -0.999900E+04  -0.999900E+04  -0.999900E+04  -0.999900E+04
   0.200000E+01   0.100000E+01   0.455000E+05   0.259200E+06   0.200000E+01   0.100000E+01   0.455000E+05   0.259200E+06   0.190076E+03  -0.999900E+04  -0.999900E+04  -0.999900E+04  -0.999900E+04   0.190076E+03  -0.999900E+04  -0.999900E+04  -0.999900E+04  -0.999900E+04   0.190002E+03   0.600946E+03   0.139645E+01   0.409081E+02   0.200000E+02   0.733570E-01  -0.999900E+04  -0.999900E+04  -0.999900E+04  -0.999900E+04   0.508305E+00  -0.999900E+04  -0.999900E+04  -0.999900E+04  -0.999900E+04
   0.200000E+01   0.100000E+01   0.460000E+05   0.259200E+06   0.200000E+01   0.100000E+01   0.460000E+05   0.259200E+06   0.190163E+03  -0.999900E+04  -0.999900E+04  -0.999900E+04  -0.999900E+04   0.190163E+03  -0.999900E+04  -0.999900E+04  -0.999900E+04  -0.999900E+04   0.190133E+03   0.602887E+03   0.155531E+01   0.402920E+02   0.200000E+02   0.299485E-01  -0.999900E+04  -0.999900E+04  -0.999900E+04  -0.999900E+04   0.207519E+00  -0.999900E+04  -0.999900E+04  -0.999900E+04  -0.999900E+04
   0.200000E+01   0.100000E+01   0.460500E+05   0.259200E+06   0.200000E+01   0.100000E+01   0.460500E+05   0.259200E+06   0.190167E+03  -0.999900E+04  -0.999900E+04  -0.999900E+04  -0.999900E+04   0.190167E+03  -0.999900E+04  -0.999900E+04  -0.999900E+04  -0.999900E+04   0.190155E+03   0.603102E+03   0.153998E+01   0.402920E+02   0.200000E+02   0.120655E-01  -0.999900E+04  -0.999900E+04  -0.999900E+04  -0.999900E+04   0.836044E-01  -0.999900E+04  -0.999900E+04  -0.999900E+04  -0.999900E+04
   0.200000E+01   0.100000E+01   0.461000E+05   0.259200E+06   0.200000E+01   0.100000E+01   0.461000E+05   0.259200E+06   0.190174E+03  -0.999900E+04  -0.999900E+04  -0.999900E+04  -0.999900E+04   0.190174E+03  -0.999900E+04  -0.999900E+04  -0.999900E+04  -0.999900E+04   0.190178E+03   0.603316E+03   0.151985E+01   0.400746E+02   0.200000E+02  -0.330386E-02  -0.999900E+04  -0.999900E+04  -0.999900E+04  -0.999900E+04  -0.228931E-01  -0.999900E+04  -0.999900E+04  -0.999900E+04  -0.999900E+04
   0.200000E+01   0.100000E+01   0.461500E+05   0.259200E+06   0.200000E+01   0.100000E+01   0.461500E+05   0.259200E+06   0.190167E+03  -0.999900E+04  -0.999900E+04  -0.999900E+04  -0.999900E+04   0.190167E+03  -0.999900E+04  -0.999900E+04  -0.999900E+04  -0.999900E+04   0.190199E+03   0.603526E+03   0.149688E+01   0.400746E+02   0.200000E+02  -0.324577E-01  -0.999900E+04  -0.999900E+04  -0.999900E+04  -0.999900E+04  -0.224906E+00  -0.999900E+04  -0.999900E+04  -0.999900E+04  -0.999900E+04
   0.200000E+01   0.100000E+01   0.462000E+05   0.259200E+06   0.200000E+01   0.100000E+01   0.462000E+05   0.259200E+06   0.190189E+03  -0.999900E+04  -0.999900E+04  -0.999900E+04  -0.999900E+04   0.190189E+03  -0.999900E+04  -0.999900E+04  -0.999900E+04  -0.999900E+04   0.190219E+03   0.603733E+03   0.147255E+01   0.400746E+02   0.200000E+02  -0.303230E-01  -0.999900E+04  -0.999900E+04  -0.999900E+04  -0.999900E+04  -0.210114E+00  -0.999900E+04  -0.999900E+04  -0.999900E+04  -0.999900E+04
   0.200000E+01   0.100000E+01   0.462500E+05   0.259200E+06   0.200000E+01   0.100000E+01   0.462500E+05   0.259200E+06   0.190186E+03  -0.999900E+04  -0.999900E+04  -0.999900E+04  -0.999900E+04   0.190186E+03  -0.999900E+04  -0.999900E+04  -0.999900E+04  -0.999900E+04   0.190238E+03   0.603936E+03   0.144772E+01   0.398520E+02   0.200000E+02  -0.524219E-01  -0.999900E+04  -0.999900E+04  -0.999900E+04  -0.999900E+04  -0.363241E+00  -0.999900E+04  -0.999900E+04  -0.999900E+04  -0.999900E+04
   0.200000E+01   0.100000E+01   0.463000E+05   0.259200E+06   0.200000E+01   0.100000E+01   0.463000E+05   0.259200E+06   0.190186E+03  -0.999900E+04  -0.999900E+04  -0.999900E+04  -0.999900E+04   0.190186E+03  -0.999900E+04  -0.999900E+04  -0.999900E+04  -0.999900E+04   0.190256E+03   0.604135E+03   0.142327E+01   0.398520E+02   0.200000E+02  -0.694610E-01  -0.999900E+04  -0.999900E+04  -0.999900E+04  -0.999900E+04  -0.481309E+00  -0.999900E+04  -0.999900E+04  -0.999900E+04  -0.999900E+04
   0.200000E+01   0.100000E+01   0.463500E+05   0.259200E+06   0.200000E+01   0.100000E+01   0.463500E+05   0.259200E+06   0.190236E+03  -0.999900E+04  -0.999900E+04  -0.999900E+04  -0.999900E+04   0.190236E+03  -0.999900E+04  -0.999900E+04  -0.999900E+04  -0.999900E+04   0.190272E+03   0.604332E+03   0.140039E+01   0.398520E+02   0.200000E+02  -0.361032E-01  -0.999900E+04  -0.999900E+04  -0.999900E+04  -0.999900E+04  -0.250166E+00  -0.999900E+04  -0.999900E+04  -0.999900E+04  -0.999900E+04
   0.200000E+01   0.100000E+01   0.464500E+05   0.259200E+06   0.200000E+01   0.100000E+01   0.464500E+05   0.259200E+06   0.190254E+03  -0.999900E+04  -0.999900E+04  -0.999900E+04  -0.999900E+04   0.190254E+03  -0.999900E+04  -0.999900E+04  -0.999900E+04  -0.999900E+04   0.190301E+03   0.604718E+03   0.136551E+01   0.396247E+02   0.200000E+02  -0.470644E-01  -0.999900E+04  -0.999900E+04  -0.999900E+04  -0.999900E+04  -0.326118E+00  -0.999900E+04  -0.999900E+04  -0.999900E+04  -0.999900E+04
   0.200000E+01   0.100000E+01   0.465000E+05   0.259200E+06   0.200000E+01   0.100000E+01   0.465000E+05   0.259200E+06   0.190272E+03  -0.999900E+04  -0.999900E+04  -0.999900E+04  -0.999900E+04   0.190272E+03  -0.999900E+04  -0.999900E+04  -0.999900E+04  -0.999900E+04   0.190313E+03   0.604911E+03   0.135734E+01   0.396247E+02   0.200000E+02  -0.418613E-01  -0.999900E+04  -0.999900E+04  -0.999900E+04  -0.999900E+04  -0.290065E+00  -0.999900E+04  -0.999900E+04  -0.999900E+04  -0.999900E+04
   0.200000E+01   0.100000E+01   0.470000E+05   0.259200E+06   0.200000E+01   0.100000E+01   0.470000E+05   0.259200E+06   0.190443E+03  -0.999900E+04  -0.999900E+04  -0.999900E+04  -0.999900E+04   0.190443E+03  -0.999900E+04  -0.999900E+04  -0.999900E+04  -0.999900E+04   0.190431E+03   0.606832E+03   0.123162E+01   0.386804E+02   0.200000E+02   0.116002E-01  -0.999900E+04  -0.999900E+04  -0.999900E+04  -0.999900E+04   0.803804E-01  -0.999900E+04  -0.999900E+04  -0.999900E+04  -0.999900E+04
   0.200000E+01   0.100000E+01   0.470500E+05   0.259200E+06   0.200000E+01   0.100000E+01   0.470500E+05   0.259200E+06   0.190442E+03  -0.999900E+04  -0.999900E+04  -0.999900E+04  -0.999900E+04   0.190442E+03  -0.999900E+04  -0.999900E+04  -0.999900E+04  -0.999900E+04   0.190439E+03   0.607024E+03   0.123598E+01   0.386804E+02   0.200000E+02   0.318093E-02  -0.999900E+04  -0.999900E+04  -0.999900E+04  -0.999900E+04   0.220413E-01  -0.999900E+04  -0.999900E+04  -0.999900E+04  -0.999900E+04
   0.200000E+01   0.100000E+01   0.471000E+05   0.259200E+06   0.200000E+01   0.100000E+01   0.471000E+05   0.259200E+06   0.190456E+03  -0.999900E+04  -0.999900E+04  -0.999900E+04  -0.999900E+04   0.190456E+03  -0.999900E+04  -0.999900E+04  -0.999900E+04  -0.999900E+04   0.190445E+03   0.607215E+03   0.125167E+01   0.386804E+02   0.200000E+02   0.109044E-01  -0.999900E+04  -0.999900E+04  -0.999900E+04  -0.999900E+04   0.755587E-01  -0.999900E+04  -0.999900E+04  -0.999900E+04  -0.999900E+04
   0.200000E+01   0.100000E+01   0.471500E+05   0.259200E+06   0.200000E+01   0.100000E+01   0.471500E+05   0.259200E+06   0.190468E+03  -0.999900E+04  -0.999900E+04  -0.999900E+04  -0.999900E+04   0.190468E+03  -0.999900E+04  -0.999900E+04  -0.999900E+04  -0.999900E+04   0.190451E+03   0.607401E+03   0.127530E+01   0.384386E+02   0.200000E+02   0.171671E-01  -0.999900E+04  -0.999900E+04  -0.999900E+04  -0.999900E+04   0.118954E+00  -0.999900E+04  -0.999900E+04  -0.999900E+04  -0.999900E+04
   0.200000E+01   0.100000E+01   0.472500E+05   0.259200E+06   0.200000E+01   0.100000E+01   0.472500E+05   0.259200E+06   0.190528E+03  -0.999900E+04  -0.999900E+04  -0.999900E+04  -0.999900E+04   0.190528E+03  -0.999900E+04  -0.999900E+04  -0.999900E+04  -0.999900E+04   0.190462E+03   0.607754E+03   0.133238E+01   0.381959E+02   0.200000E+02   0.660333E-01  -0.999900E+04  -0.999900E+04  -0.999900E+04  -0.999900E+04   0.457558E+00  -0.999900E+04  -0.999900E+04  -0.999900E+04  -0.999900E+04
   0.200000E+01   0.100000E+01   0.473000E+05   0.259200E+06   0.200000E+01   0.100000E+01   0.473000E+05   0.259200E+06   0.190534E+03  -0.999900E+04  -0.999900E+04  -0.999900E+04  -0.999900E+04   0.190534E+03  -0.999900E+04  -0.999900E+04  -0.999900E+04  -0.999900E+04   0.190468E+03   0.607920E+03   0.135921E+01   0.381959E+02   0.200000E+02   0.655435E-01  -0.999900E+04  -0.999900E+04  -0.999900E+04  -0.999900E+04   0.454164E+00  -0.999900E+04  -0.999900E+04  -0.999900E+04  -0.999900E+04
   0.200000E+01   0.100000E+01   0.473500E+05   0.259200E+06   0.200000E+01   0.100000E+01   0.473500E+05   0.259200E+06   0.190560E+03  -0.999900E+04  -0.999900E+04  -0.999900E+04  -0.999900E+04   0.190560E+03  -0.999900E+04  -0.999900E+04  -0.999900E+04  -0.999900E+04   0.190474E+03   0.608080E+03   0.138142E+01   0.381959E+02   0.200000E+02   0.850127E-01  -0.999900E+04  -0.999900E+04  -0.999900E+04  -0.999900E+04   0.589070E+00  -0.999900E+04  -0.999900E+04  -0.999900E+04  -0.999900E+04
   0.200000E+01   0.100000E+01   0.474000E+05   0.259200E+06   0.200000E+01   0.100000E+01   0.474000E+05   0.259200E+06   0.190548E+03  -0.999900E+04  -0.999900E+04  -0.999900E+04  -0.999900E+04   0.190548E+03  -0.999900E+04  -0.999900E+04  -0.999900E+04  -0.999900E+04   0.190482E+03   0.608233E+03   0.139735E+01   0.379529E+02   0.200000E+02   0.661969E-01  -0.999900E+04  -0.999900E+04  -0.999900E+04  -0.999900E+04   0.458692E+00  -0.999900E+04  -0.999900E+04  -0.999900E+04  -0.999900E+04
   0.200000E+01   0.100000E+01   0.475000E+05   0.259200E+06   0.200000E+01   0.100000E+01   0.475000E+05   0.259200E+06   0.190569E+03  -0.999900E+04  -0.999900E+04  -0.999900E+04  -0.999900E+04   0.190569E+03  -0.999900E+04  -0.999900E+04  -0.999900E+04  -0.999900E+04   0.190500E+03   0.608529E+03   0.140748E+01   0.379529E+02   0.200000E+02   0.689662E-01  -0.999900E+04  -0.999900E+04  -0.999900E+04  -0.999900E+04   0.477880E+00  -0.999900E+04  -0.999900E+04  -0.999900E+04  -0.999900E+04
   0.200000E+01   0.100000E+01   0.475500E+05   0.259200E+06   0.200000E+01   0.100000E+01   0.475500E+05   0.259200E+06   0.190576E+03  -0.999900E+04  -0.999900E+04  -0.999900E+04  -0.999900E+04   0.190576E+03  -0.999900E+04  -0.999900E+04  -0.999900E+04  -0.999900E+04   0.190509E+03   0.608676E+03   0.140822E+01   0.377104E+02   0.200000E+02   0.666447E-01  -0.999900E+04  -0.999900E+04  -0.999900E+04  -0.999900E+04   0.461794E+00  -0.999900E+04  -0.999900E+04  -0.999900E+04  -0.999900E+04
   0.200000E+01   0.100000E+01   0.477000E+05   0.259200E+06   0.200000E+01   0.100000E+01   0.477000E+05   0.259200E+06   0.190633E+03  -0.999900E+04  -0.999900E+04  -0.999900E+04  -0.999900E+04   0.190633E+03  -0.999900E+04  -0.999900E+04  -0.999900E+04  -0.999900E+04   0.190536E+03   0.609140E+03   0.144105E+01   0.374692E+02   0.200000E+02   0.969367E-01  -0.999900E+04  -0.999900E+04  -0.999900E+04  -0.999900E+04   0.671693E+00  -0.999900E+04  -0.999900E+04  -0.999900E+04  -0.999900E+04
   0.200000E+01   0.100000E+01   0.477500E+05   0.259200E+06   0.200000E+01   0.100000E+01   0.477500E+05   0.259200E+06   0.190634E+03  -0.999900E+04  -0.999900E+04  -0.999900E+04  -0.999900E+04   0.190634E+03  -0.999900E+04  -0.999900E+04  -0.999900E+04  -0.999900E+04   0.190546E+03   0.609304E+03   0.145937E+01   0.374692E+02   0.200000E+02   0.886067E-01  -0.999900E+04  -0.999900E+04  -0.999900E+04  -0.999900E+04   0.613974E+00  -0.999900E+04  -0.999900E+04  -0.999900E+04  -0.999900E+04
   0.200000E+01   0.100000E+01   0.478000E+05   0.259200E+06   0.200000E+01   0.100000E+01   0.478000E+05   0.259200E+06   0.190624E+03  -0.999900E+04  -0.999900E+04  -0.999900E+04  -0.999900E+04   0.190624E+03  -0.999900E+04  -0.999900E+04  -0.999900E+04  -0.999900E+04   0.190556E+03   0.609471E+03   0.147950E+01   0.374692E+02   0.200000E+02   0.682512E-01  -0.999900E+04  -0.999900E+04  -0.999900E+04  -0.999900E+04   0.472926E+00  -0.999900E+04  -0.999900E+04  -0.999900E+04  -0.999900E+04
   0.200000E+01   0.100000E+01   0.478500E+05   0.259200E+06   0.200000E+01   0.100000E+01   0.478500E+05   0.259200E+06   0.190632E+03  -0.999900E+04  -0.999900E+04  -0.999900E+04  -0.999900E+04   0.190632E+03  -0.999900E+04  -0.999900E+04  -0.999900E+04  -0.999900E+04   0.190567E+03   0.609643E+03   0.149919E+01   0.372300E+02   0.200000E+02   0.649818E-01  -0.999900E+04  -0.999900E+04  -0.999900E+04  -0.999900E+04   0.450271E+00  -0.999900E+04  -0.999900E+04  -0.999900E+04  -0.999900E+04
   0.200000E+01   0.100000E+01   0.479500E+05   0.259200E+06   0.200000E+01   0.100000E+01   0.479500E+05   0.259200E+06   0.190661E+03  -0.999900E+04  -0.999900E+04  -0.999900E+04  -0.999900E+04   0.190661E+03  -0.999900E+04  -0.999900E+04  -0.999900E+04  -0.999900E+04   0.190594E+03   0.609996E+03   0.152480E+01   0.372300E+02   0.200000E+02   0.671059E-01  -0.999900E+04  -0.999900E+04  -0.999900E+04  -0.999900E+04   0.464990E+00  -0.999900E+04  -0.999900E+04  -0.999900E+04  -0.999900E+04
   0.200000E+01   0.100000E+01   0.480000E+05   0.259200E+06   0.200000E+01   0.100000E+01   0.480000E+05   0.259200E+06   0.190640E+03  -0.999900E+04  -0.999900E+04  -0.999900E+04  -0.999900E+04   0.190640E+03  -0.999900E+04  -0.999900E+04  -0.999900E+04  -0.999900E+04   0.190611E+03   0.610175E+03   0.152372E+01   0.369937E+02   0.200000E+02   0.297348E-01  -0.999900E+04  -0.999900E+04  -0.999900E+04  -0.999900E+04   0.206038E+00  -0.999900E+04  -0.999900E+04  -0.999900E+04  -0.999900E+04
   0.200000E+01   0.100000E+01   0.481000E+05   0.259200E+06   0.200000E+01   0.100000E+01   0.481000E+05   0.259200E+06   0.190644E+03  -0.999900E+04  -0.999900E+04  -0.999900E+04  -0.999900E+04   0.190644E+03  -0.999900E+04  -0.999900E+04  -0.999900E+04  -0.999900E+04   0.190639E+03   0.610534E+03   0.155552E+01   0.369937E+02   0.200000E+02   0.500415E-02  -0.999900E+04  -0.999900E+04  -0.999900E+04  -0.999900E+04   0.346747E-01  -0.999900E+04  -0.999900E+04  -0.999900E+04  -0.999900E+04
   0.200000E+01   0.100000E+01   0.481500E+05   0.259200E+06   0.200000E+01   0.100000E+01   0.481500E+05   0.259200E+06   0.190709E+03  -0.999900E+04  -0.999900E+04  -0.999900E+04  -0.999900E+04   0.190709E+03  -0.999900E+04  -0.999900E+04  -0.999900E+04  -0.999900E+04   0.190652E+03   0.610715E+03   0.159500E+01   0.367611E+02   0.200000E+02   0.574750E-01  -0.999900E+04  -0.999900E+04  -0.999900E+04  -0.999900E+04   0.398256E+00  -0.999900E+04  -0.999900E+04  -0.999900E+04  -0.999900E+04
   0.200000E+01   0.100000E+01   0.482000E+05   0.259200E+06   0.200000E+01   0.100000E+01   0.482000E+05   0.259200E+06   0.190732E+03  -0.999900E+04  -0.999900E+04  -0.999900E+04  -0.999900E+04   0.190732E+03  -0.999900E+04  -0.999900E+04  -0.999900E+04  -0.999900E+04   0.190665E+03   0.610897E+03   0.163990E+01   0.367611E+02   0.200000E+02   0.672915E-01  -0.999900E+04  -0.999900E+04  -0.999900E+04  -0.999900E+04   0.466276E+00  -0.999900E+04  -0.999900E+04  -0.999900E+04  -0.999900E+04
   0.200000E+01   0.100000E+01   0.483000E+05   0.259200E+06   0.200000E+01   0.100000E+01   0.483000E+05   0.259200E+06   0.190753E+03  -0.999900E+04  -0.999900E+04  -0.999900E+04  -0.999900E+04   0.190753E+03  -0.999900E+04  -0.999900E+04  -0.999900E+04  -0.999900E+04   0.190700E+03   0.611264E+03   0.171655E+01   0.365330E+02   0.200000E+02   0.538913E-01  -0.999900E+04  -0.999900E+04  -0.999900E+04  -0.999900E+04   0.373424E+00  -0.999900E+04  -0.999900E+04  -0.999900E+04  -0.999900E+04
   0.200000E+01   0.100000E+01   0.483500E+05   0.259200E+06   0.200000E+01   0.100000E+01   0.483500E+05   0.259200E+06   0.190767E+03  -0.999900E+04  -0.999900E+04  -0.999900E+04  -0.999900E+04   0.190767E+03  -0.999900E+04  -0.999900E+04  -0.999900E+04  -0.999900E+04   0.190723E+03   0.611451E+03   0.173752E+01   0.365330E+02   0.200000E+02   0.445454E-01  -0.999900E+04  -0.999900E+04  -0.999900E+04  -0.999900E+04   0.308664E+00  -0.999900E+04  -0.999900E+04  -0.999900E+04  -0.999900E+04
   0.200000E+01   0.100000E+01   0.484000E+05   0.259200E+06   0.200000E+01   0.100000E+01   0.484000E+05   0.259200E+06   0.190777E+03  -0.999900E+04  -0.999900E+04  -0.999900E+04  -0.999900E+04   0.190777E+03  -0.999900E+04  -0.999900E+04  -0.999900E+04  -0.999900E+04   0.190750E+03   0.611640E+03   0.174468E+01   0.365330E+02   0.200000E+02   0.268458E-01  -0.999900E+04  -0.999900E+04  -0.999900E+04  -0.999900E+04   0.186020E+00  -0.999900E+04  -0.999900E+04  -0.999900E+04  -0.999900E+04
   0.200000E+01   0.100000E+01   0.484500E+05   0.259200E+06   0.200000E+01   0.100000E+01   0.484500E+05   0.259200E+06   0.190787E+03  -0.999900E+04  -0.999900E+04  -0.999900E+04  -0.999900E+04   0.190787E+03  -0.999900E+04  -0.999900E+04  -0.999900E+04  -0.999900E+04   0.190780E+03   0.611830E+03   0.173954E+01   0.363104E+02   0.200000E+02   0.658596E-02  -0.999900E+04  -0.999900E+04  -0.999900E+04  -0.999900E+04   0.456354E-01  -0.999900E+04  -0.999900E+04  -0.999900E+04  -0.999900E+04
   0.200000E+01   0.100000E+01   0.485000E+05   0.259200E+06   0.200000E+01   0.100000E+01   0.485000E+05   0.259200E+06   0.190792E+03  -0.999900E+04  -0.999900E+04  -0.999900E+04  -0.999900E+04   0.190792E+03  -0.999900E+04  -0.999900E+04  -0.999900E+04  -0.999900E+04   0.190812E+03   0.612021E+03   0.172462E+01   0.363104E+02   0.200000E+02  -0.197523E-01  -0.999900E+04  -0.999900E+04  -0.999900E+04  -0.999900E+04  -0.136868E+00  -0.999900E+04  -0.999900E+04  -0.999900E+04  -0.999900E+04
   0.200000E+01   0.100000E+01   0.485500E+05   0.259200E+06   0.200000E+01   0.100000E+01   0.485500E+05   0.259200E+06   0.190792E+03  -0.999900E+04  -0.999900E+04  -0.999900E+04  -0.999900E+04   0.190792E+03  -0.999900E+04  -0.999900E+04  -0.999900E+04  -0.999900E+04   0.190844E+03   0.612209E+03   0.170156E+01   0.363104E+02   0.200000E+02  -0.517263E-01  -0.999900E+04  -0.999900E+04  -0.999900E+04  -0.999900E+04  -0.358422E+00  -0.999900E+04  -0.999900E+04  -0.999900E+04  -0.999900E+04
   0.200000E+01   0.100000E+01   0.486000E+05   0.259200E+06   0.200000E+01   0.100000E+01   0.486000E+05   0.259200E+06   0.190835E+03  -0.999900E+04  -0.999900E+04  -0.999900E+04  -0.999900E+04   0.190835E+03  -0.999900E+04  -0.999900E+04  -0.999900E+04  -0.999900E+04   0.190875E+03   0.612393E+03   0.167375E+01   0.360942E+02   0.200000E+02  -0.398610E-01  -0.999900E+04  -0.999900E+04  -0.999900E+04  -0.999900E+04  -0.276205E+00  -0.999900E+04  -0.999900E+04  -0.999900E+04  -0.999900E+04
   0.200000E+01   0.100000E+01   0.486500E+05   0.259200E+06   0.200000E+01   0.100000E+01   0.486500E+05   0.259200E+06   0.190858E+03  -0.999900E+04  -0.999900E+04  -0.999900E+04  -0.999900E+04   0.190858E+03  -0.999900E+04  -0.999900E+04  -0.999900E+04  -0.999900E+04   0.190904E+03   0.612573E+03   0.164569E+01   0.360942E+02   0.200000E+02  -0.458121E-01  -0.999900E+04  -0.999900E+04  -0.999900E+04  -0.999900E+04  -0.317441E+00  -0.999900E+04  -0.999900E+04  -0.999900E+04  -0.999900E+04
   0.200000E+01   0.100000E+01   0.487000E+05   0.259200E+06   0.200000E+01   0.100000E+01   0.487000E+05   0.259200E+06   0.190864E+03  -0.999900E+04  -0.999900E+04  -0.999900E+04  -0.999900E+04   0.190864E+03  -0.999900E+04  -0.999900E+04  -0.999900E+04  -0.999900E+04   0.190931E+03   0.612746E+03   0.162084E+01   0.360942E+02   0.200000E+02  -0.665319E-01  -0.999900E+04  -0.999900E+04  -0.999900E+04  -0.999900E+04  -0.461013E+00  -0.999900E+04  -0.999900E+04  -0.999900E+04  -0.999900E+04
   0.200000E+01   0.100000E+01   0.487500E+05   0.259200E+06   0.200000E+01   0.100000E+01   0.487500E+05   0.259200E+06   0.190882E+03  -0.999900E+04  -0.999900E+04  -0.999900E+04  -0.999900E+04   0.190882E+03  -0.999900E+04  -0.999900E+04  -0.999900E+04  -0.999900E+04   0.190955E+03   0.612912E+03   0.160106E+01   0.358853E+02   0.200000E+02  -0.725661E-01  -0.999900E+04  -0.999900E+04  -0.999900E+04  -0.999900E+04  -0.502825E+00  -0.999900E+04  -0.999900E+04  -0.999900E+04  -0.999900E+04
   0.200000E+01   0.100000E+01   0.488000E+05   0.259200E+06   0.200000E+01   0.100000E+01   0.488000E+05   0.259200E+06   0.190886E+03  -0.999900E+04  -0.999900E+04  -0.999900E+04  -0.999900E+04   0.190886E+03  -0.999900E+04  -0.999900E+04  -0.999900E+04  -0.999900E+04   0.190976E+03   0.613072E+03   0.158691E+01   0.358853E+02   0.200000E+02  -0.897284E-01  -0.999900E+04  -0.999900E+04  -0.999900E+04  -0.999900E+04  -0.621746E+00  -0.999900E+04  -0.999900E+04  -0.999900E+04  -0.999900E+04
   0.200000E+01   0.100000E+01   0.488500E+05   0.259200E+06   0.200000E+01   0.100000E+01   0.488500E+05   0.259200E+06   0.190951E+03  -0.999900E+04  -0.999900E+04  -0.999900E+04  -0.999900E+04   0.190951E+03  -0.999900E+04  -0.999900E+04  -0.999900E+04  -0.999900E+04   0.190995E+03   0.613226E+03   0.157784E+01   0.358853E+02   0.200000E+02  -0.440698E-01  -0.999900E+04  -0.999900E+04  -0.999900E+04  -0.999900E+04  -0.305368E+00  -0.999900E+04  -0.999900E+04  -0.999900E+04  -0.999900E+04
   0.200000E+01   0.100000E+01   0.489000E+05   0.259200E+06   0.200000E+01   0.100000E+01   0.489000E+05   0.259200E+06   0.190958E+03  -0.999900E+04  -0.999900E+04  -0.999900E+04  -0.999900E+04   0.190958E+03  -0.999900E+04  -0.999900E+04  -0.999900E+04  -0.999900E+04   0.191013E+03   0.613374E+03   0.157223E+01   0.356847E+02   0.200000E+02  -0.546463E-01  -0.999900E+04  -0.999900E+04  -0.999900E+04  -0.999900E+04  -0.378655E+00  -0.999900E+04  -0.999900E+04  -0.999900E+04  -0.999900E+04
   0.200000E+01   0.100000E+01   0.489500E+05   0.259200E+06   0.200000E+01   0.100000E+01   0.489500E+05   0.259200E+06   0.190991E+03  -0.999900E+04  -0.999900E+04  -0.999900E+04  -0.999900E+04   0.190991E+03  -0.999900E+04  -0.999900E+04  -0.999900E+04  -0.999900E+04   0.191030E+03   0.613519E+03   0.156793E+01   0.356847E+02   0.200000E+02  -0.387293E-01  -0.999900E+04  -0.999900E+04  -0.999900E+04  -0.999900E+04  -0.268363E+00  -0.999900E+04  -0.999900E+04  -0.999900E+04  -0.999900E+04
   0.200000E+01   0.100000E+01   0.490500E+05   0.259200E+06   0.200000E+01   0.100000E+01   0.490500E+05   0.259200E+06   0.191022E+03  -0.999900E+04  -0.999900E+04  -0.999900E+04  -0.999900E+04   0.191022E+03  -0.999900E+04  -0.999900E+04  -0.999900E+04  -0.999900E+04   0.191067E+03   0.613806E+03   0.143549E+01   0.354934E+02   0.200000E+02  -0.445572E-01  -0.999900E+04  -0.999900E+04  -0.999900E+04  -0.999900E+04  -0.308746E+00  -0.999900E+04  -0.999900E+04  -0.999900E+04  -0.999900E+04
   0.200000E+01   0.100000E+01   0.491000E+05   0.259200E+06   0.200000E+01   0.100000E+01   0.491000E+05   0.259200E+06   0.191013E+03  -0.999900E+04  -0.999900E+04  -0.999900E+04  -0.999900E+04   0.191013E+03  -0.999900E+04  -0.999900E+04  -0.999900E+04  -0.999900E+04   0.191085E+03   0.613950E+03   0.155055E+01   0.354934E+02   0.200000E+02  -0.715947E-01  -0.999900E+04  -0.999900E+04  -0.999900E+04  -0.999900E+04  -0.496094E+00  -0.999900E+04  -0.999900E+04  -0.999900E+04  -0.999900E+04
   0.200000E+01   0.100000E+01   0.491500E+05   0.259200E+06   0.200000E+01   0.100000E+01   0.491500E+05   0.259200E+06   0.191045E+03  -0.999900E+04  -0.999900E+04  -0.999900E+04  -0.999900E+04   0.191045E+03  -0.999900E+04  -0.999900E+04  -0.999900E+04  -0.999900E+04   0.191103E+03   0.614097E+03   0.153234E+01   0.354934E+02   0.200000E+02  -0.577121E-01  -0.999900E+04  -0.999900E+04  -0.999900E+04  -0.999900E+04  -0.399898E+00  -0.999900E+04  -0.999900E+04  -0.999900E+04  -0.999900E+04
   0.200000E+01   0.100000E+01   0.492000E+05   0.259200E+06   0.200000E+01   0.100000E+01   0.492000E+05   0.259200E+06   0.191059E+03  -0.999900E+04  -0.999900E+04  -0.999900E+04  -0.999900E+04   0.191059E+03  -0.999900E+04  -0.999900E+04  -0.999900E+04  -0.999900E+04   0.191124E+03   0.614248E+03   0.149635E+01   0.353124E+02   0.200000E+02  -0.648251E-01  -0.999900E+04  -0.999900E+04  -0.999900E+04  -0.999900E+04  -0.449186E+00  -0.999900E+04  -0.999900E+04  -0.999900E+04  -0.999900E+04
   0.200000E+01   0.100000E+01   0.492500E+05   0.259200E+06   0.200000E+01   0.100000E+01   0.492500E+05   0.259200E+06   0.191072E+03  -0.999900E+04  -0.999900E+04  -0.999900E+04  -0.999900E+04   0.191072E+03  -0.999900E+04  -0.999900E+04  -0.999900E+04  -0.999900E+04   0.191146E+03   0.614407E+03   0.144565E+01   0.353124E+02   0.200000E+02  -0.740029E-01  -0.999900E+04  -0.999900E+04  -0.999900E+04  -0.999900E+04  -0.512781E+00  -0.999900E+04  -0.999900E+04  -0.999900E+04  -0.999900E+04
   0.200000E+01   0.100000E+01   0.493000E+05   0.259200E+06   0.200000E+01   0.100000E+01   0.493000E+05   0.259200E+06   0.191163E+03  -0.999900E+04  -0.999900E+04  -0.999900E+04  -0.999900E+04   0.191163E+03  -0.999900E+04  -0.999900E+04  -0.999900E+04  -0.999900E+04   0.191168E+03   0.614575E+03   0.138914E+01   0.353124E+02   0.200000E+02  -0.542134E-02  -0.999900E+04  -0.999900E+04  -0.999900E+04  -0.999900E+04  -0.375655E-01  -0.999900E+04  -0.999900E+04  -0.999900E+04  -0.999900E+04
   0.200000E+01   0.100000E+01   0.493500E+05   0.259200E+06   0.200000E+01   0.100000E+01   0.493500E+05   0.259200E+06   0.191154E+03  -0.999900E+04  -0.999900E+04  -0.999900E+04  -0.999900E+04   0.191154E+03  -0.999900E+04  -0.999900E+04  -0.999900E+04  -0.999900E+04   0.191189E+03   0.614753E+03   0.133587E+01   0.351427E+02   0.200000E+02  -0.341681E-01  -0.999900E+04  -0.999900E+04  -0.999900E+04  -0.999900E+04  -0.236758E+00  -0.999900E+04  -0.999900E+04  -0.999900E+04  -0.999900E+04
   0.200000E+01   0.100000E+01   0.494000E+05   0.259200E+06   0.200000E+01   0.100000E+01   0.494000E+05   0.259200E+06   0.191172E+03  -0.999900E+04  -0.999900E+04  -0.999900E+04  -0.999900E+04   0.191172E+03  -0.999900E+04  -0.999900E+04  -0.999900E+04  -0.999900E+04   0.191207E+03   0.614940E+03   0.129220E+01   0.351427E+02   0.200000E+02  -0.344413E-01  -0.999900E+04  -0.999900E+04  -0.999900E+04  -0.999900E+04  -0.238651E+00  -0.999900E+04  -0.999900E+04  -0.999900E+04  -0.999900E+04
   0.200000E+01   0.100000E+01   0.495000E+05   0.259200E+06   0.200000E+01   0.100000E+01   0.495000E+05   0.259200E+06   0.191230E+03  -0.999900E+04  -0.999900E+04  -0.999900E+04  -0.999900E+04   0.191230E+03  -0.999900E+04  -0.999900E+04  -0.999900E+04  -0.999900E+04   0.191235E+03   0.615330E+03   0.124901E+01   0.349855E+02   0.200000E+02  -0.584312E-02  -0.999900E+04  -0.999900E+04  -0.999900E+04  -0.999900E+04  -0.404881E-01  -0.999900E+04  -0.999900E+04  -0.999900E+04  -0.999900E+04
   0.200000E+01   0.100000E+01   0.500000E+05   0.259200E+06   0.200000E+01   0.100000E+01   0.500000E+05   0.259200E+06   0.191323E+03  -0.999900E+04  -0.999900E+04  -0.999900E+04  -0.999900E+04   0.191323E+03  -0.999900E+04  -0.999900E+04  -0.999900E+04  -0.999900E+04   0.191361E+03   0.617440E+03   0.132995E+01   0.345995E+02   0.200000E+02  -0.375840E-01  -0.999900E+04  -0.999900E+04  -0.999900E+04  -0.999900E+04  -0.260427E+00  -0.999900E+04  -0.999900E+04  -0.999900E+04  -0.999900E+04
   0.200000E+01   0.100000E+01   0.500800E+05   0.259200E+06   0.200000E+01   0.100000E+01   0.500800E+05   0.259200E+06   0.191363E+03  -0.999900E+04  -0.999900E+04  -0.999900E+04  -0.999900E+04   0.191363E+03  -0.999900E+04  -0.999900E+04  -0.999900E+04  -0.999900E+04   0.191392E+03   0.617794E+03   0.128665E+01   0.345033E+02   0.200000E+02  -0.286983E-01  -0.999900E+04  -0.999900E+04  -0.999900E+04  -0.999900E+04  -0.198856E+00  -0.999900E+04  -0.999900E+04  -0.999900E+04  -0.999900E+04
   0.200000E+01   0.100000E+01   0.501200E+05   0.259200E+06   0.200000E+01   0.100000E+01   0.501200E+05   0.259200E+06   0.191381E+03  -0.999900E+04  -0.999900E+04  -0.999900E+04  -0.999900E+04   0.191381E+03  -0.999900E+04  -0.999900E+04  -0.999900E+04  -0.999900E+04   0.191407E+03   0.617964E+03   0.125438E+01   0.345033E+02   0.200000E+02  -0.256587E-01  -0.999900E+04  -0.999900E+04  -0.999900E+04  -0.999900E+04  -0.177794E+00  -0.999900E+04  -0.999900E+04  -0.999900E+04  -0.999900E+04
   0.200000E+01   0.100000E+01   0.501600E+05   0.259200E+06   0.200000E+01   0.100000E+01   0.501600E+05   0.259200E+06   0.191402E+03  -0.999900E+04  -0.999900E+04  -0.999900E+04  -0.999900E+04   0.191402E+03  -0.999900E+04  -0.999900E+04  -0.999900E+04  -0.999900E+04   0.191420E+03   0.618129E+03   0.122500E+01   0.345033E+02   0.200000E+02  -0.180491E-01  -0.999900E+04  -0.999900E+04  -0.999900E+04  -0.999900E+04  -0.125066E+00  -0.999900E+04  -0.999900E+04  -0.999900E+04  -0.999900E+04
   0.200000E+01   0.100000E+01   0.502400E+05   0.259200E+06   0.200000E+01   0.100000E+01   0.502400E+05   0.259200E+06   0.191430E+03  -0.999900E+04  -0.999900E+04  -0.999900E+04  -0.999900E+04   0.191430E+03  -0.999900E+04  -0.999900E+04  -0.999900E+04  -0.999900E+04   0.191441E+03   0.618439E+03   0.118744E+01   0.344252E+02   0.200000E+02  -0.109469E-01  -0.999900E+04  -0.999900E+04  -0.999900E+04  -0.999900E+04  -0.758529E-01  -0.999900E+04  -0.999900E+04  -0.999900E+04  -0.999900E+04
   0.200000E+01   0.100000E+01   0.502800E+05   0.259200E+06   0.200000E+01   0.100000E+01   0.502800E+05   0.259200E+06   0.191437E+03  -0.999900E+04  -0.999900E+04  -0.999900E+04  -0.999900E+04   0.191437E+03  -0.999900E+04  -0.999900E+04  -0.999900E+04  -0.999900E+04   0.191449E+03   0.618584E+03   0.117923E+01   0.344252E+02   0.200000E+02  -0.124035E-01  -0.999900E+04  -0.999900E+04  -0.999900E+04  -0.999900E+04  -0.859462E-01  -0.999900E+04  -0.999900E+04  -0.999900E+04  -0.999900E+04
   0.200000E+01   0.100000E+01   0.503600E+05   0.259200E+06   0.200000E+01   0.100000E+01   0.503600E+05   0.259200E+06   0.191465E+03  -0.999900E+04  -0.999900E+04  -0.999900E+04  -0.999900E+04   0.191465E+03  -0.999900E+04  -0.999900E+04  -0.999900E+04  -0.999900E+04   0.191463E+03   0.618862E+03   0.117413E+01   0.343666E+02   0.200000E+02   0.210938E-02  -0.999900E+04  -0.999900E+04  -0.999900E+04  -0.999900E+04   0.146163E-01  -0.999900E+04  -0.999900E+04  -0.999900E+04  -0.999900E+04
   0.200000E+01   0.100000E+01   0.505000E+05   0.259200E+06   0.200000E+01   0.100000E+01   0.505000E+05   0.259200E+06   0.191497E+03  -0.999900E+04  -0.999900E+04  -0.999900E+04  -0.999900E+04   0.191497E+03  -0.999900E+04  -0.999900E+04  -0.999900E+04  -0.999900E+04   0.191487E+03   0.619358E+03   0.116658E+01   0.343286E+02   0.200000E+02   0.974626E-02  -0.999900E+04  -0.999900E+04  -0.999900E+04  -0.999900E+04   0.675338E-01  -0.999900E+04  -0.999900E+04  -0.999900E+04  -0.999900E+04
   0.200000E+01   0.100000E+01   0.510000E+05   0.259200E+06   0.200000E+01   0.100000E+01   0.510000E+05   0.259200E+06   0.191703E+03  -0.999900E+04  -0.999900E+04  -0.999900E+04  -0.999900E+04   0.191703E+03  -0.999900E+04  -0.999900E+04  -0.999900E+04  -0.999900E+04   0.191575E+03   0.621330E+03   0.130048E+01   0.343517E+02   0.200000E+02   0.128091E+00  -0.999900E+04  -0.999900E+04  -0.999900E+04  -0.999900E+04   0.887568E+00  -0.999900E+04  -0.999900E+04  -0.999900E+04  -0.999900E+04
   0.200000E+01   0.100000E+01   0.515000E+05   0.259200E+06   0.200000E+01   0.100000E+01   0.515000E+05   0.259200E+06   0.191792E+03  -0.999900E+04  -0.999900E+04  -0.999900E+04  -0.999900E+04   0.191792E+03  -0.999900E+04  -0.999900E+04  -0.999900E+04  -0.999900E+04   0.191767E+03   0.623461E+03   0.151462E+01   0.346086E+02   0.200000E+02   0.246033E-01  -0.999900E+04  -0.999900E+04  -0.999900E+04  -0.999900E+04   0.170481E+00  -0.999900E+04  -0.999900E+04  -0.999900E+04  -0.999900E+04
   0.200000E+01   0.100000E+01   0.516000E+05   0.259200E+06   0.200000E+01   0.100000E+01   0.516000E+05   0.259200E+06   0.191839E+03  -0.999900E+04  -0.999900E+04  -0.999900E+04  -0.999900E+04   0.191839E+03  -0.999900E+04  -0.999900E+04  -0.999900E+04  -0.999900E+04   0.191826E+03   0.623879E+03   0.145548E+01   0.347527E+02   0.200000E+02   0.130382E-01  -0.999900E+04  -0.999900E+04  -0.999900E+04  -0.999900E+04   0.903443E-01  -0.999900E+04  -0.999900E+04  -0.999900E+04  -0.999900E+04
   0.200000E+01   0.100000E+01   0.517500E+05   0.259200E+06   0.200000E+01   0.100000E+01   0.517500E+05   0.259200E+06   0.191885E+03  -0.999900E+04  -0.999900E+04  -0.999900E+04  -0.999900E+04   0.191885E+03  -0.999900E+04  -0.999900E+04  -0.999900E+04  -0.999900E+04   0.191897E+03   0.624469E+03   0.135244E+01   0.349285E+02   0.200000E+02  -0.126915E-01  -0.999900E+04  -0.999900E+04  -0.999900E+04  -0.999900E+04  -0.879416E-01  -0.999900E+04  -0.999900E+04  -0.999900E+04  -0.999900E+04
   0.200000E+01   0.100000E+01   0.519500E+05   0.259200E+06   0.200000E+01   0.100000E+01   0.519500E+05   0.259200E+06   0.191997E+03  -0.999900E+04  -0.999900E+04  -0.999900E+04  -0.999900E+04   0.191997E+03  -0.999900E+04  -0.999900E+04  -0.999900E+04  -0.999900E+04   0.191957E+03   0.625187E+03   0.129471E+01   0.353809E+02   0.200000E+02   0.395636E-01  -0.999900E+04  -0.999900E+04  -0.999900E+04  -0.999900E+04   0.274144E+00  -0.999900E+04  -0.999900E+04  -0.999900E+04  -0.999900E+04
   0.200000E+01   0.100000E+01   0.520000E+05   0.259200E+06   0.200000E+01   0.100000E+01   0.520000E+05   0.259200E+06   0.192015E+03  -0.999900E+04  -0.999900E+04  -0.999900E+04  -0.999900E+04   0.192015E+03  -0.999900E+04  -0.999900E+04  -0.999900E+04  -0.999900E+04   0.191969E+03   0.625359E+03   0.129014E+01   0.353809E+02   0.200000E+02   0.456549E-01  -0.999900E+04  -0.999900E+04  -0.999900E+04  -0.999900E+04   0.316352E+00  -0.999900E+04  -0.999900E+04  -0.999900E+04  -0.999900E+04
   0.200000E+01   0.100000E+01   0.525000E+05   0.259200E+06   0.200000E+01   0.100000E+01   0.525000E+05   0.259200E+06   0.192108E+03  -0.999900E+04  -0.999900E+04  -0.999900E+04  -0.999900E+04   0.192108E+03  -0.999900E+04  -0.999900E+04  -0.999900E+04  -0.999900E+04   0.192097E+03   0.627348E+03   0.121747E+01   0.363352E+02   0.200000E+02   0.105489E-01  -0.999900E+04  -0.999900E+04  -0.999900E+04  -0.999900E+04   0.730956E-01  -0.999900E+04  -0.999900E+04  -0.999900E+04  -0.999900E+04
   0.200000E+01   0.100000E+01   0.526000E+05   0.259200E+06   0.200000E+01   0.100000E+01   0.526000E+05   0.259200E+06   0.192117E+03  -0.999900E+04  -0.999900E+04  -0.999900E+04  -0.999900E+04   0.192117E+03  -0.999900E+04  -0.999900E+04  -0.999900E+04  -0.999900E+04   0.192119E+03   0.627782E+03   0.123053E+01   0.367331E+02   0.200000E+02  -0.243218E-02  -0.999900E+04  -0.999900E+04  -0.999900E+04  -0.999900E+04  -0.168530E-01  -0.999900E+04  -0.999900E+04  -0.999900E+04  -0.999900E+04
   0.200000E+01   0.100000E+01   0.526500E+05   0.259200E+06   0.200000E+01   0.100000E+01   0.526500E+05   0.259200E+06   0.192132E+03  -0.999900E+04  -0.999900E+04  -0.999900E+04  -0.999900E+04   0.192132E+03  -0.999900E+04  -0.999900E+04  -0.999900E+04  -0.999900E+04   0.192129E+03   0.627996E+03   0.125046E+01   0.367331E+02   0.200000E+02   0.368530E-02  -0.999900E+04  -0.999900E+04  -0.999900E+04  -0.999900E+04   0.255362E-01  -0.999900E+04  -0.999900E+04  -0.999900E+04  -0.999900E+04
   0.200000E+01   0.100000E+01   0.527000E+05   0.259200E+06   0.200000E+01   0.100000E+01   0.527000E+05   0.259200E+06   0.192123E+03  -0.999900E+04  -0.999900E+04  -0.999900E+04  -0.999900E+04   0.192123E+03  -0.999900E+04  -0.999900E+04  -0.999900E+04  -0.999900E+04   0.192138E+03   0.628207E+03   0.127704E+01   0.371736E+02   0.200000E+02  -0.145547E-01  -0.999900E+04  -0.999900E+04  -0.999900E+04  -0.999900E+04  -0.100852E+00  -0.999900E+04  -0.999900E+04  -0.999900E+04  -0.999900E+04
   0.200000E+01   0.100000E+01   0.527500E+05   0.259200E+06   0.200000E+01   0.100000E+01   0.527500E+05   0.259200E+06   0.192147E+03  -0.999900E+04  -0.999900E+04  -0.999900E+04  -0.999900E+04   0.192147E+03  -0.999900E+04  -0.999900E+04  -0.999900E+04  -0.999900E+04   0.192147E+03   0.628417E+03   0.130817E+01   0.371736E+02   0.200000E+02   0.151050E-03  -0.999900E+04  -0.999900E+04  -0.999900E+04  -0.999900E+04   0.104665E-02  -0.999900E+04  -0.999900E+04  -0.999900E+04  -0.999900E+04
   0.200000E+01   0.100000E+01   0.528000E+05   0.259200E+06   0.200000E+01   0.100000E+01   0.528000E+05   0.259200E+06   0.192148E+03  -0.999900E+04  -0.999900E+04  -0.999900E+04  -0.999900E+04   0.192148E+03  -0.999900E+04  -0.999900E+04  -0.999900E+04  -0.999900E+04   0.192156E+03   0.628622E+03   0.134291E+01   0.371736E+02   0.200000E+02  -0.802629E-02  -0.999900E+04  -0.999900E+04  -0.999900E+04  -0.999900E+04  -0.556158E-01  -0.999900E+04  -0.999900E+04  -0.999900E+04  -0.999900E+04
   0.200000E+01   0.100000E+01   0.529000E+05   0.259200E+06   0.200000E+01   0.100000E+01   0.529000E+05   0.259200E+06   0.192165E+03  -0.999900E+04  -0.999900E+04  -0.999900E+04  -0.999900E+04   0.192165E+03  -0.999900E+04  -0.999900E+04  -0.999900E+04  -0.999900E+04   0.192177E+03   0.629015E+03   0.140933E+01   0.376584E+02   0.200000E+02  -0.112900E-01  -0.999900E+04  -0.999900E+04  -0.999900E+04  -0.999900E+04  -0.782304E-01  -0.999900E+04  -0.999900E+04  -0.999900E+04  -0.999900E+04
   0.200000E+01   0.100000E+01   0.530000E+05   0.259200E+06   0.200000E+01   0.100000E+01   0.530000E+05   0.259200E+06   0.192162E+03  -0.999900E+04  -0.999900E+04  -0.999900E+04  -0.999900E+04   0.192162E+03  -0.999900E+04  -0.999900E+04  -0.999900E+04  -0.999900E+04   0.192204E+03   0.629392E+03   0.143332E+01   0.381892E+02   0.200000E+02  -0.422610E-01  -0.999900E+04  -0.999900E+04  -0.999900E+04  -0.999900E+04  -0.292835E+00  -0.999900E+04  -0.999900E+04  -0.999900E+04  -0.999900E+04
   0.200000E+01   0.100000E+01   0.530500E+05   0.259200E+06   0.200000E+01   0.100000E+01   0.530500E+05   0.259200E+06   0.192169E+03  -0.999900E+04  -0.999900E+04  -0.999900E+04  -0.999900E+04   0.192169E+03  -0.999900E+04  -0.999900E+04  -0.999900E+04  -0.999900E+04   0.192220E+03   0.629577E+03   0.143043E+01   0.381892E+02   0.200000E+02  -0.511385E-01  -0.999900E+04  -0.999900E+04  -0.999900E+04  -0.999900E+04  -0.354349E+00  -0.999900E+04  -0.999900E+04  -0.999900E+04  -0.999900E+04
   0.200000E+01   0.100000E+01   0.531000E+05   0.259200E+06   0.200000E+01   0.100000E+01   0.531000E+05   0.259200E+06   0.192162E+03  -0.999900E+04  -0.999900E+04  -0.999900E+04  -0.999900E+04   0.192162E+03  -0.999900E+04  -0.999900E+04  -0.999900E+04  -0.999900E+04   0.192235E+03   0.629762E+03   0.143498E+01   0.381892E+02   0.200000E+02  -0.731412E-01  -0.999900E+04  -0.999900E+04  -0.999900E+04  -0.999900E+04  -0.506810E+00  -0.999900E+04  -0.999900E+04  -0.999900E+04  -0.999900E+04
   0.200000E+01   0.100000E+01   0.531500E+05   0.259200E+06   0.200000E+01   0.100000E+01   0.531500E+05   0.259200E+06   0.192194E+03  -0.999900E+04  -0.999900E+04  -0.999900E+04  -0.999900E+04   0.192194E+03  -0.999900E+04  -0.999900E+04  -0.999900E+04  -0.999900E+04   0.192248E+03   0.629945E+03   0.144600E+01   0.387677E+02   0.200000E+02  -0.543758E-01  -0.999900E+04  -0.999900E+04  -0.999900E+04  -0.999900E+04  -0.376780E+00  -0.999900E+04  -0.999900E+04  -0.999900E+04  -0.999900E+04
   0.200000E+01   0.100000E+01   0.532500E+05   0.259200E+06   0.200000E+01   0.100000E+01   0.532500E+05   0.259200E+06   0.192209E+03  -0.999900E+04  -0.999900E+04  -0.999900E+04  -0.999900E+04   0.192209E+03  -0.999900E+04  -0.999900E+04  -0.999900E+04  -0.999900E+04   0.192274E+03   0.630303E+03   0.148299E+01   0.387677E+02   0.200000E+02  -0.641443E-01  -0.999900E+04  -0.999900E+04  -0.999900E+04  -0.999900E+04  -0.444469E+00  -0.999900E+04  -0.999900E+04  -0.999900E+04  -0.999900E+04
   0.200000E+01   0.100000E+01   0.533000E+05   0.259200E+06   0.200000E+01   0.100000E+01   0.533000E+05   0.259200E+06   0.192223E+03  -0.999900E+04  -0.999900E+04  -0.999900E+04  -0.999900E+04   0.192223E+03  -0.999900E+04  -0.999900E+04  -0.999900E+04  -0.999900E+04   0.192286E+03   0.630479E+03   0.150581E+01   0.393957E+02   0.200000E+02  -0.632497E-01  -0.999900E+04  -0.999900E+04  -0.999900E+04  -0.999900E+04  -0.438270E+00  -0.999900E+04  -0.999900E+04  -0.999900E+04  -0.999900E+04
   0.200000E+01   0.100000E+01   0.535000E+05   0.259200E+06   0.200000E+01   0.100000E+01   0.535000E+05   0.259200E+06   0.192332E+03  -0.999900E+04  -0.999900E+04  -0.999900E+04  -0.999900E+04   0.192332E+03  -0.999900E+04  -0.999900E+04  -0.999900E+04  -0.999900E+04   0.192345E+03   0.631164E+03   0.155581E+01   0.400750E+02   0.200000E+02  -0.133249E-01  -0.999900E+04  -0.999900E+04  -0.999900E+04  -0.999900E+04  -0.923310E-01  -0.999900E+04  -0.999900E+04  -0.999900E+04  -0.999900E+04
   0.200000E+01   0.100000E+01   0.536750E+05   0.259200E+06   0.200000E+01   0.100000E+01   0.536750E+05   0.259200E+06   0.192424E+03  -0.999900E+04  -0.999900E+04  -0.999900E+04  -0.999900E+04   0.192424E+03  -0.999900E+04  -0.999900E+04  -0.999900E+04  -0.999900E+04   0.192403E+03   0.631769E+03   0.155815E+01   0.408073E+02   0.200000E+02   0.211832E-01  -0.999900E+04  -0.999900E+04  -0.999900E+04  -0.999900E+04   0.146783E+00  -0.999900E+04  -0.999900E+04  -0.999900E+04  -0.999900E+04
   0.200000E+01   0.100000E+01   0.538500E+05   0.259200E+06   0.200000E+01   0.100000E+01   0.538500E+05   0.259200E+06   0.192522E+03  -0.999900E+04  -0.999900E+04  -0.999900E+04  -0.999900E+04   0.192522E+03  -0.999900E+04  -0.999900E+04  -0.999900E+04  -0.999900E+04   0.192468E+03   0.632449E+03   0.155932E+01   0.424383E+02   0.200000E+02   0.534704E-01  -0.999900E+04  -0.999900E+04  -0.999900E+04  -0.999900E+04   0.370507E+00  -0.999900E+04  -0.999900E+04  -0.999900E+04  -0.999900E+04
   0.200000E+01   0.100000E+01   0.540250E+05   0.259200E+06   0.200000E+01   0.100000E+01   0.540250E+05   0.259200E+06   0.192557E+03  -0.999900E+04  -0.999900E+04  -0.999900E+04  -0.999900E+04   0.192557E+03  -0.999900E+04  -0.999900E+04  -0.999900E+04  -0.999900E+04   0.192547E+03   0.633234E+03   0.153412E+01   0.433408E+02   0.200000E+02   0.964871E-02  -0.999900E+04  -0.999900E+04  -0.999900E+04  -0.999900E+04   0.668578E-01  -0.999900E+04  -0.999900E+04  -0.999900E+04  -0.999900E+04
   0.200000E+01   0.100000E+01   0.542000E+05   0.259200E+06   0.200000E+01   0.100000E+01   0.542000E+05   0.259200E+06   0.192647E+03  -0.999900E+04  -0.999900E+04  -0.999900E+04  -0.999900E+04   0.192647E+03  -0.999900E+04  -0.999900E+04  -0.999900E+04  -0.999900E+04   0.192628E+03   0.634073E+03   0.149219E+01   0.443038E+02   0.200000E+02   0.191008E-01  -0.999900E+04  -0.999900E+04  -0.999900E+04  -0.999900E+04   0.132353E+00  -0.999900E+04  -0.999900E+04  -0.999900E+04  -0.999900E+04
   0.200000E+01   0.100000E+01   0.542300E+05   0.259200E+06   0.200000E+01   0.100000E+01   0.542300E+05   0.259200E+06   0.192655E+03  -0.999900E+04  -0.999900E+04  -0.999900E+04  -0.999900E+04   0.192655E+03  -0.999900E+04  -0.999900E+04  -0.999900E+04  -0.999900E+04   0.192640E+03   0.634216E+03   0.149431E+01   0.443038E+02   0.200000E+02   0.147448E-01  -0.999900E+04  -0.999900E+04  -0.999900E+04  -0.999900E+04   0.102169E+00  -0.999900E+04  -0.999900E+04  -0.999900E+04  -0.999900E+04
   0.200000E+01   0.100000E+01   0.542600E+05   0.259200E+06   0.200000E+01   0.100000E+01   0.542600E+05   0.259200E+06   0.192671E+03  -0.999900E+04  -0.999900E+04  -0.999900E+04  -0.999900E+04   0.192671E+03  -0.999900E+04  -0.999900E+04  -0.999900E+04  -0.999900E+04   0.192649E+03   0.634357E+03   0.151702E+01   0.443038E+02   0.200000E+02   0.219336E-01  -0.999900E+04  -0.999900E+04  -0.999900E+04  -0.999900E+04   0.151982E+00  -0.999900E+04  -0.999900E+04  -0.999900E+04  -0.999900E+04
   0.200000E+01   0.100000E+01   0.542900E+05   0.259200E+06   0.200000E+01   0.100000E+01   0.542900E+05   0.259200E+06   0.192695E+03  -0.999900E+04  -0.999900E+04  -0.999900E+04  -0.999900E+04   0.192695E+03  -0.999900E+04  -0.999900E+04  -0.999900E+04  -0.999900E+04   0.192655E+03   0.634495E+03   0.155944E+01   0.453293E+02   0.200000E+02   0.396996E-01  -0.999900E+04  -0.999900E+04  -0.999900E+04  -0.999900E+04   0.275086E+00  -0.999900E+04  -0.999900E+04  -0.999900E+04  -0.999900E+04
   0.200000E+01   0.100000E+01   0.543500E+05   0.259200E+06   0.200000E+01   0.100000E+01   0.543500E+05   0.259200E+06   0.192700E+03  -0.999900E+04  -0.999900E+04  -0.999900E+04  -0.999900E+04   0.192700E+03  -0.999900E+04  -0.999900E+04  -0.999900E+04  -0.999900E+04   0.192661E+03   0.634763E+03   0.170002E+01   0.453293E+02   0.200000E+02   0.391860E-01  -0.999900E+04  -0.999900E+04  -0.999900E+04  -0.999900E+04   0.271527E+00  -0.999900E+04  -0.999900E+04  -0.999900E+04  -0.999900E+04
   0.200000E+01   0.100000E+01   0.544100E+05   0.259200E+06   0.200000E+01   0.100000E+01   0.544100E+05   0.259200E+06   0.192746E+03  -0.999900E+04  -0.999900E+04  -0.999900E+04  -0.999900E+04   0.192746E+03  -0.999900E+04  -0.999900E+04  -0.999900E+04  -0.999900E+04   0.192662E+03   0.635016E+03   0.189947E+01   0.453293E+02   0.200000E+02   0.841312E-01  -0.999900E+04  -0.999900E+04  -0.999900E+04  -0.999900E+04   0.582962E+00  -0.999900E+04  -0.999900E+04  -0.999900E+04  -0.999900E+04
   0.200000E+01   0.100000E+01   0.546000E+05   0.259200E+06   0.200000E+01   0.100000E+01   0.546000E+05   0.259200E+06   0.192890E+03  -0.999900E+04  -0.999900E+04  -0.999900E+04  -0.999900E+04   0.192890E+03  -0.999900E+04  -0.999900E+04  -0.999900E+04  -0.999900E+04   0.192845E+03   0.635742E+03   0.167838E+01   0.475754E+02   0.200000E+02   0.452260E-01  -0.999900E+04  -0.999900E+04  -0.999900E+04  -0.999900E+04   0.313380E+00  -0.999900E+04  -0.999900E+04  -0.999900E+04  -0.999900E+04
   0.200000E+01   0.100000E+01   0.547000E+05   0.259200E+06   0.200000E+01   0.100000E+01   0.547000E+05   0.259200E+06   0.192897E+03  -0.999900E+04  -0.999900E+04  -0.999900E+04  -0.999900E+04   0.192897E+03  -0.999900E+04  -0.999900E+04  -0.999900E+04  -0.999900E+04   0.192863E+03   0.636118E+03   0.192664E+01   0.475754E+02   0.200000E+02   0.340291E-01  -0.999900E+04  -0.999900E+04  -0.999900E+04  -0.999900E+04   0.235794E+00  -0.999900E+04  -0.999900E+04  -0.999900E+04  -0.999900E+04
   0.200000E+01   0.100000E+01   0.547500E+05   0.259200E+06   0.200000E+01   0.100000E+01   0.547500E+05   0.259200E+06   0.192896E+03  -0.999900E+04  -0.999900E+04  -0.999900E+04  -0.999900E+04   0.192896E+03  -0.999900E+04  -0.999900E+04  -0.999900E+04  -0.999900E+04   0.192900E+03   0.636294E+03   0.191883E+01   0.488000E+02   0.200000E+02  -0.420588E-02  -0.999900E+04  -0.999900E+04  -0.999900E+04  -0.999900E+04  -0.291434E-01  -0.999900E+04  -0.999900E+04  -0.999900E+04  -0.999900E+04
   0.200000E+01   0.100000E+01   0.548000E+05   0.259200E+06   0.200000E+01   0.100000E+01   0.548000E+05   0.259200E+06   0.192891E+03  -0.999900E+04  -0.999900E+04  -0.999900E+04  -0.999900E+04   0.192891E+03  -0.999900E+04  -0.999900E+04  -0.999900E+04  -0.999900E+04   0.192932E+03   0.636465E+03   0.194100E+01   0.488000E+02   0.200000E+02  -0.404186E-01  -0.999900E+04  -0.999900E+04  -0.999900E+04  -0.999900E+04  -0.280068E+00  -0.999900E+04  -0.999900E+04  -0.999900E+04  -0.999900E+04
   0.200000E+01   0.100000E+01   0.548500E+05   0.259200E+06   0.200000E+01   0.100000E+01   0.548500E+05   0.259200E+06   0.192915E+03  -0.999900E+04  -0.999900E+04  -0.999900E+04  -0.999900E+04   0.192915E+03  -0.999900E+04  -0.999900E+04  -0.999900E+04  -0.999900E+04   0.192972E+03   0.636630E+03   0.191624E+01   0.488000E+02   0.200000E+02  -0.565271E-01  -0.999900E+04  -0.999900E+04  -0.999900E+04  -0.999900E+04  -0.391687E+00  -0.999900E+04  -0.999900E+04  -0.999900E+04  -0.999900E+04
   0.200000E+01   0.100000E+01   0.549000E+05   0.259200E+06   0.200000E+01   0.100000E+01   0.549000E+05   0.259200E+06   0.192920E+03  -0.999900E+04  -0.999900E+04  -0.999900E+04  -0.999900E+04   0.192920E+03  -0.999900E+04  -0.999900E+04  -0.999900E+04  -0.999900E+04   0.193019E+03   0.636790E+03   0.182798E+01   0.500950E+02   0.200000E+02  -0.992024E-01  -0.999900E+04  -0.999900E+04  -0.999900E+04  -0.999900E+04  -0.687393E+00  -0.999900E+04  -0.999900E+04  -0.999900E+04  -0.999900E+04
   0.200000E+01   0.100000E+01   0.550000E+05   0.259200E+06   0.200000E+01   0.100000E+01   0.550000E+05   0.259200E+06   0.192983E+03  -0.999900E+04  -0.999900E+04  -0.999900E+04  -0.999900E+04   0.192983E+03  -0.999900E+04  -0.999900E+04  -0.999900E+04  -0.999900E+04   0.193093E+03   0.637091E+03   0.166473E+01   0.500950E+02   0.200000E+02  -0.110180E+00  -0.999900E+04  -0.999900E+04  -0.999900E+04  -0.999900E+04  -0.763461E+00  -0.999900E+04  -0.999900E+04  -0.999900E+04  -0.999900E+04
   0.200000E+01   0.100000E+01   0.553000E+05   0.259200E+06   0.200000E+01   0.100000E+01   0.553000E+05   0.259200E+06   0.193144E+03  -0.999900E+04  -0.999900E+04  -0.999900E+04  -0.999900E+04   0.193144E+03  -0.999900E+04  -0.999900E+04  -0.999900E+04  -0.999900E+04   0.193220E+03   0.637993E+03   0.139320E+01   0.529047E+02   0.200000E+02  -0.758944E-01  -0.999900E+04  -0.999900E+04  -0.999900E+04  -0.999900E+04  -0.525887E+00  -0.999900E+04  -0.999900E+04  -0.999900E+04  -0.999900E+04
   0.200000E+01   0.100000E+01   0.554500E+05   0.259200E+06   0.200000E+01   0.100000E+01   0.554500E+05   0.259200E+06   0.193223E+03  -0.999900E+04  -0.999900E+04  -0.999900E+04  -0.999900E+04   0.193223E+03  -0.999900E+04  -0.999900E+04  -0.999900E+04  -0.999900E+04   0.193254E+03   0.638421E+03   0.130931E+01   0.544235E+02   0.200000E+02  -0.309793E-01  -0.999900E+04  -0.999900E+04  -0.999900E+04  -0.999900E+04  -0.214661E+00  -0.999900E+04  -0.999900E+04  -0.999900E+04  -0.999900E+04
   0.200000E+01   0.100000E+01   0.555000E+05   0.259200E+06   0.200000E+01   0.100000E+01   0.555000E+05   0.259200E+06   0.193238E+03  -0.999900E+04  -0.999900E+04  -0.999900E+04  -0.999900E+04   0.193238E+03  -0.999900E+04  -0.999900E+04  -0.999900E+04  -0.999900E+04   0.193262E+03   0.638561E+03   0.130104E+01   0.560211E+02   0.200000E+02  -0.234476E-01  -0.999900E+04  -0.999900E+04  -0.999900E+04  -0.999900E+04  -0.162473E+00  -0.999900E+04  -0.999900E+04  -0.999900E+04  -0.999900E+04
   0.200000E+01   0.100000E+01   0.555500E+05   0.259200E+06   0.200000E+01   0.100000E+01   0.555500E+05   0.259200E+06   0.193243E+03  -0.999900E+04  -0.999900E+04  -0.999900E+04  -0.999900E+04   0.193243E+03  -0.999900E+04  -0.999900E+04  -0.999900E+04  -0.999900E+04   0.193267E+03   0.638701E+03   0.131283E+01   0.560211E+02   0.200000E+02  -0.235321E-01  -0.999900E+04  -0.999900E+04  -0.999900E+04  -0.999900E+04  -0.163058E+00  -0.999900E+04  -0.999900E+04  -0.999900E+04  -0.999900E+04
   0.200000E+01   0.100000E+01   0.556000E+05   0.259200E+06   0.200000E+01   0.100000E+01   0.556000E+05   0.259200E+06   0.193254E+03  -0.999900E+04  -0.999900E+04  -0.999900E+04  -0.999900E+04   0.193254E+03  -0.999900E+04  -0.999900E+04  -0.999900E+04  -0.999900E+04   0.193268E+03   0.638840E+03   0.134933E+01   0.560211E+02   0.200000E+02  -0.145411E-01  -0.999900E+04  -0.999900E+04  -0.999900E+04  -0.999900E+04  -0.100758E+00  -0.999900E+04  -0.999900E+04  -0.999900E+04  -0.999900E+04
   0.200000E+01   0.100000E+01   0.556500E+05   0.259200E+06   0.200000E+01   0.100000E+01   0.556500E+05   0.259200E+06   0.193269E+03  -0.999900E+04  -0.999900E+04  -0.999900E+04  -0.999900E+04   0.193269E+03  -0.999900E+04  -0.999900E+04  -0.999900E+04  -0.999900E+04   0.193268E+03   0.638978E+03   0.140260E+01   0.576997E+02   0.200000E+02   0.124041E-02  -0.999900E+04  -0.999900E+04  -0.999900E+04  -0.999900E+04   0.859501E-02  -0.999900E+04  -0.999900E+04  -0.999900E+04  -0.999900E+04
   0.200000E+01   0.100000E+01   0.558000E+05   0.259200E+06   0.200000E+01   0.100000E+01   0.558000E+05   0.259200E+06   0.193265E+03  -0.999900E+04  -0.999900E+04  -0.999900E+04  -0.999900E+04   0.193265E+03  -0.999900E+04  -0.999900E+04  -0.999900E+04  -0.999900E+04   0.193267E+03   0.639387E+03   0.158225E+01   0.594615E+02   0.200000E+02  -0.234924E-02  -0.999900E+04  -0.999900E+04  -0.999900E+04  -0.999900E+04  -0.162784E-01  -0.999900E+04  -0.999900E+04  -0.999900E+04  -0.999900E+04
   0.200000E+01   0.100000E+01   0.558500E+05   0.259200E+06   0.200000E+01   0.100000E+01   0.558500E+05   0.259200E+06   0.193287E+03  -0.999900E+04  -0.999900E+04  -0.999900E+04  -0.999900E+04   0.193287E+03  -0.999900E+04  -0.999900E+04  -0.999900E+04  -0.999900E+04   0.193272E+03   0.639524E+03   0.161970E+01   0.594615E+02   0.200000E+02   0.148036E-01  -0.999900E+04  -0.999900E+04  -0.999900E+04  -0.999900E+04   0.102577E+00  -0.999900E+04  -0.999900E+04  -0.999900E+04  -0.999900E+04
