Km_SU1_Rh_a0   Km_SU1_Rh_a1   Km_SU1_Rh_a2   Km_SU1_Rh_a3   Km_SU1_Rh_a4   Km_SU2_Rh_a0   Km_SU2_Rh_a1   Km_SU1_Ai_a0   Km_SU1_Ai_a1   Km_SU1_Ai_a2   Km_SU1_Ai_a3   Km_SU1_Ai_a4   Km_SU2_Ai_a0   Km_SU2_Ai_a1   Y1_intercept   Y2_intercept   Y3_intercept   Y4_intercept   Y5_intercept   LogPost        LogPrior       LogHyper       LogLkh         Deviance       
   0.360000E+02   0.000000E+00   0.000000E+00   0.000000E+00   0.000000E+00   0.330000E+02   0.000000E+00   0.190000E+02   0.000000E+00   0.000000E+00   0.000000E+00   0.000000E+00   0.150000E+02   0.000000E+00   0.100000E+00   0.100000E-01   0.100000E-01   0.100000E-01   0.100000E-01  -0.124315E+04   0.144207E+02   0.000000E+00  -0.125757E+04   0.251514E+04
   0.388636E+02   0.000000E+00   0.000000E+00   0.000000E+00   0.258839E+00   0.330000E+02   0.000000E+00   0.190824E+02  -0.282798E-02   0.000000E+00   0.000000E+00   0.671923E+01   0.125210E+02   0.000000E+00   0.100737E+00   0.989938E-02   0.107623E-01   0.116478E-01   0.953869E-02  -0.833908E+03   0.142359E+02   0.000000E+00  -0.848144E+03   0.169629E+04
   0.388636E+02   0.000000E+00   0.000000E+00   0.000000E+00   0.258839E+00   0.330000E+02   0.000000E+00   0.190824E+02  -0.282798E-02   0.000000E+00   0.000000E+00   0.671923E+01   0.118293E+02  -0.681579E+01   0.101052E+00   0.914545E-02   0.129977E-01   0.126981E-01   0.105183E-01  -0.827528E+03   0.138847E+02   0.000000E+00  -0.841413E+03   0.168283E+04
   0.388636E+02  -0.113925E+00   0.000000E+00   0.242870E+00   0.258839E+00   0.330000E+02   0.244853E+01   0.200286E+02  -0.282798E-02   0.000000E+00   0.000000E+00   0.671923E+01   0.118293E+02  -0.681579E+01   0.101052E+00   0.984863E-02   0.117253E-01   0.132083E-01   0.115547E-01  -0.653805E+03   0.137870E+02   0.000000E+00  -0.667592E+03   0.133518E+04
   0.398269E+02  -0.113925E+00   0.184735E+01   0.703038E+01   0.258839E+00   0.361143E+02   0.678611E+01   0.200286E+02  -0.282798E-02   0.000000E+00   0.000000E+00   0.671923E+01   0.118293E+02  -0.681579E+01   0.101052E+00   0.101749E-01   0.117253E-01   0.123728E-01   0.120120E-01  -0.506641E+03   0.137922E+02   0.000000E+00  -0.520433E+03   0.104087E+04
   0.398269E+02  -0.113925E+00   0.184735E+01   0.703038E+01   0.258839E+00   0.361143E+02   0.957102E+01   0.200286E+02  -0.282798E-02   0.000000E+00   0.000000E+00   0.671923E+01   0.109376E+02  -0.201762E+01   0.101937E+00   0.116824E-01   0.127741E-01   0.120401E-01   0.122391E-01  -0.482290E+03   0.135471E+02   0.000000E+00  -0.495837E+03   0.991674E+03
   0.398269E+02  -0.113925E+00   0.184735E+01   0.703038E+01   0.258839E+00   0.361143E+02   0.957102E+01   0.201316E+02  -0.282798E-02   0.000000E+00   0.000000E+00   0.671923E+01   0.143181E+02  -0.513381E+01   0.101937E+00   0.961936E-02   0.117869E-01   0.125407E-01   0.144695E-01  -0.472215E+03   0.135790E+02   0.000000E+00  -0.485794E+03   0.971588E+03
   0.398269E+02  -0.113925E+00   0.184735E+01   0.703038E+01   0.258839E+00   0.361143E+02   0.957102E+01   0.201316E+02  -0.282798E-02  -0.682535E+01   0.000000E+00   0.671923E+01   0.144965E+02  -0.656388E+01   0.101937E+00   0.955276E-02   0.118985E-01   0.125407E-01   0.152320E-01  -0.382009E+03   0.134983E+02   0.000000E+00  -0.395507E+03   0.791015E+03
   0.398269E+02  -0.113925E+00   0.184735E+01   0.703038E+01   0.258839E+00   0.361143E+02   0.129733E+02   0.201316E+02  -0.282798E-02  -0.682535E+01   0.000000E+00   0.671923E+01   0.150368E+02  -0.308794E+01   0.102536E+00   0.693593E-02   0.125586E-01   0.134396E-01   0.161952E-01  -0.373717E+03   0.135077E+02   0.000000E+00  -0.387225E+03   0.774449E+03
   0.398269E+02  -0.113925E+00   0.184735E+01   0.703038E+01   0.712962E+01   0.361143E+02   0.129733E+02   0.201316E+02  -0.282798E-02  -0.682535E+01   0.275300E+00   0.671923E+01   0.106970E+02  -0.493224E+01   0.102536E+00   0.639183E-02   0.118342E-01   0.136438E-01   0.157110E-01  -0.356916E+03   0.136626E+02   0.000000E+00  -0.370579E+03   0.741157E+03
   0.398269E+02  -0.113925E+00   0.184735E+01   0.727517E+01   0.712962E+01   0.361143E+02   0.129733E+02   0.204766E+02  -0.282798E-02  -0.682535E+01   0.275300E+00   0.671923E+01   0.104691E+02  -0.525711E+00   0.102682E+00   0.606047E-02   0.124429E-01   0.131513E-01   0.157110E-01  -0.329627E+03   0.136841E+02   0.000000E+00  -0.343311E+03   0.686622E+03
   0.398269E+02  -0.113925E+00   0.379953E+01   0.727517E+01   0.712962E+01   0.361143E+02   0.118318E+02   0.204766E+02  -0.106869E+02  -0.682535E+01   0.275300E+00   0.671923E+01   0.173276E+02  -0.475788E+01   0.103646E+00   0.633531E-02   0.137290E-01   0.131191E-01   0.159560E-01  -0.204243E+03   0.135067E+02   0.000000E+00  -0.217750E+03   0.435499E+03
   0.405668E+02  -0.113925E+00   0.379953E+01   0.727517E+01   0.712962E+01   0.355173E+02   0.917206E+01   0.204766E+02  -0.971734E+01  -0.682535E+01   0.275300E+00   0.671923E+01   0.203692E+02  -0.714078E+01   0.103646E+00   0.645935E-02   0.139518E-01   0.132460E-01   0.172566E-01  -0.171423E+03   0.133293E+02   0.000000E+00  -0.184752E+03   0.369505E+03
   0.404024E+02  -0.113925E+00   0.379953E+01   0.723237E+01   0.712962E+01   0.355654E+02   0.105477E+02   0.207736E+02  -0.971734E+01  -0.682535E+01   0.275300E+00   0.671923E+01   0.164441E+02  -0.767795E+01   0.103646E+00   0.476492E-02   0.151166E-01   0.127356E-01   0.164981E-01  -0.149380E+03   0.135092E+02   0.000000E+00  -0.162889E+03   0.325778E+03
   0.404024E+02  -0.113925E+00   0.379953E+01   0.723237E+01   0.712962E+01   0.355654E+02   0.105477E+02   0.207737E+02  -0.762389E+01  -0.101798E+02  -0.215127E+01   0.671923E+01   0.138157E+02  -0.808564E+01   0.103670E+00   0.543903E-02   0.152231E-01   0.120163E-01   0.145171E-01  -0.531805E+02   0.137011E+02   0.000000E+00  -0.668816E+02   0.133763E+03
   0.404024E+02  -0.113925E+00   0.379953E+01   0.723237E+01   0.712962E+01   0.355654E+02   0.105477E+02   0.207737E+02  -0.762389E+01  -0.101798E+02  -0.215127E+01   0.671923E+01   0.145135E+02  -0.116279E+02   0.104617E+00   0.452398E-02   0.155418E-01   0.120163E-01   0.127456E-01  -0.458263E+02   0.139379E+02   0.000000E+00  -0.597642E+02   0.119528E+03
   0.404024E+02  -0.113925E+00   0.298176E+01   0.723237E+01   0.712962E+01   0.355654E+02   0.103604E+02   0.207737E+02  -0.762389E+01  -0.101798E+02  -0.215127E+01   0.671923E+01   0.183305E+02  -0.718956E+01   0.105365E+00   0.466850E-02   0.166138E-01   0.122158E-01   0.117764E-01  -0.409346E+02   0.138932E+02   0.000000E+00  -0.548278E+02   0.109656E+03
   0.404024E+02  -0.113925E+00   0.298176E+01   0.723237E+01   0.712962E+01   0.355654E+02   0.103604E+02   0.225133E+02  -0.920883E+01  -0.101798E+02  -0.215127E+01   0.671923E+01   0.178138E+02  -0.847370E+01   0.105268E+00   0.457507E-02   0.158684E-01   0.121075E-01   0.127824E-01  -0.115763E+02   0.138873E+02   0.000000E+00  -0.254636E+02   0.509273E+02
   0.404024E+02  -0.113925E+00   0.298176E+01   0.723237E+01   0.712962E+01   0.365263E+02   0.103604E+02   0.225133E+02  -0.920883E+01  -0.101798E+02  -0.215127E+01   0.671923E+01   0.203264E+02  -0.393100E+01   0.106450E+00   0.461408E-02   0.176310E-01   0.130586E-01   0.140860E-01  -0.329930E+01   0.134817E+02   0.000000E+00  -0.167810E+02   0.335620E+02
   0.404340E+02  -0.113925E+00   0.298176E+01   0.847156E+01   0.712962E+01   0.362144E+02   0.103604E+02   0.222411E+02  -0.920883E+01  -0.101798E+02  -0.215127E+01   0.879591E+01   0.162136E+02  -0.120069E+02   0.106450E+00   0.555788E-02   0.175224E-01   0.137745E-01   0.146885E-01   0.250139E+01   0.132664E+02   0.000000E+00  -0.107650E+02   0.215299E+02
   0.404340E+02  -0.113925E+00   0.298176E+01   0.847156E+01   0.702779E+01   0.362144E+02   0.103604E+02   0.222411E+02  -0.920883E+01  -0.101798E+02  -0.215127E+01   0.879591E+01   0.173702E+02  -0.120069E+02   0.106450E+00   0.339087E-02   0.175224E-01   0.116571E-01   0.153543E-01   0.285593E+01   0.136282E+02   0.000000E+00  -0.107723E+02   0.215446E+02
   0.404340E+02  -0.113925E+00   0.298176E+01   0.847156E+01   0.702779E+01   0.362144E+02   0.103604E+02   0.222411E+02  -0.920883E+01  -0.101798E+02  -0.215127E+01   0.879591E+01   0.173702E+02  -0.644687E+00   0.106450E+00   0.373146E-02   0.172082E-01   0.118480E-01   0.149832E-01   0.284763E+01   0.136436E+02   0.000000E+00  -0.107960E+02   0.215919E+02
   0.404010E+02  -0.113925E+00   0.298176E+01   0.647027E+01   0.702779E+01   0.362144E+02   0.103604E+02   0.228237E+02  -0.920883E+01  -0.101798E+02  -0.215127E+01   0.879591E+01   0.220699E+02  -0.410769E+01   0.106450E+00   0.278616E-02   0.177165E-01   0.119307E-01   0.148521E-01   0.302316E+01   0.136921E+02   0.000000E+00  -0.106690E+02   0.213379E+02
   0.404010E+02  -0.113925E+00   0.298176E+01   0.647027E+01   0.702779E+01   0.360845E+02   0.103604E+02   0.228237E+02  -0.920883E+01  -0.101798E+02  -0.215127E+01   0.114345E+02   0.248445E+02  -0.559023E+01   0.106426E+00   0.224517E-02   0.162638E-01   0.123013E-01   0.154629E-01   0.596020E+01   0.137934E+02   0.000000E+00  -0.783316E+01   0.156663E+02
   0.404010E+02   0.447956E-01   0.298176E+01   0.647027E+01   0.496025E+01   0.356477E+02   0.103604E+02   0.228237E+02  -0.920883E+01  -0.101798E+02  -0.215127E+01   0.114345E+02   0.259994E+02   0.265503E+00   0.106030E+00   0.215702E-02   0.165656E-01   0.123013E-01   0.139888E-01   0.140539E+01   0.139194E+02   0.000000E+00  -0.125140E+02   0.250280E+02
   0.399760E+02   0.447956E-01   0.298176E+01   0.647027E+01   0.496025E+01   0.356477E+02   0.103604E+02   0.228237E+02  -0.920883E+01  -0.101798E+02  -0.215127E+01   0.114345E+02   0.206457E+02  -0.202452E+01   0.106030E+00   0.845749E-03   0.172871E-01   0.124614E-01   0.151630E-01   0.169159E+01   0.138450E+02   0.000000E+00  -0.121534E+02   0.243067E+02
   0.399760E+02   0.447956E-01   0.298176E+01   0.647027E+01   0.496025E+01   0.371656E+02   0.974841E+01   0.228237E+02  -0.920883E+01  -0.101798E+02  -0.215127E+01   0.114345E+02   0.161031E+02  -0.588314E+01   0.106030E+00   0.845749E-03   0.167245E-01   0.129326E-01   0.148296E-01   0.169036E+01   0.138874E+02   0.000000E+00  -0.121971E+02   0.243942E+02
   0.399760E+02   0.447956E-01   0.298176E+01   0.647027E+01   0.496025E+01   0.371656E+02   0.974841E+01   0.228237E+02  -0.920883E+01  -0.103116E+02  -0.215127E+01   0.114345E+02   0.116821E+02  -0.588314E+01   0.106030E+00   0.133914E-02   0.169453E-01   0.145282E-01   0.152499E-01   0.243957E+01   0.136144E+02   0.000000E+00  -0.111749E+02   0.223497E+02
   0.399760E+02   0.447956E-01   0.298176E+01   0.647027E+01   0.496025E+01   0.371656E+02   0.105758E+02   0.228237E+02  -0.920883E+01  -0.103116E+02  -0.215127E+01   0.114345E+02   0.122055E+02  -0.348189E+01   0.108031E+00   0.289793E-02   0.170433E-01   0.149708E-01   0.159172E-01   0.138028E+02   0.133378E+02   0.000000E+00   0.465042E+00  -0.930085E+00
   0.399760E+02   0.447956E-01   0.298176E+01   0.655818E+01   0.496025E+01   0.371656E+02   0.105758E+02   0.228237E+02  -0.920883E+01  -0.103116E+02  -0.215127E+01   0.114345E+02   0.130780E+02  -0.669863E+01   0.108031E+00   0.221742E-02   0.179594E-01   0.133422E-01   0.161924E-01   0.140135E+02   0.134495E+02   0.000000E+00   0.563961E+00  -0.112792E+01
   0.399760E+02   0.447956E-01   0.260720E+01   0.784873E+01   0.629492E+01   0.371656E+02   0.105758E+02   0.224660E+02  -0.920883E+01  -0.103116E+02  -0.215127E+01   0.114345E+02   0.107285E+02  -0.669863E+01   0.110072E+00   0.174860E-02   0.164858E-01   0.136244E-01   0.179574E-01   0.271798E+02   0.134391E+02   0.000000E+00   0.137407E+02  -0.274815E+02
   0.399760E+02   0.447956E-01   0.260720E+01   0.784873E+01   0.629492E+01   0.371656E+02   0.105758E+02   0.224660E+02  -0.920883E+01  -0.103116E+02  -0.215127E+01   0.114345E+02   0.145584E+02  -0.132779E+00   0.110072E+00   0.925870E-03   0.159064E-01   0.150600E-01   0.177230E-01   0.272056E+02   0.134592E+02   0.000000E+00   0.137464E+02  -0.274929E+02
   0.399760E+02   0.212809E+00   0.380067E+01   0.784873E+01   0.655769E+01   0.371656E+02   0.105758E+02   0.224660E+02  -0.920883E+01  -0.103116E+02  -0.215127E+01   0.114345E+02   0.206265E+02   0.290649E+01   0.110621E+00   0.146868E-02   0.148033E-01   0.141832E-01   0.184247E-01   0.293192E+02   0.135327E+02   0.000000E+00   0.157865E+02  -0.315730E+02
   0.399760E+02   0.212809E+00   0.285160E+01   0.807879E+01   0.655769E+01   0.371656E+02   0.105758E+02   0.225637E+02  -0.920883E+01  -0.103116E+02  -0.215127E+01   0.114345E+02   0.270110E+02   0.674148E+01   0.110621E+00   0.399247E-02   0.147161E-01   0.155777E-01   0.196648E-01   0.289636E+02   0.130256E+02   0.000000E+00   0.159380E+02  -0.318761E+02
   0.399760E+02   0.212809E+00   0.285160E+01   0.807879E+01   0.655769E+01   0.371656E+02   0.105758E+02   0.225637E+02  -0.920883E+01  -0.103116E+02  -0.215127E+01   0.114345E+02   0.271838E+02   0.111468E+02   0.111377E+00   0.382537E-02   0.143335E-01   0.158045E-01   0.204807E-01   0.328026E+02   0.129763E+02   0.000000E+00   0.198263E+02  -0.396527E+02
   0.399760E+02   0.212809E+00   0.285160E+01   0.807879E+01   0.673722E+01   0.371656E+02   0.105758E+02   0.225637E+02  -0.920883E+01  -0.103116E+02  -0.293832E+01   0.114345E+02   0.237885E+02   0.966587E+01   0.112718E+00   0.222334E-02   0.150600E-01   0.141987E-01   0.209257E-01   0.403318E+02   0.131799E+02   0.000000E+00   0.271519E+02  -0.543038E+02
   0.402147E+02   0.212809E+00   0.285160E+01   0.807879E+01   0.673722E+01   0.371656E+02   0.108603E+02   0.225637E+02  -0.920883E+01  -0.103116E+02  -0.293832E+01   0.978719E+01   0.286221E+02   0.166475E+02   0.112718E+00   0.110864E-02   0.147534E-01   0.142585E-01   0.216565E-01   0.406554E+02   0.132430E+02   0.000000E+00   0.274124E+02  -0.548248E+02
   0.402147E+02   0.212809E+00   0.285160E+01   0.807879E+01   0.673722E+01   0.371656E+02   0.108603E+02   0.225637E+02  -0.920883E+01  -0.103116E+02  -0.293832E+01   0.978719E+01   0.287266E+02   0.174585E+02   0.112926E+00   0.542990E-03   0.154625E-01   0.142278E-01   0.227840E-01   0.415279E+02   0.131190E+02   0.000000E+00   0.284089E+02  -0.568179E+02
   0.402147E+02   0.212809E+00   0.254636E+01   0.807879E+01   0.673722E+01   0.367206E+02   0.100666E+02   0.225637E+02  -0.920883E+01  -0.103116E+02  -0.293832E+01   0.109513E+02   0.287353E+02   0.174585E+02   0.114360E+00   0.542990E-03   0.171956E-01   0.152493E-01   0.224115E-01   0.492049E+02   0.128807E+02   0.000000E+00   0.363242E+02  -0.726483E+02
   0.402147E+02   0.212809E+00   0.254636E+01   0.807879E+01   0.673722E+01   0.367206E+02   0.115989E+02   0.225637E+02  -0.920883E+01  -0.103116E+02  -0.285970E+01   0.109513E+02   0.316323E+02   0.134175E+02   0.114692E+00   0.125636E-02   0.176153E-01   0.136635E-01   0.199135E-01   0.500071E+02   0.131758E+02   0.000000E+00   0.368313E+02  -0.736626E+02
   0.402147E+02   0.212809E+00   0.254636E+01   0.807879E+01   0.808875E+01   0.367206E+02   0.953856E+01   0.225637E+02  -0.920883E+01  -0.103116E+02  -0.364316E+01   0.109513E+02   0.353417E+02   0.641861E+01   0.114692E+00   0.149218E-02   0.188172E-01   0.135559E-01   0.193286E-01   0.494663E+02   0.131013E+02   0.000000E+00   0.363650E+02  -0.727300E+02
   0.402147E+02   0.212809E+00   0.254636E+01   0.807879E+01   0.808875E+01   0.367206E+02   0.101903E+02   0.225637E+02  -0.920883E+01  -0.103116E+02  -0.364316E+01   0.109513E+02   0.394983E+02   0.286804E+01   0.115327E+00   0.149218E-02   0.178725E-01   0.134653E-01   0.217439E-01   0.521343E+02   0.129633E+02   0.000000E+00   0.391710E+02  -0.783420E+02
   0.402147E+02   0.212809E+00   0.254636E+01   0.807879E+01   0.861538E+01   0.367206E+02   0.101903E+02   0.223671E+02  -0.920883E+01  -0.103116E+02  -0.364316E+01   0.109513E+02   0.368615E+02   0.637920E+01   0.115901E+00   0.306446E-02   0.174701E-01   0.137098E-01   0.215598E-01   0.533580E+02   0.128403E+02   0.000000E+00   0.405177E+02  -0.810355E+02
   0.402147E+02   0.212809E+00   0.254636E+01   0.807879E+01   0.725948E+01   0.367206E+02   0.101903E+02   0.223671E+02  -0.920883E+01  -0.103116E+02  -0.175321E+01   0.109513E+02   0.337608E+02  -0.371264E+01   0.116727E+00   0.280638E-02   0.169184E-01   0.145105E-01   0.227792E-01   0.575379E+02   0.127192E+02   0.000000E+00   0.448187E+02  -0.896373E+02
   0.402147E+02   0.245194E+00   0.254636E+01   0.817450E+01   0.725948E+01   0.367206E+02   0.101903E+02   0.223671E+02  -0.920883E+01  -0.103116E+02  -0.175321E+01   0.109513E+02   0.384446E+02  -0.701191E+01   0.117623E+00   0.421107E-02   0.156093E-01   0.127623E-01   0.239764E-01   0.611772E+02   0.127648E+02   0.000000E+00   0.484124E+02  -0.968249E+02
   0.402147E+02   0.245194E+00   0.254636E+01   0.817450E+01   0.725948E+01   0.368036E+02   0.101903E+02   0.223107E+02  -0.920883E+01  -0.103116E+02  -0.175321E+01   0.109513E+02   0.367636E+02  -0.701544E+01   0.117952E+00   0.363985E-02   0.150645E-01   0.123842E-01   0.219841E-01   0.620324E+02   0.131134E+02   0.000000E+00   0.489190E+02  -0.978380E+02
   0.402147E+02   0.245194E+00   0.254636E+01   0.817450E+01   0.738227E+01   0.368036E+02   0.101903E+02   0.223107E+02  -0.920883E+01  -0.103116E+02  -0.175321E+01   0.109513E+02   0.459501E+02  -0.848478E+00   0.118757E+00   0.342687E-02   0.152312E-01   0.110897E-01   0.213379E-01   0.652505E+02   0.133121E+02   0.000000E+00   0.519384E+02  -0.103877E+03
   0.402147E+02   0.245194E+00   0.254636E+01   0.817450E+01   0.738227E+01   0.369471E+02   0.109287E+02   0.223107E+02  -0.920883E+01  -0.103116E+02  -0.274165E+01   0.109513E+02   0.555105E+02   0.950266E+01   0.118398E+00   0.397248E-02   0.170546E-01   0.123776E-01   0.223332E-01   0.645341E+02   0.128469E+02   0.000000E+00   0.516872E+02  -0.103374E+03
   0.402147E+02   0.245194E+00   0.254636E+01   0.817450E+01   0.738227E+01   0.369471E+02   0.109287E+02   0.223107E+02  -0.920883E+01  -0.103116E+02  -0.274165E+01   0.109819E+02   0.571527E+02   0.571512E+01   0.118398E+00   0.205491E-02   0.190230E-01   0.120238E-01   0.232164E-01   0.644887E+02   0.127889E+02   0.000000E+00   0.516998E+02  -0.103400E+03
   0.402147E+02   0.245194E+00   0.254636E+01   0.817450E+01   0.568756E+01   0.367356E+02   0.109287E+02   0.223107E+02  -0.920883E+01  -0.103116E+02  -0.274165E+01   0.108516E+02   0.598424E+02   0.530132E+01   0.118398E+00   0.292369E-02   0.195630E-01   0.132513E-01   0.235921E-01   0.648994E+02   0.124877E+02   0.000000E+00   0.524117E+02  -0.104823E+03
   0.402147E+02   0.245194E+00   0.254636E+01   0.817450E+01   0.568756E+01   0.367356E+02   0.109287E+02   0.223107E+02  -0.920883E+01  -0.103116E+02  -0.274165E+01   0.111620E+02   0.555737E+02   0.128859E+02   0.118398E+00   0.413686E-02   0.185576E-01   0.129616E-01   0.225275E-01   0.653938E+02   0.126023E+02   0.000000E+00   0.527915E+02  -0.105583E+03
   0.402147E+02   0.721647E+00   0.254636E+01   0.729661E+01   0.568756E+01   0.367356E+02   0.109287E+02   0.226930E+02  -0.920883E+01  -0.103116E+02  -0.274165E+01   0.105748E+02   0.497203E+02   0.442322E+01   0.118398E+00   0.627946E-02   0.191356E-01   0.141109E-01   0.216273E-01   0.645688E+02   0.123054E+02   0.000000E+00   0.522634E+02  -0.104527E+03
   0.402147E+02   0.721647E+00   0.254636E+01   0.729661E+01   0.568756E+01   0.367356E+02   0.109287E+02   0.229581E+02  -0.920883E+01  -0.103116E+02  -0.246937E+01   0.105748E+02   0.475112E+02  -0.154934E+01   0.118627E+00   0.664437E-02   0.191909E-01   0.155097E-01   0.207518E-01   0.644679E+02   0.122110E+02   0.000000E+00   0.522569E+02  -0.104514E+03
   0.402147E+02   0.721647E+00   0.254636E+01   0.729661E+01   0.568756E+01   0.372134E+02   0.975204E+01   0.229581E+02  -0.920883E+01  -0.103116E+02  -0.246937E+01   0.120649E+02   0.509208E+02  -0.273473E+01   0.119459E+00   0.650833E-02   0.168094E-01   0.153656E-01   0.207518E-01   0.674327E+02   0.124772E+02   0.000000E+00   0.549555E+02  -0.109911E+03
   0.402147E+02   0.721647E+00   0.254636E+01   0.729661E+01   0.568756E+01   0.372134E+02   0.975204E+01   0.229581E+02  -0.920883E+01  -0.103116E+02  -0.393786E+01   0.120649E+02   0.487565E+02  -0.410412E+01   0.119549E+00   0.590762E-02   0.151647E-01   0.152200E-01   0.207747E-01   0.674645E+02   0.127140E+02   0.000000E+00   0.547505E+02  -0.109501E+03
   0.402147E+02   0.721647E+00   0.254636E+01   0.775765E+01   0.708593E+01   0.372134E+02   0.784185E+01   0.229581E+02  -0.920883E+01  -0.103116E+02  -0.393786E+01   0.120649E+02   0.455328E+02  -0.243366E+01   0.120190E+00   0.413941E-02   0.166285E-01   0.149979E-01   0.219453E-01   0.679802E+02   0.126496E+02   0.000000E+00   0.553306E+02  -0.110661E+03
   0.402147E+02   0.721647E+00   0.254636E+01   0.775765E+01   0.708593E+01   0.372134E+02   0.784185E+01   0.229581E+02  -0.920883E+01  -0.103116E+02  -0.393786E+01   0.120649E+02   0.565584E+02  -0.880997E+01   0.121171E+00   0.289214E-02   0.178681E-01   0.153310E-01   0.226901E-01   0.714094E+02   0.125425E+02   0.000000E+00   0.588669E+02  -0.117734E+03
   0.402147E+02  -0.923657E-02   0.254636E+01   0.775765E+01   0.708593E+01   0.366983E+02   0.784185E+01   0.229430E+02  -0.920883E+01  -0.103116E+02  -0.393786E+01   0.140291E+02   0.541175E+02   0.220199E+01   0.122199E+00   0.201262E-02   0.193876E-01   0.160632E-01   0.194174E-01   0.753801E+02   0.127326E+02   0.000000E+00   0.626475E+02  -0.125295E+03
   0.402147E+02  -0.923657E-02   0.254636E+01   0.775765E+01   0.708593E+01   0.366983E+02   0.784185E+01   0.229430E+02  -0.920883E+01  -0.106711E+02  -0.393786E+01   0.138876E+02   0.511772E+02   0.405208E+01   0.122744E+00   0.142065E-02   0.209062E-01   0.166054E-01   0.201608E-01   0.789824E+02   0.125114E+02   0.000000E+00   0.664710E+02  -0.132942E+03
   0.402147E+02  -0.923657E-02   0.254636E+01   0.775765E+01   0.708593E+01   0.366983E+02   0.784185E+01   0.229430E+02  -0.920883E+01  -0.106711E+02  -0.393786E+01   0.138876E+02   0.597473E+02   0.516462E+01   0.122744E+00   0.302161E-02   0.200332E-01   0.153024E-01   0.218237E-01   0.788737E+02   0.124026E+02   0.000000E+00   0.664711E+02  -0.132942E+03
   0.402147E+02  -0.133331E+00   0.254636E+01   0.698536E+01   0.708593E+01   0.367732E+02   0.784185E+01   0.229430E+02  -0.920883E+01  -0.106711E+02  -0.393786E+01   0.127129E+02   0.575960E+02   0.538039E+01   0.122744E+00   0.360715E-02   0.227003E-01   0.149108E-01   0.214296E-01   0.792314E+02   0.121559E+02   0.000000E+00   0.670755E+02  -0.134151E+03
   0.404055E+02  -0.133331E+00   0.254636E+01   0.698536E+01   0.708593E+01   0.367732E+02   0.784185E+01   0.229430E+02  -0.920883E+01  -0.106711E+02  -0.393786E+01   0.127129E+02   0.653700E+02   0.514668E+01   0.122744E+00   0.289738E-02   0.255416E-01   0.147787E-01   0.237771E-01   0.783298E+02   0.117212E+02   0.000000E+00   0.666086E+02  -0.133217E+03
   0.399441E+02  -0.133331E+00   0.254636E+01   0.536603E+01   0.708593E+01   0.367732E+02   0.784185E+01   0.229430E+02  -0.920883E+01  -0.106711E+02  -0.393786E+01   0.127129E+02   0.646784E+02  -0.104920E+02   0.124198E+00   0.269735E-02   0.258937E-01   0.147787E-01   0.227992E-01   0.811146E+02   0.118038E+02   0.000000E+00   0.693108E+02  -0.138622E+03
   0.399441E+02  -0.133331E+00   0.254636E+01   0.536603E+01   0.400666E+01   0.366103E+02   0.784185E+01   0.229430E+02  -0.920883E+01  -0.106711E+02  -0.393786E+01   0.127129E+02   0.672399E+02  -0.662947E+01   0.125414E+00   0.108957E-02   0.283304E-01   0.179401E-01   0.230807E-01   0.834119E+02   0.113766E+02   0.000000E+00   0.720353E+02  -0.144071E+03
   0.399441E+02  -0.133331E+00   0.254636E+01   0.536603E+01   0.400666E+01   0.366103E+02   0.103297E+02   0.229430E+02  -0.920883E+01  -0.106711E+02  -0.393786E+01   0.127129E+02   0.716867E+02  -0.128267E+02   0.126269E+00   0.781500E-03   0.281494E-01   0.170681E-01   0.211105E-01   0.879732E+02   0.117097E+02   0.000000E+00   0.762635E+02  -0.152527E+03
   0.399441E+02  -0.133331E+00   0.254636E+01   0.536603E+01   0.400666E+01   0.366103E+02   0.103297E+02   0.229430E+02  -0.920883E+01  -0.106711E+02  -0.250471E+01   0.129450E+02   0.755335E+02  -0.179695E+02   0.126643E+00   0.781500E-03   0.289007E-01   0.170681E-01   0.202825E-01   0.901982E+02   0.117174E+02   0.000000E+00   0.784808E+02  -0.156962E+03
   0.399441E+02  -0.133331E+00   0.254636E+01   0.536603E+01   0.331881E+01   0.366103E+02   0.103297E+02   0.230852E+02  -0.920883E+01  -0.106711E+02  -0.250471E+01   0.129450E+02   0.782457E+02  -0.147032E+02   0.127151E+00   0.103047E-02   0.304395E-01   0.165037E-01   0.212123E-01   0.900554E+02   0.115021E+02   0.000000E+00   0.785533E+02  -0.157107E+03
   0.399441E+02  -0.133331E+00   0.254636E+01   0.536603E+01   0.331881E+01   0.366103E+02   0.103297E+02   0.229150E+02  -0.920883E+01  -0.106711E+02  -0.250471E+01   0.129450E+02   0.734888E+02  -0.163402E+02   0.127978E+00   0.137015E-02   0.316342E-01   0.170212E-01   0.203108E-01   0.921919E+02   0.113870E+02   0.000000E+00   0.808049E+02  -0.161610E+03
   0.399441E+02   0.750168E-01   0.254636E+01   0.557909E+01   0.643297E+01   0.365497E+02   0.103297E+02   0.229150E+02  -0.920883E+01  -0.106711E+02  -0.320951E+01   0.129450E+02   0.686543E+02  -0.167720E+02   0.127978E+00   0.150668E-02   0.320726E-01   0.173827E-01   0.213493E-01   0.951503E+02   0.111896E+02   0.000000E+00   0.839607E+02  -0.167921E+03
   0.399441E+02   0.750168E-01   0.254636E+01   0.557909E+01   0.643297E+01   0.365497E+02   0.103297E+02   0.229150E+02  -0.920883E+01  -0.106711E+02  -0.320951E+01   0.129450E+02   0.747658E+02  -0.271606E+01   0.127978E+00   0.272139E-02   0.339732E-01   0.165769E-01   0.186301E-01   0.951913E+02   0.112305E+02   0.000000E+00   0.839608E+02  -0.167922E+03
   0.399441E+02   0.750168E-01   0.254636E+01   0.557909E+01   0.643297E+01   0.365497E+02   0.976833E+01   0.229150E+02  -0.920883E+01  -0.106711E+02  -0.320951E+01   0.129450E+02   0.750243E+02  -0.982294E+01   0.129000E+00   0.334632E-02   0.330901E-01   0.160047E-01   0.189147E-01   0.980228E+02   0.112851E+02   0.000000E+00   0.867377E+02  -0.173475E+03
   0.399441E+02   0.750168E-01   0.254636E+01   0.557909E+01   0.643297E+01   0.365497E+02   0.976833E+01   0.229150E+02  -0.920883E+01  -0.106711E+02  -0.320951E+01   0.129450E+02   0.714746E+02  -0.392946E+01   0.129000E+00   0.425133E-02   0.321300E-01   0.173129E-01   0.199906E-01   0.977900E+02   0.110522E+02   0.000000E+00   0.867378E+02  -0.173476E+03
   0.399441E+02   0.750168E-01   0.254636E+01   0.557909E+01   0.643297E+01   0.365497E+02   0.976833E+01   0.229150E+02  -0.947388E+01  -0.106711E+02  -0.320951E+01   0.129450E+02   0.701978E+02   0.219817E+01   0.129586E+00   0.521002E-02   0.293272E-01   0.165387E-01   0.197358E-01   0.100776E+03   0.113395E+02   0.000000E+00   0.894365E+02  -0.178873E+03
   0.399441E+02  -0.838056E+00   0.254636E+01   0.557909E+01   0.643297E+01   0.365497E+02   0.100247E+02   0.229150E+02  -0.947388E+01  -0.106711E+02  -0.320951E+01   0.129450E+02   0.634648E+02   0.985931E+01   0.131034E+00   0.521002E-02   0.285872E-01   0.177017E-01   0.215037E-01   0.103198E+03   0.111204E+02   0.000000E+00   0.920776E+02  -0.184155E+03
   0.397603E+02  -0.838056E+00   0.254636E+01   0.557909E+01   0.643297E+01   0.365497E+02   0.100247E+02   0.229150E+02  -0.942641E+01  -0.106711E+02  -0.320951E+01   0.129450E+02   0.632642E+02   0.534150E+01   0.131514E+00   0.486687E-02   0.288244E-01   0.170078E-01   0.201845E-01   0.103562E+03   0.113323E+02   0.000000E+00   0.922297E+02  -0.184459E+03
   0.397603E+02  -0.838056E+00   0.254636E+01   0.557909E+01   0.578446E+01   0.365497E+02   0.100247E+02   0.229150E+02  -0.942641E+01  -0.107704E+02  -0.320951E+01   0.129450E+02   0.552496E+02   0.397311E+01   0.131638E+00   0.591855E-02   0.295411E-01   0.161782E-01   0.201845E-01   0.104318E+03   0.112384E+02   0.000000E+00   0.930796E+02  -0.186159E+03
   0.397603E+02  -0.838056E+00   0.254636E+01   0.624468E+01   0.578446E+01   0.365497E+02   0.100247E+02   0.229150E+02  -0.942641E+01  -0.107704E+02  -0.320951E+01   0.130393E+02   0.502806E+02   0.852149E+01   0.131370E+00   0.607504E-02   0.289133E-01   0.146577E-01   0.214059E-01   0.103740E+03   0.113155E+02   0.000000E+00   0.924245E+02  -0.184849E+03
   0.396332E+02  -0.838056E+00   0.254636E+01   0.624468E+01   0.578446E+01   0.360349E+02   0.100247E+02   0.229150E+02  -0.942641E+01  -0.107704E+02  -0.320951E+01   0.122710E+02   0.516960E+02   0.225904E+02   0.131370E+00   0.618923E-02   0.306919E-01   0.135095E-01   0.201603E-01   0.103140E+03   0.113656E+02   0.000000E+00   0.917744E+02  -0.183549E+03
   0.396332E+02  -0.838056E+00   0.254636E+01   0.624468E+01   0.739658E+01   0.360349E+02   0.117779E+02   0.229150E+02  -0.942641E+01  -0.107704E+02  -0.320951E+01   0.122710E+02   0.427189E+02   0.234579E+02   0.131370E+00   0.475986E-02   0.318410E-01   0.116847E-01   0.200664E-01   0.100982E+03   0.115855E+02   0.000000E+00   0.893965E+02  -0.178793E+03
   0.400301E+02   0.744855E+00   0.254636E+01   0.624468E+01   0.739658E+01   0.360349E+02   0.122799E+02   0.229150E+02  -0.942641E+01  -0.107704E+02  -0.320951E+01   0.122710E+02   0.468722E+02   0.280677E+02   0.132738E+00   0.638819E-02   0.318410E-01   0.119098E-01   0.199154E-01   0.105447E+03   0.114152E+02   0.000000E+00   0.940318E+02  -0.188064E+03
   0.400301E+02  -0.595160E+00   0.254636E+01   0.624468E+01   0.739658E+01   0.360349E+02   0.834564E+01   0.229150E+02  -0.942641E+01  -0.107704E+02  -0.320951E+01   0.122710E+02   0.444485E+02   0.372590E+02   0.132373E+00   0.732104E-02   0.329851E-01   0.132393E-01   0.208587E-01   0.106447E+03   0.109803E+02   0.000000E+00   0.954667E+02  -0.190933E+03
   0.400301E+02  -0.595160E+00   0.254636E+01   0.624468E+01   0.566642E+01   0.370922E+02   0.834564E+01   0.229150E+02  -0.942641E+01  -0.107704E+02  -0.320951E+01   0.122710E+02   0.433712E+02   0.287517E+02   0.132373E+00   0.711722E-02   0.346418E-01   0.105254E-01   0.181118E-01   0.107055E+03   0.113811E+02   0.000000E+00   0.956739E+02  -0.191348E+03
   0.400301E+02  -0.595160E+00   0.254636E+01   0.574173E+01   0.566642E+01   0.370922E+02   0.834564E+01   0.229150E+02  -0.942641E+01  -0.107704E+02  -0.320951E+01   0.122710E+02   0.415049E+02   0.352617E+02   0.133085E+00   0.680590E-02   0.363406E-01   0.985247E-02   0.173254E-01   0.108308E+03   0.113882E+02   0.000000E+00   0.969198E+02  -0.193840E+03
   0.400301E+02  -0.595160E+00   0.254636E+01   0.574173E+01   0.566642E+01   0.370922E+02   0.834564E+01   0.229150E+02  -0.942641E+01  -0.107704E+02  -0.320951E+01   0.122710E+02   0.474561E+02   0.330459E+02   0.133085E+00   0.680590E-02   0.382294E-01   0.130359E-01   0.165988E-01   0.107852E+03   0.109537E+02   0.000000E+00   0.968983E+02  -0.193797E+03
   0.400301E+02  -0.595160E+00   0.254636E+01   0.724467E+01   0.566642E+01   0.370922E+02   0.834564E+01   0.229150E+02  -0.942641E+01  -0.107704E+02  -0.320951E+01   0.122710E+02   0.480333E+02   0.266855E+02   0.133085E+00   0.659096E-02   0.391171E-01   0.134629E-01   0.149746E-01   0.107981E+03   0.110061E+02   0.000000E+00   0.969749E+02  -0.193950E+03
   0.400301E+02  -0.595160E+00   0.254636E+01   0.552593E+01   0.566642E+01   0.370922E+02   0.938033E+01   0.228031E+02  -0.942641E+01  -0.107704E+02  -0.320951E+01   0.118643E+02   0.439357E+02   0.206248E+02   0.134312E+00   0.770350E-02   0.388430E-01   0.123879E-01   0.162799E-01   0.110631E+03   0.108993E+02   0.000000E+00   0.997317E+02  -0.199463E+03
   0.400301E+02  -0.595160E+00   0.254636E+01   0.774361E+01   0.523950E+01   0.370922E+02   0.938033E+01   0.228031E+02  -0.942641E+01  -0.107704E+02  -0.320951E+01   0.118643E+02   0.419800E+02   0.711649E+01   0.134312E+00   0.809072E-02   0.392626E-01   0.125749E-01   0.145085E-01   0.110425E+03   0.109770E+02   0.000000E+00   0.994480E+02  -0.198896E+03
   0.400301E+02  -0.595160E+00   0.254636E+01   0.774361E+01   0.523950E+01   0.370922E+02   0.106227E+02   0.228031E+02  -0.942641E+01  -0.107704E+02  -0.320951E+01   0.118643E+02   0.366096E+02   0.129951E+02   0.136269E+00   0.868217E-02   0.407725E-01   0.133644E-01   0.159007E-01   0.113735E+03   0.105487E+02   0.000000E+00   0.103186E+03  -0.206373E+03
   0.400301E+02  -0.595160E+00   0.254636E+01   0.774361E+01   0.523950E+01   0.370922E+02   0.106227E+02   0.228031E+02  -0.942641E+01  -0.107704E+02  -0.320951E+01   0.118643E+02   0.248365E+02   0.393598E+01   0.135733E+00   0.876419E-02   0.405812E-01   0.138607E-01   0.182371E-01   0.112453E+03   0.102764E+02   0.000000E+00   0.102177E+03  -0.204353E+03
   0.400301E+02  -0.595160E+00   0.301589E+01   0.774361E+01   0.523950E+01   0.370922E+02   0.949089E+01   0.228031E+02  -0.942641E+01  -0.107704E+02  -0.320951E+01   0.118643E+02   0.260608E+02   0.720286E+01   0.135891E+00   0.885585E-02   0.405812E-01   0.135553E-01   0.189076E-01   0.112451E+03   0.102307E+02   0.000000E+00   0.102220E+03  -0.204441E+03
   0.400301E+02  -0.595160E+00   0.301589E+01   0.774361E+01   0.616573E+01   0.370922E+02   0.949089E+01   0.228031E+02  -0.942641E+01  -0.107704E+02  -0.268913E+01   0.118643E+02   0.277619E+02   0.163526E+02   0.136603E+00   0.936214E-02   0.396089E-01   0.145287E-01   0.197481E-01   0.114652E+03   0.100959E+02   0.000000E+00   0.104556E+03  -0.209112E+03
   0.400301E+02  -0.595160E+00   0.301589E+01   0.715175E+01   0.616573E+01   0.370922E+02   0.949089E+01   0.228031E+02  -0.942641E+01  -0.107704E+02  -0.268913E+01   0.118643E+02   0.319096E+02   0.993309E+01   0.136603E+00   0.934380E-02   0.427712E-01   0.112680E-01   0.168536E-01   0.115433E+03   0.103970E+02   0.000000E+00   0.105036E+03  -0.210072E+03
   0.400301E+02  -0.595160E+00   0.301589E+01   0.715175E+01   0.770227E+01   0.370922E+02   0.949089E+01   0.228031E+02  -0.942641E+01  -0.107704E+02  -0.268913E+01   0.118643E+02   0.302881E+02   0.116241E+02   0.140824E+00   0.934380E-02   0.422459E-01   0.104632E-01   0.159308E-01   0.122159E+03   0.106223E+02   0.000000E+00   0.111537E+03  -0.223073E+03
   0.400301E+02  -0.595160E+00   0.301589E+01   0.715175E+01   0.770227E+01   0.371777E+02   0.949089E+01   0.228031E+02  -0.942641E+01  -0.107704E+02  -0.268913E+01   0.118643E+02   0.343830E+02   0.747427E+01   0.141343E+00   0.940546E-02   0.439213E-01   0.867782E-02   0.143959E-01   0.122901E+03   0.107806E+02   0.000000E+00   0.112120E+03  -0.224241E+03
   0.400301E+02  -0.595160E+00   0.301589E+01   0.715175E+01   0.770227E+01   0.371777E+02   0.834356E+01   0.228031E+02  -0.942641E+01  -0.107704E+02  -0.268913E+01   0.118643E+02   0.384454E+02   0.820522E+01   0.142645E+00   0.782144E-02   0.440151E-01   0.800266E-02   0.152832E-01   0.124720E+03   0.109084E+02   0.000000E+00   0.113812E+03  -0.227623E+03
   0.400301E+02   0.121171E+01   0.301589E+01   0.715175E+01   0.770227E+01   0.371777E+02   0.910210E+01   0.228031E+02  -0.942641E+01  -0.107704E+02  -0.268913E+01   0.121329E+02   0.399489E+02   0.118543E+02   0.145107E+00   0.797384E-02   0.446636E-01   0.853377E-02   0.141428E-01   0.126995E+03   0.108893E+02   0.000000E+00   0.116106E+03  -0.232211E+03
   0.400301E+02   0.121171E+01   0.301589E+01   0.715175E+01   0.709181E+01   0.371777E+02   0.910210E+01   0.228031E+02  -0.942641E+01  -0.107704E+02  -0.273362E+01   0.121329E+02   0.438284E+02   0.146319E+02   0.145405E+00   0.680460E-02   0.458243E-01   0.853377E-02   0.142219E-01   0.128085E+03   0.108822E+02   0.000000E+00   0.117203E+03  -0.234406E+03
   0.399881E+02   0.121171E+01   0.317882E+01   0.715175E+01   0.709181E+01   0.371777E+02   0.910210E+01   0.228031E+02  -0.942641E+01  -0.107704E+02  -0.273362E+01   0.948038E+01   0.431855E+02   0.675045E+01   0.145395E+00   0.613700E-02   0.484786E-01   0.601198E-02   0.150821E-01   0.126124E+03   0.108497E+02   0.000000E+00   0.115274E+03  -0.230549E+03
   0.405259E+02   0.121171E+01   0.317882E+01   0.886602E+01   0.709181E+01   0.371777E+02   0.111288E+02   0.228031E+02  -0.942641E+01  -0.107704E+02  -0.273362E+01   0.948038E+01   0.367666E+02   0.741689E+01   0.143053E+00   0.971922E-02   0.489619E-01   0.690095E-02   0.150821E-01   0.124158E+03   0.103543E+02   0.000000E+00   0.113804E+03  -0.227607E+03
   0.405259E+02   0.121171E+01   0.317882E+01   0.886602E+01   0.709181E+01   0.371777E+02   0.111288E+02   0.228031E+02  -0.942641E+01  -0.107704E+02  -0.273362E+01   0.121394E+02   0.365285E+02   0.731013E+01   0.143466E+00   0.979665E-02   0.484488E-01   0.855122E-02   0.128116E-01   0.126713E+03   0.104599E+02   0.000000E+00   0.116253E+03  -0.232506E+03
   0.405259E+02   0.121171E+01   0.317882E+01   0.886602E+01   0.709181E+01   0.371777E+02   0.111288E+02   0.228031E+02  -0.942641E+01  -0.107704E+02  -0.273362E+01   0.121394E+02   0.483284E+02   0.775787E+01   0.143466E+00   0.979665E-02   0.512728E-01   0.100446E-01   0.128827E-01   0.126274E+03   0.100210E+02   0.000000E+00   0.116253E+03  -0.232506E+03
   0.405259E+02   0.141479E+01   0.317882E+01   0.886602E+01   0.709181E+01   0.371777E+02   0.111288E+02   0.228031E+02  -0.951211E+01  -0.107704E+02  -0.326968E+01   0.121394E+02   0.538185E+02   0.174146E+01   0.143095E+00   0.956483E-02   0.512728E-01   0.129402E-01   0.127061E-01   0.125497E+03   0.977229E+01   0.000000E+00   0.115725E+03  -0.231449E+03
   0.405259E+02   0.141479E+01   0.277409E+01   0.886602E+01   0.690801E+01   0.371777E+02   0.111288E+02   0.228031E+02  -0.951211E+01  -0.107704E+02  -0.326968E+01   0.115661E+02   0.528280E+02   0.243814E+01   0.147452E+00   0.806887E-02   0.493989E-01   0.161403E-01   0.124847E-01   0.129205E+03   0.981140E+01   0.000000E+00   0.119394E+03  -0.238787E+03
   0.405259E+02   0.157383E+01   0.277409E+01   0.886602E+01   0.690801E+01   0.372134E+02   0.111288E+02   0.228031E+02  -0.951211E+01  -0.107704E+02  -0.326968E+01   0.115661E+02   0.455929E+02   0.204580E+01   0.147638E+00   0.597184E-02   0.495903E-01   0.186909E-01   0.126673E-01   0.128719E+03   0.972865E+01   0.000000E+00   0.118990E+03  -0.237981E+03
   0.405259E+02   0.157383E+01   0.277409E+01   0.886602E+01   0.690801E+01   0.372134E+02   0.107427E+02   0.228031E+02  -0.951211E+01  -0.107704E+02  -0.313423E+01   0.115661E+02   0.479495E+02   0.115926E+02   0.147638E+00   0.335893E-02   0.521616E-01   0.168080E-01   0.121596E-01   0.129092E+03   0.997187E+01   0.000000E+00   0.119120E+03  -0.238240E+03
   0.405259E+02   0.144641E+01   0.394408E+01   0.949814E+01   0.690801E+01   0.356661E+02   0.107427E+02   0.228031E+02  -0.951211E+01  -0.107704E+02  -0.313423E+01   0.115661E+02   0.401358E+02   0.131082E+02   0.146948E+00   0.244551E-02   0.534384E-01   0.168124E-01   0.126582E-01   0.130241E+03   0.988523E+01   0.000000E+00   0.120356E+03  -0.240712E+03
   0.405259E+02   0.144641E+01   0.394408E+01   0.949814E+01   0.803912E+01   0.356661E+02   0.107427E+02   0.228031E+02  -0.951211E+01  -0.107704E+02  -0.313423E+01   0.115661E+02   0.366312E+02   0.140975E+02   0.147056E+00   0.326623E-03   0.534802E-01   0.197791E-01   0.103490E-01   0.130614E+03   0.100272E+02   0.000000E+00   0.120587E+03  -0.241174E+03
   0.405259E+02   0.144641E+01   0.394408E+01   0.949814E+01   0.642913E+01   0.362306E+02   0.103324E+02   0.229206E+02  -0.951211E+01  -0.107704E+02  -0.252755E+01   0.115661E+02   0.328606E+02   0.114943E+02   0.149606E+00   0.771083E-03   0.546288E-01   0.205406E-01   0.119444E-01   0.132585E+03   0.963219E+01   0.000000E+00   0.122953E+03  -0.245906E+03
   0.405259E+02   0.144641E+01   0.394408E+01   0.949814E+01   0.649113E+01   0.362306E+02   0.103324E+02   0.230705E+02  -0.951211E+01  -0.107704E+02  -0.252755E+01   0.110802E+02   0.383784E+02   0.260213E+02   0.149832E+00   0.138023E-02   0.536937E-01   0.180355E-01   0.894650E-02   0.132691E+03   0.102151E+02   0.000000E+00   0.122476E+03  -0.244952E+03
   0.405259E+02   0.144641E+01   0.394408E+01   0.972248E+01   0.711279E+01   0.362306E+02   0.103324E+02   0.225266E+02  -0.951211E+01  -0.107704E+02  -0.252755E+01   0.110802E+02   0.410406E+02   0.183496E+02   0.149832E+00   0.138023E-02   0.521406E-01   0.176581E-01   0.100711E-01   0.135080E+03   0.102957E+02   0.000000E+00   0.124784E+03  -0.249569E+03
   0.405259E+02   0.144641E+01   0.394408E+01   0.972248E+01   0.711279E+01   0.362306E+02   0.110654E+02   0.225266E+02  -0.951211E+01  -0.107704E+02  -0.252755E+01   0.110802E+02   0.346868E+02   0.183496E+02   0.150126E+00   0.191762E-02   0.542947E-01   0.154249E-01   0.913260E-02   0.135310E+03   0.103437E+02   0.000000E+00   0.124966E+03  -0.249933E+03
   0.405259E+02   0.144641E+01   0.394408E+01   0.745673E+01   0.711279E+01   0.362306E+02   0.110654E+02   0.225266E+02  -0.951211E+01  -0.107704E+02  -0.252755E+01   0.982055E+01   0.390560E+02   0.265008E+02   0.150654E+00   0.191762E-02   0.519528E-01   0.170596E-01   0.923551E-02   0.133943E+03   0.104041E+02   0.000000E+00   0.123539E+03  -0.247078E+03
   0.405259E+02   0.144641E+01   0.394408E+01   0.745673E+01   0.711279E+01   0.362306E+02   0.110654E+02   0.225266E+02  -0.951211E+01  -0.107704E+02  -0.252755E+01   0.894652E+01   0.416018E+02   0.171812E+02   0.150654E+00   0.278559E-02   0.491470E-01   0.160080E-01   0.115078E-01   0.133395E+03   0.104758E+02   0.000000E+00   0.122919E+03  -0.245838E+03
   0.405259E+02  -0.702217E-01   0.394408E+01   0.745673E+01   0.711279E+01   0.362306E+02   0.818875E+01   0.225266E+02  -0.951211E+01  -0.107704E+02  -0.252755E+01   0.894652E+01   0.432995E+02   0.198484E+02   0.151922E+00   0.302393E-02   0.500842E-01   0.175093E-01   0.103775E-01   0.134950E+03   0.103212E+02   0.000000E+00   0.124629E+03  -0.249258E+03
   0.405259E+02  -0.702217E-01   0.394408E+01   0.745673E+01   0.711279E+01   0.362306E+02   0.818875E+01   0.225266E+02  -0.951211E+01  -0.107704E+02  -0.252755E+01   0.894652E+01   0.487054E+02   0.196694E+02   0.156056E+00   0.648788E-02   0.507721E-01   0.179467E-01   0.715608E-02   0.137879E+03   0.101844E+02   0.000000E+00   0.127695E+03  -0.255389E+03
   0.405259E+02  -0.702217E-01   0.287389E+01   0.745673E+01   0.711279E+01   0.362306E+02   0.818875E+01   0.225266E+02  -0.983056E+01  -0.107704E+02  -0.189871E+01   0.887252E+01   0.531575E+02   0.232866E+02   0.157330E+00   0.575857E-02   0.491456E-01   0.175717E-01   0.784837E-02   0.138013E+03   0.103883E+02   0.000000E+00   0.127625E+03  -0.255249E+03
   0.405259E+02  -0.702217E-01   0.287389E+01   0.745673E+01   0.711279E+01   0.362306E+02   0.818875E+01   0.225266E+02  -0.983056E+01  -0.107704E+02  -0.189871E+01   0.887252E+01   0.498040E+02   0.223214E+02   0.158441E+00   0.575857E-02   0.495035E-01   0.177421E-01   0.683475E-02   0.138703E+03   0.104368E+02   0.000000E+00   0.128266E+03  -0.256532E+03
   0.405259E+02  -0.702217E-01   0.287389E+01   0.639354E+01   0.711279E+01   0.364382E+02   0.818875E+01   0.225266E+02  -0.983056E+01  -0.107704E+02  -0.189871E+01   0.887252E+01   0.430023E+02   0.223214E+02   0.158441E+00   0.535647E-02   0.508205E-01   0.184246E-01   0.695922E-02   0.138298E+03   0.102646E+02   0.000000E+00   0.128033E+03  -0.256067E+03
   0.405259E+02  -0.702217E-01   0.287389E+01   0.639354E+01   0.460551E+01   0.364382E+02   0.111307E+02   0.225266E+02  -0.983056E+01  -0.107704E+02  -0.189871E+01   0.887252E+01   0.506271E+02   0.203526E+02   0.160762E+00   0.734356E-02   0.493135E-01   0.184180E-01   0.662235E-02   0.138697E+03   0.102509E+02   0.000000E+00   0.128446E+03  -0.256892E+03
   0.405259E+02  -0.702217E-01   0.173438E+01   0.639354E+01   0.461947E+01   0.364382E+02   0.111307E+02   0.225266E+02  -0.983056E+01  -0.107704E+02  -0.189871E+01   0.887252E+01   0.545595E+02   0.289679E+02   0.160236E+00   0.100148E-01   0.476111E-01   0.157504E-01   0.853578E-02   0.137411E+03   0.102295E+02   0.000000E+00   0.127182E+03  -0.254363E+03
   0.405259E+02  -0.702217E-01   0.173438E+01   0.639354E+01   0.394475E+01   0.364921E+02   0.111307E+02   0.225266E+02  -0.983056E+01  -0.107704E+02  -0.189871E+01   0.887252E+01   0.592333E+02   0.323399E+02   0.159344E+00   0.104050E-01   0.458411E-01   0.141277E-01   0.606626E-02   0.136984E+03   0.107767E+02   0.000000E+00   0.126207E+03  -0.252415E+03
   0.405259E+02  -0.702217E-01   0.173438E+01   0.639354E+01   0.610809E+01   0.364921E+02   0.111307E+02   0.225266E+02  -0.969103E+01  -0.107704E+02  -0.240064E+01   0.887252E+01   0.564125E+02   0.181140E+02   0.158397E+00   0.877201E-02   0.494942E-01   0.162765E-01   0.224296E-02   0.137721E+03   0.107421E+02   0.000000E+00   0.126979E+03  -0.253958E+03
   0.405259E+02  -0.702217E-01   0.158091E+01   0.639354E+01   0.610809E+01   0.364921E+02   0.111307E+02   0.225266E+02  -0.969103E+01  -0.107704E+02  -0.240064E+01   0.887252E+01   0.514879E+02   0.102729E+02   0.158397E+00   0.608088E-02   0.491359E-01   0.162765E-01   0.383500E-05   0.137893E+03   0.112710E+02   0.000000E+00   0.126622E+03  -0.253244E+03
   0.405259E+02  -0.702217E-01   0.158091E+01   0.797950E+01   0.610809E+01   0.364921E+02   0.111307E+02   0.225266E+02  -0.969103E+01  -0.107704E+02  -0.240064E+01   0.887252E+01   0.596649E+02   0.105860E+02   0.158738E+00   0.622547E-02   0.469843E-01   0.160928E-01   0.383500E-05   0.138597E+03   0.114900E+02   0.000000E+00   0.127107E+03  -0.254214E+03
   0.402405E+02  -0.702217E-01   0.158091E+01   0.797950E+01   0.610809E+01   0.369855E+02   0.111307E+02   0.225266E+02  -0.969103E+01  -0.107704E+02  -0.240064E+01   0.887252E+01   0.607057E+02   0.268759E+01   0.158738E+00   0.523751E-02   0.469081E-01   0.170861E-01   0.383500E-05   0.139283E+03   0.114971E+02   0.000000E+00   0.127786E+03  -0.255572E+03
   0.402405E+02  -0.702217E-01   0.158091E+01   0.797950E+01   0.610809E+01   0.359081E+02   0.111307E+02   0.225266E+02  -0.969103E+01  -0.107704E+02  -0.240064E+01   0.887252E+01   0.511185E+02   0.710376E+01   0.158738E+00   0.523751E-02   0.470061E-01   0.185753E-01   0.383500E-05   0.139257E+03   0.113384E+02   0.000000E+00   0.127919E+03  -0.255837E+03
   0.402405E+02  -0.702217E-01   0.205704E+01   0.797950E+01   0.610809E+01   0.356611E+02   0.111307E+02   0.225266E+02  -0.969103E+01  -0.107704E+02  -0.353869E+01   0.887252E+01   0.544283E+02  -0.362445E+01   0.158738E+00   0.370831E-02   0.447855E-01   0.207956E-01   0.383500E-05   0.141164E+03   0.114914E+02   0.000000E+00   0.129673E+03  -0.259345E+03
   0.402405E+02  -0.702217E-01   0.205704E+01   0.797950E+01   0.610809E+01   0.356611E+02   0.111307E+02   0.225266E+02  -0.969103E+01  -0.107704E+02  -0.353869E+01   0.887252E+01   0.499992E+02  -0.362445E+01   0.158812E+00   0.370831E-02   0.447855E-01   0.211806E-01   0.383500E-05   0.141166E+03   0.114529E+02   0.000000E+00   0.129713E+03  -0.259426E+03
   0.402405E+02  -0.702217E-01   0.205704E+01   0.797950E+01   0.610809E+01   0.356611E+02   0.111307E+02   0.225266E+02  -0.969103E+01  -0.107704E+02  -0.353869E+01   0.887252E+01   0.499992E+02   0.163041E+02   0.160623E+00   0.137983E-02   0.464055E-01   0.230479E-01   0.843118E-03   0.141841E+03   0.112530E+02   0.000000E+00   0.130588E+03  -0.261176E+03
   0.398737E+02   0.339622E+00   0.205704E+01   0.797950E+01   0.610809E+01   0.356611E+02   0.111307E+02   0.225266E+02  -0.969103E+01  -0.107704E+02  -0.353869E+01   0.887252E+01   0.499992E+02   0.170692E+02   0.158915E+00   0.137983E-02   0.469237E-01   0.223121E-01   0.297983E-03   0.140599E+03   0.113293E+02   0.000000E+00   0.129270E+03  -0.258539E+03
   0.398737E+02   0.339622E+00   0.205704E+01   0.760565E+01   0.610809E+01   0.364580E+02   0.111307E+02   0.225266E+02  -0.969103E+01  -0.107704E+02  -0.353869E+01   0.887252E+01   0.596603E+02   0.167231E+02   0.159434E+00   0.116799E-02   0.463288E-01   0.209086E-01   0.297983E-03   0.141787E+03   0.115503E+02   0.000000E+00   0.130237E+03  -0.260473E+03
   0.399179E+02  -0.505588E+00   0.329734E+01   0.756016E+01   0.610809E+01   0.364580E+02   0.111307E+02   0.225266E+02  -0.969103E+01  -0.107704E+02  -0.353869E+01   0.887252E+01   0.596603E+02   0.220521E+02   0.159434E+00   0.116799E-02   0.429702E-01   0.180188E-01   0.297983E-03   0.141846E+03   0.121752E+02   0.000000E+00   0.129671E+03  -0.259342E+03
   0.399179E+02  -0.505588E+00   0.329734E+01   0.587599E+01   0.610809E+01   0.364580E+02   0.111307E+02   0.225266E+02  -0.969103E+01  -0.107704E+02  -0.353869E+01   0.887252E+01   0.527216E+02   0.220521E+02   0.159434E+00   0.101524E-02   0.422050E-01   0.172851E-01   0.104975E-02   0.141828E+03   0.122652E+02   0.000000E+00   0.129563E+03  -0.259126E+03
   0.399179E+02  -0.505588E+00   0.329734E+01   0.587599E+01   0.610809E+01   0.364580E+02   0.111307E+02   0.225266E+02  -0.969103E+01  -0.987888E+01  -0.353869E+01   0.887252E+01   0.404930E+02   0.331236E+02   0.160081E+00   0.126598E-02   0.437043E-01   0.172851E-01   0.171633E-02   0.138399E+03   0.120235E+02   0.000000E+00   0.126375E+03  -0.252751E+03
   0.399179E+02  -0.505588E+00   0.329734E+01   0.660547E+01   0.610809E+01   0.362831E+02   0.111307E+02   0.230954E+02  -0.969103E+01  -0.987888E+01  -0.353869E+01   0.100519E+02   0.488056E+02   0.363909E+02   0.161394E+00   0.126598E-02   0.441602E-01   0.187998E-01   0.171633E-02   0.138825E+03   0.118264E+02   0.000000E+00   0.126999E+03  -0.253997E+03
   0.399179E+02  -0.505588E+00   0.329734E+01   0.660547E+01   0.610809E+01   0.362831E+02   0.120575E+02   0.230954E+02  -0.969103E+01  -0.987888E+01  -0.321981E+01   0.891376E+01   0.492644E+02   0.363909E+02   0.161742E+00   0.212374E-02   0.440442E-01   0.198823E-01   0.101378E-02   0.136685E+03   0.117143E+02   0.000000E+00   0.124971E+03  -0.249941E+03
   0.399179E+02  -0.505588E+00   0.329734E+01   0.660547E+01   0.574653E+01   0.362831E+02   0.120575E+02   0.230954E+02  -0.969103E+01  -0.987888E+01  -0.321981E+01   0.130266E+02   0.529449E+02   0.356680E+02   0.162613E+00   0.206878E-02   0.446809E-01   0.184942E-01   0.787110E-03   0.140020E+03   0.118176E+02   0.000000E+00   0.128202E+03  -0.256405E+03
   0.399179E+02  -0.505588E+00   0.329734E+01   0.660547E+01   0.574653E+01   0.362831E+02   0.965396E+01   0.230954E+02  -0.969103E+01  -0.997873E+01  -0.321981E+01   0.130266E+02   0.513366E+02   0.432815E+02   0.163509E+00   0.305281E-02   0.421049E-01   0.167920E-01   0.152478E-02   0.141941E+03   0.120732E+02   0.000000E+00   0.129868E+03  -0.259736E+03
   0.399179E+02  -0.505588E+00   0.329734E+01   0.660547E+01   0.574653E+01   0.362831E+02   0.965396E+01   0.230954E+02  -0.969103E+01  -0.102973E+02  -0.305223E+01   0.130266E+02   0.504231E+02   0.432815E+02   0.162736E+00   0.333632E-02   0.394828E-01   0.163885E-01   0.229677E-02   0.142471E+03   0.122702E+02   0.000000E+00   0.130201E+03  -0.260402E+03
   0.399179E+02  -0.505588E+00   0.289058E+01   0.641770E+01   0.574653E+01   0.362831E+02   0.893817E+01   0.233001E+02  -0.969103E+01  -0.102973E+02  -0.303632E+01   0.124379E+02   0.482023E+02   0.435743E+02   0.162774E+00   0.404651E-02   0.400430E-01   0.128306E-01   0.229677E-02   0.141825E+03   0.124990E+02   0.000000E+00   0.129326E+03  -0.258652E+03
   0.399215E+02  -0.505588E+00   0.289058E+01   0.641770E+01   0.574653E+01   0.362831E+02   0.893817E+01   0.233001E+02  -0.969103E+01  -0.102973E+02  -0.303632E+01   0.979959E+01   0.482023E+02   0.435743E+02   0.164420E+00   0.553239E-02   0.396144E-01   0.128306E-01   0.419654E-02   0.140971E+03   0.122033E+02   0.000000E+00   0.128768E+03  -0.257535E+03
   0.396570E+02  -0.505588E+00   0.289058E+01   0.641770E+01   0.574653E+01   0.362831E+02   0.893817E+01   0.233001E+02  -0.969103E+01  -0.102973E+02  -0.303632E+01   0.973287E+01   0.438405E+02   0.435743E+02   0.166147E+00   0.558144E-02   0.369041E-01   0.596557E-02   0.718074E-02   0.145604E+03   0.128575E+02   0.000000E+00   0.132747E+03  -0.265493E+03
   0.396570E+02  -0.505588E+00   0.289058E+01   0.641770E+01   0.574653E+01   0.362831E+02   0.100687E+02   0.233001E+02  -0.969103E+01  -0.102332E+02  -0.303632E+01   0.973287E+01   0.438405E+02   0.435743E+02   0.166146E+00   0.819068E-02   0.360237E-01   0.590299E-02   0.661573E-02   0.145706E+03   0.127474E+02   0.000000E+00   0.132959E+03  -0.265917E+03
   0.400040E+02   0.408720E+00   0.289058E+01   0.630643E+01   0.574653E+01   0.362831E+02   0.100687E+02   0.228168E+02  -0.101689E+02  -0.102332E+02  -0.303632E+01   0.973287E+01   0.438405E+02   0.435743E+02   0.163249E+00   0.618785E-02   0.347523E-01   0.797706E-02   0.629611E-02   0.150249E+03   0.128993E+02   0.000000E+00   0.137350E+03  -0.274699E+03
   0.400040E+02  -0.456266E+00   0.289058E+01   0.630643E+01   0.574653E+01   0.362831E+02   0.100687E+02   0.228168E+02  -0.107094E+02  -0.102332E+02  -0.303632E+01   0.973287E+01   0.438405E+02   0.435743E+02   0.163414E+00   0.699229E-02   0.345846E-01   0.105024E-01   0.760893E-02   0.150735E+03   0.124519E+02   0.000000E+00   0.138283E+03  -0.276566E+03
   0.400040E+02  -0.456266E+00   0.289058E+01   0.630643E+01   0.574653E+01   0.362831E+02   0.100687E+02   0.228168E+02  -0.107094E+02  -0.102332E+02  -0.303632E+01   0.973287E+01   0.438405E+02   0.435743E+02   0.164230E+00   0.887506E-02   0.334197E-01   0.121504E-01   0.379298E-02   0.151085E+03   0.125969E+02   0.000000E+00   0.138488E+03  -0.276976E+03
   0.400040E+02  -0.371489E+00   0.289058E+01   0.630643E+01   0.574653E+01   0.362662E+02   0.100687E+02   0.228168E+02  -0.107094E+02  -0.102332E+02  -0.303632E+01   0.973287E+01   0.438405E+02   0.435743E+02   0.164716E+00   0.799645E-02   0.305297E-01   0.101025E-01   0.377707E-02   0.151860E+03   0.131801E+02   0.000000E+00   0.138680E+03  -0.277360E+03
   0.400040E+02   0.615022E-01   0.289058E+01   0.630643E+01   0.409981E+01   0.364686E+02   0.110723E+02   0.228168E+02  -0.107094E+02  -0.103025E+02  -0.303632E+01   0.973287E+01   0.438405E+02   0.435743E+02   0.166285E+00   0.907791E-02   0.332010E-01   0.968496E-02   0.688906E-02   0.150846E+03   0.125354E+02   0.000000E+00   0.138311E+03  -0.276621E+03
   0.400388E+02   0.615022E-01   0.289058E+01   0.630643E+01   0.409981E+01   0.364686E+02   0.883184E+01   0.228168E+02  -0.107094E+02  -0.103025E+02  -0.303632E+01   0.973287E+01   0.438405E+02   0.435743E+02   0.166318E+00   0.533205E-02   0.320067E-01   0.110824E-01   0.495844E-02   0.150995E+03   0.130827E+02   0.000000E+00   0.137912E+03  -0.275825E+03
   0.403359E+02   0.615022E-01   0.289058E+01   0.630643E+01   0.409981E+01   0.376989E+02   0.101705E+02   0.228168E+02  -0.106761E+02  -0.103025E+02  -0.303632E+01   0.973287E+01   0.438405E+02   0.435743E+02   0.165798E+00   0.479043E-02   0.341159E-01   0.120905E-01   0.495844E-02   0.150094E+03   0.128252E+02   0.000000E+00   0.137269E+03  -0.274538E+03
   0.403359E+02   0.705181E+00   0.289058E+01   0.630643E+01   0.409981E+01   0.376989E+02   0.101705E+02   0.228168E+02  -0.106761E+02  -0.103025E+02  -0.303632E+01   0.973747E+01   0.438405E+02   0.435743E+02   0.169684E+00   0.614833E-02   0.341159E-01   0.143784E-01   0.447639E-02   0.150117E+03   0.125088E+02   0.000000E+00   0.137608E+03  -0.275216E+03
   0.403359E+02   0.705181E+00   0.289058E+01   0.630643E+01   0.409981E+01   0.376286E+02   0.101705E+02   0.228168E+02  -0.106761E+02  -0.103025E+02  -0.303632E+01   0.973747E+01   0.438405E+02   0.435743E+02   0.172210E+00   0.689141E-02   0.326477E-01   0.143784E-01   0.252721E-02   0.150610E+03   0.127762E+02   0.000000E+00   0.137834E+03  -0.275668E+03
   0.403359E+02   0.705181E+00   0.289058E+01   0.630643E+01   0.409981E+01   0.376286E+02   0.985757E+01   0.228168E+02  -0.105794E+02  -0.103025E+02  -0.303632E+01   0.973747E+01   0.438405E+02   0.435743E+02   0.171582E+00   0.792454E-02   0.329434E-01   0.122801E-01   0.294205E-02   0.150619E+03   0.128117E+02   0.000000E+00   0.137807E+03  -0.275615E+03
   0.403359E+02   0.705181E+00   0.289058E+01   0.630643E+01   0.409981E+01   0.376286E+02   0.985757E+01   0.228168E+02  -0.105794E+02  -0.103025E+02  -0.303632E+01   0.973747E+01   0.438405E+02   0.435743E+02   0.168148E+00   0.795320E-02   0.308868E-01   0.956322E-02   0.312975E-02   0.150807E+03   0.132674E+02   0.000000E+00   0.137540E+03  -0.275079E+03
   0.403359E+02   0.705181E+00   0.289058E+01   0.428540E+01   0.513107E+01   0.376286E+02   0.985757E+01   0.228168E+02  -0.105794E+02  -0.103025E+02  -0.303632E+01   0.973747E+01   0.438405E+02   0.435743E+02   0.166346E+00   0.123159E-01   0.296481E-01   0.731181E-02   0.563977E-02   0.147457E+03   0.129291E+02   0.000000E+00   0.134528E+03  -0.269056E+03
   0.403359E+02   0.705181E+00   0.315542E+01   0.105309E+02   0.813602E+01   0.376286E+02   0.985757E+01   0.228168E+02  -0.105794E+02  -0.103025E+02  -0.303632E+01   0.973747E+01   0.438405E+02   0.435743E+02   0.166346E+00   0.105555E-01   0.290861E-01   0.600166E-02   0.462619E-02   0.150226E+03   0.133937E+02   0.000000E+00   0.136832E+03  -0.273665E+03
   0.403359E+02   0.705181E+00   0.315542E+01   0.105309E+02   0.813602E+01   0.364773E+02   0.990887E+01   0.228168E+02  -0.105794E+02  -0.103025E+02  -0.303632E+01   0.973747E+01   0.438405E+02   0.435743E+02   0.165473E+00   0.994415E-02   0.274072E-01   0.697919E-02   0.408823E-02   0.150782E+03   0.135788E+02   0.000000E+00   0.137203E+03  -0.274406E+03
   0.403359E+02   0.705181E+00   0.315542E+01   0.105309E+02   0.813602E+01   0.364773E+02   0.990887E+01   0.228168E+02  -0.105794E+02  -0.103025E+02  -0.303632E+01   0.973747E+01   0.438405E+02   0.435743E+02   0.167268E+00   0.126580E-01   0.300416E-01   0.727439E-02   0.628774E-02   0.150328E+03   0.127945E+02   0.000000E+00   0.137533E+03  -0.275067E+03
   0.403359E+02   0.705181E+00   0.303110E+01   0.105309E+02   0.611702E+01   0.371372E+02   0.112140E+02   0.228168E+02  -0.105794E+02  -0.103025E+02  -0.303632E+01   0.104937E+02   0.438405E+02   0.435743E+02   0.167988E+00   0.133572E-01   0.270000E-01   0.704353E-02   0.643823E-02   0.149889E+03   0.130368E+02   0.000000E+00   0.136852E+03  -0.273704E+03
   0.403359E+02   0.705181E+00   0.247861E+01   0.105309E+02   0.611702E+01   0.384672E+02   0.929027E+01   0.228168E+02  -0.105794E+02  -0.103025E+02  -0.303632E+01   0.935632E+01   0.438405E+02   0.435743E+02   0.166667E+00   0.133939E-01   0.233525E-01   0.623428E-02   0.748563E-02   0.147722E+03   0.133740E+02   0.000000E+00   0.134348E+03  -0.268696E+03
   0.403359E+02   0.705181E+00   0.247861E+01   0.105309E+02   0.611702E+01   0.384672E+02   0.929027E+01   0.228168E+02  -0.105794E+02  -0.974965E+01  -0.303632E+01   0.935632E+01   0.438405E+02   0.435743E+02   0.163569E+00   0.145415E-01   0.249388E-01   0.738489E-02   0.628152E-02   0.144209E+03   0.131060E+02   0.000000E+00   0.131103E+03  -0.262206E+03
   0.403359E+02   0.705181E+00   0.303235E+01   0.105309E+02   0.844217E+01   0.384672E+02   0.929027E+01   0.228168E+02  -0.105794E+02  -0.974965E+01  -0.303632E+01   0.935632E+01   0.438405E+02   0.435743E+02   0.163404E+00   0.125404E-01   0.264114E-01   0.564918E-02   0.773313E-02   0.144671E+03   0.131873E+02   0.000000E+00   0.131484E+03  -0.262967E+03
   0.403359E+02   0.597147E-01   0.303235E+01   0.898653E+01   0.844217E+01   0.370609E+02   0.929027E+01   0.228168E+02  -0.105794E+02  -0.974965E+01  -0.303632E+01   0.935632E+01   0.438405E+02   0.435743E+02   0.162858E+00   0.127853E-01   0.301761E-01   0.706647E-02   0.324468E-02   0.148435E+03   0.130934E+02   0.000000E+00   0.135342E+03  -0.270683E+03
   0.406224E+02   0.666239E+00   0.303235E+01   0.898653E+01   0.780666E+01   0.370609E+02   0.929027E+01   0.225223E+02  -0.105794E+02  -0.974965E+01  -0.303632E+01   0.935632E+01   0.438405E+02   0.435743E+02   0.162858E+00   0.104879E-01   0.313689E-01   0.799743E-02   0.281548E-02   0.148669E+03   0.131537E+02   0.000000E+00   0.135515E+03  -0.271031E+03
   0.406094E+02   0.666239E+00   0.303235E+01   0.898653E+01   0.687176E+01   0.364968E+02   0.929027E+01   0.225223E+02  -0.105794E+02  -0.974965E+01  -0.303632E+01   0.850776E+01   0.438405E+02   0.435743E+02   0.162858E+00   0.104879E-01   0.317199E-01   0.111682E-01   0.389358E-03   0.148790E+03   0.130441E+02   0.000000E+00   0.135746E+03  -0.271492E+03
   0.406094E+02   0.666239E+00   0.557338E+01   0.898653E+01   0.687176E+01   0.364968E+02   0.929027E+01   0.225223E+02  -0.105794E+02  -0.974965E+01  -0.303632E+01   0.850776E+01   0.438405E+02   0.435743E+02   0.167007E+00   0.696936E-02   0.308234E-01   0.111682E-01   0.578945E-03   0.149112E+03   0.134667E+02   0.000000E+00   0.135645E+03  -0.271291E+03
   0.406094E+02   0.666239E+00   0.557338E+01   0.720240E+01   0.957793E+01   0.364968E+02   0.929027E+01   0.225223E+02  -0.105794E+02  -0.974965E+01  -0.303632E+01   0.850776E+01   0.438405E+02   0.435743E+02   0.168123E+00   0.362004E-02   0.305048E-01   0.111682E-01   0.202345E-02   0.150154E+03   0.136890E+02   0.000000E+00   0.136465E+03  -0.272930E+03
   0.406094E+02   0.666239E+00   0.557338E+01   0.720240E+01   0.957793E+01   0.364968E+02   0.929027E+01   0.225223E+02  -0.107717E+02  -0.974965E+01  -0.303632E+01   0.850776E+01   0.438405E+02   0.435743E+02   0.168260E+00   0.581400E-02   0.294095E-01   0.123896E-01   0.273987E-02   0.149874E+03   0.133854E+02   0.000000E+00   0.136489E+03  -0.272977E+03
   0.406094E+02   0.666239E+00   0.557338E+01   0.720240E+01   0.957793E+01   0.364968E+02   0.105395E+02   0.225223E+02  -0.107717E+02  -0.974965E+01  -0.303632E+01   0.850776E+01   0.438405E+02   0.435743E+02   0.169825E+00   0.638290E-02   0.301828E-01   0.144187E-01   0.308008E-02   0.149293E+03   0.130142E+02   0.000000E+00   0.136279E+03  -0.272558E+03
   0.406094E+02   0.666239E+00   0.557338E+01   0.720240E+01   0.957793E+01   0.364968E+02   0.105395E+02   0.225223E+02  -0.107717E+02  -0.974965E+01  -0.303632E+01   0.850776E+01   0.438405E+02   0.435743E+02   0.168132E+00   0.675462E-02   0.301828E-01   0.154658E-01   0.163897E-02   0.149091E+03   0.130165E+02   0.000000E+00   0.136075E+03  -0.272149E+03
   0.406094E+02   0.666239E+00   0.557338E+01   0.720240E+01   0.821721E+01   0.356501E+02   0.105395E+02   0.225223E+02  -0.107717E+02  -0.960924E+01  -0.303632E+01   0.850776E+01   0.438405E+02   0.435743E+02   0.169144E+00   0.725523E-02   0.284020E-01   0.164281E-01   0.520273E-03   0.148418E+03   0.131601E+02   0.000000E+00   0.135258E+03  -0.270516E+03
   0.406094E+02   0.666239E+00   0.557338E+01   0.916219E+01   0.987805E+01   0.369513E+02   0.114240E+02   0.225223E+02  -0.107717E+02  -0.960924E+01  -0.303632E+01   0.850776E+01   0.438405E+02   0.435743E+02   0.169953E+00   0.579011E-02   0.284020E-01   0.194289E-01   0.389063E-02   0.147811E+03   0.126695E+02   0.000000E+00   0.135141E+03  -0.270283E+03
   0.406094E+02   0.666239E+00   0.418643E+01   0.916219E+01   0.987805E+01   0.369513E+02   0.114240E+02   0.225223E+02  -0.107608E+02  -0.960924E+01  -0.303632E+01   0.850776E+01   0.438405E+02   0.435743E+02   0.167755E+00   0.399893E-02   0.292660E-01   0.195751E-01   0.389063E-02   0.148217E+03   0.127476E+02   0.000000E+00   0.135469E+03  -0.270939E+03
   0.406094E+02   0.147744E+01   0.418643E+01   0.916219E+01   0.987805E+01   0.356614E+02   0.101090E+02   0.226004E+02  -0.107608E+02  -0.960924E+01  -0.303632E+01   0.850776E+01   0.438405E+02   0.435743E+02   0.167755E+00   0.737004E-02   0.284267E-01   0.195751E-01   0.436228E-02   0.147199E+03   0.124473E+02   0.000000E+00   0.134752E+03  -0.269503E+03
   0.405018E+02  -0.168769E+00   0.418643E+01   0.916219E+01   0.987805E+01   0.356614E+02   0.107527E+02   0.225209E+02  -0.104065E+02  -0.960924E+01  -0.303632E+01   0.111365E+02   0.438405E+02   0.435743E+02   0.167547E+00   0.636405E-02   0.279160E-01   0.201342E-01   0.573979E-02   0.144206E+03   0.124053E+02   0.000000E+00   0.131801E+03  -0.263601E+03
   0.405851E+02   0.165661E+01   0.530397E+01   0.916219E+01   0.987805E+01   0.356614E+02   0.788019E+01   0.225209E+02  -0.104065E+02  -0.960924E+01  -0.303632E+01   0.107198E+02   0.438405E+02   0.435743E+02   0.165645E+00   0.876474E-02   0.216181E-01   0.203789E-01   0.801300E-02   0.144191E+03   0.125432E+02   0.000000E+00   0.131648E+03  -0.263296E+03
   0.413453E+02   0.165661E+01   0.586481E+01   0.916219E+01   0.941912E+01   0.381145E+02   0.788019E+01   0.228948E+02  -0.104065E+02  -0.106636E+02  -0.303632E+01   0.107198E+02   0.438405E+02   0.435743E+02   0.165171E+00   0.104364E-01   0.258790E-01   0.182931E-01   0.100461E-01   0.146790E+03   0.119552E+02   0.000000E+00   0.134835E+03  -0.269670E+03
   0.413453E+02   0.173990E+01   0.644576E+01   0.115864E+02   0.941912E+01   0.385517E+02   0.801126E+01   0.228948E+02  -0.104065E+02  -0.106636E+02  -0.303632E+01   0.107198E+02   0.438405E+02   0.435743E+02   0.164993E+00   0.100188E-01   0.228214E-01   0.167087E-01   0.710264E-02   0.145294E+03   0.127555E+02   0.000000E+00   0.132538E+03  -0.265077E+03
   0.413453E+02   0.173990E+01   0.644576E+01   0.115864E+02   0.941912E+01   0.383119E+02   0.110008E+02   0.228948E+02  -0.104065E+02  -0.106636E+02  -0.297270E+01   0.107198E+02   0.438405E+02   0.435743E+02   0.163528E+00   0.110605E-01   0.198778E-01   0.159785E-01   0.109200E-01   0.144559E+03   0.126370E+02   0.000000E+00   0.131922E+03  -0.263844E+03
   0.413453E+02   0.274932E+01   0.644576E+01   0.115864E+02   0.941912E+01   0.383119E+02   0.110008E+02   0.228948E+02  -0.104065E+02  -0.104773E+02  -0.297270E+01   0.107198E+02   0.438405E+02   0.435743E+02   0.163528E+00   0.102854E-01   0.160934E-01   0.162080E-01   0.112552E-01   0.144190E+03   0.130365E+02   0.000000E+00   0.131154E+03  -0.262307E+03
   0.413453E+02   0.274932E+01   0.644576E+01   0.115864E+02   0.941912E+01   0.383119E+02   0.772635E+01   0.228948E+02  -0.104091E+02  -0.104773E+02  -0.297270E+01   0.987250E+01   0.438405E+02   0.435743E+02   0.163528E+00   0.101508E-01   0.193245E-01   0.153949E-01   0.111744E-01   0.144753E+03   0.128162E+02   0.000000E+00   0.131937E+03  -0.263874E+03
   0.417343E+02   0.274932E+01   0.644576E+01   0.115864E+02   0.941912E+01   0.383119E+02   0.772635E+01   0.226436E+02  -0.104091E+02  -0.104773E+02  -0.297270E+01   0.987250E+01   0.438405E+02   0.435743E+02   0.165362E+00   0.683445E-02   0.174167E-01   0.166774E-01   0.111711E-01   0.143306E+03   0.132107E+02   0.000000E+00   0.130095E+03  -0.260191E+03
   0.417343E+02   0.274932E+01   0.644576E+01   0.113159E+02   0.941912E+01   0.366690E+02   0.772635E+01   0.234316E+02  -0.104091E+02  -0.104773E+02  -0.258169E+01   0.987250E+01   0.438405E+02   0.435743E+02   0.165419E+00   0.371990E-02   0.159716E-01   0.134975E-01   0.111711E-01   0.141710E+03   0.139847E+02   0.000000E+00   0.127725E+03  -0.255451E+03
   0.417343E+02   0.172744E+01   0.644576E+01   0.119382E+02   0.119537E+02   0.371156E+02   0.116401E+02   0.234316E+02  -0.104091E+02  -0.104259E+02  -0.258169E+01   0.109814E+02   0.438405E+02   0.435743E+02   0.165419E+00   0.315368E-02   0.148083E-01   0.134975E-01   0.776392E-02   0.143490E+03   0.144983E+02   0.000000E+00   0.128992E+03  -0.257983E+03
   0.407877E+02   0.172744E+01   0.556126E+01   0.119382E+02   0.113381E+02   0.371156E+02   0.133251E+02   0.231869E+02  -0.104091E+02  -0.104259E+02  -0.258169E+01   0.112026E+02   0.438405E+02   0.435743E+02   0.165949E+00   0.203695E-02   0.148083E-01   0.104936E-01   0.548844E-02   0.146119E+03   0.151380E+02   0.000000E+00   0.130981E+03  -0.261962E+03
   0.407877E+02   0.172744E+01   0.625048E+01   0.910692E+01   0.565955E+01   0.371156E+02   0.133251E+02   0.231953E+02  -0.960798E+01  -0.104259E+02  -0.258169E+01   0.112026E+02   0.438405E+02   0.435743E+02   0.171542E+00   0.203695E-02   0.157227E-01   0.104749E-01   0.803217E-02   0.145207E+03   0.147940E+02   0.000000E+00   0.130413E+03  -0.260826E+03
   0.407877E+02   0.172744E+01   0.625048E+01   0.910692E+01   0.565955E+01   0.365732E+02   0.133251E+02   0.231953E+02  -0.960798E+01  -0.127871E+02  -0.258169E+01   0.112026E+02   0.438405E+02   0.435743E+02   0.172519E+00   0.418847E-03   0.155271E-01   0.110406E-01   0.747393E-02   0.151392E+03   0.149746E+02   0.000000E+00   0.136417E+03  -0.272835E+03
   0.407877E+02   0.172744E+01   0.625048E+01   0.910692E+01   0.565955E+01   0.365732E+02   0.133251E+02   0.231953E+02  -0.960798E+01  -0.127871E+02  -0.258169E+01   0.112026E+02   0.438405E+02   0.435743E+02   0.172199E+00   0.418847E-03   0.147026E-01   0.916306E-02   0.606176E-02   0.151796E+03   0.153861E+02   0.000000E+00   0.136410E+03  -0.272820E+03
   0.407877E+02   0.172744E+01   0.625048E+01   0.910692E+01   0.565955E+01   0.365732E+02   0.133251E+02   0.231953E+02  -0.960798E+01  -0.127871E+02  -0.258169E+01   0.112026E+02   0.438405E+02   0.435743E+02   0.170515E+00   0.418847E-03   0.137688E-01   0.609387E-02   0.658173E-02   0.152058E+03   0.157344E+02   0.000000E+00   0.136324E+03  -0.272647E+03
   0.407877E+02   0.172744E+01   0.625048E+01   0.910692E+01   0.565955E+01   0.365732E+02   0.133251E+02   0.233214E+02  -0.960798E+01  -0.127871E+02  -0.258169E+01   0.112026E+02   0.438405E+02   0.435743E+02   0.173074E+00   0.366288E-02   0.142505E-01   0.237745E-02   0.798723E-02   0.151525E+03   0.155929E+02   0.000000E+00   0.135932E+03  -0.271864E+03
   0.407877E+02   0.172744E+01   0.535589E+01   0.102759E+02   0.696284E+01   0.365732E+02   0.133251E+02   0.233214E+02  -0.960798E+01  -0.127871E+02  -0.258169E+01   0.112026E+02   0.438405E+02   0.435743E+02   0.173074E+00   0.357011E-02   0.144216E-01   0.224176E-02   0.476800E-02   0.154875E+03   0.159205E+02   0.000000E+00   0.138954E+03  -0.277909E+03
   0.407877E+02   0.172744E+01   0.535589E+01   0.102759E+02   0.775429E+01   0.365732E+02   0.133251E+02   0.233214E+02  -0.960798E+01  -0.127871E+02  -0.258169E+01   0.112026E+02   0.438405E+02   0.435743E+02   0.170875E+00   0.593585E-02   0.126715E-01   0.201303E-02   0.703963E-02   0.155022E+03   0.156547E+02   0.000000E+00   0.139367E+03  -0.278735E+03
   0.407877E+02   0.172744E+01   0.535589E+01   0.102759E+02   0.775429E+01   0.365732E+02   0.133251E+02   0.233214E+02  -0.960798E+01  -0.127871E+02  -0.258169E+01   0.103824E+02   0.438405E+02   0.435743E+02   0.175458E+00   0.480554E-02   0.139288E-01   0.332307E-02   0.583418E-02   0.154794E+03   0.156315E+02   0.000000E+00   0.139162E+03  -0.278325E+03
   0.407877E+02   0.172744E+01   0.583199E+01   0.102759E+02   0.775429E+01   0.365732E+02   0.949775E+01   0.233214E+02  -0.960798E+01  -0.127871E+02  -0.258169E+01   0.103824E+02   0.438405E+02   0.435743E+02   0.178890E+00   0.429880E-02   0.145520E-01   0.332307E-02   0.539951E-02   0.155641E+03   0.156633E+02   0.000000E+00   0.139978E+03  -0.279955E+03
   0.405034E+02   0.172744E+01   0.373905E+01   0.102759E+02   0.811493E+01   0.365732E+02   0.949775E+01   0.233214E+02  -0.960798E+01  -0.127871E+02  -0.258169E+01   0.103824E+02   0.438405E+02   0.435743E+02   0.179804E+00   0.167143E-02   0.121852E-01   0.485860E-02   0.561284E-02   0.155696E+03   0.159879E+02   0.000000E+00   0.139708E+03  -0.279416E+03
   0.405034E+02   0.172744E+01   0.373905E+01   0.529465E+01   0.811493E+01   0.365732E+02   0.949775E+01   0.233214E+02  -0.960798E+01  -0.127871E+02  -0.258169E+01   0.103824E+02   0.438405E+02   0.435743E+02   0.183150E+00   0.110455E-02   0.121852E-01   0.324762E-02   0.630481E-02   0.151375E+03   0.161365E+02   0.000000E+00   0.135239E+03  -0.270477E+03
   0.405034E+02  -0.832676E+00   0.373905E+01   0.752595E+01   0.811493E+01   0.365732E+02   0.117002E+02   0.233214E+02  -0.960948E+01  -0.127871E+02  -0.258169E+01   0.103824E+02   0.438405E+02   0.435743E+02   0.183150E+00   0.110455E-02   0.169386E-01   0.277179E-02   0.519748E-02   0.153909E+03   0.158194E+02   0.000000E+00   0.138090E+03  -0.276179E+03
   0.405034E+02  -0.832676E+00   0.373905E+01   0.719039E+01   0.852963E+01   0.365732E+02   0.117002E+02   0.233214E+02  -0.960948E+01  -0.127871E+02  -0.278133E+01   0.103824E+02   0.438405E+02   0.435743E+02   0.183150E+00   0.110455E-02   0.124259E-01   0.264541E-02   0.442519E-02   0.154398E+03   0.163606E+02   0.000000E+00   0.138037E+03  -0.276075E+03
   0.405034E+02  -0.164396E+01   0.373905E+01   0.841071E+01   0.852963E+01   0.365732E+02   0.648474E+01   0.233214E+02  -0.960948E+01  -0.127871E+02  -0.278133E+01   0.103824E+02   0.438405E+02   0.435743E+02   0.179307E+00   0.128523E-02   0.690216E-02   0.264541E-02   0.617519E-03   0.150960E+03   0.172756E+02   0.000000E+00   0.133684E+03  -0.267369E+03
   0.405034E+02  -0.164396E+01   0.373905E+01   0.841071E+01   0.852963E+01   0.365732E+02   0.122591E+02   0.233214E+02  -0.964028E+01  -0.127871E+02  -0.278133E+01   0.103824E+02   0.438405E+02   0.435743E+02   0.177677E+00   0.128523E-02   0.867541E-02   0.231017E-02   0.519499E-02   0.150880E+03   0.166741E+02   0.000000E+00   0.134206E+03  -0.268412E+03
   0.405034E+02  -0.164396E+01   0.373905E+01   0.849055E+01   0.852963E+01   0.365732E+02   0.122591E+02   0.233214E+02  -0.964028E+01  -0.127871E+02  -0.278133E+01   0.103824E+02   0.438405E+02   0.435743E+02   0.177667E+00   0.155960E-02   0.785848E-02   0.336408E-02   0.707524E-02   0.150531E+03   0.164349E+02   0.000000E+00   0.134096E+03  -0.268192E+03
   0.405034E+02   0.238437E+00   0.373905E+01   0.849055E+01   0.728925E+01   0.365732E+02   0.122591E+02   0.233214E+02  -0.964028E+01  -0.127871E+02  -0.176355E+01   0.103824E+02   0.438405E+02   0.435743E+02   0.177667E+00   0.155960E-02   0.846469E-02   0.791832E-02   0.115497E-01   0.156190E+03   0.154714E+02   0.000000E+00   0.140719E+03  -0.281437E+03
   0.405034E+02   0.238437E+00   0.373905E+01   0.849055E+01   0.968820E+01   0.365732E+02   0.122591E+02   0.233214E+02  -0.964028E+01  -0.128081E+02  -0.176355E+01   0.103824E+02   0.438405E+02   0.435743E+02   0.179596E+00   0.451536E-02   0.828128E-02   0.732629E-02   0.106721E-01   0.154342E+03   0.153412E+02   0.000000E+00   0.139001E+03  -0.278002E+03
   0.405034E+02   0.238437E+00   0.373905E+01   0.849055E+01   0.968820E+01   0.365732E+02   0.122591E+02   0.231285E+02  -0.964028E+01  -0.128081E+02  -0.176355E+01   0.103824E+02   0.438405E+02   0.435743E+02   0.184328E+00   0.451536E-02   0.123140E-01   0.696719E-02   0.759352E-02   0.153628E+03   0.152817E+02   0.000000E+00   0.138346E+03  -0.276693E+03
   0.405034E+02   0.238437E+00   0.373905E+01   0.849055E+01   0.935560E+01   0.365732E+02   0.109217E+02   0.231285E+02  -0.964028E+01  -0.128081E+02  -0.176355E+01   0.103824E+02   0.438405E+02   0.435743E+02   0.182087E+00   0.879476E-02   0.147350E-01   0.598932E-02   0.944171E-02   0.154732E+03   0.145246E+02   0.000000E+00   0.140207E+03  -0.280415E+03
   0.405034E+02   0.238437E+00   0.373905E+01   0.944137E+01   0.935560E+01   0.365732E+02   0.109217E+02   0.231285E+02  -0.964028E+01  -0.125444E+02  -0.176355E+01   0.103824E+02   0.438405E+02   0.435743E+02   0.182487E+00   0.880192E-02   0.147350E-01   0.371974E-02   0.885394E-02   0.153998E+03   0.148096E+02   0.000000E+00   0.139188E+03  -0.278377E+03
   0.405034E+02   0.238437E+00   0.373905E+01   0.944137E+01   0.935560E+01   0.365732E+02   0.109217E+02   0.231285E+02  -0.964028E+01  -0.116520E+02  -0.420535E+01   0.103824E+02   0.438405E+02   0.435743E+02   0.183542E+00   0.906632E-02   0.137917E-01   0.223048E-02   0.885394E-02   0.152916E+03   0.150264E+02   0.000000E+00   0.137890E+03  -0.275779E+03
   0.405034E+02   0.238437E+00   0.373905E+01   0.966886E+01   0.935560E+01   0.375339E+02   0.109217E+02   0.231285E+02  -0.964028E+01  -0.116520E+02  -0.420535E+01   0.103824E+02   0.438405E+02   0.435743E+02   0.184030E+00   0.870430E-02   0.139508E-01   0.413778E-02   0.139667E-01   0.151143E+03   0.143447E+02   0.000000E+00   0.136798E+03  -0.273597E+03
   0.405034E+02  -0.367076E+00   0.373905E+01   0.966886E+01   0.996474E+01   0.375339E+02   0.109217E+02   0.231285E+02  -0.964028E+01  -0.117979E+02  -0.420535E+01   0.103824E+02   0.438405E+02   0.435743E+02   0.181115E+00   0.864131E-02   0.180138E-01   0.211076E-02   0.133238E-01   0.149927E+03   0.142117E+02   0.000000E+00   0.135715E+03  -0.271431E+03
   0.405034E+02   0.186113E+01   0.373905E+01   0.966886E+01   0.996474E+01   0.375339E+02   0.109217E+02   0.231285E+02  -0.964028E+01  -0.117979E+02  -0.420535E+01   0.103824E+02   0.438405E+02   0.435743E+02   0.178961E+00   0.113548E-01   0.210912E-01   0.211076E-02   0.133238E-01   0.150529E+03   0.136326E+02   0.000000E+00   0.136896E+03  -0.273793E+03
   0.405034E+02   0.186113E+01   0.373905E+01   0.951946E+01   0.970762E+01   0.375339E+02   0.109217E+02   0.231285E+02  -0.964028E+01  -0.117979E+02  -0.420535E+01   0.103824E+02   0.438405E+02   0.435743E+02   0.178961E+00   0.144759E-01   0.217257E-01   0.244530E-02   0.109147E-01   0.150679E+03   0.134645E+02   0.000000E+00   0.137214E+03  -0.274429E+03
   0.405034E+02   0.186113E+01   0.373905E+01   0.951946E+01   0.912929E+01   0.367963E+02   0.109217E+02   0.231285E+02  -0.964028E+01  -0.117979E+02  -0.420535E+01   0.103824E+02   0.438405E+02   0.435743E+02   0.179488E+00   0.156592E-01   0.219016E-01   0.509195E-02   0.109147E-01   0.151446E+03   0.130639E+02   0.000000E+00   0.138382E+03  -0.276764E+03
   0.405034E+02   0.186113E+01   0.520988E+01   0.951946E+01   0.852150E+01   0.367963E+02   0.109217E+02   0.231285E+02  -0.964028E+01  -0.117979E+02  -0.420535E+01   0.103824E+02   0.438405E+02   0.435743E+02   0.177704E+00   0.160677E-01   0.219016E-01   0.700467E-02   0.107895E-01   0.152489E+03   0.128443E+02   0.000000E+00   0.139645E+03  -0.279289E+03
   0.409757E+02   0.186113E+01   0.520988E+01   0.951946E+01   0.852150E+01   0.367963E+02   0.109217E+02   0.231285E+02  -0.964028E+01  -0.117979E+02  -0.420535E+01   0.103824E+02   0.438405E+02   0.435743E+02   0.181557E+00   0.143619E-01   0.184097E-01   0.586943E-02   0.810241E-02   0.152478E+03   0.137463E+02   0.000000E+00   0.138732E+03  -0.277463E+03
   0.409757E+02   0.186113E+01   0.605770E+01   0.951946E+01   0.852150E+01   0.367963E+02   0.109217E+02   0.231285E+02  -0.964028E+01  -0.117979E+02  -0.420535E+01   0.103824E+02   0.438405E+02   0.435743E+02   0.180142E+00   0.151751E-01   0.166385E-01   0.556306E-02   0.627201E-02   0.152622E+03   0.140558E+02   0.000000E+00   0.138566E+03  -0.277132E+03
   0.409757E+02   0.186113E+01   0.605770E+01   0.951946E+01   0.852150E+01   0.367963E+02   0.109217E+02   0.231285E+02  -0.964028E+01  -0.117979E+02  -0.420535E+01   0.103824E+02   0.438405E+02   0.435743E+02   0.180142E+00   0.153962E-01   0.171567E-01   0.805972E-02   0.437681E-02   0.152487E+03   0.139217E+02   0.000000E+00   0.138565E+03  -0.277131E+03
   0.409757E+02   0.186113E+01   0.605770E+01   0.951946E+01   0.852150E+01   0.361964E+02   0.109217E+02   0.231285E+02  -0.964028E+01  -0.117979E+02  -0.420535E+01   0.103824E+02   0.438405E+02   0.435743E+02   0.180245E+00   0.163577E-01   0.134456E-01   0.100618E-01   0.406324E-02   0.152523E+03   0.140278E+02   0.000000E+00   0.138495E+03  -0.276990E+03
   0.409757E+02   0.186113E+01   0.605770E+01   0.951946E+01   0.854266E+01   0.361964E+02   0.109217E+02   0.231285E+02  -0.964028E+01  -0.117979E+02  -0.420535E+01   0.103824E+02   0.438405E+02   0.435743E+02   0.178460E+00   0.177796E-01   0.146123E-01   0.644143E-02   0.370309E-02   0.152992E+03   0.141670E+02   0.000000E+00   0.138825E+03  -0.277650E+03
   0.405952E+02   0.186113E+01   0.605770E+01   0.997806E+01   0.854266E+01   0.361964E+02   0.109217E+02   0.231285E+02  -0.955614E+01  -0.117979E+02  -0.286058E+01   0.117309E+02   0.438405E+02   0.435743E+02   0.180296E+00   0.167297E-01   0.136358E-01   0.712360E-02   0.250124E-02   0.152455E+03   0.144216E+02   0.000000E+00   0.138033E+03  -0.276067E+03
   0.405952E+02   0.186113E+01   0.605770E+01   0.997806E+01   0.824160E+01   0.361964E+02   0.109217E+02   0.230561E+02  -0.955614E+01  -0.117979E+02  -0.255840E+01   0.104203E+02   0.437076E+02   0.435743E+02   0.181532E+00   0.184619E-01   0.936456E-02   0.418004E-02   0.158232E-02   0.174027E+03   0.150618E+02   0.000000E+00   0.158965E+03  -0.317930E+03
   0.405952E+02   0.186113E+01   0.605770E+01   0.997806E+01   0.824160E+01   0.361964E+02   0.104678E+02   0.230561E+02  -0.941565E+01  -0.132438E+02  -0.255840E+01   0.104203E+02   0.437076E+02   0.435743E+02   0.181532E+00   0.212765E-01   0.145909E-01   0.257943E-02   0.232305E-02   0.175558E+03   0.143437E+02   0.000000E+00   0.161214E+03  -0.322429E+03
   0.405952E+02   0.186113E+01   0.605770E+01   0.104425E+02   0.824160E+01   0.361964E+02   0.104678E+02   0.230561E+02  -0.941565E+01  -0.131685E+02  -0.255840E+01   0.108864E+02   0.437076E+02   0.435743E+02   0.180464E+00   0.194837E-01   0.118283E-01   0.497478E-02   0.232305E-02   0.175163E+03   0.145597E+02   0.000000E+00   0.160603E+03  -0.321207E+03
   0.405952E+02   0.186113E+01   0.532480E+01   0.104425E+02   0.824160E+01   0.361964E+02   0.104678E+02   0.230561E+02  -0.941565E+01  -0.131685E+02  -0.255840E+01   0.108049E+02   0.437076E+02   0.435743E+02   0.177682E+00   0.164657E-01   0.100761E-01   0.706580E-02   0.138029E-02   0.177619E+03   0.149219E+02   0.000000E+00   0.162697E+03  -0.325394E+03
   0.405952E+02   0.186113E+01   0.439757E+01   0.787289E+01   0.824160E+01   0.361964E+02   0.104678E+02   0.230561E+02  -0.941565E+01  -0.124620E+02  -0.255840E+01   0.410480E+01   0.437076E+02   0.435743E+02   0.175877E+00   0.164657E-01   0.473080E-02   0.738925E-02   0.138029E-02   0.181335E+03   0.154241E+02   0.000000E+00   0.165911E+03  -0.331822E+03
   0.405952E+02   0.186113E+01   0.580152E+01   0.787289E+01   0.824160E+01   0.361964E+02   0.912097E+01   0.229703E+02  -0.941565E+01  -0.124620E+02  -0.255840E+01   0.410480E+01   0.437076E+02   0.435743E+02   0.175877E+00   0.165864E-01   0.790565E-02   0.738925E-02   0.138029E-02   0.182388E+03   0.150945E+02   0.000000E+00   0.167293E+03  -0.334587E+03
   0.405952E+02   0.186113E+01   0.580152E+01   0.787289E+01   0.824160E+01   0.361964E+02   0.912097E+01   0.229703E+02  -0.941565E+01  -0.124620E+02  -0.255840E+01   0.410480E+01   0.437076E+02   0.435743E+02   0.175877E+00   0.165864E-01   0.790565E-02   0.112296E-01   0.215092E-02   0.181927E+03   0.146334E+02   0.000000E+00   0.167294E+03  -0.334587E+03
   0.405952E+02   0.186113E+01   0.580152E+01   0.787289E+01   0.824160E+01   0.361964E+02   0.912097E+01   0.229703E+02  -0.941565E+01  -0.124620E+02  -0.255840E+01   0.841438E+01   0.437076E+02   0.435743E+02   0.175877E+00   0.110085E-01   0.790565E-02   0.788436E-02   0.322271E-02   0.180467E+03   0.154186E+02   0.000000E+00   0.165048E+03  -0.330097E+03
   0.405952E+02   0.186113E+01   0.580152E+01   0.787289E+01   0.732671E+01   0.361964E+02   0.912097E+01   0.227059E+02  -0.941565E+01  -0.124620E+02  -0.255840E+01   0.841438E+01   0.437076E+02   0.435743E+02   0.174491E+00   0.929251E-02   0.920604E-02   0.578430E-02   0.204575E-02   0.181216E+03   0.157878E+02   0.000000E+00   0.165428E+03  -0.330856E+03
   0.405952E+02   0.186113E+01   0.580152E+01   0.787289E+01   0.109634E+02   0.361964E+02   0.912097E+01   0.221070E+02  -0.941565E+01  -0.124620E+02  -0.255840E+01   0.841438E+01   0.437076E+02   0.435743E+02   0.172379E+00   0.929251E-02   0.959665E-02   0.556973E-02   0.819995E-03   0.185870E+03   0.158928E+02   0.000000E+00   0.169977E+03  -0.339954E+03
   0.405952E+02   0.186113E+01   0.580152E+01   0.787289E+01   0.109634E+02   0.361964E+02   0.912097E+01   0.221070E+02  -0.941565E+01  -0.124620E+02  -0.255840E+01   0.841438E+01   0.437076E+02   0.435743E+02   0.171694E+00   0.437728E-02   0.988535E-02   0.525913E-02   0.819995E-03   0.186604E+03   0.163865E+02   0.000000E+00   0.170217E+03  -0.340435E+03
   0.405952E+02   0.787638E+00   0.580152E+01   0.787289E+01   0.109634E+02   0.380209E+02   0.912097E+01   0.221070E+02  -0.941565E+01  -0.124620E+02  -0.255840E+01   0.841438E+01   0.437076E+02   0.435743E+02   0.172094E+00   0.437728E-02   0.687283E-02   0.424052E-02   0.201662E-02   0.186908E+03   0.166700E+02   0.000000E+00   0.170238E+03  -0.340476E+03
   0.405952E+02   0.787638E+00   0.518637E+01   0.787289E+01   0.109634E+02   0.380209E+02   0.912097E+01   0.221070E+02  -0.941565E+01  -0.124620E+02  -0.255840E+01   0.841438E+01   0.437076E+02   0.435743E+02   0.172354E+00   0.887418E-02   0.325955E-02   0.424052E-02   0.285246E-02   0.187040E+03   0.164980E+02   0.000000E+00   0.170542E+03  -0.341084E+03
   0.405952E+02   0.787638E+00   0.518637E+01   0.787289E+01   0.109634E+02   0.380805E+02   0.912097E+01   0.221070E+02  -0.941565E+01  -0.124620E+02  -0.255840E+01   0.841438E+01   0.437076E+02   0.435743E+02   0.172354E+00   0.524941E-02   0.507732E-02   0.424052E-02   0.263662E-02   0.187055E+03   0.167003E+02   0.000000E+00   0.170355E+03  -0.340709E+03
   0.405952E+02   0.787638E+00   0.518637E+01   0.916397E+01   0.109634E+02   0.380805E+02   0.912097E+01   0.221070E+02  -0.941565E+01  -0.124620E+02  -0.255840E+01   0.841438E+01   0.437076E+02   0.435743E+02   0.169816E+00   0.114161E-01   0.193436E-02   0.424052E-02   0.255169E-02   0.187944E+03   0.164064E+02   0.000000E+00   0.171538E+03  -0.343075E+03
   0.405952E+02   0.237649E+00   0.518637E+01   0.916397E+01   0.109634E+02   0.380805E+02   0.912097E+01   0.221070E+02  -0.941565E+01  -0.124620E+02  -0.255840E+01   0.529139E+01   0.437076E+02   0.435743E+02   0.169816E+00   0.110208E-01   0.694784E-02   0.809656E-02   0.393017E-02   0.184860E+03   0.154211E+02   0.000000E+00   0.169439E+03  -0.338878E+03
   0.409558E+02   0.237649E+00   0.518637E+01   0.916397E+01   0.103234E+02   0.380805E+02   0.912097E+01   0.221070E+02  -0.941565E+01  -0.127490E+02  -0.255840E+01   0.529139E+01   0.437076E+02   0.435743E+02   0.166347E+00   0.135890E-01   0.124481E-02   0.613801E-02   0.393017E-02   0.187570E+03   0.159305E+02   0.000000E+00   0.171640E+03  -0.343279E+03
   0.409558E+02   0.237649E+00   0.441717E+01   0.916397E+01   0.103234E+02   0.380805E+02   0.912097E+01   0.222354E+02  -0.941565E+01  -0.127490E+02  -0.255840E+01   0.529139E+01   0.437076E+02   0.435743E+02   0.165672E+00   0.112237E-01   0.285302E-02   0.386203E-02   0.178803E-02   0.189437E+03   0.164480E+02   0.000000E+00   0.172989E+03  -0.345978E+03
   0.409558E+02   0.237649E+00   0.441717E+01   0.916397E+01   0.103234E+02   0.366971E+02   0.912097E+01   0.222354E+02  -0.948606E+01  -0.127490E+02  -0.255840E+01   0.529139E+01   0.437076E+02   0.435743E+02   0.166724E+00   0.106012E-01   0.383891E-02   0.667659E-02   0.178803E-02   0.190558E+03   0.161302E+02   0.000000E+00   0.174428E+03  -0.348856E+03
   0.409558E+02   0.177635E+00   0.441717E+01   0.683253E+01   0.103234E+02   0.366971E+02   0.912097E+01   0.222354E+02  -0.948606E+01  -0.127490E+02  -0.255840E+01   0.529139E+01   0.437076E+02   0.435743E+02   0.166724E+00   0.997595E-02   0.507630E-02   0.109595E-01   0.333876E-02   0.189447E+03   0.154856E+02   0.000000E+00   0.173961E+03  -0.347923E+03
   0.401108E+02   0.177635E+00   0.433816E+01   0.591685E+01   0.103234E+02   0.366971E+02   0.912097E+01   0.222780E+02  -0.948606E+01  -0.127490E+02  -0.255840E+01   0.529139E+01   0.437076E+02   0.435743E+02   0.166808E+00   0.909393E-02   0.409946E-02   0.122357E-01   0.722127E-02   0.188521E+03   0.151556E+02   0.000000E+00   0.173365E+03  -0.346731E+03
   0.401108E+02   0.177635E+00   0.415559E+01   0.737130E+01   0.589196E+01   0.366971E+02   0.912097E+01   0.222780E+02  -0.948606E+01  -0.127490E+02  -0.255840E+01   0.529139E+01   0.437076E+02   0.435743E+02   0.166808E+00   0.476240E-02   0.220527E-02   0.122988E-01   0.259045E-02   0.192714E+03   0.162350E+02   0.000000E+00   0.176479E+03  -0.352958E+03
   0.401108E+02   0.177635E+00   0.415559E+01   0.737130E+01   0.589196E+01   0.366971E+02   0.103865E+02   0.222780E+02  -0.948606E+01  -0.127490E+02  -0.255840E+01   0.529139E+01   0.437076E+02   0.435743E+02   0.165431E+00   0.476240E-02   0.233041E-02   0.130855E-01   0.259045E-02   0.193352E+03   0.161438E+02   0.000000E+00   0.177208E+03  -0.354416E+03
   0.401108E+02   0.177635E+00   0.415559E+01   0.737130E+01   0.589196E+01   0.366971E+02   0.103865E+02   0.222780E+02  -0.948606E+01  -0.127490E+02  -0.255840E+01   0.529139E+01   0.437076E+02   0.435743E+02   0.164773E+00   0.867904E-04   0.102254E-02   0.130855E-01   0.259045E-02   0.194115E+03   0.167422E+02   0.000000E+00   0.177373E+03  -0.354746E+03
   0.401108E+02   0.177635E+00   0.415559E+01   0.673346E+01   0.861380E+01   0.364691E+02   0.103865E+02   0.222780E+02  -0.948606E+01  -0.127490E+02  -0.255840E+01   0.529139E+01   0.437076E+02   0.435743E+02   0.165004E+00   0.270476E-03   0.161309E-02   0.136402E-01   0.290524E-02   0.193491E+03   0.165778E+02   0.000000E+00   0.176913E+03  -0.353826E+03
   0.401108E+02   0.556577E+00   0.415559E+01   0.673346E+01   0.753279E+01   0.367337E+02   0.103865E+02   0.222780E+02  -0.948606E+01  -0.127490E+02  -0.255840E+01   0.529139E+01   0.437076E+02   0.435743E+02   0.165004E+00   0.270476E-03   0.161309E-02   0.136402E-01   0.290524E-02   0.193881E+03   0.165778E+02   0.000000E+00   0.177303E+03  -0.354606E+03
   0.401108E+02   0.127762E+01   0.415559E+01   0.673346E+01   0.753279E+01   0.367337E+02   0.103865E+02   0.222780E+02  -0.948606E+01  -0.127490E+02  -0.253110E+01   0.550784E+01   0.437076E+02   0.435743E+02   0.161947E+00   0.270476E-03   0.161309E-02   0.136402E-01   0.290524E-02   0.192477E+03   0.165778E+02   0.000000E+00   0.175899E+03  -0.351798E+03
   0.401108E+02  -0.310327E+00   0.415559E+01   0.594929E+01   0.753279E+01   0.367337E+02   0.100260E+02   0.222780E+02  -0.876646E+01  -0.127490E+02  -0.253110E+01   0.550784E+01   0.437076E+02   0.435743E+02   0.162523E+00   0.130883E-02   0.161309E-02   0.136402E-01   0.624399E-02   0.192449E+03   0.161401E+02   0.000000E+00   0.176309E+03  -0.352618E+03
   0.401108E+02  -0.310327E+00   0.415559E+01   0.594929E+01   0.753279E+01   0.367337E+02   0.100260E+02   0.222780E+02  -0.876646E+01  -0.127490E+02  -0.253110E+01   0.550784E+01   0.437076E+02   0.435743E+02   0.164896E+00   0.586980E-02   0.433377E-02   0.136402E-01   0.118171E-01   0.190698E+03   0.148546E+02   0.000000E+00   0.175843E+03  -0.351687E+03
   0.401108E+02   0.349762E+00   0.415559E+01   0.784834E+01   0.753279E+01   0.367337E+02   0.100260E+02   0.222132E+02  -0.876646E+01  -0.127490E+02  -0.253110E+01   0.550784E+01   0.437076E+02   0.435743E+02   0.165309E+00   0.433574E-02   0.676475E-02   0.122807E-01   0.118171E-01   0.195250E+03   0.149009E+02   0.000000E+00   0.180349E+03  -0.360698E+03
   0.405460E+02   0.349762E+00   0.349127E+01   0.784834E+01   0.753279E+01   0.367337E+02   0.100260E+02   0.222132E+02  -0.876646E+01  -0.127490E+02  -0.253110E+01   0.553869E+01   0.437076E+02   0.435743E+02   0.163896E+00   0.193605E-02   0.628364E-02   0.126270E-01   0.578197E-02   0.196874E+03   0.157578E+02   0.000000E+00   0.181116E+03  -0.362232E+03
   0.405460E+02   0.349762E+00   0.349127E+01   0.745260E+01   0.753279E+01   0.370279E+02   0.119509E+02   0.222132E+02  -0.876646E+01  -0.127490E+02  -0.253110E+01   0.553869E+01   0.437076E+02   0.435743E+02   0.163896E+00   0.193605E-02   0.738457E-02   0.916889E-02   0.588473E-02   0.196069E+03   0.159833E+02   0.000000E+00   0.180086E+03  -0.360171E+03
   0.405460E+02   0.349762E+00   0.349127E+01   0.745260E+01   0.753279E+01   0.370279E+02   0.119509E+02   0.222132E+02  -0.876646E+01  -0.127490E+02  -0.253110E+01   0.553869E+01   0.437076E+02   0.435743E+02   0.162784E+00   0.193605E-02   0.123858E-01   0.931385E-02   0.972092E-02   0.195433E+03   0.150850E+02   0.000000E+00   0.180348E+03  -0.360696E+03
   0.405460E+02   0.349762E+00   0.349127E+01   0.745260E+01   0.753279E+01   0.370832E+02   0.119509E+02   0.222132E+02  -0.876646E+01  -0.127490E+02  -0.253110E+01   0.553869E+01   0.437076E+02   0.435743E+02   0.161287E+00   0.590769E-02   0.132212E-01   0.100165E-01   0.947022E-02   0.195052E+03   0.145591E+02   0.000000E+00   0.180493E+03  -0.360986E+03
   0.405460E+02   0.349762E+00   0.349127E+01   0.745260E+01   0.722582E+01   0.370832E+02   0.101523E+02   0.222132E+02  -0.876646E+01  -0.127490E+02  -0.253110E+01   0.553869E+01   0.437076E+02   0.435743E+02   0.162991E+00   0.690036E-02   0.130917E-01   0.910709E-02   0.972307E-02   0.195096E+03   0.145385E+02   0.000000E+00   0.180558E+03  -0.361115E+03
   0.405460E+02   0.349762E+00   0.351856E+01   0.760366E+01   0.722582E+01   0.370832E+02   0.101523E+02   0.222132E+02  -0.876646E+01  -0.127490E+02  -0.407780E+01   0.553869E+01   0.437076E+02   0.435743E+02   0.157772E+00   0.431025E-02   0.124662E-01   0.996107E-02   0.652469E-02   0.193986E+03   0.150945E+02   0.000000E+00   0.178892E+03  -0.357783E+03
   0.405460E+02   0.349762E+00   0.351856E+01   0.760366E+01   0.827476E+01   0.370832E+02   0.101523E+02   0.222132E+02  -0.876646E+01  -0.127490E+02  -0.407780E+01   0.553869E+01   0.437076E+02   0.435743E+02   0.156657E+00   0.545218E-02   0.866713E-02   0.750348E-02   0.115646E-01   0.193635E+03   0.151019E+02   0.000000E+00   0.178533E+03  -0.357066E+03
   0.405460E+02   0.349762E+00   0.351856E+01   0.949802E+01   0.827476E+01   0.370832E+02   0.101523E+02   0.222132E+02  -0.876646E+01  -0.127490E+02  -0.407780E+01   0.553869E+01   0.437076E+02   0.435743E+02   0.162366E+00   0.777693E-02   0.917531E-02   0.951598E-02   0.122632E-01   0.191862E+03   0.145475E+02   0.000000E+00   0.177314E+03  -0.354629E+03
   0.405460E+02   0.349762E+00   0.351856E+01   0.755078E+01   0.642041E+01   0.370524E+02   0.101523E+02   0.222132E+02  -0.876646E+01  -0.127490E+02  -0.407780E+01   0.553869E+01   0.437076E+02   0.435743E+02   0.161627E+00   0.725150E-02   0.435259E-02   0.353816E-02   0.840127E-02   0.194449E+03   0.160663E+02   0.000000E+00   0.178383E+03  -0.356765E+03
   0.405460E+02   0.349762E+00   0.351856E+01   0.755078E+01   0.642041E+01   0.370524E+02   0.101523E+02   0.222989E+02  -0.876646E+01  -0.127490E+02  -0.407780E+01   0.553869E+01   0.437076E+02   0.435743E+02   0.164944E+00   0.756625E-02   0.435259E-02   0.570799E-02   0.936012E-02   0.193155E+03   0.157220E+02   0.000000E+00   0.177433E+03  -0.354866E+03
   0.401816E+02   0.433277E+00   0.351856E+01   0.755078E+01   0.642041E+01   0.370524E+02   0.101523E+02   0.222989E+02  -0.876646E+01  -0.127490E+02  -0.407780E+01   0.553869E+01   0.437076E+02   0.435743E+02   0.166520E+00   0.610425E-02   0.435259E-02   0.602672E-02   0.111019E-01   0.192959E+03   0.156621E+02   0.000000E+00   0.177297E+03  -0.354594E+03
   0.401942E+02   0.433277E+00   0.362987E+01   0.755078E+01   0.867318E+01   0.370524E+02   0.101523E+02   0.222989E+02  -0.883274E+01  -0.127490E+02  -0.407780E+01   0.734504E+01   0.437076E+02   0.435743E+02   0.165316E+00   0.610425E-02   0.977040E-02   0.602672E-02   0.174498E-01   0.190073E+03   0.144856E+02   0.000000E+00   0.175587E+03  -0.351175E+03
   0.408457E+02   0.433277E+00   0.353298E+01   0.755078E+01   0.867318E+01   0.364007E+02   0.101523E+02   0.222989E+02  -0.883274E+01  -0.127490E+02  -0.407780E+01   0.688188E+01   0.437076E+02   0.435743E+02   0.163198E+00   0.625040E-02   0.102707E-01   0.657581E-02   0.183242E-01   0.189244E+03   0.142786E+02   0.000000E+00   0.174965E+03  -0.349931E+03
   0.408457E+02   0.433277E+00   0.533215E+01   0.755078E+01   0.867318E+01   0.356487E+02   0.101523E+02   0.222989E+02  -0.883274E+01  -0.127490E+02  -0.407780E+01   0.688188E+01   0.437076E+02   0.435743E+02   0.163335E+00   0.116465E-01   0.119729E-01   0.657581E-02   0.170817E-01   0.188105E+03   0.136930E+02   0.000000E+00   0.174412E+03  -0.348824E+03
   0.408457E+02   0.433277E+00   0.533215E+01   0.921971E+01   0.867318E+01   0.356487E+02   0.101523E+02   0.222989E+02  -0.875180E+01  -0.127490E+02  -0.407780E+01   0.688188E+01   0.437076E+02   0.435743E+02   0.154744E+00   0.116465E-01   0.129783E-01   0.357984E-02   0.145354E-01   0.188745E+03   0.141467E+02   0.000000E+00   0.174598E+03  -0.349197E+03
   0.408457E+02   0.433277E+00   0.533215E+01   0.921971E+01   0.867318E+01   0.356487E+02   0.101523E+02   0.222989E+02  -0.875180E+01  -0.127490E+02  -0.407780E+01   0.688188E+01   0.437076E+02   0.435743E+02   0.154744E+00   0.116465E-01   0.681557E-02   0.440427E-03   0.743509E-02   0.190385E+03   0.157869E+02   0.000000E+00   0.174598E+03  -0.349196E+03
   0.408457E+02   0.142071E+01   0.533215E+01   0.921971E+01   0.867318E+01   0.362978E+02   0.101523E+02   0.222989E+02  -0.875180E+01  -0.127687E+02  -0.407780E+01   0.688188E+01   0.437076E+02   0.435743E+02   0.156137E+00   0.216084E-01   0.109639E-01   0.111050E-02   0.257551E-02   0.191976E+03   0.147948E+02   0.000000E+00   0.177181E+03  -0.354362E+03
   0.408457E+02   0.142071E+01   0.533215E+01   0.880537E+01   0.867318E+01   0.362978E+02   0.101523E+02   0.222989E+02  -0.875180E+01  -0.127687E+02  -0.334582E+01   0.688188E+01   0.437076E+02   0.435743E+02   0.156954E+00   0.206805E-01   0.986654E-02   0.130396E-02   0.257551E-02   0.199250E+03   0.149780E+02   0.000000E+00   0.184272E+03  -0.368544E+03
   0.408457E+02   0.200975E+01   0.482923E+01   0.104426E+02   0.867318E+01   0.362978E+02   0.123666E+02   0.222989E+02  -0.875180E+01  -0.127687E+02  -0.334582E+01   0.689987E+01   0.437076E+02   0.435743E+02   0.156399E+00   0.221425E-01   0.986654E-02   0.434086E-03   0.266826E-02   0.196721E+03   0.149095E+02   0.000000E+00   0.181811E+03  -0.363623E+03
   0.411243E+02   0.200975E+01   0.482923E+01   0.104426E+02   0.867318E+01   0.362978E+02   0.123666E+02   0.222989E+02  -0.875180E+01  -0.127687E+02  -0.334582E+01   0.689987E+01   0.437076E+02   0.435743E+02   0.157440E+00   0.206748E-01   0.822313E-02   0.434086E-03   0.343044E-02   0.196192E+03   0.151444E+02   0.000000E+00   0.181048E+03  -0.362095E+03
   0.411243E+02   0.200975E+01   0.482923E+01   0.104426E+02   0.825798E+01   0.362978E+02   0.700482E+01   0.222989E+02  -0.875180E+01  -0.127687E+02  -0.334582E+01   0.689987E+01   0.437076E+02   0.435743E+02   0.157440E+00   0.237037E-01   0.964249E-02   0.630295E-02   0.366086E-02   0.192541E+03   0.140897E+02   0.000000E+00   0.178451E+03  -0.356903E+03
   0.412140E+02   0.933476E+00   0.482923E+01   0.104426E+02   0.825798E+01   0.369922E+02   0.700482E+01   0.222989E+02  -0.875180E+01  -0.127687E+02  -0.334582E+01   0.689987E+01   0.437076E+02   0.435743E+02   0.153856E+00   0.237037E-01   0.964249E-02   0.753756E-02   0.461826E-02   0.193274E+03   0.138705E+02   0.000000E+00   0.179404E+03  -0.358807E+03
   0.406076E+02   0.933476E+00   0.482923E+01   0.867694E+01   0.825798E+01   0.378392E+02   0.700482E+01   0.222989E+02  -0.875180E+01  -0.127687E+02  -0.334582E+01   0.689987E+01   0.437076E+02   0.435743E+02   0.151958E+00   0.175171E-01   0.106790E-01   0.522271E-02   0.763271E-02   0.197308E+03   0.143155E+02   0.000000E+00   0.182992E+03  -0.365985E+03
   0.406076E+02   0.933476E+00   0.482923E+01   0.867694E+01   0.825798E+01   0.372132E+02   0.113869E+02   0.222989E+02  -0.875180E+01  -0.127687E+02  -0.334582E+01   0.689987E+01   0.437076E+02   0.435743E+02   0.151193E+00   0.154568E-01   0.761526E-02   0.298384E-02   0.526189E-02   0.199766E+03   0.152889E+02   0.000000E+00   0.184477E+03  -0.368954E+03
   0.406076E+02   0.933476E+00   0.482923E+01   0.867694E+01   0.825798E+01   0.372132E+02   0.113869E+02   0.222989E+02  -0.875180E+01  -0.127687E+02  -0.334582E+01   0.689987E+01   0.437076E+02   0.435743E+02   0.150176E+00   0.156772E-01   0.101142E-01   0.511459E-02   0.526189E-02   0.199159E+03   0.148039E+02   0.000000E+00   0.184355E+03  -0.368710E+03
   0.406076E+02   0.933476E+00   0.482923E+01   0.932069E+01   0.877974E+01   0.367441E+02   0.113869E+02   0.222989E+02  -0.875180E+01  -0.127687E+02  -0.334582E+01   0.689987E+01   0.437076E+02   0.435743E+02   0.150583E+00   0.156772E-01   0.825333E-02   0.566622E-02   0.730788E-02   0.199292E+03   0.147302E+02   0.000000E+00   0.184562E+03  -0.369124E+03
   0.406076E+02   0.796594E+00   0.518997E+01   0.932069E+01   0.964821E+01   0.367441E+02   0.976536E+01   0.222989E+02  -0.875180E+01  -0.127687E+02  -0.334582E+01   0.689987E+01   0.437076E+02   0.435743E+02   0.150759E+00   0.183445E-01   0.125429E-02   0.566622E-02   0.115770E-01   0.198778E+03   0.147365E+02   0.000000E+00   0.184042E+03  -0.368083E+03
   0.406076E+02   0.796594E+00   0.539128E+01   0.932069E+01   0.964821E+01   0.362516E+02   0.976536E+01   0.222989E+02  -0.875180E+01  -0.127687E+02  -0.334582E+01   0.689987E+01   0.437076E+02   0.435743E+02   0.148500E+00   0.155114E-01   0.125429E-02   0.446865E-02   0.657301E-02   0.198933E+03   0.156399E+02   0.000000E+00   0.183293E+03  -0.366586E+03
   0.406076E+02   0.796594E+00   0.340412E+01   0.932069E+01   0.964821E+01   0.362516E+02   0.107075E+02   0.222989E+02  -0.875180E+01  -0.127687E+02  -0.334582E+01   0.689987E+01   0.437076E+02   0.435743E+02   0.148348E+00   0.190788E-01   0.104572E-02   0.446865E-02   0.108924E-01   0.197402E+03   0.148721E+02   0.000000E+00   0.182530E+03  -0.365060E+03
   0.406076E+02   0.108508E+01   0.461998E+01   0.932069E+01   0.964821E+01   0.362516E+02   0.107075E+02   0.222989E+02  -0.875180E+01  -0.127687E+02  -0.334582E+01   0.689987E+01   0.437076E+02   0.435743E+02   0.152960E+00   0.197835E-01   0.719671E-02   0.653858E-02   0.102714E-01   0.198491E+03   0.140417E+02   0.000000E+00   0.184449E+03  -0.368899E+03
   0.406076E+02   0.108508E+01   0.399463E+01   0.932069E+01   0.964821E+01   0.362516E+02   0.848923E+01   0.222989E+02  -0.875180E+01  -0.127687E+02  -0.334582E+01   0.689987E+01   0.437076E+02   0.435743E+02   0.151890E+00   0.162303E-01   0.213280E-02   0.743411E-02   0.102525E-01   0.197409E+03   0.148157E+02   0.000000E+00   0.182593E+03  -0.365187E+03
   0.406076E+02   0.108508E+01   0.399463E+01   0.952129E+01   0.810580E+01   0.362516E+02   0.109986E+02   0.222989E+02  -0.875180E+01  -0.127687E+02  -0.334582E+01   0.689987E+01   0.437076E+02   0.435743E+02   0.152794E+00   0.162303E-01   0.302485E-02   0.782172E-02   0.966686E-02   0.199611E+03   0.147463E+02   0.000000E+00   0.184865E+03  -0.369729E+03
   0.406076E+02   0.108508E+01   0.370392E+01   0.952129E+01   0.810580E+01   0.362516E+02   0.109986E+02   0.222989E+02  -0.875180E+01  -0.127687E+02  -0.334582E+01   0.689987E+01   0.437076E+02   0.435743E+02   0.149799E+00   0.110195E-01   0.375165E-02   0.565762E-02   0.966686E-02   0.199741E+03   0.154111E+02   0.000000E+00   0.184330E+03  -0.368660E+03
   0.406076E+02   0.156413E+01   0.461435E+01   0.952129E+01   0.810580E+01   0.362516E+02   0.109986E+02   0.222989E+02  -0.875180E+01  -0.127687E+02  -0.334582E+01   0.689987E+01   0.437076E+02   0.435743E+02   0.154104E+00   0.329237E-02   0.285907E-02   0.565762E-02   0.391602E-02   0.201437E+03   0.168482E+02   0.000000E+00   0.184589E+03  -0.369178E+03
   0.406076E+02   0.156413E+01   0.604444E+01   0.952129E+01   0.810580E+01   0.362516E+02   0.109986E+02   0.222989E+02  -0.875180E+01  -0.127687E+02  -0.334582E+01   0.689987E+01   0.437076E+02   0.435743E+02   0.155412E+00   0.633915E-04   0.285907E-02   0.815870E-02   0.731314E-02   0.199483E+03   0.165813E+02   0.000000E+00   0.182902E+03  -0.365803E+03
   0.406076E+02   0.156413E+01   0.604444E+01   0.952129E+01   0.810580E+01   0.362516E+02   0.109986E+02   0.222989E+02  -0.875180E+01  -0.127687E+02  -0.334582E+01   0.689987E+01   0.437076E+02   0.435743E+02   0.156209E+00   0.633915E-04   0.285907E-02   0.288283E-02   0.436838E-02   0.200276E+03   0.174033E+02   0.000000E+00   0.182873E+03  -0.365745E+03
   0.406076E+02   0.156413E+01   0.277034E+01   0.952129E+01   0.810580E+01   0.358627E+02   0.109986E+02   0.222989E+02  -0.875180E+01  -0.127687E+02  -0.334582E+01   0.689987E+01   0.437076E+02   0.435743E+02   0.156016E+00   0.633915E-04   0.226302E-02   0.288283E-02   0.436838E-02   0.198333E+03   0.174629E+02   0.000000E+00   0.180870E+03  -0.361740E+03
   0.406076E+02   0.156413E+01   0.534471E+01   0.952129E+01   0.915332E+01   0.358627E+02   0.947644E+01   0.222989E+02  -0.875180E+01  -0.127687E+02  -0.334582E+01   0.689987E+01   0.437076E+02   0.435743E+02   0.158486E+00   0.524006E-02   0.226302E-02   0.288283E-02   0.104960E-01   0.199218E+03   0.163325E+02   0.000000E+00   0.182886E+03  -0.365771E+03
   0.406076E+02   0.156413E+01   0.473522E+01   0.952129E+01   0.102973E+02   0.358627E+02   0.947644E+01   0.222989E+02  -0.875180E+01  -0.127687E+02  -0.334582E+01   0.689987E+01   0.437076E+02   0.435743E+02   0.160759E+00   0.545032E-02   0.226302E-02   0.136752E-03   0.996933E-02   0.198260E+03   0.166387E+02   0.000000E+00   0.181621E+03  -0.363243E+03
   0.406076E+02   0.156413E+01   0.473522E+01   0.881564E+01   0.701131E+01   0.358627E+02   0.104580E+02   0.222989E+02  -0.875180E+01  -0.127687E+02  -0.334582E+01   0.689987E+01   0.437076E+02   0.435743E+02   0.159227E+00   0.725726E-02   0.782326E-02   0.136752E-03   0.953916E-02   0.199006E+03   0.159450E+02   0.000000E+00   0.183061E+03  -0.366122E+03
   0.406076E+02   0.156413E+01   0.473522E+01   0.881564E+01   0.701131E+01   0.372690E+02   0.104580E+02   0.222989E+02  -0.875180E+01  -0.127687E+02  -0.334582E+01   0.689987E+01   0.437076E+02   0.435743E+02   0.160040E+00   0.725726E-02   0.782616E-02   0.136752E-03   0.102271E-01   0.199721E+03   0.158760E+02   0.000000E+00   0.183845E+03  -0.367690E+03
   0.406076E+02   0.156413E+01   0.473522E+01   0.881564E+01   0.717694E+01   0.372690E+02   0.121736E+02   0.222989E+02  -0.875180E+01  -0.127687E+02  -0.334582E+01   0.689987E+01   0.437076E+02   0.435743E+02   0.160040E+00   0.110577E-02   0.772181E-02   0.136752E-03   0.552737E-02   0.199880E+03   0.169715E+02   0.000000E+00   0.182908E+03  -0.365817E+03
   0.406394E+02   0.156413E+01   0.473522E+01   0.881564E+01   0.717694E+01   0.372690E+02   0.121736E+02   0.222989E+02  -0.875180E+01  -0.127687E+02  -0.334582E+01   0.689987E+01   0.437076E+02   0.435743E+02   0.161133E+00   0.284042E-02   0.772181E-02   0.136752E-03   0.886664E-02   0.199143E+03   0.164641E+02   0.000000E+00   0.182679E+03  -0.365358E+03
   0.406394E+02   0.156413E+01   0.473522E+01   0.109162E+02   0.552697E+01   0.372690E+02   0.957916E+01   0.222989E+02  -0.875180E+01  -0.127687E+02  -0.334582E+01   0.689987E+01   0.437076E+02   0.435743E+02   0.161285E+00   0.284042E-02   0.856091E-02   0.136752E-03   0.739490E-02   0.196680E+03   0.165274E+02   0.000000E+00   0.180153E+03  -0.360305E+03
   0.406394E+02   0.118915E+01   0.473522E+01   0.102464E+02   0.801235E+01   0.361947E+02   0.106596E+02   0.222989E+02  -0.875180E+01  -0.127687E+02  -0.334582E+01   0.689987E+01   0.437076E+02   0.435743E+02   0.155918E+00   0.324716E-02   0.860033E-02   0.566505E-02   0.541883E-02   0.200291E+03   0.161275E+02   0.000000E+00   0.184163E+03  -0.368327E+03
   0.406394E+02   0.118915E+01   0.473522E+01   0.102464E+02   0.801235E+01   0.361947E+02   0.106596E+02   0.222989E+02  -0.875180E+01  -0.127687E+02  -0.334582E+01   0.689987E+01   0.437076E+02   0.435743E+02   0.156694E+00   0.324716E-02   0.151406E-01   0.712068E-02   0.392931E-02   0.199587E+03   0.154769E+02   0.000000E+00   0.184110E+03  -0.368220E+03
   0.406394E+02   0.118915E+01   0.482217E+01   0.103141E+02   0.801235E+01   0.361947E+02   0.945818E+01   0.222989E+02  -0.875180E+01  -0.127687E+02  -0.334582E+01   0.689987E+01   0.437076E+02   0.435743E+02   0.156694E+00   0.361216E-02   0.155325E-01   0.719464E-02   0.710025E-03   0.198412E+03   0.157157E+02   0.000000E+00   0.182696E+03  -0.365393E+03
   0.406394E+02   0.118915E+01   0.549664E+01   0.103141E+02   0.801235E+01   0.361947E+02   0.945818E+01   0.222989E+02  -0.875180E+01  -0.127687E+02  -0.334582E+01   0.689987E+01   0.437076E+02   0.435743E+02   0.154591E+00   0.303704E-02   0.144050E-01   0.689252E-02   0.913052E-03   0.198023E+03   0.158959E+02   0.000000E+00   0.182127E+03  -0.364254E+03
   0.406394E+02   0.118915E+01   0.454751E+01   0.865077E+01   0.801235E+01   0.361947E+02   0.945818E+01   0.222989E+02  -0.875180E+01  -0.127687E+02  -0.334582E+01   0.689987E+01   0.437076E+02   0.435743E+02   0.154694E+00   0.205607E-02   0.111521E-01   0.852387E-02   0.164797E-02   0.200654E+03   0.160827E+02   0.000000E+00   0.184571E+03  -0.369143E+03
   0.406394E+02   0.118915E+01   0.454751E+01   0.102250E+02   0.801235E+01   0.361947E+02   0.983710E+01   0.222989E+02  -0.874175E+01  -0.127687E+02  -0.334582E+01   0.689987E+01   0.437076E+02   0.435743E+02   0.154138E+00   0.736239E-02   0.153308E-01   0.852387E-02   0.781112E-03   0.198680E+03   0.152209E+02   0.000000E+00   0.183459E+03  -0.366918E+03
   0.406394E+02   0.118915E+01   0.454751E+01   0.102250E+02   0.912933E+01   0.361947E+02   0.983710E+01   0.222989E+02  -0.874175E+01  -0.127687E+02  -0.334582E+01   0.689987E+01   0.437076E+02   0.435743E+02   0.155617E+00   0.568911E-02   0.145084E-01   0.885710E-02   0.781112E-03   0.198771E+03   0.154371E+02   0.000000E+00   0.183334E+03  -0.366668E+03
   0.408765E+02   0.118915E+01   0.454751E+01   0.823217E+01   0.912933E+01   0.361947E+02   0.983710E+01   0.222989E+02  -0.874175E+01  -0.127687E+02  -0.334582E+01   0.689987E+01   0.437076E+02   0.435743E+02   0.156697E+00   0.487791E-02   0.145084E-01   0.102736E-02   0.781112E-03   0.199514E+03   0.163012E+02   0.000000E+00   0.183213E+03  -0.366426E+03
   0.408765E+02   0.118915E+01   0.454751E+01   0.823217E+01   0.106214E+02   0.371565E+02   0.983710E+01   0.222989E+02  -0.874175E+01  -0.127687E+02  -0.334582E+01   0.689987E+01   0.437076E+02   0.435743E+02   0.160170E+00   0.487791E-02   0.147117E-01   0.661437E-03   0.781112E-03   0.197674E+03   0.163175E+02   0.000000E+00   0.181357E+03  -0.362713E+03
   0.408765E+02   0.118915E+01   0.610315E+01   0.823217E+01   0.106214E+02   0.371565E+02   0.856842E+01   0.222989E+02  -0.874175E+01  -0.127687E+02  -0.334582E+01   0.689987E+01   0.437076E+02   0.435743E+02   0.158206E+00   0.487791E-02   0.164170E-01   0.386791E-02   0.736887E-02   0.197039E+03   0.151675E+02   0.000000E+00   0.181871E+03  -0.363743E+03
   0.408765E+02   0.118915E+01   0.566581E+01   0.823217E+01   0.108333E+02   0.369937E+02   0.856842E+01   0.222989E+02  -0.874175E+01  -0.127687E+02  -0.334582E+01   0.689987E+01   0.437076E+02   0.435743E+02   0.156531E+00   0.225758E-02   0.195837E-01   0.392463E-03   0.970371E-02   0.197234E+03   0.152269E+02   0.000000E+00   0.182007E+03  -0.364014E+03
   0.408765E+02   0.118915E+01   0.657657E+01   0.823217E+01   0.108333E+02   0.369937E+02   0.856842E+01   0.223088E+02  -0.874175E+01  -0.127687E+02  -0.334582E+01   0.689987E+01   0.437076E+02   0.435743E+02   0.157380E+00   0.149626E-02   0.163342E-01   0.808571E-03   0.109217E-01   0.196117E+03   0.154646E+02   0.000000E+00   0.180652E+03  -0.361305E+03
   0.412711E+02   0.118915E+01   0.647481E+01   0.823217E+01   0.108333E+02   0.369937E+02   0.880473E+01   0.223088E+02  -0.874175E+01  -0.127687E+02  -0.334582E+01   0.689987E+01   0.437076E+02   0.435743E+02   0.154519E+00   0.704993E-03   0.163342E-01   0.870247E-03   0.104519E-01   0.195267E+03   0.155845E+02   0.000000E+00   0.179682E+03  -0.359365E+03
   0.412711E+02   0.118915E+01   0.647481E+01   0.891703E+01   0.108333E+02   0.360099E+02   0.880473E+01   0.223088E+02  -0.874175E+01  -0.127687E+02  -0.334582E+01   0.689987E+01   0.437076E+02   0.435743E+02   0.156308E+00   0.172950E-02   0.135614E-01   0.616473E-03   0.106870E-01   0.195452E+03   0.157612E+02   0.000000E+00   0.179691E+03  -0.359382E+03
   0.412711E+02   0.118915E+01   0.647481E+01   0.891703E+01   0.108333E+02   0.360099E+02   0.788950E+01   0.223088E+02  -0.874175E+01  -0.127687E+02  -0.334582E+01   0.689987E+01   0.437076E+02   0.435743E+02   0.156701E+00   0.280292E-02   0.107649E-01   0.349942E-02   0.106870E-01   0.194891E+03   0.156453E+02   0.000000E+00   0.179246E+03  -0.358491E+03
   0.412711E+02   0.118915E+01   0.647481E+01   0.842069E+01   0.115997E+02   0.360099E+02   0.788950E+01   0.223088E+02  -0.874175E+01  -0.127687E+02  -0.334582E+01   0.689987E+01   0.437076E+02   0.435743E+02   0.152238E+00   0.280292E-02   0.843090E-02   0.503424E-02   0.106870E-01   0.194057E+03   0.157252E+02   0.000000E+00   0.178332E+03  -0.356664E+03
   0.412711E+02   0.118915E+01   0.647481E+01   0.842069E+01   0.115997E+02   0.369991E+02   0.788950E+01   0.223088E+02  -0.874059E+01  -0.127687E+02  -0.334582E+01   0.689987E+01   0.437076E+02   0.435743E+02   0.155716E+00   0.114253E-01   0.914113E-02   0.311016E-02   0.968692E-02   0.194315E+03   0.150843E+02   0.000000E+00   0.179231E+03  -0.358461E+03
   0.412711E+02   0.118915E+01   0.647481E+01   0.842069E+01   0.115997E+02   0.369991E+02   0.788950E+01   0.223088E+02  -0.874059E+01  -0.127687E+02  -0.334582E+01   0.689987E+01   0.437076E+02   0.435743E+02   0.157565E+00   0.115422E-01   0.598299E-02   0.333317E-02   0.151211E-01   0.194021E+03   0.148227E+02   0.000000E+00   0.179198E+03  -0.358397E+03
   0.407374E+02   0.118915E+01   0.536365E+01   0.842069E+01   0.115997E+02   0.371387E+02   0.881400E+01   0.223088E+02  -0.874059E+01  -0.127687E+02  -0.334582E+01   0.689987E+01   0.437076E+02   0.435743E+02   0.151550E+00   0.106463E-01   0.173242E-02   0.333317E-02   0.148179E-01   0.195585E+03   0.153677E+02   0.000000E+00   0.180217E+03  -0.360435E+03
   0.407374E+02   0.118915E+01   0.620406E+01   0.842069E+01   0.106182E+02   0.371387E+02   0.881400E+01   0.223088E+02  -0.874059E+01  -0.127687E+02  -0.334582E+01   0.689987E+01   0.437076E+02   0.435743E+02   0.157066E+00   0.738422E-02   0.308550E-02   0.146567E-02   0.148179E-01   0.197050E+03   0.157454E+02   0.000000E+00   0.181305E+03  -0.362609E+03
   0.407374E+02   0.118915E+01   0.648557E+01   0.842069E+01   0.106182E+02   0.350878E+02   0.850999E+01   0.223088E+02  -0.874059E+01  -0.127687E+02  -0.334582E+01   0.689987E+01   0.437076E+02   0.435743E+02   0.157066E+00   0.901547E-02   0.908435E-02   0.163357E-02   0.199179E-01   0.192316E+03   0.144556E+02   0.000000E+00   0.177860E+03  -0.355721E+03
   0.407374E+02   0.118915E+01   0.648557E+01   0.842069E+01   0.106182E+02   0.350235E+02   0.887954E+01   0.223088E+02  -0.874059E+01  -0.127687E+02  -0.334582E+01   0.689987E+01   0.437076E+02   0.435743E+02   0.151596E+00   0.745013E-02   0.798915E-02   0.470765E-02   0.843955E-02   0.193015E+03   0.155620E+02   0.000000E+00   0.177453E+03  -0.354906E+03
   0.407374E+02   0.118915E+01   0.648557E+01   0.842069E+01   0.898454E+01   0.351295E+02   0.887954E+01   0.223088E+02  -0.874059E+01  -0.127687E+02  -0.334582E+01   0.689987E+01   0.437076E+02   0.435743E+02   0.152384E+00   0.174835E-02   0.810884E-02   0.470765E-02   0.811389E-02   0.194293E+03   0.161528E+02   0.000000E+00   0.178140E+03  -0.356280E+03
   0.407374E+02   0.118915E+01   0.698436E+01   0.842069E+01   0.898454E+01   0.351295E+02   0.107145E+02   0.223088E+02  -0.874059E+01  -0.127687E+02  -0.334582E+01   0.689987E+01   0.437076E+02   0.435743E+02   0.152384E+00   0.317895E-02   0.959720E-02   0.268314E-02   0.275660E-02   0.193604E+03   0.165991E+02   0.000000E+00   0.177005E+03  -0.354010E+03
   0.407374E+02   0.118915E+01   0.604585E+01   0.653510E+01   0.898454E+01   0.351295E+02   0.107145E+02   0.223088E+02  -0.874059E+01  -0.127687E+02  -0.334582E+01   0.689987E+01   0.437076E+02   0.435743E+02   0.152151E+00   0.531338E-02   0.727045E-02   0.115205E-02   0.544699E-02   0.193528E+03   0.165024E+02   0.000000E+00   0.177026E+03  -0.354051E+03
   0.407374E+02   0.118915E+01   0.604585E+01   0.653510E+01   0.898454E+01   0.351295E+02   0.107145E+02   0.223088E+02  -0.874059E+01  -0.127687E+02  -0.334582E+01   0.689987E+01   0.437076E+02   0.435743E+02   0.152233E+00   0.531338E-02   0.101721E-01   0.321191E-02   0.544699E-02   0.193045E+03   0.160062E+02   0.000000E+00   0.177039E+03  -0.354078E+03
   0.407374E+02   0.118915E+01   0.439631E+01   0.653510E+01   0.898454E+01   0.371080E+02   0.107145E+02   0.223088E+02  -0.874059E+01  -0.127687E+02  -0.334582E+01   0.689987E+01   0.437076E+02   0.435743E+02   0.151356E+00   0.238570E-02   0.142372E-01   0.472339E-02   0.133027E-02   0.196409E+03   0.161530E+02   0.000000E+00   0.180256E+03  -0.360512E+03
   0.407374E+02   0.118915E+01   0.439631E+01   0.653510E+01   0.898454E+01   0.371080E+02   0.107145E+02   0.223088E+02  -0.874059E+01  -0.127687E+02  -0.334582E+01   0.689987E+01   0.437076E+02   0.435743E+02   0.154384E+00   0.114774E-03   0.145376E-02   0.594583E-02   0.133027E-02   0.198076E+03   0.175362E+02   0.000000E+00   0.180540E+03  -0.361080E+03
   0.407374E+02   0.118915E+01   0.439631E+01   0.653510E+01   0.898454E+01   0.366060E+02   0.110201E+02   0.223088E+02  -0.874059E+01  -0.127687E+02  -0.334582E+01   0.689987E+01   0.437076E+02   0.435743E+02   0.155872E+00   0.114774E-03   0.186850E-02   0.498873E-02   0.692230E-02   0.197784E+03   0.170313E+02   0.000000E+00   0.180753E+03  -0.361505E+03
   0.407374E+02   0.118915E+01   0.439631E+01   0.110637E+02   0.898454E+01   0.366060E+02   0.110201E+02   0.223088E+02  -0.874059E+01  -0.127687E+02  -0.334582E+01   0.689987E+01   0.437076E+02   0.435743E+02   0.154118E+00   0.217421E-02   0.186850E-02   0.498873E-02   0.421174E-02   0.198720E+03   0.170964E+02   0.000000E+00   0.181624E+03  -0.363247E+03
   0.407374E+02   0.118915E+01   0.439631E+01   0.882533E+01   0.898454E+01   0.366060E+02   0.708613E+01   0.223088E+02  -0.874059E+01  -0.127687E+02  -0.334582E+01   0.689987E+01   0.437076E+02   0.435743E+02   0.157322E+00   0.636509E-02   0.495231E-02   0.377481E-02   0.193773E-02   0.198146E+03   0.167177E+02   0.000000E+00   0.181428E+03  -0.362857E+03
   0.407374E+02   0.118915E+01   0.407485E+01   0.882533E+01   0.898454E+01   0.371097E+02   0.708613E+01   0.223088E+02  -0.874059E+01  -0.127687E+02  -0.334582E+01   0.689987E+01   0.437076E+02   0.435743E+02   0.154064E+00   0.636509E-02   0.495231E-02   0.377481E-02   0.193773E-02   0.198209E+03   0.167177E+02   0.000000E+00   0.181491E+03  -0.362983E+03
   0.407374E+02   0.118915E+01   0.407485E+01   0.882533E+01   0.898454E+01   0.371097E+02   0.708613E+01   0.222858E+02  -0.874059E+01  -0.127687E+02  -0.334582E+01   0.689987E+01   0.437076E+02   0.435743E+02   0.152614E+00   0.636509E-02   0.141688E-02   0.377481E-02   0.193773E-02   0.199554E+03   0.170712E+02   0.000000E+00   0.182483E+03  -0.364966E+03
   0.407374E+02   0.118915E+01   0.407485E+01   0.853138E+01   0.738477E+01   0.371097E+02   0.728246E+01   0.222858E+02  -0.874059E+01  -0.127687E+02  -0.334582E+01   0.689987E+01   0.437076E+02   0.435743E+02   0.152614E+00   0.576824E-02   0.141688E-02   0.377481E-02   0.158170E-02   0.200095E+03   0.171665E+02   0.000000E+00   0.182928E+03  -0.365857E+03
   0.407374E+02   0.118915E+01   0.407485E+01   0.853138E+01   0.566329E+01   0.371097E+02   0.862887E+01   0.222858E+02  -0.874059E+01  -0.127687E+02  -0.334582E+01   0.689987E+01   0.437076E+02   0.435743E+02   0.152315E+00   0.316771E-02   0.482624E-02   0.879333E-04   0.158170E-02   0.200749E+03   0.174543E+02   0.000000E+00   0.183295E+03  -0.366589E+03
   0.407374E+02   0.118915E+01   0.407485E+01   0.826292E+01   0.566329E+01   0.371097E+02   0.103116E+02   0.222858E+02  -0.874925E+01  -0.127687E+02  -0.334582E+01   0.689987E+01   0.437076E+02   0.435743E+02   0.149034E+00   0.254581E-02   0.674472E-02   0.191992E-02   0.158170E-02   0.200269E+03   0.171415E+02   0.000000E+00   0.183128E+03  -0.366255E+03
   0.408156E+02   0.118915E+01   0.407485E+01   0.826292E+01   0.775490E+01   0.372415E+02   0.113297E+02   0.222858E+02  -0.874925E+01  -0.127687E+02  -0.334582E+01   0.689987E+01   0.437076E+02   0.435743E+02   0.146542E+00   0.254581E-02   0.435747E-02   0.191992E-02   0.158170E-02   0.200857E+03   0.173802E+02   0.000000E+00   0.183477E+03  -0.366954E+03
   0.408156E+02   0.118915E+01   0.407485E+01   0.826292E+01   0.775490E+01   0.372415E+02   0.113297E+02   0.222858E+02  -0.874925E+01  -0.127687E+02  -0.334582E+01   0.689987E+01   0.437076E+02   0.435743E+02   0.148138E+00   0.254581E-02   0.590013E-02   0.344969E-02   0.421640E-03   0.201070E+03   0.171890E+02   0.000000E+00   0.183881E+03  -0.367762E+03
   0.408156E+02   0.118915E+01   0.407485E+01   0.826292E+01   0.952138E+01   0.372415E+02   0.113297E+02   0.222858E+02  -0.874925E+01  -0.127687E+02  -0.334582E+01   0.689987E+01   0.437076E+02   0.435743E+02   0.155416E+00   0.417486E-02   0.590013E-02   0.344969E-02   0.421640E-03   0.200275E+03   0.170260E+02   0.000000E+00   0.183249E+03  -0.366498E+03
   0.408156E+02   0.117033E+01   0.407485E+01   0.826292E+01   0.952138E+01   0.372415E+02   0.113297E+02   0.222858E+02  -0.874925E+01  -0.127687E+02  -0.334582E+01   0.689987E+01   0.437076E+02   0.435743E+02   0.159984E+00   0.665253E-02   0.132335E-01   0.202532E-02   0.421640E-03   0.199426E+03   0.161874E+02   0.000000E+00   0.183239E+03  -0.366477E+03
   0.408156E+02   0.117033E+01   0.407485E+01   0.826292E+01   0.952138E+01   0.372415E+02   0.113297E+02   0.222858E+02  -0.874925E+01  -0.127687E+02  -0.334582E+01   0.689987E+01   0.437076E+02   0.435743E+02   0.153757E+00   0.563685E-02   0.132335E-01   0.100205E-02   0.421640E-03   0.200120E+03   0.163913E+02   0.000000E+00   0.183729E+03  -0.367457E+03
   0.408156E+02   0.117033E+01   0.407485E+01   0.826292E+01   0.712888E+01   0.372415E+02   0.113297E+02   0.222858E+02  -0.874925E+01  -0.127687E+02  -0.334582E+01   0.689987E+01   0.437076E+02   0.435743E+02   0.160208E+00   0.563685E-02   0.154177E-01   0.100205E-02   0.421640E-03   0.200517E+03   0.161729E+02   0.000000E+00   0.184344E+03  -0.368688E+03
   0.408156E+02   0.117658E+01   0.407485E+01   0.826292E+01   0.712888E+01   0.372415E+02   0.872342E+01   0.222858E+02  -0.874925E+01  -0.127687E+02  -0.334582E+01   0.689987E+01   0.437076E+02   0.435743E+02   0.158288E+00   0.203917E-02   0.170473E-01   0.381395E-02   0.421640E-03   0.200459E+03   0.160885E+02   0.000000E+00   0.184371E+03  -0.368741E+03
   0.408156E+02   0.117658E+01   0.407485E+01   0.826292E+01   0.712888E+01   0.372415E+02   0.872342E+01   0.222858E+02  -0.874925E+01  -0.127687E+02  -0.334582E+01   0.689987E+01   0.437076E+02   0.435743E+02   0.158041E+00   0.958372E-03   0.170473E-01   0.490114E-02   0.421640E-03   0.200491E+03   0.160878E+02   0.000000E+00   0.184403E+03  -0.368806E+03
   0.408156E+02   0.117658E+01   0.418221E+01   0.826292E+01   0.999740E+01   0.372415E+02   0.872342E+01   0.222858E+02  -0.874925E+01  -0.127687E+02  -0.334582E+01   0.689987E+01   0.437076E+02   0.435743E+02   0.160374E+00   0.363044E-02   0.175890E-01   0.497778E-02   0.989644E-03   0.198662E+03   0.157020E+02   0.000000E+00   0.182960E+03  -0.365920E+03
   0.408156E+02   0.107971E+01   0.543032E+01   0.826292E+01   0.730702E+01   0.372415E+02   0.111135E+02   0.222858E+02  -0.874925E+01  -0.127687E+02  -0.334582E+01   0.689987E+01   0.437076E+02   0.435743E+02   0.155263E+00   0.849902E-02   0.152546E-01   0.125369E-01   0.989644E-03   0.198562E+03   0.146927E+02   0.000000E+00   0.183869E+03  -0.367739E+03
   0.408156E+02   0.132510E+01   0.543032E+01   0.826292E+01   0.730702E+01   0.372415E+02   0.111135E+02   0.222858E+02  -0.874925E+01  -0.127687E+02  -0.334582E+01   0.689987E+01   0.437076E+02   0.435743E+02   0.149750E+00   0.945975E-02   0.139064E-01   0.172736E-01   0.989644E-03   0.197716E+03   0.142577E+02   0.000000E+00   0.183458E+03  -0.366917E+03
   0.403643E+02   0.132510E+01   0.543032E+01   0.826292E+01   0.730702E+01   0.372415E+02   0.110170E+02   0.222858E+02  -0.874925E+01  -0.127687E+02  -0.334582E+01   0.689987E+01   0.437076E+02   0.435743E+02   0.155981E+00   0.945975E-02   0.139064E-01   0.247556E-01   0.935075E-03   0.197174E+03   0.135150E+02   0.000000E+00   0.183659E+03  -0.367318E+03
   0.403643E+02   0.145079E+01   0.466656E+01   0.826292E+01   0.730702E+01   0.372415E+02   0.110170E+02   0.222858E+02  -0.874925E+01  -0.127687E+02  -0.334582E+01   0.689987E+01   0.437076E+02   0.435743E+02   0.151678E+00   0.142748E-01   0.958358E-02   0.254570E-01   0.935075E-03   0.198152E+03   0.133956E+02   0.000000E+00   0.184756E+03  -0.369513E+03
   0.408231E+02   0.143232E+01   0.466656E+01   0.826292E+01   0.769927E+01   0.372415E+02   0.128542E+02   0.222858E+02  -0.874925E+01  -0.127687E+02  -0.334582E+01   0.689987E+01   0.437076E+02   0.435743E+02   0.146040E+00   0.115260E-01   0.133238E-01   0.210744E-01   0.935075E-03   0.194984E+03   0.137348E+02   0.000000E+00   0.181249E+03  -0.362498E+03
   0.408231E+02   0.143232E+01   0.329982E+01   0.826292E+01   0.811033E+01   0.372415E+02   0.128542E+02   0.222858E+02  -0.874925E+01  -0.127687E+02  -0.334582E+01   0.689987E+01   0.437076E+02   0.435743E+02   0.148280E+00   0.135428E-01   0.187007E-01   0.115621E-01   0.935075E-03   0.194542E+03   0.139466E+02   0.000000E+00   0.180595E+03  -0.361191E+03
   0.408231E+02   0.143232E+01   0.329982E+01   0.826292E+01   0.811033E+01   0.372415E+02   0.117045E+02   0.222858E+02  -0.874925E+01  -0.127687E+02  -0.334582E+01   0.689987E+01   0.437076E+02   0.435743E+02   0.157987E+00   0.194646E-01   0.129767E-01   0.103724E-01   0.464180E-02   0.197000E+03   0.136751E+02   0.000000E+00   0.183325E+03  -0.366650E+03
   0.408231E+02   0.893183E+00   0.329982E+01   0.826292E+01   0.880336E+01   0.372415E+02   0.117045E+02   0.222858E+02  -0.874925E+01  -0.127687E+02  -0.334582E+01   0.689987E+01   0.437076E+02   0.435743E+02   0.161563E+00   0.194646E-01   0.115014E-01   0.103724E-01   0.464180E-02   0.195951E+03   0.138227E+02   0.000000E+00   0.182128E+03  -0.364257E+03
   0.408231E+02   0.893183E+00   0.329982E+01   0.826292E+01   0.105147E+02   0.372415E+02   0.117045E+02   0.222858E+02  -0.874925E+01  -0.127687E+02  -0.334582E+01   0.689987E+01   0.437076E+02   0.435743E+02   0.161563E+00   0.229714E-01   0.107261E-01   0.147443E-01   0.464180E-02   0.193137E+03   0.131123E+02   0.000000E+00   0.180025E+03  -0.360049E+03
   0.408231E+02   0.893183E+00   0.329982E+01   0.826292E+01   0.105147E+02   0.372415E+02   0.117045E+02   0.222858E+02  -0.874925E+01  -0.127687E+02  -0.334582E+01   0.689987E+01   0.437076E+02   0.435743E+02   0.161542E+00   0.199452E-01   0.643602E-02   0.895995E-02   0.917240E-03   0.194824E+03   0.147948E+02   0.000000E+00   0.180029E+03  -0.360058E+03
   0.408231E+02   0.893183E+00   0.329982E+01   0.826292E+01   0.105147E+02   0.372415E+02   0.117045E+02   0.222858E+02  -0.874925E+01  -0.127687E+02  -0.334582E+01   0.689987E+01   0.437076E+02   0.435743E+02   0.159872E+00   0.193468E-01   0.251250E-02   0.161115E-01   0.363009E-02   0.194551E+03   0.142606E+02   0.000000E+00   0.180290E+03  -0.360581E+03
   0.408231E+02   0.815637E+00   0.329982E+01   0.826292E+01   0.101097E+02   0.372415E+02   0.117045E+02   0.222858E+02  -0.874925E+01  -0.127687E+02  -0.334582E+01   0.689987E+01   0.437076E+02   0.435911E+02   0.159872E+00   0.195737E-01   0.251250E-02   0.192773E-01   0.524542E-02   0.194310E+03   0.137598E+02   0.000000E+00   0.180550E+03  -0.361100E+03
   0.408231E+02  -0.139773E+00   0.329982E+01   0.997766E+01   0.859840E+01   0.372415E+02   0.987862E+01   0.222858E+02  -0.874925E+01  -0.127687E+02  -0.334582E+01   0.689987E+01   0.437076E+02   0.435911E+02   0.157248E+00   0.189309E-01   0.361763E-02   0.223082E-01   0.524542E-02   0.194473E+03   0.134105E+02   0.000000E+00   0.181063E+03  -0.362125E+03
   0.408231E+02  -0.139773E+00   0.329982E+01   0.997766E+01   0.859840E+01   0.372415E+02   0.987862E+01   0.222858E+02  -0.874925E+01  -0.127687E+02  -0.334582E+01   0.689987E+01   0.437076E+02   0.435911E+02   0.149125E+00   0.189309E-01   0.361763E-02   0.125861E-01   0.329059E-02   0.195008E+03   0.145782E+02   0.000000E+00   0.180430E+03  -0.360860E+03
   0.408231E+02  -0.139773E+00   0.329982E+01   0.997766E+01   0.868180E+01   0.372415E+02   0.987862E+01   0.222858E+02  -0.874925E+01  -0.127687E+02  -0.334582E+01   0.689987E+01   0.437076E+02   0.435911E+02   0.148779E+00   0.189309E-01   0.424325E-02   0.108159E-01   0.264703E-02   0.195108E+03   0.147570E+02   0.000000E+00   0.180351E+03  -0.360702E+03
   0.403280E+02  -0.176302E+00   0.329982E+01   0.997766E+01   0.868180E+01   0.372415E+02   0.987862E+01   0.222858E+02  -0.874925E+01  -0.127687E+02  -0.330321E+01   0.689987E+01   0.437076E+02   0.435911E+02   0.149097E+00   0.189309E-01   0.118148E-01   0.157008E-01   0.264703E-02   0.193138E+03   0.135113E+02   0.000000E+00   0.179627E+03  -0.359253E+03
   0.403280E+02   0.116710E+01   0.471912E+01   0.742112E+01   0.924856E+01   0.372415E+02   0.987862E+01   0.222858E+02  -0.996848E+01  -0.127687E+02  -0.343173E+01   0.689987E+01   0.437076E+02   0.435911E+02   0.158639E+00   0.162950E-01   0.917624E-02   0.143104E-02   0.264703E-02   0.199188E+03   0.154657E+02   0.000000E+00   0.183722E+03  -0.367445E+03
   0.403280E+02   0.870627E+00   0.471912E+01   0.742112E+01   0.924856E+01   0.372415E+02   0.830915E+01   0.222858E+02  -0.996848E+01  -0.127687E+02  -0.343173E+01   0.689987E+01   0.437076E+02   0.435911E+02   0.162752E+00   0.254438E-01   0.182591E-01   0.298828E-03   0.284939E-02   0.197020E+03   0.137356E+02   0.000000E+00   0.183284E+03  -0.366569E+03
   0.403066E+02   0.870627E+00   0.471912E+01   0.742112E+01   0.924856E+01   0.372415E+02   0.830915E+01   0.222858E+02  -0.996848E+01  -0.127687E+02  -0.338217E+01   0.689987E+01   0.437076E+02   0.435911E+02   0.162752E+00   0.184667E-01   0.153084E-01   0.747013E-04   0.284939E-02   0.197756E+03   0.147508E+02   0.000000E+00   0.183005E+03  -0.366010E+03
   0.403066E+02   0.870627E+00   0.471912E+01   0.742112E+01   0.924856E+01   0.372415E+02   0.830915E+01   0.222858E+02  -0.996848E+01  -0.127687E+02  -0.338217E+01   0.689987E+01   0.437076E+02   0.435911E+02   0.168415E+00   0.196660E-01   0.117470E-01   0.600302E-03   0.223988E-02   0.196185E+03   0.149954E+02   0.000000E+00   0.181190E+03  -0.362379E+03
   0.408174E+02   0.870627E+00   0.471912E+01   0.742112E+01   0.924856E+01   0.371597E+02   0.830915E+01   0.222858E+02  -0.996848E+01  -0.127687E+02  -0.338217E+01   0.689987E+01   0.437076E+02   0.435911E+02   0.161630E+00   0.196660E-01   0.113410E-01   0.600302E-03   0.339097E-02   0.198364E+03   0.149209E+02   0.000000E+00   0.183443E+03  -0.366886E+03
   0.408174E+02   0.995419E+00   0.471912E+01   0.742112E+01   0.924856E+01   0.371597E+02   0.125939E+02   0.222858E+02  -0.996848E+01  -0.127687E+02  -0.338217E+01   0.689987E+01   0.437076E+02   0.435911E+02   0.161630E+00   0.185249E-01   0.992975E-02   0.431774E-02   0.339097E-02   0.195971E+03   0.148043E+02   0.000000E+00   0.181167E+03  -0.362333E+03
   0.408174E+02   0.995419E+00   0.497586E+01   0.100822E+02   0.924856E+01   0.365274E+02   0.946835E+01   0.221283E+02  -0.996848E+01  -0.127687E+02  -0.338217E+01   0.689987E+01   0.437076E+02   0.435911E+02   0.161630E+00   0.129159E-01   0.992975E-02   0.761459E-02   0.339097E-02   0.199340E+03   0.150356E+02   0.000000E+00   0.184304E+03  -0.368609E+03
   0.408169E+02   0.995419E+00   0.497586E+01   0.106164E+02   0.924856E+01   0.365274E+02   0.114079E+02   0.221283E+02  -0.996848E+01  -0.127687E+02  -0.338217E+01   0.689987E+01   0.437076E+02   0.435911E+02   0.161738E+00   0.152187E-01   0.178327E-02   0.770391E-02   0.272347E-02   0.198885E+03   0.156777E+02   0.000000E+00   0.183207E+03  -0.366415E+03
   0.408169E+02   0.221079E+01   0.497586E+01   0.116314E+02   0.924856E+01   0.365274E+02   0.118051E+02   0.221283E+02  -0.996848E+01  -0.127687E+02  -0.338217E+01   0.689987E+01   0.437076E+02   0.435911E+02   0.159525E+00   0.152187E-01   0.178327E-02   0.424896E-02   0.610709E-02   0.197706E+03   0.156849E+02   0.000000E+00   0.182021E+03  -0.364042E+03
   0.408169E+02   0.221079E+01   0.497586E+01   0.116314E+02   0.924856E+01   0.365274E+02   0.895341E+01   0.221283E+02  -0.996848E+01  -0.127687E+02  -0.338217E+01   0.689987E+01   0.437076E+02   0.435911E+02   0.154933E+00   0.147741E-01   0.121028E-02   0.424896E-02   0.105545E-02   0.198308E+03   0.162918E+02   0.000000E+00   0.182016E+03  -0.364032E+03
   0.408169E+02   0.221079E+01   0.560057E+01   0.116314E+02   0.924856E+01   0.365274E+02   0.103332E+02   0.227832E+02  -0.996848E+01  -0.127687E+02  -0.338217E+01   0.689987E+01   0.437076E+02   0.435911E+02   0.154933E+00   0.167563E-01   0.121028E-02   0.265695E-03   0.105545E-02   0.198753E+03   0.164919E+02   0.000000E+00   0.182261E+03  -0.364522E+03
   0.408169E+02   0.221079E+01   0.560057E+01   0.116314E+02   0.899426E+01   0.365274E+02   0.121907E+02   0.227832E+02  -0.996848E+01  -0.127687E+02  -0.338217E+01   0.689987E+01   0.437076E+02   0.435911E+02   0.152173E+00   0.118250E-01   0.185650E-02   0.265695E-03   0.421587E-02   0.198019E+03   0.166044E+02   0.000000E+00   0.181415E+03  -0.362829E+03
   0.408169E+02   0.221079E+01   0.560057E+01   0.116314E+02   0.899426E+01   0.367595E+02   0.121907E+02   0.227832E+02  -0.996848E+01  -0.127687E+02  -0.338217E+01   0.689987E+01   0.437076E+02   0.435911E+02   0.152173E+00   0.184931E-02   0.185650E-02   0.265695E-03   0.425131E-02   0.199086E+03   0.175984E+02   0.000000E+00   0.181488E+03  -0.362975E+03
   0.408169E+02   0.221079E+01   0.560057E+01   0.984365E+01   0.899426E+01   0.367595E+02   0.121907E+02   0.227832E+02  -0.996848E+01  -0.127687E+02  -0.338217E+01   0.689987E+01   0.437076E+02   0.435911E+02   0.160557E+00   0.184931E-02   0.185650E-02   0.265695E-03   0.612564E-02   0.199451E+03   0.174110E+02   0.000000E+00   0.182040E+03  -0.364080E+03
   0.408169E+02   0.221079E+01   0.493206E+01   0.984365E+01   0.899426E+01   0.367595E+02   0.927536E+01   0.227832E+02  -0.996848E+01  -0.136015E+02  -0.338217E+01   0.689987E+01   0.437076E+02   0.435911E+02   0.159800E+00   0.488907E-02   0.226815E-02   0.103594E-02   0.488514E-02   0.202309E+03   0.171129E+02   0.000000E+00   0.185196E+03  -0.370392E+03
   0.407317E+02   0.804146E+00   0.564887E+01   0.984365E+01   0.899426E+01   0.377594E+02   0.927536E+01   0.227832E+02  -0.996848E+01  -0.136015E+02  -0.338217E+01   0.689987E+01   0.437076E+02   0.435911E+02   0.161522E+00   0.488907E-02   0.226815E-02   0.103594E-02   0.183198E-02   0.202091E+03   0.174182E+02   0.000000E+00   0.184673E+03  -0.369346E+03
   0.407317E+02   0.804146E+00   0.564887E+01   0.930868E+01   0.763145E+01   0.377594E+02   0.927536E+01   0.227832E+02  -0.996848E+01  -0.136015E+02  -0.338217E+01   0.685354E+01   0.437076E+02   0.435911E+02   0.161468E+00   0.303180E-02   0.715280E-02   0.103594E-02   0.183198E-02   0.201794E+03   0.171154E+02   0.000000E+00   0.184679E+03  -0.369357E+03
   0.407317E+02   0.804146E+00   0.564887E+01   0.826515E+01   0.103137E+02   0.377436E+02   0.927536E+01   0.227832E+02  -0.996848E+01  -0.136015E+02  -0.338217E+01   0.685354E+01   0.437076E+02   0.435911E+02   0.165517E+00   0.202554E-02   0.895439E-02   0.103594E-02   0.245607E-02   0.200439E+03   0.169735E+02   0.000000E+00   0.183466E+03  -0.366931E+03
   0.407317E+02   0.804146E+00   0.564887E+01   0.826515E+01   0.103137E+02   0.377436E+02   0.927536E+01   0.227832E+02  -0.996848E+01  -0.136015E+02  -0.338217E+01   0.685354E+01   0.437076E+02   0.435911E+02   0.167179E+00   0.202554E-02   0.258880E-02   0.103594E-02   0.495992E-02   0.200236E+03   0.173597E+02   0.000000E+00   0.182876E+03  -0.365753E+03
   0.407317E+02   0.804146E+00   0.564887E+01   0.889561E+01   0.103137E+02   0.377436E+02   0.927536E+01   0.227737E+02  -0.996848E+01  -0.136015E+02  -0.327756E+01   0.685354E+01   0.437076E+02   0.435911E+02   0.167179E+00   0.202554E-02   0.176492E-02   0.103594E-02   0.495992E-02   0.200020E+03   0.174420E+02   0.000000E+00   0.182578E+03  -0.365156E+03
   0.407317E+02   0.804146E+00   0.615311E+01   0.889561E+01   0.103137E+02   0.355300E+02   0.927536E+01   0.227737E+02  -0.996848E+01  -0.136015E+02  -0.327756E+01   0.685354E+01   0.437076E+02   0.435911E+02   0.167179E+00   0.841960E-02   0.600677E-02   0.103594E-02   0.357546E-02   0.198424E+03   0.165169E+02   0.000000E+00   0.181907E+03  -0.363814E+03
   0.407317E+02   0.804146E+00   0.615311E+01   0.889561E+01   0.103137E+02   0.379950E+02   0.927536E+01   0.227737E+02  -0.996848E+01  -0.136015E+02  -0.327756E+01   0.685354E+01   0.437076E+02   0.435911E+02   0.154932E+00   0.397980E-05   0.132488E-02   0.103594E-02   0.145706E-02   0.201803E+03   0.180385E+02   0.000000E+00   0.183765E+03  -0.367529E+03
   0.407317E+02   0.804146E+00   0.615311E+01   0.880596E+01   0.962511E+01   0.379950E+02   0.927536E+01   0.227737E+02  -0.996848E+01  -0.136015E+02  -0.327756E+01   0.685354E+01   0.437076E+02   0.435911E+02   0.156827E+00   0.864090E-02   0.132488E-02   0.103594E-02   0.145706E-02   0.201164E+03   0.171748E+02   0.000000E+00   0.183989E+03  -0.367978E+03
   0.407317E+02   0.804146E+00   0.615311E+01   0.880596E+01   0.778303E+01   0.379950E+02   0.927536E+01   0.227737E+02  -0.996848E+01  -0.136015E+02  -0.327756E+01   0.685354E+01   0.437076E+02   0.435911E+02   0.156827E+00   0.864090E-02   0.335691E-02   0.743233E-03   0.271558E-02   0.200338E+03   0.168750E+02   0.000000E+00   0.183463E+03  -0.366926E+03
   0.407317E+02   0.423682E+00   0.615311E+01   0.880596E+01   0.965547E+01   0.379950E+02   0.110814E+02   0.227654E+02  -0.996848E+01  -0.136015E+02  -0.327756E+01   0.685354E+01   0.437076E+02   0.435911E+02   0.159505E+00   0.688149E-02   0.270814E-02   0.743233E-03   0.546857E-02   0.198624E+03   0.168405E+02   0.000000E+00   0.181783E+03  -0.363567E+03
   0.407317E+02   0.423682E+00   0.615311E+01   0.880596E+01   0.736635E+01   0.367313E+02   0.111454E+02   0.227654E+02  -0.996848E+01  -0.136015E+02  -0.327756E+01   0.685354E+01   0.437076E+02   0.435911E+02   0.155072E+00   0.370376E-02   0.105201E-01   0.516481E-03   0.546857E-02   0.200010E+03   0.163998E+02   0.000000E+00   0.183610E+03  -0.367220E+03
   0.407317E+02   0.423682E+00   0.502996E+01   0.809308E+01   0.736635E+01   0.367313E+02   0.113748E+02   0.227654E+02  -0.996848E+01  -0.136015E+02  -0.327756E+01   0.685354E+01   0.437076E+02   0.435911E+02   0.155072E+00   0.370376E-02   0.343781E-02   0.516481E-03   0.163620E-02   0.203999E+03   0.174913E+02   0.000000E+00   0.186508E+03  -0.373015E+03
   0.407317E+02   0.423682E+00   0.502996E+01   0.809308E+01   0.736635E+01   0.367313E+02   0.113748E+02   0.227355E+02  -0.996848E+01  -0.136015E+02  -0.327756E+01   0.685354E+01   0.437076E+02   0.435911E+02   0.147433E+00   0.619959E-02   0.343781E-02   0.516481E-03   0.856080E-03   0.203446E+03   0.173197E+02   0.000000E+00   0.186126E+03  -0.372253E+03
   0.407317E+02   0.423682E+00   0.350898E+01   0.809308E+01   0.736635E+01   0.367313E+02   0.113748E+02   0.227355E+02  -0.996848E+01  -0.136015E+02  -0.327756E+01   0.685354E+01   0.437076E+02   0.435911E+02   0.147433E+00   0.112688E-01   0.655920E-02   0.627288E-02   0.856080E-03   0.202855E+03   0.159250E+02   0.000000E+00   0.186930E+03  -0.373860E+03
   0.407740E+02   0.423682E+00   0.411807E+01   0.809308E+01   0.729126E+01   0.367313E+02   0.782420E+01   0.227355E+02  -0.982646E+01  -0.136015E+02  -0.327756E+01   0.679462E+01   0.437076E+02   0.435911E+02   0.146683E+00   0.717219E-02   0.655920E-02   0.546175E-02   0.400127E-02   0.201819E+03   0.161012E+02   0.000000E+00   0.185718E+03  -0.371436E+03
   0.407876E+02   0.423682E+00   0.411807E+01   0.809308E+01   0.537783E+01   0.367313E+02   0.782420E+01   0.227081E+02  -0.982646E+01  -0.136015E+02  -0.327756E+01   0.679462E+01   0.437076E+02   0.435911E+02   0.149901E+00   0.717219E-02   0.655920E-02   0.357233E-02   0.266926E-02   0.200641E+03   0.164234E+02   0.000000E+00   0.184218E+03  -0.368435E+03
   0.407876E+02   0.423682E+00   0.468028E+01   0.809308E+01   0.537783E+01   0.367313E+02   0.782420E+01   0.227081E+02  -0.982646E+01  -0.136015E+02  -0.327756E+01   0.679462E+01   0.437076E+02   0.435911E+02   0.149958E+00   0.717219E-02   0.655920E-02   0.167902E-02   0.266926E-02   0.200252E+03   0.166127E+02   0.000000E+00   0.183639E+03  -0.367279E+03
   0.407876E+02   0.405525E+00   0.390472E+01   0.809308E+01   0.537783E+01   0.378609E+02   0.114649E+02   0.226605E+02  -0.982646E+01  -0.128475E+02  -0.327756E+01   0.679462E+01   0.437076E+02   0.435911E+02   0.150594E+00   0.309266E-02   0.954877E-02   0.215008E-02   0.266926E-02   0.198485E+03   0.166746E+02   0.000000E+00   0.181810E+03  -0.363621E+03
   0.407876E+02   0.405525E+00   0.390472E+01   0.726498E+01   0.840382E+01   0.378609E+02   0.103914E+02   0.226605E+02  -0.982646E+01  -0.136257E+02  -0.327756E+01   0.679462E+01   0.437076E+02   0.435911E+02   0.155223E+00   0.309266E-02   0.761897E-02   0.464158E-02   0.670663E-03   0.202398E+03   0.168183E+02   0.000000E+00   0.185580E+03  -0.371159E+03
   0.409055E+02   0.405525E+00   0.348611E+01   0.726498E+01   0.840382E+01   0.351085E+02   0.110082E+02   0.226605E+02  -0.982646E+01  -0.136257E+02  -0.327756E+01   0.679462E+01   0.437076E+02   0.435911E+02   0.147105E+00   0.528038E-02   0.494324E-02   0.464158E-02   0.670663E-03   0.198710E+03   0.168671E+02   0.000000E+00   0.181843E+03  -0.363686E+03
   0.401589E+02   0.405525E+00   0.348611E+01   0.726498E+01   0.840382E+01   0.351085E+02   0.110082E+02   0.226605E+02  -0.982646E+01  -0.136257E+02  -0.327756E+01   0.673452E+01   0.437076E+02   0.435911E+02   0.150741E+00   0.188643E-02   0.775766E-03   0.346448E-02   0.670663E-03   0.202323E+03   0.177409E+02   0.000000E+00   0.184582E+03  -0.369164E+03
   0.404687E+02   0.123623E+01   0.439053E+01   0.726498E+01   0.731000E+01   0.351085E+02   0.110082E+02   0.226605E+02  -0.982646E+01  -0.136257E+02  -0.327756E+01   0.673452E+01   0.437076E+02   0.435911E+02   0.153235E+00   0.898506E-02   0.929937E-03   0.353209E-02   0.670663E-03   0.201467E+03   0.170089E+02   0.000000E+00   0.184458E+03  -0.368916E+03
   0.403111E+02   0.123623E+01   0.439053E+01   0.997319E+01   0.731000E+01   0.374154E+02   0.110082E+02   0.226605E+02  -0.982646E+01  -0.136257E+02  -0.327756E+01   0.673452E+01   0.437076E+02   0.435911E+02   0.150367E+00   0.543755E-02   0.309575E-02   0.351097E-02   0.210293E-03   0.203748E+03   0.171952E+02   0.000000E+00   0.186553E+03  -0.373106E+03
   0.403111E+02   0.123623E+01   0.439053E+01   0.856344E+01   0.731000E+01   0.366650E+02   0.110082E+02   0.226605E+02  -0.982646E+01  -0.136257E+02  -0.327756E+01   0.756038E+01   0.437076E+02   0.435911E+02   0.151664E+00   0.543755E-02   0.357255E-02   0.351097E-02   0.210293E-03   0.203855E+03   0.171475E+02   0.000000E+00   0.186707E+03  -0.373415E+03
   0.403111E+02   0.123623E+01   0.439053E+01   0.856344E+01   0.731000E+01   0.366650E+02   0.110082E+02   0.225605E+02  -0.982646E+01  -0.134845E+02  -0.327756E+01   0.756038E+01   0.437076E+02   0.435911E+02   0.151664E+00   0.123254E-01   0.357255E-02   0.351097E-02   0.210293E-03   0.203323E+03   0.164588E+02   0.000000E+00   0.186864E+03  -0.373728E+03
   0.409414E+02   0.123623E+01   0.384695E+01   0.856344E+01   0.702914E+01   0.366650E+02   0.108997E+02   0.225599E+02  -0.977087E+01  -0.134845E+02  -0.327756E+01   0.756038E+01   0.437076E+02   0.435911E+02   0.150142E+00   0.888268E-02   0.604114E-03   0.378783E-02   0.210293E-03   0.201379E+03   0.170722E+02   0.000000E+00   0.184307E+03  -0.368614E+03
   0.401882E+02   0.123623E+01   0.333334E+01   0.856344E+01   0.702914E+01   0.356808E+02   0.955956E+01   0.225599E+02  -0.977087E+01  -0.134845E+02  -0.373800E+01   0.756038E+01   0.437076E+02   0.435911E+02   0.155687E+00   0.536361E-02   0.604114E-03   0.378783E-02   0.210293E-03   0.203593E+03   0.174241E+02   0.000000E+00   0.186169E+03  -0.372338E+03
   0.401882E+02   0.123623E+01   0.333334E+01   0.856344E+01   0.702914E+01   0.356808E+02   0.955956E+01   0.225599E+02  -0.977087E+01  -0.134845E+02  -0.373800E+01   0.756038E+01   0.437076E+02   0.435911E+02   0.155687E+00   0.536361E-02   0.178748E-02   0.378783E-02   0.210293E-03   0.203475E+03   0.173058E+02   0.000000E+00   0.186169E+03  -0.372338E+03
   0.401882E+02   0.123623E+01   0.333334E+01   0.856344E+01   0.702914E+01   0.356808E+02   0.955956E+01   0.224916E+02  -0.977087E+01  -0.134845E+02  -0.373800E+01   0.756038E+01   0.437076E+02   0.435911E+02   0.151222E+00   0.418270E-02   0.616875E-02   0.378783E-02   0.499970E-02   0.202463E+03   0.165068E+02   0.000000E+00   0.185956E+03  -0.371912E+03
   0.402716E+02   0.123623E+01   0.333334E+01   0.856344E+01   0.702914E+01   0.380458E+02   0.955956E+01   0.224916E+02  -0.977087E+01  -0.134845E+02  -0.373800E+01   0.756038E+01   0.437076E+02   0.435911E+02   0.153105E+00   0.418270E-02   0.280216E-02   0.378783E-02   0.855240E-02   0.203332E+03   0.164882E+02   0.000000E+00   0.186844E+03  -0.373688E+03
   0.402716E+02   0.123623E+01   0.333334E+01   0.856344E+01   0.702914E+01   0.380458E+02   0.955956E+01   0.224916E+02  -0.977087E+01  -0.134845E+02  -0.373800E+01   0.756038E+01   0.437076E+02   0.435911E+02   0.148419E+00   0.418270E-02   0.280216E-02   0.378783E-02   0.734790E-02   0.203040E+03   0.166086E+02   0.000000E+00   0.186431E+03  -0.372863E+03
   0.402716E+02   0.123623E+01   0.333334E+01   0.856344E+01   0.715178E+01   0.382943E+02   0.955956E+01   0.224916E+02  -0.977087E+01  -0.134845E+02  -0.373800E+01   0.756038E+01   0.437076E+02   0.435911E+02   0.144939E+00   0.418270E-02   0.280216E-02   0.378783E-02   0.118911E-01   0.200934E+03   0.161543E+02   0.000000E+00   0.184780E+03  -0.369559E+03
   0.402689E+02   0.123623E+01   0.424266E+01   0.962772E+01   0.808669E+01   0.352167E+02   0.109187E+02   0.224916E+02  -0.977087E+01  -0.134845E+02  -0.373800E+01   0.756038E+01   0.437076E+02   0.435911E+02   0.153441E+00   0.354737E-02   0.280216E-02   0.378783E-02   0.118911E-01   0.201182E+03   0.162178E+02   0.000000E+00   0.184964E+03  -0.369928E+03
   0.402689E+02   0.123623E+01   0.557841E+01   0.962772E+01   0.808669E+01   0.352167E+02   0.109187E+02   0.224916E+02  -0.977087E+01  -0.134845E+02  -0.373800E+01   0.768266E+01   0.437076E+02   0.435911E+02   0.153441E+00   0.364343E-02   0.280216E-02   0.378783E-02   0.131140E-01   0.199297E+03   0.160859E+02   0.000000E+00   0.183211E+03  -0.366422E+03
   0.402689E+02   0.123623E+01   0.377047E+01   0.709031E+01   0.808669E+01   0.352167E+02   0.113641E+02   0.224916E+02  -0.977087E+01  -0.134845E+02  -0.373800E+01   0.768266E+01   0.437076E+02   0.435911E+02   0.160262E+00   0.228115E-01   0.490897E-03   0.407365E-02   0.204742E-01   0.197036E+03   0.136357E+02   0.000000E+00   0.183400E+03  -0.366801E+03
   0.402689E+02  -0.132881E+00   0.369138E+01   0.709031E+01   0.760888E+01   0.352167E+02   0.113641E+02   0.224916E+02  -0.977087E+01  -0.134845E+02  -0.373800E+01   0.768266E+01   0.437076E+02   0.435911E+02   0.160262E+00   0.775511E-02   0.490897E-03   0.196492E-02   0.238902E-01   0.199790E+03   0.150106E+02   0.000000E+00   0.184779E+03  -0.369559E+03
   0.402689E+02  -0.132881E+00   0.369138E+01   0.709031E+01   0.760888E+01   0.352167E+02   0.102556E+02   0.227121E+02  -0.977087E+01  -0.134394E+02  -0.417705E+01   0.770038E+01   0.437076E+02   0.435911E+02   0.157869E+00   0.819303E-02   0.189753E-02   0.196492E-02   0.228675E-01   0.200751E+03   0.149284E+02   0.000000E+00   0.185823E+03  -0.371645E+03
   0.402689E+02  -0.132881E+00   0.369138E+01   0.709031E+01   0.760888E+01   0.352167E+02   0.102556E+02   0.227121E+02  -0.977087E+01  -0.134394E+02  -0.417705E+01   0.770038E+01   0.437076E+02   0.435911E+02   0.157869E+00   0.606630E-02   0.272114E-02   0.123603E-02   0.247594E-01   0.200765E+03   0.149424E+02   0.000000E+00   0.185823E+03  -0.371645E+03
   0.402689E+02  -0.730857E+00   0.369138E+01   0.709031E+01   0.760888E+01   0.352167E+02   0.102556E+02   0.227121E+02  -0.977087E+01  -0.134394E+02  -0.417705E+01   0.740937E+01   0.437076E+02   0.435911E+02   0.156386E+00   0.606630E-02   0.133586E-02   0.924844E-03   0.253511E-01   0.200411E+03   0.150529E+02   0.000000E+00   0.185358E+03  -0.370716E+03
   0.402689E+02  -0.730857E+00   0.391059E+01   0.709031E+01   0.760888E+01   0.352167E+02   0.102556E+02   0.227269E+02  -0.977087E+01  -0.134394E+02  -0.417705E+01   0.787621E+01   0.437076E+02   0.435911E+02   0.156386E+00   0.345987E-02   0.259318E-03   0.315076E-03   0.248984E-01   0.199617E+03   0.155274E+02   0.000000E+00   0.184090E+03  -0.368179E+03
   0.402689E+02  -0.730857E+00   0.391059E+01   0.709031E+01   0.549753E+01   0.352167E+02   0.102556E+02   0.225728E+02  -0.977087E+01  -0.134394E+02  -0.417705E+01   0.787621E+01   0.437076E+02   0.435911E+02   0.156386E+00   0.577153E-02   0.259318E-03   0.315076E-03   0.205708E-01   0.199484E+03   0.157290E+02   0.000000E+00   0.183755E+03  -0.367510E+03
   0.402689E+02  -0.730857E+00   0.391059E+01   0.455465E+01   0.493679E+01   0.352167E+02   0.102556E+02   0.225728E+02  -0.977087E+01  -0.134394E+02  -0.417705E+01   0.787621E+01   0.437076E+02   0.435911E+02   0.156386E+00   0.416467E-02   0.259318E-03   0.514543E-02   0.181106E-01   0.197708E+03   0.156527E+02   0.000000E+00   0.182055E+03  -0.364111E+03
   0.402689E+02  -0.730857E+00   0.391059E+01   0.455465E+01   0.557685E+01   0.352167E+02   0.103315E+02   0.225728E+02  -0.977087E+01  -0.134394E+02  -0.417705E+01   0.787621E+01   0.437076E+02   0.435911E+02   0.156646E+00   0.125078E-01   0.259318E-03   0.514543E-02   0.126948E-01   0.198096E+03   0.153599E+02   0.000000E+00   0.182736E+03  -0.365472E+03
   0.402689E+02  -0.730857E+00   0.406719E+01   0.455465E+01   0.557685E+01   0.352167E+02   0.115243E+02   0.225728E+02  -0.977087E+01  -0.134394E+02  -0.417705E+01   0.787621E+01   0.437076E+02   0.435911E+02   0.156752E+00   0.637791E-02   0.564512E-04   0.367818E-02   0.667166E-02   0.198511E+03   0.167423E+02   0.000000E+00   0.181769E+03  -0.363537E+03
   0.402689E+02  -0.730857E+00   0.406719E+01   0.759340E+01   0.557685E+01   0.352167E+02   0.102390E+02   0.225728E+02  -0.977087E+01  -0.134394E+02  -0.417705E+01   0.787621E+01   0.437076E+02   0.435911E+02   0.156752E+00   0.637791E-02   0.530641E-02   0.367818E-02   0.307715E-02   0.199720E+03   0.165767E+02   0.000000E+00   0.183143E+03  -0.366287E+03
   0.402689E+02  -0.730857E+00   0.406719E+01   0.494142E+01   0.557685E+01   0.352167E+02   0.102390E+02   0.225728E+02  -0.977087E+01  -0.134394E+02  -0.417705E+01   0.790475E+01   0.437076E+02   0.435911E+02   0.157667E+00   0.619247E-02   0.126003E-01   0.247087E-02   0.307715E-02   0.198712E+03   0.159866E+02   0.000000E+00   0.182725E+03  -0.365451E+03
   0.402689E+02  -0.730857E+00   0.406719E+01   0.703498E+01   0.634836E+01   0.361452E+02   0.102390E+02   0.225728E+02  -0.977087E+01  -0.134394E+02  -0.417705E+01   0.790475E+01   0.437076E+02   0.435911E+02   0.157667E+00   0.510450E-02   0.730477E-02   0.550489E-02   0.143159E-02   0.202961E+03   0.164861E+02   0.000000E+00   0.186475E+03  -0.372950E+03
   0.402689E+02  -0.730857E+00   0.406719E+01   0.703498E+01   0.774777E+01   0.361452E+02   0.968528E+01   0.225728E+02  -0.977087E+01  -0.134394E+02  -0.417705E+01   0.790475E+01   0.437076E+02   0.435911E+02   0.157878E+00   0.510450E-02   0.974685E-02   0.550489E-02   0.338762E-02   0.202982E+03   0.160463E+02   0.000000E+00   0.186936E+03  -0.373871E+03
   0.402689E+02  -0.730857E+00   0.406719E+01   0.703498E+01   0.774777E+01   0.361452E+02   0.968528E+01   0.225728E+02  -0.977087E+01  -0.134394E+02  -0.417705E+01   0.790475E+01   0.437076E+02   0.435911E+02   0.157878E+00   0.510450E-02   0.974685E-02   0.188905E-02   0.338762E-02   0.203344E+03   0.164079E+02   0.000000E+00   0.186936E+03  -0.373872E+03
   0.402689E+02  -0.730857E+00   0.406719E+01   0.703498E+01   0.774777E+01   0.361452E+02   0.622221E+01   0.225728E+02  -0.977087E+01  -0.134394E+02  -0.417705E+01   0.790475E+01   0.437076E+02   0.435911E+02   0.152822E+00   0.540188E-02   0.115669E-01   0.435795E-02   0.521819E-02   0.199283E+03   0.157662E+02   0.000000E+00   0.183517E+03  -0.367034E+03
   0.402689E+02  -0.730857E+00   0.406719E+01   0.703498E+01   0.686538E+01   0.365388E+02   0.622221E+01   0.225728E+02  -0.977087E+01  -0.134394E+02  -0.417705E+01   0.790475E+01   0.437076E+02   0.435911E+02   0.152033E+00   0.120550E-01   0.115669E-01   0.277747E-02   0.540824E-02   0.199127E+03   0.152399E+02   0.000000E+00   0.183887E+03  -0.367774E+03
   0.402689E+02   0.786818E+00   0.406719E+01   0.703498E+01   0.686538E+01   0.381330E+02   0.866943E+01   0.227766E+02  -0.977087E+01  -0.134394E+02  -0.417705E+01   0.790475E+01   0.437076E+02   0.435911E+02   0.153047E+00   0.134009E-01   0.233503E-01   0.277747E-02   0.540824E-02   0.199736E+03   0.139270E+02   0.000000E+00   0.185809E+03  -0.371618E+03
   0.402689E+02   0.786818E+00   0.406719E+01   0.707423E+01   0.759341E+01   0.381330E+02   0.866943E+01   0.227766E+02  -0.977087E+01  -0.134394E+02  -0.417705E+01   0.790475E+01   0.437076E+02   0.435911E+02   0.151494E+00   0.166664E-01   0.233503E-01   0.277747E-02   0.331467E-02   0.199466E+03   0.138098E+02   0.000000E+00   0.185656E+03  -0.371312E+03
   0.402689E+02   0.786818E+00   0.406719E+01   0.707423E+01   0.642283E+01   0.381330E+02   0.986834E+01   0.227766E+02  -0.977087E+01  -0.134394E+02  -0.417705E+01   0.776814E+01   0.437076E+02   0.435911E+02   0.151494E+00   0.848844E-02   0.304177E-01   0.320125E-02   0.331467E-02   0.199854E+03   0.138785E+02   0.000000E+00   0.185976E+03  -0.371951E+03
   0.402796E+02   0.786818E+00   0.406719E+01   0.760059E+01   0.642283E+01   0.363798E+02   0.986834E+01   0.227766E+02  -0.977087E+01  -0.136340E+02  -0.417705E+01   0.776814E+01   0.437076E+02   0.435911E+02   0.155899E+00   0.848844E-02   0.269566E-01   0.713063E-02   0.143524E-01   0.202314E+03   0.127279E+02   0.000000E+00   0.189586E+03  -0.379172E+03
   0.402796E+02   0.786818E+00   0.406719E+01   0.760059E+01   0.642283E+01   0.363798E+02   0.986834E+01   0.227766E+02  -0.977087E+01  -0.136340E+02  -0.415834E+01   0.774693E+01   0.437076E+02   0.435911E+02   0.155899E+00   0.827867E-02   0.250435E-01   0.713063E-02   0.817720E-02   0.203120E+03   0.135577E+02   0.000000E+00   0.189562E+03  -0.379125E+03
   0.402796E+02   0.786818E+00   0.406719E+01   0.760059E+01   0.642283E+01   0.363798E+02   0.986834E+01   0.227766E+02  -0.977087E+01  -0.136340E+02  -0.415834E+01   0.747294E+01   0.437076E+02   0.435911E+02   0.154499E+00   0.690511E-02   0.307240E-01   0.608064E-02   0.119968E-01   0.202646E+03   0.128500E+02   0.000000E+00   0.189796E+03  -0.379592E+03
   0.402796E+02   0.786818E+00   0.384765E+01   0.760059E+01   0.642283E+01   0.363798E+02   0.107922E+02   0.227766E+02  -0.977087E+01  -0.136340E+02  -0.415834E+01   0.747294E+01   0.437076E+02   0.435911E+02   0.159003E+00   0.337718E-02   0.272708E-01   0.281149E-02   0.107718E-01   0.203248E+03   0.139976E+02   0.000000E+00   0.189250E+03  -0.378501E+03
   0.402796E+02   0.155068E+01   0.384765E+01   0.649847E+01   0.642283E+01   0.360611E+02   0.107922E+02   0.227766E+02  -0.977087E+01  -0.136340E+02  -0.415834E+01   0.747294E+01   0.437076E+02   0.435911E+02   0.153065E+00   0.108903E-01   0.289186E-01   0.770576E-02   0.198262E-01   0.198093E+03   0.116866E+02   0.000000E+00   0.186406E+03  -0.372813E+03
   0.404105E+02   0.155068E+01   0.449013E+01   0.649847E+01   0.539203E+01   0.360611E+02   0.107922E+02   0.227766E+02  -0.977087E+01  -0.136340E+02  -0.415834E+01   0.747294E+01   0.437076E+02   0.435911E+02   0.154599E+00   0.108903E-01   0.312166E-01   0.770576E-02   0.198262E-01   0.197093E+03   0.114568E+02   0.000000E+00   0.185636E+03  -0.371272E+03
   0.404105E+02   0.131428E+01   0.200670E+01   0.649847E+01   0.539203E+01   0.360611E+02   0.945213E+01   0.227766E+02  -0.977087E+01  -0.136340E+02  -0.415834E+01   0.747294E+01   0.437076E+02   0.435911E+02   0.154599E+00   0.102710E-01   0.431485E-01   0.172555E-01   0.198262E-01   0.193406E+03   0.937056E+01   0.000000E+00   0.184035E+03  -0.368071E+03
   0.404105E+02   0.131428E+01   0.200670E+01   0.649847E+01   0.539203E+01   0.360611E+02   0.112739E+02   0.227766E+02  -0.977087E+01  -0.136340E+02  -0.415834E+01   0.747294E+01   0.437076E+02   0.435911E+02   0.154599E+00   0.795386E-02   0.500145E-01   0.172555E-01   0.198262E-01   0.193553E+03   0.891567E+01   0.000000E+00   0.184637E+03  -0.369275E+03
   0.400547E+02   0.146456E+00   0.200670E+01   0.649847E+01   0.539203E+01   0.360611E+02   0.112739E+02   0.227766E+02  -0.977087E+01  -0.136340E+02  -0.415834E+01   0.747294E+01   0.437076E+02   0.435911E+02   0.159424E+00   0.131171E-01   0.459456E-01   0.166177E-01   0.166122E-01   0.196727E+03   0.919142E+01   0.000000E+00   0.187536E+03  -0.375071E+03
   0.400547E+02   0.146456E+00   0.200670E+01   0.865309E+01   0.539203E+01   0.360611E+02   0.112739E+02   0.227766E+02  -0.977087E+01  -0.136340E+02  -0.415834E+01   0.747294E+01   0.437076E+02   0.435911E+02   0.158006E+00   0.131171E-01   0.434370E-01   0.102352E-01   0.177313E-01   0.196884E+03   0.996862E+01   0.000000E+00   0.186915E+03  -0.373831E+03
   0.400547E+02   0.146456E+00   0.200670E+01   0.504846E+01   0.539203E+01   0.360611E+02   0.106666E+02   0.227766E+02  -0.977087E+01  -0.136340E+02  -0.415834E+01   0.747294E+01   0.437076E+02   0.435911E+02   0.152345E+00   0.131171E-01   0.460621E-01   0.102352E-01   0.147239E-01   0.196740E+03   0.100069E+02   0.000000E+00   0.186733E+03  -0.373466E+03
   0.400547E+02   0.195728E-01   0.200670E+01   0.504846E+01   0.497582E+01   0.360611E+02   0.852440E+01   0.227766E+02  -0.977087E+01  -0.136340E+02  -0.415834E+01   0.747294E+01   0.437076E+02   0.435911E+02   0.152345E+00   0.932008E-02   0.361836E-01   0.102352E-01   0.117209E-01   0.197414E+03   0.116747E+02   0.000000E+00   0.185739E+03  -0.371479E+03
   0.405374E+02   0.195728E-01   0.200670E+01   0.505890E+01   0.732122E+01   0.369714E+02   0.852440E+01   0.227766E+02  -0.977087E+01  -0.136340E+02  -0.415834E+01   0.747294E+01   0.437076E+02   0.435911E+02   0.158853E+00   0.172450E-02   0.288217E-01   0.102352E-01   0.106639E-01   0.197719E+03   0.132762E+02   0.000000E+00   0.184443E+03  -0.368886E+03
   0.405374E+02   0.195728E-01   0.132858E+01   0.505890E+01   0.732122E+01   0.372379E+02   0.852440E+01   0.227766E+02  -0.977087E+01  -0.136340E+02  -0.415834E+01   0.747294E+01   0.437076E+02   0.435911E+02   0.158504E+00   0.706121E-02   0.321236E-01   0.761483E-02   0.650195E-02   0.195439E+03   0.130905E+02   0.000000E+00   0.182348E+03  -0.364697E+03
   0.405374E+02   0.195728E-01   0.132858E+01   0.761265E+01   0.710964E+01   0.372379E+02   0.852440E+01   0.227813E+02  -0.977087E+01  -0.136340E+02  -0.415834E+01   0.747294E+01   0.437076E+02   0.435911E+02   0.157088E+00   0.533106E-02   0.321236E-01   0.903871E-02   0.272335E-02   0.198214E+03   0.134990E+02   0.000000E+00   0.184715E+03  -0.369430E+03
   0.400768E+02   0.195728E-01   0.314854E+01   0.610495E+01   0.710964E+01   0.370719E+02   0.946553E+01   0.227813E+02  -0.977087E+01  -0.134341E+02  -0.415834E+01   0.741373E+01   0.437076E+02   0.435911E+02   0.157088E+00   0.149109E-02   0.338715E-01   0.236123E-01   0.272335E-02   0.200230E+03   0.122509E+02   0.000000E+00   0.187979E+03  -0.375958E+03
   0.404105E+02   0.195728E-01   0.565032E+01   0.610495E+01   0.941808E+01   0.370719E+02   0.946553E+01   0.227813E+02  -0.977087E+01  -0.134341E+02  -0.415834E+01   0.741373E+01   0.437076E+02   0.435911E+02   0.156328E+00   0.149109E-02   0.269766E-01   0.236123E-01   0.801421E-02   0.197328E+03   0.124113E+02   0.000000E+00   0.184917E+03  -0.369833E+03
   0.403552E+02   0.195728E-01   0.565032E+01   0.610495E+01   0.941808E+01   0.370719E+02   0.946553E+01   0.227813E+02  -0.977087E+01  -0.135254E+02  -0.415834E+01   0.741373E+01   0.437076E+02   0.435911E+02   0.156624E+00   0.149109E-02   0.269766E-01   0.306169E-01   0.159124E-01   0.196087E+03   0.109210E+02   0.000000E+00   0.185166E+03  -0.370332E+03
   0.403552E+02  -0.656363E-01   0.329208E+01   0.625230E+01   0.664875E+01   0.370719E+02   0.946553E+01   0.227813E+02  -0.977087E+01  -0.135254E+02  -0.415834E+01   0.741373E+01   0.437076E+02   0.435911E+02   0.154889E+00   0.937258E-02   0.191590E-01   0.234097E-01   0.143589E-01   0.200809E+03   0.117907E+02   0.000000E+00   0.189018E+03  -0.378037E+03
   0.403552E+02  -0.656363E-01   0.295028E+01   0.625230E+01   0.664875E+01   0.370719E+02   0.946553E+01   0.227813E+02  -0.977087E+01  -0.135254E+02  -0.415834E+01   0.741373E+01   0.437076E+02   0.435911E+02   0.156079E+00   0.107654E-01   0.544026E-02   0.244650E-01   0.140620E-01   0.201722E+03   0.129474E+02   0.000000E+00   0.188775E+03  -0.377549E+03
   0.403552E+02  -0.656363E-01   0.295028E+01   0.625230E+01   0.664875E+01   0.370719E+02   0.946553E+01   0.227813E+02  -0.977087E+01  -0.135254E+02  -0.415834E+01   0.741373E+01   0.437076E+02   0.435911E+02   0.156079E+00   0.107654E-01   0.544026E-02   0.120819E-01   0.102791E-01   0.203338E+03   0.145640E+02   0.000000E+00   0.188774E+03  -0.377548E+03
   0.403552E+02  -0.656363E-01   0.295028E+01   0.625230E+01   0.664875E+01   0.370719E+02   0.946553E+01   0.227813E+02  -0.977087E+01  -0.135254E+02  -0.415834E+01   0.741373E+01   0.437076E+02   0.435911E+02   0.149481E+00   0.831718E-02   0.544026E-02   0.652638E-02   0.804720E-02   0.204431E+03   0.155876E+02   0.000000E+00   0.188843E+03  -0.377687E+03
   0.403552E+02  -0.656363E-01   0.383030E+01   0.625230E+01   0.664875E+01   0.370719E+02   0.946553E+01   0.227813E+02  -0.977087E+01  -0.135254E+02  -0.415834E+01   0.741373E+01   0.437076E+02   0.435911E+02   0.154588E+00   0.831718E-02   0.702136E-02   0.652638E-02   0.790380E-02   0.204304E+03   0.154438E+02   0.000000E+00   0.188860E+03  -0.377720E+03
   0.406176E+02  -0.656363E-01   0.383030E+01   0.625230E+01   0.664875E+01   0.370719E+02   0.111238E+02   0.227813E+02  -0.977087E+01  -0.135254E+02  -0.415834E+01   0.741373E+01   0.437076E+02   0.435911E+02   0.154678E+00   0.831718E-02   0.702136E-02   0.919380E-02   0.119571E-01   0.202272E+03   0.147717E+02   0.000000E+00   0.187500E+03  -0.375001E+03
   0.406176E+02  -0.656363E-01   0.383030E+01   0.625230E+01   0.664875E+01   0.370719E+02   0.111238E+02   0.227813E+02  -0.977087E+01  -0.135254E+02  -0.415834E+01   0.741373E+01   0.437076E+02   0.435911E+02   0.154678E+00   0.831718E-02   0.622587E-02   0.443978E-02   0.126372E-01   0.202759E+03   0.152587E+02   0.000000E+00   0.187500E+03  -0.375001E+03
   0.406176E+02  -0.656363E-01   0.365789E+01   0.625230E+01   0.664875E+01   0.375302E+02   0.765011E+01   0.227813E+02  -0.977087E+01  -0.134284E+02  -0.415834E+01   0.741373E+01   0.437076E+02   0.435911E+02   0.154678E+00   0.831718E-02   0.129634E-01   0.443978E-02   0.551115E-02   0.201852E+03   0.152975E+02   0.000000E+00   0.186554E+03  -0.373109E+03
   0.406933E+02  -0.656363E-01   0.365789E+01   0.635694E+01   0.664875E+01   0.375302E+02   0.765011E+01   0.227813E+02  -0.977087E+01  -0.134284E+02  -0.414185E+01   0.741373E+01   0.437076E+02   0.435911E+02   0.154678E+00   0.112230E-01   0.191652E-01   0.779390E-02   0.551115E-02   0.200213E+03   0.140514E+02   0.000000E+00   0.186162E+03  -0.372323E+03
   0.406933E+02  -0.656363E-01   0.299904E+01   0.635694E+01   0.664875E+01   0.375302E+02   0.978195E+01   0.227813E+02  -0.977087E+01  -0.134284E+02  -0.414185E+01   0.741373E+01   0.437076E+02   0.435911E+02   0.159892E+00   0.112230E-01   0.145240E-01   0.120203E-02   0.551115E-02   0.200957E+03   0.151747E+02   0.000000E+00   0.185782E+03  -0.371565E+03
   0.406933E+02  -0.656363E-01   0.299904E+01   0.946176E+01   0.664875E+01   0.375302E+02   0.111314E+02   0.227813E+02  -0.977087E+01  -0.134284E+02  -0.414185E+01   0.741373E+01   0.437076E+02   0.435911E+02   0.159892E+00   0.112230E-01   0.184701E-01   0.716799E-03   0.551115E-02   0.199671E+03   0.148286E+02   0.000000E+00   0.184842E+03  -0.369685E+03
   0.406933E+02  -0.656363E-01   0.299904E+01   0.563820E+01   0.664875E+01   0.375302E+02   0.866818E+01   0.228790E+02  -0.977087E+01  -0.134284E+02  -0.414185E+01   0.741373E+01   0.437076E+02   0.435911E+02   0.160850E+00   0.227951E-01   0.184701E-01   0.716799E-03   0.551115E-02   0.197716E+03   0.136714E+02   0.000000E+00   0.184045E+03  -0.368089E+03
   0.406933E+02  -0.656363E-01   0.299904E+01   0.563820E+01   0.664875E+01   0.375302E+02   0.866818E+01   0.228790E+02  -0.977087E+01  -0.134284E+02  -0.414185E+01   0.747119E+01   0.437076E+02   0.435911E+02   0.164647E+00   0.202508E-01   0.184701E-01   0.716799E-03   0.394323E-02   0.197066E+03   0.140826E+02   0.000000E+00   0.182983E+03  -0.365967E+03
   0.406933E+02  -0.656363E-01   0.397316E+01   0.563820E+01   0.783861E+01   0.375302E+02   0.866818E+01   0.228790E+02  -0.977087E+01  -0.134284E+02  -0.414185E+01   0.747119E+01   0.437076E+02   0.435911E+02   0.164647E+00   0.315408E-02   0.151735E-01   0.716799E-03   0.394323E-02   0.199362E+03   0.161219E+02   0.000000E+00   0.183240E+03  -0.366480E+03
   0.406933E+02  -0.656363E-01   0.397316E+01   0.563820E+01   0.783861E+01   0.375302E+02   0.866818E+01   0.227412E+02  -0.977087E+01  -0.134284E+02  -0.414185E+01   0.747119E+01   0.437076E+02   0.435911E+02   0.161526E+00   0.315408E-02   0.134568E-01   0.716799E-03   0.394323E-02   0.201278E+03   0.162936E+02   0.000000E+00   0.184984E+03  -0.369969E+03
   0.404817E+02  -0.656363E-01   0.397316E+01   0.563820E+01   0.783861E+01   0.375302E+02   0.866818E+01   0.227412E+02  -0.977087E+01  -0.134284E+02  -0.414185E+01   0.747119E+01   0.437076E+02   0.435911E+02   0.161526E+00   0.315408E-02   0.177567E-01   0.172117E-02   0.658316E-03   0.201739E+03   0.160917E+02   0.000000E+00   0.185647E+03  -0.371295E+03
   0.402442E+02   0.377487E+00   0.397316E+01   0.563820E+01   0.783861E+01   0.375302E+02   0.866818E+01   0.226970E+02  -0.977087E+01  -0.134284E+02  -0.414185E+01   0.747119E+01   0.437076E+02   0.435911E+02   0.161526E+00   0.315408E-02   0.156345E-01   0.409950E-02   0.658316E-03   0.201711E+03   0.160660E+02   0.000000E+00   0.185645E+03  -0.371290E+03
   0.402442E+02   0.411863E+00   0.397316E+01   0.596326E+01   0.783861E+01   0.374352E+02   0.965054E+01   0.226970E+02  -0.977087E+01  -0.134866E+02  -0.377984E+01   0.747119E+01   0.437076E+02   0.435911E+02   0.153593E+00   0.315408E-02   0.882332E-02   0.173483E-02   0.658316E-03   0.203190E+03   0.169836E+02   0.000000E+00   0.186206E+03  -0.372413E+03
   0.402442E+02   0.411863E+00   0.397316E+01   0.596326E+01   0.530369E+01   0.374352E+02   0.965054E+01   0.226970E+02  -0.977087E+01  -0.134866E+02  -0.377984E+01   0.747119E+01   0.437076E+02   0.435911E+02   0.157992E+00   0.315408E-02   0.882332E-02   0.316587E-02   0.658316E-03   0.202431E+03   0.168405E+02   0.000000E+00   0.185590E+03  -0.371181E+03
   0.402442E+02   0.411863E+00   0.397316E+01   0.789881E+01   0.530369E+01   0.374352E+02   0.965054E+01   0.226970E+02  -0.977087E+01  -0.134866E+02  -0.357559E+01   0.747119E+01   0.437076E+02   0.435911E+02   0.157992E+00   0.315408E-02   0.637574E-02   0.316587E-02   0.127201E-02   0.202683E+03   0.170239E+02   0.000000E+00   0.185659E+03  -0.371318E+03
   0.402442E+02   0.109363E+01   0.397316E+01   0.789881E+01   0.530369E+01   0.374352E+02   0.965054E+01   0.226371E+02  -0.969528E+01  -0.134866E+02  -0.409631E+01   0.747119E+01   0.437076E+02   0.435938E+02   0.157992E+00   0.315408E-02   0.650118E-02   0.140111E-01   0.127201E-02   0.211177E+03   0.159268E+02   0.000000E+00   0.195250E+03  -0.390500E+03
   0.404162E+02   0.109363E+01   0.349230E+01   0.789881E+01   0.530369E+01   0.374352E+02   0.965054E+01   0.224306E+02  -0.969528E+01  -0.134866E+02  -0.409631E+01   0.747119E+01   0.437076E+02   0.435938E+02   0.157992E+00   0.315408E-02   0.650118E-02   0.140111E-01   0.127201E-02   0.212540E+03   0.159268E+02   0.000000E+00   0.196613E+03  -0.393226E+03
   0.404162E+02   0.109363E+01   0.349230E+01   0.789881E+01   0.753371E+01   0.374352E+02   0.965054E+01   0.225107E+02  -0.969528E+01  -0.134866E+02  -0.409631E+01   0.747119E+01   0.437076E+02   0.435938E+02   0.158962E+00   0.315408E-02   0.650118E-02   0.977039E-02   0.127201E-02   0.213140E+03   0.163509E+02   0.000000E+00   0.196789E+03  -0.393578E+03
   0.405893E+02   0.159078E+00   0.349230E+01   0.789881E+01   0.753371E+01   0.365823E+02   0.965054E+01   0.225632E+02  -0.969528E+01  -0.134866E+02  -0.409631E+01   0.747119E+01   0.437076E+02   0.435938E+02   0.157386E+00   0.211817E-01   0.125416E-01   0.135767E-01   0.623175E-02   0.210192E+03   0.130675E+02   0.000000E+00   0.197124E+03  -0.394249E+03
   0.405893E+02   0.897081E+00   0.314556E+01   0.797541E+01   0.721337E+01   0.365823E+02   0.965054E+01   0.225632E+02  -0.969528E+01  -0.134866E+02  -0.352216E+01   0.747119E+01   0.437076E+02   0.435938E+02   0.151479E+00   0.204064E-01   0.162206E-01   0.205716E-01   0.623175E-02   0.207275E+03   0.120776E+02   0.000000E+00   0.195197E+03  -0.390395E+03
   0.405893E+02   0.897081E+00   0.488858E+01   0.797541E+01   0.762627E+01   0.365823E+02   0.825528E+01   0.225632E+02  -0.969528E+01  -0.134866E+02  -0.348583E+01   0.747119E+01   0.437076E+02   0.435938E+02   0.151479E+00   0.210194E-01   0.195936E-01   0.189732E-01   0.605055E-02   0.206688E+03   0.118570E+02   0.000000E+00   0.194831E+03  -0.389662E+03
   0.408148E+02   0.897081E+00   0.488858E+01   0.797541E+01   0.762627E+01   0.365823E+02   0.120567E+02   0.225632E+02  -0.969528E+01  -0.134866E+02  -0.339623E+01   0.734365E+01   0.437076E+02   0.435938E+02   0.151479E+00   0.131910E-01   0.215262E-01   0.189732E-01   0.605055E-02   0.206088E+03   0.124466E+02   0.000000E+00   0.193641E+03  -0.387283E+03
   0.408148E+02   0.897081E+00   0.488858E+01   0.797541E+01   0.556213E+01   0.365823E+02   0.120567E+02   0.225089E+02  -0.918389E+01  -0.142429E+02  -0.374964E+01   0.734365E+01   0.437076E+02   0.435938E+02   0.151479E+00   0.114680E-01   0.224337E-01   0.189732E-01   0.605055E-02   0.206751E+03   0.125281E+02   0.000000E+00   0.194223E+03  -0.388446E+03
   0.404820E+02   0.897081E+00   0.226179E+01   0.797541E+01   0.556213E+01   0.365823E+02   0.120567E+02   0.224065E+02  -0.918389E+01  -0.142429E+02  -0.374964E+01   0.734365E+01   0.437076E+02   0.435938E+02   0.151479E+00   0.114680E-01   0.224337E-01   0.174884E-01   0.192932E-02   0.209468E+03   0.130887E+02   0.000000E+00   0.196379E+03  -0.392759E+03
   0.404820E+02   0.897081E+00   0.216150E+01   0.714370E+01   0.483767E+01   0.365823E+02   0.120567E+02   0.224065E+02  -0.918389E+01  -0.142714E+02  -0.374964E+01   0.734365E+01   0.437076E+02   0.435938E+02   0.149187E+00   0.663276E-02   0.182684E-01   0.174884E-01   0.192932E-02   0.209980E+03   0.139888E+02   0.000000E+00   0.195991E+03  -0.391982E+03
   0.402275E+02   0.897081E+00   0.216150E+01   0.714370E+01   0.483767E+01   0.365823E+02   0.101417E+02   0.224065E+02  -0.918389E+01  -0.142714E+02  -0.374964E+01   0.734365E+01   0.437076E+02   0.435938E+02   0.149187E+00   0.111127E-01   0.182684E-01   0.198143E-01   0.192932E-02   0.210307E+03   0.133082E+02   0.000000E+00   0.196999E+03  -0.393998E+03
   0.402275E+02   0.897081E+00   0.216150E+01   0.714370E+01   0.483767E+01   0.365823E+02   0.101313E+02   0.224065E+02  -0.918389E+01  -0.142714E+02  -0.374964E+01   0.734365E+01   0.437076E+02   0.435938E+02   0.152177E+00   0.111127E-01   0.182684E-01   0.178994E-01   0.192932E-02   0.210364E+03   0.134997E+02   0.000000E+00   0.196864E+03  -0.393729E+03
   0.402666E+02   0.897081E+00   0.216150E+01   0.714370E+01   0.483767E+01   0.365823E+02   0.101313E+02   0.224065E+02  -0.918389E+01  -0.142714E+02  -0.374964E+01   0.734365E+01   0.437076E+02   0.435938E+02   0.146895E+00   0.514174E-02   0.158378E-01   0.174705E-01   0.168150E-02   0.211215E+03   0.144075E+02   0.000000E+00   0.196807E+03  -0.393615E+03
   0.402666E+02   0.897081E+00   0.216150E+01   0.923161E+01   0.483767E+01   0.365823E+02   0.101313E+02   0.226497E+02  -0.907880E+01  -0.142714E+02  -0.374964E+01   0.734365E+01   0.437076E+02   0.435938E+02   0.156797E+00   0.320759E-02   0.158378E-01   0.118944E-01   0.168150E-02   0.208005E+03   0.151586E+02   0.000000E+00   0.192846E+03  -0.385693E+03
   0.402666E+02   0.897081E+00   0.216150E+01   0.673011E+01   0.483767E+01   0.371368E+02   0.101313E+02   0.225341E+02  -0.907880E+01  -0.142714E+02  -0.374964E+01   0.752786E+01   0.437076E+02   0.435938E+02   0.155113E+00   0.217161E-02   0.158378E-01   0.118944E-01   0.105143E-01   0.208425E+03   0.143789E+02   0.000000E+00   0.194046E+03  -0.388092E+03
   0.402666E+02   0.897081E+00   0.216150E+01   0.673011E+01   0.483767E+01   0.371368E+02   0.101313E+02   0.225341E+02  -0.943129E+01  -0.142714E+02  -0.374964E+01   0.752786E+01   0.437076E+02   0.435938E+02   0.155113E+00   0.217161E-02   0.163485E-01   0.380834E-02   0.213006E-03   0.212373E+03   0.161665E+02   0.000000E+00   0.196206E+03  -0.392413E+03
   0.396308E+02   0.897081E+00   0.216150E+01   0.673011E+01   0.483767E+01   0.371368E+02   0.101313E+02   0.226175E+02  -0.939490E+01  -0.142714E+02  -0.374964E+01   0.752786E+01   0.437076E+02   0.435938E+02   0.154060E+00   0.217161E-02   0.174177E-01   0.380834E-02   0.213006E-03   0.210374E+03   0.160596E+02   0.000000E+00   0.194314E+03  -0.388629E+03
   0.396308E+02  -0.317594E+00   0.216150E+01   0.755033E+01   0.483767E+01   0.371368E+02   0.109480E+02   0.228972E+02  -0.939490E+01  -0.142714E+02  -0.474184E+01   0.752786E+01   0.437076E+02   0.435938E+02   0.154060E+00   0.155947E-02   0.159438E-01   0.380834E-02   0.213006E-03   0.213458E+03   0.162682E+02   0.000000E+00   0.197190E+03  -0.394380E+03
   0.396308E+02  -0.317594E+00   0.216150E+01   0.755033E+01   0.483767E+01   0.373006E+02   0.111250E+02   0.228972E+02  -0.939490E+01  -0.142714E+02  -0.424675E+01   0.752786E+01   0.437076E+02   0.435938E+02   0.153100E+00   0.155947E-02   0.159438E-01   0.209802E-03   0.213006E-03   0.211911E+03   0.166281E+02   0.000000E+00   0.195283E+03  -0.390566E+03
   0.396308E+02   0.847752E+00   0.216150E+01   0.755033E+01   0.483767E+01   0.373006E+02   0.107811E+02   0.228972E+02  -0.939490E+01  -0.142714E+02  -0.424675E+01   0.752786E+01   0.437076E+02   0.435938E+02   0.153100E+00   0.155947E-02   0.890230E-02   0.158336E-01   0.387586E-03   0.210141E+03   0.157524E+02   0.000000E+00   0.194389E+03  -0.388777E+03
   0.409377E+02   0.847752E+00   0.216150E+01   0.755033E+01   0.483767E+01   0.373006E+02   0.107811E+02   0.228972E+02  -0.939490E+01  -0.142714E+02  -0.424675E+01   0.752786E+01   0.437076E+02   0.435938E+02   0.153100E+00   0.155947E-02   0.156033E-01   0.158336E-01   0.387586E-03   0.207788E+03   0.150823E+02   0.000000E+00   0.192706E+03  -0.385411E+03
   0.409377E+02   0.847752E+00   0.216150E+01   0.755033E+01   0.483767E+01   0.359128E+02   0.107811E+02   0.228972E+02  -0.939490E+01  -0.142714E+02  -0.424675E+01   0.752786E+01   0.437076E+02   0.435938E+02   0.157836E+00   0.155947E-02   0.847518E-02   0.878053E-02   0.387586E-03   0.207440E+03   0.165004E+02   0.000000E+00   0.190940E+03  -0.381879E+03
   0.409377E+02   0.847752E+00   0.216150E+01   0.755033E+01   0.483767E+01   0.359128E+02   0.107811E+02   0.228972E+02  -0.939490E+01  -0.142714E+02  -0.424675E+01   0.752786E+01   0.437076E+02   0.435938E+02   0.149768E+00   0.155947E-02   0.717669E-02   0.157796E-02   0.387586E-03   0.208904E+03   0.173505E+02   0.000000E+00   0.191553E+03  -0.383107E+03
   0.398842E+02   0.847752E+00   0.216150E+01   0.655316E+01   0.483767E+01   0.359128E+02   0.107811E+02   0.228972E+02  -0.939490E+01  -0.142714E+02  -0.424675E+01   0.801643E+01   0.437076E+02   0.435938E+02   0.153240E+00   0.155947E-02   0.717669E-02   0.157796E-02   0.170321E-01   0.209119E+03   0.156861E+02   0.000000E+00   0.193433E+03  -0.386866E+03
   0.398842E+02   0.847752E+00   0.216150E+01   0.655316E+01   0.349504E+01   0.376391E+02   0.107811E+02   0.225835E+02  -0.939490E+01  -0.142714E+02  -0.424675E+01   0.801643E+01   0.437076E+02   0.435938E+02   0.148749E+00   0.155947E-02   0.208084E-01   0.157796E-02   0.116133E-01   0.208894E+03   0.148648E+02   0.000000E+00   0.194029E+03  -0.388058E+03
   0.398842E+02   0.847752E+00   0.156121E+01   0.709898E+01   0.327920E+01   0.376391E+02   0.107811E+02   0.229670E+02  -0.939490E+01  -0.133570E+02  -0.424675E+01   0.801643E+01   0.437076E+02   0.435938E+02   0.147635E+00   0.155947E-02   0.201903E-01   0.157796E-02   0.505952E-02   0.206414E+03   0.155820E+02   0.000000E+00   0.190832E+03  -0.381664E+03
   0.398842E+02   0.847752E+00   0.225466E+01   0.709898E+01   0.327920E+01   0.376391E+02   0.107811E+02   0.229670E+02  -0.939490E+01  -0.133570E+02  -0.424675E+01   0.801643E+01   0.437076E+02   0.435938E+02   0.138735E+00   0.155947E-02   0.201903E-01   0.157796E-02   0.184783E-02   0.204636E+03   0.159031E+02   0.000000E+00   0.188733E+03  -0.377466E+03
   0.398842E+02   0.847752E+00   0.225466E+01   0.709898E+01   0.327920E+01   0.376391E+02   0.120770E+02   0.229670E+02  -0.939490E+01  -0.133570E+02  -0.421712E+01   0.801643E+01   0.437076E+02   0.435938E+02   0.152699E+00   0.155947E-02   0.147556E-01   0.542627E-02   0.184783E-02   0.209114E+03   0.160618E+02   0.000000E+00   0.193052E+03  -0.386104E+03
   0.398594E+02  -0.685169E+00   0.225466E+01   0.617168E+01   0.327920E+01   0.369072E+02   0.120770E+02   0.229670E+02  -0.939490E+01  -0.133570E+02  -0.421712E+01   0.801643E+01   0.437076E+02   0.435938E+02   0.147885E+00   0.155947E-02   0.147556E-01   0.542627E-02   0.184783E-02   0.209427E+03   0.160618E+02   0.000000E+00   0.193365E+03  -0.386730E+03
   0.398594E+02  -0.685169E+00   0.225466E+01   0.617168E+01   0.286310E+01   0.369072E+02   0.120770E+02   0.229670E+02  -0.939490E+01  -0.147474E+02  -0.421712E+01   0.801643E+01   0.437076E+02   0.435938E+02   0.147885E+00   0.357789E-02   0.579855E-02   0.890279E-02   0.377364E-02   0.210119E+03   0.162154E+02   0.000000E+00   0.193904E+03  -0.387807E+03
   0.396277E+02  -0.685169E+00   0.225466E+01   0.617168E+01   0.286310E+01   0.369072E+02   0.120770E+02   0.229670E+02  -0.939490E+01  -0.147474E+02  -0.421712E+01   0.801643E+01   0.437076E+02   0.435938E+02   0.147885E+00   0.357789E-02   0.827438E-02   0.890279E-02   0.377364E-02   0.208940E+03   0.159678E+02   0.000000E+00   0.192972E+03  -0.385944E+03
   0.400721E+02  -0.514224E+00   0.225466E+01   0.656655E+01   0.450869E+01   0.369072E+02   0.120770E+02   0.229670E+02  -0.939490E+01  -0.143065E+02  -0.391289E+01   0.801643E+01   0.437076E+02   0.435938E+02   0.141913E+00   0.196327E-02   0.122662E-02   0.513367E-02   0.377364E-02   0.209510E+03   0.172110E+02   0.000000E+00   0.192299E+03  -0.384598E+03
   0.400721E+02  -0.514224E+00   0.225466E+01   0.656655E+01   0.450869E+01   0.369072E+02   0.120770E+02   0.229113E+02  -0.926748E+01  -0.143065E+02  -0.391289E+01   0.801643E+01   0.437076E+02   0.435938E+02   0.141913E+00   0.196327E-02   0.136312E-01   0.513367E-02   0.180630E-01   0.206445E+03   0.145416E+02   0.000000E+00   0.191903E+03  -0.383807E+03
   0.400721E+02  -0.571016E+00   0.225466E+01   0.656655E+01   0.450869E+01   0.369072E+02   0.120770E+02   0.229113E+02  -0.926748E+01  -0.143065E+02  -0.391289E+01   0.801643E+01   0.437076E+02   0.435938E+02   0.143214E+00   0.196327E-02   0.136312E-01   0.513367E-02   0.182088E-01   0.206715E+03   0.145270E+02   0.000000E+00   0.192188E+03  -0.384376E+03
   0.400721E+02  -0.571016E+00   0.225466E+01   0.656655E+01   0.450869E+01   0.369072E+02   0.120770E+02   0.229113E+02  -0.926748E+01  -0.143065E+02  -0.391289E+01   0.801643E+01   0.437076E+02   0.435938E+02   0.148651E+00   0.196327E-02   0.840404E-02   0.441495E-02   0.144654E-01   0.208703E+03   0.154959E+02   0.000000E+00   0.193207E+03  -0.386414E+03
   0.400721E+02  -0.571016E+00   0.223366E+01   0.656655E+01   0.450869E+01   0.369072E+02   0.120770E+02   0.229113E+02  -0.926748E+01  -0.147027E+02  -0.418495E+01   0.836950E+01   0.437076E+02   0.435938E+02   0.148651E+00   0.386649E-02   0.912068E-02   0.350859E-02   0.243632E-02   0.211519E+03   0.165275E+02   0.000000E+00   0.194992E+03  -0.389983E+03
   0.400721E+02  -0.571016E+00   0.223366E+01   0.656655E+01   0.450869E+01   0.369072E+02   0.120770E+02   0.230962E+02  -0.955927E+01  -0.147027E+02  -0.418495E+01   0.823049E+01   0.437076E+02   0.435938E+02   0.148651E+00   0.125236E-01   0.912068E-02   0.354638E-02   0.248993E-03   0.211603E+03   0.158767E+02   0.000000E+00   0.195726E+03  -0.391453E+03
   0.403212E+02  -0.571016E+00   0.223366E+01   0.656655E+01   0.450869E+01   0.369072E+02   0.120770E+02   0.230962E+02  -0.955927E+01  -0.147027E+02  -0.421208E+01   0.823049E+01   0.437076E+02   0.435938E+02   0.153991E+00   0.125236E-01   0.912068E-02   0.354638E-02   0.248993E-03   0.210851E+03   0.158767E+02   0.000000E+00   0.194974E+03  -0.389949E+03
   0.403212E+02   0.228840E+00   0.223366E+01   0.613230E+01   0.571270E+01   0.369072E+02   0.120770E+02   0.230962E+02  -0.937317E+01  -0.147027E+02  -0.421208E+01   0.823049E+01   0.437076E+02   0.435938E+02   0.150537E+00   0.125236E-01   0.912068E-02   0.354638E-02   0.248993E-03   0.210422E+03   0.158767E+02   0.000000E+00   0.194545E+03  -0.389091E+03
   0.403212E+02   0.228840E+00   0.223366E+01   0.613230E+01   0.370100E+01   0.369072E+02   0.101708E+02   0.230962E+02  -0.860116E+01  -0.147027E+02  -0.421208E+01   0.823049E+01   0.437076E+02   0.435938E+02   0.150537E+00   0.362474E-02   0.128597E-01   0.422552E-02   0.248993E-03   0.209502E+03   0.163248E+02   0.000000E+00   0.193177E+03  -0.386354E+03
   0.403212E+02   0.228840E+00   0.223366E+01   0.613230E+01   0.370100E+01   0.369072E+02   0.981503E+01   0.230962E+02  -0.975404E+01  -0.147027E+02  -0.421208E+01   0.823049E+01   0.437076E+02   0.435938E+02   0.148063E+00   0.273636E-02   0.128597E-01   0.184586E-01   0.248993E-03   0.211427E+03   0.149903E+02   0.000000E+00   0.196437E+03  -0.392873E+03
   0.403212E+02   0.228840E+00   0.223366E+01   0.613230E+01   0.417431E+01   0.369072E+02   0.981503E+01   0.230962E+02  -0.975404E+01  -0.144867E+02  -0.421208E+01   0.823049E+01   0.437076E+02   0.435938E+02   0.148063E+00   0.273636E-02   0.128597E-01   0.180269E-01   0.248993E-03   0.211252E+03   0.150335E+02   0.000000E+00   0.196219E+03  -0.392437E+03
   0.403212E+02   0.228840E+00   0.223366E+01   0.889126E+01   0.417431E+01   0.369072E+02   0.981503E+01   0.230962E+02  -0.975404E+01  -0.144867E+02  -0.421208E+01   0.823049E+01   0.437076E+02   0.435938E+02   0.141092E+00   0.273636E-02   0.787484E-02   0.210826E-01   0.248993E-03   0.208659E+03   0.152264E+02   0.000000E+00   0.193433E+03  -0.386865E+03
   0.403551E+02   0.228840E+00   0.223366E+01   0.770614E+01   0.417431E+01   0.367641E+02   0.981503E+01   0.230962E+02  -0.975404E+01  -0.144867E+02  -0.421208E+01   0.806780E+01   0.437076E+02   0.435938E+02   0.147418E+00   0.798295E-02   0.787484E-02   0.212312E-01   0.248993E-03   0.211463E+03   0.146869E+02   0.000000E+00   0.196776E+03  -0.393552E+03
   0.403551E+02   0.228840E+00   0.223366E+01   0.770614E+01   0.554990E+01   0.367641E+02   0.981503E+01   0.231000E+02  -0.975404E+01  -0.144867E+02  -0.415485E+01   0.806780E+01   0.437076E+02   0.435938E+02   0.147418E+00   0.798295E-02   0.453598E-02   0.149571E-01   0.993338E-02   0.212496E+03   0.146797E+02   0.000000E+00   0.197816E+03  -0.395633E+03
   0.403551E+02   0.228840E+00   0.424463E+01   0.770614E+01   0.554990E+01   0.367641E+02   0.981503E+01   0.231000E+02  -0.975404E+01  -0.144867E+02  -0.415485E+01   0.806780E+01   0.437076E+02   0.435938E+02   0.147418E+00   0.798295E-02   0.677042E-02   0.116432E-01   0.185389E-01   0.211642E+03   0.139271E+02   0.000000E+00   0.197715E+03  -0.395430E+03
   0.403551E+02   0.620295E+00   0.235894E+01   0.770614E+01   0.602902E+01   0.367641E+02   0.981503E+01   0.231515E+02  -0.975404E+01  -0.144867E+02  -0.415485E+01   0.806780E+01   0.437076E+02   0.435938E+02   0.147418E+00   0.798295E-02   0.139364E-01   0.202470E-01   0.108500E-01   0.211008E+03   0.131190E+02   0.000000E+00   0.197889E+03  -0.395778E+03
   0.403551E+02   0.620295E+00   0.235894E+01   0.770614E+01   0.602902E+01   0.367641E+02   0.981503E+01   0.231515E+02  -0.975404E+01  -0.144307E+02  -0.426744E+01   0.793234E+01   0.437076E+02   0.435938E+02   0.147418E+00   0.798295E-02   0.139364E-01   0.202470E-01   0.630816E-02   0.211868E+03   0.135732E+02   0.000000E+00   0.198295E+03  -0.396590E+03
   0.403551E+02  -0.123858E+00   0.235894E+01   0.770614E+01   0.602902E+01   0.367641E+02   0.981503E+01   0.231515E+02  -0.975404E+01  -0.144307E+02  -0.426744E+01   0.793234E+01   0.437076E+02   0.435938E+02   0.147418E+00   0.798295E-02   0.497382E-02   0.246597E-01   0.630816E-02   0.212373E+03   0.140282E+02   0.000000E+00   0.198345E+03  -0.396690E+03
   0.402528E+02  -0.123858E+00   0.235894E+01   0.770614E+01   0.602902E+01   0.367641E+02   0.981503E+01   0.232329E+02  -0.975404E+01  -0.144307E+02  -0.426744E+01   0.793234E+01   0.437076E+02   0.435938E+02   0.149331E+00   0.666426E-02   0.140060E-01   0.246597E-01   0.126588E-01   0.209912E+03   0.126218E+02   0.000000E+00   0.197290E+03  -0.394580E+03
   0.402528E+02  -0.123858E+00   0.235894E+01   0.770614E+01   0.602902E+01   0.367641E+02   0.981503E+01   0.232329E+02  -0.975404E+01  -0.144307E+02  -0.426744E+01   0.793234E+01   0.437076E+02   0.435938E+02   0.153082E+00   0.666426E-02   0.129104E-01   0.262641E-01   0.630124E-02   0.210260E+03   0.132067E+02   0.000000E+00   0.197053E+03  -0.394107E+03
   0.402528E+02  -0.123858E+00   0.235894E+01   0.756819E+01   0.838556E+01   0.362757E+02   0.981503E+01   0.232329E+02  -0.975404E+01  -0.143443E+02  -0.426744E+01   0.853576E+01   0.437076E+02   0.435938E+02   0.151157E+00   0.666426E-02   0.118882E-01   0.234082E-01   0.154020E-01   0.206828E+03   0.126844E+02   0.000000E+00   0.194144E+03  -0.388287E+03
   0.402259E+02  -0.123858E+00   0.235894E+01   0.756819E+01   0.668971E+01   0.362757E+02   0.990787E+01   0.232329E+02  -0.975404E+01  -0.143443E+02  -0.426744E+01   0.848481E+01   0.437076E+02   0.435938E+02   0.145614E+00   0.162339E-02   0.118882E-01   0.192381E-01   0.154020E-01   0.208550E+03   0.136055E+02   0.000000E+00   0.194944E+03  -0.389889E+03
   0.402259E+02  -0.123858E+00   0.235894E+01   0.756819E+01   0.668971E+01   0.366495E+02   0.765183E+01   0.232329E+02  -0.975404E+01  -0.143804E+02  -0.426744E+01   0.848481E+01   0.437076E+02   0.435938E+02   0.145614E+00   0.784710E-02   0.118882E-01   0.261223E-01   0.123423E-01   0.206299E+03   0.126007E+02   0.000000E+00   0.193698E+03  -0.387397E+03
   0.402259E+02  -0.123858E+00   0.339597E+01   0.684444E+01   0.668971E+01   0.366495E+02   0.110342E+02   0.232329E+02  -0.975404E+01  -0.143804E+02  -0.431527E+01   0.848481E+01   0.437076E+02   0.435938E+02   0.145614E+00   0.784710E-02   0.222202E-01   0.324244E-01   0.123423E-01   0.207394E+03   0.109373E+02   0.000000E+00   0.196457E+03  -0.392913E+03
   0.401397E+02  -0.135138E+01   0.339597E+01   0.564035E+01   0.627632E+01   0.366495E+02   0.982167E+01   0.232329E+02  -0.975404E+01  -0.143804E+02  -0.431527E+01   0.848481E+01   0.437076E+02   0.435938E+02   0.157015E+00   0.897185E-02   0.112258E-01   0.291265E-01   0.775852E-03   0.205721E+03   0.134107E+02   0.000000E+00   0.192310E+03  -0.384621E+03
   0.401397E+02  -0.135138E+01   0.268456E+01   0.613393E+01   0.627632E+01   0.366495E+02   0.982167E+01   0.232329E+02  -0.975404E+01  -0.143616E+02  -0.431527E+01   0.848481E+01   0.437076E+02   0.435938E+02   0.154017E+00   0.381621E-02   0.195668E-01   0.206051E-01   0.353570E-02   0.206684E+03   0.136683E+02   0.000000E+00   0.193016E+03  -0.386031E+03
   0.401397E+02   0.167689E+00   0.268456E+01   0.613393E+01   0.627632E+01   0.366495E+02   0.982167E+01   0.232329E+02  -0.975404E+01  -0.143616E+02  -0.480850E+01   0.848481E+01   0.437076E+02   0.435938E+02   0.160755E+00   0.838478E-03   0.195668E-01   0.318086E-01   0.578234E-02   0.208431E+03   0.126211E+02   0.000000E+00   0.195810E+03  -0.391620E+03
   0.400705E+02   0.167689E+00   0.268456E+01   0.613393E+01   0.627632E+01   0.361039E+02   0.103673E+02   0.232329E+02  -0.975404E+01  -0.143616E+02  -0.505721E+01   0.848481E+01   0.437076E+02   0.435938E+02   0.155114E+00   0.838478E-03   0.200711E-01   0.318086E-01   0.115741E-01   0.209492E+03   0.119915E+02   0.000000E+00   0.197501E+03  -0.395001E+03
   0.400705E+02   0.167689E+00   0.268456E+01   0.776604E+01   0.488113E+01   0.378492E+02   0.103673E+02   0.232329E+02  -0.975404E+01  -0.143616E+02  -0.452600E+01   0.848481E+01   0.437076E+02   0.435938E+02   0.155712E+00   0.838478E-03   0.188388E-01   0.318086E-01   0.492942E-02   0.208130E+03   0.127792E+02   0.000000E+00   0.195351E+03  -0.390702E+03
   0.400705E+02   0.167689E+00   0.268456E+01   0.776604E+01   0.488113E+01   0.378492E+02   0.103673E+02   0.232329E+02  -0.975404E+01  -0.143616E+02  -0.476780E+01   0.848481E+01   0.437076E+02   0.435938E+02   0.147969E+00   0.395776E-02   0.115410E-01   0.318086E-01   0.112360E-01   0.209141E+03   0.125663E+02   0.000000E+00   0.196575E+03  -0.393149E+03
   0.403400E+02   0.167689E+00   0.268456E+01   0.776604E+01   0.488113E+01   0.378492E+02   0.103673E+02   0.232329E+02  -0.975404E+01  -0.143616E+02  -0.476780E+01   0.848481E+01   0.437076E+02   0.435938E+02   0.147969E+00   0.395776E-02   0.152531E-01   0.318086E-01   0.128122E-01   0.208543E+03   0.120375E+02   0.000000E+00   0.196505E+03  -0.393011E+03
   0.403400E+02   0.460134E+00   0.268456E+01   0.776604E+01   0.742751E+01   0.378492E+02   0.112105E+02   0.232329E+02  -0.983507E+01  -0.143616E+02  -0.476780E+01   0.848481E+01   0.437076E+02   0.435938E+02   0.147969E+00   0.395776E-02   0.115287E-02   0.320695E-01   0.128122E-01   0.210077E+03   0.134214E+02   0.000000E+00   0.196656E+03  -0.393311E+03
   0.403400E+02   0.460134E+00   0.268456E+01   0.776604E+01   0.735866E+01   0.378492E+02   0.112105E+02   0.232329E+02  -0.983507E+01  -0.143616E+02  -0.476780E+01   0.848481E+01   0.437076E+02   0.435938E+02   0.146311E+00   0.395776E-02   0.110920E-01   0.320695E-01   0.558195E-02   0.209714E+03   0.131506E+02   0.000000E+00   0.196563E+03  -0.393127E+03
   0.403400E+02  -0.995119E-01   0.412602E+01   0.776604E+01   0.735866E+01   0.378492E+02   0.112105E+02   0.232329E+02  -0.983507E+01  -0.143616E+02  -0.476780E+01   0.848481E+01   0.437076E+02   0.435938E+02   0.160916E+00   0.593580E-02   0.110920E-01   0.291060E-01   0.558195E-02   0.207406E+03   0.132491E+02   0.000000E+00   0.194157E+03  -0.388314E+03
   0.403400E+02  -0.995119E-01   0.448393E+01   0.535437E+01   0.636153E+01   0.378492E+02   0.102412E+02   0.232329E+02  -0.983507E+01  -0.143616E+02  -0.476780E+01   0.848481E+01   0.437076E+02   0.435938E+02   0.158379E+00   0.857264E-02   0.110920E-01   0.291060E-01   0.111919E-02   0.206347E+03   0.134317E+02   0.000000E+00   0.192915E+03  -0.385831E+03
   0.403400E+02   0.694760E+00   0.448393E+01   0.572635E+01   0.636153E+01   0.378492E+02   0.679918E+01   0.232329E+02  -0.983507E+01  -0.143480E+02  -0.476780E+01   0.848481E+01   0.437076E+02   0.435938E+02   0.155193E+00   0.152607E-02   0.110920E-01   0.283223E-01   0.454345E-02   0.207206E+03   0.138723E+02   0.000000E+00   0.193334E+03  -0.386667E+03
   0.403400E+02   0.694760E+00   0.448393E+01   0.572635E+01   0.636153E+01   0.378492E+02   0.679918E+01   0.232329E+02  -0.983507E+01  -0.143480E+02  -0.476780E+01   0.848481E+01   0.437076E+02   0.435938E+02   0.155193E+00   0.152607E-02   0.846073E-02   0.283223E-01   0.157009E-01   0.206354E+03   0.130197E+02   0.000000E+00   0.193334E+03  -0.386669E+03
   0.403400E+02  -0.236936E-01   0.231888E+01   0.572635E+01   0.636153E+01   0.378492E+02   0.679918E+01   0.232329E+02  -0.983507E+01  -0.143480E+02  -0.471085E+01   0.848481E+01   0.437076E+02   0.435938E+02   0.155193E+00   0.152607E-02   0.492372E-02   0.306683E-01   0.157009E-01   0.206760E+03   0.131388E+02   0.000000E+00   0.193621E+03  -0.387242E+03
   0.403400E+02  -0.297172E+00   0.231888E+01   0.612432E+01   0.636153E+01   0.378492E+02   0.679918E+01   0.232329E+02  -0.983507E+01  -0.143480E+02  -0.471085E+01   0.848481E+01   0.437076E+02   0.435938E+02   0.153200E+00   0.152607E-02   0.650575E-02   0.305283E-01   0.152685E-01   0.207244E+03   0.130378E+02   0.000000E+00   0.194206E+03  -0.388412E+03
   0.403400E+02  -0.297172E+00   0.231888E+01   0.612432E+01   0.636153E+01   0.378492E+02   0.968222E+01   0.232329E+02  -0.982060E+01  -0.141583E+02  -0.509852E+01   0.848481E+01   0.437076E+02   0.435938E+02   0.153200E+00   0.152607E-02   0.650575E-02   0.305283E-01   0.278219E-01   0.208071E+03   0.117825E+02   0.000000E+00   0.196289E+03  -0.392577E+03
   0.403400E+02   0.143547E+00   0.231888E+01   0.612432E+01   0.636153E+01   0.364374E+02   0.103124E+02   0.232329E+02  -0.982060E+01  -0.138841E+02  -0.509852E+01   0.848481E+01   0.437076E+02   0.435938E+02   0.146126E+00   0.152607E-02   0.144666E-02   0.431267E-01   0.149281E-01   0.208060E+03   0.123179E+02   0.000000E+00   0.195742E+03  -0.391484E+03
   0.403400E+02   0.143547E+00   0.231888E+01   0.612432E+01   0.636153E+01   0.364374E+02   0.103124E+02   0.232329E+02  -0.982060E+01  -0.139827E+02  -0.509852E+01   0.823960E+01   0.437076E+02   0.435938E+02   0.146126E+00   0.152607E-02   0.144666E-02   0.439203E-01   0.127990E-01   0.209416E+03   0.124515E+02   0.000000E+00   0.196965E+03  -0.393929E+03
   0.403400E+02   0.850960E-01   0.390827E+01   0.612432E+01   0.594614E+01   0.364374E+02   0.103124E+02   0.233194E+02  -0.985163E+01  -0.139827E+02  -0.509852E+01   0.823960E+01   0.437076E+02   0.435938E+02   0.146126E+00   0.152607E-02   0.144666E-02   0.338703E-01   0.127990E-01   0.210095E+03   0.134565E+02   0.000000E+00   0.196639E+03  -0.393277E+03
   0.403400E+02   0.850960E-01   0.390827E+01   0.612432E+01   0.594614E+01   0.367662E+02   0.103124E+02   0.233194E+02  -0.985163E+01  -0.139827E+02  -0.509852E+01   0.823960E+01   0.437076E+02   0.435938E+02   0.146126E+00   0.186564E-02   0.174068E-02   0.257431E-01   0.127990E-01   0.210935E+03   0.142058E+02   0.000000E+00   0.196729E+03  -0.393458E+03
   0.403400E+02  -0.542793E-01   0.390827E+01   0.773087E+01   0.815556E+01   0.367662E+02   0.103124E+02   0.233194E+02  -0.985163E+01  -0.139827E+02  -0.509852E+01   0.823960E+01   0.437076E+02   0.435938E+02   0.146126E+00   0.186564E-02   0.174068E-02   0.257431E-01   0.204587E-02   0.212827E+03   0.152812E+02   0.000000E+00   0.197546E+03  -0.395092E+03
   0.404106E+02   0.890827E+00   0.448583E+01   0.822059E+01   0.815556E+01   0.367662E+02   0.103124E+02   0.233194E+02  -0.985163E+01  -0.139827E+02  -0.509852E+01   0.823960E+01   0.437076E+02   0.435938E+02   0.151613E+00   0.456190E-02   0.100191E-01   0.257431E-01   0.204587E-02   0.212202E+03   0.141837E+02   0.000000E+00   0.198018E+03  -0.396037E+03
   0.404106E+02   0.896207E+00   0.346167E+01   0.886881E+01   0.815556E+01   0.367662E+02   0.103124E+02   0.233194E+02  -0.985163E+01  -0.137825E+02  -0.539489E+01   0.823960E+01   0.437076E+02   0.435938E+02   0.142283E+00   0.134557E-02   0.574398E-02   0.257431E-01   0.204587E-02   0.211794E+03   0.149328E+02   0.000000E+00   0.196861E+03  -0.393722E+03
   0.404106E+02   0.896207E+00   0.346167E+01   0.755802E+01   0.815556E+01   0.367662E+02   0.868940E+01   0.233194E+02  -0.985163E+01  -0.137825E+02  -0.539489E+01   0.823960E+01   0.437076E+02   0.435938E+02   0.149235E+00   0.134557E-02   0.574398E-02   0.178681E-01   0.204587E-02   0.212815E+03   0.157203E+02   0.000000E+00   0.197095E+03  -0.394189E+03
   0.404106E+02   0.896207E+00   0.512843E+01   0.755802E+01   0.815556E+01   0.367662E+02   0.109622E+02   0.233194E+02  -0.985163E+01  -0.137825E+02  -0.530146E+01   0.823960E+01   0.437076E+02   0.435938E+02   0.149235E+00   0.134557E-02   0.166472E-01   0.218925E-02   0.464819E-02   0.212419E+03   0.159377E+02   0.000000E+00   0.196481E+03  -0.392963E+03
   0.404106E+02   0.896207E+00   0.346591E+01   0.755802E+01   0.506353E+01   0.367662E+02   0.109622E+02   0.233194E+02  -0.975305E+01  -0.137825E+02  -0.362539E+01   0.823960E+01   0.437076E+02   0.435938E+02   0.149235E+00   0.134557E-02   0.166472E-01   0.689287E-02   0.481255E-02   0.209068E+03   0.154509E+02   0.000000E+00   0.193617E+03  -0.387234E+03
   0.404106E+02   0.896207E+00   0.346591E+01   0.755802E+01   0.506353E+01   0.367662E+02   0.952225E+01   0.233869E+02  -0.975305E+01  -0.137825E+02  -0.362539E+01   0.815634E+01   0.437076E+02   0.435938E+02   0.149235E+00   0.134557E-02   0.805624E-02   0.689287E-02   0.481255E-02   0.211837E+03   0.163100E+02   0.000000E+00   0.195527E+03  -0.391054E+03
   0.404106E+02   0.896207E+00   0.254494E+01   0.755802E+01   0.572305E+01   0.361467E+02   0.120838E+02   0.233869E+02  -0.975305E+01  -0.137825E+02  -0.362539E+01   0.815634E+01   0.437076E+02   0.435938E+02   0.149235E+00   0.134557E-02   0.615573E-02   0.181902E-01   0.481255E-02   0.210136E+03   0.153703E+02   0.000000E+00   0.194766E+03  -0.389531E+03
   0.404106E+02   0.896207E+00   0.254494E+01   0.755802E+01   0.572305E+01   0.361467E+02   0.120838E+02   0.233869E+02  -0.975305E+01  -0.137825E+02  -0.550132E+01   0.815634E+01   0.437076E+02   0.435938E+02   0.147539E+00   0.318079E-02   0.615573E-02   0.271005E-01   0.432400E-03   0.209665E+03   0.147337E+02   0.000000E+00   0.194931E+03  -0.389863E+03
   0.404106E+02   0.896207E+00   0.255160E+01   0.755802E+01   0.572305E+01   0.372990E+02   0.104627E+02   0.233927E+02  -0.975305E+01  -0.137825E+02  -0.550132E+01   0.815634E+01   0.437076E+02   0.435938E+02   0.147539E+00   0.318079E-02   0.615573E-02   0.242648E-01   0.432400E-03   0.210776E+03   0.150173E+02   0.000000E+00   0.195759E+03  -0.391517E+03
   0.404106E+02   0.545209E+00   0.255160E+01   0.755802E+01   0.655681E+01   0.367623E+02   0.101692E+02   0.233927E+02  -0.975305E+01  -0.137863E+02  -0.550132E+01   0.815634E+01   0.437076E+02   0.435938E+02   0.152362E+00   0.318079E-02   0.615573E-02   0.295167E-01   0.432400E-03   0.211132E+03   0.144921E+02   0.000000E+00   0.196640E+03  -0.393280E+03
   0.407229E+02   0.545209E+00   0.255160E+01   0.755802E+01   0.655681E+01   0.367623E+02   0.101692E+02   0.233927E+02  -0.975305E+01  -0.137863E+02  -0.601512E+01   0.815634E+01   0.437076E+02   0.435938E+02   0.152362E+00   0.704282E-02   0.615573E-02   0.322711E-01   0.432400E-03   0.210413E+03   0.138305E+02   0.000000E+00   0.196583E+03  -0.393165E+03
   0.407229E+02   0.545209E+00   0.408187E+01   0.644672E+01   0.591732E+01   0.363028E+02   0.101692E+02   0.233927E+02  -0.975305E+01  -0.137863E+02  -0.543760E+01   0.815634E+01   0.437076E+02   0.435938E+02   0.153364E+00   0.683088E-02   0.615573E-02   0.262474E-01   0.432400E-03   0.209231E+03   0.144540E+02   0.000000E+00   0.194777E+03  -0.389554E+03
   0.405503E+02   0.545209E+00   0.408187E+01   0.919406E+01   0.591732E+01   0.363028E+02   0.101692E+02   0.233927E+02  -0.975305E+01  -0.137863E+02  -0.543760E+01   0.815634E+01   0.437076E+02   0.436074E+02   0.153364E+00   0.949499E-02   0.615573E-02   0.223307E-01   0.790873E-02   0.219880E+03   0.138317E+02   0.000000E+00   0.206048E+03  -0.412097E+03
   0.405503E+02   0.545209E+00   0.408187E+01   0.919406E+01   0.591732E+01   0.373062E+02   0.111612E+02   0.233927E+02  -0.975945E+01  -0.142951E+02  -0.543760E+01   0.815634E+01   0.437076E+02   0.436074E+02   0.153364E+00   0.949499E-02   0.397371E-02   0.145943E-01   0.586841E-02   0.222708E+03   0.150275E+02   0.000000E+00   0.207680E+03  -0.415361E+03
   0.405503E+02   0.545209E+00   0.408187E+01   0.919406E+01   0.591732E+01   0.373062E+02   0.954219E+01   0.233927E+02  -0.975945E+01  -0.142951E+02  -0.543760E+01   0.815634E+01   0.437076E+02   0.436074E+02   0.153364E+00   0.949499E-02   0.157235E-02   0.245740E-01   0.105413E-01   0.221601E+03   0.138024E+02   0.000000E+00   0.207799E+03  -0.415597E+03
   0.405503E+02   0.545209E+00   0.408187E+01   0.919406E+01   0.591732E+01   0.365434E+02   0.954219E+01   0.233927E+02  -0.975945E+01  -0.142951E+02  -0.543760E+01   0.815634E+01   0.437076E+02   0.436074E+02   0.153425E+00   0.918281E-02   0.210980E-02   0.317050E-01   0.268140E-03   0.221787E+03   0.140941E+02   0.000000E+00   0.207693E+03  -0.415386E+03
   0.405342E+02   0.545209E+00   0.408187E+01   0.919406E+01   0.941950E+01   0.365434E+02   0.954219E+01   0.233927E+02  -0.975945E+01  -0.142951E+02  -0.543760E+01   0.815634E+01   0.437076E+02   0.436074E+02   0.150289E+00   0.918281E-02   0.210980E-02   0.221174E-01   0.268140E-03   0.224026E+03   0.150529E+02   0.000000E+00   0.208973E+03  -0.417946E+03
   0.405342E+02   0.176636E+01   0.408187E+01   0.919406E+01   0.941950E+01   0.381231E+02   0.956944E+01   0.233927E+02  -0.975945E+01  -0.142951E+02  -0.543760E+01   0.815634E+01   0.437076E+02   0.436074E+02   0.161543E+00   0.609494E-02   0.210980E-02   0.208536E-01   0.146052E-01   0.216181E+03   0.140543E+02   0.000000E+00   0.202127E+03  -0.404253E+03
   0.405342E+02   0.119256E+01   0.408187E+01   0.112539E+02   0.941950E+01   0.381231E+02   0.805880E+01   0.233927E+02  -0.963369E+01  -0.142951E+02  -0.543760E+01   0.815634E+01   0.437076E+02   0.436074E+02   0.156078E+00   0.609494E-02   0.210980E-02   0.107594E-01   0.137531E-01   0.217307E+03   0.151490E+02   0.000000E+00   0.202158E+03  -0.404316E+03
   0.405342E+02   0.134071E+01   0.408187E+01   0.112539E+02   0.941950E+01   0.381231E+02   0.762838E+01   0.233927E+02  -0.963369E+01  -0.142951E+02  -0.540444E+01   0.815634E+01   0.437076E+02   0.436074E+02   0.150671E+00   0.609494E-02   0.171946E-01   0.266111E-02   0.137531E-01   0.217206E+03   0.144503E+02   0.000000E+00   0.202756E+03  -0.405511E+03
   0.405342E+02   0.134071E+01   0.408187E+01   0.106341E+02   0.754052E+01   0.381231E+02   0.762838E+01   0.233927E+02  -0.963369E+01  -0.142951E+02  -0.532158E+01   0.815634E+01   0.437076E+02   0.436074E+02   0.150131E+00   0.609494E-02   0.171946E-01   0.319760E-02   0.115340E-01   0.218817E+03   0.146186E+02   0.000000E+00   0.204198E+03  -0.408397E+03
   0.405342E+02   0.134071E+01   0.402501E+01   0.106341E+02   0.754052E+01   0.369402E+02   0.762838E+01   0.233042E+02  -0.954097E+01  -0.144970E+02  -0.532158E+01   0.815634E+01   0.437076E+02   0.436074E+02   0.150131E+00   0.825793E-02   0.109476E-01   0.710599E-02   0.212962E-01   0.219367E+03   0.136599E+02   0.000000E+00   0.205707E+03  -0.411414E+03
   0.405342E+02   0.134071E+01   0.402501E+01   0.765098E+01   0.754052E+01   0.369731E+02   0.762838E+01   0.233042E+02  -0.954097E+01  -0.144970E+02  -0.532158E+01   0.815634E+01   0.437076E+02   0.436074E+02   0.150740E+00   0.137891E-01   0.827137E-02   0.106018E-01   0.329362E-01   0.219357E+03   0.118608E+02   0.000000E+00   0.207496E+03  -0.414992E+03
   0.405342E+02   0.134071E+01   0.402501E+01   0.753213E+01   0.650066E+01   0.369731E+02   0.109708E+02   0.233042E+02  -0.954097E+01  -0.144970E+02  -0.532158E+01   0.815634E+01   0.437076E+02   0.436074E+02   0.153718E+00   0.137891E-01   0.127910E-02   0.106018E-01   0.305685E-01   0.220772E+03   0.127968E+02   0.000000E+00   0.207975E+03  -0.415950E+03
   0.405342E+02   0.134071E+01   0.349248E+01   0.753213E+01   0.785050E+01   0.369731E+02   0.109708E+02   0.233042E+02  -0.954097E+01  -0.143344E+02  -0.532158E+01   0.765106E+01   0.437040E+02   0.436074E+02   0.149484E+00   0.114483E-01   0.236670E-02   0.181203E-01   0.229788E-01   0.222549E+03   0.129293E+02   0.000000E+00   0.209620E+03  -0.419239E+03
   0.405342E+02  -0.353977E+00   0.371248E+01   0.753213E+01   0.785050E+01   0.369731E+02   0.957698E+01   0.233042E+02  -0.954097E+01  -0.143344E+02  -0.532158E+01   0.765106E+01   0.437040E+02   0.436074E+02   0.138434E+00   0.114483E-01   0.119651E-01   0.181203E-01   0.138818E-01   0.222894E+03   0.128791E+02   0.000000E+00   0.210015E+03  -0.420030E+03
   0.401910E+02  -0.353977E+00   0.371248E+01   0.753213E+01   0.785050E+01   0.370023E+02   0.957698E+01   0.233042E+02  -0.954097E+01  -0.143344E+02  -0.532158E+01   0.765106E+01   0.437040E+02   0.436074E+02   0.138434E+00   0.120739E-01   0.243246E-01   0.197513E-01   0.105683E-01   0.221915E+03   0.117489E+02   0.000000E+00   0.210166E+03  -0.420332E+03
   0.401910E+02  -0.353977E+00   0.399798E+01   0.753213E+01   0.785050E+01   0.370023E+02   0.957698E+01   0.233042E+02  -0.954097E+01  -0.143344E+02  -0.532158E+01   0.765106E+01   0.437040E+02   0.436074E+02   0.138434E+00   0.120739E-01   0.257315E-01   0.493985E-02   0.117901E-01   0.222867E+03   0.129671E+02   0.000000E+00   0.209900E+03  -0.419800E+03
   0.403173E+02   0.183039E+01   0.377858E+01   0.753213E+01   0.785050E+01   0.380238E+02   0.957698E+01   0.233042E+02  -0.954097E+01  -0.143344E+02  -0.532158E+01   0.765106E+01   0.437040E+02   0.436074E+02   0.139910E+00   0.351034E-02   0.257315E-01   0.493985E-02   0.193304E-02   0.220558E+03   0.148092E+02   0.000000E+00   0.205749E+03  -0.411498E+03
   0.403173E+02   0.154919E+01   0.377858E+01   0.753213E+01   0.785050E+01   0.380238E+02   0.957698E+01   0.233042E+02  -0.954097E+01  -0.141280E+02  -0.532158E+01   0.765106E+01   0.437040E+02   0.436074E+02   0.152960E+00   0.351034E-02   0.188309E-01   0.551868E-02   0.751769E-02   0.220954E+03   0.148829E+02   0.000000E+00   0.206071E+03  -0.412142E+03
   0.403173E+02   0.110995E+00   0.377858E+01   0.804923E+01   0.785050E+01   0.362020E+02   0.957698E+01   0.233042E+02  -0.954097E+01  -0.141280E+02  -0.532158E+01   0.765106E+01   0.437040E+02   0.436074E+02   0.147583E+00   0.245588E-02   0.180196E-01   0.551868E-02   0.404638E-02   0.225894E+03   0.154166E+02   0.000000E+00   0.210477E+03  -0.420955E+03
   0.403173E+02   0.110995E+00   0.377858E+01   0.855191E+01   0.798772E+01   0.362020E+02   0.957698E+01   0.233042E+02  -0.954097E+01  -0.141280E+02  -0.532158E+01   0.735171E+01   0.437040E+02   0.436074E+02   0.140238E+00   0.245588E-02   0.109713E-01   0.551868E-02   0.938280E-02   0.226757E+03   0.155878E+02   0.000000E+00   0.211169E+03  -0.422338E+03
   0.403315E+02   0.110995E+00   0.377858E+01   0.855191E+01   0.798772E+01   0.362020E+02   0.957698E+01   0.233042E+02  -0.954097E+01  -0.141280E+02  -0.532158E+01   0.735171E+01   0.437040E+02   0.436074E+02   0.138732E+00   0.660714E-02   0.109713E-01   0.111171E-01   0.182519E-01   0.224616E+03   0.137259E+02   0.000000E+00   0.210890E+03  -0.421780E+03
   0.403315E+02   0.110995E+00   0.377858E+01   0.571706E+01   0.798772E+01   0.362020E+02   0.957698E+01   0.233042E+02  -0.954097E+01  -0.141280E+02  -0.532158E+01   0.735171E+01   0.437040E+02   0.436074E+02   0.143860E+00   0.660714E-02   0.210640E-01   0.111171E-01   0.182519E-01   0.223079E+03   0.127167E+02   0.000000E+00   0.210362E+03  -0.420725E+03
   0.403315E+02   0.110995E+00   0.377858E+01   0.571706E+01   0.798772E+01   0.362020E+02   0.957698E+01   0.233042E+02  -0.954097E+01  -0.141280E+02  -0.532158E+01   0.735171E+01   0.437040E+02   0.436074E+02   0.141776E+00   0.142048E-01   0.210640E-01   0.114452E-01   0.167475E-01   0.222286E+03   0.120745E+02   0.000000E+00   0.210211E+03  -0.420423E+03
   0.403315E+02   0.110995E+00   0.277146E+01   0.571706E+01   0.798772E+01   0.362020E+02   0.957698E+01   0.233042E+02  -0.954097E+01  -0.141280E+02  -0.532158E+01   0.735171E+01   0.437040E+02   0.436074E+02   0.141776E+00   0.190608E-01   0.215838E-01   0.114452E-01   0.126634E-01   0.221196E+03   0.119454E+02   0.000000E+00   0.209251E+03  -0.418501E+03
   0.403315E+02   0.110995E+00   0.277146E+01   0.571706E+01   0.798772E+01   0.362020E+02   0.775986E+01   0.232295E+02  -0.954097E+01  -0.141280E+02  -0.532158E+01   0.735171E+01   0.437040E+02   0.436074E+02   0.147644E+00   0.284277E-01   0.214739E-01   0.139350E-01   0.126868E-01   0.219243E+03   0.107683E+02   0.000000E+00   0.208475E+03  -0.416949E+03
   0.402035E+02   0.110995E+00   0.244258E+01   0.857132E+01   0.798772E+01   0.362020E+02   0.775986E+01   0.232295E+02  -0.954097E+01  -0.141280E+02  -0.532158E+01   0.735171E+01   0.437040E+02   0.436074E+02   0.147644E+00   0.284277E-01   0.214739E-01   0.188918E-01   0.143112E-01   0.218139E+03   0.101102E+02   0.000000E+00   0.208029E+03  -0.416058E+03
   0.402035E+02   0.110995E+00   0.432163E+01   0.573976E+01   0.798772E+01   0.362020E+02   0.775986E+01   0.232295E+02  -0.954097E+01  -0.141280E+02  -0.532158E+01   0.735171E+01   0.437040E+02   0.436074E+02   0.146669E+00   0.255488E-01   0.164386E-01   0.188918E-01   0.800905E-02   0.220898E+03   0.115319E+02   0.000000E+00   0.209366E+03  -0.418732E+03
   0.402035E+02   0.110995E+00   0.365819E+01   0.573976E+01   0.612340E+01   0.362020E+02   0.994918E+01   0.232295E+02  -0.954097E+01  -0.141280E+02  -0.532158E+01   0.735171E+01   0.437040E+02   0.436074E+02   0.145443E+00   0.745814E-02   0.164386E-01   0.534549E-02   0.800905E-02   0.226060E+03   0.146956E+02   0.000000E+00   0.211364E+03  -0.422729E+03
   0.402035E+02   0.110995E+00   0.365819E+01   0.573976E+01   0.612340E+01   0.362020E+02   0.100947E+02   0.232295E+02  -0.954097E+01  -0.141280E+02  -0.532158E+01   0.735171E+01   0.437040E+02   0.436074E+02   0.145443E+00   0.260147E-01   0.597677E-02   0.172885E-01   0.188049E-01   0.222981E+03   0.116122E+02   0.000000E+00   0.211369E+03  -0.422738E+03
   0.400709E+02   0.198052E+00   0.365819E+01   0.573976E+01   0.612340E+01   0.362020E+02   0.100947E+02   0.232295E+02  -0.954097E+01  -0.141280E+02  -0.532158E+01   0.735171E+01   0.437040E+02   0.436074E+02   0.145443E+00   0.310899E-01   0.477530E-02   0.172885E-01   0.188049E-01   0.222276E+03   0.112248E+02   0.000000E+00   0.211051E+03  -0.422102E+03
   0.401834E+02   0.198052E+00   0.180471E+01   0.573976E+01   0.612340E+01   0.362020E+02   0.108961E+02   0.231705E+02  -0.954097E+01  -0.141280E+02  -0.532158E+01   0.735171E+01   0.437040E+02   0.436074E+02   0.145443E+00   0.310899E-01   0.133732E-01   0.172885E-01   0.524412E-02   0.222178E+03   0.117211E+02   0.000000E+00   0.210457E+03  -0.420914E+03
   0.401834E+02   0.281178E-01   0.180471E+01   0.573976E+01   0.612340E+01   0.382117E+02   0.875358E+01   0.231705E+02  -0.954097E+01  -0.141280E+02  -0.532158E+01   0.735171E+01   0.437040E+02   0.436074E+02   0.144863E+00   0.341870E-01   0.133732E-01   0.172885E-01   0.732066E-02   0.220069E+03   0.112037E+02   0.000000E+00   0.208865E+03  -0.417731E+03
   0.397899E+02   0.281178E-01   0.386380E+01   0.573976E+01   0.612340E+01   0.375061E+02   0.670226E+01   0.231705E+02  -0.954097E+01  -0.141280E+02  -0.517813E+01   0.735171E+01   0.437040E+02   0.436074E+02   0.144863E+00   0.322121E-01   0.701795E-02   0.181187E-01   0.107874E-01   0.218333E+03   0.116071E+02   0.000000E+00   0.206726E+03  -0.413452E+03
   0.397899E+02   0.231577E+00   0.386380E+01   0.573976E+01   0.612340E+01   0.375061E+02   0.933463E+01   0.231705E+02  -0.954097E+01  -0.141280E+02  -0.517813E+01   0.735171E+01   0.437040E+02   0.436074E+02   0.136252E+00   0.315249E-01   0.701795E-02   0.184064E-01   0.107874E-01   0.218542E+03   0.116470E+02   0.000000E+00   0.206895E+03  -0.413790E+03
   0.403099E+02   0.231577E+00   0.386380E+01   0.573976E+01   0.612340E+01   0.371179E+02   0.966465E+01   0.231705E+02  -0.954097E+01  -0.141280E+02  -0.517813E+01   0.735171E+01   0.437040E+02   0.436074E+02   0.140158E+00   0.323939E-01   0.701795E-02   0.184064E-01   0.132631E-01   0.222265E+03   0.113125E+02   0.000000E+00   0.210952E+03  -0.421905E+03
   0.403099E+02   0.231577E+00   0.386380E+01   0.573976E+01   0.636221E+01   0.371179E+02   0.966465E+01   0.231705E+02  -0.954097E+01  -0.141280E+02  -0.474505E+01   0.735171E+01   0.437040E+02   0.436074E+02   0.140158E+00   0.351697E-01   0.701795E-02   0.184064E-01   0.814232E-02   0.220710E+03   0.115470E+02   0.000000E+00   0.209163E+03  -0.418326E+03
   0.403099E+02   0.231577E+00   0.386380E+01   0.914386E+01   0.636221E+01   0.371179E+02   0.966465E+01   0.231675E+02  -0.954097E+01  -0.141066E+02  -0.474505E+01   0.735171E+01   0.437040E+02   0.436074E+02   0.138841E+00   0.351697E-01   0.701795E-02   0.519675E-02   0.814232E-02   0.221838E+03   0.128680E+02   0.000000E+00   0.208970E+03  -0.417940E+03
   0.403099E+02   0.231577E+00   0.386380E+01   0.914386E+01   0.636221E+01   0.371179E+02   0.105394E+02   0.231675E+02  -0.954097E+01  -0.141066E+02  -0.474505E+01   0.735171E+01   0.437040E+02   0.436074E+02   0.138841E+00   0.248467E-01   0.119385E-01   0.128237E-02   0.157216E-01   0.222063E+03   0.130418E+02   0.000000E+00   0.209021E+03  -0.418042E+03
   0.402244E+02   0.167725E+01   0.386380E+01   0.914386E+01   0.636221E+01   0.371179E+02   0.105394E+02   0.231675E+02  -0.954097E+01  -0.141066E+02  -0.474505E+01   0.735171E+01   0.437040E+02   0.436074E+02   0.138503E+00   0.375646E-01   0.397332E-02   0.128237E-02   0.181468E-01   0.220073E+03   0.123240E+02   0.000000E+00   0.207749E+03  -0.415498E+03
   0.402244E+02   0.167725E+01   0.386380E+01   0.860493E+01   0.636221E+01   0.371179E+02   0.105394E+02   0.231675E+02  -0.954097E+01  -0.141066E+02  -0.456456E+01   0.725555E+01   0.437040E+02   0.436074E+02   0.144683E+00   0.375646E-01   0.497863E-02   0.476210E-02   0.428299E-01   0.217840E+03   0.940716E+01   0.000000E+00   0.208433E+03  -0.416866E+03
   0.400383E+02   0.167725E+01   0.359254E+01   0.860493E+01   0.636221E+01   0.371179E+02   0.116463E+02   0.231675E+02  -0.954097E+01  -0.141066E+02  -0.456456E+01   0.725555E+01   0.437040E+02   0.436074E+02   0.144683E+00   0.301902E-01   0.497863E-02   0.476210E-02   0.362203E-01   0.217870E+03   0.108056E+02   0.000000E+00   0.207064E+03  -0.414129E+03
   0.408088E+02   0.126634E+01   0.411193E+01   0.860493E+01   0.636221E+01   0.371179E+02   0.116463E+02   0.231675E+02  -0.954097E+01  -0.141066E+02  -0.456456E+01   0.725555E+01   0.437040E+02   0.436074E+02   0.144683E+00   0.301902E-01   0.497863E-02   0.369796E-02   0.362203E-01   0.219485E+03   0.109120E+02   0.000000E+00   0.208573E+03  -0.417146E+03
   0.408088E+02   0.126634E+01   0.411193E+01   0.860493E+01   0.636221E+01   0.365748E+02   0.116463E+02   0.231675E+02  -0.975710E+01  -0.141066E+02  -0.456456E+01   0.725555E+01   0.437040E+02   0.436074E+02   0.144683E+00   0.145714E-01   0.428752E-02   0.763547E-02   0.335537E-01   0.222275E+03   0.124159E+02   0.000000E+00   0.209859E+03  -0.419718E+03
   0.408088E+02   0.126634E+01   0.411193E+01   0.860493E+01   0.636221E+01   0.365748E+02   0.116463E+02   0.231675E+02  -0.975710E+01  -0.141066E+02  -0.456456E+01   0.725555E+01   0.437040E+02   0.436074E+02   0.144683E+00   0.680146E-02   0.428752E-02   0.123030E-01   0.335537E-01   0.222585E+03   0.127261E+02   0.000000E+00   0.209859E+03  -0.419718E+03
   0.408088E+02   0.126634E+01   0.411193E+01   0.860493E+01   0.636221E+01   0.371600E+02   0.116463E+02   0.231675E+02  -0.975710E+01  -0.141066E+02  -0.456456E+01   0.725555E+01   0.437040E+02   0.436074E+02   0.151268E+00   0.680146E-02   0.428752E-02   0.123030E-01   0.320090E-01   0.221911E+03   0.128806E+02   0.000000E+00   0.209030E+03  -0.418061E+03
   0.408053E+02   0.126634E+01   0.411193E+01   0.860493E+01   0.818435E+01   0.360472E+02   0.823197E+01   0.232956E+02  -0.975710E+01  -0.141066E+02  -0.456456E+01   0.725555E+01   0.437040E+02   0.436074E+02   0.154235E+00   0.119093E-01   0.640961E-02   0.123030E-01   0.313698E-01   0.218752E+03   0.122215E+02   0.000000E+00   0.206530E+03  -0.413061E+03
   0.408053E+02   0.601548E+00   0.411193E+01   0.860493E+01   0.818435E+01   0.370751E+02   0.889372E+01   0.232956E+02  -0.975710E+01  -0.141066E+02  -0.456456E+01   0.725555E+01   0.437040E+02   0.436074E+02   0.138824E+00   0.119093E-01   0.147394E-01   0.706545E-02   0.313698E-01   0.220995E+03   0.119123E+02   0.000000E+00   0.209083E+03  -0.418165E+03
   0.404991E+02   0.601548E+00   0.461864E+01   0.860493E+01   0.818435E+01   0.370751E+02   0.889372E+01   0.232956E+02  -0.975710E+01  -0.141066E+02  -0.456456E+01   0.725555E+01   0.437040E+02   0.436074E+02   0.152488E+00   0.113267E-01   0.294134E-01   0.107576E-01   0.313698E-01   0.219533E+03   0.101339E+02   0.000000E+00   0.209399E+03  -0.418798E+03
   0.404991E+02   0.798317E+00   0.461864E+01   0.962256E+01   0.818435E+01   0.370751E+02   0.889372E+01   0.232956E+02  -0.975710E+01  -0.145237E+02  -0.456456E+01   0.724635E+01   0.437040E+02   0.436074E+02   0.151021E+00   0.215665E-01   0.121101E-01   0.122594E-01   0.277770E-01   0.221670E+03   0.110494E+02   0.000000E+00   0.210621E+03  -0.421241E+03
   0.404991E+02   0.798317E+00   0.461864E+01   0.962256E+01   0.818435E+01   0.376999E+02   0.889372E+01   0.232956E+02  -0.975710E+01  -0.145237E+02  -0.456456E+01   0.724635E+01   0.437040E+02   0.436074E+02   0.144591E+00   0.227758E-01   0.121101E-01   0.122594E-01   0.327436E-01   0.221119E+03   0.104318E+02   0.000000E+00   0.210687E+03  -0.421374E+03
   0.404451E+02   0.946325E+00   0.461864E+01   0.778671E+01   0.683122E+01   0.376999E+02   0.889372E+01   0.232956E+02  -0.975710E+01  -0.145237E+02  -0.456456E+01   0.724635E+01   0.437040E+02   0.436074E+02   0.138154E+00   0.213037E-01   0.121101E-01   0.195493E-01   0.370295E-01   0.219519E+03   0.942142E+01   0.000000E+00   0.210098E+03  -0.420195E+03
   0.404451E+02   0.946325E+00   0.347534E+01   0.712643E+01   0.683122E+01   0.376999E+02   0.889372E+01   0.232956E+02  -0.975710E+01  -0.145237E+02  -0.456456E+01   0.724635E+01   0.437040E+02   0.436074E+02   0.138154E+00   0.213037E-01   0.167694E-01   0.195493E-01   0.369875E-01   0.218949E+03   0.895969E+01   0.000000E+00   0.209989E+03  -0.419979E+03
   0.404451E+02   0.946325E+00   0.347534E+01   0.712643E+01   0.683122E+01   0.379522E+02   0.889372E+01   0.232956E+02  -0.975710E+01  -0.145237E+02  -0.456456E+01   0.803182E+01   0.437040E+02   0.436074E+02   0.144443E+00   0.213037E-01   0.167694E-01   0.195493E-01   0.477036E-01   0.215380E+03   0.788808E+01   0.000000E+00   0.207492E+03  -0.414984E+03
   0.404451E+02   0.946325E+00   0.170665E+01   0.886039E+01   0.546453E+01   0.379522E+02   0.105757E+02   0.232956E+02  -0.975710E+01  -0.145237E+02  -0.451975E+01   0.803182E+01   0.437040E+02   0.436074E+02   0.144443E+00   0.878460E-02   0.167694E-01   0.195493E-01   0.366974E-01   0.214207E+03   0.102406E+02   0.000000E+00   0.203966E+03  -0.407933E+03
   0.404451E+02   0.946325E+00   0.170665E+01   0.886039E+01   0.591116E+01   0.379522E+02   0.105757E+02   0.230980E+02  -0.975710E+01  -0.145237E+02  -0.451975E+01   0.803182E+01   0.437040E+02   0.436074E+02   0.144984E+00   0.653838E-02   0.167694E-01   0.247856E-01   0.448876E-01   0.215007E+03   0.912258E+01   0.000000E+00   0.205884E+03  -0.411769E+03
   0.404451E+02   0.946325E+00   0.170665E+01   0.886039E+01   0.591116E+01   0.374523E+02   0.105757E+02   0.230980E+02  -0.975710E+01  -0.144704E+02  -0.451975E+01   0.803182E+01   0.437040E+02   0.436074E+02   0.143293E+00   0.653838E-02   0.167694E-01   0.133802E-01   0.448876E-01   0.216721E+03   0.102631E+02   0.000000E+00   0.206458E+03  -0.412916E+03
   0.404451E+02   0.946325E+00   0.170665E+01   0.886039E+01   0.693974E+01   0.376879E+02   0.105757E+02   0.230980E+02  -0.975710E+01  -0.142277E+02  -0.451975E+01   0.803831E+01   0.437040E+02   0.436074E+02   0.146115E+00   0.653838E-02   0.108682E-01   0.525424E-02   0.227677E-01   0.218901E+03   0.138778E+02   0.000000E+00   0.205023E+03  -0.410046E+03
   0.404451E+02   0.946325E+00   0.342246E+01   0.886039E+01   0.747146E+01   0.369147E+02   0.109266E+02   0.230980E+02  -0.975810E+01  -0.142277E+02  -0.451975E+01   0.803831E+01   0.437040E+02   0.436074E+02   0.146475E+00   0.153640E-01   0.173249E-01   0.576864E-02   0.125429E-01   0.223124E+03   0.133206E+02   0.000000E+00   0.209803E+03  -0.419607E+03
   0.404451E+02   0.946325E+00   0.342246E+01   0.886039E+01   0.747146E+01   0.369147E+02   0.109266E+02   0.229709E+02  -0.975810E+01  -0.142277E+02  -0.435575E+01   0.803831E+01   0.437040E+02   0.436074E+02   0.146475E+00   0.292644E-02   0.173249E-01   0.734036E-03   0.125429E-01   0.225299E+03   0.150679E+02   0.000000E+00   0.210231E+03  -0.420462E+03
   0.402413E+02   0.946325E+00   0.342246E+01   0.705537E+01   0.747146E+01   0.369147E+02   0.986983E+01   0.229709E+02  -0.975810E+01  -0.142277E+02  -0.439066E+01   0.803831E+01   0.437040E+02   0.436074E+02   0.146144E+00   0.292644E-02   0.173249E-01   0.734036E-03   0.125429E-01   0.224816E+03   0.150679E+02   0.000000E+00   0.209748E+03  -0.419496E+03
   0.403435E+02   0.149156E+01   0.342246E+01   0.705537E+01   0.686117E+01   0.369147E+02   0.986983E+01   0.230651E+02  -0.975966E+01  -0.144711E+02  -0.439066E+01   0.803831E+01   0.437040E+02   0.436074E+02   0.146144E+00   0.292644E-02   0.192340E-01   0.734036E-03   0.125429E-01   0.223151E+03   0.148769E+02   0.000000E+00   0.208274E+03  -0.416548E+03
   0.404330E+02   0.149156E+01   0.342246E+01   0.837019E+01   0.686117E+01   0.369147E+02   0.988592E+01   0.230771E+02  -0.975966E+01  -0.144711E+02  -0.439066E+01   0.803831E+01   0.437040E+02   0.436074E+02   0.146144E+00   0.292644E-02   0.235950E-01   0.734036E-03   0.125429E-01   0.223803E+03   0.144408E+02   0.000000E+00   0.209362E+03  -0.418724E+03
   0.404330E+02   0.108431E+01   0.399806E+01   0.837019E+01   0.686117E+01   0.366490E+02   0.952448E+01   0.230864E+02  -0.975966E+01  -0.144711E+02  -0.439066E+01   0.803831E+01   0.437040E+02   0.436074E+02   0.146144E+00   0.157396E-01   0.110467E-01   0.305006E-02   0.125429E-01   0.224714E+03   0.141828E+02   0.000000E+00   0.210531E+03  -0.421062E+03
   0.404330E+02   0.108431E+01   0.399806E+01   0.837019E+01   0.686117E+01   0.366490E+02   0.106435E+02   0.229239E+02  -0.975966E+01  -0.144711E+02  -0.444194E+01   0.803831E+01   0.437040E+02   0.436074E+02   0.146144E+00   0.142198E-01   0.258758E-02   0.305006E-02   0.810787E-02   0.227465E+03   0.156241E+02   0.000000E+00   0.211841E+03  -0.423682E+03
   0.404330E+02   0.285163E+00   0.399806E+01   0.837019E+01   0.686117E+01   0.366490E+02   0.106435E+02   0.229239E+02  -0.975966E+01  -0.144711E+02  -0.440697E+01   0.803831E+01   0.437040E+02   0.436074E+02   0.146144E+00   0.142198E-01   0.116603E-01   0.305006E-02   0.810787E-02   0.226301E+03   0.147169E+02   0.000000E+00   0.211584E+03  -0.423168E+03
   0.404330E+02   0.285163E+00   0.399806E+01   0.837019E+01   0.686117E+01   0.364218E+02   0.106435E+02   0.229239E+02  -0.975966E+01  -0.144711E+02  -0.440697E+01   0.803831E+01   0.437040E+02   0.436074E+02   0.146144E+00   0.215588E-01   0.296848E-02   0.102058E-01   0.810787E-02   0.225658E+03   0.141366E+02   0.000000E+00   0.211521E+03  -0.423043E+03
   0.404330E+02   0.285163E+00   0.399806E+01   0.837019E+01   0.686117E+01   0.364218E+02   0.106435E+02   0.229239E+02  -0.975966E+01  -0.144711E+02  -0.441005E+01   0.803831E+01   0.437040E+02   0.436074E+02   0.152838E+00   0.951167E-02   0.296848E-02   0.102058E-01   0.810787E-02   0.225621E+03   0.153413E+02   0.000000E+00   0.210280E+03  -0.420559E+03
   0.404330E+02   0.285163E+00   0.399806E+01   0.837019E+01   0.713586E+01   0.364218E+02   0.915797E+01   0.229239E+02  -0.975966E+01  -0.144711E+02  -0.441005E+01   0.803831E+01   0.437040E+02   0.436074E+02   0.143707E+00   0.951167E-02   0.296848E-02   0.124022E-01   0.813626E-02   0.226529E+03   0.151188E+02   0.000000E+00   0.211410E+03  -0.422820E+03
   0.403122E+02   0.285163E+00   0.398519E+01   0.837019E+01   0.713586E+01   0.367035E+02   0.915797E+01   0.229239E+02  -0.975966E+01  -0.144711E+02  -0.441005E+01   0.803831E+01   0.437040E+02   0.436074E+02   0.143707E+00   0.818941E-02   0.336139E-02   0.124022E-01   0.813626E-02   0.226809E+03   0.152118E+02   0.000000E+00   0.211597E+03  -0.423194E+03
   0.403122E+02   0.285163E+00   0.398519E+01   0.678718E+01   0.713586E+01   0.367035E+02   0.915797E+01   0.229239E+02  -0.975966E+01  -0.144711E+02  -0.441005E+01   0.803831E+01   0.437040E+02   0.436074E+02   0.143707E+00   0.110931E-01   0.336139E-02   0.130014E-01   0.813626E-02   0.226419E+03   0.148615E+02   0.000000E+00   0.211558E+03  -0.423115E+03
   0.403122E+02   0.888192E+00   0.398519E+01   0.678718E+01   0.713586E+01   0.367035E+02   0.915797E+01   0.229239E+02  -0.975966E+01  -0.144711E+02  -0.441005E+01   0.803831E+01   0.437040E+02   0.436074E+02   0.145482E+00   0.197142E-01   0.336139E-02   0.332424E-02   0.813626E-02   0.225831E+03   0.149671E+02   0.000000E+00   0.210864E+03  -0.421728E+03
   0.403122E+02   0.888192E+00   0.398519E+01   0.678718E+01   0.795508E+01   0.367035E+02   0.915797E+01   0.229239E+02  -0.975966E+01  -0.144711E+02  -0.441005E+01   0.803831E+01   0.437040E+02   0.436074E+02   0.147862E+00   0.959319E-02   0.336139E-02   0.487095E-02   0.813626E-02   0.226198E+03   0.158245E+02   0.000000E+00   0.210373E+03  -0.420747E+03
   0.403122E+02   0.888192E+00   0.398519E+01   0.678718E+01   0.795508E+01   0.367035E+02   0.915797E+01   0.229239E+02  -0.975966E+01  -0.144711E+02  -0.441005E+01   0.803831E+01   0.437040E+02   0.436074E+02   0.151952E+00   0.959319E-02   0.336139E-02   0.574982E-02   0.136439E-01   0.224805E+03   0.151859E+02   0.000000E+00   0.209619E+03  -0.419238E+03
   0.400682E+02   0.888192E+00   0.412393E+01   0.678718E+01   0.811679E+01   0.367570E+02   0.107149E+02   0.229239E+02  -0.975966E+01  -0.144711E+02  -0.441005E+01   0.803831E+01   0.437040E+02   0.436074E+02   0.151952E+00   0.220769E-01   0.105689E-01   0.547650E-02   0.146685E-01   0.221549E+03   0.131416E+02   0.000000E+00   0.208407E+03  -0.416815E+03
   0.400682E+02   0.169652E+01   0.384401E+01   0.678718E+01   0.449493E+01   0.367570E+02   0.107149E+02   0.229239E+02  -0.975966E+01  -0.144711E+02  -0.441005E+01   0.803831E+01   0.437040E+02   0.436074E+02   0.153821E+00   0.220769E-01   0.105689E-01   0.148669E-01   0.251766E-01   0.216083E+03   0.111518E+02   0.000000E+00   0.204931E+03  -0.409862E+03
   0.400682E+02   0.130079E+00   0.282027E+01   0.826250E+01   0.564285E+01   0.375323E+02   0.880047E+01   0.229239E+02  -0.973768E+01  -0.144711E+02  -0.441005E+01   0.803831E+01   0.437040E+02   0.436074E+02   0.153821E+00   0.220769E-01   0.975179E-02   0.175487E-01   0.257917E-01   0.219177E+03   0.109038E+02   0.000000E+00   0.208273E+03  -0.416546E+03
   0.403524E+02   0.130079E+00   0.282027E+01   0.696301E+01   0.564285E+01   0.375323E+02   0.755658E+01   0.228522E+02  -0.973768E+01  -0.144711E+02  -0.441005E+01   0.803831E+01   0.437040E+02   0.436074E+02   0.153821E+00   0.971429E-02   0.975179E-02   0.211344E-01   0.129188E-01   0.221309E+03   0.130688E+02   0.000000E+00   0.208240E+03  -0.416480E+03
   0.403524E+02   0.124716E+00   0.263639E+01   0.696301E+01   0.654472E+01   0.375323E+02   0.967261E+01   0.228522E+02  -0.973768E+01  -0.144711E+02  -0.441005E+01   0.803831E+01   0.437040E+02   0.436074E+02   0.136088E+00   0.971429E-02   0.114176E-01   0.185929E-01   0.129188E-01   0.222619E+03   0.131563E+02   0.000000E+00   0.209463E+03  -0.418925E+03
   0.402281E+02   0.124716E+00   0.263639E+01   0.696301E+01   0.654472E+01   0.375323E+02   0.967261E+01   0.228522E+02  -0.973768E+01  -0.144711E+02  -0.441005E+01   0.803831E+01   0.437040E+02   0.436074E+02   0.141749E+00   0.194789E-01   0.114176E-01   0.185929E-01   0.154057E-01   0.222921E+03   0.119312E+02   0.000000E+00   0.210990E+03  -0.421980E+03
   0.402281E+02   0.124716E+00   0.263639E+01   0.696301E+01   0.654472E+01   0.375323E+02   0.967261E+01   0.228522E+02  -0.973768E+01  -0.144711E+02  -0.441005E+01   0.803831E+01   0.437040E+02   0.436074E+02   0.141749E+00   0.183612E-02   0.114176E-01   0.124969E-01   0.171995E-01   0.225116E+03   0.141257E+02   0.000000E+00   0.210990E+03  -0.421981E+03
   0.402281E+02   0.124716E+00   0.233410E+01   0.696301E+01   0.773557E+01   0.359270E+02   0.101561E+02   0.228522E+02  -0.973768E+01  -0.144711E+02  -0.441005E+01   0.803831E+01   0.437040E+02   0.436074E+02   0.141307E+00   0.183612E-02   0.114176E-01   0.124969E-01   0.171995E-01   0.223583E+03   0.141257E+02   0.000000E+00   0.209457E+03  -0.418915E+03
   0.401955E+02  -0.490716E+00   0.233410E+01   0.696301E+01   0.662816E+01   0.365625E+02   0.108575E+02   0.228522E+02  -0.973768E+01  -0.144361E+02  -0.441005E+01   0.812428E+01   0.437040E+02   0.436074E+02   0.141307E+00   0.344890E-04   0.114176E-01   0.124969E-01   0.170712E-01   0.224197E+03   0.143187E+02   0.000000E+00   0.209878E+03  -0.419757E+03
   0.401955E+02  -0.490716E+00   0.233410E+01   0.696301E+01   0.662816E+01   0.365625E+02   0.108575E+02   0.228522E+02  -0.973768E+01  -0.144361E+02  -0.441005E+01   0.812428E+01   0.437040E+02   0.436074E+02   0.141307E+00   0.344890E-04   0.488474E-02   0.200884E-01   0.136891E-01   0.224429E+03   0.145510E+02   0.000000E+00   0.209878E+03  -0.419756E+03
   0.401955E+02  -0.490716E+00   0.233410E+01   0.696301E+01   0.662816E+01   0.365625E+02   0.108575E+02   0.231808E+02  -0.973768E+01  -0.144361E+02  -0.441005E+01   0.806648E+01   0.437040E+02   0.436074E+02   0.141307E+00   0.344890E-04   0.488474E-02   0.804256E-03   0.136891E-01   0.224345E+03   0.164794E+02   0.000000E+00   0.207866E+03  -0.415731E+03
   0.401955E+02  -0.490716E+00   0.214655E+01   0.626161E+01   0.662816E+01   0.365625E+02   0.980047E+01   0.231808E+02  -0.973768E+01  -0.144361E+02  -0.441005E+01   0.812236E+01   0.437040E+02   0.436074E+02   0.147767E+00   0.344890E-04   0.602398E-02   0.804256E-03   0.124118E-01   0.224090E+03   0.164932E+02   0.000000E+00   0.207597E+03  -0.415194E+03
   0.401955E+02  -0.490716E+00   0.214655E+01   0.669679E+01   0.662816E+01   0.365625E+02   0.981009E+01   0.231808E+02  -0.973768E+01  -0.144361E+02  -0.419946E+01   0.748397E+01   0.437040E+02   0.436074E+02   0.146827E+00   0.344890E-04   0.165708E-01   0.804256E-03   0.124118E-01   0.224192E+03   0.154385E+02   0.000000E+00   0.208753E+03  -0.417507E+03
   0.401478E+02  -0.490716E+00   0.214655E+01   0.669679E+01   0.662816E+01   0.365625E+02   0.158375E+02   0.231808E+02  -0.973768E+01  -0.144361E+02  -0.419946E+01   0.748397E+01   0.437040E+02   0.436074E+02   0.146827E+00   0.344890E-04   0.165708E-01   0.804256E-03   0.124118E-01   0.215224E+03   0.154385E+02   0.000000E+00   0.199785E+03  -0.399571E+03
   0.401478E+02  -0.490716E+00   0.214655E+01   0.669679E+01   0.662816E+01   0.372192E+02   0.140063E+02   0.230782E+02  -0.973768E+01  -0.140640E+02  -0.419946E+01   0.748397E+01   0.437040E+02   0.436074E+02   0.146827E+00   0.344890E-04   0.165708E-01   0.804256E-03   0.124118E-01   0.219560E+03   0.154385E+02   0.000000E+00   0.204121E+03  -0.408243E+03
   0.401478E+02  -0.490716E+00   0.214655E+01   0.669679E+01   0.523249E+01   0.372192E+02   0.992334E+01   0.230782E+02  -0.973768E+01  -0.140640E+02  -0.454806E+01   0.748397E+01   0.437040E+02   0.436074E+02   0.148571E+00   0.344890E-04   0.165708E-01   0.154436E-01   0.121072E-01   0.223477E+03   0.140051E+02   0.000000E+00   0.209472E+03  -0.418944E+03
   0.401478E+02  -0.490716E+00   0.214655E+01   0.669679E+01   0.523249E+01   0.372192E+02   0.992334E+01   0.230782E+02  -0.973768E+01  -0.140553E+02  -0.507592E+01   0.748397E+01   0.437040E+02   0.436074E+02   0.145147E+00   0.344890E-04   0.165708E-01   0.924552E-02   0.123033E-01   0.226599E+03   0.146053E+02   0.000000E+00   0.211994E+03  -0.423987E+03
   0.401478E+02  -0.490716E+00   0.214655E+01   0.659351E+01   0.752710E+01   0.369829E+02   0.102342E+02   0.230782E+02  -0.973768E+01  -0.140553E+02  -0.507592E+01   0.748397E+01   0.437040E+02   0.436074E+02   0.145147E+00   0.344890E-04   0.165708E-01   0.924552E-02   0.387684E-03   0.227165E+03   0.157968E+02   0.000000E+00   0.211368E+03  -0.422736E+03
   0.401478E+02   0.340769E+00   0.214736E+01   0.659351E+01   0.330938E+01   0.369829E+02   0.113164E+02   0.230782E+02  -0.973768E+01  -0.140553E+02  -0.507592E+01   0.748397E+01   0.437040E+02   0.436074E+02   0.145147E+00   0.766828E-02   0.240484E-01   0.130261E-02   0.387684E-03   0.225533E+03   0.150800E+02   0.000000E+00   0.210453E+03  -0.420906E+03
   0.401478E+02   0.340769E+00   0.214736E+01   0.729499E+01   0.330938E+01   0.375890E+02   0.113164E+02   0.230782E+02  -0.977089E+01  -0.140553E+02  -0.507592E+01   0.748397E+01   0.437040E+02   0.436074E+02   0.148595E+00   0.698256E-02   0.240484E-01   0.130261E-02   0.387684E-03   0.225025E+03   0.151486E+02   0.000000E+00   0.209876E+03  -0.419753E+03
   0.401478E+02   0.501613E+00   0.159073E+01   0.729499E+01   0.330938E+01   0.375890E+02   0.111493E+02   0.231196E+02  -0.977089E+01  -0.140553E+02  -0.507592E+01   0.738085E+01   0.437040E+02   0.436074E+02   0.148595E+00   0.698256E-02   0.327344E-01   0.130261E-02   0.387684E-03   0.223476E+03   0.142800E+02   0.000000E+00   0.209196E+03  -0.418392E+03
   0.401478E+02   0.501613E+00   0.327807E+01   0.729499E+01   0.330938E+01   0.375890E+02   0.111493E+02   0.231196E+02  -0.977089E+01  -0.140553E+02  -0.507592E+01   0.738085E+01   0.437040E+02   0.436074E+02   0.148595E+00   0.282443E-01   0.334462E-01   0.540398E-02   0.387684E-03   0.221138E+03   0.116725E+02   0.000000E+00   0.209466E+03  -0.418931E+03
   0.401478E+02   0.501613E+00   0.308967E+01   0.729499E+01   0.400253E+01   0.367454E+02   0.989890E+01   0.231196E+02  -0.978877E+01  -0.140553E+02  -0.507592E+01   0.738085E+01   0.437040E+02   0.436074E+02   0.150248E+00   0.264318E-01   0.334462E-01   0.718658E-02   0.387684E-03   0.223009E+03   0.116755E+02   0.000000E+00   0.211334E+03  -0.422667E+03
   0.401478E+02   0.501613E+00   0.308967E+01   0.678730E+01   0.563010E+01   0.367454E+02   0.106527E+02   0.231196E+02  -0.978877E+01  -0.140553E+02  -0.507445E+01   0.738085E+01   0.437040E+02   0.436074E+02   0.136273E+00   0.844355E-02   0.275579E-01   0.980335E-02   0.387684E-03   0.226585E+03   0.138014E+02   0.000000E+00   0.212784E+03  -0.425567E+03
   0.401869E+02   0.604785E+00   0.287483E+01   0.678730E+01   0.563010E+01   0.367454E+02   0.106527E+02   0.231196E+02  -0.979183E+01  -0.140553E+02  -0.507445E+01   0.738085E+01   0.437040E+02   0.436074E+02   0.136273E+00   0.248283E-01   0.275579E-01   0.980335E-02   0.711392E-02   0.224097E+03   0.114903E+02   0.000000E+00   0.212607E+03  -0.425213E+03
   0.401869E+02   0.604785E+00   0.287483E+01   0.678730E+01   0.587946E+01   0.367454E+02   0.106527E+02   0.230811E+02  -0.979183E+01  -0.140553E+02  -0.507445E+01   0.738085E+01   0.437040E+02   0.436074E+02   0.136273E+00   0.248283E-01   0.275579E-01   0.980335E-02   0.604535E-02   0.224748E+03   0.115972E+02   0.000000E+00   0.213151E+03  -0.426302E+03
   0.402794E+02   0.604785E+00   0.287483E+01   0.678730E+01   0.587946E+01   0.375523E+02   0.106527E+02   0.230811E+02  -0.979183E+01  -0.140553E+02  -0.507445E+01   0.738085E+01   0.437040E+02   0.436074E+02   0.140719E+00   0.163649E-01   0.157247E-01   0.980335E-02   0.604535E-02   0.226881E+03   0.136269E+02   0.000000E+00   0.213254E+03  -0.426508E+03
   0.402794E+02  -0.421091E+00   0.287483E+01   0.678730E+01   0.630216E+01   0.375523E+02   0.104384E+02   0.230811E+02  -0.979183E+01  -0.140553E+02  -0.507445E+01   0.738085E+01   0.437040E+02   0.436074E+02   0.140719E+00   0.249857E-01   0.612198E-02   0.980335E-02   0.604535E-02   0.226613E+03   0.137250E+02   0.000000E+00   0.212888E+03  -0.425776E+03
   0.401769E+02  -0.421091E+00   0.287483E+01   0.572385E+01   0.630216E+01   0.375523E+02   0.911701E+01   0.230811E+02  -0.979183E+01  -0.138535E+02  -0.474203E+01   0.704175E+01   0.437040E+02   0.436074E+02   0.140719E+00   0.249857E-01   0.612198E-02   0.852696E-02   0.604535E-02   0.224645E+03   0.138527E+02   0.000000E+00   0.210792E+03  -0.421585E+03
   0.399567E+02  -0.421091E+00   0.337285E+01   0.601542E+01   0.630216E+01   0.375523E+02   0.911701E+01   0.230811E+02  -0.979183E+01  -0.139161E+02  -0.474203E+01   0.704175E+01   0.437040E+02   0.436074E+02   0.142265E+00   0.265281E-01   0.612198E-02   0.950489E-03   0.610156E-02   0.225337E+03   0.144505E+02   0.000000E+00   0.210887E+03  -0.421773E+03
   0.399567E+02  -0.421091E+00   0.263796E+01   0.601542E+01   0.630216E+01   0.380430E+02   0.103195E+02   0.230811E+02  -0.973291E+01  -0.139161E+02  -0.429417E+01   0.704175E+01   0.437040E+02   0.436074E+02   0.142265E+00   0.263580E-01   0.164742E-01   0.950489E-03   0.610156E-02   0.220742E+03   0.134323E+02   0.000000E+00   0.207310E+03  -0.414619E+03
   0.400004E+02  -0.675992E+00   0.248771E+01   0.601542E+01   0.630216E+01   0.361842E+02   0.120875E+02   0.230811E+02  -0.973291E+01  -0.131179E+02  -0.429417E+01   0.704175E+01   0.437040E+02   0.436074E+02   0.142265E+00   0.329618E-01   0.246908E-01   0.950489E-03   0.610156E-02   0.220206E+03   0.119502E+02   0.000000E+00   0.208256E+03  -0.416512E+03
   0.398205E+02  -0.675992E+00   0.248771E+01   0.601542E+01   0.630216E+01   0.361842E+02   0.120875E+02   0.230811E+02  -0.973291E+01  -0.131179E+02  -0.429417E+01   0.704175E+01   0.437040E+02   0.436074E+02   0.142265E+00   0.262201E-01   0.246908E-01   0.718128E-02   0.610156E-02   0.219755E+03   0.120013E+02   0.000000E+00   0.207754E+03  -0.415507E+03
   0.398521E+02  -0.675992E+00   0.248771E+01   0.495102E+01   0.630216E+01   0.361842E+02   0.138364E+02   0.230811E+02  -0.979463E+01  -0.132372E+02  -0.431795E+01   0.704175E+01   0.437040E+02   0.436074E+02   0.142265E+00   0.329916E-01   0.110609E-01   0.718128E-02   0.610156E-02   0.214420E+03   0.126871E+02   0.000000E+00   0.201733E+03  -0.403466E+03
   0.398521E+02  -0.103776E+01   0.248771E+01   0.495102E+01   0.630216E+01   0.361842E+02   0.129892E+02   0.230811E+02  -0.979463E+01  -0.132372E+02  -0.431795E+01   0.704175E+01   0.437040E+02   0.436074E+02   0.142265E+00   0.245640E-01   0.110609E-01   0.718128E-02   0.165908E-01   0.214524E+03   0.124810E+02   0.000000E+00   0.202043E+03  -0.404086E+03
   0.398521E+02  -0.132868E+01   0.248771E+01   0.457710E+01   0.630216E+01   0.361842E+02   0.129892E+02   0.227802E+02  -0.925567E+01  -0.132372E+02  -0.431795E+01   0.704175E+01   0.437040E+02   0.436074E+02   0.140385E+00   0.245640E-01   0.138104E-01   0.718128E-02   0.565888E-02   0.216187E+03   0.132992E+02   0.000000E+00   0.202888E+03  -0.405776E+03
   0.398521E+02  -0.132868E+01   0.248771E+01   0.457710E+01   0.605666E+01   0.361842E+02   0.129892E+02   0.227802E+02  -0.925567E+01  -0.132372E+02  -0.431795E+01   0.704175E+01   0.437040E+02   0.436074E+02   0.141738E+00   0.182033E-01   0.138104E-01   0.718128E-02   0.565888E-02   0.217301E+03   0.139353E+02   0.000000E+00   0.203366E+03  -0.406731E+03
   0.398521E+02  -0.132868E+01   0.248771E+01   0.457710E+01   0.605666E+01   0.361842E+02   0.129892E+02   0.227802E+02  -0.925567E+01  -0.132372E+02  -0.431795E+01   0.630283E+01   0.437040E+02   0.436074E+02   0.141738E+00   0.182090E-02   0.138104E-01   0.718128E-02   0.565888E-02   0.218922E+03   0.155735E+02   0.000000E+00   0.203348E+03  -0.406697E+03
   0.398521E+02  -0.132868E+01   0.248771E+01   0.457710E+01   0.605666E+01   0.361842E+02   0.111267E+02   0.227802E+02  -0.925567E+01  -0.133797E+02  -0.431795E+01   0.630283E+01   0.437040E+02   0.436074E+02   0.141738E+00   0.182090E-02   0.138104E-01   0.718128E-02   0.565888E-02   0.222749E+03   0.155735E+02   0.000000E+00   0.207175E+03  -0.414351E+03
   0.398521E+02  -0.132868E+01   0.248771E+01   0.457710E+01   0.605666E+01   0.361842E+02   0.889443E+01   0.227802E+02  -0.925567E+01  -0.133797E+02  -0.431795E+01   0.630283E+01   0.437040E+02   0.436074E+02   0.141738E+00   0.135435E-01   0.138104E-01   0.718128E-02   0.565888E-02   0.220732E+03   0.144013E+02   0.000000E+00   0.206331E+03  -0.412661E+03
   0.398521E+02  -0.132868E+01   0.133303E+01   0.457710E+01   0.508806E+01   0.361842E+02   0.889443E+01   0.228557E+02  -0.925567E+01  -0.133797E+02  -0.431795E+01   0.630283E+01   0.437040E+02   0.436074E+02   0.141222E+00   0.135435E-01   0.101437E-01   0.718128E-02   0.150568E-02   0.220561E+03   0.151833E+02   0.000000E+00   0.205378E+03  -0.410755E+03
   0.398521E+02  -0.162259E+01   0.133303E+01   0.514993E+01   0.508806E+01   0.361842E+02   0.123231E+02   0.228557E+02  -0.925567E+01  -0.133797E+02  -0.431795E+01   0.630283E+01   0.437040E+02   0.436074E+02   0.141222E+00   0.101431E-01   0.991612E-02   0.718128E-02   0.150568E-02   0.221379E+03   0.155461E+02   0.000000E+00   0.205833E+03  -0.411666E+03
   0.398521E+02  -0.124182E+01   0.133303E+01   0.514993E+01   0.508806E+01   0.361842E+02   0.121959E+02   0.228557E+02  -0.933353E+01  -0.133797E+02  -0.431795E+01   0.630283E+01   0.437040E+02   0.436074E+02   0.148201E+00   0.403248E-02   0.991612E-02   0.149870E-01   0.150568E-02   0.222476E+03   0.153766E+02   0.000000E+00   0.207099E+03  -0.414199E+03
   0.398521E+02  -0.353210E+00   0.133303E+01   0.514993E+01   0.462030E+01   0.361842E+02   0.121959E+02   0.228557E+02  -0.933353E+01  -0.133797E+02  -0.431795E+01   0.630283E+01   0.437040E+02   0.436074E+02   0.148201E+00   0.403248E-02   0.991612E-02   0.178254E-01   0.150568E-02   0.223682E+03   0.150927E+02   0.000000E+00   0.208589E+03  -0.417179E+03
   0.399895E+02  -0.353210E+00   0.133303E+01   0.556441E+01   0.536767E+01   0.361842E+02   0.121959E+02   0.228813E+02  -0.933353E+01  -0.133797E+02  -0.431795E+01   0.630283E+01   0.437040E+02   0.436074E+02   0.148201E+00   0.165345E-01   0.991612E-02   0.649505E-02   0.206228E-02   0.224246E+03   0.149199E+02   0.000000E+00   0.209326E+03  -0.418652E+03
   0.399895E+02  -0.353210E+00   0.133303E+01   0.556441E+01   0.536767E+01   0.361842E+02   0.121959E+02   0.223525E+02  -0.947626E+01  -0.133797E+02  -0.431795E+01   0.630283E+01   0.437040E+02   0.436074E+02   0.150408E+00   0.165345E-01   0.991612E-02   0.649505E-02   0.206228E-02   0.223480E+03   0.149199E+02   0.000000E+00   0.208560E+03  -0.417120E+03
   0.398855E+02  -0.353210E+00   0.272637E+01   0.556441E+01   0.536767E+01   0.361842E+02   0.121959E+02   0.223525E+02  -0.947626E+01  -0.133797E+02  -0.431795E+01   0.630283E+01   0.437040E+02   0.436074E+02   0.150408E+00   0.165345E-01   0.991612E-02   0.137476E-02   0.206228E-02   0.224925E+03   0.154319E+02   0.000000E+00   0.209493E+03  -0.418986E+03
   0.398855E+02  -0.353210E+00   0.272637E+01   0.633255E+01   0.536767E+01   0.361842E+02   0.121959E+02   0.223525E+02  -0.947626E+01  -0.133797E+02  -0.431795E+01   0.630283E+01   0.437040E+02   0.436074E+02   0.150408E+00   0.165345E-01   0.991612E-02   0.195990E-02   0.399828E-02   0.225307E+03   0.151798E+02   0.000000E+00   0.210127E+03  -0.420254E+03
   0.398855E+02  -0.353210E+00   0.272637E+01   0.607810E+01   0.536767E+01   0.361842E+02   0.121959E+02   0.223624E+02  -0.947626E+01  -0.133797E+02  -0.433199E+01   0.630283E+01   0.437040E+02   0.436074E+02   0.150408E+00   0.539689E-02   0.991612E-02   0.195990E-02   0.399828E-02   0.226394E+03   0.162936E+02   0.000000E+00   0.210100E+03  -0.420201E+03
   0.398855E+02  -0.353210E+00   0.337928E+01   0.607810E+01   0.581580E+01   0.361842E+02   0.121959E+02   0.223624E+02  -0.947626E+01  -0.133797E+02  -0.433199E+01   0.630283E+01   0.437040E+02   0.436074E+02   0.150408E+00   0.539689E-02   0.196289E-01   0.195990E-02   0.399828E-02   0.224864E+03   0.153223E+02   0.000000E+00   0.209542E+03  -0.419083E+03
   0.398855E+02  -0.353210E+00   0.239155E+01   0.607810E+01   0.581580E+01   0.356519E+02   0.968067E+01   0.223624E+02  -0.947626E+01  -0.133797E+02  -0.433199E+01   0.630283E+01   0.437040E+02   0.436074E+02   0.150408E+00   0.539689E-02   0.222065E-01   0.195990E-02   0.811207E-02   0.224379E+03   0.146531E+02   0.000000E+00   0.209726E+03  -0.419452E+03
   0.398855E+02  -0.353210E+00   0.239155E+01   0.607810E+01   0.581580E+01   0.359252E+02   0.968067E+01   0.223624E+02  -0.947626E+01  -0.133797E+02  -0.433199E+01   0.630283E+01   0.437040E+02   0.436074E+02   0.151336E+00   0.539689E-02   0.279134E-01   0.153959E-01   0.890636E-02   0.222928E+03   0.126594E+02   0.000000E+00   0.210269E+03  -0.420537E+03
   0.403480E+02  -0.353210E+00   0.405409E+01   0.607810E+01   0.581580E+01   0.376969E+02   0.968067E+01   0.223624E+02  -0.947626E+01  -0.133797E+02  -0.433199E+01   0.630283E+01   0.437040E+02   0.436074E+02   0.151336E+00   0.656420E-02   0.371621E-01   0.153959E-01   0.886002E-02   0.221136E+03   0.116225E+02   0.000000E+00   0.209514E+03  -0.419027E+03
   0.397268E+02  -0.201855E+00   0.405409E+01   0.607810E+01   0.872553E+01   0.373450E+02   0.968067E+01   0.223624E+02  -0.947626E+01  -0.133797E+02  -0.433199E+01   0.630283E+01   0.437040E+02   0.436074E+02   0.151336E+00   0.404220E-02   0.570838E-01   0.210348E-01   0.146591E-02   0.217017E+03   0.100580E+02   0.000000E+00   0.206959E+03  -0.413918E+03
   0.402018E+02  -0.201855E+00   0.321289E+01   0.607810E+01   0.480059E+01   0.373450E+02   0.968067E+01   0.223624E+02  -0.947626E+01  -0.133493E+02  -0.433199E+01   0.630283E+01   0.437040E+02   0.436074E+02   0.151336E+00   0.404220E-02   0.608472E-01   0.231177E-01   0.223519E-04   0.220117E+03   0.961774E+01   0.000000E+00   0.210499E+03  -0.420999E+03
   0.399690E+02  -0.201855E+00   0.383054E+01   0.607810E+01   0.615801E+01   0.364771E+02   0.780915E+01   0.223624E+02  -0.947626E+01  -0.133493E+02  -0.433199E+01   0.632010E+01   0.437040E+02   0.436074E+02   0.151336E+00   0.503757E-02   0.644210E-01   0.650988E-02   0.223519E-04   0.219991E+03   0.108216E+02   0.000000E+00   0.209169E+03  -0.418339E+03
   0.399690E+02  -0.201855E+00   0.383054E+01   0.607810E+01   0.615801E+01   0.364771E+02   0.780915E+01   0.223624E+02  -0.947626E+01  -0.133493E+02  -0.433199E+01   0.632010E+01   0.437040E+02   0.436074E+02   0.152766E+00   0.503757E-02   0.638028E-01   0.146903E-01   0.223519E-04   0.218887E+03   0.100654E+02   0.000000E+00   0.208822E+03  -0.417643E+03
   0.399690E+02  -0.201855E+00   0.383054E+01   0.607810E+01   0.615801E+01   0.364771E+02   0.780915E+01   0.223624E+02  -0.947626E+01  -0.133493E+02  -0.433199E+01   0.632010E+01   0.437040E+02   0.436074E+02   0.152766E+00   0.490024E-02   0.414099E-01   0.146903E-01   0.223519E-04   0.221140E+03   0.123184E+02   0.000000E+00   0.208822E+03  -0.417643E+03
   0.399690E+02  -0.201855E+00   0.412788E+01   0.607810E+01   0.717512E+01   0.364771E+02   0.754331E+01   0.229520E+02  -0.947626E+01  -0.133493E+02  -0.433199E+01   0.632010E+01   0.437040E+02   0.436074E+02   0.153115E+00   0.490024E-02   0.414099E-01   0.236405E-02   0.223519E-04   0.222287E+03   0.135510E+02   0.000000E+00   0.208736E+03  -0.417472E+03
   0.399690E+02  -0.264947E+00   0.412788E+01   0.607810E+01   0.717512E+01   0.364771E+02   0.106657E+02   0.229520E+02  -0.101022E+02  -0.133451E+02  -0.433199E+01   0.632010E+01   0.437040E+02   0.436074E+02   0.153115E+00   0.490024E-02   0.414099E-01   0.236405E-02   0.223519E-04   0.223183E+03   0.135510E+02   0.000000E+00   0.209632E+03  -0.419264E+03
   0.406647E+02  -0.264947E+00   0.412788E+01   0.647294E+01   0.717512E+01   0.364771E+02   0.106657E+02   0.229520E+02  -0.101022E+02  -0.133451E+02  -0.433199E+01   0.632010E+01   0.437040E+02   0.436074E+02   0.152351E+00   0.100029E-01   0.387942E-01   0.236405E-02   0.223519E-04   0.223646E+03   0.133023E+02   0.000000E+00   0.210344E+03  -0.420687E+03
   0.402292E+02  -0.264947E+00   0.412788E+01   0.647294E+01   0.717512E+01   0.364771E+02   0.875666E+01   0.229520E+02  -0.101022E+02  -0.133451E+02  -0.433199E+01   0.632010E+01   0.437040E+02   0.436074E+02   0.152351E+00   0.100029E-01   0.551222E-01   0.236405E-02   0.891834E-02   0.221797E+03   0.107799E+02   0.000000E+00   0.211017E+03  -0.422034E+03
   0.402292E+02  -0.264947E+00   0.412788E+01   0.647294E+01   0.717512E+01   0.364771E+02   0.875666E+01   0.229520E+02  -0.101022E+02  -0.133451E+02  -0.433199E+01   0.632010E+01   0.437040E+02   0.436074E+02   0.155339E+00   0.100029E-01   0.560577E-01   0.236405E-02   0.891834E-02   0.220744E+03   0.106864E+02   0.000000E+00   0.210058E+03  -0.420115E+03
   0.406912E+02  -0.264947E+00   0.412788E+01   0.626698E+01   0.717512E+01   0.364771E+02   0.966070E+01   0.229520E+02  -0.101022E+02  -0.133451E+02  -0.433199E+01   0.632010E+01   0.437040E+02   0.436074E+02   0.145488E+00   0.723863E-02   0.523499E-01   0.236405E-02   0.129773E-02   0.223541E+03   0.120956E+02   0.000000E+00   0.211445E+03  -0.422891E+03
   0.405841E+02  -0.264947E+00   0.420620E+01   0.626698E+01   0.717512E+01   0.364771E+02   0.966070E+01   0.229520E+02  -0.100973E+02  -0.133451E+02  -0.433199E+01   0.632010E+01   0.437040E+02   0.436074E+02   0.145488E+00   0.102304E-01   0.390178E-01   0.236405E-02   0.129773E-02   0.224983E+03   0.131297E+02   0.000000E+00   0.211853E+03  -0.423707E+03
   0.405841E+02  -0.264947E+00   0.420620E+01   0.626698E+01   0.903422E+01   0.364771E+02   0.966070E+01   0.229520E+02  -0.100973E+02  -0.133451E+02  -0.433199E+01   0.632010E+01   0.437040E+02   0.436074E+02   0.145488E+00   0.118597E-01   0.191587E-01   0.236405E-02   0.578743E-02   0.225799E+03   0.145037E+02   0.000000E+00   0.211295E+03  -0.422591E+03
   0.405841E+02  -0.264947E+00   0.420620E+01   0.626698E+01   0.903422E+01   0.364771E+02   0.966070E+01   0.229520E+02  -0.100973E+02  -0.133451E+02  -0.433199E+01   0.632010E+01   0.437040E+02   0.436074E+02   0.145488E+00   0.136667E-01   0.191587E-01   0.236405E-02   0.121661E-02   0.226076E+03   0.147801E+02   0.000000E+00   0.211296E+03  -0.422592E+03
   0.405841E+02  -0.264947E+00   0.420620E+01   0.732898E+01   0.903422E+01   0.364771E+02   0.757777E+01   0.229520E+02  -0.100973E+02  -0.133451E+02  -0.433199E+01   0.632010E+01   0.437040E+02   0.436074E+02   0.145488E+00   0.609009E-02   0.230123E-01   0.236405E-02   0.169686E-02   0.225990E+03   0.151044E+02   0.000000E+00   0.210886E+03  -0.421771E+03
   0.405841E+02  -0.264947E+00   0.420620E+01   0.732898E+01   0.763254E+01   0.364771E+02   0.101421E+02   0.234724E+02  -0.100973E+02  -0.133451E+02  -0.433199E+01   0.632010E+01   0.437040E+02   0.436074E+02   0.147898E+00   0.590542E-02   0.230123E-01   0.236405E-02   0.415053E-02   0.224235E+03   0.148775E+02   0.000000E+00   0.209358E+03  -0.418715E+03
   0.405841E+02  -0.264947E+00   0.420620E+01   0.609804E+01   0.763254E+01   0.377422E+02   0.117839E+02   0.234724E+02  -0.100973E+02  -0.133451E+02  -0.433199E+01   0.632010E+01   0.437040E+02   0.436074E+02   0.147898E+00   0.817686E-02   0.230123E-01   0.145459E-02   0.415053E-02   0.220551E+03   0.147413E+02   0.000000E+00   0.205810E+03  -0.411619E+03
   0.405841E+02  -0.926671E-01   0.420620E+01   0.748381E+01   0.763254E+01   0.377422E+02   0.117839E+02   0.234724E+02  -0.100973E+02  -0.133451E+02  -0.400883E+01   0.632010E+01   0.437040E+02   0.436074E+02   0.147898E+00   0.817686E-02   0.165510E-01   0.145459E-02   0.335289E-02   0.221924E+03   0.154671E+02   0.000000E+00   0.206457E+03  -0.412914E+03
   0.405841E+02   0.158913E+01   0.420620E+01   0.911153E+01   0.763254E+01   0.377422E+02   0.117839E+02   0.233112E+02  -0.989191E+01  -0.133451E+02  -0.400883E+01   0.697648E+01   0.437040E+02   0.436074E+02   0.147898E+00   0.126032E-01   0.165510E-01   0.145459E-02   0.655808E-02   0.221826E+03   0.147040E+02   0.000000E+00   0.207122E+03  -0.414244E+03
   0.405841E+02   0.158913E+01   0.420620E+01   0.104739E+02   0.763254E+01   0.377422E+02   0.121741E+02   0.233112E+02  -0.989191E+01  -0.133451E+02  -0.400883E+01   0.718782E+01   0.437040E+02   0.436074E+02   0.146602E+00   0.126032E-01   0.165510E-01   0.145459E-02   0.717601E-02   0.220721E+03   0.146422E+02   0.000000E+00   0.206079E+03  -0.412158E+03
   0.405841E+02   0.158913E+01   0.439226E+01   0.814473E+01   0.763254E+01   0.377422E+02   0.121741E+02   0.233112E+02  -0.989191E+01  -0.141509E+02  -0.400883E+01   0.718782E+01   0.437040E+02   0.436074E+02   0.146602E+00   0.126032E-01   0.165510E-01   0.145459E-02   0.153251E-02   0.220722E+03   0.152066E+02   0.000000E+00   0.205515E+03  -0.411031E+03
   0.407185E+02   0.177858E+01   0.439226E+01   0.814473E+01   0.608013E+01   0.377422E+02   0.121741E+02   0.233112E+02  -0.940751E+01  -0.141509E+02  -0.400883E+01   0.718782E+01   0.437040E+02   0.436074E+02   0.146602E+00   0.793906E-02   0.165510E-01   0.145459E-02   0.153251E-02   0.222178E+03   0.156730E+02   0.000000E+00   0.206505E+03  -0.413010E+03
   0.407185E+02   0.177858E+01   0.439226E+01   0.814473E+01   0.608013E+01   0.377422E+02   0.101704E+02   0.233112E+02  -0.940751E+01  -0.141509E+02  -0.400883E+01   0.743645E+01   0.437040E+02   0.436074E+02   0.146042E+00   0.168287E-02   0.165510E-01   0.145459E-02   0.217612E-02   0.222354E+03   0.162342E+02   0.000000E+00   0.206120E+03  -0.412240E+03
   0.407185E+02   0.177858E+01   0.439226E+01   0.814473E+01   0.608013E+01   0.377422E+02   0.804342E+01   0.233112E+02  -0.940751E+01  -0.141509E+02  -0.400883E+01   0.743645E+01   0.437040E+02   0.436074E+02   0.146042E+00   0.168287E-02   0.165510E-01   0.145459E-02   0.522434E-02   0.220610E+03   0.159294E+02   0.000000E+00   0.204681E+03  -0.409361E+03
   0.407185E+02   0.177858E+01   0.439226E+01   0.877993E+01   0.608013E+01   0.377422E+02   0.804342E+01   0.233112E+02  -0.102079E+02  -0.141509E+02  -0.400883E+01   0.743645E+01   0.437040E+02   0.436074E+02   0.148655E+00   0.168287E-02   0.156077E-01   0.145459E-02   0.522434E-02   0.221271E+03   0.160237E+02   0.000000E+00   0.205247E+03  -0.410495E+03
   0.407185E+02   0.177858E+01   0.439226E+01   0.877993E+01   0.608013E+01   0.377422E+02   0.804342E+01   0.233112E+02  -0.101933E+02  -0.141338E+02  -0.400883E+01   0.743645E+01   0.437040E+02   0.436074E+02   0.147717E+00   0.168287E-02   0.196662E-01   0.132850E-01   0.522434E-02   0.219624E+03   0.144348E+02   0.000000E+00   0.205189E+03  -0.410378E+03
   0.407185E+02   0.177858E+01   0.439226E+01   0.877993E+01   0.608013E+01   0.377422E+02   0.114419E+02   0.233112E+02  -0.103564E+02  -0.141338E+02  -0.400883E+01   0.743645E+01   0.437040E+02   0.436074E+02   0.144043E+00   0.168287E-02   0.253506E-01   0.132850E-01   0.522434E-02   0.220740E+03   0.138664E+02   0.000000E+00   0.206874E+03  -0.413747E+03
   0.407185E+02   0.177858E+01   0.463366E+01   0.877993E+01   0.916593E+01   0.377422E+02   0.874580E+01   0.233112E+02  -0.103564E+02  -0.141338E+02  -0.400883E+01   0.743645E+01   0.437040E+02   0.436074E+02   0.144343E+00   0.168287E-02   0.364569E-01   0.132850E-01   0.522434E-02   0.220102E+03   0.127558E+02   0.000000E+00   0.207346E+03  -0.414692E+03
   0.407185E+02   0.370144E+00   0.509248E+01   0.877993E+01   0.758687E+01   0.378019E+02   0.874580E+01   0.233112E+02  -0.103564E+02  -0.141338E+02  -0.400883E+01   0.749302E+01   0.437040E+02   0.436074E+02   0.144343E+00   0.168287E-02   0.364569E-01   0.132850E-01   0.522434E-02   0.220228E+03   0.127558E+02   0.000000E+00   0.207472E+03  -0.414944E+03
   0.407479E+02   0.370144E+00   0.357763E+01   0.780259E+01   0.758687E+01   0.372807E+02   0.115802E+02   0.233112E+02  -0.101578E+02  -0.141338E+02  -0.400883E+01   0.749302E+01   0.437040E+02   0.436074E+02   0.144343E+00   0.168287E-02   0.225836E-01   0.132850E-01   0.522434E-02   0.221398E+03   0.141431E+02   0.000000E+00   0.207255E+03  -0.414510E+03
   0.399899E+02   0.709968E+00   0.357763E+01   0.780259E+01   0.758687E+01   0.372807E+02   0.115802E+02   0.231035E+02  -0.999299E+01  -0.141338E+02  -0.400883E+01   0.749302E+01   0.437040E+02   0.436074E+02   0.145239E+00   0.429637E-02   0.107724E-01   0.115936E-01   0.522434E-02   0.223399E+03   0.152320E+02   0.000000E+00   0.208167E+03  -0.416334E+03
   0.399899E+02   0.709968E+00   0.357763E+01   0.698923E+01   0.758687E+01   0.374415E+02   0.115802E+02   0.231035E+02  -0.100228E+02  -0.141847E+02  -0.405496E+01   0.744679E+01   0.437040E+02   0.436074E+02   0.145239E+00   0.429637E-02   0.112711E-01   0.530767E-02   0.310783E-02   0.224610E+03   0.160224E+02   0.000000E+00   0.208588E+03  -0.417175E+03
   0.399899E+02   0.178154E+00   0.357763E+01   0.858510E+01   0.758687E+01   0.369603E+02   0.992635E+01   0.230973E+02  -0.972603E+01  -0.141847E+02  -0.441499E+01   0.744679E+01   0.437040E+02   0.436074E+02   0.139512E+00   0.429637E-02   0.112711E-01   0.231379E-02   0.310783E-02   0.225475E+03   0.163218E+02   0.000000E+00   0.209153E+03  -0.418306E+03
   0.399899E+02   0.178154E+00   0.357763E+01   0.858510E+01   0.758687E+01   0.369603E+02   0.992635E+01   0.231616E+02  -0.953759E+01  -0.141847E+02  -0.441499E+01   0.744679E+01   0.437040E+02   0.436074E+02   0.140992E+00   0.429637E-02   0.112711E-01   0.231379E-02   0.310783E-02   0.224422E+03   0.163218E+02   0.000000E+00   0.208100E+03  -0.416200E+03
   0.399899E+02  -0.610352E-01   0.357763E+01   0.858510E+01   0.758687E+01   0.369603E+02   0.992635E+01   0.229257E+02  -0.953759E+01  -0.141847E+02  -0.441499E+01   0.744679E+01   0.437040E+02   0.436001E+02   0.140992E+00   0.429637E-02   0.134286E-01   0.231379E-02   0.310783E-02   0.225254E+03   0.161060E+02   0.000000E+00   0.209148E+03  -0.418296E+03
   0.399899E+02  -0.610352E-01   0.357763E+01   0.839574E+01   0.758687E+01   0.369603E+02   0.992635E+01   0.229862E+02  -0.953759E+01  -0.141847E+02  -0.441499E+01   0.752426E+01   0.437040E+02   0.436001E+02   0.138472E+00   0.429637E-02   0.160000E-01   0.231379E-02   0.310783E-02   0.224058E+03   0.158489E+02   0.000000E+00   0.208209E+03  -0.416418E+03
   0.399899E+02  -0.610352E-01   0.298559E+01   0.796545E+01   0.758687E+01   0.369603E+02   0.992635E+01   0.229862E+02  -0.951047E+01  -0.141847E+02  -0.441499E+01   0.659460E+01   0.437040E+02   0.436001E+02   0.138472E+00   0.429637E-02   0.225227E-01   0.231379E-02   0.164271E-01   0.226384E+03   0.138647E+02   0.000000E+00   0.212519E+03  -0.425039E+03
   0.399899E+02  -0.610352E-01   0.249530E+01   0.796545E+01   0.758687E+01   0.369603E+02   0.109465E+02   0.229862E+02  -0.951047E+01  -0.141847E+02  -0.441499E+01   0.659460E+01   0.437016E+02   0.436001E+02   0.138472E+00   0.429637E-02   0.121957E-01   0.231379E-02   0.151079E-01   0.226849E+03   0.150293E+02   0.000000E+00   0.211820E+03  -0.423639E+03
   0.399899E+02  -0.610352E-01   0.249530E+01   0.796545E+01   0.758687E+01   0.371332E+02   0.946401E+01   0.229862E+02  -0.951047E+01  -0.141847E+02  -0.441499E+01   0.659460E+01   0.437016E+02   0.436001E+02   0.139507E+00   0.429637E-02   0.118729E-01   0.866180E-02   0.129013E-01   0.226630E+03   0.146474E+02   0.000000E+00   0.211983E+03  -0.423965E+03
   0.399899E+02  -0.423741E-01   0.249530E+01   0.796545E+01   0.758687E+01   0.369209E+02   0.717474E+01   0.229862E+02  -0.951047E+01  -0.141847E+02  -0.441499E+01   0.659460E+01   0.437016E+02   0.436001E+02   0.139507E+00   0.429637E-02   0.111132E-01   0.866180E-02   0.144462E-01   0.223990E+03   0.145689E+02   0.000000E+00   0.209421E+03  -0.418842E+03
   0.399899E+02   0.559176E+00   0.249530E+01   0.796545E+01   0.758687E+01   0.369209E+02   0.844192E+01   0.229862E+02  -0.951047E+01  -0.141847E+02  -0.441062E+01   0.659460E+01   0.437016E+02   0.436001E+02   0.154852E+00   0.429637E-02   0.111132E-01   0.866180E-02   0.160414E-01   0.223826E+03   0.144094E+02   0.000000E+00   0.209417E+03  -0.418833E+03
   0.399899E+02   0.559176E+00   0.455996E+01   0.796545E+01   0.758687E+01   0.369209E+02   0.916663E+01   0.229862E+02  -0.949896E+01  -0.141847E+02  -0.441062E+01   0.659460E+01   0.437016E+02   0.436001E+02   0.154852E+00   0.429637E-02   0.111132E-01   0.866180E-02   0.531049E-02   0.225536E+03   0.154825E+02   0.000000E+00   0.210054E+03  -0.420107E+03
   0.402450E+02   0.559176E+00   0.310330E+01   0.796545E+01   0.758687E+01   0.369209E+02   0.112210E+02   0.229862E+02  -0.949896E+01  -0.141847E+02  -0.441062E+01   0.659460E+01   0.437016E+02   0.436001E+02   0.154852E+00   0.429637E-02   0.111132E-01   0.866180E-02   0.458837E-02   0.227125E+03   0.155547E+02   0.000000E+00   0.211570E+03  -0.423141E+03
   0.405229E+02   0.559176E+00   0.310330E+01   0.796545E+01   0.758687E+01   0.375710E+02   0.126310E+02   0.229862E+02  -0.939648E+01  -0.141847E+02  -0.441062E+01   0.659460E+01   0.437016E+02   0.436001E+02   0.156572E+00   0.429637E-02   0.111132E-01   0.866180E-02   0.458837E-02   0.223523E+03   0.155547E+02   0.000000E+00   0.207968E+03  -0.415937E+03
   0.405229E+02   0.559176E+00   0.309342E+01   0.796545E+01   0.758687E+01   0.375710E+02   0.704791E+01   0.228974E+02  -0.939648E+01  -0.141847E+02  -0.441062E+01   0.659460E+01   0.437016E+02   0.436001E+02   0.156572E+00   0.429637E-02   0.111132E-01   0.866180E-02   0.226113E-02   0.224518E+03   0.157874E+02   0.000000E+00   0.208731E+03  -0.417461E+03
   0.405229E+02   0.559176E+00   0.455255E+01   0.796545E+01   0.761452E+01   0.376200E+02   0.705841E+01   0.228974E+02  -0.939648E+01  -0.141847E+02  -0.441062E+01   0.659460E+01   0.437016E+02   0.436001E+02   0.156572E+00   0.429637E-02   0.111132E-01   0.866180E-02   0.226113E-02   0.225145E+03   0.157874E+02   0.000000E+00   0.209358E+03  -0.418715E+03
   0.401647E+02   0.559176E+00   0.455255E+01   0.822847E+01   0.818750E+01   0.376200E+02   0.118398E+02   0.228974E+02  -0.939648E+01  -0.141847E+02  -0.441062E+01   0.659460E+01   0.437016E+02   0.436001E+02   0.143840E+00   0.429637E-02   0.228337E-01   0.866180E-02   0.226113E-02   0.225388E+03   0.146154E+02   0.000000E+00   0.210773E+03  -0.421545E+03
   0.401548E+02   0.559176E+00   0.455255E+01   0.822847E+01   0.818750E+01   0.376200E+02   0.118398E+02   0.228974E+02  -0.939648E+01  -0.141847E+02  -0.441062E+01   0.659460E+01   0.437016E+02   0.436001E+02   0.143840E+00   0.429637E-02   0.228337E-01   0.977394E-02   0.226113E-02   0.225222E+03   0.145042E+02   0.000000E+00   0.210718E+03  -0.421436E+03
   0.401548E+02   0.559176E+00   0.455255E+01   0.822847E+01   0.697897E+01   0.376200E+02   0.125299E+02   0.229185E+02  -0.939648E+01  -0.141847E+02  -0.441062E+01   0.660142E+01   0.437016E+02   0.436001E+02   0.144341E+00   0.429637E-02   0.275344E-01   0.190682E-01   0.226113E-02   0.222904E+03   0.131047E+02   0.000000E+00   0.209799E+03  -0.419599E+03
   0.404513E+02   0.559176E+00   0.455255E+01   0.822847E+01   0.697897E+01   0.357059E+02   0.125299E+02   0.229185E+02  -0.939648E+01  -0.141847E+02  -0.445467E+01   0.660142E+01   0.437016E+02   0.436001E+02   0.140230E+00   0.429637E-02   0.275344E-01   0.190682E-01   0.226113E-02   0.223857E+03   0.131047E+02   0.000000E+00   0.210752E+03  -0.421505E+03
   0.404513E+02   0.559176E+00   0.455255E+01   0.822847E+01   0.697897E+01   0.357059E+02   0.105586E+02   0.229185E+02  -0.939648E+01  -0.141847E+02  -0.445467E+01   0.660142E+01   0.437016E+02   0.436001E+02   0.135307E+00   0.644350E-02   0.249691E-01   0.190682E-01   0.226113E-02   0.224137E+03   0.131465E+02   0.000000E+00   0.210991E+03  -0.421981E+03
   0.404513E+02   0.559176E+00   0.431347E+01   0.822847E+01   0.697897E+01   0.366160E+02   0.989418E+01   0.229185E+02  -0.939648E+01  -0.141847E+02  -0.445467E+01   0.660142E+01   0.437016E+02   0.436001E+02   0.131308E+00   0.943309E-02   0.911742E-02   0.938666E-02   0.226113E-02   0.226691E+03   0.154009E+02   0.000000E+00   0.211290E+03  -0.422580E+03
   0.404513E+02   0.103160E+01   0.431347E+01   0.822847E+01   0.783722E+01   0.366160E+02   0.989418E+01   0.229185E+02  -0.939648E+01  -0.141847E+02  -0.445467E+01   0.682865E+01   0.437016E+02   0.436001E+02   0.131308E+00   0.943309E-02   0.126714E-01   0.155472E-01   0.371843E-02   0.224168E+03   0.142837E+02   0.000000E+00   0.209884E+03  -0.419769E+03
   0.405176E+02   0.274507E+00   0.431347E+01   0.822847E+01   0.783722E+01   0.367273E+02   0.989418E+01   0.228415E+02  -0.939648E+01  -0.141847E+02  -0.445467E+01   0.682865E+01   0.437016E+02   0.436001E+02   0.136067E+00   0.258026E-03   0.130079E-01   0.225436E-01   0.371843E-02   0.227010E+03   0.144679E+02   0.000000E+00   0.212542E+03  -0.425084E+03
   0.405176E+02   0.304484E+00   0.431347E+01   0.822847E+01   0.778041E+01   0.367273E+02   0.796689E+01   0.228415E+02  -0.939648E+01  -0.141847E+02  -0.445467E+01   0.682865E+01   0.437016E+02   0.436001E+02   0.136067E+00   0.258026E-03   0.105857E-01   0.225436E-01   0.680767E-02   0.225804E+03   0.144012E+02   0.000000E+00   0.211403E+03  -0.422806E+03
   0.404561E+02   0.304484E+00   0.431347E+01   0.781628E+01   0.893681E+01   0.367273E+02   0.796689E+01   0.228415E+02  -0.939648E+01  -0.141847E+02  -0.445467E+01   0.682865E+01   0.437016E+02   0.436001E+02   0.136067E+00   0.451652E-02   0.105857E-01   0.178846E-01   0.680767E-02   0.225662E+03   0.144412E+02   0.000000E+00   0.211221E+03  -0.422442E+03
   0.404561E+02   0.304484E+00   0.431347E+01   0.698718E+01   0.631617E+01   0.367273E+02   0.796689E+01   0.228763E+02  -0.939648E+01  -0.141847E+02  -0.445467E+01   0.682865E+01   0.437016E+02   0.436001E+02   0.138657E+00   0.451652E-02   0.105857E-01   0.178846E-01   0.680767E-02   0.225491E+03   0.144412E+02   0.000000E+00   0.211050E+03  -0.422100E+03
   0.404561E+02   0.304484E+00   0.431347E+01   0.618461E+01   0.839757E+01   0.381128E+02   0.796689E+01   0.227369E+02  -0.939648E+01  -0.141847E+02  -0.445467E+01   0.682865E+01   0.437016E+02   0.436001E+02   0.138657E+00   0.410564E-02   0.105857E-01   0.498248E-02   0.130511E-02   0.226192E+03   0.163228E+02   0.000000E+00   0.209869E+03  -0.419738E+03
   0.404561E+02   0.304484E+00   0.431347E+01   0.978782E+01   0.839757E+01   0.381128E+02   0.796689E+01   0.227369E+02  -0.939648E+01  -0.141847E+02  -0.445467E+01   0.682865E+01   0.437016E+02   0.436001E+02   0.138657E+00   0.336803E-02   0.105857E-01   0.498248E-02   0.130511E-02   0.225946E+03   0.163965E+02   0.000000E+00   0.209549E+03  -0.419099E+03
   0.404561E+02   0.304484E+00   0.446129E+01   0.880068E+01   0.839757E+01   0.365404E+02   0.796689E+01   0.227369E+02  -0.939648E+01  -0.141864E+02  -0.445467E+01   0.682865E+01   0.437016E+02   0.436001E+02   0.143190E+00   0.403630E-02   0.274684E-02   0.498248E-02   0.130511E-02   0.230000E+03   0.171136E+02   0.000000E+00   0.212886E+03  -0.425773E+03
   0.404561E+02   0.144521E+01   0.446129E+01   0.880068E+01   0.839757E+01   0.369319E+02   0.864831E+01   0.227369E+02  -0.939648E+01  -0.141864E+02  -0.445467E+01   0.682865E+01   0.437016E+02   0.436002E+02   0.146150E+00   0.403630E-02   0.751935E-02   0.154696E-01   0.130511E-02   0.228751E+03   0.155876E+02   0.000000E+00   0.213163E+03  -0.426327E+03
   0.404561E+02   0.144521E+01   0.507110E+01   0.880068E+01   0.839757E+01   0.369319E+02   0.864831E+01   0.227369E+02  -0.939648E+01  -0.141864E+02  -0.445467E+01   0.682865E+01   0.437016E+02   0.436002E+02   0.146150E+00   0.403630E-02   0.906248E-02   0.209480E-01   0.130511E-02   0.227871E+03   0.148855E+02   0.000000E+00   0.212986E+03  -0.425971E+03
   0.404561E+02   0.140698E+01   0.555615E+01   0.880068E+01   0.839757E+01   0.369319E+02   0.864831E+01   0.227369E+02  -0.939648E+01  -0.141864E+02  -0.445467E+01   0.682865E+01   0.437016E+02   0.436002E+02   0.146150E+00   0.403630E-02   0.906248E-02   0.166856E-01   0.130511E-02   0.227686E+03   0.153117E+02   0.000000E+00   0.212374E+03  -0.424749E+03
   0.404561E+02   0.679455E+00   0.555615E+01   0.880068E+01   0.839757E+01   0.366371E+02   0.864831E+01   0.227369E+02  -0.939648E+01  -0.141864E+02  -0.445467E+01   0.682865E+01   0.437016E+02   0.436002E+02   0.146150E+00   0.403630E-02   0.906248E-02   0.119051E-01   0.130511E-02   0.228202E+03   0.157898E+02   0.000000E+00   0.212412E+03  -0.424824E+03
   0.404561E+02   0.679455E+00   0.555615E+01   0.735651E+01   0.839757E+01   0.364253E+02   0.806882E+01   0.227369E+02  -0.939648E+01  -0.141864E+02  -0.445467E+01   0.682865E+01   0.437016E+02   0.436002E+02   0.146150E+00   0.413308E-02   0.828456E-02   0.119051E-01   0.130511E-02   0.227691E+03   0.158579E+02   0.000000E+00   0.211833E+03  -0.423666E+03
   0.404561E+02   0.679455E+00   0.555615E+01   0.767738E+01   0.839757E+01   0.364253E+02   0.806882E+01   0.227369E+02  -0.938783E+01  -0.141864E+02  -0.436805E+01   0.682865E+01   0.437016E+02   0.436002E+02   0.140622E+00   0.413345E-02   0.213436E-02   0.131440E-01   0.155143E-01   0.226039E+03   0.149281E+02   0.000000E+00   0.211111E+03  -0.422222E+03
   0.404561E+02   0.679455E+00   0.555615E+01   0.767738E+01   0.839757E+01   0.364253E+02   0.818095E+01   0.227369E+02  -0.938783E+01  -0.141864E+02  -0.436805E+01   0.682865E+01   0.437016E+02   0.436002E+02   0.137144E+00   0.461903E-02   0.213436E-02   0.131440E-01   0.164553E-01   0.225226E+03   0.147854E+02   0.000000E+00   0.210441E+03  -0.420881E+03
   0.404561E+02   0.679455E+00   0.495732E+01   0.767738E+01   0.839757E+01   0.376758E+02   0.818095E+01   0.227630E+02  -0.938783E+01  -0.141864E+02  -0.436805E+01   0.682865E+01   0.437016E+02   0.436002E+02   0.137144E+00   0.461903E-02   0.213436E-02   0.200143E-01   0.473954E-02   0.226222E+03   0.152700E+02   0.000000E+00   0.210952E+03  -0.421904E+03
   0.404561E+02   0.257169E+00   0.445597E+01   0.767738E+01   0.784379E+01   0.377368E+02   0.818095E+01   0.227950E+02  -0.938783E+01  -0.141864E+02  -0.436805E+01   0.682865E+01   0.437016E+02   0.436002E+02   0.142115E+00   0.770845E-02   0.213436E-02   0.200143E-01   0.473954E-02   0.226818E+03   0.149610E+02   0.000000E+00   0.211857E+03  -0.423714E+03
   0.404561E+02   0.173170E+01   0.445597E+01   0.767738E+01   0.784379E+01   0.373488E+02   0.818095E+01   0.226576E+02  -0.938783E+01  -0.141864E+02  -0.436805E+01   0.682865E+01   0.437016E+02   0.436002E+02   0.142115E+00   0.151227E-01   0.213436E-02   0.200143E-01   0.650431E-02   0.225019E+03   0.140431E+02   0.000000E+00   0.210976E+03  -0.421952E+03
   0.404561E+02   0.387646E+00   0.445597E+01   0.700890E+01   0.901879E+01   0.373488E+02   0.109180E+02   0.226576E+02  -0.938783E+01  -0.141864E+02  -0.436805E+01   0.682865E+01   0.437016E+02   0.436002E+02   0.144037E+00   0.151227E-01   0.503991E-03   0.233428E-01   0.650431E-02   0.226050E+03   0.138733E+02   0.000000E+00   0.212177E+03  -0.424353E+03
   0.404561E+02   0.387646E+00   0.445597E+01   0.700890E+01   0.901879E+01   0.366072E+02   0.109180E+02   0.226576E+02  -0.941095E+01  -0.141864E+02  -0.436805E+01   0.682865E+01   0.437016E+02   0.436002E+02   0.144037E+00   0.151227E-01   0.272446E-03   0.173226E-01   0.132858E-01   0.227053E+03   0.138203E+02   0.000000E+00   0.213233E+03  -0.426465E+03
   0.402639E+02   0.387646E+00   0.445597E+01   0.700890E+01   0.901879E+01   0.366072E+02   0.109180E+02   0.226576E+02  -0.941095E+01  -0.141864E+02  -0.418343E+01   0.682865E+01   0.437016E+02   0.436002E+02   0.151269E+00   0.912101E-02   0.272446E-03   0.173226E-01   0.132858E-01   0.225158E+03   0.144205E+02   0.000000E+00   0.210738E+03  -0.421475E+03
   0.401420E+02   0.387646E+00   0.445597E+01   0.700890E+01   0.901879E+01   0.366072E+02   0.109180E+02   0.226576E+02  -0.949436E+01  -0.141864E+02  -0.418343E+01   0.682865E+01   0.437016E+02   0.436002E+02   0.139302E+00   0.912101E-02   0.895126E-02   0.224482E-01   0.137640E-01   0.224172E+03   0.129922E+02   0.000000E+00   0.211180E+03  -0.422360E+03
   0.401420E+02   0.387646E+00   0.445597E+01   0.700890E+01   0.901879E+01   0.366072E+02   0.109873E+02   0.226576E+02  -0.949436E+01  -0.141864E+02  -0.414801E+01   0.682865E+01   0.437016E+02   0.436002E+02   0.139302E+00   0.912101E-02   0.895126E-02   0.224482E-01   0.137640E-01   0.223843E+03   0.129922E+02   0.000000E+00   0.210851E+03  -0.421702E+03
   0.401420E+02   0.387646E+00   0.445597E+01   0.749193E+01   0.893650E+01   0.368056E+02   0.866915E+01   0.226576E+02  -0.949436E+01  -0.141864E+02  -0.414801E+01   0.682865E+01   0.437016E+02   0.436002E+02   0.140367E+00   0.131515E-01   0.895126E-02   0.310002E-01   0.137640E-01   0.223534E+03   0.117340E+02   0.000000E+00   0.211800E+03  -0.423600E+03
   0.401420E+02   0.387646E+00   0.445597E+01   0.749193E+01   0.893650E+01   0.356860E+02   0.866915E+01   0.226576E+02  -0.949436E+01  -0.141864E+02  -0.414801E+01   0.682865E+01   0.437016E+02   0.436002E+02   0.140367E+00   0.203257E-02   0.895126E-02   0.282755E-01   0.489787E-02   0.223924E+03   0.140050E+02   0.000000E+00   0.209919E+03  -0.419838E+03
   0.401420E+02   0.387646E+00   0.524924E+01   0.715442E+01   0.893650E+01   0.356860E+02   0.866915E+01   0.226576E+02  -0.949436E+01  -0.141864E+02  -0.414801E+01   0.682865E+01   0.437016E+02   0.436002E+02   0.140367E+00   0.203257E-02   0.209371E-01   0.286022E-01   0.144482E-03   0.221863E+03   0.132490E+02   0.000000E+00   0.208614E+03  -0.417228E+03
   0.401697E+02   0.387646E+00   0.450301E+01   0.715442E+01   0.893650E+01   0.356860E+02   0.866915E+01   0.226576E+02  -0.949436E+01  -0.141864E+02  -0.414801E+01   0.682865E+01   0.437016E+02   0.436002E+02   0.149149E+00   0.511126E-02   0.209371E-01   0.247063E-01   0.144482E-03   0.223283E+03   0.133308E+02   0.000000E+00   0.209952E+03  -0.419904E+03
   0.406380E+02   0.387646E+00   0.450301E+01   0.715442E+01   0.893650E+01   0.356860E+02   0.866915E+01   0.226576E+02  -0.949436E+01  -0.141864E+02  -0.414801E+01   0.682865E+01   0.437016E+02   0.436002E+02   0.147292E+00   0.439158E-02   0.209371E-01   0.247063E-01   0.144482E-03   0.224298E+03   0.134027E+02   0.000000E+00   0.210895E+03  -0.421791E+03
   0.406380E+02   0.387646E+00   0.415509E+01   0.715442E+01   0.924128E+01   0.356860E+02   0.866915E+01   0.226576E+02  -0.949436E+01  -0.141864E+02  -0.414801E+01   0.682865E+01   0.437016E+02   0.436002E+02   0.147292E+00   0.439158E-02   0.198589E-01   0.247063E-01   0.439827E-02   0.223600E+03   0.130852E+02   0.000000E+00   0.210515E+03  -0.421030E+03
   0.406380E+02   0.387646E+00   0.382923E+01   0.715442E+01   0.924128E+01   0.379024E+02   0.866915E+01   0.226576E+02  -0.949436E+01  -0.141864E+02  -0.414801E+01   0.682865E+01   0.437016E+02   0.436002E+02   0.147292E+00   0.439158E-02   0.747156E-02   0.174183E-01   0.439827E-02   0.225516E+03   0.150527E+02   0.000000E+00   0.210463E+03  -0.420927E+03
   0.402576E+02   0.387646E+00   0.382923E+01   0.920947E+01   0.924128E+01   0.379024E+02   0.866915E+01   0.226576E+02  -0.949436E+01  -0.141864E+02  -0.414801E+01   0.682865E+01   0.437016E+02   0.436002E+02   0.141193E+00   0.465739E-02   0.747156E-02   0.174183E-01   0.439827E-02   0.225073E+03   0.150261E+02   0.000000E+00   0.210047E+03  -0.420094E+03
   0.402576E+02   0.387646E+00   0.382923E+01   0.920947E+01   0.924128E+01   0.379024E+02   0.101864E+02   0.226576E+02  -0.949436E+01  -0.141864E+02  -0.414801E+01   0.682865E+01   0.437016E+02   0.436002E+02   0.141193E+00   0.352091E-02   0.295149E-01   0.157849E-01   0.439827E-02   0.223093E+03   0.130988E+02   0.000000E+00   0.209994E+03  -0.419988E+03
   0.402576E+02   0.387646E+00   0.382923E+01   0.920947E+01   0.924128E+01   0.356214E+02   0.101864E+02   0.226576E+02  -0.949436E+01  -0.141864E+02  -0.427004E+01   0.682865E+01   0.437016E+02   0.436002E+02   0.138687E+00   0.352091E-02   0.295149E-01   0.157849E-01   0.677377E-03   0.223999E+03   0.134709E+02   0.000000E+00   0.210528E+03  -0.421056E+03
   0.401942E+02   0.387646E+00   0.382923E+01   0.920947E+01   0.946166E+01   0.356214E+02   0.101864E+02   0.226791E+02  -0.949436E+01  -0.141864E+02  -0.427004E+01   0.682865E+01   0.437016E+02   0.436002E+02   0.138687E+00   0.495766E-02   0.123902E-01   0.216116E-01   0.677377E-03   0.224190E+03   0.144570E+02   0.000000E+00   0.209733E+03  -0.419466E+03
   0.401942E+02   0.387646E+00   0.382923E+01   0.935021E+01   0.895157E+01   0.369785E+02   0.101864E+02   0.226791E+02  -0.949436E+01  -0.141864E+02  -0.427004E+01   0.682865E+01   0.437016E+02   0.436002E+02   0.138687E+00   0.495766E-02   0.123902E-01   0.216116E-01   0.138062E-01   0.225151E+03   0.131441E+02   0.000000E+00   0.212007E+03  -0.424014E+03
   0.401942E+02   0.387646E+00   0.382923E+01   0.935021E+01   0.895157E+01   0.369785E+02   0.101864E+02   0.226791E+02  -0.949436E+01  -0.141864E+02  -0.427004E+01   0.682865E+01   0.437016E+02   0.436002E+02   0.138687E+00   0.495766E-02   0.123902E-01   0.536966E-02   0.137109E-01   0.226785E+03   0.147778E+02   0.000000E+00   0.212007E+03  -0.424014E+03
   0.402157E+02   0.387646E+00   0.382923E+01   0.881644E+01   0.895157E+01   0.369785E+02   0.101864E+02   0.226791E+02  -0.949436E+01  -0.141864E+02  -0.427004E+01   0.682865E+01   0.437016E+02   0.436002E+02   0.143299E+00   0.495766E-02   0.123902E-01   0.536966E-02   0.137109E-01   0.228044E+03   0.147778E+02   0.000000E+00   0.213266E+03  -0.426532E+03
   0.402157E+02   0.387646E+00   0.382923E+01   0.697822E+01   0.903700E+01   0.369785E+02   0.101864E+02   0.226791E+02  -0.949436E+01  -0.141864E+02  -0.420279E+01   0.682865E+01   0.437016E+02   0.436002E+02   0.143299E+00   0.495766E-02   0.123902E-01   0.536966E-02   0.137109E-01   0.227137E+03   0.147778E+02   0.000000E+00   0.212359E+03  -0.424718E+03
   0.402157E+02   0.387646E+00   0.382923E+01   0.697822E+01   0.903700E+01   0.369785E+02   0.101864E+02   0.226791E+02  -0.949436E+01  -0.141864E+02  -0.420279E+01   0.682865E+01   0.437016E+02   0.436002E+02   0.143299E+00   0.495766E-02   0.993544E-03   0.202005E-01   0.137109E-01   0.226793E+03   0.144344E+02   0.000000E+00   0.212359E+03  -0.424717E+03
   0.402157E+02   0.387646E+00   0.367909E+01   0.697822E+01   0.718041E+01   0.366654E+02   0.101864E+02   0.226791E+02  -0.949436E+01  -0.141864E+02  -0.420279E+01   0.682865E+01   0.437016E+02   0.436002E+02   0.143299E+00   0.495766E-02   0.993544E-03   0.202005E-01   0.137109E-01   0.228578E+03   0.144344E+02   0.000000E+00   0.214144E+03  -0.428287E+03
   0.406104E+02   0.387646E+00   0.367909E+01   0.697822E+01   0.718041E+01   0.366654E+02   0.101864E+02   0.226791E+02  -0.948119E+01  -0.141864E+02  -0.420279E+01   0.682865E+01   0.437016E+02   0.436002E+02   0.143299E+00   0.495766E-02   0.993544E-03   0.202005E-01   0.137109E-01   0.227940E+03   0.144344E+02   0.000000E+00   0.213506E+03  -0.427011E+03
   0.400678E+02   0.387646E+00   0.367909E+01   0.697822E+01   0.869445E+01   0.366654E+02   0.101864E+02   0.226791E+02  -0.948119E+01  -0.142809E+02  -0.420279E+01   0.682865E+01   0.437016E+02   0.436002E+02   0.143299E+00   0.495766E-02   0.993544E-03   0.668824E-02   0.137109E-01   0.228710E+03   0.157856E+02   0.000000E+00   0.212924E+03  -0.425849E+03
   0.400985E+02   0.387646E+00   0.367909E+01   0.719833E+01   0.869445E+01   0.366654E+02   0.113870E+02   0.226791E+02  -0.948119E+01  -0.142809E+02  -0.420279E+01   0.682865E+01   0.437016E+02   0.436002E+02   0.140190E+00   0.495766E-02   0.993544E-03   0.668824E-02   0.372356E-02   0.229128E+03   0.167844E+02   0.000000E+00   0.212344E+03  -0.424687E+03
   0.400985E+02   0.387646E+00   0.367909E+01   0.719833E+01   0.869445E+01   0.366654E+02   0.113870E+02   0.226791E+02  -0.948119E+01  -0.142809E+02  -0.420279E+01   0.682865E+01   0.437016E+02   0.436002E+02   0.141597E+00   0.225497E-02   0.993544E-03   0.668824E-02   0.372356E-02   0.229567E+03   0.170546E+02   0.000000E+00   0.212512E+03  -0.425025E+03
   0.400985E+02   0.387646E+00   0.413239E+01   0.826141E+01   0.869445E+01   0.366654E+02   0.114147E+02   0.226791E+02  -0.948119E+01  -0.142809E+02  -0.420279E+01   0.682865E+01   0.437016E+02   0.436002E+02   0.146613E+00   0.211984E-02   0.993544E-03   0.374507E-02   0.536251E-02   0.229774E+03   0.171986E+02   0.000000E+00   0.212575E+03  -0.425151E+03
   0.405463E+02   0.387646E+00   0.413239E+01   0.826141E+01   0.391454E+01   0.376245E+02   0.114147E+02   0.226791E+02  -0.948119E+01  -0.142809E+02  -0.420279E+01   0.682865E+01   0.437016E+02   0.436002E+02   0.153049E+00   0.211984E-02   0.993544E-03   0.374507E-02   0.206256E-02   0.225369E+03   0.175286E+02   0.000000E+00   0.207840E+03  -0.415681E+03
   0.405463E+02   0.387646E+00   0.413239E+01   0.826141E+01   0.391454E+01   0.365606E+02   0.126933E+02   0.226791E+02  -0.948119E+01  -0.142809E+02  -0.420279E+01   0.682865E+01   0.437016E+02   0.436002E+02   0.151602E+00   0.211984E-02   0.993544E-03   0.385382E-02   0.206256E-02   0.225449E+03   0.175177E+02   0.000000E+00   0.207931E+03  -0.415863E+03
   0.398345E+02  -0.282874E-01   0.381406E+01   0.826141E+01   0.391454E+01   0.365606E+02   0.126933E+02   0.226791E+02  -0.948119E+01  -0.142037E+02  -0.421851E+01   0.682865E+01   0.437016E+02   0.436002E+02   0.138350E+00   0.211984E-02   0.761436E-02   0.344987E-02   0.446307E-02   0.221913E+03   0.166560E+02   0.000000E+00   0.205257E+03  -0.410514E+03
   0.406609E+02  -0.282874E-01   0.381406E+01   0.826141E+01   0.391454E+01   0.365606E+02   0.126933E+02   0.226791E+02  -0.948119E+01  -0.142037E+02  -0.421851E+01   0.682865E+01   0.437016E+02   0.436002E+02   0.138350E+00   0.211984E-02   0.529227E-02   0.344987E-02   0.120453E-02   0.223303E+03   0.172140E+02   0.000000E+00   0.206089E+03  -0.412178E+03
   0.406326E+02  -0.282874E-01   0.381406E+01   0.826141E+01   0.510130E+01   0.379754E+02   0.126933E+02   0.226791E+02  -0.948119E+01  -0.142037E+02  -0.421851E+01   0.682865E+01   0.437016E+02   0.436002E+02   0.138350E+00   0.211984E-02   0.143775E-01   0.344987E-02   0.120453E-02   0.222817E+03   0.163055E+02   0.000000E+00   0.206511E+03  -0.413023E+03
   0.401487E+02   0.177919E+01   0.381406E+01   0.826141E+01   0.637729E+01   0.357243E+02   0.122369E+02   0.226791E+02  -0.937526E+01  -0.142037E+02  -0.421851E+01   0.682865E+01   0.437016E+02   0.436002E+02   0.145773E+00   0.211984E-02   0.677629E-02   0.651007E-04   0.120453E-02   0.225386E+03   0.174041E+02   0.000000E+00   0.207982E+03  -0.415964E+03
   0.401487E+02   0.149569E+00   0.325270E+01   0.826141E+01   0.637729E+01   0.357243E+02   0.122369E+02   0.226966E+02  -0.937526E+01  -0.142741E+02  -0.421851E+01   0.682865E+01   0.437016E+02   0.436002E+02   0.145773E+00   0.211984E-02   0.633541E-02   0.216454E-01   0.120453E-02   0.226277E+03   0.152902E+02   0.000000E+00   0.210987E+03  -0.421974E+03
   0.400170E+02   0.149569E+00   0.229877E+01   0.826141E+01   0.637729E+01   0.375854E+02   0.122369E+02   0.226966E+02  -0.937526E+01  -0.142741E+02  -0.421851E+01   0.667885E+01   0.437016E+02   0.436002E+02   0.140604E+00   0.211984E-02   0.272649E-01   0.147039E-01   0.120453E-02   0.225318E+03   0.138914E+02   0.000000E+00   0.211427E+03  -0.422853E+03
   0.406989E+02   0.149569E+00   0.158158E+01   0.826141E+01   0.637729E+01   0.358979E+02   0.122369E+02   0.226966E+02  -0.937526E+01  -0.142741E+02  -0.421851E+01   0.667885E+01   0.437016E+02   0.436002E+02   0.154650E+00   0.211984E-02   0.272649E-01   0.147039E-01   0.155357E-01   0.218669E+03   0.124582E+02   0.000000E+00   0.206211E+03  -0.412422E+03
   0.400019E+02   0.149569E+00   0.426635E+01   0.826141E+01   0.637729E+01   0.358979E+02   0.122369E+02   0.226966E+02  -0.937526E+01  -0.142741E+02  -0.421851E+01   0.667885E+01   0.436961E+02   0.436002E+02   0.154650E+00   0.933818E-02   0.288372E-01   0.147039E-01   0.155357E-01   0.220115E+03   0.115792E+02   0.000000E+00   0.208536E+03  -0.417072E+03
   0.400019E+02   0.676461E+00   0.426635E+01   0.556520E+01   0.637729E+01   0.358979E+02   0.123075E+02   0.226966E+02  -0.937526E+01  -0.142741E+02  -0.421851E+01   0.667885E+01   0.436961E+02   0.436002E+02   0.154650E+00   0.933818E-02   0.288372E-01   0.147039E-01   0.886690E-02   0.219065E+03   0.122461E+02   0.000000E+00   0.206819E+03  -0.413638E+03
   0.402319E+02   0.676461E+00   0.426635E+01   0.556520E+01   0.637729E+01   0.358979E+02   0.123075E+02   0.226966E+02  -0.937526E+01  -0.142741E+02  -0.421851E+01   0.667885E+01   0.436961E+02   0.436002E+02   0.138093E+00   0.933818E-02   0.437495E-01   0.147039E-01   0.886690E-02   0.218958E+03   0.107548E+02   0.000000E+00   0.208203E+03  -0.416406E+03
   0.404818E+02   0.676461E+00   0.426635E+01   0.556520E+01   0.637729E+01   0.375626E+02   0.115876E+02   0.226966E+02  -0.937526E+01  -0.142741E+02  -0.421851E+01   0.675555E+01   0.436961E+02   0.436002E+02   0.138093E+00   0.933818E-02   0.437495E-01   0.147039E-01   0.139058E-01   0.218251E+03   0.102509E+02   0.000000E+00   0.208000E+03  -0.416000E+03
   0.404818E+02   0.676461E+00   0.426635E+01   0.556520E+01   0.637729E+01   0.375626E+02   0.714681E+01   0.226966E+02  -0.937526E+01  -0.142741E+02  -0.421851E+01   0.675555E+01   0.436961E+02   0.436002E+02   0.141721E+00   0.933818E-02   0.322422E-01   0.147039E-01   0.289143E-01   0.218921E+03   0.990082E+01   0.000000E+00   0.209020E+03  -0.418040E+03
   0.404818E+02   0.676461E+00   0.349879E+01   0.556520E+01   0.637729E+01   0.375626E+02   0.714681E+01   0.227014E+02  -0.937526E+01  -0.142741E+02  -0.421851E+01   0.675555E+01   0.436961E+02   0.436002E+02   0.141721E+00   0.933818E-02   0.281771E-01   0.147039E-01   0.129804E-01   0.221020E+03   0.119007E+02   0.000000E+00   0.209119E+03  -0.418239E+03
   0.404818E+02   0.676461E+00   0.349879E+01   0.556520E+01   0.637729E+01   0.367052E+02   0.714681E+01   0.226588E+02  -0.930652E+01  -0.142741E+02  -0.421851E+01   0.675555E+01   0.436961E+02   0.436002E+02   0.141721E+00   0.318652E-02   0.163932E-01   0.147039E-01   0.126464E-01   0.222493E+03   0.137277E+02   0.000000E+00   0.208765E+03  -0.417531E+03
   0.403149E+02   0.676461E+00   0.349879E+01   0.556520E+01   0.637729E+01   0.367052E+02   0.864278E+01   0.226588E+02  -0.930652E+01  -0.142741E+02  -0.421851E+01   0.675555E+01   0.436961E+02   0.436002E+02   0.141721E+00   0.204244E-01   0.163932E-01   0.174272E-01   0.251853E-01   0.221405E+03   0.104777E+02   0.000000E+00   0.210927E+03  -0.421855E+03
   0.403149E+02   0.676461E+00   0.349879E+01   0.650368E+01   0.637729E+01   0.367052E+02   0.924001E+01   0.226588E+02  -0.930652E+01  -0.142741E+02  -0.421851E+01   0.675555E+01   0.436961E+02   0.436002E+02   0.144115E+00   0.118992E-01   0.276958E-02   0.280480E-02   0.306350E-01   0.226583E+03   0.136098E+02   0.000000E+00   0.212973E+03  -0.425946E+03
   0.403447E+02   0.676461E+00   0.349879E+01   0.881626E+01   0.637729E+01   0.367052E+02   0.924001E+01   0.226588E+02  -0.930652E+01  -0.142741E+02  -0.421851E+01   0.675555E+01   0.436961E+02   0.436002E+02   0.144115E+00   0.262372E-02   0.509746E-02   0.280480E-02   0.274888E-01   0.227806E+03   0.146192E+02   0.000000E+00   0.213187E+03  -0.426374E+03
   0.403447E+02   0.676461E+00   0.349879E+01   0.881626E+01   0.637729E+01   0.368958E+02   0.844974E+01   0.225972E+02  -0.930652E+01  -0.142741E+02  -0.421851E+01   0.688738E+01   0.436961E+02   0.436002E+02   0.144115E+00   0.262372E-02   0.509746E-02   0.280480E-02   0.189487E-01   0.227761E+03   0.154732E+02   0.000000E+00   0.212288E+03  -0.424576E+03
   0.403447E+02   0.874793E+00   0.307013E+01   0.881626E+01   0.637729E+01   0.368958E+02   0.123931E+02   0.225972E+02  -0.930652E+01  -0.142772E+02  -0.421851E+01   0.688738E+01   0.436961E+02   0.436002E+02   0.139163E+00   0.262372E-02   0.509746E-02   0.280480E-02   0.587427E-02   0.228477E+03   0.167807E+02   0.000000E+00   0.211696E+03  -0.423393E+03
   0.403447E+02   0.999130E+00   0.307013E+01   0.881626E+01   0.682259E+01   0.368958E+02   0.123931E+02   0.225972E+02  -0.930652E+01  -0.142772E+02  -0.437355E+01   0.688738E+01   0.436961E+02   0.436002E+02   0.140070E+00   0.262372E-02   0.509746E-02   0.280480E-02   0.587427E-02   0.229619E+03   0.167807E+02   0.000000E+00   0.212838E+03  -0.425677E+03
   0.403447E+02   0.772437E+00   0.307013E+01   0.881626E+01   0.682259E+01   0.369367E+02   0.127002E+02   0.225972E+02  -0.930652E+01  -0.142772E+02  -0.437355E+01   0.688738E+01   0.436961E+02   0.436002E+02   0.140070E+00   0.262372E-02   0.509746E-02   0.280480E-02   0.152993E-01   0.228534E+03   0.158382E+02   0.000000E+00   0.212696E+03  -0.425392E+03
   0.403447E+02   0.407844E+00   0.307013E+01   0.881626E+01   0.682259E+01   0.369367E+02   0.121502E+02   0.225972E+02  -0.930652E+01  -0.142772E+02  -0.437355E+01   0.688738E+01   0.436961E+02   0.436002E+02   0.142135E+00   0.345732E-02   0.509746E-02   0.280480E-02   0.739156E-05   0.230729E+03   0.172840E+02   0.000000E+00   0.213445E+03  -0.426890E+03
   0.398492E+02   0.407844E+00   0.307013E+01   0.881626E+01   0.682259E+01   0.375330E+02   0.121502E+02   0.225972E+02  -0.930652E+01  -0.142772E+02  -0.437355E+01   0.688738E+01   0.436961E+02   0.436002E+02   0.142135E+00   0.102565E-01   0.297484E-03   0.280480E-02   0.293453E-02   0.227478E+03   0.167913E+02   0.000000E+00   0.210687E+03  -0.421373E+03
   0.398492E+02   0.958040E+00   0.307013E+01   0.881626E+01   0.682259E+01   0.375330E+02   0.126578E+02   0.225972E+02  -0.927617E+01  -0.142772E+02  -0.437355E+01   0.688738E+01   0.436961E+02   0.436002E+02   0.142135E+00   0.114980E-01   0.297484E-03   0.280480E-02   0.155448E-01   0.224911E+03   0.154062E+02   0.000000E+00   0.209505E+03  -0.419010E+03
   0.401120E+02   0.958040E+00   0.227921E+01   0.881626E+01   0.682259E+01   0.366650E+02   0.947402E+01   0.225972E+02  -0.927617E+01  -0.142772E+02  -0.437355E+01   0.688738E+01   0.436961E+02   0.436002E+02   0.142135E+00   0.114980E-01   0.124905E-01   0.280480E-02   0.112894E-01   0.225619E+03   0.146124E+02   0.000000E+00   0.211007E+03  -0.422013E+03
   0.401120E+02   0.958040E+00   0.227921E+01   0.881626E+01   0.682259E+01   0.366650E+02   0.946402E+01   0.225972E+02  -0.927617E+01  -0.142772E+02  -0.437355E+01   0.688738E+01   0.436961E+02   0.436002E+02   0.142135E+00   0.114980E-01   0.610740E-02   0.280480E-02   0.533120E-02   0.226845E+03   0.158465E+02   0.000000E+00   0.210998E+03  -0.421997E+03
   0.401120E+02   0.958040E+00   0.227921E+01   0.760512E+01   0.740423E+01   0.366650E+02   0.946402E+01   0.225972E+02  -0.927617E+01  -0.142772E+02  -0.437355E+01   0.688738E+01   0.436961E+02   0.436002E+02   0.142135E+00   0.114980E-01   0.605502E-02   0.280480E-02   0.698300E-02   0.226720E+03   0.156866E+02   0.000000E+00   0.211033E+03  -0.422067E+03
