X1_obs         X2_obs         X3_obs         X4_obs         X1_true        X2_true        X3_true        X4_true        Y1_obs         Y2_obs         Y3_obs         Y4_obs         Y5_obs         Y1_unbiased    Y2_unbiased    Y3_unbiased    Y4_unbiased    Y5_unbiased    Y1_sim         Y2_sim         Y3_sim         Y4_sim         Y5_sim         Y1_res         Y2_res         Y3_res         Y4_res         Y5_res         Y1_stdres      Y2_stdres      Y3_stdres      Y4_stdres      Y5_stdres      
   0.100000E+01   0.600000E+01   0.224165E+05   0.259230E+06   0.100000E+01   0.600000E+01   0.224165E+05   0.259230E+06   0.210445E+03  -0.999900E+04  -0.999900E+04  -0.999900E+04  -0.999900E+04   0.210445E+03  -0.999900E+04  -0.999900E+04  -0.999900E+04  -0.999900E+04   0.210560E+03   0.948305E+02   0.101002E+01   0.354934E+02   0.150000E+02  -0.114641E+00  -0.999900E+04  -0.999900E+04  -0.999900E+04  -0.999900E+04  -0.875684E+00  -0.999900E+04  -0.999900E+04  -0.999900E+04  -0.999900E+04
   0.100000E+01   0.600000E+01   0.225000E+05   0.259266E+06   0.100000E+01   0.600000E+01   0.225000E+05   0.259266E+06   0.210387E+03  -0.999900E+04  -0.999900E+04  -0.999900E+04  -0.999900E+04   0.210387E+03  -0.999900E+04  -0.999900E+04  -0.999900E+04  -0.999900E+04   0.210498E+03   0.948300E+02   0.996451E+00   0.339377E+02   0.150000E+02  -0.110570E+00  -0.999900E+04  -0.999900E+04  -0.999900E+04  -0.999900E+04  -0.844589E+00  -0.999900E+04  -0.999900E+04  -0.999900E+04  -0.999900E+04
   0.100000E+01   0.600000E+01   0.226247E+05   0.259301E+06   0.100000E+01   0.600000E+01   0.226247E+05   0.259301E+06   0.210300E+03  -0.999900E+04  -0.999900E+04  -0.999900E+04  -0.999900E+04   0.210300E+03  -0.999900E+04  -0.999900E+04  -0.999900E+04  -0.999900E+04   0.210389E+03   0.948276E+02   0.974896E+00   0.310377E+02   0.150000E+02  -0.891046E-01  -0.999900E+04  -0.999900E+04  -0.999900E+04  -0.999900E+04  -0.680623E+00  -0.999900E+04  -0.999900E+04  -0.999900E+04  -0.999900E+04
   0.100000E+01   0.600000E+01   0.227493E+05   0.259343E+06   0.100000E+01   0.600000E+01   0.227493E+05   0.259343E+06   0.210170E+03  -0.999900E+04  -0.999900E+04  -0.999900E+04  -0.999900E+04   0.210170E+03  -0.999900E+04  -0.999900E+04  -0.999900E+04  -0.999900E+04   0.210281E+03   0.948257E+02   0.936035E+00   0.296903E+02   0.150000E+02  -0.111179E+00  -0.999900E+04  -0.999900E+04  -0.999900E+04  -0.999900E+04  -0.849237E+00  -0.999900E+04  -0.999900E+04  -0.999900E+04  -0.999900E+04
   0.100000E+01   0.600000E+01   0.228740E+05   0.259376E+06   0.100000E+01   0.600000E+01   0.228740E+05   0.259376E+06   0.210028E+03  -0.999900E+04  -0.999900E+04  -0.999900E+04  -0.999900E+04   0.210028E+03  -0.999900E+04  -0.999900E+04  -0.999900E+04  -0.999900E+04   0.210172E+03   0.948231E+02   0.911050E+00   0.284091E+02   0.150000E+02  -0.144331E+00  -0.999900E+04  -0.999900E+04  -0.999900E+04  -0.999900E+04  -0.110247E+01  -0.999900E+04  -0.999900E+04  -0.999900E+04  -0.999900E+04
   0.100000E+01   0.600000E+01   0.230015E+05   0.259413E+06   0.100000E+01   0.600000E+01   0.230015E+05   0.259413E+06   0.209945E+03  -0.999900E+04  -0.999900E+04  -0.999900E+04  -0.999900E+04   0.209945E+03  -0.999900E+04  -0.999900E+04  -0.999900E+04  -0.999900E+04   0.210040E+03   0.948207E+02   0.959175E+00   0.271925E+02   0.150000E+02  -0.948402E-01  -0.999900E+04  -0.999900E+04  -0.999900E+04  -0.999900E+04  -0.724435E+00  -0.999900E+04  -0.999900E+04  -0.999900E+04  -0.999900E+04
   0.100000E+01   0.600000E+01   0.231290E+05   0.259441E+06   0.100000E+01   0.600000E+01   0.231290E+05   0.259441E+06   0.209865E+03  -0.999900E+04  -0.999900E+04  -0.999900E+04  -0.999900E+04   0.209865E+03  -0.999900E+04  -0.999900E+04  -0.999900E+04  -0.999900E+04   0.209899E+03   0.948178E+02   0.917319E+00   0.249473E+02   0.150000E+02  -0.337736E-01  -0.999900E+04  -0.999900E+04  -0.999900E+04  -0.999900E+04  -0.257979E+00  -0.999900E+04  -0.999900E+04  -0.999900E+04  -0.999900E+04
   0.100000E+01   0.600000E+01   0.232280E+05   0.259478E+06   0.100000E+01   0.600000E+01   0.232280E+05   0.259478E+06   0.209765E+03  -0.999900E+04  -0.999900E+04  -0.999900E+04  -0.999900E+04   0.209765E+03  -0.999900E+04  -0.999900E+04  -0.999900E+04  -0.999900E+04   0.209813E+03   0.948165E+02   0.833659E+00   0.239156E+02   0.150000E+02  -0.476213E-01  -0.999900E+04  -0.999900E+04  -0.999900E+04  -0.999900E+04  -0.363754E+00  -0.999900E+04  -0.999900E+04  -0.999900E+04  -0.999900E+04
   0.100000E+01   0.600000E+01   0.233225E+05   0.259498E+06   0.100000E+01   0.600000E+01   0.233225E+05   0.259498E+06   0.209775E+03  -0.999900E+04  -0.999900E+04  -0.999900E+04  -0.999900E+04   0.209775E+03  -0.999900E+04  -0.999900E+04  -0.999900E+04  -0.999900E+04   0.209708E+03   0.948147E+02   0.924687E+00   0.229425E+02   0.150000E+02   0.668021E-01  -0.999900E+04  -0.999900E+04  -0.999900E+04  -0.999900E+04   0.510266E+00  -0.999900E+04  -0.999900E+04  -0.999900E+04  -0.999900E+04
   0.100000E+01   0.600000E+01   0.234170E+05   0.259528E+06   0.100000E+01   0.600000E+01   0.234170E+05   0.259528E+06   0.209762E+03  -0.999900E+04  -0.999900E+04  -0.999900E+04  -0.999900E+04   0.209762E+03  -0.999900E+04  -0.999900E+04  -0.999900E+04  -0.999900E+04   0.209544E+03   0.948130E+02   0.972176E+00   0.220265E+02   0.150000E+02   0.218179E+00  -0.999900E+04  -0.999900E+04  -0.999900E+04  -0.999900E+04   0.166655E+01  -0.999900E+04  -0.999900E+04  -0.999900E+04  -0.999900E+04
   0.100000E+01   0.600000E+01   0.235177E+05   0.259556E+06   0.100000E+01   0.600000E+01   0.235177E+05   0.259556E+06   0.209648E+03  -0.999900E+04  -0.999900E+04  -0.999900E+04  -0.999900E+04   0.209648E+03  -0.999900E+04  -0.999900E+04  -0.999900E+04  -0.999900E+04   0.209352E+03   0.948106E+02   0.932698E+00   0.211661E+02   0.150000E+02   0.295115E+00  -0.999900E+04  -0.999900E+04  -0.999900E+04  -0.999900E+04   0.225423E+01  -0.999900E+04  -0.999900E+04  -0.999900E+04  -0.999900E+04
   0.100000E+01   0.600000E+01   0.236184E+05   0.259586E+06   0.100000E+01   0.600000E+01   0.236184E+05   0.259586E+06   0.209627E+03  -0.999900E+04  -0.999900E+04  -0.999900E+04  -0.999900E+04   0.209627E+03  -0.999900E+04  -0.999900E+04  -0.999900E+04  -0.999900E+04   0.209182E+03   0.948080E+02   0.890626E+00   0.203600E+02   0.150000E+02   0.445113E+00  -0.999900E+04  -0.999900E+04  -0.999900E+04  -0.999900E+04   0.339998E+01  -0.999900E+04  -0.999900E+04  -0.999900E+04  -0.999900E+04
   0.100000E+01   0.600000E+01   0.237191E+05   0.259629E+06   0.100000E+01   0.600000E+01   0.237191E+05   0.259629E+06   0.209375E+03  -0.999900E+04  -0.999900E+04  -0.999900E+04  -0.999900E+04   0.209375E+03  -0.999900E+04  -0.999900E+04  -0.999900E+04  -0.999900E+04   0.209034E+03   0.948058E+02   0.848136E+00   0.196065E+02   0.150000E+02   0.340929E+00  -0.999900E+04  -0.999900E+04  -0.999900E+04  -0.999900E+04   0.260418E+01  -0.999900E+04  -0.999900E+04  -0.999900E+04  -0.999900E+04
   0.100000E+01   0.600000E+01   0.238199E+05   0.259669E+06   0.100000E+01   0.600000E+01   0.238199E+05   0.259669E+06   0.208798E+03  -0.999900E+04  -0.999900E+04  -0.999900E+04  -0.999900E+04   0.208798E+03  -0.999900E+04  -0.999900E+04  -0.999900E+04  -0.999900E+04   0.208904E+03   0.948035E+02   0.808988E+00   0.189044E+02   0.150000E+02  -0.106474E+00  -0.999900E+04  -0.999900E+04  -0.999900E+04  -0.999900E+04  -0.813300E+00  -0.999900E+04  -0.999900E+04  -0.999900E+04  -0.999900E+04
   0.100000E+01   0.600000E+01   0.239206E+05   0.259694E+06   0.100000E+01   0.600000E+01   0.239206E+05   0.259694E+06   0.208480E+03  -0.999900E+04  -0.999900E+04  -0.999900E+04  -0.999900E+04   0.208480E+03  -0.999900E+04  -0.999900E+04  -0.999900E+04  -0.999900E+04   0.208786E+03   0.948004E+02   0.777640E+00   0.182522E+02   0.150000E+02  -0.305837E+00  -0.999900E+04  -0.999900E+04  -0.999900E+04  -0.999900E+04  -0.233613E+01  -0.999900E+04  -0.999900E+04  -0.999900E+04  -0.999900E+04
   0.100000E+01   0.600000E+01   0.240213E+05   0.259724E+06   0.100000E+01   0.600000E+01   0.240213E+05   0.259724E+06   0.208365E+03  -0.999900E+04  -0.999900E+04  -0.999900E+04  -0.999900E+04   0.208365E+03  -0.999900E+04  -0.999900E+04  -0.999900E+04  -0.999900E+04   0.208674E+03   0.947974E+02   0.755728E+00   0.176486E+02   0.150000E+02  -0.308774E+00  -0.999900E+04  -0.999900E+04  -0.999900E+04  -0.999900E+04  -0.235856E+01  -0.999900E+04  -0.999900E+04  -0.999900E+04  -0.999900E+04
   0.100000E+01   0.600000E+01   0.241220E+05   0.259767E+06   0.100000E+01   0.600000E+01   0.241220E+05   0.259767E+06   0.208083E+03  -0.999900E+04  -0.999900E+04  -0.999900E+04  -0.999900E+04   0.208083E+03  -0.999900E+04  -0.999900E+04  -0.999900E+04  -0.999900E+04   0.208562E+03   0.947950E+02   0.744167E+00   0.170921E+02   0.150000E+02  -0.479937E+00  -0.999900E+04  -0.999900E+04  -0.999900E+04  -0.999900E+04  -0.366598E+01  -0.999900E+04  -0.999900E+04  -0.999900E+04  -0.999900E+04
   0.100000E+01   0.600000E+01   0.242135E+05   0.259794E+06   0.100000E+01   0.600000E+01   0.242135E+05   0.259794E+06   0.207875E+03  -0.999900E+04  -0.999900E+04  -0.999900E+04  -0.999900E+04   0.207875E+03  -0.999900E+04  -0.999900E+04  -0.999900E+04  -0.999900E+04   0.208457E+03   0.947923E+02   0.757786E+00   0.165813E+02   0.150000E+02  -0.581586E+00  -0.999900E+04  -0.999900E+04  -0.999900E+04  -0.999900E+04  -0.444243E+01  -0.999900E+04  -0.999900E+04  -0.999900E+04  -0.999900E+04
   0.100000E+01   0.600000E+01   0.243050E+05   0.259832E+06   0.100000E+01   0.600000E+01   0.243050E+05   0.259832E+06   0.207657E+03  -0.999900E+04  -0.999900E+04  -0.999900E+04  -0.999900E+04   0.207657E+03  -0.999900E+04  -0.999900E+04  -0.999900E+04  -0.999900E+04   0.208340E+03   0.947902E+02   0.794344E+00   0.161150E+02   0.150000E+02  -0.682407E+00  -0.999900E+04  -0.999900E+04  -0.999900E+04  -0.999900E+04  -0.521255E+01  -0.999900E+04  -0.999900E+04  -0.999900E+04  -0.999900E+04
   0.100000E+01   0.600000E+01   0.244303E+05   0.259864E+06   0.100000E+01   0.600000E+01   0.244303E+05   0.259864E+06   0.207577E+03  -0.999900E+04  -0.999900E+04  -0.999900E+04  -0.999900E+04   0.207577E+03  -0.999900E+04  -0.999900E+04  -0.999900E+04  -0.999900E+04   0.208160E+03   0.947866E+02   0.820720E+00   0.156918E+02   0.150000E+02  -0.582628E+00  -0.999900E+04  -0.999900E+04  -0.999900E+04  -0.999900E+04  -0.445039E+01  -0.999900E+04  -0.999900E+04  -0.999900E+04  -0.999900E+04
   0.100000E+01   0.600000E+01   0.245557E+05   0.259917E+06   0.100000E+01   0.600000E+01   0.245557E+05   0.259917E+06   0.207485E+03  -0.999900E+04  -0.999900E+04  -0.999900E+04  -0.999900E+04   0.207485E+03  -0.999900E+04  -0.999900E+04  -0.999900E+04  -0.999900E+04   0.207986E+03   0.947842E+02   0.759579E+00   0.149695E+02   0.150000E+02  -0.500597E+00  -0.999900E+04  -0.999900E+04  -0.999900E+04  -0.999900E+04  -0.382380E+01  -0.999900E+04  -0.999900E+04  -0.999900E+04  -0.999900E+04
   0.100000E+01   0.600000E+01   0.246810E+05   0.259954E+06   0.100000E+01   0.600000E+01   0.246810E+05   0.259954E+06   0.207370E+03  -0.999900E+04  -0.999900E+04  -0.999900E+04  -0.999900E+04   0.207370E+03  -0.999900E+04  -0.999900E+04  -0.999900E+04  -0.999900E+04   0.207836E+03   0.947804E+02   0.676016E+00   0.146678E+02   0.150000E+02  -0.465882E+00  -0.999900E+04  -0.999900E+04  -0.999900E+04  -0.999900E+04  -0.355863E+01  -0.999900E+04  -0.999900E+04  -0.999900E+04  -0.999900E+04
   0.100000E+01   0.600000E+01   0.247962E+05   0.259985E+06   0.100000E+01   0.600000E+01   0.247962E+05   0.259985E+06   0.207255E+03  -0.999900E+04  -0.999900E+04  -0.999900E+04  -0.999900E+04   0.207255E+03  -0.999900E+04  -0.999900E+04  -0.999900E+04  -0.999900E+04   0.207705E+03   0.947766E+02   0.683511E+00   0.144040E+02   0.150000E+02  -0.450207E+00  -0.999900E+04  -0.999900E+04  -0.999900E+04  -0.999900E+04  -0.343890E+01  -0.999900E+04  -0.999900E+04  -0.999900E+04  -0.999900E+04
   0.100000E+01   0.600000E+01   0.249115E+05   0.260020E+06   0.100000E+01   0.600000E+01   0.249115E+05   0.260020E+06   0.207100E+03  -0.999900E+04  -0.999900E+04  -0.999900E+04  -0.999900E+04   0.207100E+03  -0.999900E+04  -0.999900E+04  -0.999900E+04  -0.999900E+04   0.207579E+03   0.947731E+02   0.662012E+00   0.141769E+02   0.150000E+02  -0.478639E+00  -0.999900E+04  -0.999900E+04  -0.999900E+04  -0.999900E+04  -0.365607E+01  -0.999900E+04  -0.999900E+04  -0.999900E+04  -0.999900E+04
   0.100000E+01   0.600000E+01   0.250268E+05   0.260050E+06   0.100000E+01   0.600000E+01   0.250268E+05   0.260050E+06   0.206975E+03  -0.999900E+04  -0.999900E+04  -0.999900E+04  -0.999900E+04   0.206975E+03  -0.999900E+04  -0.999900E+04  -0.999900E+04  -0.999900E+04   0.207470E+03   0.947691E+02   0.591255E+00   0.138277E+02   0.150000E+02  -0.494952E+00  -0.999900E+04  -0.999900E+04  -0.999900E+04  -0.999900E+04  -0.378068E+01  -0.999900E+04  -0.999900E+04  -0.999900E+04  -0.999900E+04
   0.100000E+01   0.600000E+01   0.251420E+05   0.260085E+06   0.100000E+01   0.600000E+01   0.251420E+05   0.260085E+06   0.206768E+03  -0.999900E+04  -0.999900E+04  -0.999900E+04  -0.999900E+04   0.206768E+03  -0.999900E+04  -0.999900E+04  -0.999900E+04  -0.999900E+04   0.207396E+03   0.947648E+02   0.481602E+00   0.137032E+02   0.150000E+02  -0.628740E+00  -0.999900E+04  -0.999900E+04  -0.999900E+04  -0.999900E+04  -0.480261E+01  -0.999900E+04  -0.999900E+04  -0.999900E+04  -0.999900E+04
   0.100000E+01   0.600000E+01   0.252457E+05   0.260115E+06   0.100000E+01   0.600000E+01   0.252457E+05   0.260115E+06   0.206748E+03  -0.999900E+04  -0.999900E+04  -0.999900E+04  -0.999900E+04   0.206748E+03  -0.999900E+04  -0.999900E+04  -0.999900E+04  -0.999900E+04   0.207334E+03   0.947608E+02   0.520493E+00   0.136105E+02   0.150000E+02  -0.586378E+00  -0.999900E+04  -0.999900E+04  -0.999900E+04  -0.999900E+04  -0.447903E+01  -0.999900E+04  -0.999900E+04  -0.999900E+04  -0.999900E+04
   0.100000E+01   0.600000E+01   0.253493E+05   0.260145E+06   0.100000E+01   0.600000E+01   0.253493E+05   0.260145E+06   0.206670E+03  -0.999900E+04  -0.999900E+04  -0.999900E+04  -0.999900E+04   0.206670E+03  -0.999900E+04  -0.999900E+04  -0.999900E+04  -0.999900E+04   0.207259E+03   0.947572E+02   0.559433E+00   0.135484E+02   0.150000E+02  -0.588690E+00  -0.999900E+04  -0.999900E+04  -0.999900E+04  -0.999900E+04  -0.449669E+01  -0.999900E+04  -0.999900E+04  -0.999900E+04  -0.999900E+04
   0.100000E+01   0.600000E+01   0.254530E+05   0.260178E+06   0.100000E+01   0.600000E+01   0.254530E+05   0.260178E+06   0.206610E+03  -0.999900E+04  -0.999900E+04  -0.999900E+04  -0.999900E+04   0.206610E+03  -0.999900E+04  -0.999900E+04  -0.999900E+04  -0.999900E+04   0.207169E+03   0.947539E+02   0.594906E+00   0.135158E+02   0.150000E+02  -0.559336E+00  -0.999900E+04  -0.999900E+04  -0.999900E+04  -0.999900E+04  -0.427247E+01  -0.999900E+04  -0.999900E+04  -0.999900E+04  -0.999900E+04
   0.100000E+01   0.600000E+01   0.255567E+05   0.260220E+06   0.100000E+01   0.600000E+01   0.255567E+05   0.260220E+06   0.206482E+03  -0.999900E+04  -0.999900E+04  -0.999900E+04  -0.999900E+04   0.206482E+03  -0.999900E+04  -0.999900E+04  -0.999900E+04  -0.999900E+04   0.207066E+03   0.947513E+02   0.623536E+00   0.135115E+02   0.150000E+02  -0.583174E+00  -0.999900E+04  -0.999900E+04  -0.999900E+04  -0.999900E+04  -0.445456E+01  -0.999900E+04  -0.999900E+04  -0.999900E+04  -0.999900E+04
   0.100000E+01   0.600000E+01   0.256603E+05   0.260244E+06   0.100000E+01   0.600000E+01   0.256603E+05   0.260244E+06   0.206343E+03  -0.999900E+04  -0.999900E+04  -0.999900E+04  -0.999900E+04   0.206343E+03  -0.999900E+04  -0.999900E+04  -0.999900E+04  -0.999900E+04   0.206949E+03   0.947479E+02   0.642747E+00   0.135344E+02   0.150000E+02  -0.606399E+00  -0.999900E+04  -0.999900E+04  -0.999900E+04  -0.999900E+04  -0.463197E+01  -0.999900E+04  -0.999900E+04  -0.999900E+04  -0.999900E+04
   0.100000E+01   0.600000E+01   0.257640E+05   0.260286E+06   0.100000E+01   0.600000E+01   0.257640E+05   0.260286E+06   0.206183E+03  -0.999900E+04  -0.999900E+04  -0.999900E+04  -0.999900E+04   0.206183E+03  -0.999900E+04  -0.999900E+04  -0.999900E+04  -0.999900E+04   0.206821E+03   0.947453E+02   0.652009E+00   0.135833E+02   0.150000E+02  -0.638993E+00  -0.999900E+04  -0.999900E+04  -0.999900E+04  -0.999900E+04  -0.488093E+01  -0.999900E+04  -0.999900E+04  -0.999900E+04  -0.999900E+04
   0.100000E+01   0.600000E+01   0.258682E+05   0.260334E+06   0.100000E+01   0.600000E+01   0.258682E+05   0.260334E+06   0.206070E+03  -0.999900E+04  -0.999900E+04  -0.999900E+04  -0.999900E+04   0.206070E+03  -0.999900E+04  -0.999900E+04  -0.999900E+04  -0.999900E+04   0.206690E+03   0.947430E+02   0.657230E+00   0.136571E+02   0.150000E+02  -0.619787E+00  -0.999900E+04  -0.999900E+04  -0.999900E+04  -0.999900E+04  -0.473423E+01  -0.999900E+04  -0.999900E+04  -0.999900E+04  -0.999900E+04
   0.100000E+01   0.600000E+01   0.259724E+05   0.260381E+06   0.100000E+01   0.600000E+01   0.259724E+05   0.260381E+06   0.205903E+03  -0.999900E+04  -0.999900E+04  -0.999900E+04  -0.999900E+04   0.205903E+03  -0.999900E+04  -0.999900E+04  -0.999900E+04  -0.999900E+04   0.206560E+03   0.947407E+02   0.661863E+00   0.137548E+02   0.150000E+02  -0.657977E+00  -0.999900E+04  -0.999900E+04  -0.999900E+04  -0.999900E+04  -0.502594E+01  -0.999900E+04  -0.999900E+04  -0.999900E+04  -0.999900E+04
   0.100000E+01   0.600000E+01   0.260766E+05   0.260406E+06   0.100000E+01   0.600000E+01   0.260766E+05   0.260406E+06   0.205882E+03  -0.999900E+04  -0.999900E+04  -0.999900E+04  -0.999900E+04   0.205882E+03  -0.999900E+04  -0.999900E+04  -0.999900E+04  -0.999900E+04   0.206436E+03   0.947376E+02   0.664995E+00   0.140175E+02   0.150000E+02  -0.553416E+00  -0.999900E+04  -0.999900E+04  -0.999900E+04  -0.999900E+04  -0.422725E+01  -0.999900E+04  -0.999900E+04  -0.999900E+04  -0.999900E+04
   0.100000E+01   0.600000E+01   0.261808E+05   0.260439E+06   0.100000E+01   0.600000E+01   0.261808E+05   0.260439E+06   0.205805E+03  -0.999900E+04  -0.999900E+04  -0.999900E+04  -0.999900E+04   0.205805E+03  -0.999900E+04  -0.999900E+04  -0.999900E+04  -0.999900E+04   0.206318E+03   0.947350E+02   0.666106E+00   0.141803E+02   0.150000E+02  -0.512569E+00  -0.999900E+04  -0.999900E+04  -0.999900E+04  -0.999900E+04  -0.391524E+01  -0.999900E+04  -0.999900E+04  -0.999900E+04  -0.999900E+04
   0.100000E+01   0.600000E+01   0.262850E+05   0.260471E+06   0.100000E+01   0.600000E+01   0.262850E+05   0.260471E+06   0.205762E+03  -0.999900E+04  -0.999900E+04  -0.999900E+04  -0.999900E+04   0.205762E+03  -0.999900E+04  -0.999900E+04  -0.999900E+04  -0.999900E+04   0.206205E+03   0.947327E+02   0.665355E+00   0.143629E+02   0.150000E+02  -0.442807E+00  -0.999900E+04  -0.999900E+04  -0.999900E+04  -0.999900E+04  -0.338237E+01  -0.999900E+04  -0.999900E+04  -0.999900E+04  -0.999900E+04
   0.100000E+01   0.600000E+01   0.264097E+05   0.260516E+06   0.100000E+01   0.600000E+01   0.264097E+05   0.260516E+06   0.205708E+03  -0.999900E+04  -0.999900E+04  -0.999900E+04  -0.999900E+04   0.205708E+03  -0.999900E+04  -0.999900E+04  -0.999900E+04  -0.999900E+04   0.206068E+03   0.947302E+02   0.670326E+00   0.145640E+02   0.150000E+02  -0.360955E+00  -0.999900E+04  -0.999900E+04  -0.999900E+04  -0.999900E+04  -0.275715E+01  -0.999900E+04  -0.999900E+04  -0.999900E+04  -0.999900E+04
   0.100000E+01   0.600000E+01   0.265343E+05   0.260551E+06   0.100000E+01   0.600000E+01   0.265343E+05   0.260551E+06   0.205635E+03  -0.999900E+04  -0.999900E+04  -0.999900E+04  -0.999900E+04   0.205635E+03  -0.999900E+04  -0.999900E+04  -0.999900E+04  -0.999900E+04   0.205908E+03   0.947271E+02   0.696430E+00   0.147828E+02   0.150000E+02  -0.272639E+00  -0.999900E+04  -0.999900E+04  -0.999900E+04  -0.999900E+04  -0.208255E+01  -0.999900E+04  -0.999900E+04  -0.999900E+04  -0.999900E+04
   0.100000E+01   0.600000E+01   0.266590E+05   0.260590E+06   0.100000E+01   0.600000E+01   0.266590E+05   0.260590E+06   0.205213E+03  -0.999900E+04  -0.999900E+04  -0.999900E+04  -0.999900E+04   0.205213E+03  -0.999900E+04  -0.999900E+04  -0.999900E+04  -0.999900E+04   0.205671E+03   0.947239E+02   0.797102E+00   0.152694E+02   0.150000E+02  -0.458598E+00  -0.999900E+04  -0.999900E+04  -0.999900E+04  -0.999900E+04  -0.350299E+01  -0.999900E+04  -0.999900E+04  -0.999900E+04  -0.999900E+04
   0.100000E+01   0.600000E+01   0.267782E+05   0.260632E+06   0.100000E+01   0.600000E+01   0.267782E+05   0.260632E+06   0.205107E+03  -0.999900E+04  -0.999900E+04  -0.999900E+04  -0.999900E+04   0.205107E+03  -0.999900E+04  -0.999900E+04  -0.999900E+04  -0.999900E+04   0.205436E+03   0.947209E+02   0.756478E+00   0.155353E+02   0.150000E+02  -0.328376E+00  -0.999900E+04  -0.999900E+04  -0.999900E+04  -0.999900E+04  -0.250829E+01  -0.999900E+04  -0.999900E+04  -0.999900E+04  -0.999900E+04
   0.100000E+01   0.600000E+01   0.268975E+05   0.260677E+06   0.100000E+01   0.600000E+01   0.268975E+05   0.260677E+06   0.204940E+03  -0.999900E+04  -0.999900E+04  -0.999900E+04  -0.999900E+04   0.204940E+03  -0.999900E+04  -0.999900E+04  -0.999900E+04  -0.999900E+04   0.205284E+03   0.947185E+02   0.677819E+00   0.158149E+02   0.150000E+02  -0.344033E+00  -0.999900E+04  -0.999900E+04  -0.999900E+04  -0.999900E+04  -0.262789E+01  -0.999900E+04  -0.999900E+04  -0.999900E+04  -0.999900E+04
   0.100000E+01   0.600000E+01   0.270168E+05   0.260707E+06   0.100000E+01   0.600000E+01   0.270168E+05   0.260707E+06   0.204893E+03  -0.999900E+04  -0.999900E+04  -0.999900E+04  -0.999900E+04   0.204893E+03  -0.999900E+04  -0.999900E+04  -0.999900E+04  -0.999900E+04   0.205197E+03   0.947159E+02   0.597989E+00   0.161075E+02   0.150000E+02  -0.304013E+00  -0.999900E+04  -0.999900E+04  -0.999900E+04  -0.999900E+04  -0.232220E+01  -0.999900E+04  -0.999900E+04  -0.999900E+04  -0.999900E+04
   0.100000E+01   0.600000E+01   0.271360E+05   0.260750E+06   0.100000E+01   0.600000E+01   0.271360E+05   0.260750E+06   0.204850E+03  -0.999900E+04  -0.999900E+04  -0.999900E+04  -0.999900E+04   0.204850E+03  -0.999900E+04  -0.999900E+04  -0.999900E+04  -0.999900E+04   0.205144E+03   0.947143E+02   0.534164E+00   0.167276E+02   0.150000E+02  -0.293542E+00  -0.999900E+04  -0.999900E+04  -0.999900E+04  -0.999900E+04  -0.224221E+01  -0.999900E+04  -0.999900E+04  -0.999900E+04  -0.999900E+04
   0.100000E+01   0.600000E+01   0.272825E+05   0.260795E+06   0.100000E+01   0.600000E+01   0.272825E+05   0.260795E+06   0.204835E+03  -0.999900E+04  -0.999900E+04  -0.999900E+04  -0.999900E+04   0.204835E+03  -0.999900E+04  -0.999900E+04  -0.999900E+04  -0.999900E+04   0.205078E+03   0.947120E+02   0.563277E+00   0.170533E+02   0.150000E+02  -0.243286E+00  -0.999900E+04  -0.999900E+04  -0.999900E+04  -0.999900E+04  -0.185833E+01  -0.999900E+04  -0.999900E+04  -0.999900E+04  -0.999900E+04
   0.100000E+01   0.600000E+01   0.274290E+05   0.260851E+06   0.100000E+01   0.600000E+01   0.274290E+05   0.260851E+06   0.204620E+03  -0.999900E+04  -0.999900E+04  -0.999900E+04  -0.999900E+04   0.204620E+03  -0.999900E+04  -0.999900E+04  -0.999900E+04  -0.999900E+04   0.204828E+03   0.947101E+02   0.950543E+00   0.177321E+02   0.150000E+02  -0.207820E+00  -0.999900E+04  -0.999900E+04  -0.999900E+04  -0.999900E+04  -0.158743E+01  -0.999900E+04  -0.999900E+04  -0.999900E+04  -0.999900E+04
   0.100000E+01   0.600000E+01   0.275617E+05   0.260888E+06   0.100000E+01   0.600000E+01   0.275617E+05   0.260888E+06   0.204450E+03  -0.999900E+04  -0.999900E+04  -0.999900E+04  -0.999900E+04   0.204450E+03  -0.999900E+04  -0.999900E+04  -0.999900E+04  -0.999900E+04   0.204393E+03   0.947075E+02   0.101560E+01   0.180833E+02   0.150000E+02   0.572786E-01  -0.999900E+04  -0.999900E+04  -0.999900E+04  -0.999900E+04   0.437521E+00  -0.999900E+04  -0.999900E+04  -0.999900E+04  -0.999900E+04
   0.100000E+01   0.600000E+01   0.276943E+05   0.260926E+06   0.100000E+01   0.600000E+01   0.276943E+05   0.260926E+06   0.203840E+03  -0.999900E+04  -0.999900E+04  -0.999900E+04  -0.999900E+04   0.203840E+03  -0.999900E+04  -0.999900E+04  -0.999900E+04  -0.999900E+04   0.203974E+03   0.947050E+02   0.107729E+01   0.184414E+02   0.150000E+02  -0.133910E+00  -0.999900E+04  -0.999900E+04  -0.999900E+04  -0.999900E+04  -0.102287E+01  -0.999900E+04  -0.999900E+04  -0.999900E+04  -0.999900E+04
   0.100000E+01   0.600000E+01   0.278270E+05   0.260958E+06   0.100000E+01   0.600000E+01   0.278270E+05   0.260958E+06   0.203390E+03  -0.999900E+04  -0.999900E+04  -0.999900E+04  -0.999900E+04   0.203390E+03  -0.999900E+04  -0.999900E+04  -0.999900E+04  -0.999900E+04   0.203613E+03   0.947025E+02   0.109234E+01   0.191750E+02   0.150000E+02  -0.223065E+00  -0.999900E+04  -0.999900E+04  -0.999900E+04  -0.999900E+04  -0.170387E+01  -0.999900E+04  -0.999900E+04  -0.999900E+04  -0.999900E+04
   0.100000E+01   0.600000E+01   0.279570E+05   0.261001E+06   0.100000E+01   0.600000E+01   0.279570E+05   0.261001E+06   0.203197E+03  -0.999900E+04  -0.999900E+04  -0.999900E+04  -0.999900E+04   0.203197E+03  -0.999900E+04  -0.999900E+04  -0.999900E+04  -0.999900E+04   0.203360E+03   0.947004E+02   0.957128E+00   0.195489E+02   0.150000E+02  -0.162684E+00  -0.999900E+04  -0.999900E+04  -0.999900E+04  -0.999900E+04  -0.124266E+01  -0.999900E+04  -0.999900E+04  -0.999900E+04  -0.999900E+04
   0.100000E+01   0.600000E+01   0.281160E+05   0.261061E+06   0.100000E+01   0.600000E+01   0.281160E+05   0.261061E+06   0.203002E+03  -0.999900E+04  -0.999900E+04  -0.999900E+04  -0.999900E+04   0.203002E+03  -0.999900E+04  -0.999900E+04  -0.999900E+04  -0.999900E+04   0.203266E+03   0.946979E+02   0.541805E+00   0.203071E+02   0.150000E+02  -0.263045E+00  -0.999900E+04  -0.999900E+04  -0.999900E+04  -0.999900E+04  -0.200926E+01  -0.999900E+04  -0.999900E+04  -0.999900E+04  -0.999900E+04
   0.100000E+01   0.600000E+01   0.282232E+05   0.261106E+06   0.100000E+01   0.600000E+01   0.282232E+05   0.261106E+06   0.202920E+03  -0.999900E+04  -0.999900E+04  -0.999900E+04  -0.999900E+04   0.202920E+03  -0.999900E+04  -0.999900E+04  -0.999900E+04  -0.999900E+04   0.203240E+03   0.946964E+02   0.535790E+00   0.206900E+02   0.150000E+02  -0.319853E+00  -0.999900E+04  -0.999900E+04  -0.999900E+04  -0.999900E+04  -0.244319E+01  -0.999900E+04  -0.999900E+04  -0.999900E+04  -0.999900E+04
   0.100000E+01   0.600000E+01   0.283305E+05   0.261138E+06   0.100000E+01   0.600000E+01   0.283305E+05   0.261138E+06   0.202895E+03  -0.999900E+04  -0.999900E+04  -0.999900E+04  -0.999900E+04   0.202895E+03  -0.999900E+04  -0.999900E+04  -0.999900E+04  -0.999900E+04   0.203214E+03   0.946941E+02   0.533100E+00   0.210744E+02   0.150000E+02  -0.318942E+00  -0.999900E+04  -0.999900E+04  -0.999900E+04  -0.999900E+04  -0.243623E+01  -0.999900E+04  -0.999900E+04  -0.999900E+04  -0.999900E+04
   0.100000E+01   0.600000E+01   0.284378E+05   0.261161E+06   0.100000E+01   0.600000E+01   0.284378E+05   0.261161E+06   0.202873E+03  -0.999900E+04  -0.999900E+04  -0.999900E+04  -0.999900E+04   0.202873E+03  -0.999900E+04  -0.999900E+04  -0.999900E+04  -0.999900E+04   0.203187E+03   0.946913E+02   0.533710E+00   0.214597E+02   0.150000E+02  -0.314776E+00  -0.999900E+04  -0.999900E+04  -0.999900E+04  -0.999900E+04  -0.240441E+01  -0.999900E+04  -0.999900E+04  -0.999900E+04  -0.999900E+04
   0.100000E+01   0.600000E+01   0.285450E+05   0.261193E+06   0.100000E+01   0.600000E+01   0.285450E+05   0.261193E+06   0.202808E+03  -0.999900E+04  -0.999900E+04  -0.999900E+04  -0.999900E+04   0.202808E+03  -0.999900E+04  -0.999900E+04  -0.999900E+04  -0.999900E+04   0.203159E+03   0.946888E+02   0.537813E+00   0.218452E+02   0.150000E+02  -0.351758E+00  -0.999900E+04  -0.999900E+04  -0.999900E+04  -0.999900E+04  -0.268690E+01  -0.999900E+04  -0.999900E+04  -0.999900E+04  -0.999900E+04
   0.100000E+01   0.600000E+01   0.286522E+05   0.261233E+06   0.100000E+01   0.600000E+01   0.286522E+05   0.261233E+06   0.202750E+03  -0.999900E+04  -0.999900E+04  -0.999900E+04  -0.999900E+04   0.202750E+03  -0.999900E+04  -0.999900E+04  -0.999900E+04  -0.999900E+04   0.203129E+03   0.946867E+02   0.545795E+00   0.222301E+02   0.150000E+02  -0.379117E+00  -0.999900E+04  -0.999900E+04  -0.999900E+04  -0.999900E+04  -0.289588E+01  -0.999900E+04  -0.999900E+04  -0.999900E+04  -0.999900E+04
   0.100000E+01   0.600000E+01   0.287595E+05   0.261256E+06   0.100000E+01   0.600000E+01   0.287595E+05   0.261256E+06   0.202720E+03  -0.999900E+04  -0.999900E+04  -0.999900E+04  -0.999900E+04   0.202720E+03  -0.999900E+04  -0.999900E+04  -0.999900E+04  -0.999900E+04   0.203096E+03   0.946836E+02   0.558434E+00   0.226140E+02   0.150000E+02  -0.375831E+00  -0.999900E+04  -0.999900E+04  -0.999900E+04  -0.999900E+04  -0.287078E+01  -0.999900E+04  -0.999900E+04  -0.999900E+04  -0.999900E+04
   0.100000E+01   0.600000E+01   0.288668E+05   0.261298E+06   0.100000E+01   0.600000E+01   0.288668E+05   0.261298E+06   0.202662E+03  -0.999900E+04  -0.999900E+04  -0.999900E+04  -0.999900E+04   0.202662E+03  -0.999900E+04  -0.999900E+04  -0.999900E+04  -0.999900E+04   0.203059E+03   0.946813E+02   0.576955E+00   0.233758E+02   0.150000E+02  -0.396108E+00  -0.999900E+04  -0.999900E+04  -0.999900E+04  -0.999900E+04  -0.302566E+01  -0.999900E+04  -0.999900E+04  -0.999900E+04  -0.999900E+04
   0.100000E+01   0.600000E+01   0.289740E+05   0.261329E+06   0.100000E+01   0.600000E+01   0.289740E+05   0.261329E+06   0.202560E+03  -0.999900E+04  -0.999900E+04  -0.999900E+04  -0.999900E+04   0.202560E+03  -0.999900E+04  -0.999900E+04  -0.999900E+04  -0.999900E+04   0.203015E+03   0.946784E+02   0.603596E+00   0.237525E+02   0.150000E+02  -0.455040E+00  -0.999900E+04  -0.999900E+04  -0.999900E+04  -0.999900E+04  -0.347581E+01  -0.999900E+04  -0.999900E+04  -0.999900E+04  -0.999900E+04
   0.100000E+01   0.600000E+01   0.291210E+05   0.261377E+06   0.100000E+01   0.600000E+01   0.291210E+05   0.261377E+06   0.202360E+03  -0.999900E+04  -0.999900E+04  -0.999900E+04  -0.999900E+04   0.202360E+03  -0.999900E+04  -0.999900E+04  -0.999900E+04  -0.999900E+04   0.202707E+03   0.946762E+02   0.151445E+01   0.241256E+02   0.150000E+02  -0.346755E+00  -0.999900E+04  -0.999900E+04  -0.999900E+04  -0.999900E+04  -0.264868E+01  -0.999900E+04  -0.999900E+04  -0.999900E+04  -0.999900E+04
   0.100000E+01   0.600000E+01   0.292035E+05   0.261397E+06   0.100000E+01   0.600000E+01   0.292035E+05   0.261397E+06   0.202298E+03  -0.999900E+04  -0.999900E+04  -0.999900E+04  -0.999900E+04   0.202298E+03  -0.999900E+04  -0.999900E+04  -0.999900E+04  -0.999900E+04   0.202249E+03   0.946755E+02   0.163082E+01   0.244946E+02   0.150000E+02   0.480704E-01  -0.999900E+04  -0.999900E+04  -0.999900E+04  -0.999900E+04   0.367185E+00  -0.999900E+04  -0.999900E+04  -0.999900E+04  -0.999900E+04
   0.100000E+01   0.600000E+01   0.292860E+05   0.261424E+06   0.100000E+01   0.600000E+01   0.292860E+05   0.261424E+06   0.202225E+03  -0.999900E+04  -0.999900E+04  -0.999900E+04  -0.999900E+04   0.202225E+03  -0.999900E+04  -0.999900E+04  -0.999900E+04  -0.999900E+04   0.201911E+03   0.946749E+02   0.128373E+01   0.248589E+02   0.150000E+02   0.313520E+00  -0.999900E+04  -0.999900E+04  -0.999900E+04  -0.999900E+04   0.239481E+01  -0.999900E+04  -0.999900E+04  -0.999900E+04  -0.999900E+04
   0.100000E+01   0.600000E+01   0.293878E+05   0.261467E+06   0.100000E+01   0.600000E+01   0.293878E+05   0.261467E+06   0.202077E+03  -0.999900E+04  -0.999900E+04  -0.999900E+04  -0.999900E+04   0.202077E+03  -0.999900E+04  -0.999900E+04  -0.999900E+04  -0.999900E+04   0.201543E+03   0.946743E+02   0.138563E+01   0.252179E+02   0.150000E+02   0.534987E+00  -0.999900E+04  -0.999900E+04  -0.999900E+04  -0.999900E+04   0.408649E+01  -0.999900E+04  -0.999900E+04  -0.999900E+04  -0.999900E+04
   0.100000E+01   0.600000E+01   0.294895E+05   0.261489E+06   0.100000E+01   0.600000E+01   0.294895E+05   0.261489E+06   0.201657E+03  -0.999900E+04  -0.999900E+04  -0.999900E+04  -0.999900E+04   0.201657E+03  -0.999900E+04  -0.999900E+04  -0.999900E+04  -0.999900E+04   0.201202E+03   0.946725E+02   0.139890E+01   0.255711E+02   0.150000E+02   0.455732E+00  -0.999900E+04  -0.999900E+04  -0.999900E+04  -0.999900E+04   0.348110E+01  -0.999900E+04  -0.999900E+04  -0.999900E+04  -0.999900E+04
   0.100000E+01   0.600000E+01   0.295912E+05   0.261519E+06   0.100000E+01   0.600000E+01   0.295912E+05   0.261519E+06   0.201120E+03  -0.999900E+04  -0.999900E+04  -0.999900E+04  -0.999900E+04   0.201120E+03  -0.999900E+04  -0.999900E+04  -0.999900E+04  -0.999900E+04   0.200974E+03   0.946711E+02   0.124533E+01   0.259180E+02   0.150000E+02   0.145748E+00  -0.999900E+04  -0.999900E+04  -0.999900E+04  -0.999900E+04   0.111329E+01  -0.999900E+04  -0.999900E+04  -0.999900E+04  -0.999900E+04
   0.100000E+01   0.600000E+01   0.296930E+05   0.261552E+06   0.100000E+01   0.600000E+01   0.296930E+05   0.261552E+06   0.201110E+03  -0.999900E+04  -0.999900E+04  -0.999900E+04  -0.999900E+04   0.201110E+03  -0.999900E+04  -0.999900E+04  -0.999900E+04  -0.999900E+04   0.200863E+03   0.946698E+02   0.102870E+01   0.262582E+02   0.150000E+02   0.246999E+00  -0.999900E+04  -0.999900E+04  -0.999900E+04  -0.999900E+04   0.188669E+01  -0.999900E+04  -0.999900E+04  -0.999900E+04  -0.999900E+04
   0.100000E+01   0.600000E+01   0.298063E+05   0.261592E+06   0.100000E+01   0.600000E+01   0.298063E+05   0.261592E+06   0.201020E+03  -0.999900E+04  -0.999900E+04  -0.999900E+04  -0.999900E+04   0.201020E+03  -0.999900E+04  -0.999900E+04  -0.999900E+04  -0.999900E+04   0.200763E+03   0.946687E+02   0.101254E+01   0.265911E+02   0.150000E+02   0.256865E+00  -0.999900E+04  -0.999900E+04  -0.999900E+04  -0.999900E+04   0.196206E+01  -0.999900E+04  -0.999900E+04  -0.999900E+04  -0.999900E+04
   0.100000E+01   0.600000E+01   0.299197E+05   0.261617E+06   0.100000E+01   0.600000E+01   0.299197E+05   0.261617E+06   0.200820E+03  -0.999900E+04  -0.999900E+04  -0.999900E+04  -0.999900E+04   0.200820E+03  -0.999900E+04  -0.999900E+04  -0.999900E+04  -0.999900E+04   0.200656E+03   0.946669E+02   0.103895E+01   0.272332E+02   0.150000E+02   0.163789E+00  -0.999900E+04  -0.999900E+04  -0.999900E+04  -0.999900E+04   0.125110E+01  -0.999900E+04  -0.999900E+04  -0.999900E+04  -0.999900E+04
   0.100000E+01   0.600000E+01   0.300330E+05   0.261659E+06   0.100000E+01   0.600000E+01   0.300330E+05   0.261659E+06   0.200700E+03  -0.999900E+04  -0.999900E+04  -0.999900E+04  -0.999900E+04   0.200700E+03  -0.999900E+04  -0.999900E+04  -0.999900E+04  -0.999900E+04   0.200522E+03   0.946660E+02   0.112463E+01   0.275415E+02   0.150000E+02   0.177761E+00  -0.999900E+04  -0.999900E+04  -0.999900E+04  -0.999900E+04   0.135782E+01  -0.999900E+04  -0.999900E+04  -0.999900E+04  -0.999900E+04
   0.100000E+01   0.600000E+01   0.301240E+05   0.261688E+06   0.100000E+01   0.600000E+01   0.301240E+05   0.261688E+06   0.200623E+03  -0.999900E+04  -0.999900E+04  -0.999900E+04  -0.999900E+04   0.200623E+03  -0.999900E+04  -0.999900E+04  -0.999900E+04  -0.999900E+04   0.200418E+03   0.946650E+02   0.109731E+01   0.278408E+02   0.150000E+02   0.204193E+00  -0.999900E+04  -0.999900E+04  -0.999900E+04  -0.999900E+04   0.155972E+01  -0.999900E+04  -0.999900E+04  -0.999900E+04  -0.999900E+04
   0.100000E+01   0.600000E+01   0.302150E+05   0.261708E+06   0.100000E+01   0.600000E+01   0.302150E+05   0.261708E+06   0.200623E+03  -0.999900E+04  -0.999900E+04  -0.999900E+04  -0.999900E+04   0.200623E+03  -0.999900E+04  -0.999900E+04  -0.999900E+04  -0.999900E+04   0.200327E+03   0.946637E+02   0.105686E+01   0.281306E+02   0.150000E+02   0.295725E+00  -0.999900E+04  -0.999900E+04  -0.999900E+04  -0.999900E+04   0.225889E+01  -0.999900E+04  -0.999900E+04  -0.999900E+04  -0.999900E+04
   0.100000E+01   0.600000E+01   0.303213E+05   0.261740E+06   0.100000E+01   0.600000E+01   0.303213E+05   0.261740E+06   0.200540E+03  -0.999900E+04  -0.999900E+04  -0.999900E+04  -0.999900E+04   0.200540E+03  -0.999900E+04  -0.999900E+04  -0.999900E+04  -0.999900E+04   0.200219E+03   0.946626E+02   0.104783E+01   0.284106E+02   0.150000E+02   0.320746E+00  -0.999900E+04  -0.999900E+04  -0.999900E+04  -0.999900E+04   0.245001E+01  -0.999900E+04  -0.999900E+04  -0.999900E+04  -0.999900E+04
   0.100000E+01   0.600000E+01   0.304277E+05   0.261785E+06   0.100000E+01   0.600000E+01   0.304277E+05   0.261785E+06   0.200298E+03  -0.999900E+04  -0.999900E+04  -0.999900E+04  -0.999900E+04   0.200298E+03  -0.999900E+04  -0.999900E+04  -0.999900E+04  -0.999900E+04   0.200092E+03   0.946622E+02   0.109929E+01   0.286803E+02   0.150000E+02   0.205662E+00  -0.999900E+04  -0.999900E+04  -0.999900E+04  -0.999900E+04   0.157094E+01  -0.999900E+04  -0.999900E+04  -0.999900E+04  -0.999900E+04
   0.100000E+01   0.600000E+01   0.305340E+05   0.261813E+06   0.100000E+01   0.600000E+01   0.305340E+05   0.261813E+06   0.200012E+03  -0.999900E+04  -0.999900E+04  -0.999900E+04  -0.999900E+04   0.200012E+03  -0.999900E+04  -0.999900E+04  -0.999900E+04  -0.999900E+04   0.199856E+03   0.946609E+02   0.138026E+01   0.289395E+02   0.150000E+02   0.156961E+00  -0.999900E+04  -0.999900E+04  -0.999900E+04  -0.999900E+04   0.119894E+01  -0.999900E+04  -0.999900E+04  -0.999900E+04  -0.999900E+04
   0.100000E+01   0.600000E+01   0.306880E+05   0.261848E+06   0.100000E+01   0.600000E+01   0.306880E+05   0.261848E+06   0.199705E+03  -0.999900E+04  -0.999900E+04  -0.999900E+04  -0.999900E+04   0.199705E+03  -0.999900E+04  -0.999900E+04  -0.999900E+04  -0.999900E+04   0.199665E+03   0.946578E+02   0.909566E+00   0.294247E+02   0.150000E+02   0.395917E-01  -0.999900E+04  -0.999900E+04  -0.999900E+04  -0.999900E+04   0.302420E+00  -0.999900E+04  -0.999900E+04  -0.999900E+04  -0.999900E+04
   0.100000E+01   0.600000E+01   0.307710E+05   0.261873E+06   0.100000E+01   0.600000E+01   0.307710E+05   0.261873E+06   0.199585E+03  -0.999900E+04  -0.999900E+04  -0.999900E+04  -0.999900E+04   0.199585E+03  -0.999900E+04  -0.999900E+04  -0.999900E+04  -0.999900E+04   0.199564E+03   0.946564E+02   0.111644E+01   0.294247E+02   0.150000E+02   0.209837E-01  -0.999900E+04  -0.999900E+04  -0.999900E+04  -0.999900E+04   0.160284E+00  -0.999900E+04  -0.999900E+04  -0.999900E+04  -0.999900E+04
   0.100000E+01   0.600000E+01   0.308580E+05   0.261905E+06   0.100000E+01   0.600000E+01   0.308580E+05   0.261905E+06   0.199440E+03  -0.999900E+04  -0.999900E+04  -0.999900E+04  -0.999900E+04   0.199440E+03  -0.999900E+04  -0.999900E+04  -0.999900E+04  -0.999900E+04   0.199438E+03   0.946556E+02   0.122410E+01   0.296501E+02   0.150000E+02   0.204046E-02  -0.999900E+04  -0.999900E+04  -0.999900E+04  -0.999900E+04   0.155860E-01  -0.999900E+04  -0.999900E+04  -0.999900E+04  -0.999900E+04
   0.100000E+01   0.600000E+01   0.310990E+05   0.261973E+06   0.100000E+01   0.600000E+01   0.310990E+05   0.261973E+06   0.199295E+03  -0.999900E+04  -0.999900E+04  -0.999900E+04  -0.999900E+04   0.199295E+03  -0.999900E+04  -0.999900E+04  -0.999900E+04  -0.999900E+04   0.199291E+03   0.946528E+02   0.801027E+00   0.302539E+02   0.150000E+02   0.390312E-02  -0.999900E+04  -0.999900E+04  -0.999900E+04  -0.999900E+04   0.298139E-01  -0.999900E+04  -0.999900E+04  -0.999900E+04  -0.999900E+04
   0.100000E+01   0.600000E+01   0.312780E+05   0.262034E+06   0.100000E+01   0.600000E+01   0.312780E+05   0.262034E+06   0.199062E+03  -0.999900E+04  -0.999900E+04  -0.999900E+04  -0.999900E+04   0.199062E+03  -0.999900E+04  -0.999900E+04  -0.999900E+04  -0.999900E+04   0.199157E+03   0.946504E+02   0.100280E+01   0.305935E+02   0.150000E+02  -0.942207E-01  -0.999900E+04  -0.999900E+04  -0.999900E+04  -0.999900E+04  -0.719703E+00  -0.999900E+04  -0.999900E+04  -0.999900E+04  -0.999900E+04
   0.100000E+01   0.600000E+01   0.313495E+05   0.262044E+06   0.100000E+01   0.600000E+01   0.313495E+05   0.262044E+06   0.198988E+03  -0.999900E+04  -0.999900E+04  -0.999900E+04  -0.999900E+04   0.198988E+03  -0.999900E+04  -0.999900E+04  -0.999900E+04  -0.999900E+04   0.199074E+03   0.946483E+02   0.104233E+01   0.305935E+02   0.150000E+02  -0.860907E-01  -0.999900E+04  -0.999900E+04  -0.999900E+04  -0.999900E+04  -0.657602E+00  -0.999900E+04  -0.999900E+04  -0.999900E+04  -0.999900E+04
   0.100000E+01   0.600000E+01   0.314210E+05   0.262069E+06   0.100000E+01   0.600000E+01   0.314210E+05   0.262069E+06   0.198930E+03  -0.999900E+04  -0.999900E+04  -0.999900E+04  -0.999900E+04   0.198930E+03  -0.999900E+04  -0.999900E+04  -0.999900E+04  -0.999900E+04   0.198997E+03   0.946471E+02   0.104775E+01   0.307436E+02   0.150000E+02  -0.674290E-01  -0.999900E+04  -0.999900E+04  -0.999900E+04  -0.999900E+04  -0.515055E+00  -0.999900E+04  -0.999900E+04  -0.999900E+04  -0.999900E+04
   0.100000E+01   0.600000E+01   0.314940E+05   0.262079E+06   0.100000E+01   0.600000E+01   0.314940E+05   0.262079E+06   0.198875E+03  -0.999900E+04  -0.999900E+04  -0.999900E+04  -0.999900E+04   0.198875E+03  -0.999900E+04  -0.999900E+04  -0.999900E+04  -0.999900E+04   0.198938E+03   0.946453E+02   0.994645E+00   0.308805E+02   0.150000E+02  -0.627743E-01  -0.999900E+04  -0.999900E+04  -0.999900E+04  -0.999900E+04  -0.479500E+00  -0.999900E+04  -0.999900E+04  -0.999900E+04  -0.999900E+04
   0.100000E+01   0.600000E+01   0.315670E+05   0.262099E+06   0.100000E+01   0.600000E+01   0.315670E+05   0.262099E+06   0.198770E+03  -0.999900E+04  -0.999900E+04  -0.999900E+04  -0.999900E+04   0.198770E+03  -0.999900E+04  -0.999900E+04  -0.999900E+04  -0.999900E+04   0.198891E+03   0.946440E+02   0.920532E+00   0.310037E+02   0.150000E+02  -0.121059E+00  -0.999900E+04  -0.999900E+04  -0.999900E+04  -0.999900E+04  -0.924710E+00  -0.999900E+04  -0.999900E+04  -0.999900E+04  -0.999900E+04
   0.100000E+01   0.600000E+01   0.316400E+05   0.262121E+06   0.100000E+01   0.600000E+01   0.316400E+05   0.262121E+06   0.198780E+03  -0.999900E+04  -0.999900E+04  -0.999900E+04  -0.999900E+04   0.198780E+03  -0.999900E+04  -0.999900E+04  -0.999900E+04  -0.999900E+04   0.198858E+03   0.946427E+02   0.829636E+00   0.311133E+02   0.150000E+02  -0.778342E-01  -0.999900E+04  -0.999900E+04  -0.999900E+04  -0.999900E+04  -0.594535E+00  -0.999900E+04  -0.999900E+04  -0.999900E+04  -0.999900E+04
   0.100000E+01   0.600000E+01   0.317130E+05   0.262141E+06   0.100000E+01   0.600000E+01   0.317130E+05   0.262141E+06   0.198735E+03  -0.999900E+04  -0.999900E+04  -0.999900E+04  -0.999900E+04   0.198735E+03  -0.999900E+04  -0.999900E+04  -0.999900E+04  -0.999900E+04   0.198835E+03   0.946413E+02   0.742120E+00   0.311133E+02   0.150000E+02  -0.100306E+00  -0.999900E+04  -0.999900E+04  -0.999900E+04  -0.999900E+04  -0.766186E+00  -0.999900E+04  -0.999900E+04  -0.999900E+04  -0.999900E+04
   0.100000E+01   0.600000E+01   0.317692E+05   0.262159E+06   0.100000E+01   0.600000E+01   0.317692E+05   0.262159E+06   0.198705E+03  -0.999900E+04  -0.999900E+04  -0.999900E+04  -0.999900E+04   0.198705E+03  -0.999900E+04  -0.999900E+04  -0.999900E+04  -0.999900E+04   0.198797E+03   0.946405E+02   0.920429E+00   0.312089E+02   0.150000E+02  -0.915400E-01  -0.999900E+04  -0.999900E+04  -0.999900E+04  -0.999900E+04  -0.699226E+00  -0.999900E+04  -0.999900E+04  -0.999900E+04  -0.999900E+04
   0.100000E+01   0.600000E+01   0.318255E+05   0.262176E+06   0.100000E+01   0.600000E+01   0.318255E+05   0.262176E+06   0.198688E+03  -0.999900E+04  -0.999900E+04  -0.999900E+04  -0.999900E+04   0.198688E+03  -0.999900E+04  -0.999900E+04  -0.999900E+04  -0.999900E+04   0.198752E+03   0.946400E+02   0.103932E+01   0.312089E+02   0.150000E+02  -0.640021E-01  -0.999900E+04  -0.999900E+04  -0.999900E+04  -0.999900E+04  -0.488878E+00  -0.999900E+04  -0.999900E+04  -0.999900E+04  -0.999900E+04
   0.100000E+01   0.600000E+01   0.318818E+05   0.262201E+06   0.100000E+01   0.600000E+01   0.318818E+05   0.262201E+06   0.198655E+03  -0.999900E+04  -0.999900E+04  -0.999900E+04  -0.999900E+04   0.198655E+03  -0.999900E+04  -0.999900E+04  -0.999900E+04  -0.999900E+04   0.198709E+03   0.946398E+02   0.102272E+01   0.312905E+02   0.150000E+02  -0.544883E-01  -0.999900E+04  -0.999900E+04  -0.999900E+04  -0.999900E+04  -0.416207E+00  -0.999900E+04  -0.999900E+04  -0.999900E+04  -0.999900E+04
   0.100000E+01   0.600000E+01   0.319380E+05   0.262209E+06   0.100000E+01   0.600000E+01   0.319380E+05   0.262209E+06   0.198635E+03  -0.999900E+04  -0.999900E+04  -0.999900E+04  -0.999900E+04   0.198635E+03  -0.999900E+04  -0.999900E+04  -0.999900E+04  -0.999900E+04   0.198688E+03   0.946386E+02   0.831525E+00   0.313579E+02   0.150000E+02  -0.533575E-01  -0.999900E+04  -0.999900E+04  -0.999900E+04  -0.999900E+04  -0.407570E+00  -0.999900E+04  -0.999900E+04  -0.999900E+04  -0.999900E+04
   0.100000E+01   0.600000E+01   0.319925E+05   0.262224E+06   0.100000E+01   0.600000E+01   0.319925E+05   0.262224E+06   0.198595E+03  -0.999900E+04  -0.999900E+04  -0.999900E+04  -0.999900E+04   0.198595E+03  -0.999900E+04  -0.999900E+04  -0.999900E+04  -0.999900E+04   0.198654E+03   0.946377E+02   0.884150E+00   0.313579E+02   0.150000E+02  -0.586945E-01  -0.999900E+04  -0.999900E+04  -0.999900E+04  -0.999900E+04  -0.448336E+00  -0.999900E+04  -0.999900E+04  -0.999900E+04  -0.999900E+04
   0.100000E+01   0.600000E+01   0.320470E+05   0.262249E+06   0.100000E+01   0.600000E+01   0.320470E+05   0.262249E+06   0.198560E+03  -0.999900E+04  -0.999900E+04  -0.999900E+04  -0.999900E+04   0.198560E+03  -0.999900E+04  -0.999900E+04  -0.999900E+04  -0.999900E+04   0.198612E+03   0.946373E+02   0.931676E+00   0.314111E+02   0.150000E+02  -0.523972E-01  -0.999900E+04  -0.999900E+04  -0.999900E+04  -0.999900E+04  -0.400235E+00  -0.999900E+04  -0.999900E+04  -0.999900E+04  -0.999900E+04
   0.100000E+01   0.600000E+01   0.321015E+05   0.262264E+06   0.100000E+01   0.600000E+01   0.321015E+05   0.262264E+06   0.198537E+03  -0.999900E+04  -0.999900E+04  -0.999900E+04  -0.999900E+04   0.198537E+03  -0.999900E+04  -0.999900E+04  -0.999900E+04  -0.999900E+04   0.198563E+03   0.946363E+02   0.979472E+00   0.314111E+02   0.150000E+02  -0.253874E-01  -0.999900E+04  -0.999900E+04  -0.999900E+04  -0.999900E+04  -0.193921E+00  -0.999900E+04  -0.999900E+04  -0.999900E+04  -0.999900E+04
   0.100000E+01   0.600000E+01   0.321560E+05   0.262280E+06   0.100000E+01   0.600000E+01   0.321560E+05   0.262280E+06   0.198518E+03  -0.999900E+04  -0.999900E+04  -0.999900E+04  -0.999900E+04   0.198518E+03  -0.999900E+04  -0.999900E+04  -0.999900E+04  -0.999900E+04   0.198503E+03   0.946354E+02   0.102476E+01   0.314498E+02   0.150000E+02   0.149864E-01  -0.999900E+04  -0.999900E+04  -0.999900E+04  -0.999900E+04   0.114473E+00  -0.999900E+04  -0.999900E+04  -0.999900E+04  -0.999900E+04
   0.100000E+01   0.600000E+01   0.322105E+05   0.262287E+06   0.100000E+01   0.600000E+01   0.322105E+05   0.262287E+06   0.198455E+03  -0.999900E+04  -0.999900E+04  -0.999900E+04  -0.999900E+04   0.198455E+03  -0.999900E+04  -0.999900E+04  -0.999900E+04  -0.999900E+04   0.198438E+03   0.946340E+02   0.103427E+01   0.314498E+02   0.150000E+02   0.168609E-01  -0.999900E+04  -0.999900E+04  -0.999900E+04  -0.999900E+04   0.128791E+00  -0.999900E+04  -0.999900E+04  -0.999900E+04  -0.999900E+04
   0.100000E+01   0.600000E+01   0.322650E+05   0.262302E+06   0.100000E+01   0.600000E+01   0.322650E+05   0.262302E+06   0.198428E+03  -0.999900E+04  -0.999900E+04  -0.999900E+04  -0.999900E+04   0.198428E+03  -0.999900E+04  -0.999900E+04  -0.999900E+04  -0.999900E+04   0.198389E+03   0.946332E+02   0.975407E+00   0.314741E+02   0.150000E+02   0.382808E-01  -0.999900E+04  -0.999900E+04  -0.999900E+04  -0.999900E+04   0.292407E+00  -0.999900E+04  -0.999900E+04  -0.999900E+04  -0.999900E+04
   0.100000E+01   0.600000E+01   0.323160E+05   0.262325E+06   0.100000E+01   0.600000E+01   0.323160E+05   0.262325E+06   0.198398E+03  -0.999900E+04  -0.999900E+04  -0.999900E+04  -0.999900E+04   0.198398E+03  -0.999900E+04  -0.999900E+04  -0.999900E+04  -0.999900E+04   0.198345E+03   0.946329E+02   0.958004E+00   0.314838E+02   0.150000E+02   0.528148E-01  -0.999900E+04  -0.999900E+04  -0.999900E+04  -0.999900E+04   0.403424E+00  -0.999900E+04  -0.999900E+04  -0.999900E+04  -0.999900E+04
   0.100000E+01   0.600000E+01   0.324070E+05   0.262355E+06   0.100000E+01   0.600000E+01   0.324070E+05   0.262355E+06   0.198312E+03  -0.999900E+04  -0.999900E+04  -0.999900E+04  -0.999900E+04   0.198312E+03  -0.999900E+04  -0.999900E+04  -0.999900E+04  -0.999900E+04   0.198260E+03   0.946320E+02   0.952459E+00   0.314789E+02   0.150000E+02   0.520123E-01  -0.999900E+04  -0.999900E+04  -0.999900E+04  -0.999900E+04   0.397294E+00  -0.999900E+04  -0.999900E+04  -0.999900E+04  -0.999900E+04
   0.100000E+01   0.600000E+01   0.324860E+05   0.262367E+06   0.100000E+01   0.600000E+01   0.324860E+05   0.262367E+06   0.198235E+03  -0.999900E+04  -0.999900E+04  -0.999900E+04  -0.999900E+04   0.198235E+03  -0.999900E+04  -0.999900E+04  -0.999900E+04  -0.999900E+04   0.198171E+03   0.946304E+02   0.992133E+00   0.314789E+02   0.150000E+02   0.639718E-01  -0.999900E+04  -0.999900E+04  -0.999900E+04  -0.999900E+04   0.488647E+00  -0.999900E+04  -0.999900E+04  -0.999900E+04  -0.999900E+04
   0.100000E+01   0.600000E+01   0.325710E+05   0.262400E+06   0.100000E+01   0.600000E+01   0.325710E+05   0.262400E+06   0.198065E+03  -0.999900E+04  -0.999900E+04  -0.999900E+04  -0.999900E+04   0.198065E+03  -0.999900E+04  -0.999900E+04  -0.999900E+04  -0.999900E+04   0.198039E+03   0.946296E+02   0.106741E+01   0.314593E+02   0.150000E+02   0.257340E-01  -0.999900E+04  -0.999900E+04  -0.999900E+04  -0.999900E+04   0.196569E+00  -0.999900E+04  -0.999900E+04  -0.999900E+04  -0.999900E+04
   0.100000E+01   0.600000E+01   0.326400E+05   0.262420E+06   0.100000E+01   0.600000E+01   0.326400E+05   0.262420E+06   0.197912E+03  -0.999900E+04  -0.999900E+04  -0.999900E+04  -0.999900E+04   0.197912E+03  -0.999900E+04  -0.999900E+04  -0.999900E+04  -0.999900E+04   0.197898E+03   0.946287E+02   0.117445E+01   0.314251E+02   0.150000E+02   0.146016E-01  -0.999900E+04  -0.999900E+04  -0.999900E+04  -0.999900E+04   0.111534E+00  -0.999900E+04  -0.999900E+04  -0.999900E+04  -0.999900E+04
   0.100000E+01   0.600000E+01   0.327090E+05   0.262442E+06   0.100000E+01   0.600000E+01   0.327090E+05   0.262442E+06   0.197620E+03  -0.999900E+04  -0.999900E+04  -0.999900E+04  -0.999900E+04   0.197620E+03  -0.999900E+04  -0.999900E+04  -0.999900E+04  -0.999900E+04   0.197726E+03   0.946279E+02   0.127019E+01   0.313761E+02   0.150000E+02  -0.106441E+00  -0.999900E+04  -0.999900E+04  -0.999900E+04  -0.999900E+04  -0.813046E+00  -0.999900E+04  -0.999900E+04  -0.999900E+04  -0.999900E+04
   0.100000E+01   0.600000E+01   0.327660E+05   0.262460E+06   0.100000E+01   0.600000E+01   0.327660E+05   0.262460E+06   0.197477E+03  -0.999900E+04  -0.999900E+04  -0.999900E+04  -0.999900E+04   0.197477E+03  -0.999900E+04  -0.999900E+04  -0.999900E+04  -0.999900E+04   0.197585E+03   0.946271E+02   0.127803E+01   0.313761E+02   0.150000E+02  -0.107372E+00  -0.999900E+04  -0.999900E+04  -0.999900E+04  -0.999900E+04  -0.820162E+00  -0.999900E+04  -0.999900E+04  -0.999900E+04  -0.999900E+04
   0.100000E+01   0.600000E+01   0.328230E+05   0.262480E+06   0.100000E+01   0.600000E+01   0.328230E+05   0.262480E+06   0.197425E+03  -0.999900E+04  -0.999900E+04  -0.999900E+04  -0.999900E+04   0.197425E+03  -0.999900E+04  -0.999900E+04  -0.999900E+04  -0.999900E+04   0.197467E+03   0.946264E+02   0.122415E+01   0.313125E+02   0.150000E+02  -0.423167E-01  -0.999900E+04  -0.999900E+04  -0.999900E+04  -0.999900E+04  -0.323235E+00  -0.999900E+04  -0.999900E+04  -0.999900E+04  -0.999900E+04
   0.100000E+01   0.600000E+01   0.328800E+05   0.262490E+06   0.100000E+01   0.600000E+01   0.328800E+05   0.262490E+06   0.197368E+03  -0.999900E+04  -0.999900E+04  -0.999900E+04  -0.999900E+04   0.197368E+03  -0.999900E+04  -0.999900E+04  -0.999900E+04  -0.999900E+04   0.197385E+03   0.946252E+02   0.112065E+01   0.313125E+02   0.150000E+02  -0.171479E-01  -0.999900E+04  -0.999900E+04  -0.999900E+04  -0.999900E+04  -0.130984E+00  -0.999900E+04  -0.999900E+04  -0.999900E+04  -0.999900E+04
   0.100000E+01   0.600000E+01   0.329478E+05   0.262518E+06   0.100000E+01   0.600000E+01   0.329478E+05   0.262518E+06   0.197257E+03  -0.999900E+04  -0.999900E+04  -0.999900E+04  -0.999900E+04   0.197257E+03  -0.999900E+04  -0.999900E+04  -0.999900E+04  -0.999900E+04   0.197283E+03   0.946246E+02   0.118905E+01   0.312342E+02   0.150000E+02  -0.256557E-01  -0.999900E+04  -0.999900E+04  -0.999900E+04  -0.999900E+04  -0.195970E+00  -0.999900E+04  -0.999900E+04  -0.999900E+04  -0.999900E+04
   0.100000E+01   0.600000E+01   0.330155E+05   0.262538E+06   0.100000E+01   0.600000E+01   0.330155E+05   0.262538E+06   0.197183E+03  -0.999900E+04  -0.999900E+04  -0.999900E+04  -0.999900E+04   0.197183E+03  -0.999900E+04  -0.999900E+04  -0.999900E+04  -0.999900E+04   0.197188E+03   0.946239E+02   0.120011E+01   0.311413E+02   0.150000E+02  -0.588994E-02  -0.999900E+04  -0.999900E+04  -0.999900E+04  -0.999900E+04  -0.449902E-01  -0.999900E+04  -0.999900E+04  -0.999900E+04  -0.999900E+04
   0.100000E+01   0.600000E+01   0.330832E+05   0.262548E+06   0.100000E+01   0.600000E+01   0.330832E+05   0.262548E+06   0.197125E+03  -0.999900E+04  -0.999900E+04  -0.999900E+04  -0.999900E+04   0.197125E+03  -0.999900E+04  -0.999900E+04  -0.999900E+04  -0.999900E+04   0.197087E+03   0.946226E+02   0.122041E+01   0.310337E+02   0.150000E+02   0.375894E-01  -0.999900E+04  -0.999900E+04  -0.999900E+04  -0.999900E+04   0.287126E+00  -0.999900E+04  -0.999900E+04  -0.999900E+04  -0.999900E+04
   0.100000E+01   0.600000E+01   0.331510E+05   0.262566E+06   0.100000E+01   0.600000E+01   0.331510E+05   0.262566E+06   0.197045E+03  -0.999900E+04  -0.999900E+04  -0.999900E+04  -0.999900E+04   0.197045E+03  -0.999900E+04  -0.999900E+04  -0.999900E+04  -0.999900E+04   0.196965E+03   0.946217E+02   0.128328E+01   0.310337E+02   0.150000E+02   0.803159E-01  -0.999900E+04  -0.999900E+04  -0.999900E+04  -0.999900E+04   0.613491E+00  -0.999900E+04  -0.999900E+04  -0.999900E+04  -0.999900E+04
   0.100000E+01   0.600000E+01   0.332045E+05   0.262588E+06   0.100000E+01   0.600000E+01   0.332045E+05   0.262588E+06   0.197005E+03  -0.999900E+04  -0.999900E+04  -0.999900E+04  -0.999900E+04   0.197005E+03  -0.999900E+04  -0.999900E+04  -0.999900E+04  -0.999900E+04   0.196894E+03   0.946213E+02   0.117262E+01   0.309117E+02   0.150000E+02   0.111139E+00  -0.999900E+04  -0.999900E+04  -0.999900E+04  -0.999900E+04   0.848935E+00  -0.999900E+04  -0.999900E+04  -0.999900E+04  -0.999900E+04
   0.100000E+01   0.600000E+01   0.332580E+05   0.262603E+06   0.100000E+01   0.600000E+01   0.332580E+05   0.262603E+06   0.196982E+03  -0.999900E+04  -0.999900E+04  -0.999900E+04  -0.999900E+04   0.196982E+03  -0.999900E+04  -0.999900E+04  -0.999900E+04  -0.999900E+04   0.196851E+03   0.946206E+02   0.104319E+01   0.309117E+02   0.150000E+02   0.131964E+00  -0.999900E+04  -0.999900E+04  -0.999900E+04  -0.999900E+04   0.100800E+01  -0.999900E+04  -0.999900E+04  -0.999900E+04  -0.999900E+04
   0.100000E+01   0.600000E+01   0.333165E+05   0.262621E+06   0.100000E+01   0.600000E+01   0.333165E+05   0.262621E+06   0.196942E+03  -0.999900E+04  -0.999900E+04  -0.999900E+04  -0.999900E+04   0.196942E+03  -0.999900E+04  -0.999900E+04  -0.999900E+04  -0.999900E+04   0.196781E+03   0.946201E+02   0.113144E+01   0.307752E+02   0.150000E+02   0.161370E+00  -0.999900E+04  -0.999900E+04  -0.999900E+04  -0.999900E+04   0.123262E+01  -0.999900E+04  -0.999900E+04  -0.999900E+04  -0.999900E+04
   0.100000E+01   0.600000E+01   0.333750E+05   0.262628E+06   0.100000E+01   0.600000E+01   0.333750E+05   0.262628E+06   0.196800E+03  -0.999900E+04  -0.999900E+04  -0.999900E+04  -0.999900E+04   0.196800E+03  -0.999900E+04  -0.999900E+04  -0.999900E+04  -0.999900E+04   0.196688E+03   0.946190E+02   0.123447E+01   0.306243E+02   0.150000E+02   0.112232E+00  -0.999900E+04  -0.999900E+04  -0.999900E+04  -0.999900E+04   0.857282E+00  -0.999900E+04  -0.999900E+04  -0.999900E+04  -0.999900E+04
   0.100000E+01   0.600000E+01   0.334920E+05   0.262668E+06   0.100000E+01   0.600000E+01   0.334920E+05   0.262668E+06   0.196512E+03  -0.999900E+04  -0.999900E+04  -0.999900E+04  -0.999900E+04   0.196512E+03  -0.999900E+04  -0.999900E+04  -0.999900E+04  -0.999900E+04   0.196280E+03   0.946187E+02   0.177215E+01   0.304593E+02   0.150000E+02   0.232589E+00  -0.999900E+04  -0.999900E+04  -0.999900E+04  -0.999900E+04   0.177663E+01  -0.999900E+04  -0.999900E+04  -0.999900E+04  -0.999900E+04
   0.100000E+01   0.600000E+01   0.336640E+05   0.262701E+06   0.100000E+01   0.600000E+01   0.336640E+05   0.262701E+06   0.196180E+03  -0.999900E+04  -0.999900E+04  -0.999900E+04  -0.999900E+04   0.196180E+03  -0.999900E+04  -0.999900E+04  -0.999900E+04  -0.999900E+04   0.195775E+03   0.946155E+02   0.128521E+01   0.300869E+02   0.150000E+02   0.404545E+00  -0.999900E+04  -0.999900E+04  -0.999900E+04  -0.999900E+04   0.309011E+01  -0.999900E+04  -0.999900E+04  -0.999900E+04  -0.999900E+04
   0.100000E+01   0.600000E+01   0.337360E+05   0.262731E+06   0.100000E+01   0.600000E+01   0.337360E+05   0.262731E+06   0.195915E+03  -0.999900E+04  -0.999900E+04  -0.999900E+04  -0.999900E+04   0.195915E+03  -0.999900E+04  -0.999900E+04  -0.999900E+04  -0.999900E+04   0.195683E+03   0.946147E+02   0.119128E+01   0.300869E+02   0.150000E+02   0.231714E+00  -0.999900E+04  -0.999900E+04  -0.999900E+04  -0.999900E+04   0.176994E+01  -0.999900E+04  -0.999900E+04  -0.999900E+04  -0.999900E+04
   0.100000E+01   0.600000E+01   0.337590E+05   0.262731E+06   0.100000E+01   0.600000E+01   0.337590E+05   0.262731E+06   0.195805E+03  -0.999900E+04  -0.999900E+04  -0.999900E+04  -0.999900E+04   0.195805E+03  -0.999900E+04  -0.999900E+04  -0.999900E+04  -0.999900E+04   0.195654E+03   0.946139E+02   0.116128E+01   0.298799E+02   0.150000E+02   0.151165E+00  -0.999900E+04  -0.999900E+04  -0.999900E+04  -0.999900E+04   0.115467E+01  -0.999900E+04  -0.999900E+04  -0.999900E+04  -0.999900E+04
   0.100000E+01   0.600000E+01   0.338390E+05   0.262761E+06   0.100000E+01   0.600000E+01   0.338390E+05   0.262761E+06   0.195577E+03  -0.999900E+04  -0.999900E+04  -0.999900E+04  -0.999900E+04   0.195577E+03  -0.999900E+04  -0.999900E+04  -0.999900E+04  -0.999900E+04   0.195551E+03   0.946128E+02   0.105691E+01   0.298799E+02   0.150000E+02   0.260977E-01  -0.999900E+04  -0.999900E+04  -0.999900E+04  -0.999900E+04   0.199347E+00  -0.999900E+04  -0.999900E+04  -0.999900E+04  -0.999900E+04
   0.100000E+01   0.600000E+01   0.338935E+05   0.262778E+06   0.100000E+01   0.600000E+01   0.338935E+05   0.262778E+06   0.195550E+03  -0.999900E+04  -0.999900E+04  -0.999900E+04  -0.999900E+04   0.195550E+03  -0.999900E+04  -0.999900E+04  -0.999900E+04  -0.999900E+04   0.195496E+03   0.946124E+02   0.122132E+01   0.296592E+02   0.150000E+02   0.541458E-01  -0.999900E+04  -0.999900E+04  -0.999900E+04  -0.999900E+04   0.413591E+00  -0.999900E+04  -0.999900E+04  -0.999900E+04  -0.999900E+04
   0.100000E+01   0.600000E+01   0.339480E+05   0.262803E+06   0.100000E+01   0.600000E+01   0.339480E+05   0.262803E+06   0.195518E+03  -0.999900E+04  -0.999900E+04  -0.999900E+04  -0.999900E+04   0.195518E+03  -0.999900E+04  -0.999900E+04  -0.999900E+04  -0.999900E+04   0.195420E+03   0.946125E+02   0.137357E+01   0.294251E+02   0.150000E+02   0.972105E-01  -0.999900E+04  -0.999900E+04  -0.999900E+04  -0.999900E+04   0.742540E+00  -0.999900E+04  -0.999900E+04  -0.999900E+04  -0.999900E+04
   0.100000E+01   0.600000E+01   0.340025E+05   0.262811E+06   0.100000E+01   0.600000E+01   0.340025E+05   0.262811E+06   0.195450E+03  -0.999900E+04  -0.999900E+04  -0.999900E+04  -0.999900E+04   0.195450E+03  -0.999900E+04  -0.999900E+04  -0.999900E+04  -0.999900E+04   0.195332E+03   0.946118E+02   0.144204E+01   0.294251E+02   0.150000E+02   0.117522E+00  -0.999900E+04  -0.999900E+04  -0.999900E+04  -0.999900E+04   0.897689E+00  -0.999900E+04  -0.999900E+04  -0.999900E+04  -0.999900E+04
   0.100000E+01   0.600000E+01   0.340570E+05   0.262833E+06   0.100000E+01   0.600000E+01   0.340570E+05   0.262833E+06   0.195380E+03  -0.999900E+04  -0.999900E+04  -0.999900E+04  -0.999900E+04   0.195380E+03  -0.999900E+04  -0.999900E+04  -0.999900E+04  -0.999900E+04   0.195256E+03   0.946117E+02   0.134961E+01   0.291777E+02   0.150000E+02   0.123853E+00  -0.999900E+04  -0.999900E+04  -0.999900E+04  -0.999900E+04   0.946051E+00  -0.999900E+04  -0.999900E+04  -0.999900E+04  -0.999900E+04
   0.100000E+01   0.600000E+01   0.341225E+05   0.262851E+06   0.100000E+01   0.600000E+01   0.341225E+05   0.262851E+06   0.195290E+03  -0.999900E+04  -0.999900E+04  -0.999900E+04  -0.999900E+04   0.195290E+03  -0.999900E+04  -0.999900E+04  -0.999900E+04  -0.999900E+04   0.195229E+03   0.946110E+02   0.959407E+00   0.291777E+02   0.150000E+02   0.609919E-01  -0.999900E+04  -0.999900E+04  -0.999900E+04  -0.999900E+04   0.465885E+00  -0.999900E+04  -0.999900E+04  -0.999900E+04  -0.999900E+04
   0.100000E+01   0.600000E+01   0.341880E+05   0.262858E+06   0.100000E+01   0.600000E+01   0.341880E+05   0.262858E+06   0.195062E+03  -0.999900E+04  -0.999900E+04  -0.999900E+04  -0.999900E+04   0.195062E+03  -0.999900E+04  -0.999900E+04  -0.999900E+04  -0.999900E+04   0.195167E+03   0.946095E+02   0.102117E+01   0.289173E+02   0.150000E+02  -0.104453E+00  -0.999900E+04  -0.999900E+04  -0.999900E+04  -0.999900E+04  -0.797864E+00  -0.999900E+04  -0.999900E+04  -0.999900E+04  -0.999900E+04
   0.100000E+01   0.600000E+01   0.342410E+05   0.262871E+06   0.100000E+01   0.600000E+01   0.342410E+05   0.262871E+06   0.194947E+03  -0.999900E+04  -0.999900E+04  -0.999900E+04  -0.999900E+04   0.194947E+03  -0.999900E+04  -0.999900E+04  -0.999900E+04  -0.999900E+04   0.195112E+03   0.946085E+02   0.102440E+01   0.286441E+02   0.150000E+02  -0.164649E+00  -0.999900E+04  -0.999900E+04  -0.999900E+04  -0.999900E+04  -0.125766E+01  -0.999900E+04  -0.999900E+04  -0.999900E+04  -0.999900E+04
   0.100000E+01   0.600000E+01   0.342940E+05   0.262884E+06   0.100000E+01   0.600000E+01   0.342940E+05   0.262884E+06   0.194905E+03  -0.999900E+04  -0.999900E+04  -0.999900E+04  -0.999900E+04   0.194905E+03  -0.999900E+04  -0.999900E+04  -0.999900E+04  -0.999900E+04   0.195054E+03   0.946075E+02   0.103294E+01   0.286441E+02   0.150000E+02  -0.149445E+00  -0.999900E+04  -0.999900E+04  -0.999900E+04  -0.999900E+04  -0.114153E+01  -0.999900E+04  -0.999900E+04  -0.999900E+04  -0.999900E+04
   0.100000E+01   0.600000E+01   0.343470E+05   0.262897E+06   0.100000E+01   0.600000E+01   0.343470E+05   0.262897E+06   0.194868E+03  -0.999900E+04  -0.999900E+04  -0.999900E+04  -0.999900E+04   0.194868E+03  -0.999900E+04  -0.999900E+04  -0.999900E+04  -0.999900E+04   0.194993E+03   0.946064E+02   0.104643E+01   0.283583E+02   0.150000E+02  -0.125228E+00  -0.999900E+04  -0.999900E+04  -0.999900E+04  -0.999900E+04  -0.956551E+00  -0.999900E+04  -0.999900E+04  -0.999900E+04  -0.999900E+04
   0.100000E+01   0.600000E+01   0.344000E+05   0.262919E+06   0.100000E+01   0.600000E+01   0.344000E+05   0.262919E+06   0.194827E+03  -0.999900E+04  -0.999900E+04  -0.999900E+04  -0.999900E+04   0.194827E+03  -0.999900E+04  -0.999900E+04  -0.999900E+04  -0.999900E+04   0.194926E+03   0.946058E+02   0.106569E+01   0.283583E+02   0.150000E+02  -0.984792E-01  -0.999900E+04  -0.999900E+04  -0.999900E+04  -0.999900E+04  -0.752231E+00  -0.999900E+04  -0.999900E+04  -0.999900E+04  -0.999900E+04
   0.100000E+01   0.600000E+01   0.344530E+05   0.262934E+06   0.100000E+01   0.600000E+01   0.344530E+05   0.262934E+06   0.194768E+03  -0.999900E+04  -0.999900E+04  -0.999900E+04  -0.999900E+04   0.194768E+03  -0.999900E+04  -0.999900E+04  -0.999900E+04  -0.999900E+04   0.194853E+03   0.946048E+02   0.109154E+01   0.280601E+02   0.150000E+02  -0.850631E-01  -0.999900E+04  -0.999900E+04  -0.999900E+04  -0.999900E+04  -0.649752E+00  -0.999900E+04  -0.999900E+04  -0.999900E+04  -0.999900E+04
   0.100000E+01   0.600000E+01   0.345060E+05   0.262947E+06   0.100000E+01   0.600000E+01   0.345060E+05   0.262947E+06   0.194713E+03  -0.999900E+04  -0.999900E+04  -0.999900E+04  -0.999900E+04   0.194713E+03  -0.999900E+04  -0.999900E+04  -0.999900E+04  -0.999900E+04   0.194771E+03   0.946037E+02   0.112473E+01   0.280601E+02   0.150000E+02  -0.589221E-01  -0.999900E+04  -0.999900E+04  -0.999900E+04  -0.999900E+04  -0.450075E+00  -0.999900E+04  -0.999900E+04  -0.999900E+04  -0.999900E+04
   0.100000E+01   0.600000E+01   0.345590E+05   0.262952E+06   0.100000E+01   0.600000E+01   0.345590E+05   0.262952E+06   0.194570E+03  -0.999900E+04  -0.999900E+04  -0.999900E+04  -0.999900E+04   0.194570E+03  -0.999900E+04  -0.999900E+04  -0.999900E+04  -0.999900E+04   0.194678E+03   0.946021E+02   0.116884E+01   0.277500E+02   0.150000E+02  -0.107785E+00  -0.999900E+04  -0.999900E+04  -0.999900E+04  -0.999900E+04  -0.823312E+00  -0.999900E+04  -0.999900E+04  -0.999900E+04  -0.999900E+04
   0.100000E+01   0.600000E+01   0.346146E+05   0.262974E+06   0.100000E+01   0.600000E+01   0.346146E+05   0.262974E+06   0.194445E+03  -0.999900E+04  -0.999900E+04  -0.999900E+04  -0.999900E+04   0.194445E+03  -0.999900E+04  -0.999900E+04  -0.999900E+04  -0.999900E+04   0.194595E+03   0.946013E+02   0.111119E+01   0.274281E+02   0.150000E+02  -0.150290E+00  -0.999900E+04  -0.999900E+04  -0.999900E+04  -0.999900E+04  -0.114799E+01  -0.999900E+04  -0.999900E+04  -0.999900E+04  -0.999900E+04
   0.100000E+01   0.600000E+01   0.346702E+05   0.262979E+06   0.100000E+01   0.600000E+01   0.346702E+05   0.262979E+06   0.194420E+03  -0.999900E+04  -0.999900E+04  -0.999900E+04  -0.999900E+04   0.194420E+03  -0.999900E+04  -0.999900E+04  -0.999900E+04  -0.999900E+04   0.194539E+03   0.945997E+02   0.102305E+01   0.274281E+02   0.150000E+02  -0.119114E+00  -0.999900E+04  -0.999900E+04  -0.999900E+04  -0.999900E+04  -0.909849E+00  -0.999900E+04  -0.999900E+04  -0.999900E+04  -0.999900E+04
   0.100000E+01   0.600000E+01   0.347258E+05   0.262994E+06   0.100000E+01   0.600000E+01   0.347258E+05   0.262994E+06   0.194363E+03  -0.999900E+04  -0.999900E+04  -0.999900E+04  -0.999900E+04   0.194363E+03  -0.999900E+04  -0.999900E+04  -0.999900E+04  -0.999900E+04   0.194503E+03   0.945987E+02   0.925648E+00   0.270948E+02   0.150000E+02  -0.140102E+00  -0.999900E+04  -0.999900E+04  -0.999900E+04  -0.999900E+04  -0.107016E+01  -0.999900E+04  -0.999900E+04  -0.999900E+04  -0.999900E+04
   0.100000E+01   0.600000E+01   0.347814E+05   0.263019E+06   0.100000E+01   0.600000E+01   0.347814E+05   0.263019E+06   0.194350E+03  -0.999900E+04  -0.999900E+04  -0.999900E+04  -0.999900E+04   0.194350E+03  -0.999900E+04  -0.999900E+04  -0.999900E+04  -0.999900E+04   0.194480E+03   0.945983E+02   0.827425E+00   0.270948E+02   0.150000E+02  -0.129587E+00  -0.999900E+04  -0.999900E+04  -0.999900E+04  -0.999900E+04  -0.989846E+00  -0.999900E+04  -0.999900E+04  -0.999900E+04  -0.999900E+04
   0.100000E+01   0.600000E+01   0.348370E+05   0.263027E+06   0.100000E+01   0.600000E+01   0.348370E+05   0.263027E+06   0.194338E+03  -0.999900E+04  -0.999900E+04  -0.999900E+04  -0.999900E+04   0.194338E+03  -0.999900E+04  -0.999900E+04  -0.999900E+04  -0.999900E+04   0.194465E+03   0.945970E+02   0.732711E+00   0.267503E+02   0.150000E+02  -0.127976E+00  -0.999900E+04  -0.999900E+04  -0.999900E+04  -0.999900E+04  -0.977541E+00  -0.999900E+04  -0.999900E+04  -0.999900E+04  -0.999900E+04
   0.100000E+01   0.600000E+01   0.349027E+05   0.263047E+06   0.100000E+01   0.600000E+01   0.349027E+05   0.263047E+06   0.194317E+03  -0.999900E+04  -0.999900E+04  -0.999900E+04  -0.999900E+04   0.194317E+03  -0.999900E+04  -0.999900E+04  -0.999900E+04  -0.999900E+04   0.194438E+03   0.945959E+02   0.764688E+00   0.263951E+02   0.150000E+02  -0.120519E+00  -0.999900E+04  -0.999900E+04  -0.999900E+04  -0.999900E+04  -0.920580E+00  -0.999900E+04  -0.999900E+04  -0.999900E+04  -0.999900E+04
   0.100000E+01   0.600000E+01   0.349683E+05   0.263074E+06   0.100000E+01   0.600000E+01   0.349683E+05   0.263074E+06   0.194275E+03  -0.999900E+04  -0.999900E+04  -0.999900E+04  -0.999900E+04   0.194275E+03  -0.999900E+04  -0.999900E+04  -0.999900E+04  -0.999900E+04   0.194397E+03   0.945951E+02   0.841850E+00   0.263951E+02   0.150000E+02  -0.121611E+00  -0.999900E+04  -0.999900E+04  -0.999900E+04  -0.999900E+04  -0.928923E+00  -0.999900E+04  -0.999900E+04  -0.999900E+04  -0.999900E+04
   0.100000E+01   0.600000E+01   0.350340E+05   0.263082E+06   0.100000E+01   0.600000E+01   0.350340E+05   0.263082E+06   0.194222E+03  -0.999900E+04  -0.999900E+04  -0.999900E+04  -0.999900E+04   0.194222E+03  -0.999900E+04  -0.999900E+04  -0.999900E+04  -0.999900E+04   0.194341E+03   0.945934E+02   0.928163E+00   0.260295E+02   0.150000E+02  -0.118786E+00  -0.999900E+04  -0.999900E+04  -0.999900E+04  -0.999900E+04  -0.907344E+00  -0.999900E+04  -0.999900E+04  -0.999900E+04  -0.999900E+04
   0.100000E+01   0.600000E+01   0.351540E+05   0.263112E+06   0.100000E+01   0.600000E+01   0.351540E+05   0.263112E+06   0.194127E+03  -0.999900E+04  -0.999900E+04  -0.999900E+04  -0.999900E+04   0.194127E+03  -0.999900E+04  -0.999900E+04  -0.999900E+04  -0.999900E+04   0.194231E+03   0.945914E+02   0.971338E+00   0.256538E+02   0.150000E+02  -0.103912E+00  -0.999900E+04  -0.999900E+04  -0.999900E+04  -0.999900E+04  -0.793727E+00  -0.999900E+04  -0.999900E+04  -0.999900E+04  -0.999900E+04
   0.100000E+01   0.600000E+01   0.352740E+05   0.263155E+06   0.100000E+01   0.600000E+01   0.352740E+05   0.263155E+06   0.193945E+03  -0.999900E+04  -0.999900E+04  -0.999900E+04  -0.999900E+04   0.193945E+03  -0.999900E+04  -0.999900E+04  -0.999900E+04  -0.999900E+04   0.194115E+03   0.945900E+02   0.946661E+00   0.252684E+02   0.150000E+02  -0.170117E+00  -0.999900E+04  -0.999900E+04  -0.999900E+04  -0.999900E+04  -0.129943E+01  -0.999900E+04  -0.999900E+04  -0.999900E+04  -0.999900E+04
   0.100000E+01   0.600000E+01   0.353940E+05   0.263185E+06   0.100000E+01   0.600000E+01   0.353940E+05   0.263185E+06   0.193885E+03  -0.999900E+04  -0.999900E+04  -0.999900E+04  -0.999900E+04   0.193885E+03  -0.999900E+04  -0.999900E+04  -0.999900E+04  -0.999900E+04   0.194013E+03   0.945880E+02   0.848446E+00   0.244703E+02   0.150000E+02  -0.128473E+00  -0.999900E+04  -0.999900E+04  -0.999900E+04  -0.999900E+04  -0.981340E+00  -0.999900E+04  -0.999900E+04  -0.999900E+04  -0.999900E+04
   0.100000E+01   0.600000E+01   0.355140E+05   0.263208E+06   0.100000E+01   0.600000E+01   0.355140E+05   0.263208E+06   0.193808E+03  -0.999900E+04  -0.999900E+04  -0.999900E+04  -0.999900E+04   0.193808E+03  -0.999900E+04  -0.999900E+04  -0.999900E+04  -0.999900E+04   0.193943E+03   0.945856E+02   0.714913E+00   0.240583E+02   0.150000E+02  -0.135460E+00  -0.999900E+04  -0.999900E+04  -0.999900E+04  -0.999900E+04  -0.103471E+01  -0.999900E+04  -0.999900E+04  -0.999900E+04  -0.999900E+04
   0.100000E+01   0.600000E+01   0.356210E+05   0.263250E+06   0.100000E+01   0.600000E+01   0.356210E+05   0.263250E+06   0.193740E+03  -0.999900E+04  -0.999900E+04  -0.999900E+04  -0.999900E+04   0.193740E+03  -0.999900E+04  -0.999900E+04  -0.999900E+04  -0.999900E+04   0.193866E+03   0.945843E+02   0.766088E+00   0.236384E+02   0.150000E+02  -0.126028E+00  -0.999900E+04  -0.999900E+04  -0.999900E+04  -0.999900E+04  -0.962660E+00  -0.999900E+04  -0.999900E+04  -0.999900E+04  -0.999900E+04
   0.100000E+01   0.600000E+01   0.357280E+05   0.263460E+06   0.100000E+01   0.600000E+01   0.357280E+05   0.263460E+06   0.193630E+03  -0.999900E+04  -0.999900E+04  -0.999900E+04  -0.999900E+04   0.193630E+03  -0.999900E+04  -0.999900E+04  -0.999900E+04  -0.999900E+04   0.193725E+03   0.945909E+02   0.905062E+00   0.232110E+02   0.150000E+02  -0.948566E-01  -0.999900E+04  -0.999900E+04  -0.999900E+04  -0.999900E+04  -0.724559E+00  -0.999900E+04  -0.999900E+04  -0.999900E+04  -0.999900E+04
   0.100000E+01   0.600000E+01   0.358457E+05   0.263483E+06   0.100000E+01   0.600000E+01   0.358457E+05   0.263483E+06   0.193398E+03  -0.999900E+04  -0.999900E+04  -0.999900E+04  -0.999900E+04   0.193398E+03  -0.999900E+04  -0.999900E+04  -0.999900E+04  -0.999900E+04   0.193511E+03   0.945881E+02   0.924598E+00   0.227765E+02   0.150000E+02  -0.113924E+00  -0.999900E+04  -0.999900E+04  -0.999900E+04  -0.999900E+04  -0.870203E+00  -0.999900E+04  -0.999900E+04  -0.999900E+04  -0.999900E+04
   0.100000E+01   0.600000E+01   0.359633E+05   0.263515E+06   0.100000E+01   0.600000E+01   0.359633E+05   0.263515E+06   0.193155E+03  -0.999900E+04  -0.999900E+04  -0.999900E+04  -0.999900E+04   0.193155E+03  -0.999900E+04  -0.999900E+04  -0.999900E+04  -0.999900E+04   0.193284E+03   0.945858E+02   0.935273E+00   0.218883E+02   0.150000E+02  -0.129169E+00  -0.999900E+04  -0.999900E+04  -0.999900E+04  -0.999900E+04  -0.986654E+00  -0.999900E+04  -0.999900E+04  -0.999900E+04  -0.999900E+04
   0.100000E+01   0.600000E+01   0.360810E+05   0.263552E+06   0.100000E+01   0.600000E+01   0.360810E+05   0.263552E+06   0.192933E+03  -0.999900E+04  -0.999900E+04  -0.999900E+04  -0.999900E+04   0.192933E+03  -0.999900E+04  -0.999900E+04  -0.999900E+04  -0.999900E+04   0.193012E+03   0.945842E+02   0.100725E+01   0.214356E+02   0.150000E+02  -0.796733E-01  -0.999900E+04  -0.999900E+04  -0.999900E+04  -0.999900E+04  -0.608582E+00  -0.999900E+04  -0.999900E+04  -0.999900E+04  -0.999900E+04
   0.100000E+01   0.600000E+01   0.362130E+05   0.263590E+06   0.100000E+01   0.600000E+01   0.362130E+05   0.263590E+06   0.192570E+03  -0.999900E+04  -0.999900E+04  -0.999900E+04  -0.999900E+04   0.192570E+03  -0.999900E+04  -0.999900E+04  -0.999900E+04  -0.999900E+04   0.192655E+03   0.945812E+02   0.954800E+00   0.209779E+02   0.150000E+02  -0.847460E-01  -0.999900E+04  -0.999900E+04  -0.999900E+04  -0.999900E+04  -0.647330E+00  -0.999900E+04  -0.999900E+04  -0.999900E+04  -0.999900E+04
   0.100000E+01   0.600000E+01   0.362667E+05   0.263605E+06   0.100000E+01   0.600000E+01   0.362667E+05   0.263605E+06   0.192390E+03  -0.999900E+04  -0.999900E+04  -0.999900E+04  -0.999900E+04   0.192390E+03  -0.999900E+04  -0.999900E+04  -0.999900E+04  -0.999900E+04   0.192515E+03   0.945797E+02   0.956951E+00   0.205158E+02   0.150000E+02  -0.125144E+00  -0.999900E+04  -0.999900E+04  -0.999900E+04  -0.999900E+04  -0.955908E+00  -0.999900E+04  -0.999900E+04  -0.999900E+04  -0.999900E+04
   0.100000E+01   0.600000E+01   0.363203E+05   0.263620E+06   0.100000E+01   0.600000E+01   0.363203E+05   0.263620E+06   0.192235E+03  -0.999900E+04  -0.999900E+04  -0.999900E+04  -0.999900E+04   0.192235E+03  -0.999900E+04  -0.999900E+04  -0.999900E+04  -0.999900E+04   0.192429E+03   0.945782E+02   0.843359E+00   0.205158E+02   0.150000E+02  -0.193852E+00  -0.999900E+04  -0.999900E+04  -0.999900E+04  -0.999900E+04  -0.148073E+01  -0.999900E+04  -0.999900E+04  -0.999900E+04  -0.999900E+04
   0.100000E+01   0.600000E+01   0.363740E+05   0.263650E+06   0.100000E+01   0.600000E+01   0.363740E+05   0.263650E+06   0.192125E+03  -0.999900E+04  -0.999900E+04  -0.999900E+04  -0.999900E+04   0.192125E+03  -0.999900E+04  -0.999900E+04  -0.999900E+04  -0.999900E+04   0.192379E+03   0.945776E+02   0.747714E+00   0.200498E+02   0.150000E+02  -0.253877E+00  -0.999900E+04  -0.999900E+04  -0.999900E+04  -0.999900E+04  -0.193923E+01  -0.999900E+04  -0.999900E+04  -0.999900E+04  -0.999900E+04
   0.100000E+01   0.600000E+01   0.364275E+05   0.263675E+06   0.100000E+01   0.600000E+01   0.364275E+05   0.263675E+06   0.192143E+03  -0.999900E+04  -0.999900E+04  -0.999900E+04  -0.999900E+04   0.192143E+03  -0.999900E+04  -0.999900E+04  -0.999900E+04  -0.999900E+04   0.192279E+03   0.945769E+02   0.103284E+01   0.200498E+02   0.150000E+02  -0.136519E+00  -0.999900E+04  -0.999900E+04  -0.999900E+04  -0.999900E+04  -0.104280E+01  -0.999900E+04  -0.999900E+04  -0.999900E+04  -0.999900E+04
   0.100000E+01   0.600000E+01   0.364810E+05   0.263685E+06   0.100000E+01   0.600000E+01   0.364810E+05   0.263685E+06   0.192070E+03  -0.999900E+04  -0.999900E+04  -0.999900E+04  -0.999900E+04   0.192070E+03  -0.999900E+04  -0.999900E+04  -0.999900E+04  -0.999900E+04   0.192195E+03   0.945755E+02   0.864997E+00   0.195804E+02   0.150000E+02  -0.124871E+00  -0.999900E+04  -0.999900E+04  -0.999900E+04  -0.999900E+04  -0.953825E+00  -0.999900E+04  -0.999900E+04  -0.999900E+04  -0.999900E+04
   0.100000E+01   0.600000E+01   0.365925E+05   0.263727E+06   0.100000E+01   0.600000E+01   0.365925E+05   0.263727E+06   0.191730E+03  -0.999900E+04  -0.999900E+04  -0.999900E+04  -0.999900E+04   0.191730E+03  -0.999900E+04  -0.999900E+04  -0.999900E+04  -0.999900E+04   0.192009E+03   0.945732E+02   0.900220E+00   0.191083E+02   0.150000E+02  -0.278976E+00  -0.999900E+04  -0.999900E+04  -0.999900E+04  -0.999900E+04  -0.213095E+01  -0.999900E+04  -0.999900E+04  -0.999900E+04  -0.999900E+04
   0.100000E+01   0.600000E+01   0.367040E+05   0.263752E+06   0.100000E+01   0.600000E+01   0.367040E+05   0.263752E+06   0.191655E+03  -0.999900E+04  -0.999900E+04  -0.999900E+04  -0.999900E+04   0.191655E+03  -0.999900E+04  -0.999900E+04  -0.999900E+04  -0.999900E+04   0.191888E+03   0.945704E+02   0.724075E+00   0.186342E+02   0.150000E+02  -0.232701E+00  -0.999900E+04  -0.999900E+04  -0.999900E+04  -0.999900E+04  -0.177748E+01  -0.999900E+04  -0.999900E+04  -0.999900E+04  -0.999900E+04
   0.100000E+01   0.600000E+01   0.367765E+05   0.263783E+06   0.100000E+01   0.600000E+01   0.367765E+05   0.263783E+06   0.191610E+03  -0.999900E+04  -0.999900E+04  -0.999900E+04  -0.999900E+04   0.191610E+03  -0.999900E+04  -0.999900E+04  -0.999900E+04  -0.999900E+04   0.191818E+03   0.945693E+02   0.748023E+00   0.181585E+02   0.150000E+02  -0.208180E+00  -0.999900E+04  -0.999900E+04  -0.999900E+04  -0.999900E+04  -0.159017E+01  -0.999900E+04  -0.999900E+04  -0.999900E+04  -0.999900E+04
   0.100000E+01   0.600000E+01   0.368490E+05   0.263796E+06   0.100000E+01   0.600000E+01   0.368490E+05   0.263796E+06   0.191575E+03  -0.999900E+04  -0.999900E+04  -0.999900E+04  -0.999900E+04   0.191575E+03  -0.999900E+04  -0.999900E+04  -0.999900E+04  -0.999900E+04   0.191753E+03   0.945673E+02   0.691417E+00   0.176820E+02   0.150000E+02  -0.177608E+00  -0.999900E+04  -0.999900E+04  -0.999900E+04  -0.999900E+04  -0.135665E+01  -0.999900E+04  -0.999900E+04  -0.999900E+04  -0.999900E+04
   0.100000E+01   0.600000E+01   0.369440E+05   0.263831E+06   0.100000E+01   0.600000E+01   0.369440E+05   0.263831E+06   0.191438E+03  -0.999900E+04  -0.999900E+04  -0.999900E+04  -0.999900E+04   0.191438E+03  -0.999900E+04  -0.999900E+04  -0.999900E+04  -0.999900E+04   0.191591E+03   0.945651E+02   0.854323E+00   0.172054E+02   0.150000E+02  -0.153343E+00  -0.999900E+04  -0.999900E+04  -0.999900E+04  -0.999900E+04  -0.117131E+01  -0.999900E+04  -0.999900E+04  -0.999900E+04  -0.999900E+04
   0.100000E+01   0.600000E+01   0.370035E+05   0.263848E+06   0.100000E+01   0.600000E+01   0.370035E+05   0.263848E+06   0.191130E+03  -0.999900E+04  -0.999900E+04  -0.999900E+04  -0.999900E+04   0.191130E+03  -0.999900E+04  -0.999900E+04  -0.999900E+04  -0.999900E+04   0.191395E+03   0.945635E+02   0.106863E+01   0.172054E+02   0.150000E+02  -0.265469E+00  -0.999900E+04  -0.999900E+04  -0.999900E+04  -0.999900E+04  -0.202778E+01  -0.999900E+04  -0.999900E+04  -0.999900E+04  -0.999900E+04
   0.100000E+01   0.600000E+01   0.370630E+05   0.263863E+06   0.100000E+01   0.600000E+01   0.370630E+05   0.263863E+06   0.190850E+03  -0.999900E+04  -0.999900E+04  -0.999900E+04  -0.999900E+04   0.190850E+03  -0.999900E+04  -0.999900E+04  -0.999900E+04  -0.999900E+04   0.191192E+03   0.945619E+02   0.101925E+01   0.167292E+02   0.150000E+02  -0.341855E+00  -0.999900E+04  -0.999900E+04  -0.999900E+04  -0.999900E+04  -0.261125E+01  -0.999900E+04  -0.999900E+04  -0.999900E+04  -0.999900E+04
   0.100000E+01   0.600000E+01   0.371155E+05   0.263876E+06   0.100000E+01   0.600000E+01   0.371155E+05   0.263876E+06   0.190760E+03  -0.999900E+04  -0.999900E+04  -0.999900E+04  -0.999900E+04   0.190760E+03  -0.999900E+04  -0.999900E+04  -0.999900E+04  -0.999900E+04   0.190959E+03   0.945604E+02   0.117972E+01   0.162542E+02   0.150000E+02  -0.199092E+00  -0.999900E+04  -0.999900E+04  -0.999900E+04  -0.999900E+04  -0.152076E+01  -0.999900E+04  -0.999900E+04  -0.999900E+04  -0.999900E+04
   0.100000E+01   0.600000E+01   0.371680E+05   0.263888E+06   0.100000E+01   0.600000E+01   0.371680E+05   0.263888E+06   0.190688E+03  -0.999900E+04  -0.999900E+04  -0.999900E+04  -0.999900E+04   0.190688E+03  -0.999900E+04  -0.999900E+04  -0.999900E+04  -0.999900E+04   0.190637E+03   0.945595E+02   0.138490E+01   0.162542E+02   0.150000E+02   0.501249E-01  -0.999900E+04  -0.999900E+04  -0.999900E+04  -0.999900E+04   0.382878E+00  -0.999900E+04  -0.999900E+04  -0.999900E+04  -0.999900E+04
   0.100000E+01   0.600000E+01   0.372150E+05   0.263891E+06   0.100000E+01   0.600000E+01   0.372150E+05   0.263891E+06   0.190655E+03  -0.999900E+04  -0.999900E+04  -0.999900E+04  -0.999900E+04   0.190655E+03  -0.999900E+04  -0.999900E+04  -0.999900E+04  -0.999900E+04   0.190417E+03   0.945584E+02   0.114003E+01   0.157810E+02   0.150000E+02   0.238034E+00  -0.999900E+04  -0.999900E+04  -0.999900E+04  -0.999900E+04   0.181822E+01  -0.999900E+04  -0.999900E+04  -0.999900E+04  -0.999900E+04
   0.100000E+01   0.600000E+01   0.372610E+05   0.263921E+06   0.100000E+01   0.600000E+01   0.372610E+05   0.263921E+06   0.190645E+03  -0.999900E+04  -0.999900E+04  -0.999900E+04  -0.999900E+04   0.190645E+03  -0.999900E+04  -0.999900E+04  -0.999900E+04  -0.999900E+04   0.190039E+03   0.945585E+02   0.150450E+01   0.157810E+02   0.150000E+02   0.605819E+00  -0.999900E+04  -0.999900E+04  -0.999900E+04  -0.999900E+04   0.462753E+01  -0.999900E+04  -0.999900E+04  -0.999900E+04  -0.999900E+04
   0.100000E+01   0.600000E+01   0.372900E+05   0.263931E+06   0.100000E+01   0.600000E+01   0.372900E+05   0.263931E+06   0.190662E+03  -0.999900E+04  -0.999900E+04  -0.999900E+04  -0.999900E+04   0.190662E+03  -0.999900E+04  -0.999900E+04  -0.999900E+04  -0.999900E+04   0.189840E+03   0.945580E+02   0.137780E+01   0.157810E+02   0.150000E+02   0.822293E+00  -0.999900E+04  -0.999900E+04  -0.999900E+04  -0.999900E+04   0.628106E+01  -0.999900E+04  -0.999900E+04  -0.999900E+04  -0.999900E+04
   0.100000E+01   0.600000E+01   0.373280E+05   0.263953E+06   0.100000E+01   0.600000E+01   0.373280E+05   0.263953E+06   0.190625E+03  -0.999900E+04  -0.999900E+04  -0.999900E+04  -0.999900E+04   0.190625E+03  -0.999900E+04  -0.999900E+04  -0.999900E+04  -0.999900E+04   0.189580E+03   0.945578E+02   0.121178E+01   0.153105E+02   0.150000E+02   0.104550E+01  -0.999900E+04  -0.999900E+04  -0.999900E+04  -0.999900E+04   0.798601E+01  -0.999900E+04  -0.999900E+04  -0.999900E+04  -0.999900E+04
   0.100000E+01   0.600000E+01   0.373990E+05   0.263961E+06   0.100000E+01   0.600000E+01   0.373990E+05   0.263961E+06   0.190560E+03  -0.999900E+04  -0.999900E+04  -0.999900E+04  -0.999900E+04   0.190560E+03  -0.999900E+04  -0.999900E+04  -0.999900E+04  -0.999900E+04   0.189277E+03   0.945559E+02   0.118689E+01   0.148433E+02   0.150000E+02   0.128336E+01  -0.999900E+04  -0.999900E+04  -0.999900E+04  -0.999900E+04   0.980295E+01  -0.999900E+04  -0.999900E+04  -0.999900E+04  -0.999900E+04
   0.100000E+01   0.600000E+01   0.374440E+05   0.263983E+06   0.100000E+01   0.600000E+01   0.374440E+05   0.263983E+06   0.190455E+03  -0.999900E+04  -0.999900E+04  -0.999900E+04  -0.999900E+04   0.190455E+03  -0.999900E+04  -0.999900E+04  -0.999900E+04  -0.999900E+04   0.189085E+03   0.945555E+02   0.117112E+01   0.148433E+02   0.150000E+02   0.137031E+01  -0.999900E+04  -0.999900E+04  -0.999900E+04  -0.999900E+04   0.104671E+02  -0.999900E+04  -0.999900E+04  -0.999900E+04  -0.999900E+04
   0.100000E+01   0.400000E+01   0.375530E+05   0.264021E+06   0.100000E+01   0.400000E+01   0.375530E+05   0.264021E+06   0.190340E+03  -0.999900E+04  -0.999900E+04  -0.999900E+04  -0.999900E+04   0.190340E+03  -0.999900E+04  -0.999900E+04  -0.999900E+04  -0.999900E+04   0.188994E+03   0.945526E+02   0.553729E+00   0.143814E+02   0.150000E+02   0.134586E+01  -0.999900E+04  -0.999900E+04  -0.999900E+04  -0.999900E+04   0.102803E+02  -0.999900E+04  -0.999900E+04  -0.999900E+04  -0.999900E+04
   0.100000E+01   0.400000E+01   0.376160E+05   0.264032E+06   0.100000E+01   0.400000E+01   0.376160E+05   0.264032E+06   0.190248E+03  -0.999900E+04  -0.999900E+04  -0.999900E+04  -0.999900E+04   0.190248E+03  -0.999900E+04  -0.999900E+04  -0.999900E+04  -0.999900E+04   0.188955E+03   0.945495E+02   0.496283E+00   0.139257E+02   0.150000E+02   0.129208E+01  -0.999900E+04  -0.999900E+04  -0.999900E+04  -0.999900E+04   0.986955E+01  -0.999900E+04  -0.999900E+04  -0.999900E+04  -0.999900E+04
   0.100000E+01   0.400000E+01   0.376780E+05   0.264059E+06   0.100000E+01   0.400000E+01   0.376780E+05   0.264059E+06   0.189982E+03  -0.999900E+04  -0.999900E+04  -0.999900E+04  -0.999900E+04   0.189982E+03  -0.999900E+04  -0.999900E+04  -0.999900E+04  -0.999900E+04   0.188927E+03   0.945470E+02   0.426877E+00   0.139257E+02   0.150000E+02   0.105504E+01  -0.999900E+04  -0.999900E+04  -0.999900E+04  -0.999900E+04   0.805889E+01  -0.999900E+04  -0.999900E+04  -0.999900E+04  -0.999900E+04
   0.100000E+01   0.400000E+01   0.377410E+05   0.264072E+06   0.100000E+01   0.400000E+01   0.377410E+05   0.264072E+06   0.189968E+03  -0.999900E+04  -0.999900E+04  -0.999900E+04  -0.999900E+04   0.189968E+03  -0.999900E+04  -0.999900E+04  -0.999900E+04  -0.999900E+04   0.188909E+03   0.945437E+02   0.371572E+00   0.134755E+02   0.150000E+02   0.105854E+01  -0.999900E+04  -0.999900E+04  -0.999900E+04  -0.999900E+04   0.808564E+01  -0.999900E+04  -0.999900E+04  -0.999900E+04  -0.999900E+04
   0.100000E+01   0.400000E+01   0.377910E+05   0.264092E+06   0.100000E+01   0.400000E+01   0.377910E+05   0.264092E+06   0.189930E+03  -0.999900E+04  -0.999900E+04  -0.999900E+04  -0.999900E+04   0.189930E+03  -0.999900E+04  -0.999900E+04  -0.999900E+04  -0.999900E+04   0.188893E+03   0.945415E+02   0.394141E+00   0.130317E+02   0.150000E+02   0.103714E+01  -0.999900E+04  -0.999900E+04  -0.999900E+04  -0.999900E+04   0.792220E+01  -0.999900E+04  -0.999900E+04  -0.999900E+04  -0.999900E+04
   0.100000E+01   0.400000E+01   0.378410E+05   0.264119E+06   0.100000E+01   0.400000E+01   0.378410E+05   0.264119E+06   0.189905E+03  -0.999900E+04  -0.999900E+04  -0.999900E+04  -0.999900E+04   0.189905E+03  -0.999900E+04  -0.999900E+04  -0.999900E+04  -0.999900E+04   0.188873E+03   0.945399E+02   0.419400E+00   0.130317E+02   0.150000E+02   0.103156E+01  -0.999900E+04  -0.999900E+04  -0.999900E+04  -0.999900E+04   0.787952E+01  -0.999900E+04  -0.999900E+04  -0.999900E+04  -0.999900E+04
   0.100000E+01   0.400000E+01   0.378910E+05   0.264129E+06   0.100000E+01   0.400000E+01   0.378910E+05   0.264129E+06   0.189868E+03  -0.999900E+04  -0.999900E+04  -0.999900E+04  -0.999900E+04   0.189868E+03  -0.999900E+04  -0.999900E+04  -0.999900E+04  -0.999900E+04   0.188851E+03   0.945375E+02   0.441313E+00   0.125949E+02   0.150000E+02   0.101674E+01  -0.999900E+04  -0.999900E+04  -0.999900E+04  -0.999900E+04   0.776636E+01  -0.999900E+04  -0.999900E+04  -0.999900E+04  -0.999900E+04
   0.100000E+01   0.400000E+01   0.379410E+05   0.264144E+06   0.100000E+01   0.400000E+01   0.379410E+05   0.264144E+06   0.189833E+03  -0.999900E+04  -0.999900E+04  -0.999900E+04  -0.999900E+04   0.189833E+03  -0.999900E+04  -0.999900E+04  -0.999900E+04  -0.999900E+04   0.188823E+03   0.945354E+02   0.475544E+00   0.125949E+02   0.150000E+02   0.100975E+01  -0.999900E+04  -0.999900E+04  -0.999900E+04  -0.999900E+04   0.771294E+01  -0.999900E+04  -0.999900E+04  -0.999900E+04  -0.999900E+04
   0.100000E+01   0.400000E+01   0.387910E+05   0.264380E+06   0.100000E+01   0.400000E+01   0.387910E+05   0.264380E+06   0.188667E+03  -0.999900E+04  -0.999900E+04  -0.999900E+04  -0.999900E+04   0.188667E+03  -0.999900E+04  -0.999900E+04  -0.999900E+04  -0.999900E+04   0.187901E+03   0.944566E+02   0.607252E+00   0.912260E+01   0.150000E+02   0.766996E+00  -0.999900E+04  -0.999900E+04  -0.999900E+04  -0.999900E+04   0.585868E+01  -0.999900E+04  -0.999900E+04  -0.999900E+04  -0.999900E+04
   0.100000E+01   0.400000E+01   0.388410E+05   0.264390E+06   0.100000E+01   0.400000E+01   0.388410E+05   0.264390E+06   0.188627E+03  -0.999900E+04  -0.999900E+04  -0.999900E+04  -0.999900E+04   0.188627E+03  -0.999900E+04  -0.999900E+04  -0.999900E+04  -0.999900E+04   0.187860E+03   0.944519E+02   0.538127E+00   0.880389E+01   0.150000E+02   0.767636E+00  -0.999900E+04  -0.999900E+04  -0.999900E+04  -0.999900E+04   0.586357E+01  -0.999900E+04  -0.999900E+04  -0.999900E+04  -0.999900E+04
   0.100000E+01   0.400000E+01   0.395260E+05   0.264602E+06   0.100000E+01   0.400000E+01   0.395260E+05   0.264602E+06   0.187702E+03  -0.999900E+04  -0.999900E+04  -0.999900E+04  -0.999900E+04   0.187702E+03  -0.999900E+04  -0.999900E+04  -0.999900E+04  -0.999900E+04   0.187281E+03   0.943832E+02   0.386145E+00   0.709939E+01   0.150000E+02   0.421080E+00  -0.999900E+04  -0.999900E+04  -0.999900E+04  -0.999900E+04   0.321641E+01  -0.999900E+04  -0.999900E+04  -0.999900E+04  -0.999900E+04
   0.100000E+01   0.400000E+01   0.395860E+05   0.264629E+06   0.100000E+01   0.400000E+01   0.395860E+05   0.264629E+06   0.187460E+03  -0.999900E+04  -0.999900E+04  -0.999900E+04  -0.999900E+04   0.187460E+03  -0.999900E+04  -0.999900E+04  -0.999900E+04  -0.999900E+04   0.187226E+03   0.943776E+02   0.470851E+00   0.709939E+01   0.150000E+02   0.234246E+00  -0.999900E+04  -0.999900E+04  -0.999900E+04  -0.999900E+04   0.178929E+01  -0.999900E+04  -0.999900E+04  -0.999900E+04  -0.999900E+04
   0.100000E+01   0.400000E+01   0.396460E+05   0.264652E+06   0.100000E+01   0.400000E+01   0.396460E+05   0.264652E+06   0.187415E+03  -0.999900E+04  -0.999900E+04  -0.999900E+04  -0.999900E+04   0.187415E+03  -0.999900E+04  -0.999900E+04  -0.999900E+04  -0.999900E+04   0.187157E+03   0.943720E+02   0.528643E+00   0.694329E+01   0.150000E+02   0.258099E+00  -0.999900E+04  -0.999900E+04  -0.999900E+04  -0.999900E+04   0.197149E+01  -0.999900E+04  -0.999900E+04  -0.999900E+04  -0.999900E+04
   0.100000E+01   0.400000E+01   0.396920E+05   0.264657E+06   0.100000E+01   0.400000E+01   0.396920E+05   0.264657E+06   0.187430E+03  -0.999900E+04  -0.999900E+04  -0.999900E+04  -0.999900E+04   0.187430E+03  -0.999900E+04  -0.999900E+04  -0.999900E+04  -0.999900E+04   0.187104E+03   0.943672E+02   0.480563E+00   0.681221E+01   0.150000E+02   0.325781E+00  -0.999900E+04  -0.999900E+04  -0.999900E+04  -0.999900E+04   0.248847E+01  -0.999900E+04  -0.999900E+04  -0.999900E+04  -0.999900E+04
   0.100000E+01   0.400000E+01   0.397380E+05   0.264679E+06   0.100000E+01   0.400000E+01   0.397380E+05   0.264679E+06   0.187450E+03  -0.999900E+04  -0.999900E+04  -0.999900E+04  -0.999900E+04   0.187450E+03  -0.999900E+04  -0.999900E+04  -0.999900E+04  -0.999900E+04   0.187057E+03   0.943636E+02   0.442235E+00   0.681221E+01   0.150000E+02   0.392924E+00  -0.999900E+04  -0.999900E+04  -0.999900E+04  -0.999900E+04   0.300134E+01  -0.999900E+04  -0.999900E+04  -0.999900E+04  -0.999900E+04
   0.100000E+01   0.400000E+01   0.397840E+05   0.264689E+06   0.100000E+01   0.400000E+01   0.397840E+05   0.264689E+06   0.187423E+03  -0.999900E+04  -0.999900E+04  -0.999900E+04  -0.999900E+04   0.187423E+03  -0.999900E+04  -0.999900E+04  -0.999900E+04  -0.999900E+04   0.187016E+03   0.943593E+02   0.407219E+00   0.670722E+01   0.150000E+02   0.406139E+00  -0.999900E+04  -0.999900E+04  -0.999900E+04  -0.999900E+04   0.310228E+01  -0.999900E+04  -0.999900E+04  -0.999900E+04  -0.999900E+04
   0.100000E+01   0.400000E+01   0.398310E+05   0.264737E+06   0.100000E+01   0.400000E+01   0.398310E+05   0.264737E+06   0.187425E+03  -0.999900E+04  -0.999900E+04  -0.999900E+04  -0.999900E+04   0.187425E+03  -0.999900E+04  -0.999900E+04  -0.999900E+04  -0.999900E+04   0.186982E+03   0.943577E+02   0.374953E+00   0.670722E+01   0.150000E+02   0.443439E+00  -0.999900E+04  -0.999900E+04  -0.999900E+04  -0.999900E+04   0.338720E+01  -0.999900E+04  -0.999900E+04  -0.999900E+04  -0.999900E+04
   0.100000E+01   0.400000E+01   0.398870E+05   0.264749E+06   0.100000E+01   0.400000E+01   0.398870E+05   0.264749E+06   0.187368E+03  -0.999900E+04  -0.999900E+04  -0.999900E+04  -0.999900E+04   0.187368E+03  -0.999900E+04  -0.999900E+04  -0.999900E+04  -0.999900E+04   0.186944E+03   0.943530E+02   0.361637E+00   0.662944E+01   0.150000E+02   0.423890E+00  -0.999900E+04  -0.999900E+04  -0.999900E+04  -0.999900E+04   0.323787E+01  -0.999900E+04  -0.999900E+04  -0.999900E+04  -0.999900E+04
   0.100000E+01   0.400000E+01   0.399430E+05   0.264777E+06   0.100000E+01   0.400000E+01   0.399430E+05   0.264777E+06   0.187273E+03  -0.999900E+04  -0.999900E+04  -0.999900E+04  -0.999900E+04   0.187273E+03  -0.999900E+04  -0.999900E+04  -0.999900E+04  -0.999900E+04   0.186906E+03   0.943493E+02   0.355335E+00   0.662944E+01   0.150000E+02   0.366523E+00  -0.999900E+04  -0.999900E+04  -0.999900E+04  -0.999900E+04   0.279968E+01  -0.999900E+04  -0.999900E+04  -0.999900E+04  -0.999900E+04
   0.100000E+01   0.400000E+01   0.399620E+05   0.264779E+06   0.100000E+01   0.400000E+01   0.399620E+05   0.264779E+06   0.187265E+03  -0.999900E+04  -0.999900E+04  -0.999900E+04  -0.999900E+04   0.187265E+03  -0.999900E+04  -0.999900E+04  -0.999900E+04  -0.999900E+04   0.186894E+03   0.943474E+02   0.354744E+00   0.662944E+01   0.150000E+02   0.371483E+00  -0.999900E+04  -0.999900E+04  -0.999900E+04  -0.999900E+04   0.283756E+01  -0.999900E+04  -0.999900E+04  -0.999900E+04  -0.999900E+04
   0.100000E+01   0.400000E+01   0.399810E+05   0.264787E+06   0.100000E+01   0.400000E+01   0.399810E+05   0.264787E+06   0.187235E+03  -0.999900E+04  -0.999900E+04  -0.999900E+04  -0.999900E+04   0.187235E+03  -0.999900E+04  -0.999900E+04  -0.999900E+04  -0.999900E+04   0.186881E+03   0.943458E+02   0.352120E+00   0.657998E+01   0.150000E+02   0.354353E+00  -0.999900E+04  -0.999900E+04  -0.999900E+04  -0.999900E+04   0.270672E+01  -0.999900E+04  -0.999900E+04  -0.999900E+04  -0.999900E+04
   0.100000E+01   0.400000E+01   0.399990E+05   0.264794E+06   0.100000E+01   0.400000E+01   0.399990E+05   0.264794E+06   0.187197E+03  -0.999900E+04  -0.999900E+04  -0.999900E+04  -0.999900E+04   0.187197E+03  -0.999900E+04  -0.999900E+04  -0.999900E+04  -0.999900E+04   0.186868E+03   0.943442E+02   0.350252E+00   0.657998E+01   0.150000E+02   0.329775E+00  -0.999900E+04  -0.999900E+04  -0.999900E+04  -0.999900E+04   0.251897E+01  -0.999900E+04  -0.999900E+04  -0.999900E+04  -0.999900E+04
   0.100000E+01   0.400000E+01   0.400180E+05   0.264802E+06   0.100000E+01   0.400000E+01   0.400180E+05   0.264802E+06   0.187173E+03  -0.999900E+04  -0.999900E+04  -0.999900E+04  -0.999900E+04   0.187173E+03  -0.999900E+04  -0.999900E+04  -0.999900E+04  -0.999900E+04   0.186853E+03   0.943426E+02   0.351118E+00   0.657998E+01   0.150000E+02   0.319384E+00  -0.999900E+04  -0.999900E+04  -0.999900E+04  -0.999900E+04   0.243961E+01  -0.999900E+04  -0.999900E+04  -0.999900E+04  -0.999900E+04
   0.100000E+01   0.400000E+01   0.400370E+05   0.264799E+06   0.100000E+01   0.400000E+01   0.400370E+05   0.264799E+06   0.187170E+03  -0.999900E+04  -0.999900E+04  -0.999900E+04  -0.999900E+04   0.187170E+03  -0.999900E+04  -0.999900E+04  -0.999900E+04  -0.999900E+04   0.186837E+03   0.943403E+02   0.354220E+00   0.657998E+01   0.150000E+02   0.332665E+00  -0.999900E+04  -0.999900E+04  -0.999900E+04  -0.999900E+04   0.254105E+01  -0.999900E+04  -0.999900E+04  -0.999900E+04  -0.999900E+04
   0.100000E+01   0.400000E+01   0.400560E+05   0.264802E+06   0.100000E+01   0.400000E+01   0.400560E+05   0.264802E+06   0.187170E+03  -0.999900E+04  -0.999900E+04  -0.999900E+04  -0.999900E+04   0.187170E+03  -0.999900E+04  -0.999900E+04  -0.999900E+04  -0.999900E+04   0.186821E+03   0.943383E+02   0.357318E+00   0.657998E+01   0.150000E+02   0.349401E+00  -0.999900E+04  -0.999900E+04  -0.999900E+04  -0.999900E+04   0.266889E+01  -0.999900E+04  -0.999900E+04  -0.999900E+04  -0.999900E+04
   0.100000E+01   0.400000E+01   0.401060E+05   0.264817E+06   0.100000E+01   0.400000E+01   0.401060E+05   0.264817E+06   0.187155E+03  -0.999900E+04  -0.999900E+04  -0.999900E+04  -0.999900E+04   0.187155E+03  -0.999900E+04  -0.999900E+04  -0.999900E+04  -0.999900E+04   0.186775E+03   0.943334E+02   0.366412E+00   0.655999E+01   0.150000E+02   0.380222E+00  -0.999900E+04  -0.999900E+04  -0.999900E+04  -0.999900E+04   0.290432E+01  -0.999900E+04  -0.999900E+04  -0.999900E+04  -0.999900E+04
   0.100000E+01   0.400000E+01   0.401560E+05   0.264839E+06   0.100000E+01   0.400000E+01   0.401560E+05   0.264839E+06   0.187132E+03  -0.999900E+04  -0.999900E+04  -0.999900E+04  -0.999900E+04   0.187132E+03  -0.999900E+04  -0.999900E+04  -0.999900E+04  -0.999900E+04   0.186729E+03   0.943288E+02   0.380392E+00   0.655999E+01   0.150000E+02   0.403201E+00  -0.999900E+04  -0.999900E+04  -0.999900E+04  -0.999900E+04   0.307984E+01  -0.999900E+04  -0.999900E+04  -0.999900E+04  -0.999900E+04
   0.100000E+01   0.400000E+01   0.402060E+05   0.264854E+06   0.100000E+01   0.400000E+01   0.402060E+05   0.264854E+06   0.187120E+03  -0.999900E+04  -0.999900E+04  -0.999900E+04  -0.999900E+04   0.187120E+03  -0.999900E+04  -0.999900E+04  -0.999900E+04  -0.999900E+04   0.186682E+03   0.943233E+02   0.352368E+00   0.657060E+01   0.150000E+02   0.437789E+00  -0.999900E+04  -0.999900E+04  -0.999900E+04  -0.999900E+04   0.334404E+01  -0.999900E+04  -0.999900E+04  -0.999900E+04  -0.999900E+04
   0.100000E+01   0.400000E+01   0.402560E+05   0.264869E+06   0.100000E+01   0.400000E+01   0.402560E+05   0.264869E+06   0.187100E+03  -0.999900E+04  -0.999900E+04  -0.999900E+04  -0.999900E+04   0.187100E+03  -0.999900E+04  -0.999900E+04  -0.999900E+04  -0.999900E+04   0.186622E+03   0.943171E+02   0.358126E+00   0.657060E+01   0.150000E+02   0.477970E+00  -0.999900E+04  -0.999900E+04  -0.999900E+04  -0.999900E+04   0.365096E+01  -0.999900E+04  -0.999900E+04  -0.999900E+04  -0.999900E+04
   0.100000E+01   0.400000E+01   0.403060E+05   0.264885E+06   0.100000E+01   0.400000E+01   0.403060E+05   0.264885E+06   0.187062E+03  -0.999900E+04  -0.999900E+04  -0.999900E+04  -0.999900E+04   0.187062E+03  -0.999900E+04  -0.999900E+04  -0.999900E+04  -0.999900E+04   0.186555E+03   0.943104E+02   0.360131E+00   0.661299E+01   0.150000E+02   0.507630E+00  -0.999900E+04  -0.999900E+04  -0.999900E+04  -0.999900E+04   0.387752E+01  -0.999900E+04  -0.999900E+04  -0.999900E+04  -0.999900E+04
   0.100000E+01   0.400000E+01   0.403560E+05   0.264900E+06   0.100000E+01   0.400000E+01   0.403560E+05   0.264900E+06   0.187005E+03  -0.999900E+04  -0.999900E+04  -0.999900E+04  -0.999900E+04   0.187005E+03  -0.999900E+04  -0.999900E+04  -0.999900E+04  -0.999900E+04   0.186491E+03   0.943039E+02   0.362848E+00   0.668833E+01   0.150000E+02   0.513690E+00  -0.999900E+04  -0.999900E+04  -0.999900E+04  -0.999900E+04   0.392381E+01  -0.999900E+04  -0.999900E+04  -0.999900E+04  -0.999900E+04
   0.100000E+01   0.400000E+01   0.404060E+05   0.264905E+06   0.100000E+01   0.400000E+01   0.404060E+05   0.264905E+06   0.186963E+03  -0.999900E+04  -0.999900E+04  -0.999900E+04  -0.999900E+04   0.186963E+03  -0.999900E+04  -0.999900E+04  -0.999900E+04  -0.999900E+04   0.186432E+03   0.942970E+02   0.363533E+00   0.668833E+01   0.150000E+02   0.530144E+00  -0.999900E+04  -0.999900E+04  -0.999900E+04  -0.999900E+04   0.404949E+01  -0.999900E+04  -0.999900E+04  -0.999900E+04  -0.999900E+04
   0.100000E+01   0.400000E+01   0.404560E+05   0.264930E+06   0.100000E+01   0.400000E+01   0.404560E+05   0.264930E+06   0.186898E+03  -0.999900E+04  -0.999900E+04  -0.999900E+04  -0.999900E+04   0.186898E+03  -0.999900E+04  -0.999900E+04  -0.999900E+04  -0.999900E+04   0.186381E+03   0.942919E+02   0.378225E+00   0.679782E+01   0.150000E+02   0.516738E+00  -0.999900E+04  -0.999900E+04  -0.999900E+04  -0.999900E+04   0.394709E+01  -0.999900E+04  -0.999900E+04  -0.999900E+04  -0.999900E+04
   0.100000E+01   0.400000E+01   0.405130E+05   0.264945E+06   0.100000E+01   0.400000E+01   0.405130E+05   0.264945E+06   0.186805E+03  -0.999900E+04  -0.999900E+04  -0.999900E+04  -0.999900E+04   0.186805E+03  -0.999900E+04  -0.999900E+04  -0.999900E+04  -0.999900E+04   0.186332E+03   0.942851E+02   0.349376E+00   0.679782E+01   0.150000E+02   0.473452E+00  -0.999900E+04  -0.999900E+04  -0.999900E+04  -0.999900E+04   0.361645E+01  -0.999900E+04  -0.999900E+04  -0.999900E+04  -0.999900E+04
   0.100000E+01   0.400000E+01   0.405710E+05   0.264963E+06   0.100000E+01   0.400000E+01   0.405710E+05   0.264963E+06   0.186705E+03  -0.999900E+04  -0.999900E+04  -0.999900E+04  -0.999900E+04   0.186705E+03  -0.999900E+04  -0.999900E+04  -0.999900E+04  -0.999900E+04   0.186284E+03   0.942781E+02   0.336493E+00   0.694267E+01   0.150000E+02   0.421253E+00  -0.999900E+04  -0.999900E+04  -0.999900E+04  -0.999900E+04   0.321773E+01  -0.999900E+04  -0.999900E+04  -0.999900E+04  -0.999900E+04
   0.100000E+01   0.400000E+01   0.406280E+05   0.264968E+06   0.100000E+01   0.400000E+01   0.406280E+05   0.264968E+06   0.186648E+03  -0.999900E+04  -0.999900E+04  -0.999900E+04  -0.999900E+04   0.186648E+03  -0.999900E+04  -0.999900E+04  -0.999900E+04  -0.999900E+04   0.186240E+03   0.942699E+02   0.317106E+00   0.694267E+01   0.150000E+02   0.407281E+00  -0.999900E+04  -0.999900E+04  -0.999900E+04  -0.999900E+04   0.311101E+01  -0.999900E+04  -0.999900E+04  -0.999900E+04  -0.999900E+04
   0.100000E+01   0.400000E+01   0.406860E+05   0.264990E+06   0.100000E+01   0.400000E+01   0.406860E+05   0.264990E+06   0.186593E+03  -0.999900E+04  -0.999900E+04  -0.999900E+04  -0.999900E+04   0.186593E+03  -0.999900E+04  -0.999900E+04  -0.999900E+04  -0.999900E+04   0.186197E+03   0.942624E+02   0.320810E+00   0.712410E+01   0.150000E+02   0.395805E+00  -0.999900E+04  -0.999900E+04  -0.999900E+04  -0.999900E+04   0.302335E+01  -0.999900E+04  -0.999900E+04  -0.999900E+04  -0.999900E+04
   0.100000E+01   0.400000E+01   0.407480E+05   0.265010E+06   0.100000E+01   0.400000E+01   0.407480E+05   0.265010E+06   0.186560E+03  -0.999900E+04  -0.999900E+04  -0.999900E+04  -0.999900E+04   0.186560E+03  -0.999900E+04  -0.999900E+04  -0.999900E+04  -0.999900E+04   0.186149E+03   0.942540E+02   0.333433E+00   0.734335E+01   0.150000E+02   0.411272E+00  -0.999900E+04  -0.999900E+04  -0.999900E+04  -0.999900E+04   0.314149E+01  -0.999900E+04  -0.999900E+04  -0.999900E+04  -0.999900E+04
   0.100000E+01   0.400000E+01   0.408110E+05   0.265028E+06   0.100000E+01   0.400000E+01   0.408110E+05   0.265028E+06   0.186530E+03  -0.999900E+04  -0.999900E+04  -0.999900E+04  -0.999900E+04   0.186530E+03  -0.999900E+04  -0.999900E+04  -0.999900E+04  -0.999900E+04   0.186098E+03   0.942450E+02   0.346598E+00   0.734335E+01   0.150000E+02   0.431930E+00  -0.999900E+04  -0.999900E+04  -0.999900E+04  -0.999900E+04   0.329929E+01  -0.999900E+04  -0.999900E+04  -0.999900E+04  -0.999900E+04
   0.100000E+01   0.400000E+01   0.408420E+05   0.265033E+06   0.100000E+01   0.400000E+01   0.408420E+05   0.265033E+06   0.186515E+03  -0.999900E+04  -0.999900E+04  -0.999900E+04  -0.999900E+04   0.186515E+03  -0.999900E+04  -0.999900E+04  -0.999900E+04  -0.999900E+04   0.186073E+03   0.942402E+02   0.346904E+00   0.760167E+01   0.150000E+02   0.441888E+00  -0.999900E+04  -0.999900E+04  -0.999900E+04  -0.999900E+04   0.337535E+01  -0.999900E+04  -0.999900E+04  -0.999900E+04  -0.999900E+04
   0.100000E+01   0.400000E+01   0.408730E+05   0.265035E+06   0.100000E+01   0.400000E+01   0.408730E+05   0.265035E+06   0.186468E+03  -0.999900E+04  -0.999900E+04  -0.999900E+04  -0.999900E+04   0.186468E+03  -0.999900E+04  -0.999900E+04  -0.999900E+04  -0.999900E+04   0.186049E+03   0.942351E+02   0.343315E+00   0.760167E+01   0.150000E+02   0.418941E+00  -0.999900E+04  -0.999900E+04  -0.999900E+04  -0.999900E+04   0.320007E+01  -0.999900E+04  -0.999900E+04  -0.999900E+04  -0.999900E+04
   0.100000E+01   0.400000E+01   0.409040E+05   0.265058E+06   0.100000E+01   0.400000E+01   0.409040E+05   0.265058E+06   0.186423E+03  -0.999900E+04  -0.999900E+04  -0.999900E+04  -0.999900E+04   0.186423E+03  -0.999900E+04  -0.999900E+04  -0.999900E+04  -0.999900E+04   0.186024E+03   0.942316E+02   0.341356E+00   0.760167E+01   0.150000E+02   0.398908E+00  -0.999900E+04  -0.999900E+04  -0.999900E+04  -0.999900E+04   0.304705E+01  -0.999900E+04  -0.999900E+04  -0.999900E+04  -0.999900E+04
   0.100000E+01   0.400000E+01   0.409360E+05   0.265063E+06   0.100000E+01   0.400000E+01   0.409360E+05   0.265063E+06   0.186403E+03  -0.999900E+04  -0.999900E+04  -0.999900E+04  -0.999900E+04   0.186403E+03  -0.999900E+04  -0.999900E+04  -0.999900E+04  -0.999900E+04   0.185998E+03   0.942265E+02   0.343374E+00   0.790033E+01   0.150000E+02   0.404491E+00  -0.999900E+04  -0.999900E+04  -0.999900E+04  -0.999900E+04   0.308970E+01  -0.999900E+04  -0.999900E+04  -0.999900E+04  -0.999900E+04
   0.100000E+01   0.400000E+01   0.409570E+05   0.265068E+06   0.100000E+01   0.400000E+01   0.409570E+05   0.265068E+06   0.186377E+03  -0.999900E+04  -0.999900E+04  -0.999900E+04  -0.999900E+04   0.186377E+03  -0.999900E+04  -0.999900E+04  -0.999900E+04  -0.999900E+04   0.185982E+03   0.942233E+02   0.337679E+00   0.790033E+01   0.150000E+02   0.395324E+00  -0.999900E+04  -0.999900E+04  -0.999900E+04  -0.999900E+04   0.301967E+01  -0.999900E+04  -0.999900E+04  -0.999900E+04  -0.999900E+04
   0.100000E+01   0.400000E+01   0.409790E+05   0.265065E+06   0.100000E+01   0.400000E+01   0.409790E+05   0.265065E+06   0.186355E+03  -0.999900E+04  -0.999900E+04  -0.999900E+04  -0.999900E+04   0.186355E+03  -0.999900E+04  -0.999900E+04  -0.999900E+04  -0.999900E+04   0.185967E+03   0.942193E+02   0.324405E+00   0.790033E+01   0.150000E+02   0.387968E+00  -0.999900E+04  -0.999900E+04  -0.999900E+04  -0.999900E+04   0.296348E+01  -0.999900E+04  -0.999900E+04  -0.999900E+04  -0.999900E+04
   0.100000E+01   0.400000E+01   0.410010E+05   0.265083E+06   0.100000E+01   0.400000E+01   0.410010E+05   0.265083E+06   0.186315E+03  -0.999900E+04  -0.999900E+04  -0.999900E+04  -0.999900E+04   0.186315E+03  -0.999900E+04  -0.999900E+04  -0.999900E+04  -0.999900E+04   0.185953E+03   0.942169E+02   0.314151E+00   0.790033E+01   0.150000E+02   0.361832E+00  -0.999900E+04  -0.999900E+04  -0.999900E+04  -0.999900E+04   0.276384E+01  -0.999900E+04  -0.999900E+04  -0.999900E+04  -0.999900E+04
   0.100000E+01   0.400000E+01   0.410230E+05   0.265078E+06   0.100000E+01   0.400000E+01   0.410230E+05   0.265078E+06   0.186312E+03  -0.999900E+04  -0.999900E+04  -0.999900E+04  -0.999900E+04   0.186312E+03  -0.999900E+04  -0.999900E+04  -0.999900E+04  -0.999900E+04   0.185940E+03   0.942123E+02   0.311436E+00   0.824061E+01   0.150000E+02   0.372277E+00  -0.999900E+04  -0.999900E+04  -0.999900E+04  -0.999900E+04   0.284363E+01  -0.999900E+04  -0.999900E+04  -0.999900E+04  -0.999900E+04
   0.100000E+01   0.400000E+01   0.410670E+05   0.265090E+06   0.100000E+01   0.400000E+01   0.410670E+05   0.265090E+06   0.186303E+03  -0.999900E+04  -0.999900E+04  -0.999900E+04  -0.999900E+04   0.186303E+03  -0.999900E+04  -0.999900E+04  -0.999900E+04  -0.999900E+04   0.185917E+03   0.942049E+02   0.306936E+00   0.824061E+01   0.150000E+02   0.385957E+00  -0.999900E+04  -0.999900E+04  -0.999900E+04  -0.999900E+04   0.294812E+01  -0.999900E+04  -0.999900E+04  -0.999900E+04  -0.999900E+04
   0.100000E+01   0.400000E+01   0.411110E+05   0.265105E+06   0.100000E+01   0.400000E+01   0.411110E+05   0.265105E+06   0.186285E+03  -0.999900E+04  -0.999900E+04  -0.999900E+04  -0.999900E+04   0.186285E+03  -0.999900E+04  -0.999900E+04  -0.999900E+04  -0.999900E+04   0.185894E+03   0.941983E+02   0.309911E+00   0.824061E+01   0.150000E+02   0.391498E+00  -0.999900E+04  -0.999900E+04  -0.999900E+04  -0.999900E+04   0.299045E+01  -0.999900E+04  -0.999900E+04  -0.999900E+04  -0.999900E+04
   0.100000E+01   0.400000E+01   0.411440E+05   0.265115E+06   0.100000E+01   0.400000E+01   0.411440E+05   0.265115E+06   0.186275E+03  -0.999900E+04  -0.999900E+04  -0.999900E+04  -0.999900E+04   0.186275E+03  -0.999900E+04  -0.999900E+04  -0.999900E+04  -0.999900E+04   0.185878E+03   0.941931E+02   0.294220E+00   0.862382E+01   0.150000E+02   0.396668E+00  -0.999900E+04  -0.999900E+04  -0.999900E+04  -0.999900E+04   0.302994E+01  -0.999900E+04  -0.999900E+04  -0.999900E+04  -0.999900E+04
   0.100000E+01   0.400000E+01   0.411770E+05   0.265144E+06   0.100000E+01   0.400000E+01   0.411770E+05   0.265144E+06   0.186245E+03  -0.999900E+04  -0.999900E+04  -0.999900E+04  -0.999900E+04   0.186245E+03  -0.999900E+04  -0.999900E+04  -0.999900E+04  -0.999900E+04   0.185866E+03   0.941891E+02   0.272462E+00   0.862382E+01   0.150000E+02   0.379176E+00  -0.999900E+04  -0.999900E+04  -0.999900E+04  -0.999900E+04   0.289633E+01  -0.999900E+04  -0.999900E+04  -0.999900E+04  -0.999900E+04
   0.100000E+01   0.500000E+01   0.412270E+05   0.265156E+06   0.100000E+01   0.500000E+01   0.412270E+05   0.265156E+06   0.186202E+03  -0.999900E+04  -0.999900E+04  -0.999900E+04  -0.999900E+04   0.186202E+03  -0.999900E+04  -0.999900E+04  -0.999900E+04  -0.999900E+04   0.185852E+03   0.941794E+02   0.263216E+00   0.162539E+02   0.150000E+02   0.350380E+00  -0.999900E+04  -0.999900E+04  -0.999900E+04  -0.999900E+04   0.267637E+01  -0.999900E+04  -0.999900E+04  -0.999900E+04  -0.999900E+04
   0.100000E+01   0.500000E+01   0.412440E+05   0.265164E+06   0.100000E+01   0.500000E+01   0.412440E+05   0.265164E+06   0.186170E+03  -0.999900E+04  -0.999900E+04  -0.999900E+04  -0.999900E+04   0.186170E+03  -0.999900E+04  -0.999900E+04  -0.999900E+04  -0.999900E+04   0.185851E+03   0.941764E+02   0.258619E+00   0.162539E+02   0.150000E+02   0.319427E+00  -0.999900E+04  -0.999900E+04  -0.999900E+04  -0.999900E+04   0.243993E+01  -0.999900E+04  -0.999900E+04  -0.999900E+04  -0.999900E+04
   0.100000E+01   0.500000E+01   0.412610E+05   0.265164E+06   0.100000E+01   0.500000E+01   0.412610E+05   0.265164E+06   0.186115E+03  -0.999900E+04  -0.999900E+04  -0.999900E+04  -0.999900E+04   0.186115E+03  -0.999900E+04  -0.999900E+04  -0.999900E+04  -0.999900E+04   0.185849E+03   0.941726E+02   0.254601E+00   0.162539E+02   0.150000E+02   0.265968E+00  -0.999900E+04  -0.999900E+04  -0.999900E+04  -0.999900E+04   0.203159E+01  -0.999900E+04  -0.999900E+04  -0.999900E+04  -0.999900E+04
   0.100000E+01   0.500000E+01   0.412770E+05   0.265179E+06   0.100000E+01   0.500000E+01   0.412770E+05   0.265179E+06   0.186055E+03  -0.999900E+04  -0.999900E+04  -0.999900E+04  -0.999900E+04   0.186055E+03  -0.999900E+04  -0.999900E+04  -0.999900E+04  -0.999900E+04   0.185848E+03   0.941702E+02   0.252885E+00   0.162539E+02   0.150000E+02   0.207430E+00  -0.999900E+04  -0.999900E+04  -0.999900E+04  -0.999900E+04   0.158445E+01  -0.999900E+04  -0.999900E+04  -0.999900E+04  -0.999900E+04
   0.100000E+01   0.500000E+01   0.412940E+05   0.265176E+06   0.100000E+01   0.500000E+01   0.412940E+05   0.265176E+06   0.186012E+03  -0.999900E+04  -0.999900E+04  -0.999900E+04  -0.999900E+04   0.186012E+03  -0.999900E+04  -0.999900E+04  -0.999900E+04  -0.999900E+04   0.185846E+03   0.941660E+02   0.248113E+00   0.162539E+02   0.150000E+02   0.166627E+00  -0.999900E+04  -0.999900E+04  -0.999900E+04  -0.999900E+04   0.127278E+01  -0.999900E+04  -0.999900E+04  -0.999900E+04  -0.999900E+04
   0.100000E+01   0.500000E+01   0.413110E+05   0.265179E+06   0.100000E+01   0.500000E+01   0.413110E+05   0.265179E+06   0.185993E+03  -0.999900E+04  -0.999900E+04  -0.999900E+04  -0.999900E+04   0.185993E+03  -0.999900E+04  -0.999900E+04  -0.999900E+04  -0.999900E+04   0.185843E+03   0.941622E+02   0.253576E+00   0.100873E+02   0.150000E+02   0.149767E+00  -0.999900E+04  -0.999900E+04  -0.999900E+04  -0.999900E+04   0.114399E+01  -0.999900E+04  -0.999900E+04  -0.999900E+04  -0.999900E+04
   0.100000E+01   0.500000E+01   0.413270E+05   0.265189E+06   0.100000E+01   0.500000E+01   0.413270E+05   0.265189E+06   0.185970E+03  -0.999900E+04  -0.999900E+04  -0.999900E+04  -0.999900E+04   0.185970E+03  -0.999900E+04  -0.999900E+04  -0.999900E+04  -0.999900E+04   0.185839E+03   0.941593E+02   0.252395E+00   0.100873E+02   0.150000E+02   0.131360E+00  -0.999900E+04  -0.999900E+04  -0.999900E+04  -0.999900E+04   0.100339E+01  -0.999900E+04  -0.999900E+04  -0.999900E+04  -0.999900E+04
   0.100000E+01   0.500000E+01   0.413440E+05   0.265191E+06   0.100000E+01   0.500000E+01   0.413440E+05   0.265191E+06   0.185945E+03  -0.999900E+04  -0.999900E+04  -0.999900E+04  -0.999900E+04   0.185945E+03  -0.999900E+04  -0.999900E+04  -0.999900E+04  -0.999900E+04   0.185834E+03   0.941554E+02   0.248949E+00   0.100873E+02   0.150000E+02   0.110614E+00  -0.999900E+04  -0.999900E+04  -0.999900E+04  -0.999900E+04   0.844925E+00  -0.999900E+04  -0.999900E+04  -0.999900E+04  -0.999900E+04
   0.100000E+01   0.500000E+01   0.413610E+05   0.265196E+06   0.100000E+01   0.500000E+01   0.413610E+05   0.265196E+06   0.185893E+03  -0.999900E+04  -0.999900E+04  -0.999900E+04  -0.999900E+04   0.185893E+03  -0.999900E+04  -0.999900E+04  -0.999900E+04  -0.999900E+04   0.185830E+03   0.941518E+02   0.244384E+00   0.100873E+02   0.150000E+02   0.620452E-01  -0.999900E+04  -0.999900E+04  -0.999900E+04  -0.999900E+04   0.473931E+00  -0.999900E+04  -0.999900E+04  -0.999900E+04  -0.999900E+04
   0.100000E+01   0.500000E+01   0.413770E+05   0.265191E+06   0.100000E+01   0.500000E+01   0.413770E+05   0.265191E+06   0.185863E+03  -0.999900E+04  -0.999900E+04  -0.999900E+04  -0.999900E+04   0.185863E+03  -0.999900E+04  -0.999900E+04  -0.999900E+04  -0.999900E+04   0.185827E+03   0.941476E+02   0.239261E+00   0.100873E+02   0.150000E+02   0.355302E-01  -0.999900E+04  -0.999900E+04  -0.999900E+04  -0.999900E+04   0.271396E+00  -0.999900E+04  -0.999900E+04  -0.999900E+04  -0.999900E+04
   0.100000E+01   0.500000E+01   0.413940E+05   0.265196E+06   0.100000E+01   0.500000E+01   0.413940E+05   0.265196E+06   0.185812E+03  -0.999900E+04  -0.999900E+04  -0.999900E+04  -0.999900E+04   0.185812E+03  -0.999900E+04  -0.999900E+04  -0.999900E+04  -0.999900E+04   0.185813E+03   0.941439E+02   0.235182E+00   0.392069E+01   0.150000E+02  -0.926005E-03  -0.999900E+04  -0.999900E+04  -0.999900E+04  -0.999900E+04  -0.707327E-02  -0.999900E+04  -0.999900E+04  -0.999900E+04  -0.999900E+04
   0.100000E+01   0.500000E+01   0.414110E+05   0.265209E+06   0.100000E+01   0.500000E+01   0.414110E+05   0.265209E+06   0.185773E+03  -0.999900E+04  -0.999900E+04  -0.999900E+04  -0.999900E+04   0.185773E+03  -0.999900E+04  -0.999900E+04  -0.999900E+04  -0.999900E+04   0.185791E+03   0.941407E+02   0.232433E+00   0.392069E+01   0.150000E+02  -0.180228E-01  -0.999900E+04  -0.999900E+04  -0.999900E+04  -0.999900E+04  -0.137667E+00  -0.999900E+04  -0.999900E+04  -0.999900E+04  -0.999900E+04
   0.100000E+01   0.500000E+01   0.414270E+05   0.265204E+06   0.100000E+01   0.500000E+01   0.414270E+05   0.265204E+06   0.185740E+03  -0.999900E+04  -0.999900E+04  -0.999900E+04  -0.999900E+04   0.185740E+03  -0.999900E+04  -0.999900E+04  -0.999900E+04  -0.999900E+04   0.185770E+03   0.941356E+02   0.230145E+00   0.392069E+01   0.150000E+02  -0.296885E-01  -0.999900E+04  -0.999900E+04  -0.999900E+04  -0.999900E+04  -0.226775E+00  -0.999900E+04  -0.999900E+04  -0.999900E+04  -0.999900E+04
   0.100000E+01   0.500000E+01   0.414440E+05   0.265214E+06   0.100000E+01   0.500000E+01   0.414440E+05   0.265214E+06   0.185710E+03  -0.999900E+04  -0.999900E+04  -0.999900E+04  -0.999900E+04   0.185710E+03  -0.999900E+04  -0.999900E+04  -0.999900E+04  -0.999900E+04   0.185748E+03   0.941317E+02   0.229255E+00   0.392069E+01   0.150000E+02  -0.380484E-01  -0.999900E+04  -0.999900E+04  -0.999900E+04  -0.999900E+04  -0.290631E+00  -0.999900E+04  -0.999900E+04  -0.999900E+04  -0.999900E+04
   0.200000E+01   0.300000E+01   0.270000E+05   0.259200E+06   0.200000E+01   0.300000E+01   0.270000E+05   0.259200E+06   0.182617E+03  -0.999900E+04  -0.999900E+04  -0.999900E+04  -0.999900E+04   0.182617E+03  -0.999900E+04  -0.999900E+04  -0.999900E+04  -0.999900E+04   0.182393E+03   0.671339E+03   0.802649E+00   0.367389E+02   0.200000E+02   0.223922E+00  -0.999900E+04  -0.999900E+04  -0.999900E+04  -0.999900E+04   0.171042E+01  -0.999900E+04  -0.999900E+04  -0.999900E+04  -0.999900E+04
   0.200000E+01   0.300000E+01   0.276000E+05   0.259200E+06   0.200000E+01   0.300000E+01   0.276000E+05   0.259200E+06   0.182620E+03  -0.999900E+04  -0.999900E+04  -0.999900E+04  -0.999900E+04   0.182620E+03  -0.999900E+04  -0.999900E+04  -0.999900E+04  -0.999900E+04   0.182436E+03   0.671380E+03   0.955664E+00   0.363021E+02   0.200000E+02   0.183499E+00  -0.999900E+04  -0.999900E+04  -0.999900E+04  -0.999900E+04   0.140165E+01  -0.999900E+04  -0.999900E+04  -0.999900E+04  -0.999900E+04
   0.200000E+01   0.300000E+01   0.276500E+05   0.259200E+06   0.200000E+01   0.300000E+01   0.276500E+05   0.259200E+06   0.182633E+03  -0.999900E+04  -0.999900E+04  -0.999900E+04  -0.999900E+04   0.182633E+03  -0.999900E+04  -0.999900E+04  -0.999900E+04  -0.999900E+04   0.182441E+03   0.671393E+03   0.965917E+00   0.361928E+02   0.200000E+02   0.191938E+00  -0.999900E+04  -0.999900E+04  -0.999900E+04  -0.999900E+04   0.146611E+01  -0.999900E+04  -0.999900E+04  -0.999900E+04  -0.999900E+04
   0.200000E+01   0.300000E+01   0.277000E+05   0.259200E+06   0.200000E+01   0.300000E+01   0.277000E+05   0.259200E+06   0.182627E+03  -0.999900E+04  -0.999900E+04  -0.999900E+04  -0.999900E+04   0.182627E+03  -0.999900E+04  -0.999900E+04  -0.999900E+04  -0.999900E+04   0.182446E+03   0.671407E+03   0.980046E+00   0.361928E+02   0.200000E+02   0.181928E+00  -0.999900E+04  -0.999900E+04  -0.999900E+04  -0.999900E+04   0.138965E+01  -0.999900E+04  -0.999900E+04  -0.999900E+04  -0.999900E+04
   0.200000E+01   0.300000E+01   0.277500E+05   0.259200E+06   0.200000E+01   0.300000E+01   0.277500E+05   0.259200E+06   0.182634E+03  -0.999900E+04  -0.999900E+04  -0.999900E+04  -0.999900E+04   0.182634E+03  -0.999900E+04  -0.999900E+04  -0.999900E+04  -0.999900E+04   0.182450E+03   0.671422E+03   0.997422E+00   0.361928E+02   0.200000E+02   0.184578E+00  -0.999900E+04  -0.999900E+04  -0.999900E+04  -0.999900E+04   0.140989E+01  -0.999900E+04  -0.999900E+04  -0.999900E+04  -0.999900E+04
   0.200000E+01   0.300000E+01   0.278000E+05   0.259200E+06   0.200000E+01   0.300000E+01   0.278000E+05   0.259200E+06   0.182642E+03  -0.999900E+04  -0.999900E+04  -0.999900E+04  -0.999900E+04   0.182642E+03  -0.999900E+04  -0.999900E+04  -0.999900E+04  -0.999900E+04   0.182454E+03   0.671439E+03   0.101694E+01   0.360836E+02   0.200000E+02   0.188665E+00  -0.999900E+04  -0.999900E+04  -0.999900E+04  -0.999900E+04   0.144111E+01  -0.999900E+04  -0.999900E+04  -0.999900E+04  -0.999900E+04
   0.200000E+01   0.300000E+01   0.279000E+05   0.259200E+06   0.200000E+01   0.300000E+01   0.279000E+05   0.259200E+06   0.182648E+03  -0.999900E+04  -0.999900E+04  -0.999900E+04  -0.999900E+04   0.182648E+03  -0.999900E+04  -0.999900E+04  -0.999900E+04  -0.999900E+04   0.182462E+03   0.671473E+03   0.105456E+01   0.360836E+02   0.200000E+02   0.185250E+00  -0.999900E+04  -0.999900E+04  -0.999900E+04  -0.999900E+04   0.141503E+01  -0.999900E+04  -0.999900E+04  -0.999900E+04  -0.999900E+04
   0.200000E+01   0.300000E+01   0.279500E+05   0.259200E+06   0.200000E+01   0.300000E+01   0.279500E+05   0.259200E+06   0.182655E+03  -0.999900E+04  -0.999900E+04  -0.999900E+04  -0.999900E+04   0.182655E+03  -0.999900E+04  -0.999900E+04  -0.999900E+04  -0.999900E+04   0.182467E+03   0.671491E+03   0.106691E+01   0.359744E+02   0.200000E+02   0.187423E+00  -0.999900E+04  -0.999900E+04  -0.999900E+04  -0.999900E+04   0.143163E+01  -0.999900E+04  -0.999900E+04  -0.999900E+04  -0.999900E+04
   0.200000E+01   0.300000E+01   0.285000E+05   0.259200E+06   0.200000E+01   0.300000E+01   0.285000E+05   0.259200E+06   0.182738E+03  -0.999900E+04  -0.999900E+04  -0.999900E+04  -0.999900E+04   0.182738E+03  -0.999900E+04  -0.999900E+04  -0.999900E+04  -0.999900E+04   0.182559E+03   0.671897E+03   0.111992E+01   0.356468E+02   0.200000E+02   0.178979E+00  -0.999900E+04  -0.999900E+04  -0.999900E+04  -0.999900E+04   0.136713E+01  -0.999900E+04  -0.999900E+04  -0.999900E+04  -0.999900E+04
   0.200000E+01   0.300000E+01   0.286250E+05   0.259200E+06   0.200000E+01   0.300000E+01   0.286250E+05   0.259200E+06   0.182741E+03  -0.999900E+04  -0.999900E+04  -0.999900E+04  -0.999900E+04   0.182741E+03  -0.999900E+04  -0.999900E+04  -0.999900E+04  -0.999900E+04   0.182591E+03   0.672069E+03   0.110670E+01   0.355376E+02   0.200000E+02   0.150119E+00  -0.999900E+04  -0.999900E+04  -0.999900E+04  -0.999900E+04   0.114668E+01  -0.999900E+04  -0.999900E+04  -0.999900E+04  -0.999900E+04
   0.200000E+01   0.300000E+01   0.287500E+05   0.259200E+06   0.200000E+01   0.300000E+01   0.287500E+05   0.259200E+06   0.182750E+03  -0.999900E+04  -0.999900E+04  -0.999900E+04  -0.999900E+04   0.182750E+03  -0.999900E+04  -0.999900E+04  -0.999900E+04  -0.999900E+04   0.182620E+03   0.672258E+03   0.109025E+01   0.354284E+02   0.200000E+02   0.130719E+00  -0.999900E+04  -0.999900E+04  -0.999900E+04  -0.999900E+04   0.998490E+00  -0.999900E+04  -0.999900E+04  -0.999900E+04  -0.999900E+04
   0.200000E+01   0.300000E+01   0.288750E+05   0.259200E+06   0.200000E+01   0.300000E+01   0.288750E+05   0.259200E+06   0.182783E+03  -0.999900E+04  -0.999900E+04  -0.999900E+04  -0.999900E+04   0.182783E+03  -0.999900E+04  -0.999900E+04  -0.999900E+04  -0.999900E+04   0.182645E+03   0.672451E+03   0.107022E+01   0.353191E+02   0.200000E+02   0.138042E+00  -0.999900E+04  -0.999900E+04  -0.999900E+04  -0.999900E+04   0.105443E+01  -0.999900E+04  -0.999900E+04  -0.999900E+04  -0.999900E+04
   0.200000E+01   0.300000E+01   0.290000E+05   0.259200E+06   0.200000E+01   0.300000E+01   0.290000E+05   0.259200E+06   0.182823E+03  -0.999900E+04  -0.999900E+04  -0.999900E+04  -0.999900E+04   0.182823E+03  -0.999900E+04  -0.999900E+04  -0.999900E+04  -0.999900E+04   0.182667E+03   0.672646E+03   0.105654E+01   0.352099E+02   0.200000E+02   0.156881E+00  -0.999900E+04  -0.999900E+04  -0.999900E+04  -0.999900E+04   0.119833E+01  -0.999900E+04  -0.999900E+04  -0.999900E+04  -0.999900E+04
   0.200000E+01   0.300000E+01   0.291250E+05   0.259200E+06   0.200000E+01   0.300000E+01   0.291250E+05   0.259200E+06   0.182872E+03  -0.999900E+04  -0.999900E+04  -0.999900E+04  -0.999900E+04   0.182872E+03  -0.999900E+04  -0.999900E+04  -0.999900E+04  -0.999900E+04   0.182680E+03   0.672862E+03   0.114412E+01   0.351007E+02   0.200000E+02   0.192697E+00  -0.999900E+04  -0.999900E+04  -0.999900E+04  -0.999900E+04   0.147191E+01  -0.999900E+04  -0.999900E+04  -0.999900E+04  -0.999900E+04
   0.200000E+01   0.300000E+01   0.295000E+05   0.259200E+06   0.200000E+01   0.300000E+01   0.295000E+05   0.259200E+06   0.182995E+03  -0.999900E+04  -0.999900E+04  -0.999900E+04  -0.999900E+04   0.182995E+03  -0.999900E+04  -0.999900E+04  -0.999900E+04  -0.999900E+04   0.182815E+03   0.673726E+03   0.131748E+01   0.348823E+02   0.200000E+02   0.180555E+00  -0.999900E+04  -0.999900E+04  -0.999900E+04  -0.999900E+04   0.137917E+01  -0.999900E+04  -0.999900E+04  -0.999900E+04  -0.999900E+04
   0.200000E+01   0.300000E+01   0.305000E+05   0.259200E+06   0.200000E+01   0.300000E+01   0.305000E+05   0.259200E+06   0.183182E+03  -0.999900E+04  -0.999900E+04  -0.999900E+04  -0.999900E+04   0.183182E+03  -0.999900E+04  -0.999900E+04  -0.999900E+04  -0.999900E+04   0.183188E+03   0.677226E+03   0.134255E+01   0.341178E+02   0.200000E+02  -0.586621E-02  -0.999900E+04  -0.999900E+04  -0.999900E+04  -0.999900E+04  -0.448089E-01  -0.999900E+04  -0.999900E+04  -0.999900E+04  -0.999900E+04
   0.200000E+01   0.300000E+01   0.305250E+05   0.259200E+06   0.200000E+01   0.300000E+01   0.305250E+05   0.259200E+06   0.183176E+03  -0.999900E+04  -0.999900E+04  -0.999900E+04  -0.999900E+04   0.183176E+03  -0.999900E+04  -0.999900E+04  -0.999900E+04  -0.999900E+04   0.183194E+03   0.677284E+03   0.133840E+01   0.341178E+02   0.200000E+02  -0.180545E-01  -0.999900E+04  -0.999900E+04  -0.999900E+04  -0.999900E+04  -0.137909E+00  -0.999900E+04  -0.999900E+04  -0.999900E+04  -0.999900E+04
   0.200000E+01   0.300000E+01   0.305500E+05   0.259200E+06   0.200000E+01   0.300000E+01   0.305500E+05   0.259200E+06   0.183202E+03  -0.999900E+04  -0.999900E+04  -0.999900E+04  -0.999900E+04   0.183202E+03  -0.999900E+04  -0.999900E+04  -0.999900E+04  -0.999900E+04   0.183201E+03   0.677343E+03   0.133051E+01   0.341178E+02   0.200000E+02   0.189270E-02  -0.999900E+04  -0.999900E+04  -0.999900E+04  -0.999900E+04   0.144573E-01  -0.999900E+04  -0.999900E+04  -0.999900E+04  -0.999900E+04
   0.200000E+01   0.300000E+01   0.306000E+05   0.259200E+06   0.200000E+01   0.300000E+01   0.306000E+05   0.259200E+06   0.183228E+03  -0.999900E+04  -0.999900E+04  -0.999900E+04  -0.999900E+04   0.183228E+03  -0.999900E+04  -0.999900E+04  -0.999900E+04  -0.999900E+04   0.183215E+03   0.677470E+03   0.131234E+01   0.340086E+02   0.200000E+02   0.137767E-01  -0.999900E+04  -0.999900E+04  -0.999900E+04  -0.999900E+04   0.105233E+00  -0.999900E+04  -0.999900E+04  -0.999900E+04  -0.999900E+04
   0.200000E+01   0.300000E+01   0.306500E+05   0.259200E+06   0.200000E+01   0.300000E+01   0.306500E+05   0.259200E+06   0.183220E+03  -0.999900E+04  -0.999900E+04  -0.999900E+04  -0.999900E+04   0.183220E+03  -0.999900E+04  -0.999900E+04  -0.999900E+04  -0.999900E+04   0.183228E+03   0.677610E+03   0.130230E+01   0.340086E+02   0.200000E+02  -0.791890E-02  -0.999900E+04  -0.999900E+04  -0.999900E+04  -0.999900E+04  -0.604883E-01  -0.999900E+04  -0.999900E+04  -0.999900E+04  -0.999900E+04
   0.200000E+01   0.300000E+01   0.307250E+05   0.259200E+06   0.200000E+01   0.300000E+01   0.307250E+05   0.259200E+06   0.183234E+03  -0.999900E+04  -0.999900E+04  -0.999900E+04  -0.999900E+04   0.183234E+03  -0.999900E+04  -0.999900E+04  -0.999900E+04  -0.999900E+04   0.183248E+03   0.677844E+03   0.130315E+01   0.338994E+02   0.200000E+02  -0.139673E-01  -0.999900E+04  -0.999900E+04  -0.999900E+04  -0.999900E+04  -0.106689E+00  -0.999900E+04  -0.999900E+04  -0.999900E+04  -0.999900E+04
   0.200000E+01   0.300000E+01   0.307500E+05   0.259200E+06   0.200000E+01   0.300000E+01   0.307500E+05   0.259200E+06   0.183231E+03  -0.999900E+04  -0.999900E+04  -0.999900E+04  -0.999900E+04   0.183231E+03  -0.999900E+04  -0.999900E+04  -0.999900E+04  -0.999900E+04   0.183256E+03   0.677926E+03   0.130199E+01   0.338994E+02   0.200000E+02  -0.251458E-01  -0.999900E+04  -0.999900E+04  -0.999900E+04  -0.999900E+04  -0.192075E+00  -0.999900E+04  -0.999900E+04  -0.999900E+04  -0.999900E+04
   0.200000E+01   0.300000E+01   0.310000E+05   0.259200E+06   0.200000E+01   0.300000E+01   0.310000E+05   0.259200E+06   0.183300E+03  -0.999900E+04  -0.999900E+04  -0.999900E+04  -0.999900E+04   0.183300E+03  -0.999900E+04  -0.999900E+04  -0.999900E+04  -0.999900E+04   0.183342E+03   0.678733E+03   0.140565E+01   0.336810E+02   0.200000E+02  -0.411443E-01  -0.999900E+04  -0.999900E+04  -0.999900E+04  -0.999900E+04  -0.314280E+00  -0.999900E+04  -0.999900E+04  -0.999900E+04  -0.999900E+04
   0.200000E+01   0.300000E+01   0.313500E+05   0.259200E+06   0.200000E+01   0.300000E+01   0.313500E+05   0.259200E+06   0.183382E+03  -0.999900E+04  -0.999900E+04  -0.999900E+04  -0.999900E+04   0.183382E+03  -0.999900E+04  -0.999900E+04  -0.999900E+04  -0.999900E+04   0.183434E+03   0.679769E+03   0.164837E+01   0.334625E+02   0.200000E+02  -0.522531E-01  -0.999900E+04  -0.999900E+04  -0.999900E+04  -0.999900E+04  -0.399134E+00  -0.999900E+04  -0.999900E+04  -0.999900E+04  -0.999900E+04
   0.200000E+01   0.300000E+01   0.314000E+05   0.259200E+06   0.200000E+01   0.300000E+01   0.314000E+05   0.259200E+06   0.183412E+03  -0.999900E+04  -0.999900E+04  -0.999900E+04  -0.999900E+04   0.183412E+03  -0.999900E+04  -0.999900E+04  -0.999900E+04  -0.999900E+04   0.183438E+03   0.679922E+03   0.178354E+01   0.334625E+02   0.200000E+02  -0.252763E-01  -0.999900E+04  -0.999900E+04  -0.999900E+04  -0.999900E+04  -0.193072E+00  -0.999900E+04  -0.999900E+04  -0.999900E+04  -0.999900E+04
   0.200000E+01   0.300000E+01   0.314500E+05   0.259200E+06   0.200000E+01   0.300000E+01   0.314500E+05   0.259200E+06   0.183470E+03  -0.999900E+04  -0.999900E+04  -0.999900E+04  -0.999900E+04   0.183470E+03  -0.999900E+04  -0.999900E+04  -0.999900E+04  -0.999900E+04   0.183447E+03   0.680078E+03   0.192566E+01   0.333533E+02   0.200000E+02   0.228006E-01  -0.999900E+04  -0.999900E+04  -0.999900E+04  -0.999900E+04   0.174162E+00  -0.999900E+04  -0.999900E+04  -0.999900E+04  -0.999900E+04
   0.200000E+01   0.300000E+01   0.316250E+05   0.259200E+06   0.200000E+01   0.300000E+01   0.316250E+05   0.259200E+06   0.183492E+03  -0.999900E+04  -0.999900E+04  -0.999900E+04  -0.999900E+04   0.183492E+03  -0.999900E+04  -0.999900E+04  -0.999900E+04  -0.999900E+04   0.183604E+03   0.680675E+03   0.192183E+01   0.332441E+02   0.200000E+02  -0.112255E+00  -0.999900E+04  -0.999900E+04  -0.999900E+04  -0.999900E+04  -0.857456E+00  -0.999900E+04  -0.999900E+04  -0.999900E+04  -0.999900E+04
   0.200000E+01   0.300000E+01   0.317500E+05   0.259200E+06   0.200000E+01   0.300000E+01   0.317500E+05   0.259200E+06   0.183515E+03  -0.999900E+04  -0.999900E+04  -0.999900E+04  -0.999900E+04   0.183515E+03  -0.999900E+04  -0.999900E+04  -0.999900E+04  -0.999900E+04   0.183732E+03   0.681171E+03   0.183650E+01   0.331349E+02   0.200000E+02  -0.217368E+00  -0.999900E+04  -0.999900E+04  -0.999900E+04  -0.999900E+04  -0.166036E+01  -0.999900E+04  -0.999900E+04  -0.999900E+04  -0.999900E+04
   0.200000E+01   0.300000E+01   0.318750E+05   0.259200E+06   0.200000E+01   0.300000E+01   0.318750E+05   0.259200E+06   0.183702E+03  -0.999900E+04  -0.999900E+04  -0.999900E+04  -0.999900E+04   0.183702E+03  -0.999900E+04  -0.999900E+04  -0.999900E+04  -0.999900E+04   0.183831E+03   0.681681E+03   0.188442E+01   0.330257E+02   0.200000E+02  -0.128166E+00  -0.999900E+04  -0.999900E+04  -0.999900E+04  -0.999900E+04  -0.978996E+00  -0.999900E+04  -0.999900E+04  -0.999900E+04  -0.999900E+04
   0.200000E+01   0.300000E+01   0.320000E+05   0.259200E+06   0.200000E+01   0.300000E+01   0.320000E+05   0.259200E+06   0.183876E+03  -0.999900E+04  -0.999900E+04  -0.999900E+04  -0.999900E+04   0.183876E+03  -0.999900E+04  -0.999900E+04  -0.999900E+04  -0.999900E+04   0.183937E+03   0.682163E+03   0.186971E+01   0.330257E+02   0.200000E+02  -0.608322E-01  -0.999900E+04  -0.999900E+04  -0.999900E+04  -0.999900E+04  -0.464665E+00  -0.999900E+04  -0.999900E+04  -0.999900E+04  -0.999900E+04
   0.200000E+01   0.300000E+01   0.321250E+05   0.259200E+06   0.200000E+01   0.300000E+01   0.321250E+05   0.259200E+06   0.183926E+03  -0.999900E+04  -0.999900E+04  -0.999900E+04  -0.999900E+04   0.183926E+03  -0.999900E+04  -0.999900E+04  -0.999900E+04  -0.999900E+04   0.184011E+03   0.682643E+03   0.203603E+01   0.329165E+02   0.200000E+02  -0.856068E-01  -0.999900E+04  -0.999900E+04  -0.999900E+04  -0.999900E+04  -0.653905E+00  -0.999900E+04  -0.999900E+04  -0.999900E+04  -0.999900E+04
   0.200000E+01   0.300000E+01   0.323750E+05   0.259200E+06   0.200000E+01   0.300000E+01   0.323750E+05   0.259200E+06   0.184131E+03  -0.999900E+04  -0.999900E+04  -0.999900E+04  -0.999900E+04   0.184131E+03  -0.999900E+04  -0.999900E+04  -0.999900E+04  -0.999900E+04   0.184305E+03   0.683633E+03   0.196318E+01   0.326981E+02   0.200000E+02  -0.174011E+00  -0.999900E+04  -0.999900E+04  -0.999900E+04  -0.999900E+04  -0.132918E+01  -0.999900E+04  -0.999900E+04  -0.999900E+04  -0.999900E+04
   0.200000E+01   0.300000E+01   0.325000E+05   0.259200E+06   0.200000E+01   0.300000E+01   0.325000E+05   0.259200E+06   0.184208E+03  -0.999900E+04  -0.999900E+04  -0.999900E+04  -0.999900E+04   0.184208E+03  -0.999900E+04  -0.999900E+04  -0.999900E+04  -0.999900E+04   0.184460E+03   0.684197E+03   0.157060E+01   0.325888E+02   0.200000E+02  -0.251951E+00  -0.999900E+04  -0.999900E+04  -0.999900E+04  -0.999900E+04  -0.192452E+01  -0.999900E+04  -0.999900E+04  -0.999900E+04  -0.999900E+04
   0.200000E+01   0.300000E+01   0.326250E+05   0.259200E+06   0.200000E+01   0.300000E+01   0.326250E+05   0.259200E+06   0.184345E+03  -0.999900E+04  -0.999900E+04  -0.999900E+04  -0.999900E+04   0.184345E+03  -0.999900E+04  -0.999900E+04  -0.999900E+04  -0.999900E+04   0.184506E+03   0.684788E+03   0.172693E+01   0.324796E+02   0.200000E+02  -0.161258E+00  -0.999900E+04  -0.999900E+04  -0.999900E+04  -0.999900E+04  -0.123176E+01  -0.999900E+04  -0.999900E+04  -0.999900E+04  -0.999900E+04
   0.200000E+01   0.300000E+01   0.327500E+05   0.259200E+06   0.200000E+01   0.300000E+01   0.327500E+05   0.259200E+06   0.184560E+03  -0.999900E+04  -0.999900E+04  -0.999900E+04  -0.999900E+04   0.184560E+03  -0.999900E+04  -0.999900E+04  -0.999900E+04  -0.999900E+04   0.184597E+03   0.685413E+03   0.179970E+01   0.323704E+02   0.200000E+02  -0.371900E-01  -0.999900E+04  -0.999900E+04  -0.999900E+04  -0.999900E+04  -0.284075E+00  -0.999900E+04  -0.999900E+04  -0.999900E+04  -0.999900E+04
   0.200000E+01   0.300000E+01   0.331250E+05   0.259200E+06   0.200000E+01   0.300000E+01   0.331250E+05   0.259200E+06   0.184730E+03  -0.999900E+04  -0.999900E+04  -0.999900E+04  -0.999900E+04   0.184730E+03  -0.999900E+04  -0.999900E+04  -0.999900E+04  -0.999900E+04   0.184891E+03   0.687531E+03   0.169119E+01   0.321520E+02   0.200000E+02  -0.161659E+00  -0.999900E+04  -0.999900E+04  -0.999900E+04  -0.999900E+04  -0.123483E+01  -0.999900E+04  -0.999900E+04  -0.999900E+04  -0.999900E+04
   0.200000E+01   0.300000E+01   0.333000E+05   0.259200E+06   0.200000E+01   0.300000E+01   0.333000E+05   0.259200E+06   0.184773E+03  -0.999900E+04  -0.999900E+04  -0.999900E+04  -0.999900E+04   0.184773E+03  -0.999900E+04  -0.999900E+04  -0.999900E+04  -0.999900E+04   0.185024E+03   0.688391E+03   0.193965E+01   0.320428E+02   0.200000E+02  -0.251553E+00  -0.999900E+04  -0.999900E+04  -0.999900E+04  -0.999900E+04  -0.192148E+01  -0.999900E+04  -0.999900E+04  -0.999900E+04  -0.999900E+04
   0.200000E+01   0.300000E+01   0.334000E+05   0.259200E+06   0.200000E+01   0.300000E+01   0.334000E+05   0.259200E+06   0.184860E+03  -0.999900E+04  -0.999900E+04  -0.999900E+04  -0.999900E+04   0.184860E+03  -0.999900E+04  -0.999900E+04  -0.999900E+04  -0.999900E+04   0.185136E+03   0.688854E+03   0.186876E+01   0.319336E+02   0.200000E+02  -0.276461E+00  -0.999900E+04  -0.999900E+04  -0.999900E+04  -0.999900E+04  -0.211174E+01  -0.999900E+04  -0.999900E+04  -0.999900E+04  -0.999900E+04
   0.200000E+01   0.300000E+01   0.336250E+05   0.259200E+06   0.200000E+01   0.300000E+01   0.336250E+05   0.259200E+06   0.184994E+03  -0.999900E+04  -0.999900E+04  -0.999900E+04  -0.999900E+04   0.184994E+03  -0.999900E+04  -0.999900E+04  -0.999900E+04  -0.999900E+04   0.185329E+03   0.689909E+03   0.181304E+01   0.317151E+02   0.200000E+02  -0.335400E+00  -0.999900E+04  -0.999900E+04  -0.999900E+04  -0.999900E+04  -0.256194E+01  -0.999900E+04  -0.999900E+04  -0.999900E+04  -0.999900E+04
   0.200000E+01   0.300000E+01   0.337500E+05   0.259200E+06   0.200000E+01   0.300000E+01   0.337500E+05   0.259200E+06   0.185105E+03  -0.999900E+04  -0.999900E+04  -0.999900E+04  -0.999900E+04   0.185105E+03  -0.999900E+04  -0.999900E+04  -0.999900E+04  -0.999900E+04   0.185424E+03   0.690509E+03   0.195780E+01   0.317151E+02   0.200000E+02  -0.318952E+00  -0.999900E+04  -0.999900E+04  -0.999900E+04  -0.999900E+04  -0.243631E+01  -0.999900E+04  -0.999900E+04  -0.999900E+04  -0.999900E+04
   0.200000E+01   0.300000E+01   0.338750E+05   0.259200E+06   0.200000E+01   0.300000E+01   0.338750E+05   0.259200E+06   0.185220E+03  -0.999900E+04  -0.999900E+04  -0.999900E+04  -0.999900E+04   0.185220E+03  -0.999900E+04  -0.999900E+04  -0.999900E+04  -0.999900E+04   0.185551E+03   0.691099E+03   0.211590E+01   0.316059E+02   0.200000E+02  -0.330307E+00  -0.999900E+04  -0.999900E+04  -0.999900E+04  -0.999900E+04  -0.252304E+01  -0.999900E+04  -0.999900E+04  -0.999900E+04  -0.999900E+04
   0.200000E+01   0.300000E+01   0.342000E+05   0.259200E+06   0.200000E+01   0.300000E+01   0.342000E+05   0.259200E+06   0.185304E+03  -0.999900E+04  -0.999900E+04  -0.999900E+04  -0.999900E+04   0.185304E+03  -0.999900E+04  -0.999900E+04  -0.999900E+04  -0.999900E+04   0.185995E+03   0.692500E+03   0.180154E+01   0.313875E+02   0.200000E+02  -0.691755E+00  -0.999900E+04  -0.999900E+04  -0.999900E+04  -0.999900E+04  -0.528395E+01  -0.999900E+04  -0.999900E+04  -0.999900E+04  -0.999900E+04
   0.200000E+01   0.300000E+01   0.342500E+05   0.259200E+06   0.200000E+01   0.300000E+01   0.342500E+05   0.259200E+06   0.185312E+03  -0.999900E+04  -0.999900E+04  -0.999900E+04  -0.999900E+04   0.185312E+03  -0.999900E+04  -0.999900E+04  -0.999900E+04  -0.999900E+04   0.186032E+03   0.692675E+03   0.176009E+01   0.312783E+02   0.200000E+02  -0.720710E+00  -0.999900E+04  -0.999900E+04  -0.999900E+04  -0.999900E+04  -0.550512E+01  -0.999900E+04  -0.999900E+04  -0.999900E+04  -0.999900E+04
   0.200000E+01   0.300000E+01   0.343500E+05   0.259200E+06   0.200000E+01   0.300000E+01   0.343500E+05   0.259200E+06   0.185424E+03  -0.999900E+04  -0.999900E+04  -0.999900E+04  -0.999900E+04   0.185424E+03  -0.999900E+04  -0.999900E+04  -0.999900E+04  -0.999900E+04   0.186074E+03   0.693028E+03   0.186633E+01   0.312783E+02   0.200000E+02  -0.650344E+00  -0.999900E+04  -0.999900E+04  -0.999900E+04  -0.999900E+04  -0.496764E+01  -0.999900E+04  -0.999900E+04  -0.999900E+04  -0.999900E+04
   0.200000E+01   0.300000E+01   0.344000E+05   0.259200E+06   0.200000E+01   0.300000E+01   0.344000E+05   0.259200E+06   0.185553E+03  -0.999900E+04  -0.999900E+04  -0.999900E+04  -0.999900E+04   0.185553E+03  -0.999900E+04  -0.999900E+04  -0.999900E+04  -0.999900E+04   0.186091E+03   0.693208E+03   0.197635E+01   0.311691E+02   0.200000E+02  -0.538312E+00  -0.999900E+04  -0.999900E+04  -0.999900E+04  -0.999900E+04  -0.411188E+01  -0.999900E+04  -0.999900E+04  -0.999900E+04  -0.999900E+04
   0.200000E+01   0.300000E+01   0.344500E+05   0.259200E+06   0.200000E+01   0.300000E+01   0.344500E+05   0.259200E+06   0.185589E+03  -0.999900E+04  -0.999900E+04  -0.999900E+04  -0.999900E+04   0.185589E+03  -0.999900E+04  -0.999900E+04  -0.999900E+04  -0.999900E+04   0.186118E+03   0.693386E+03   0.206350E+01   0.311691E+02   0.200000E+02  -0.528184E+00  -0.999900E+04  -0.999900E+04  -0.999900E+04  -0.999900E+04  -0.403452E+01  -0.999900E+04  -0.999900E+04  -0.999900E+04  -0.999900E+04
   0.200000E+01   0.200000E+01   0.346250E+05   0.259200E+06   0.200000E+01   0.200000E+01   0.346250E+05   0.259200E+06   0.185713E+03  -0.999900E+04  -0.999900E+04  -0.999900E+04  -0.999900E+04   0.185713E+03  -0.999900E+04  -0.999900E+04  -0.999900E+04  -0.999900E+04   0.186202E+03   0.567484E+03   0.163826E+01   0.517171E+02   0.200000E+02  -0.488823E+00  -0.999900E+04  -0.999900E+04  -0.999900E+04  -0.999900E+04  -0.373386E+01  -0.999900E+04  -0.999900E+04  -0.999900E+04  -0.999900E+04
   0.200000E+01   0.200000E+01   0.347500E+05   0.259200E+06   0.200000E+01   0.200000E+01   0.347500E+05   0.259200E+06   0.185817E+03  -0.999900E+04  -0.999900E+04  -0.999900E+04  -0.999900E+04   0.185817E+03  -0.999900E+04  -0.999900E+04  -0.999900E+04  -0.999900E+04   0.186241E+03   0.568013E+03   0.158202E+01   0.507118E+02   0.200000E+02  -0.423757E+00  -0.999900E+04  -0.999900E+04  -0.999900E+04  -0.999900E+04  -0.323685E+01  -0.999900E+04  -0.999900E+04  -0.999900E+04  -0.999900E+04
   0.200000E+01   0.200000E+01   0.348750E+05   0.259200E+06   0.200000E+01   0.200000E+01   0.348750E+05   0.259200E+06   0.185856E+03  -0.999900E+04  -0.999900E+04  -0.999900E+04  -0.999900E+04   0.185856E+03  -0.999900E+04  -0.999900E+04  -0.999900E+04  -0.999900E+04   0.186280E+03   0.568576E+03   0.153718E+01   0.497659E+02   0.200000E+02  -0.423810E+00  -0.999900E+04  -0.999900E+04  -0.999900E+04  -0.999900E+04  -0.323727E+01  -0.999900E+04  -0.999900E+04  -0.999900E+04  -0.999900E+04
   0.200000E+01   0.200000E+01   0.350000E+05   0.259200E+06   0.200000E+01   0.200000E+01   0.350000E+05   0.259200E+06   0.185898E+03  -0.999900E+04  -0.999900E+04  -0.999900E+04  -0.999900E+04   0.185898E+03  -0.999900E+04  -0.999900E+04  -0.999900E+04  -0.999900E+04   0.186324E+03   0.569179E+03   0.143238E+01   0.488774E+02   0.200000E+02  -0.426008E+00  -0.999900E+04  -0.999900E+04  -0.999900E+04  -0.999900E+04  -0.325405E+01  -0.999900E+04  -0.999900E+04  -0.999900E+04  -0.999900E+04
   0.200000E+01   0.200000E+01   0.351000E+05   0.259200E+06   0.200000E+01   0.200000E+01   0.351000E+05   0.259200E+06   0.185956E+03  -0.999900E+04  -0.999900E+04  -0.999900E+04  -0.999900E+04   0.185956E+03  -0.999900E+04  -0.999900E+04  -0.999900E+04  -0.999900E+04   0.186348E+03   0.569674E+03   0.141127E+01   0.480443E+02   0.200000E+02  -0.391661E+00  -0.999900E+04  -0.999900E+04  -0.999900E+04  -0.999900E+04  -0.299170E+01  -0.999900E+04  -0.999900E+04  -0.999900E+04  -0.999900E+04
   0.200000E+01   0.200000E+01   0.351500E+05   0.259200E+06   0.200000E+01   0.200000E+01   0.351500E+05   0.259200E+06   0.186026E+03  -0.999900E+04  -0.999900E+04  -0.999900E+04  -0.999900E+04   0.186026E+03  -0.999900E+04  -0.999900E+04  -0.999900E+04  -0.999900E+04   0.186357E+03   0.569919E+03   0.142064E+01   0.480443E+02   0.200000E+02  -0.330893E+00  -0.999900E+04  -0.999900E+04  -0.999900E+04  -0.999900E+04  -0.252752E+01  -0.999900E+04  -0.999900E+04  -0.999900E+04  -0.999900E+04
   0.200000E+01   0.200000E+01   0.352500E+05   0.259200E+06   0.200000E+01   0.200000E+01   0.352500E+05   0.259200E+06   0.186077E+03  -0.999900E+04  -0.999900E+04  -0.999900E+04  -0.999900E+04   0.186077E+03  -0.999900E+04  -0.999900E+04  -0.999900E+04  -0.999900E+04   0.186369E+03   0.570372E+03   0.148186E+01   0.472646E+02   0.200000E+02  -0.292915E+00  -0.999900E+04  -0.999900E+04  -0.999900E+04  -0.999900E+04  -0.223743E+01  -0.999900E+04  -0.999900E+04  -0.999900E+04  -0.999900E+04
   0.200000E+01   0.200000E+01   0.353000E+05   0.259200E+06   0.200000E+01   0.200000E+01   0.353000E+05   0.259200E+06   0.186117E+03  -0.999900E+04  -0.999900E+04  -0.999900E+04  -0.999900E+04   0.186117E+03  -0.999900E+04  -0.999900E+04  -0.999900E+04  -0.999900E+04   0.186382E+03   0.570597E+03   0.147581E+01   0.472646E+02   0.200000E+02  -0.264599E+00  -0.999900E+04  -0.999900E+04  -0.999900E+04  -0.999900E+04  -0.202113E+01  -0.999900E+04  -0.999900E+04  -0.999900E+04  -0.999900E+04
   0.200000E+01   0.200000E+01   0.353500E+05   0.259200E+06   0.200000E+01   0.200000E+01   0.353500E+05   0.259200E+06   0.186160E+03  -0.999900E+04  -0.999900E+04  -0.999900E+04  -0.999900E+04   0.186160E+03  -0.999900E+04  -0.999900E+04  -0.999900E+04  -0.999900E+04   0.186390E+03   0.570841E+03   0.150348E+01   0.472646E+02   0.200000E+02  -0.230027E+00  -0.999900E+04  -0.999900E+04  -0.999900E+04  -0.999900E+04  -0.175705E+01  -0.999900E+04  -0.999900E+04  -0.999900E+04  -0.999900E+04
   0.200000E+01   0.200000E+01   0.354000E+05   0.259200E+06   0.200000E+01   0.200000E+01   0.354000E+05   0.259200E+06   0.186201E+03  -0.999900E+04  -0.999900E+04  -0.999900E+04  -0.999900E+04   0.186201E+03  -0.999900E+04  -0.999900E+04  -0.999900E+04  -0.999900E+04   0.186391E+03   0.571114E+03   0.161133E+01   0.465363E+02   0.200000E+02  -0.190154E+00  -0.999900E+04  -0.999900E+04  -0.999900E+04  -0.999900E+04  -0.145249E+01  -0.999900E+04  -0.999900E+04  -0.999900E+04  -0.999900E+04
   0.200000E+01   0.200000E+01   0.354500E+05   0.259200E+06   0.200000E+01   0.200000E+01   0.354500E+05   0.259200E+06   0.186234E+03  -0.999900E+04  -0.999900E+04  -0.999900E+04  -0.999900E+04   0.186234E+03  -0.999900E+04  -0.999900E+04  -0.999900E+04  -0.999900E+04   0.186387E+03   0.571416E+03   0.178596E+01   0.465363E+02   0.200000E+02  -0.153699E+00  -0.999900E+04  -0.999900E+04  -0.999900E+04  -0.999900E+04  -0.117402E+01  -0.999900E+04  -0.999900E+04  -0.999900E+04  -0.999900E+04
   0.200000E+01   0.200000E+01   0.357500E+05   0.259200E+06   0.200000E+01   0.200000E+01   0.357500E+05   0.259200E+06   0.186538E+03  -0.999900E+04  -0.999900E+04  -0.999900E+04  -0.999900E+04   0.186538E+03  -0.999900E+04  -0.999900E+04  -0.999900E+04  -0.999900E+04   0.186616E+03   0.573202E+03   0.200879E+01   0.452264E+02   0.200000E+02  -0.779074E-01  -0.999900E+04  -0.999900E+04  -0.999900E+04  -0.999900E+04  -0.595094E+00  -0.999900E+04  -0.999900E+04  -0.999900E+04  -0.999900E+04
   0.200000E+01   0.200000E+01   0.358750E+05   0.259200E+06   0.200000E+01   0.200000E+01   0.358750E+05   0.259200E+06   0.186543E+03  -0.999900E+04  -0.999900E+04  -0.999900E+04  -0.999900E+04   0.186543E+03  -0.999900E+04  -0.999900E+04  -0.999900E+04  -0.999900E+04   0.186771E+03   0.573808E+03   0.176772E+01   0.446410E+02   0.200000E+02  -0.228717E+00  -0.999900E+04  -0.999900E+04  -0.999900E+04  -0.999900E+04  -0.174705E+01  -0.999900E+04  -0.999900E+04  -0.999900E+04  -0.999900E+04
   0.200000E+01   0.200000E+01   0.360000E+05   0.259200E+06   0.200000E+01   0.200000E+01   0.360000E+05   0.259200E+06   0.186682E+03  -0.999900E+04  -0.999900E+04  -0.999900E+04  -0.999900E+04   0.186682E+03  -0.999900E+04  -0.999900E+04  -0.999900E+04  -0.999900E+04   0.186856E+03   0.574308E+03   0.167753E+01   0.440995E+02   0.200000E+02  -0.173993E+00  -0.999900E+04  -0.999900E+04  -0.999900E+04  -0.999900E+04  -0.132904E+01  -0.999900E+04  -0.999900E+04  -0.999900E+04  -0.999900E+04
   0.200000E+01   0.200000E+01   0.361250E+05   0.259200E+06   0.200000E+01   0.200000E+01   0.361250E+05   0.259200E+06   0.186850E+03  -0.999900E+04  -0.999900E+04  -0.999900E+04  -0.999900E+04   0.186850E+03  -0.999900E+04  -0.999900E+04  -0.999900E+04  -0.999900E+04   0.186908E+03   0.574782E+03   0.174633E+01   0.436002E+02   0.200000E+02  -0.583930E-01  -0.999900E+04  -0.999900E+04  -0.999900E+04  -0.999900E+04  -0.446034E+00  -0.999900E+04  -0.999900E+04  -0.999900E+04  -0.999900E+04
   0.200000E+01   0.100000E+01   0.363000E+05   0.259200E+06   0.200000E+01   0.100000E+01   0.363000E+05   0.259200E+06   0.186929E+03  -0.999900E+04  -0.999900E+04  -0.999900E+04  -0.999900E+04   0.186929E+03  -0.999900E+04  -0.999900E+04  -0.999900E+04  -0.999900E+04   0.187003E+03   0.566399E+03   0.171535E+01   0.431401E+02   0.200000E+02  -0.738024E-01  -0.999900E+04  -0.999900E+04  -0.999900E+04  -0.999900E+04  -0.563738E+00  -0.999900E+04  -0.999900E+04  -0.999900E+04  -0.999900E+04
   0.200000E+01   0.100000E+01   0.363500E+05   0.259200E+06   0.200000E+01   0.100000E+01   0.363500E+05   0.259200E+06   0.186943E+03  -0.999900E+04  -0.999900E+04  -0.999900E+04  -0.999900E+04   0.186943E+03  -0.999900E+04  -0.999900E+04  -0.999900E+04  -0.999900E+04   0.187024E+03   0.566570E+03   0.173751E+01   0.431401E+02   0.200000E+02  -0.807427E-01  -0.999900E+04  -0.999900E+04  -0.999900E+04  -0.999900E+04  -0.616751E+00  -0.999900E+04  -0.999900E+04  -0.999900E+04  -0.999900E+04
   0.200000E+01   0.100000E+01   0.364000E+05   0.259200E+06   0.200000E+01   0.100000E+01   0.364000E+05   0.259200E+06   0.187055E+03  -0.999900E+04  -0.999900E+04  -0.999900E+04  -0.999900E+04   0.187055E+03  -0.999900E+04  -0.999900E+04  -0.999900E+04  -0.999900E+04   0.187048E+03   0.566729E+03   0.173514E+01   0.427176E+02   0.200000E+02   0.685525E-02  -0.999900E+04  -0.999900E+04  -0.999900E+04  -0.999900E+04   0.523636E-01  -0.999900E+04  -0.999900E+04  -0.999900E+04  -0.999900E+04
   0.200000E+01   0.100000E+01   0.364500E+05   0.259200E+06   0.200000E+01   0.100000E+01   0.364500E+05   0.259200E+06   0.187130E+03  -0.999900E+04  -0.999900E+04  -0.999900E+04  -0.999900E+04   0.187130E+03  -0.999900E+04  -0.999900E+04  -0.999900E+04  -0.999900E+04   0.187076E+03   0.566878E+03   0.169277E+01   0.427176E+02   0.200000E+02   0.535197E-01  -0.999900E+04  -0.999900E+04  -0.999900E+04  -0.999900E+04   0.408809E+00  -0.999900E+04  -0.999900E+04  -0.999900E+04  -0.999900E+04
   0.200000E+01   0.100000E+01   0.366250E+05   0.259200E+06   0.200000E+01   0.100000E+01   0.366250E+05   0.259200E+06   0.187233E+03  -0.999900E+04  -0.999900E+04  -0.999900E+04  -0.999900E+04   0.187233E+03  -0.999900E+04  -0.999900E+04  -0.999900E+04  -0.999900E+04   0.187139E+03   0.567407E+03   0.173607E+01   0.423326E+02   0.200000E+02   0.940535E-01  -0.999900E+04  -0.999900E+04  -0.999900E+04  -0.999900E+04   0.718425E+00  -0.999900E+04  -0.999900E+04  -0.999900E+04  -0.999900E+04
   0.200000E+01   0.100000E+01   0.367500E+05   0.259200E+06   0.200000E+01   0.100000E+01   0.367500E+05   0.259200E+06   0.187301E+03  -0.999900E+04  -0.999900E+04  -0.999900E+04  -0.999900E+04   0.187301E+03  -0.999900E+04  -0.999900E+04  -0.999900E+04  -0.999900E+04   0.187219E+03   0.567884E+03   0.164982E+01   0.419831E+02   0.200000E+02   0.819380E-01  -0.999900E+04  -0.999900E+04  -0.999900E+04  -0.999900E+04   0.625881E+00  -0.999900E+04  -0.999900E+04  -0.999900E+04  -0.999900E+04
   0.200000E+01   0.100000E+01   0.368000E+05   0.259200E+06   0.200000E+01   0.100000E+01   0.368000E+05   0.259200E+06   0.187317E+03  -0.999900E+04  -0.999900E+04  -0.999900E+04  -0.999900E+04   0.187317E+03  -0.999900E+04  -0.999900E+04  -0.999900E+04  -0.999900E+04   0.187253E+03   0.568086E+03   0.158827E+01   0.419831E+02   0.200000E+02   0.640278E-01  -0.999900E+04  -0.999900E+04  -0.999900E+04  -0.999900E+04   0.489075E+00  -0.999900E+04  -0.999900E+04  -0.999900E+04  -0.999900E+04
   0.200000E+01   0.100000E+01   0.368500E+05   0.259200E+06   0.200000E+01   0.100000E+01   0.368500E+05   0.259200E+06   0.187421E+03  -0.999900E+04  -0.999900E+04  -0.999900E+04  -0.999900E+04   0.187421E+03  -0.999900E+04  -0.999900E+04  -0.999900E+04  -0.999900E+04   0.187283E+03   0.568283E+03   0.153634E+01   0.416676E+02   0.200000E+02   0.138322E+00  -0.999900E+04  -0.999900E+04  -0.999900E+04  -0.999900E+04   0.105657E+01  -0.999900E+04  -0.999900E+04  -0.999900E+04  -0.999900E+04
   0.200000E+01   0.100000E+01   0.369000E+05   0.259200E+06   0.200000E+01   0.100000E+01   0.369000E+05   0.259200E+06   0.187439E+03  -0.999900E+04  -0.999900E+04  -0.999900E+04  -0.999900E+04   0.187439E+03  -0.999900E+04  -0.999900E+04  -0.999900E+04  -0.999900E+04   0.187295E+03   0.568476E+03   0.158615E+01   0.416676E+02   0.200000E+02   0.144378E+00  -0.999900E+04  -0.999900E+04  -0.999900E+04  -0.999900E+04   0.110283E+01  -0.999900E+04  -0.999900E+04  -0.999900E+04  -0.999900E+04
   0.200000E+01   0.100000E+01   0.369500E+05   0.259200E+06   0.200000E+01   0.100000E+01   0.369500E+05   0.259200E+06   0.187447E+03  -0.999900E+04  -0.999900E+04  -0.999900E+04  -0.999900E+04   0.187447E+03  -0.999900E+04  -0.999900E+04  -0.999900E+04  -0.999900E+04   0.187294E+03   0.568664E+03   0.173498E+01   0.416676E+02   0.200000E+02   0.152924E+00  -0.999900E+04  -0.999900E+04  -0.999900E+04  -0.999900E+04   0.116811E+01  -0.999900E+04  -0.999900E+04  -0.999900E+04  -0.999900E+04
   0.200000E+01   0.100000E+01   0.370500E+05   0.259200E+06   0.200000E+01   0.100000E+01   0.370500E+05   0.259200E+06   0.187493E+03  -0.999900E+04  -0.999900E+04  -0.999900E+04  -0.999900E+04   0.187493E+03  -0.999900E+04  -0.999900E+04  -0.999900E+04  -0.999900E+04   0.187342E+03   0.569033E+03   0.181995E+01   0.413844E+02   0.200000E+02   0.151610E+00  -0.999900E+04  -0.999900E+04  -0.999900E+04  -0.999900E+04   0.115807E+01  -0.999900E+04  -0.999900E+04  -0.999900E+04  -0.999900E+04
   0.200000E+01   0.100000E+01   0.371000E+05   0.259200E+06   0.200000E+01   0.100000E+01   0.371000E+05   0.259200E+06   0.187548E+03  -0.999900E+04  -0.999900E+04  -0.999900E+04  -0.999900E+04   0.187548E+03  -0.999900E+04  -0.999900E+04  -0.999900E+04  -0.999900E+04   0.187372E+03   0.569215E+03   0.183269E+01   0.413844E+02   0.200000E+02   0.176075E+00  -0.999900E+04  -0.999900E+04  -0.999900E+04  -0.999900E+04   0.134495E+01  -0.999900E+04  -0.999900E+04  -0.999900E+04  -0.999900E+04
   0.200000E+01   0.100000E+01   0.371500E+05   0.259200E+06   0.200000E+01   0.100000E+01   0.371500E+05   0.259200E+06   0.187577E+03  -0.999900E+04  -0.999900E+04  -0.999900E+04  -0.999900E+04   0.187577E+03  -0.999900E+04  -0.999900E+04  -0.999900E+04  -0.999900E+04   0.187406E+03   0.569395E+03   0.182265E+01   0.411319E+02   0.200000E+02   0.170274E+00  -0.999900E+04  -0.999900E+04  -0.999900E+04  -0.999900E+04   0.130063E+01  -0.999900E+04  -0.999900E+04  -0.999900E+04  -0.999900E+04
   0.200000E+01   0.100000E+01   0.372000E+05   0.259200E+06   0.200000E+01   0.100000E+01   0.372000E+05   0.259200E+06   0.187610E+03  -0.999900E+04  -0.999900E+04  -0.999900E+04  -0.999900E+04   0.187610E+03  -0.999900E+04  -0.999900E+04  -0.999900E+04  -0.999900E+04   0.187444E+03   0.569570E+03   0.178539E+01   0.411319E+02   0.200000E+02   0.166266E+00  -0.999900E+04  -0.999900E+04  -0.999900E+04  -0.999900E+04   0.127002E+01  -0.999900E+04  -0.999900E+04  -0.999900E+04  -0.999900E+04
   0.200000E+01   0.100000E+01   0.372500E+05   0.259200E+06   0.200000E+01   0.100000E+01   0.372500E+05   0.259200E+06   0.187590E+03  -0.999900E+04  -0.999900E+04  -0.999900E+04  -0.999900E+04   0.187590E+03  -0.999900E+04  -0.999900E+04  -0.999900E+04  -0.999900E+04   0.187478E+03   0.569741E+03   0.175045E+01   0.411319E+02   0.200000E+02   0.112476E+00  -0.999900E+04  -0.999900E+04  -0.999900E+04  -0.999900E+04   0.859147E+00  -0.999900E+04  -0.999900E+04  -0.999900E+04  -0.999900E+04
   0.200000E+01   0.100000E+01   0.373000E+05   0.259200E+06   0.200000E+01   0.100000E+01   0.373000E+05   0.259200E+06   0.187595E+03  -0.999900E+04  -0.999900E+04  -0.999900E+04  -0.999900E+04   0.187595E+03  -0.999900E+04  -0.999900E+04  -0.999900E+04  -0.999900E+04   0.187553E+03   0.569917E+03   0.139265E+01   0.409086E+02   0.200000E+02   0.418842E-01  -0.999900E+04  -0.999900E+04  -0.999900E+04  -0.999900E+04   0.319931E+00  -0.999900E+04  -0.999900E+04  -0.999900E+04  -0.999900E+04
   0.200000E+01   0.100000E+01   0.374000E+05   0.259200E+06   0.200000E+01   0.100000E+01   0.374000E+05   0.259200E+06   0.187602E+03  -0.999900E+04  -0.999900E+04  -0.999900E+04  -0.999900E+04   0.187602E+03  -0.999900E+04  -0.999900E+04  -0.999900E+04  -0.999900E+04   0.187635E+03   0.570315E+03   0.709557E+00   0.409086E+02   0.200000E+02  -0.322893E-01  -0.999900E+04  -0.999900E+04  -0.999900E+04  -0.999900E+04  -0.246641E+00  -0.999900E+04  -0.999900E+04  -0.999900E+04  -0.999900E+04
   0.200000E+01   0.100000E+01   0.374500E+05   0.259200E+06   0.200000E+01   0.100000E+01   0.374500E+05   0.259200E+06   0.187644E+03  -0.999900E+04  -0.999900E+04  -0.999900E+04  -0.999900E+04   0.187644E+03  -0.999900E+04  -0.999900E+04  -0.999900E+04  -0.999900E+04   0.187644E+03   0.570535E+03   0.583378E+00   0.407128E+02   0.200000E+02  -0.610815E-03  -0.999900E+04  -0.999900E+04  -0.999900E+04  -0.999900E+04  -0.466570E-02  -0.999900E+04  -0.999900E+04  -0.999900E+04  -0.999900E+04
   0.200000E+01   0.100000E+01   0.375500E+05   0.259200E+06   0.200000E+01   0.100000E+01   0.375500E+05   0.259200E+06   0.187705E+03  -0.999900E+04  -0.999900E+04  -0.999900E+04  -0.999900E+04   0.187705E+03  -0.999900E+04  -0.999900E+04  -0.999900E+04  -0.999900E+04   0.187645E+03   0.570990E+03   0.591291E+00   0.407128E+02   0.200000E+02   0.595074E-01  -0.999900E+04  -0.999900E+04  -0.999900E+04  -0.999900E+04   0.454546E+00  -0.999900E+04  -0.999900E+04  -0.999900E+04  -0.999900E+04
   0.200000E+01   0.100000E+01   0.376000E+05   0.259200E+06   0.200000E+01   0.100000E+01   0.376000E+05   0.259200E+06   0.187709E+03  -0.999900E+04  -0.999900E+04  -0.999900E+04  -0.999900E+04   0.187709E+03  -0.999900E+04  -0.999900E+04  -0.999900E+04  -0.999900E+04   0.187637E+03   0.571211E+03   0.740860E+00   0.405431E+02   0.200000E+02   0.721981E-01  -0.999900E+04  -0.999900E+04  -0.999900E+04  -0.999900E+04   0.551484E+00  -0.999900E+04  -0.999900E+04  -0.999900E+04  -0.999900E+04
   0.200000E+01   0.100000E+01   0.377000E+05   0.259200E+06   0.200000E+01   0.100000E+01   0.377000E+05   0.259200E+06   0.187737E+03  -0.999900E+04  -0.999900E+04  -0.999900E+04  -0.999900E+04   0.187737E+03  -0.999900E+04  -0.999900E+04  -0.999900E+04  -0.999900E+04   0.187561E+03   0.571622E+03   0.154957E+01   0.405431E+02   0.200000E+02   0.175994E+00  -0.999900E+04  -0.999900E+04  -0.999900E+04  -0.999900E+04   0.134432E+01  -0.999900E+04  -0.999900E+04  -0.999900E+04  -0.999900E+04
   0.200000E+01   0.100000E+01   0.377500E+05   0.259200E+06   0.200000E+01   0.100000E+01   0.377500E+05   0.259200E+06   0.187762E+03  -0.999900E+04  -0.999900E+04  -0.999900E+04  -0.999900E+04   0.187762E+03  -0.999900E+04  -0.999900E+04  -0.999900E+04  -0.999900E+04   0.187519E+03   0.571813E+03   0.196001E+01   0.403981E+02   0.200000E+02   0.243615E+00  -0.999900E+04  -0.999900E+04  -0.999900E+04  -0.999900E+04   0.186085E+01  -0.999900E+04  -0.999900E+04  -0.999900E+04  -0.999900E+04
   0.200000E+01   0.100000E+01   0.378000E+05   0.259200E+06   0.200000E+01   0.100000E+01   0.378000E+05   0.259200E+06   0.187774E+03  -0.999900E+04  -0.999900E+04  -0.999900E+04  -0.999900E+04   0.187774E+03  -0.999900E+04  -0.999900E+04  -0.999900E+04  -0.999900E+04   0.187582E+03   0.572003E+03   0.183490E+01   0.403981E+02   0.200000E+02   0.192489E+00  -0.999900E+04  -0.999900E+04  -0.999900E+04  -0.999900E+04   0.147032E+01  -0.999900E+04  -0.999900E+04  -0.999900E+04  -0.999900E+04
   0.200000E+01   0.100000E+01   0.378500E+05   0.259200E+06   0.200000E+01   0.100000E+01   0.378500E+05   0.259200E+06   0.187791E+03  -0.999900E+04  -0.999900E+04  -0.999900E+04  -0.999900E+04   0.187791E+03  -0.999900E+04  -0.999900E+04  -0.999900E+04  -0.999900E+04   0.187639E+03   0.572196E+03   0.169003E+01   0.403981E+02   0.200000E+02   0.151753E+00  -0.999900E+04  -0.999900E+04  -0.999900E+04  -0.999900E+04   0.115917E+01  -0.999900E+04  -0.999900E+04  -0.999900E+04  -0.999900E+04
   0.200000E+01   0.100000E+01   0.379000E+05   0.259200E+06   0.200000E+01   0.100000E+01   0.379000E+05   0.259200E+06   0.187794E+03  -0.999900E+04  -0.999900E+04  -0.999900E+04  -0.999900E+04   0.187794E+03  -0.999900E+04  -0.999900E+04  -0.999900E+04  -0.999900E+04   0.187676E+03   0.572395E+03   0.163099E+01   0.402762E+02   0.200000E+02   0.118163E+00  -0.999900E+04  -0.999900E+04  -0.999900E+04  -0.999900E+04   0.902584E+00  -0.999900E+04  -0.999900E+04  -0.999900E+04  -0.999900E+04
   0.200000E+01   0.100000E+01   0.380000E+05   0.259200E+06   0.200000E+01   0.100000E+01   0.380000E+05   0.259200E+06   0.187812E+03  -0.999900E+04  -0.999900E+04  -0.999900E+04  -0.999900E+04   0.187812E+03  -0.999900E+04  -0.999900E+04  -0.999900E+04  -0.999900E+04   0.187726E+03   0.572808E+03   0.165651E+01   0.402762E+02   0.200000E+02   0.868904E-01  -0.999900E+04  -0.999900E+04  -0.999900E+04  -0.999900E+04   0.663710E+00  -0.999900E+04  -0.999900E+04  -0.999900E+04  -0.999900E+04
   0.200000E+01   0.100000E+01   0.380500E+05   0.259200E+06   0.200000E+01   0.100000E+01   0.380500E+05   0.259200E+06   0.187844E+03  -0.999900E+04  -0.999900E+04  -0.999900E+04  -0.999900E+04   0.187844E+03  -0.999900E+04  -0.999900E+04  -0.999900E+04  -0.999900E+04   0.187755E+03   0.573015E+03   0.164874E+01   0.401760E+02   0.200000E+02   0.893087E-01  -0.999900E+04  -0.999900E+04  -0.999900E+04  -0.999900E+04   0.682183E+00  -0.999900E+04  -0.999900E+04  -0.999900E+04  -0.999900E+04
   0.200000E+01   0.100000E+01   0.381000E+05   0.259200E+06   0.200000E+01   0.100000E+01   0.381000E+05   0.259200E+06   0.187908E+03  -0.999900E+04  -0.999900E+04  -0.999900E+04  -0.999900E+04   0.187908E+03  -0.999900E+04  -0.999900E+04  -0.999900E+04  -0.999900E+04   0.187781E+03   0.573218E+03   0.165649E+01   0.401760E+02   0.200000E+02   0.126823E+00  -0.999900E+04  -0.999900E+04  -0.999900E+04  -0.999900E+04   0.968734E+00  -0.999900E+04  -0.999900E+04  -0.999900E+04  -0.999900E+04
   0.200000E+01   0.100000E+01   0.381500E+05   0.259200E+06   0.200000E+01   0.100000E+01   0.381500E+05   0.259200E+06   0.187981E+03  -0.999900E+04  -0.999900E+04  -0.999900E+04  -0.999900E+04   0.187981E+03  -0.999900E+04  -0.999900E+04  -0.999900E+04  -0.999900E+04   0.187808E+03   0.573415E+03   0.165553E+01   0.401760E+02   0.200000E+02   0.173083E+00  -0.999900E+04  -0.999900E+04  -0.999900E+04  -0.999900E+04   0.132209E+01  -0.999900E+04  -0.999900E+04  -0.999900E+04  -0.999900E+04
   0.200000E+01   0.100000E+01   0.382500E+05   0.259200E+06   0.200000E+01   0.100000E+01   0.382500E+05   0.259200E+06   0.187978E+03  -0.999900E+04  -0.999900E+04  -0.999900E+04  -0.999900E+04   0.187978E+03  -0.999900E+04  -0.999900E+04  -0.999900E+04  -0.999900E+04   0.187863E+03   0.573794E+03   0.162002E+01   0.400962E+02   0.200000E+02   0.114715E+00  -0.999900E+04  -0.999900E+04  -0.999900E+04  -0.999900E+04   0.876251E+00  -0.999900E+04  -0.999900E+04  -0.999900E+04  -0.999900E+04
   0.200000E+01   0.100000E+01   0.383000E+05   0.259200E+06   0.200000E+01   0.100000E+01   0.383000E+05   0.259200E+06   0.187946E+03  -0.999900E+04  -0.999900E+04  -0.999900E+04  -0.999900E+04   0.187946E+03  -0.999900E+04  -0.999900E+04  -0.999900E+04  -0.999900E+04   0.187883E+03   0.573981E+03   0.164575E+01   0.400962E+02   0.200000E+02   0.635774E-01  -0.999900E+04  -0.999900E+04  -0.999900E+04  -0.999900E+04   0.485634E+00  -0.999900E+04  -0.999900E+04  -0.999900E+04  -0.999900E+04
   0.200000E+01   0.100000E+01   0.384500E+05   0.259200E+06   0.200000E+01   0.100000E+01   0.384500E+05   0.259200E+06   0.187977E+03  -0.999900E+04  -0.999900E+04  -0.999900E+04  -0.999900E+04   0.187977E+03  -0.999900E+04  -0.999900E+04  -0.999900E+04  -0.999900E+04   0.187949E+03   0.574578E+03   0.182727E+01   0.399922E+02   0.200000E+02   0.282322E-01  -0.999900E+04  -0.999900E+04  -0.999900E+04  -0.999900E+04   0.215651E+00  -0.999900E+04  -0.999900E+04  -0.999900E+04  -0.999900E+04
   0.200000E+01   0.100000E+01   0.385000E+05   0.259200E+06   0.200000E+01   0.100000E+01   0.385000E+05   0.259200E+06   0.187988E+03  -0.999900E+04  -0.999900E+04  -0.999900E+04  -0.999900E+04   0.187988E+03  -0.999900E+04  -0.999900E+04  -0.999900E+04  -0.999900E+04   0.187993E+03   0.574790E+03   0.180857E+01   0.399922E+02   0.200000E+02  -0.476897E-02  -0.999900E+04  -0.999900E+04  -0.999900E+04  -0.999900E+04  -0.364277E-01  -0.999900E+04  -0.999900E+04  -0.999900E+04  -0.999900E+04
   0.200000E+01   0.100000E+01   0.390000E+05   0.259200E+06   0.200000E+01   0.100000E+01   0.390000E+05   0.259200E+06   0.188203E+03  -0.999900E+04  -0.999900E+04  -0.999900E+04  -0.999900E+04   0.188203E+03  -0.999900E+04  -0.999900E+04  -0.999900E+04  -0.999900E+04   0.188327E+03   0.576579E+03   0.161057E+01   0.399561E+02   0.200000E+02  -0.123953E+00  -0.999900E+04  -0.999900E+04  -0.999900E+04  -0.999900E+04  -0.946814E+00  -0.999900E+04  -0.999900E+04  -0.999900E+04  -0.999900E+04
   0.200000E+01   0.100000E+01   0.393000E+05   0.259200E+06   0.200000E+01   0.100000E+01   0.393000E+05   0.259200E+06   0.188342E+03  -0.999900E+04  -0.999900E+04  -0.999900E+04  -0.999900E+04   0.188342E+03  -0.999900E+04  -0.999900E+04  -0.999900E+04  -0.999900E+04   0.188446E+03   0.577521E+03   0.160222E+01   0.399977E+02   0.200000E+02  -0.103426E+00  -0.999900E+04  -0.999900E+04  -0.999900E+04  -0.999900E+04  -0.790018E+00  -0.999900E+04  -0.999900E+04  -0.999900E+04  -0.999900E+04
   0.200000E+01   0.100000E+01   0.393500E+05   0.259200E+06   0.200000E+01   0.100000E+01   0.393500E+05   0.259200E+06   0.188355E+03  -0.999900E+04  -0.999900E+04  -0.999900E+04  -0.999900E+04   0.188355E+03  -0.999900E+04  -0.999900E+04  -0.999900E+04  -0.999900E+04   0.188468E+03   0.577674E+03   0.156801E+01   0.400347E+02   0.200000E+02  -0.113248E+00  -0.999900E+04  -0.999900E+04  -0.999900E+04  -0.999900E+04  -0.865043E+00  -0.999900E+04  -0.999900E+04  -0.999900E+04  -0.999900E+04
   0.200000E+01   0.100000E+01   0.394000E+05   0.259200E+06   0.200000E+01   0.100000E+01   0.394000E+05   0.259200E+06   0.188383E+03  -0.999900E+04  -0.999900E+04  -0.999900E+04  -0.999900E+04   0.188383E+03  -0.999900E+04  -0.999900E+04  -0.999900E+04  -0.999900E+04   0.188494E+03   0.577831E+03   0.150004E+01   0.400347E+02   0.200000E+02  -0.111039E+00  -0.999900E+04  -0.999900E+04  -0.999900E+04  -0.999900E+04  -0.848168E+00  -0.999900E+04  -0.999900E+04  -0.999900E+04  -0.999900E+04
   0.200000E+01   0.100000E+01   0.394500E+05   0.259200E+06   0.200000E+01   0.100000E+01   0.394500E+05   0.259200E+06   0.188410E+03  -0.999900E+04  -0.999900E+04  -0.999900E+04  -0.999900E+04   0.188410E+03  -0.999900E+04  -0.999900E+04  -0.999900E+04  -0.999900E+04   0.188520E+03   0.577996E+03   0.142291E+01   0.400347E+02   0.200000E+02  -0.109545E+00  -0.999900E+04  -0.999900E+04  -0.999900E+04  -0.999900E+04  -0.836756E+00  -0.999900E+04  -0.999900E+04  -0.999900E+04  -0.999900E+04
   0.200000E+01   0.100000E+01   0.395950E+05   0.259200E+06   0.200000E+01   0.100000E+01   0.395950E+05   0.259200E+06   0.188530E+03  -0.999900E+04  -0.999900E+04  -0.999900E+04  -0.999900E+04   0.188530E+03  -0.999900E+04  -0.999900E+04  -0.999900E+04  -0.999900E+04   0.188566E+03   0.578505E+03   0.133704E+01   0.400809E+02   0.200000E+02  -0.360670E-01  -0.999900E+04  -0.999900E+04  -0.999900E+04  -0.999900E+04  -0.275497E+00  -0.999900E+04  -0.999900E+04  -0.999900E+04  -0.999900E+04
   0.200000E+01   0.100000E+01   0.396400E+05   0.259200E+06   0.200000E+01   0.100000E+01   0.396400E+05   0.259200E+06   0.188549E+03  -0.999900E+04  -0.999900E+04  -0.999900E+04  -0.999900E+04   0.188549E+03  -0.999900E+04  -0.999900E+04  -0.999900E+04  -0.999900E+04   0.188573E+03   0.578666E+03   0.135477E+01   0.401355E+02   0.200000E+02  -0.245643E-01  -0.999900E+04  -0.999900E+04  -0.999900E+04  -0.999900E+04  -0.187633E+00  -0.999900E+04  -0.999900E+04  -0.999900E+04  -0.999900E+04
   0.200000E+01   0.100000E+01   0.396850E+05   0.259200E+06   0.200000E+01   0.100000E+01   0.396850E+05   0.259200E+06   0.188566E+03  -0.999900E+04  -0.999900E+04  -0.999900E+04  -0.999900E+04   0.188566E+03  -0.999900E+04  -0.999900E+04  -0.999900E+04  -0.999900E+04   0.188581E+03   0.578826E+03   0.137664E+01   0.401355E+02   0.200000E+02  -0.148631E-01  -0.999900E+04  -0.999900E+04  -0.999900E+04  -0.999900E+04  -0.113532E+00  -0.999900E+04  -0.999900E+04  -0.999900E+04  -0.999900E+04
   0.200000E+01   0.100000E+01   0.397750E+05   0.259200E+06   0.200000E+01   0.100000E+01   0.397750E+05   0.259200E+06   0.188580E+03  -0.999900E+04  -0.999900E+04  -0.999900E+04  -0.999900E+04   0.188580E+03  -0.999900E+04  -0.999900E+04  -0.999900E+04  -0.999900E+04   0.188600E+03   0.579141E+03   0.139812E+01   0.401972E+02   0.200000E+02  -0.199519E-01  -0.999900E+04  -0.999900E+04  -0.999900E+04  -0.999900E+04  -0.152402E+00  -0.999900E+04  -0.999900E+04  -0.999900E+04  -0.999900E+04
   0.200000E+01   0.100000E+01   0.398200E+05   0.259200E+06   0.200000E+01   0.100000E+01   0.398200E+05   0.259200E+06   0.188578E+03  -0.999900E+04  -0.999900E+04  -0.999900E+04  -0.999900E+04   0.188578E+03  -0.999900E+04  -0.999900E+04  -0.999900E+04  -0.999900E+04   0.188612E+03   0.579297E+03   0.138803E+01   0.401972E+02   0.200000E+02  -0.338810E-01  -0.999900E+04  -0.999900E+04  -0.999900E+04  -0.999900E+04  -0.258799E+00  -0.999900E+04  -0.999900E+04  -0.999900E+04  -0.999900E+04
   0.200000E+01   0.100000E+01   0.399100E+05   0.259200E+06   0.200000E+01   0.100000E+01   0.399100E+05   0.259200E+06   0.188637E+03  -0.999900E+04  -0.999900E+04  -0.999900E+04  -0.999900E+04   0.188637E+03  -0.999900E+04  -0.999900E+04  -0.999900E+04  -0.999900E+04   0.188639E+03   0.579606E+03   0.133975E+01   0.401972E+02   0.200000E+02  -0.201438E-02  -0.999900E+04  -0.999900E+04  -0.999900E+04  -0.999900E+04  -0.153868E-01  -0.999900E+04  -0.999900E+04  -0.999900E+04  -0.999900E+04
   0.200000E+01   0.100000E+01   0.399550E+05   0.259200E+06   0.200000E+01   0.100000E+01   0.399550E+05   0.259200E+06   0.188667E+03  -0.999900E+04  -0.999900E+04  -0.999900E+04  -0.999900E+04   0.188667E+03  -0.999900E+04  -0.999900E+04  -0.999900E+04  -0.999900E+04   0.188651E+03   0.579760E+03   0.131736E+01   0.402652E+02   0.200000E+02   0.155464E-01  -0.999900E+04  -0.999900E+04  -0.999900E+04  -0.999900E+04   0.118751E+00  -0.999900E+04  -0.999900E+04  -0.999900E+04  -0.999900E+04
   0.200000E+01   0.100000E+01   0.400500E+05   0.259200E+06   0.200000E+01   0.100000E+01   0.400500E+05   0.259200E+06   0.188686E+03  -0.999900E+04  -0.999900E+04  -0.999900E+04  -0.999900E+04   0.188686E+03  -0.999900E+04  -0.999900E+04  -0.999900E+04  -0.999900E+04   0.188670E+03   0.580084E+03   0.131083E+01   0.402652E+02   0.200000E+02   0.161103E-01  -0.999900E+04  -0.999900E+04  -0.999900E+04  -0.999900E+04   0.123058E+00  -0.999900E+04  -0.999900E+04  -0.999900E+04  -0.999900E+04
   0.200000E+01   0.100000E+01   0.401000E+05   0.259200E+06   0.200000E+01   0.100000E+01   0.401000E+05   0.259200E+06   0.188695E+03  -0.999900E+04  -0.999900E+04  -0.999900E+04  -0.999900E+04   0.188695E+03  -0.999900E+04  -0.999900E+04  -0.999900E+04  -0.999900E+04   0.188678E+03   0.580256E+03   0.132580E+01   0.403384E+02   0.200000E+02   0.170504E-01  -0.999900E+04  -0.999900E+04  -0.999900E+04  -0.999900E+04   0.130239E+00  -0.999900E+04  -0.999900E+04  -0.999900E+04  -0.999900E+04
   0.200000E+01   0.100000E+01   0.401500E+05   0.259200E+06   0.200000E+01   0.100000E+01   0.401500E+05   0.259200E+06   0.188703E+03  -0.999900E+04  -0.999900E+04  -0.999900E+04  -0.999900E+04   0.188703E+03  -0.999900E+04  -0.999900E+04  -0.999900E+04  -0.999900E+04   0.188685E+03   0.580428E+03   0.134542E+01   0.403384E+02   0.200000E+02   0.181346E-01  -0.999900E+04  -0.999900E+04  -0.999900E+04  -0.999900E+04   0.138521E+00  -0.999900E+04  -0.999900E+04  -0.999900E+04  -0.999900E+04
   0.200000E+01   0.100000E+01   0.402500E+05   0.259200E+06   0.200000E+01   0.100000E+01   0.402500E+05   0.259200E+06   0.188712E+03  -0.999900E+04  -0.999900E+04  -0.999900E+04  -0.999900E+04   0.188712E+03  -0.999900E+04  -0.999900E+04  -0.999900E+04  -0.999900E+04   0.188703E+03   0.580774E+03   0.137377E+01   0.404159E+02   0.200000E+02   0.938699E-02  -0.999900E+04  -0.999900E+04  -0.999900E+04  -0.999900E+04   0.717023E-01  -0.999900E+04  -0.999900E+04  -0.999900E+04  -0.999900E+04
   0.200000E+01   0.100000E+01   0.403000E+05   0.259200E+06   0.200000E+01   0.100000E+01   0.403000E+05   0.259200E+06   0.188732E+03  -0.999900E+04  -0.999900E+04  -0.999900E+04  -0.999900E+04   0.188732E+03  -0.999900E+04  -0.999900E+04  -0.999900E+04  -0.999900E+04   0.188714E+03   0.580947E+03   0.137459E+01   0.404159E+02   0.200000E+02   0.184617E-01  -0.999900E+04  -0.999900E+04  -0.999900E+04  -0.999900E+04   0.141019E+00  -0.999900E+04  -0.999900E+04  -0.999900E+04  -0.999900E+04
   0.200000E+01   0.100000E+01   0.403500E+05   0.259200E+06   0.200000E+01   0.100000E+01   0.403500E+05   0.259200E+06   0.188747E+03  -0.999900E+04  -0.999900E+04  -0.999900E+04  -0.999900E+04   0.188747E+03  -0.999900E+04  -0.999900E+04  -0.999900E+04  -0.999900E+04   0.188726E+03   0.581122E+03   0.136647E+01   0.404159E+02   0.200000E+02   0.215615E-01  -0.999900E+04  -0.999900E+04  -0.999900E+04  -0.999900E+04   0.164697E+00  -0.999900E+04  -0.999900E+04  -0.999900E+04  -0.999900E+04
   0.200000E+01   0.100000E+01   0.404000E+05   0.259200E+06   0.200000E+01   0.100000E+01   0.404000E+05   0.259200E+06   0.188759E+03  -0.999900E+04  -0.999900E+04  -0.999900E+04  -0.999900E+04   0.188759E+03  -0.999900E+04  -0.999900E+04  -0.999900E+04  -0.999900E+04   0.188738E+03   0.581296E+03   0.135326E+01   0.404968E+02   0.200000E+02   0.208645E-01  -0.999900E+04  -0.999900E+04  -0.999900E+04  -0.999900E+04   0.159373E+00  -0.999900E+04  -0.999900E+04  -0.999900E+04  -0.999900E+04
   0.200000E+01   0.100000E+01   0.405000E+05   0.259200E+06   0.200000E+01   0.100000E+01   0.405000E+05   0.259200E+06   0.188783E+03  -0.999900E+04  -0.999900E+04  -0.999900E+04  -0.999900E+04   0.188783E+03  -0.999900E+04  -0.999900E+04  -0.999900E+04  -0.999900E+04   0.188761E+03   0.581648E+03   0.133289E+01   0.404968E+02   0.200000E+02   0.212017E-01  -0.999900E+04  -0.999900E+04  -0.999900E+04  -0.999900E+04   0.161949E+00  -0.999900E+04  -0.999900E+04  -0.999900E+04  -0.999900E+04
   0.200000E+01   0.100000E+01   0.406000E+05   0.259200E+06   0.200000E+01   0.100000E+01   0.406000E+05   0.259200E+06   0.188794E+03  -0.999900E+04  -0.999900E+04  -0.999900E+04  -0.999900E+04   0.188794E+03  -0.999900E+04  -0.999900E+04  -0.999900E+04  -0.999900E+04   0.188780E+03   0.582000E+03   0.134108E+01   0.405802E+02   0.200000E+02   0.134876E-01  -0.999900E+04  -0.999900E+04  -0.999900E+04  -0.999900E+04   0.103025E+00  -0.999900E+04  -0.999900E+04  -0.999900E+04  -0.999900E+04
   0.200000E+01   0.100000E+01   0.406500E+05   0.259200E+06   0.200000E+01   0.100000E+01   0.406500E+05   0.259200E+06   0.188803E+03  -0.999900E+04  -0.999900E+04  -0.999900E+04  -0.999900E+04   0.188803E+03  -0.999900E+04  -0.999900E+04  -0.999900E+04  -0.999900E+04   0.188789E+03   0.582175E+03   0.135324E+01   0.406653E+02   0.200000E+02   0.145647E-01  -0.999900E+04  -0.999900E+04  -0.999900E+04  -0.999900E+04   0.111252E+00  -0.999900E+04  -0.999900E+04  -0.999900E+04  -0.999900E+04
   0.200000E+01   0.100000E+01   0.407500E+05   0.259200E+06   0.200000E+01   0.100000E+01   0.407500E+05   0.259200E+06   0.188828E+03  -0.999900E+04  -0.999900E+04  -0.999900E+04  -0.999900E+04   0.188828E+03  -0.999900E+04  -0.999900E+04  -0.999900E+04  -0.999900E+04   0.188805E+03   0.582521E+03   0.138281E+01   0.406653E+02   0.200000E+02   0.225479E-01  -0.999900E+04  -0.999900E+04  -0.999900E+04  -0.999900E+04   0.172232E+00  -0.999900E+04  -0.999900E+04  -0.999900E+04  -0.999900E+04
   0.200000E+01   0.100000E+01   0.409000E+05   0.259200E+06   0.200000E+01   0.100000E+01   0.409000E+05   0.259200E+06   0.188871E+03  -0.999900E+04  -0.999900E+04  -0.999900E+04  -0.999900E+04   0.188871E+03  -0.999900E+04  -0.999900E+04  -0.999900E+04  -0.999900E+04   0.188833E+03   0.583028E+03   0.141459E+01   0.407512E+02   0.200000E+02   0.384380E-01  -0.999900E+04  -0.999900E+04  -0.999900E+04  -0.999900E+04   0.293607E+00  -0.999900E+04  -0.999900E+04  -0.999900E+04  -0.999900E+04
   0.200000E+01   0.100000E+01   0.410000E+05   0.259200E+06   0.200000E+01   0.100000E+01   0.410000E+05   0.259200E+06   0.188882E+03  -0.999900E+04  -0.999900E+04  -0.999900E+04  -0.999900E+04   0.188882E+03  -0.999900E+04  -0.999900E+04  -0.999900E+04  -0.999900E+04   0.188854E+03   0.583360E+03   0.141617E+01   0.408372E+02   0.200000E+02   0.280367E-01  -0.999900E+04  -0.999900E+04  -0.999900E+04  -0.999900E+04   0.214158E+00  -0.999900E+04  -0.999900E+04  -0.999900E+04  -0.999900E+04
   0.200000E+01   0.100000E+01   0.410850E+05   0.259200E+06   0.200000E+01   0.100000E+01   0.410850E+05   0.259200E+06   0.188906E+03  -0.999900E+04  -0.999900E+04  -0.999900E+04  -0.999900E+04   0.188906E+03  -0.999900E+04  -0.999900E+04  -0.999900E+04  -0.999900E+04   0.188857E+03   0.583638E+03   0.152709E+01   0.408372E+02   0.200000E+02   0.486239E-01  -0.999900E+04  -0.999900E+04  -0.999900E+04  -0.999900E+04   0.371412E+00  -0.999900E+04  -0.999900E+04  -0.999900E+04  -0.999900E+04
   0.200000E+01   0.100000E+01   0.415500E+05   0.259200E+06   0.200000E+01   0.100000E+01   0.415500E+05   0.259200E+06   0.189002E+03  -0.999900E+04  -0.999900E+04  -0.999900E+04  -0.999900E+04   0.189002E+03  -0.999900E+04  -0.999900E+04  -0.999900E+04  -0.999900E+04   0.189005E+03   0.585238E+03   0.141625E+01   0.411674E+02   0.200000E+02  -0.292695E-02  -0.999900E+04  -0.999900E+04  -0.999900E+04  -0.999900E+04  -0.223575E-01  -0.999900E+04  -0.999900E+04  -0.999900E+04  -0.999900E+04
   0.200000E+01   0.100000E+01   0.416000E+05   0.259200E+06   0.200000E+01   0.100000E+01   0.416000E+05   0.259200E+06   0.189002E+03  -0.999900E+04  -0.999900E+04  -0.999900E+04  -0.999900E+04   0.189002E+03  -0.999900E+04  -0.999900E+04  -0.999900E+04  -0.999900E+04   0.189016E+03   0.585431E+03   0.142335E+01   0.411674E+02   0.200000E+02  -0.143337E-01  -0.999900E+04  -0.999900E+04  -0.999900E+04  -0.999900E+04  -0.109488E+00  -0.999900E+04  -0.999900E+04  -0.999900E+04  -0.999900E+04
   0.200000E+01   0.100000E+01   0.416500E+05   0.259200E+06   0.200000E+01   0.100000E+01   0.416500E+05   0.259200E+06   0.188994E+03  -0.999900E+04  -0.999900E+04  -0.999900E+04  -0.999900E+04   0.188994E+03  -0.999900E+04  -0.999900E+04  -0.999900E+04  -0.999900E+04   0.189027E+03   0.585623E+03   0.143380E+01   0.411674E+02   0.200000E+02  -0.337506E-01  -0.999900E+04  -0.999900E+04  -0.999900E+04  -0.999900E+04  -0.257803E+00  -0.999900E+04  -0.999900E+04  -0.999900E+04  -0.999900E+04
   0.200000E+01   0.100000E+01   0.417000E+05   0.259200E+06   0.200000E+01   0.100000E+01   0.417000E+05   0.259200E+06   0.189010E+03  -0.999900E+04  -0.999900E+04  -0.999900E+04  -0.999900E+04   0.189010E+03  -0.999900E+04  -0.999900E+04  -0.999900E+04  -0.999900E+04   0.189039E+03   0.585815E+03   0.144354E+01   0.412431E+02   0.200000E+02  -0.285726E-01  -0.999900E+04  -0.999900E+04  -0.999900E+04  -0.999900E+04  -0.218251E+00  -0.999900E+04  -0.999900E+04  -0.999900E+04  -0.999900E+04
   0.200000E+01   0.100000E+01   0.418000E+05   0.259200E+06   0.200000E+01   0.100000E+01   0.418000E+05   0.259200E+06   0.189041E+03  -0.999900E+04  -0.999900E+04  -0.999900E+04  -0.999900E+04   0.189041E+03  -0.999900E+04  -0.999900E+04  -0.999900E+04  -0.999900E+04   0.189064E+03   0.586196E+03   0.144969E+01   0.412431E+02   0.200000E+02  -0.227902E-01  -0.999900E+04  -0.999900E+04  -0.999900E+04  -0.999900E+04  -0.174082E+00  -0.999900E+04  -0.999900E+04  -0.999900E+04  -0.999900E+04
   0.200000E+01   0.100000E+01   0.419000E+05   0.259200E+06   0.200000E+01   0.100000E+01   0.419000E+05   0.259200E+06   0.189053E+03  -0.999900E+04  -0.999900E+04  -0.999900E+04  -0.999900E+04   0.189053E+03  -0.999900E+04  -0.999900E+04  -0.999900E+04  -0.999900E+04   0.189091E+03   0.586577E+03   0.143632E+01   0.413149E+02   0.200000E+02  -0.378576E-01  -0.999900E+04  -0.999900E+04  -0.999900E+04  -0.999900E+04  -0.289175E+00  -0.999900E+04  -0.999900E+04  -0.999900E+04  -0.999900E+04
   0.200000E+01   0.100000E+01   0.420000E+05   0.259200E+06   0.200000E+01   0.100000E+01   0.420000E+05   0.259200E+06   0.189088E+03  -0.999900E+04  -0.999900E+04  -0.999900E+04  -0.999900E+04   0.189088E+03  -0.999900E+04  -0.999900E+04  -0.999900E+04  -0.999900E+04   0.189118E+03   0.586956E+03   0.142072E+01   0.413821E+02   0.200000E+02  -0.293079E-01  -0.999900E+04  -0.999900E+04  -0.999900E+04  -0.999900E+04  -0.223868E+00  -0.999900E+04  -0.999900E+04  -0.999900E+04  -0.999900E+04
   0.200000E+01   0.100000E+01   0.422000E+05   0.259200E+06   0.200000E+01   0.100000E+01   0.422000E+05   0.259200E+06   0.189121E+03  -0.999900E+04  -0.999900E+04  -0.999900E+04  -0.999900E+04   0.189121E+03  -0.999900E+04  -0.999900E+04  -0.999900E+04  -0.999900E+04   0.189166E+03   0.587719E+03   0.141311E+01   0.414443E+02   0.200000E+02  -0.444494E-01  -0.999900E+04  -0.999900E+04  -0.999900E+04  -0.999900E+04  -0.339526E+00  -0.999900E+04  -0.999900E+04  -0.999900E+04  -0.999900E+04
   0.200000E+01   0.100000E+01   0.424000E+05   0.259200E+06   0.200000E+01   0.100000E+01   0.424000E+05   0.259200E+06   0.189159E+03  -0.999900E+04  -0.999900E+04  -0.999900E+04  -0.999900E+04   0.189159E+03  -0.999900E+04  -0.999900E+04  -0.999900E+04  -0.999900E+04   0.189212E+03   0.588489E+03   0.141775E+01   0.415010E+02   0.200000E+02  -0.529598E-01  -0.999900E+04  -0.999900E+04  -0.999900E+04  -0.999900E+04  -0.404532E+00  -0.999900E+04  -0.999900E+04  -0.999900E+04  -0.999900E+04
   0.200000E+01   0.100000E+01   0.426000E+05   0.259200E+06   0.200000E+01   0.100000E+01   0.426000E+05   0.259200E+06   0.189210E+03  -0.999900E+04  -0.999900E+04  -0.999900E+04  -0.999900E+04   0.189210E+03  -0.999900E+04  -0.999900E+04  -0.999900E+04  -0.999900E+04   0.189259E+03   0.589268E+03   0.142023E+01   0.415959E+02   0.200000E+02  -0.495468E-01  -0.999900E+04  -0.999900E+04  -0.999900E+04  -0.999900E+04  -0.378462E+00  -0.999900E+04  -0.999900E+04  -0.999900E+04  -0.999900E+04
   0.200000E+01   0.100000E+01   0.428000E+05   0.259200E+06   0.200000E+01   0.100000E+01   0.428000E+05   0.259200E+06   0.189281E+03  -0.999900E+04  -0.999900E+04  -0.999900E+04  -0.999900E+04   0.189281E+03  -0.999900E+04  -0.999900E+04  -0.999900E+04  -0.999900E+04   0.189308E+03   0.590055E+03   0.141378E+01   0.416333E+02   0.200000E+02  -0.272224E-01  -0.999900E+04  -0.999900E+04  -0.999900E+04  -0.999900E+04  -0.207937E+00  -0.999900E+04  -0.999900E+04  -0.999900E+04  -0.999900E+04
   0.200000E+01   0.100000E+01   0.429000E+05   0.259200E+06   0.200000E+01   0.100000E+01   0.429000E+05   0.259200E+06   0.189283E+03  -0.999900E+04  -0.999900E+04  -0.999900E+04  -0.999900E+04   0.189283E+03  -0.999900E+04  -0.999900E+04  -0.999900E+04  -0.999900E+04   0.189332E+03   0.590451E+03   0.140722E+01   0.416634E+02   0.200000E+02  -0.494585E-01  -0.999900E+04  -0.999900E+04  -0.999900E+04  -0.999900E+04  -0.377787E+00  -0.999900E+04  -0.999900E+04  -0.999900E+04  -0.999900E+04
   0.200000E+01   0.100000E+01   0.431000E+05   0.259200E+06   0.200000E+01   0.100000E+01   0.431000E+05   0.259200E+06   0.189340E+03  -0.999900E+04  -0.999900E+04  -0.999900E+04  -0.999900E+04   0.189340E+03  -0.999900E+04  -0.999900E+04  -0.999900E+04  -0.999900E+04   0.189379E+03   0.591246E+03   0.140424E+01   0.416861E+02   0.200000E+02  -0.395046E-01  -0.999900E+04  -0.999900E+04  -0.999900E+04  -0.999900E+04  -0.301755E+00  -0.999900E+04  -0.999900E+04  -0.999900E+04  -0.999900E+04
   0.200000E+01   0.100000E+01   0.432000E+05   0.259200E+06   0.200000E+01   0.100000E+01   0.432000E+05   0.259200E+06   0.189387E+03  -0.999900E+04  -0.999900E+04  -0.999900E+04  -0.999900E+04   0.189387E+03  -0.999900E+04  -0.999900E+04  -0.999900E+04  -0.999900E+04   0.189399E+03   0.591641E+03   0.142825E+01   0.417008E+02   0.200000E+02  -0.123835E-01  -0.999900E+04  -0.999900E+04  -0.999900E+04  -0.999900E+04  -0.945914E-01  -0.999900E+04  -0.999900E+04  -0.999900E+04  -0.999900E+04
   0.200000E+01   0.100000E+01   0.432500E+05   0.259200E+06   0.200000E+01   0.100000E+01   0.432500E+05   0.259200E+06   0.189413E+03  -0.999900E+04  -0.999900E+04  -0.999900E+04  -0.999900E+04   0.189413E+03  -0.999900E+04  -0.999900E+04  -0.999900E+04  -0.999900E+04   0.189410E+03   0.591839E+03   0.144230E+01   0.417008E+02   0.200000E+02   0.310151E-02  -0.999900E+04  -0.999900E+04  -0.999900E+04  -0.999900E+04   0.236908E-01  -0.999900E+04  -0.999900E+04  -0.999900E+04  -0.999900E+04
   0.200000E+01   0.100000E+01   0.433500E+05   0.259200E+06   0.200000E+01   0.100000E+01   0.433500E+05   0.259200E+06   0.189436E+03  -0.999900E+04  -0.999900E+04  -0.999900E+04  -0.999900E+04   0.189436E+03  -0.999900E+04  -0.999900E+04  -0.999900E+04  -0.999900E+04   0.189432E+03   0.592231E+03   0.146608E+01   0.417074E+02   0.200000E+02   0.382368E-02  -0.999900E+04  -0.999900E+04  -0.999900E+04  -0.999900E+04   0.292071E-01  -0.999900E+04  -0.999900E+04  -0.999900E+04  -0.999900E+04
   0.200000E+01   0.100000E+01   0.436000E+05   0.259200E+06   0.200000E+01   0.100000E+01   0.436000E+05   0.259200E+06   0.189477E+03  -0.999900E+04  -0.999900E+04  -0.999900E+04  -0.999900E+04   0.189477E+03  -0.999900E+04  -0.999900E+04  -0.999900E+04  -0.999900E+04   0.189506E+03   0.593210E+03   0.141134E+01   0.416953E+02   0.200000E+02  -0.284915E-01  -0.999900E+04  -0.999900E+04  -0.999900E+04  -0.999900E+04  -0.217632E+00  -0.999900E+04  -0.999900E+04  -0.999900E+04  -0.999900E+04
   0.200000E+01   0.100000E+01   0.436500E+05   0.259200E+06   0.200000E+01   0.100000E+01   0.436500E+05   0.259200E+06   0.189514E+03  -0.999900E+04  -0.999900E+04  -0.999900E+04  -0.999900E+04   0.189514E+03  -0.999900E+04  -0.999900E+04  -0.999900E+04  -0.999900E+04   0.189524E+03   0.593407E+03   0.130418E+01   0.416953E+02   0.200000E+02  -0.974104E-02  -0.999900E+04  -0.999900E+04  -0.999900E+04  -0.999900E+04  -0.744067E-01  -0.999900E+04  -0.999900E+04  -0.999900E+04  -0.999900E+04
   0.200000E+01   0.100000E+01   0.437000E+05   0.259200E+06   0.200000E+01   0.100000E+01   0.437000E+05   0.259200E+06   0.189532E+03  -0.999900E+04  -0.999900E+04  -0.999900E+04  -0.999900E+04   0.189532E+03  -0.999900E+04  -0.999900E+04  -0.999900E+04  -0.999900E+04   0.189541E+03   0.593606E+03   0.126883E+01   0.416953E+02   0.200000E+02  -0.911045E-02  -0.999900E+04  -0.999900E+04  -0.999900E+04  -0.999900E+04  -0.695899E-01  -0.999900E+04  -0.999900E+04  -0.999900E+04  -0.999900E+04
   0.200000E+01   0.100000E+01   0.437500E+05   0.259200E+06   0.200000E+01   0.100000E+01   0.437500E+05   0.259200E+06   0.189545E+03  -0.999900E+04  -0.999900E+04  -0.999900E+04  -0.999900E+04   0.189545E+03  -0.999900E+04  -0.999900E+04  -0.999900E+04  -0.999900E+04   0.189555E+03   0.593807E+03   0.123665E+01   0.416762E+02   0.200000E+02  -0.984526E-02  -0.999900E+04  -0.999900E+04  -0.999900E+04  -0.999900E+04  -0.752028E-01  -0.999900E+04  -0.999900E+04  -0.999900E+04  -0.999900E+04
   0.200000E+01   0.100000E+01   0.438500E+05   0.259200E+06   0.200000E+01   0.100000E+01   0.438500E+05   0.259200E+06   0.189573E+03  -0.999900E+04  -0.999900E+04  -0.999900E+04  -0.999900E+04   0.189573E+03  -0.999900E+04  -0.999900E+04  -0.999900E+04  -0.999900E+04   0.189578E+03   0.594215E+03   0.118887E+01   0.416762E+02   0.200000E+02  -0.517241E-02  -0.999900E+04  -0.999900E+04  -0.999900E+04  -0.999900E+04  -0.395093E-01  -0.999900E+04  -0.999900E+04  -0.999900E+04  -0.999900E+04
   0.200000E+01   0.100000E+01   0.440000E+05   0.259200E+06   0.200000E+01   0.100000E+01   0.440000E+05   0.259200E+06   0.189618E+03  -0.999900E+04  -0.999900E+04  -0.999900E+04  -0.999900E+04   0.189618E+03  -0.999900E+04  -0.999900E+04  -0.999900E+04  -0.999900E+04   0.189604E+03   0.594841E+03   0.115695E+01   0.416482E+02   0.200000E+02   0.142334E-01  -0.999900E+04  -0.999900E+04  -0.999900E+04  -0.999900E+04   0.108722E+00  -0.999900E+04  -0.999900E+04  -0.999900E+04  -0.999900E+04
   0.200000E+01   0.100000E+01   0.443200E+05   0.259200E+06   0.200000E+01   0.100000E+01   0.443200E+05   0.259200E+06   0.189748E+03  -0.999900E+04  -0.999900E+04  -0.999900E+04  -0.999900E+04   0.189748E+03  -0.999900E+04  -0.999900E+04  -0.999900E+04  -0.999900E+04   0.189611E+03   0.596176E+03   0.168567E+01   0.415097E+02   0.200000E+02   0.136919E+00  -0.999900E+04  -0.999900E+04  -0.999900E+04  -0.999900E+04   0.104585E+01  -0.999900E+04  -0.999900E+04  -0.999900E+04  -0.999900E+04
   0.200000E+01   0.100000E+01   0.444800E+05   0.259200E+06   0.200000E+01   0.100000E+01   0.444800E+05   0.259200E+06   0.189766E+03  -0.999900E+04  -0.999900E+04  -0.999900E+04  -0.999900E+04   0.189766E+03  -0.999900E+04  -0.999900E+04  -0.999900E+04  -0.999900E+04   0.189665E+03   0.596820E+03   0.188737E+01   0.414451E+02   0.200000E+02   0.100095E+00  -0.999900E+04  -0.999900E+04  -0.999900E+04  -0.999900E+04   0.764571E+00  -0.999900E+04  -0.999900E+04  -0.999900E+04  -0.999900E+04
   0.200000E+01   0.100000E+01   0.451200E+05   0.259200E+06   0.200000E+01   0.100000E+01   0.451200E+05   0.259200E+06   0.189936E+03  -0.999900E+04  -0.999900E+04  -0.999900E+04  -0.999900E+04   0.189936E+03  -0.999900E+04  -0.999900E+04  -0.999900E+04  -0.999900E+04   0.189976E+03   0.599312E+03   0.130832E+01   0.410958E+02   0.200000E+02  -0.403216E-01  -0.999900E+04  -0.999900E+04  -0.999900E+04  -0.999900E+04  -0.307996E+00  -0.999900E+04  -0.999900E+04  -0.999900E+04  -0.999900E+04
   0.200000E+01   0.100000E+01   0.452150E+05   0.259200E+06   0.200000E+01   0.100000E+01   0.452150E+05   0.259200E+06   0.189952E+03  -0.999900E+04  -0.999900E+04  -0.999900E+04  -0.999900E+04   0.189952E+03  -0.999900E+04  -0.999900E+04  -0.999900E+04  -0.999900E+04   0.189993E+03   0.599670E+03   0.130872E+01   0.409861E+02   0.200000E+02  -0.413014E-01  -0.999900E+04  -0.999900E+04  -0.999900E+04  -0.999900E+04  -0.315480E+00  -0.999900E+04  -0.999900E+04  -0.999900E+04  -0.999900E+04
   0.200000E+01   0.100000E+01   0.453100E+05   0.259200E+06   0.200000E+01   0.100000E+01   0.453100E+05   0.259200E+06   0.190009E+03  -0.999900E+04  -0.999900E+04  -0.999900E+04  -0.999900E+04   0.190009E+03  -0.999900E+04  -0.999900E+04  -0.999900E+04  -0.999900E+04   0.190008E+03   0.600019E+03   0.132891E+01   0.409861E+02   0.200000E+02   0.926465E-03  -0.999900E+04  -0.999900E+04  -0.999900E+04  -0.999900E+04   0.707678E-02  -0.999900E+04  -0.999900E+04  -0.999900E+04  -0.999900E+04
   0.200000E+01   0.100000E+01   0.454050E+05   0.259200E+06   0.200000E+01   0.100000E+01   0.454050E+05   0.259200E+06   0.190048E+03  -0.999900E+04  -0.999900E+04  -0.999900E+04  -0.999900E+04   0.190048E+03  -0.999900E+04  -0.999900E+04  -0.999900E+04  -0.999900E+04   0.190021E+03   0.600355E+03   0.136523E+01   0.408678E+02   0.200000E+02   0.269243E-01  -0.999900E+04  -0.999900E+04  -0.999900E+04  -0.999900E+04   0.205661E+00  -0.999900E+04  -0.999900E+04  -0.999900E+04  -0.999900E+04
   0.200000E+01   0.100000E+01   0.455000E+05   0.259200E+06   0.200000E+01   0.100000E+01   0.455000E+05   0.259200E+06   0.190076E+03  -0.999900E+04  -0.999900E+04  -0.999900E+04  -0.999900E+04   0.190076E+03  -0.999900E+04  -0.999900E+04  -0.999900E+04  -0.999900E+04   0.190037E+03   0.600682E+03   0.138331E+01   0.407410E+02   0.200000E+02   0.389331E-01  -0.999900E+04  -0.999900E+04  -0.999900E+04  -0.999900E+04   0.297390E+00  -0.999900E+04  -0.999900E+04  -0.999900E+04  -0.999900E+04
   0.200000E+01   0.100000E+01   0.460000E+05   0.259200E+06   0.200000E+01   0.100000E+01   0.460000E+05   0.259200E+06   0.190163E+03  -0.999900E+04  -0.999900E+04  -0.999900E+04  -0.999900E+04   0.190163E+03  -0.999900E+04  -0.999900E+04  -0.999900E+04  -0.999900E+04   0.190164E+03   0.602616E+03   0.153731E+01   0.403124E+02   0.200000E+02  -0.904736E-03  -0.999900E+04  -0.999900E+04  -0.999900E+04  -0.999900E+04  -0.691081E-02  -0.999900E+04  -0.999900E+04  -0.999900E+04  -0.999900E+04
   0.200000E+01   0.100000E+01   0.460500E+05   0.259200E+06   0.200000E+01   0.100000E+01   0.460500E+05   0.259200E+06   0.190167E+03  -0.999900E+04  -0.999900E+04  -0.999900E+04  -0.999900E+04   0.190167E+03  -0.999900E+04  -0.999900E+04  -0.999900E+04  -0.999900E+04   0.190185E+03   0.602831E+03   0.152283E+01   0.403124E+02   0.200000E+02  -0.179333E-01  -0.999900E+04  -0.999900E+04  -0.999900E+04  -0.999900E+04  -0.136983E+00  -0.999900E+04  -0.999900E+04  -0.999900E+04  -0.999900E+04
   0.200000E+01   0.100000E+01   0.461000E+05   0.259200E+06   0.200000E+01   0.100000E+01   0.461000E+05   0.259200E+06   0.190174E+03  -0.999900E+04  -0.999900E+04  -0.999900E+04  -0.999900E+04   0.190174E+03  -0.999900E+04  -0.999900E+04  -0.999900E+04  -0.999900E+04   0.190207E+03   0.603044E+03   0.150373E+01   0.401544E+02   0.200000E+02  -0.324329E-01  -0.999900E+04  -0.999900E+04  -0.999900E+04  -0.999900E+04  -0.247738E+00  -0.999900E+04  -0.999900E+04  -0.999900E+04  -0.999900E+04
   0.200000E+01   0.100000E+01   0.461500E+05   0.259200E+06   0.200000E+01   0.100000E+01   0.461500E+05   0.259200E+06   0.190167E+03  -0.999900E+04  -0.999900E+04  -0.999900E+04  -0.999900E+04   0.190167E+03  -0.999900E+04  -0.999900E+04  -0.999900E+04  -0.999900E+04   0.190227E+03   0.603254E+03   0.148183E+01   0.401544E+02   0.200000E+02  -0.607780E-01  -0.999900E+04  -0.999900E+04  -0.999900E+04  -0.999900E+04  -0.464251E+00  -0.999900E+04  -0.999900E+04  -0.999900E+04  -0.999900E+04
   0.200000E+01   0.100000E+01   0.462000E+05   0.259200E+06   0.200000E+01   0.100000E+01   0.462000E+05   0.259200E+06   0.190189E+03  -0.999900E+04  -0.999900E+04  -0.999900E+04  -0.999900E+04   0.190189E+03  -0.999900E+04  -0.999900E+04  -0.999900E+04  -0.999900E+04   0.190247E+03   0.603461E+03   0.145854E+01   0.401544E+02   0.200000E+02  -0.579262E-01  -0.999900E+04  -0.999900E+04  -0.999900E+04  -0.999900E+04  -0.442468E+00  -0.999900E+04  -0.999900E+04  -0.999900E+04  -0.999900E+04
   0.200000E+01   0.100000E+01   0.462500E+05   0.259200E+06   0.200000E+01   0.100000E+01   0.462500E+05   0.259200E+06   0.190186E+03  -0.999900E+04  -0.999900E+04  -0.999900E+04  -0.999900E+04   0.190186E+03  -0.999900E+04  -0.999900E+04  -0.999900E+04  -0.999900E+04   0.190265E+03   0.603663E+03   0.143468E+01   0.399895E+02   0.200000E+02  -0.793536E-01  -0.999900E+04  -0.999900E+04  -0.999900E+04  -0.999900E+04  -0.606141E+00  -0.999900E+04  -0.999900E+04  -0.999900E+04  -0.999900E+04
   0.200000E+01   0.100000E+01   0.463000E+05   0.259200E+06   0.200000E+01   0.100000E+01   0.463000E+05   0.259200E+06   0.190186E+03  -0.999900E+04  -0.999900E+04  -0.999900E+04  -0.999900E+04   0.190186E+03  -0.999900E+04  -0.999900E+04  -0.999900E+04  -0.999900E+04   0.190282E+03   0.603862E+03   0.141110E+01   0.399895E+02   0.200000E+02  -0.957977E-01  -0.999900E+04  -0.999900E+04  -0.999900E+04  -0.999900E+04  -0.731748E+00  -0.999900E+04  -0.999900E+04  -0.999900E+04  -0.999900E+04
   0.200000E+01   0.100000E+01   0.463500E+05   0.259200E+06   0.200000E+01   0.100000E+01   0.463500E+05   0.259200E+06   0.190236E+03  -0.999900E+04  -0.999900E+04  -0.999900E+04  -0.999900E+04   0.190236E+03  -0.999900E+04  -0.999900E+04  -0.999900E+04  -0.999900E+04   0.190298E+03   0.604059E+03   0.138896E+01   0.399895E+02   0.200000E+02  -0.619210E-01  -0.999900E+04  -0.999900E+04  -0.999900E+04  -0.999900E+04  -0.472982E+00  -0.999900E+04  -0.999900E+04  -0.999900E+04  -0.999900E+04
   0.200000E+01   0.100000E+01   0.464500E+05   0.259200E+06   0.200000E+01   0.100000E+01   0.464500E+05   0.259200E+06   0.190254E+03  -0.999900E+04  -0.999900E+04  -0.999900E+04  -0.999900E+04   0.190254E+03  -0.999900E+04  -0.999900E+04  -0.999900E+04  -0.999900E+04   0.190326E+03   0.604446E+03   0.135516E+01   0.398180E+02   0.200000E+02  -0.719514E-01  -0.999900E+04  -0.999900E+04  -0.999900E+04  -0.999900E+04  -0.549599E+00  -0.999900E+04  -0.999900E+04  -0.999900E+04  -0.999900E+04
   0.200000E+01   0.100000E+01   0.465000E+05   0.259200E+06   0.200000E+01   0.100000E+01   0.465000E+05   0.259200E+06   0.190272E+03  -0.999900E+04  -0.999900E+04  -0.999900E+04  -0.999900E+04   0.190272E+03  -0.999900E+04  -0.999900E+04  -0.999900E+04  -0.999900E+04   0.190338E+03   0.604638E+03   0.134728E+01   0.398180E+02   0.200000E+02  -0.663517E-01  -0.999900E+04  -0.999900E+04  -0.999900E+04  -0.999900E+04  -0.506825E+00  -0.999900E+04  -0.999900E+04  -0.999900E+04  -0.999900E+04
   0.200000E+01   0.100000E+01   0.470000E+05   0.259200E+06   0.200000E+01   0.100000E+01   0.470000E+05   0.259200E+06   0.190443E+03  -0.999900E+04  -0.999900E+04  -0.999900E+04  -0.999900E+04   0.190443E+03  -0.999900E+04  -0.999900E+04  -0.999900E+04  -0.999900E+04   0.190452E+03   0.606566E+03   0.122458E+01   0.390750E+02   0.200000E+02  -0.898386E-02  -0.999900E+04  -0.999900E+04  -0.999900E+04  -0.999900E+04  -0.686230E-01  -0.999900E+04  -0.999900E+04  -0.999900E+04  -0.999900E+04
   0.200000E+01   0.100000E+01   0.470500E+05   0.259200E+06   0.200000E+01   0.100000E+01   0.470500E+05   0.259200E+06   0.190442E+03  -0.999900E+04  -0.999900E+04  -0.999900E+04  -0.999900E+04   0.190442E+03  -0.999900E+04  -0.999900E+04  -0.999900E+04  -0.999900E+04   0.190459E+03   0.606759E+03   0.122903E+01   0.390750E+02   0.200000E+02  -0.170980E-01  -0.999900E+04  -0.999900E+04  -0.999900E+04  -0.999900E+04  -0.130603E+00  -0.999900E+04  -0.999900E+04  -0.999900E+04  -0.999900E+04
   0.200000E+01   0.100000E+01   0.471000E+05   0.259200E+06   0.200000E+01   0.100000E+01   0.471000E+05   0.259200E+06   0.190456E+03  -0.999900E+04  -0.999900E+04  -0.999900E+04  -0.999900E+04   0.190456E+03  -0.999900E+04  -0.999900E+04  -0.999900E+04  -0.999900E+04   0.190465E+03   0.606951E+03   0.124478E+01   0.390750E+02   0.200000E+02  -0.905410E-02  -0.999900E+04  -0.999900E+04  -0.999900E+04  -0.999900E+04  -0.691595E-01  -0.999900E+04  -0.999900E+04  -0.999900E+04  -0.999900E+04
   0.200000E+01   0.100000E+01   0.471500E+05   0.259200E+06   0.200000E+01   0.100000E+01   0.471500E+05   0.259200E+06   0.190468E+03  -0.999900E+04  -0.999900E+04  -0.999900E+04  -0.999900E+04   0.190468E+03  -0.999900E+04  -0.999900E+04  -0.999900E+04  -0.999900E+04   0.190471E+03   0.607138E+03   0.126845E+01   0.388776E+02   0.200000E+02  -0.248623E-02  -0.999900E+04  -0.999900E+04  -0.999900E+04  -0.999900E+04  -0.189910E-01  -0.999900E+04  -0.999900E+04  -0.999900E+04  -0.999900E+04
   0.200000E+01   0.100000E+01   0.472500E+05   0.259200E+06   0.200000E+01   0.100000E+01   0.472500E+05   0.259200E+06   0.190528E+03  -0.999900E+04  -0.999900E+04  -0.999900E+04  -0.999900E+04   0.190528E+03  -0.999900E+04  -0.999900E+04  -0.999900E+04  -0.999900E+04   0.190481E+03   0.607495E+03   0.132564E+01   0.386765E+02   0.200000E+02   0.470514E-01  -0.999900E+04  -0.999900E+04  -0.999900E+04  -0.999900E+04   0.359401E+00  -0.999900E+04  -0.999900E+04  -0.999900E+04  -0.999900E+04
   0.200000E+01   0.100000E+01   0.473000E+05   0.259200E+06   0.200000E+01   0.100000E+01   0.473000E+05   0.259200E+06   0.190534E+03  -0.999900E+04  -0.999900E+04  -0.999900E+04  -0.999900E+04   0.190534E+03  -0.999900E+04  -0.999900E+04  -0.999900E+04  -0.999900E+04   0.190487E+03   0.607663E+03   0.135259E+01   0.386765E+02   0.200000E+02   0.469277E-01  -0.999900E+04  -0.999900E+04  -0.999900E+04  -0.999900E+04   0.358456E+00  -0.999900E+04  -0.999900E+04  -0.999900E+04  -0.999900E+04
   0.200000E+01   0.100000E+01   0.473500E+05   0.259200E+06   0.200000E+01   0.100000E+01   0.473500E+05   0.259200E+06   0.190560E+03  -0.999900E+04  -0.999900E+04  -0.999900E+04  -0.999900E+04   0.190560E+03  -0.999900E+04  -0.999900E+04  -0.999900E+04  -0.999900E+04   0.190493E+03   0.607824E+03   0.137496E+01   0.386765E+02   0.200000E+02   0.667632E-01  -0.999900E+04  -0.999900E+04  -0.999900E+04  -0.999900E+04   0.509969E+00  -0.999900E+04  -0.999900E+04  -0.999900E+04  -0.999900E+04
   0.200000E+01   0.100000E+01   0.474000E+05   0.259200E+06   0.200000E+01   0.100000E+01   0.474000E+05   0.259200E+06   0.190548E+03  -0.999900E+04  -0.999900E+04  -0.999900E+04  -0.999900E+04   0.190548E+03  -0.999900E+04  -0.999900E+04  -0.999900E+04  -0.999900E+04   0.190500E+03   0.607979E+03   0.139108E+01   0.384726E+02   0.200000E+02   0.483136E-01  -0.999900E+04  -0.999900E+04  -0.999900E+04  -0.999900E+04   0.369042E+00  -0.999900E+04  -0.999900E+04  -0.999900E+04  -0.999900E+04
   0.200000E+01   0.100000E+01   0.475000E+05   0.259200E+06   0.200000E+01   0.100000E+01   0.475000E+05   0.259200E+06   0.190569E+03  -0.999900E+04  -0.999900E+04  -0.999900E+04  -0.999900E+04   0.190569E+03  -0.999900E+04  -0.999900E+04  -0.999900E+04  -0.999900E+04   0.190517E+03   0.608278E+03   0.140157E+01   0.384726E+02   0.200000E+02   0.518306E-01  -0.999900E+04  -0.999900E+04  -0.999900E+04  -0.999900E+04   0.395907E+00  -0.999900E+04  -0.999900E+04  -0.999900E+04  -0.999900E+04
   0.200000E+01   0.100000E+01   0.475500E+05   0.259200E+06   0.200000E+01   0.100000E+01   0.475500E+05   0.259200E+06   0.190576E+03  -0.999900E+04  -0.999900E+04  -0.999900E+04  -0.999900E+04   0.190576E+03  -0.999900E+04  -0.999900E+04  -0.999900E+04  -0.999900E+04   0.190526E+03   0.608428E+03   0.140237E+01   0.382663E+02   0.200000E+02   0.498753E-01  -0.999900E+04  -0.999900E+04  -0.999900E+04  -0.999900E+04   0.380971E+00  -0.999900E+04  -0.999900E+04  -0.999900E+04  -0.999900E+04
   0.200000E+01   0.100000E+01   0.477000E+05   0.259200E+06   0.200000E+01   0.100000E+01   0.477000E+05   0.259200E+06   0.190633E+03  -0.999900E+04  -0.999900E+04  -0.999900E+04  -0.999900E+04   0.190633E+03  -0.999900E+04  -0.999900E+04  -0.999900E+04  -0.999900E+04   0.190552E+03   0.608898E+03   0.143497E+01   0.380583E+02   0.200000E+02   0.813727E-01  -0.999900E+04  -0.999900E+04  -0.999900E+04  -0.999900E+04   0.621563E+00  -0.999900E+04  -0.999900E+04  -0.999900E+04  -0.999900E+04
   0.200000E+01   0.100000E+01   0.477500E+05   0.259200E+06   0.200000E+01   0.100000E+01   0.477500E+05   0.259200E+06   0.190634E+03  -0.999900E+04  -0.999900E+04  -0.999900E+04  -0.999900E+04   0.190634E+03  -0.999900E+04  -0.999900E+04  -0.999900E+04  -0.999900E+04   0.190561E+03   0.609064E+03   0.145319E+01   0.380583E+02   0.200000E+02   0.735311E-01  -0.999900E+04  -0.999900E+04  -0.999900E+04  -0.999900E+04   0.561665E+00  -0.999900E+04  -0.999900E+04  -0.999900E+04  -0.999900E+04
   0.200000E+01   0.100000E+01   0.478000E+05   0.259200E+06   0.200000E+01   0.100000E+01   0.478000E+05   0.259200E+06   0.190624E+03  -0.999900E+04  -0.999900E+04  -0.999900E+04  -0.999900E+04   0.190624E+03  -0.999900E+04  -0.999900E+04  -0.999900E+04  -0.999900E+04   0.190570E+03   0.609234E+03   0.147324E+01   0.380583E+02   0.200000E+02   0.537096E-01  -0.999900E+04  -0.999900E+04  -0.999900E+04  -0.999900E+04   0.410259E+00  -0.999900E+04  -0.999900E+04  -0.999900E+04  -0.999900E+04
   0.200000E+01   0.100000E+01   0.478500E+05   0.259200E+06   0.200000E+01   0.100000E+01   0.478500E+05   0.259200E+06   0.190632E+03  -0.999900E+04  -0.999900E+04  -0.999900E+04  -0.999900E+04   0.190632E+03  -0.999900E+04  -0.999900E+04  -0.999900E+04  -0.999900E+04   0.190581E+03   0.609409E+03   0.149291E+01   0.378495E+02   0.200000E+02   0.510352E-01  -0.999900E+04  -0.999900E+04  -0.999900E+04  -0.999900E+04   0.389831E+00  -0.999900E+04  -0.999900E+04  -0.999900E+04  -0.999900E+04
   0.200000E+01   0.100000E+01   0.479500E+05   0.259200E+06   0.200000E+01   0.100000E+01   0.479500E+05   0.259200E+06   0.190661E+03  -0.999900E+04  -0.999900E+04  -0.999900E+04  -0.999900E+04   0.190661E+03  -0.999900E+04  -0.999900E+04  -0.999900E+04  -0.999900E+04   0.190607E+03   0.609767E+03   0.151877E+01   0.378495E+02   0.200000E+02   0.545479E-01  -0.999900E+04  -0.999900E+04  -0.999900E+04  -0.999900E+04   0.416663E+00  -0.999900E+04  -0.999900E+04  -0.999900E+04  -0.999900E+04
   0.200000E+01   0.100000E+01   0.480000E+05   0.259200E+06   0.200000E+01   0.100000E+01   0.480000E+05   0.259200E+06   0.190640E+03  -0.999900E+04  -0.999900E+04  -0.999900E+04  -0.999900E+04   0.190640E+03  -0.999900E+04  -0.999900E+04  -0.999900E+04  -0.999900E+04   0.190622E+03   0.609949E+03   0.151802E+01   0.376404E+02   0.200000E+02   0.179550E-01  -0.999900E+04  -0.999900E+04  -0.999900E+04  -0.999900E+04   0.137149E+00  -0.999900E+04  -0.999900E+04  -0.999900E+04  -0.999900E+04
   0.200000E+01   0.100000E+01   0.481000E+05   0.259200E+06   0.200000E+01   0.100000E+01   0.481000E+05   0.259200E+06   0.190644E+03  -0.999900E+04  -0.999900E+04  -0.999900E+04  -0.999900E+04   0.190644E+03  -0.999900E+04  -0.999900E+04  -0.999900E+04  -0.999900E+04   0.190650E+03   0.610314E+03   0.155028E+01   0.376404E+02   0.200000E+02  -0.523450E-02  -0.999900E+04  -0.999900E+04  -0.999900E+04  -0.999900E+04  -0.399836E-01  -0.999900E+04  -0.999900E+04  -0.999900E+04  -0.999900E+04
   0.200000E+01   0.100000E+01   0.481500E+05   0.259200E+06   0.200000E+01   0.100000E+01   0.481500E+05   0.259200E+06   0.190709E+03  -0.999900E+04  -0.999900E+04  -0.999900E+04  -0.999900E+04   0.190709E+03  -0.999900E+04  -0.999900E+04  -0.999900E+04  -0.999900E+04   0.190661E+03   0.610498E+03   0.158989E+01   0.374320E+02   0.200000E+02   0.480604E-01  -0.999900E+04  -0.999900E+04  -0.999900E+04  -0.999900E+04   0.367108E+00  -0.999900E+04  -0.999900E+04  -0.999900E+04  -0.999900E+04
   0.200000E+01   0.100000E+01   0.482000E+05   0.259200E+06   0.200000E+01   0.100000E+01   0.482000E+05   0.259200E+06   0.190732E+03  -0.999900E+04  -0.999900E+04  -0.999900E+04  -0.999900E+04   0.190732E+03  -0.999900E+04  -0.999900E+04  -0.999900E+04  -0.999900E+04   0.190674E+03   0.610683E+03   0.163496E+01   0.374320E+02   0.200000E+02   0.587923E-01  -0.999900E+04  -0.999900E+04  -0.999900E+04  -0.999900E+04   0.449084E+00  -0.999900E+04  -0.999900E+04  -0.999900E+04  -0.999900E+04
   0.200000E+01   0.100000E+01   0.483000E+05   0.259200E+06   0.200000E+01   0.100000E+01   0.483000E+05   0.259200E+06   0.190753E+03  -0.999900E+04  -0.999900E+04  -0.999900E+04  -0.999900E+04   0.190753E+03  -0.999900E+04  -0.999900E+04  -0.999900E+04  -0.999900E+04   0.190706E+03   0.611058E+03   0.171231E+01   0.372249E+02   0.200000E+02   0.475437E-01  -0.999900E+04  -0.999900E+04  -0.999900E+04  -0.999900E+04   0.363161E+00  -0.999900E+04  -0.999900E+04  -0.999900E+04  -0.999900E+04
   0.200000E+01   0.100000E+01   0.483500E+05   0.259200E+06   0.200000E+01   0.100000E+01   0.483500E+05   0.259200E+06   0.190767E+03  -0.999900E+04  -0.999900E+04  -0.999900E+04  -0.999900E+04   0.190767E+03  -0.999900E+04  -0.999900E+04  -0.999900E+04  -0.999900E+04   0.190728E+03   0.611249E+03   0.173390E+01   0.372249E+02   0.200000E+02   0.394642E-01  -0.999900E+04  -0.999900E+04  -0.999900E+04  -0.999900E+04   0.301446E+00  -0.999900E+04  -0.999900E+04  -0.999900E+04  -0.999900E+04
   0.200000E+01   0.100000E+01   0.484000E+05   0.259200E+06   0.200000E+01   0.100000E+01   0.484000E+05   0.259200E+06   0.190777E+03  -0.999900E+04  -0.999900E+04  -0.999900E+04  -0.999900E+04   0.190777E+03  -0.999900E+04  -0.999900E+04  -0.999900E+04  -0.999900E+04   0.190754E+03   0.611443E+03   0.174180E+01   0.372249E+02   0.200000E+02   0.230769E-01  -0.999900E+04  -0.999900E+04  -0.999900E+04  -0.999900E+04   0.176272E+00  -0.999900E+04  -0.999900E+04  -0.999900E+04  -0.999900E+04
   0.200000E+01   0.100000E+01   0.484500E+05   0.259200E+06   0.200000E+01   0.100000E+01   0.484500E+05   0.259200E+06   0.190787E+03  -0.999900E+04  -0.999900E+04  -0.999900E+04  -0.999900E+04   0.190787E+03  -0.999900E+04  -0.999900E+04  -0.999900E+04  -0.999900E+04   0.190782E+03   0.611637E+03   0.173750E+01   0.370200E+02   0.200000E+02   0.417507E-02  -0.999900E+04  -0.999900E+04  -0.999900E+04  -0.999900E+04   0.318912E-01  -0.999900E+04  -0.999900E+04  -0.999900E+04  -0.999900E+04
   0.200000E+01   0.100000E+01   0.485000E+05   0.259200E+06   0.200000E+01   0.100000E+01   0.485000E+05   0.259200E+06   0.190792E+03  -0.999900E+04  -0.999900E+04  -0.999900E+04  -0.999900E+04   0.190792E+03  -0.999900E+04  -0.999900E+04  -0.999900E+04  -0.999900E+04   0.190813E+03   0.611832E+03   0.172342E+01   0.370200E+02   0.200000E+02  -0.208357E-01  -0.999900E+04  -0.999900E+04  -0.999900E+04  -0.999900E+04  -0.159153E+00  -0.999900E+04  -0.999900E+04  -0.999900E+04  -0.999900E+04
   0.200000E+01   0.100000E+01   0.485500E+05   0.259200E+06   0.200000E+01   0.100000E+01   0.485500E+05   0.259200E+06   0.190792E+03  -0.999900E+04  -0.999900E+04  -0.999900E+04  -0.999900E+04   0.190792E+03  -0.999900E+04  -0.999900E+04  -0.999900E+04  -0.999900E+04   0.190844E+03   0.612026E+03   0.170114E+01   0.370200E+02   0.200000E+02  -0.515737E-01  -0.999900E+04  -0.999900E+04  -0.999900E+04  -0.999900E+04  -0.393944E+00  -0.999900E+04  -0.999900E+04  -0.999900E+04  -0.999900E+04
   0.200000E+01   0.100000E+01   0.486000E+05   0.259200E+06   0.200000E+01   0.100000E+01   0.486000E+05   0.259200E+06   0.190835E+03  -0.999900E+04  -0.999900E+04  -0.999900E+04  -0.999900E+04   0.190835E+03  -0.999900E+04  -0.999900E+04  -0.999900E+04  -0.999900E+04   0.190874E+03   0.612216E+03   0.167398E+01   0.368182E+02   0.200000E+02  -0.385946E-01  -0.999900E+04  -0.999900E+04  -0.999900E+04  -0.999900E+04  -0.294804E+00  -0.999900E+04  -0.999900E+04  -0.999900E+04  -0.999900E+04
   0.200000E+01   0.100000E+01   0.486500E+05   0.259200E+06   0.200000E+01   0.100000E+01   0.486500E+05   0.259200E+06   0.190858E+03  -0.999900E+04  -0.999900E+04  -0.999900E+04  -0.999900E+04   0.190858E+03  -0.999900E+04  -0.999900E+04  -0.999900E+04  -0.999900E+04   0.190902E+03   0.612400E+03   0.164645E+01   0.368182E+02   0.200000E+02  -0.435233E-01  -0.999900E+04  -0.999900E+04  -0.999900E+04  -0.999900E+04  -0.332452E+00  -0.999900E+04  -0.999900E+04  -0.999900E+04  -0.999900E+04
   0.200000E+01   0.100000E+01   0.487000E+05   0.259200E+06   0.200000E+01   0.100000E+01   0.487000E+05   0.259200E+06   0.190864E+03  -0.999900E+04  -0.999900E+04  -0.999900E+04  -0.999900E+04   0.190864E+03  -0.999900E+04  -0.999900E+04  -0.999900E+04  -0.999900E+04   0.190928E+03   0.612579E+03   0.162199E+01   0.368182E+02   0.200000E+02  -0.633581E-01  -0.999900E+04  -0.999900E+04  -0.999900E+04  -0.999900E+04  -0.483959E+00  -0.999900E+04  -0.999900E+04  -0.999900E+04  -0.999900E+04
   0.200000E+01   0.100000E+01   0.487500E+05   0.259200E+06   0.200000E+01   0.100000E+01   0.487500E+05   0.259200E+06   0.190882E+03  -0.999900E+04  -0.999900E+04  -0.999900E+04  -0.999900E+04   0.190882E+03  -0.999900E+04  -0.999900E+04  -0.999900E+04  -0.999900E+04   0.190951E+03   0.612750E+03   0.160251E+01   0.366204E+02   0.200000E+02  -0.685989E-01  -0.999900E+04  -0.999900E+04  -0.999900E+04  -0.999900E+04  -0.523991E+00  -0.999900E+04  -0.999900E+04  -0.999900E+04  -0.999900E+04
   0.200000E+01   0.100000E+01   0.488000E+05   0.259200E+06   0.200000E+01   0.100000E+01   0.488000E+05   0.259200E+06   0.190886E+03  -0.999900E+04  -0.999900E+04  -0.999900E+04  -0.999900E+04   0.190886E+03  -0.999900E+04  -0.999900E+04  -0.999900E+04  -0.999900E+04   0.190971E+03   0.612915E+03   0.158859E+01   0.366204E+02   0.200000E+02  -0.850440E-01  -0.999900E+04  -0.999900E+04  -0.999900E+04  -0.999900E+04  -0.649606E+00  -0.999900E+04  -0.999900E+04  -0.999900E+04  -0.999900E+04
   0.200000E+01   0.100000E+01   0.488500E+05   0.259200E+06   0.200000E+01   0.100000E+01   0.488500E+05   0.259200E+06   0.190951E+03  -0.999900E+04  -0.999900E+04  -0.999900E+04  -0.999900E+04   0.190951E+03  -0.999900E+04  -0.999900E+04  -0.999900E+04  -0.999900E+04   0.190990E+03   0.613074E+03   0.157972E+01   0.366204E+02   0.200000E+02  -0.387139E-01  -0.999900E+04  -0.999900E+04  -0.999900E+04  -0.999900E+04  -0.295715E+00  -0.999900E+04  -0.999900E+04  -0.999900E+04  -0.999900E+04
   0.200000E+01   0.100000E+01   0.489000E+05   0.259200E+06   0.200000E+01   0.100000E+01   0.489000E+05   0.259200E+06   0.190958E+03  -0.999900E+04  -0.999900E+04  -0.999900E+04  -0.999900E+04   0.190958E+03  -0.999900E+04  -0.999900E+04  -0.999900E+04  -0.999900E+04   0.191007E+03   0.613228E+03   0.157431E+01   0.364276E+02   0.200000E+02  -0.486801E-01  -0.999900E+04  -0.999900E+04  -0.999900E+04  -0.999900E+04  -0.371842E+00  -0.999900E+04  -0.999900E+04  -0.999900E+04  -0.999900E+04
   0.200000E+01   0.100000E+01   0.489500E+05   0.259200E+06   0.200000E+01   0.100000E+01   0.489500E+05   0.259200E+06   0.190991E+03  -0.999900E+04  -0.999900E+04  -0.999900E+04  -0.999900E+04   0.190991E+03  -0.999900E+04  -0.999900E+04  -0.999900E+04  -0.999900E+04   0.191023E+03   0.613378E+03   0.157020E+01   0.364276E+02   0.200000E+02  -0.321375E-01  -0.999900E+04  -0.999900E+04  -0.999900E+04  -0.999900E+04  -0.245481E+00  -0.999900E+04  -0.999900E+04  -0.999900E+04  -0.999900E+04
   0.200000E+01   0.100000E+01   0.490500E+05   0.259200E+06   0.200000E+01   0.100000E+01   0.490500E+05   0.259200E+06   0.191022E+03  -0.999900E+04  -0.999900E+04  -0.999900E+04  -0.999900E+04   0.191022E+03  -0.999900E+04  -0.999900E+04  -0.999900E+04  -0.999900E+04   0.191059E+03   0.613678E+03   0.143812E+01   0.362406E+02   0.200000E+02  -0.366531E-01  -0.999900E+04  -0.999900E+04  -0.999900E+04  -0.999900E+04  -0.279974E+00  -0.999900E+04  -0.999900E+04  -0.999900E+04  -0.999900E+04
   0.200000E+01   0.100000E+01   0.491000E+05   0.259200E+06   0.200000E+01   0.100000E+01   0.491000E+05   0.259200E+06   0.191013E+03  -0.999900E+04  -0.999900E+04  -0.999900E+04  -0.999900E+04   0.191013E+03  -0.999900E+04  -0.999900E+04  -0.999900E+04  -0.999900E+04   0.191076E+03   0.613824E+03   0.155358E+01   0.362406E+02   0.200000E+02  -0.630803E-01  -0.999900E+04  -0.999900E+04  -0.999900E+04  -0.999900E+04  -0.481837E+00  -0.999900E+04  -0.999900E+04  -0.999900E+04  -0.999900E+04
   0.200000E+01   0.100000E+01   0.491500E+05   0.259200E+06   0.200000E+01   0.100000E+01   0.491500E+05   0.259200E+06   0.191045E+03  -0.999900E+04  -0.999900E+04  -0.999900E+04  -0.999900E+04   0.191045E+03  -0.999900E+04  -0.999900E+04  -0.999900E+04  -0.999900E+04   0.191094E+03   0.613968E+03   0.153558E+01   0.362406E+02   0.200000E+02  -0.486331E-01  -0.999900E+04  -0.999900E+04  -0.999900E+04  -0.999900E+04  -0.371483E+00  -0.999900E+04  -0.999900E+04  -0.999900E+04  -0.999900E+04
   0.200000E+01   0.100000E+01   0.492000E+05   0.259200E+06   0.200000E+01   0.100000E+01   0.492000E+05   0.259200E+06   0.191059E+03  -0.999900E+04  -0.999900E+04  -0.999900E+04  -0.999900E+04   0.191059E+03  -0.999900E+04  -0.999900E+04  -0.999900E+04  -0.999900E+04   0.191114E+03   0.614118E+03   0.149975E+01   0.360604E+02   0.200000E+02  -0.552273E-01  -0.999900E+04  -0.999900E+04  -0.999900E+04  -0.999900E+04  -0.421852E+00  -0.999900E+04  -0.999900E+04  -0.999900E+04  -0.999900E+04
   0.200000E+01   0.100000E+01   0.492500E+05   0.259200E+06   0.200000E+01   0.100000E+01   0.492500E+05   0.259200E+06   0.191072E+03  -0.999900E+04  -0.999900E+04  -0.999900E+04  -0.999900E+04   0.191072E+03  -0.999900E+04  -0.999900E+04  -0.999900E+04  -0.999900E+04   0.191136E+03   0.614275E+03   0.144917E+01   0.360604E+02   0.200000E+02  -0.639168E-01  -0.999900E+04  -0.999900E+04  -0.999900E+04  -0.999900E+04  -0.488227E+00  -0.999900E+04  -0.999900E+04  -0.999900E+04  -0.999900E+04
   0.200000E+01   0.100000E+01   0.493000E+05   0.259200E+06   0.200000E+01   0.100000E+01   0.493000E+05   0.259200E+06   0.191163E+03  -0.999900E+04  -0.999900E+04  -0.999900E+04  -0.999900E+04   0.191163E+03  -0.999900E+04  -0.999900E+04  -0.999900E+04  -0.999900E+04   0.191158E+03   0.614442E+03   0.139273E+01   0.360604E+02   0.200000E+02   0.510723E-02  -0.999900E+04  -0.999900E+04  -0.999900E+04  -0.999900E+04   0.390114E-01  -0.999900E+04  -0.999900E+04  -0.999900E+04  -0.999900E+04
   0.200000E+01   0.100000E+01   0.493500E+05   0.259200E+06   0.200000E+01   0.100000E+01   0.493500E+05   0.259200E+06   0.191154E+03  -0.999900E+04  -0.999900E+04  -0.999900E+04  -0.999900E+04   0.191154E+03  -0.999900E+04  -0.999900E+04  -0.999900E+04  -0.999900E+04   0.191178E+03   0.614619E+03   0.133951E+01   0.358882E+02   0.200000E+02  -0.232276E-01  -0.999900E+04  -0.999900E+04  -0.999900E+04  -0.999900E+04  -0.177423E+00  -0.999900E+04  -0.999900E+04  -0.999900E+04  -0.999900E+04
   0.200000E+01   0.100000E+01   0.494000E+05   0.259200E+06   0.200000E+01   0.100000E+01   0.494000E+05   0.259200E+06   0.191172E+03  -0.999900E+04  -0.999900E+04  -0.999900E+04  -0.999900E+04   0.191172E+03  -0.999900E+04  -0.999900E+04  -0.999900E+04  -0.999900E+04   0.191195E+03   0.614804E+03   0.129588E+01   0.358882E+02   0.200000E+02  -0.231193E-01  -0.999900E+04  -0.999900E+04  -0.999900E+04  -0.999900E+04  -0.176596E+00  -0.999900E+04  -0.999900E+04  -0.999900E+04  -0.999900E+04
   0.200000E+01   0.100000E+01   0.495000E+05   0.259200E+06   0.200000E+01   0.100000E+01   0.495000E+05   0.259200E+06   0.191230E+03  -0.999900E+04  -0.999900E+04  -0.999900E+04  -0.999900E+04   0.191230E+03  -0.999900E+04  -0.999900E+04  -0.999900E+04  -0.999900E+04   0.191223E+03   0.615194E+03   0.125281E+01   0.357249E+02   0.200000E+02   0.621133E-02  -0.999900E+04  -0.999900E+04  -0.999900E+04  -0.999900E+04   0.474451E-01  -0.999900E+04  -0.999900E+04  -0.999900E+04  -0.999900E+04
   0.200000E+01   0.100000E+01   0.500000E+05   0.259200E+06   0.200000E+01   0.100000E+01   0.500000E+05   0.259200E+06   0.191323E+03  -0.999900E+04  -0.999900E+04  -0.999900E+04  -0.999900E+04   0.191323E+03  -0.999900E+04  -0.999900E+04  -0.999900E+04  -0.999900E+04   0.191345E+03   0.617322E+03   0.133673E+01   0.352997E+02   0.200000E+02  -0.213181E-01  -0.999900E+04  -0.999900E+04  -0.999900E+04  -0.999900E+04  -0.162838E+00  -0.999900E+04  -0.999900E+04  -0.999900E+04  -0.999900E+04
   0.200000E+01   0.100000E+01   0.500800E+05   0.259200E+06   0.200000E+01   0.100000E+01   0.500800E+05   0.259200E+06   0.191363E+03  -0.999900E+04  -0.999900E+04  -0.999900E+04  -0.999900E+04   0.191363E+03  -0.999900E+04  -0.999900E+04  -0.999900E+04  -0.999900E+04   0.191375E+03   0.617681E+03   0.129303E+01   0.351835E+02   0.200000E+02  -0.119441E-01  -0.999900E+04  -0.999900E+04  -0.999900E+04  -0.999900E+04  -0.912350E-01  -0.999900E+04  -0.999900E+04  -0.999900E+04  -0.999900E+04
   0.200000E+01   0.100000E+01   0.501200E+05   0.259200E+06   0.200000E+01   0.100000E+01   0.501200E+05   0.259200E+06   0.191381E+03  -0.999900E+04  -0.999900E+04  -0.999900E+04  -0.999900E+04   0.191381E+03  -0.999900E+04  -0.999900E+04  -0.999900E+04  -0.999900E+04   0.191390E+03   0.617855E+03   0.126032E+01   0.351835E+02   0.200000E+02  -0.870620E-02  -0.999900E+04  -0.999900E+04  -0.999900E+04  -0.999900E+04  -0.665021E-01  -0.999900E+04  -0.999900E+04  -0.999900E+04  -0.999900E+04
   0.200000E+01   0.100000E+01   0.501600E+05   0.259200E+06   0.200000E+01   0.100000E+01   0.501600E+05   0.259200E+06   0.191402E+03  -0.999900E+04  -0.999900E+04  -0.999900E+04  -0.999900E+04   0.191402E+03  -0.999900E+04  -0.999900E+04  -0.999900E+04  -0.999900E+04   0.191403E+03   0.618022E+03   0.123051E+01   0.351835E+02   0.200000E+02  -0.944019E-03  -0.999900E+04  -0.999900E+04  -0.999900E+04  -0.999900E+04  -0.721086E-02  -0.999900E+04  -0.999900E+04  -0.999900E+04  -0.999900E+04
   0.200000E+01   0.100000E+01   0.502400E+05   0.259200E+06   0.200000E+01   0.100000E+01   0.502400E+05   0.259200E+06   0.191430E+03  -0.999900E+04  -0.999900E+04  -0.999900E+04  -0.999900E+04   0.191430E+03  -0.999900E+04  -0.999900E+04  -0.999900E+04  -0.999900E+04   0.191424E+03   0.618338E+03   0.119227E+01   0.350819E+02   0.200000E+02   0.644817E-02  -0.999900E+04  -0.999900E+04  -0.999900E+04  -0.999900E+04   0.492542E-01  -0.999900E+04  -0.999900E+04  -0.999900E+04  -0.999900E+04
   0.200000E+01   0.100000E+01   0.502800E+05   0.259200E+06   0.200000E+01   0.100000E+01   0.502800E+05   0.259200E+06   0.191437E+03  -0.999900E+04  -0.999900E+04  -0.999900E+04  -0.999900E+04   0.191437E+03  -0.999900E+04  -0.999900E+04  -0.999900E+04  -0.999900E+04   0.191432E+03   0.618487E+03   0.118385E+01   0.350819E+02   0.200000E+02   0.514412E-02  -0.999900E+04  -0.999900E+04  -0.999900E+04  -0.999900E+04   0.392932E-01  -0.999900E+04  -0.999900E+04  -0.999900E+04  -0.999900E+04
   0.200000E+01   0.100000E+01   0.503600E+05   0.259200E+06   0.200000E+01   0.100000E+01   0.503600E+05   0.259200E+06   0.191465E+03  -0.999900E+04  -0.999900E+04  -0.999900E+04  -0.999900E+04   0.191465E+03  -0.999900E+04  -0.999900E+04  -0.999900E+04  -0.999900E+04   0.191445E+03   0.618771E+03   0.117857E+01   0.349962E+02   0.200000E+02   0.199469E-01  -0.999900E+04  -0.999900E+04  -0.999900E+04  -0.999900E+04   0.152364E+00  -0.999900E+04  -0.999900E+04  -0.999900E+04  -0.999900E+04
   0.200000E+01   0.100000E+01   0.505000E+05   0.259200E+06   0.200000E+01   0.100000E+01   0.505000E+05   0.259200E+06   0.191497E+03  -0.999900E+04  -0.999900E+04  -0.999900E+04  -0.999900E+04   0.191497E+03  -0.999900E+04  -0.999900E+04  -0.999900E+04  -0.999900E+04   0.191468E+03   0.619278E+03   0.117169E+01   0.349279E+02   0.200000E+02   0.282094E-01  -0.999900E+04  -0.999900E+04  -0.999900E+04  -0.999900E+04   0.215477E+00  -0.999900E+04  -0.999900E+04  -0.999900E+04  -0.999900E+04
   0.200000E+01   0.100000E+01   0.510000E+05   0.259200E+06   0.200000E+01   0.100000E+01   0.510000E+05   0.259200E+06   0.191703E+03  -0.999900E+04  -0.999900E+04  -0.999900E+04  -0.999900E+04   0.191703E+03  -0.999900E+04  -0.999900E+04  -0.999900E+04  -0.999900E+04   0.191555E+03   0.621299E+03   0.130821E+01   0.348393E+02   0.200000E+02   0.148660E+00  -0.999900E+04  -0.999900E+04  -0.999900E+04  -0.999900E+04   0.113553E+01  -0.999900E+04  -0.999900E+04  -0.999900E+04  -0.999900E+04
   0.200000E+01   0.100000E+01   0.515000E+05   0.259200E+06   0.200000E+01   0.100000E+01   0.515000E+05   0.259200E+06   0.191792E+03  -0.999900E+04  -0.999900E+04  -0.999900E+04  -0.999900E+04   0.191792E+03  -0.999900E+04  -0.999900E+04  -0.999900E+04  -0.999900E+04   0.191746E+03   0.623482E+03   0.152654E+01   0.349550E+02   0.200000E+02   0.459199E-01  -0.999900E+04  -0.999900E+04  -0.999900E+04  -0.999900E+04   0.350758E+00  -0.999900E+04  -0.999900E+04  -0.999900E+04  -0.999900E+04
   0.200000E+01   0.100000E+01   0.516000E+05   0.259200E+06   0.200000E+01   0.100000E+01   0.516000E+05   0.259200E+06   0.191839E+03  -0.999900E+04  -0.999900E+04  -0.999900E+04  -0.999900E+04   0.191839E+03  -0.999900E+04  -0.999900E+04  -0.999900E+04  -0.999900E+04   0.191806E+03   0.623908E+03   0.146603E+01   0.350457E+02   0.200000E+02   0.337749E-01  -0.999900E+04  -0.999900E+04  -0.999900E+04  -0.999900E+04   0.257989E+00  -0.999900E+04  -0.999900E+04  -0.999900E+04  -0.999900E+04
   0.200000E+01   0.100000E+01   0.517500E+05   0.259200E+06   0.200000E+01   0.100000E+01   0.517500E+05   0.259200E+06   0.191885E+03  -0.999900E+04  -0.999900E+04  -0.999900E+04  -0.999900E+04   0.191885E+03  -0.999900E+04  -0.999900E+04  -0.999900E+04  -0.999900E+04   0.191878E+03   0.624507E+03   0.136065E+01   0.351651E+02   0.200000E+02   0.722126E-02  -0.999900E+04  -0.999900E+04  -0.999900E+04  -0.999900E+04   0.551594E-01  -0.999900E+04  -0.999900E+04  -0.999900E+04  -0.999900E+04
   0.200000E+01   0.100000E+01   0.519500E+05   0.259200E+06   0.200000E+01   0.100000E+01   0.519500E+05   0.259200E+06   0.191997E+03  -0.999900E+04  -0.999900E+04  -0.999900E+04  -0.999900E+04   0.191997E+03  -0.999900E+04  -0.999900E+04  -0.999900E+04  -0.999900E+04   0.191938E+03   0.625234E+03   0.130143E+01   0.354958E+02   0.200000E+02   0.588812E-01  -0.999900E+04  -0.999900E+04  -0.999900E+04  -0.999900E+04   0.449763E+00  -0.999900E+04  -0.999900E+04  -0.999900E+04  -0.999900E+04
   0.200000E+01   0.100000E+01   0.520000E+05   0.259200E+06   0.200000E+01   0.100000E+01   0.520000E+05   0.259200E+06   0.192015E+03  -0.999900E+04  -0.999900E+04  -0.999900E+04  -0.999900E+04   0.192015E+03  -0.999900E+04  -0.999900E+04  -0.999900E+04  -0.999900E+04   0.191950E+03   0.625408E+03   0.129675E+01   0.354958E+02   0.200000E+02   0.648505E-01  -0.999900E+04  -0.999900E+04  -0.999900E+04  -0.999900E+04   0.495359E+00  -0.999900E+04  -0.999900E+04  -0.999900E+04  -0.999900E+04
   0.200000E+01   0.100000E+01   0.525000E+05   0.259200E+06   0.200000E+01   0.100000E+01   0.525000E+05   0.259200E+06   0.192108E+03  -0.999900E+04  -0.999900E+04  -0.999900E+04  -0.999900E+04   0.192108E+03  -0.999900E+04  -0.999900E+04  -0.999900E+04  -0.999900E+04   0.192080E+03   0.627415E+03   0.122414E+01   0.362466E+02   0.200000E+02   0.277761E-01  -0.999900E+04  -0.999900E+04  -0.999900E+04  -0.999900E+04   0.212167E+00  -0.999900E+04  -0.999900E+04  -0.999900E+04  -0.999900E+04
   0.200000E+01   0.100000E+01   0.526000E+05   0.259200E+06   0.200000E+01   0.100000E+01   0.526000E+05   0.259200E+06   0.192117E+03  -0.999900E+04  -0.999900E+04  -0.999900E+04  -0.999900E+04   0.192117E+03  -0.999900E+04  -0.999900E+04  -0.999900E+04  -0.999900E+04   0.192103E+03   0.627852E+03   0.123705E+01   0.365715E+02   0.200000E+02   0.141999E-01  -0.999900E+04  -0.999900E+04  -0.999900E+04  -0.999900E+04   0.108466E+00  -0.999900E+04  -0.999900E+04  -0.999900E+04  -0.999900E+04
   0.200000E+01   0.100000E+01   0.526500E+05   0.259200E+06   0.200000E+01   0.100000E+01   0.526500E+05   0.259200E+06   0.192132E+03  -0.999900E+04  -0.999900E+04  -0.999900E+04  -0.999900E+04   0.192132E+03  -0.999900E+04  -0.999900E+04  -0.999900E+04  -0.999900E+04   0.192112E+03   0.628067E+03   0.125700E+01   0.365715E+02   0.200000E+02   0.200427E-01  -0.999900E+04  -0.999900E+04  -0.999900E+04  -0.999900E+04   0.153096E+00  -0.999900E+04  -0.999900E+04  -0.999900E+04  -0.999900E+04
   0.200000E+01   0.100000E+01   0.527000E+05   0.259200E+06   0.200000E+01   0.100000E+01   0.527000E+05   0.259200E+06   0.192123E+03  -0.999900E+04  -0.999900E+04  -0.999900E+04  -0.999900E+04   0.192123E+03  -0.999900E+04  -0.999900E+04  -0.999900E+04  -0.999900E+04   0.192122E+03   0.628280E+03   0.128370E+01   0.369366E+02   0.200000E+02   0.151279E-02  -0.999900E+04  -0.999900E+04  -0.999900E+04  -0.999900E+04   0.115554E-01  -0.999900E+04  -0.999900E+04  -0.999900E+04  -0.999900E+04
   0.200000E+01   0.100000E+01   0.527500E+05   0.259200E+06   0.200000E+01   0.100000E+01   0.527500E+05   0.259200E+06   0.192147E+03  -0.999900E+04  -0.999900E+04  -0.999900E+04  -0.999900E+04   0.192147E+03  -0.999900E+04  -0.999900E+04  -0.999900E+04  -0.999900E+04   0.192131E+03   0.628490E+03   0.131492E+01   0.369366E+02   0.200000E+02   0.158981E-01  -0.999900E+04  -0.999900E+04  -0.999900E+04  -0.999900E+04   0.121437E+00  -0.999900E+04  -0.999900E+04  -0.999900E+04  -0.999900E+04
   0.200000E+01   0.100000E+01   0.528000E+05   0.259200E+06   0.200000E+01   0.100000E+01   0.528000E+05   0.259200E+06   0.192148E+03  -0.999900E+04  -0.999900E+04  -0.999900E+04  -0.999900E+04   0.192148E+03  -0.999900E+04  -0.999900E+04  -0.999900E+04  -0.999900E+04   0.192141E+03   0.628696E+03   0.134969E+01   0.369366E+02   0.200000E+02   0.735457E-02  -0.999900E+04  -0.999900E+04  -0.999900E+04  -0.999900E+04   0.561777E-01  -0.999900E+04  -0.999900E+04  -0.999900E+04  -0.999900E+04
   0.200000E+01   0.100000E+01   0.529000E+05   0.259200E+06   0.200000E+01   0.100000E+01   0.529000E+05   0.259200E+06   0.192165E+03  -0.999900E+04  -0.999900E+04  -0.999900E+04  -0.999900E+04   0.192165E+03  -0.999900E+04  -0.999900E+04  -0.999900E+04  -0.999900E+04   0.192162E+03   0.629091E+03   0.141605E+01   0.373437E+02   0.200000E+02   0.320588E-02  -0.999900E+04  -0.999900E+04  -0.999900E+04  -0.999900E+04   0.244881E-01  -0.999900E+04  -0.999900E+04  -0.999900E+04  -0.999900E+04
   0.200000E+01   0.100000E+01   0.530000E+05   0.259200E+06   0.200000E+01   0.100000E+01   0.530000E+05   0.259200E+06   0.192162E+03  -0.999900E+04  -0.999900E+04  -0.999900E+04  -0.999900E+04   0.192162E+03  -0.999900E+04  -0.999900E+04  -0.999900E+04  -0.999900E+04   0.192191E+03   0.629469E+03   0.143963E+01   0.377946E+02   0.200000E+02  -0.288332E-01  -0.999900E+04  -0.999900E+04  -0.999900E+04  -0.999900E+04  -0.220242E+00  -0.999900E+04  -0.999900E+04  -0.999900E+04  -0.999900E+04
   0.200000E+01   0.100000E+01   0.530500E+05   0.259200E+06   0.200000E+01   0.100000E+01   0.530500E+05   0.259200E+06   0.192169E+03  -0.999900E+04  -0.999900E+04  -0.999900E+04  -0.999900E+04   0.192169E+03  -0.999900E+04  -0.999900E+04  -0.999900E+04  -0.999900E+04   0.192207E+03   0.629655E+03   0.143644E+01   0.377946E+02   0.200000E+02  -0.382906E-01  -0.999900E+04  -0.999900E+04  -0.999900E+04  -0.999900E+04  -0.292482E+00  -0.999900E+04  -0.999900E+04  -0.999900E+04  -0.999900E+04
   0.200000E+01   0.100000E+01   0.531000E+05   0.259200E+06   0.200000E+01   0.100000E+01   0.531000E+05   0.259200E+06   0.192162E+03  -0.999900E+04  -0.999900E+04  -0.999900E+04  -0.999900E+04   0.192162E+03  -0.999900E+04  -0.999900E+04  -0.999900E+04  -0.999900E+04   0.192222E+03   0.629840E+03   0.144074E+01   0.377946E+02   0.200000E+02  -0.608579E-01  -0.999900E+04  -0.999900E+04  -0.999900E+04  -0.999900E+04  -0.464861E+00  -0.999900E+04  -0.999900E+04  -0.999900E+04  -0.999900E+04
   0.200000E+01   0.100000E+01   0.531500E+05   0.259200E+06   0.200000E+01   0.100000E+01   0.531500E+05   0.259200E+06   0.192194E+03  -0.999900E+04  -0.999900E+04  -0.999900E+04  -0.999900E+04   0.192194E+03  -0.999900E+04  -0.999900E+04  -0.999900E+04  -0.999900E+04   0.192237E+03   0.630023E+03   0.145153E+01   0.382912E+02   0.200000E+02  -0.426570E-01  -0.999900E+04  -0.999900E+04  -0.999900E+04  -0.999900E+04  -0.325834E+00  -0.999900E+04  -0.999900E+04  -0.999900E+04  -0.999900E+04
   0.200000E+01   0.100000E+01   0.532500E+05   0.259200E+06   0.200000E+01   0.100000E+01   0.532500E+05   0.259200E+06   0.192209E+03  -0.999900E+04  -0.999900E+04  -0.999900E+04  -0.999900E+04   0.192209E+03  -0.999900E+04  -0.999900E+04  -0.999900E+04  -0.999900E+04   0.192263E+03   0.630381E+03   0.148813E+01   0.382912E+02   0.200000E+02  -0.535852E-01  -0.999900E+04  -0.999900E+04  -0.999900E+04  -0.999900E+04  -0.409309E+00  -0.999900E+04  -0.999900E+04  -0.999900E+04  -0.999900E+04
   0.200000E+01   0.100000E+01   0.533000E+05   0.259200E+06   0.200000E+01   0.100000E+01   0.533000E+05   0.259200E+06   0.192223E+03  -0.999900E+04  -0.999900E+04  -0.999900E+04  -0.999900E+04   0.192223E+03  -0.999900E+04  -0.999900E+04  -0.999900E+04  -0.999900E+04   0.192276E+03   0.630557E+03   0.151075E+01   0.388354E+02   0.200000E+02  -0.533010E-01  -0.999900E+04  -0.999900E+04  -0.999900E+04  -0.999900E+04  -0.407138E+00  -0.999900E+04  -0.999900E+04  -0.999900E+04  -0.999900E+04
   0.200000E+01   0.100000E+01   0.535000E+05   0.259200E+06   0.200000E+01   0.100000E+01   0.535000E+05   0.259200E+06   0.192332E+03  -0.999900E+04  -0.999900E+04  -0.999900E+04  -0.999900E+04   0.192332E+03  -0.999900E+04  -0.999900E+04  -0.999900E+04  -0.999900E+04   0.192338E+03   0.631242E+03   0.155958E+01   0.394290E+02   0.200000E+02  -0.616855E-02  -0.999900E+04  -0.999900E+04  -0.999900E+04  -0.999900E+04  -0.471183E-01  -0.999900E+04  -0.999900E+04  -0.999900E+04  -0.999900E+04
   0.200000E+01   0.100000E+01   0.536750E+05   0.259200E+06   0.200000E+01   0.100000E+01   0.536750E+05   0.259200E+06   0.192424E+03  -0.999900E+04  -0.999900E+04  -0.999900E+04  -0.999900E+04   0.192424E+03  -0.999900E+04  -0.999900E+04  -0.999900E+04  -0.999900E+04   0.192398E+03   0.631845E+03   0.156073E+01   0.400741E+02   0.200000E+02   0.256541E-01  -0.999900E+04  -0.999900E+04  -0.999900E+04  -0.999900E+04   0.195958E+00  -0.999900E+04  -0.999900E+04  -0.999900E+04  -0.999900E+04
   0.200000E+01   0.100000E+01   0.538500E+05   0.259200E+06   0.200000E+01   0.100000E+01   0.538500E+05   0.259200E+06   0.192522E+03  -0.999900E+04  -0.999900E+04  -0.999900E+04  -0.999900E+04   0.192522E+03  -0.999900E+04  -0.999900E+04  -0.999900E+04  -0.999900E+04   0.192467E+03   0.632521E+03   0.156031E+01   0.415263E+02   0.200000E+02   0.547827E-01  -0.999900E+04  -0.999900E+04  -0.999900E+04  -0.999900E+04   0.418456E+00  -0.999900E+04  -0.999900E+04  -0.999900E+04  -0.999900E+04
   0.200000E+01   0.100000E+01   0.540250E+05   0.259200E+06   0.200000E+01   0.100000E+01   0.540250E+05   0.259200E+06   0.192557E+03  -0.999900E+04  -0.999900E+04  -0.999900E+04  -0.999900E+04   0.192557E+03  -0.999900E+04  -0.999900E+04  -0.999900E+04  -0.999900E+04   0.192549E+03   0.633295E+03   0.153262E+01   0.423375E+02   0.200000E+02   0.726833E-02  -0.999900E+04  -0.999900E+04  -0.999900E+04  -0.999900E+04   0.555190E-01  -0.999900E+04  -0.999900E+04  -0.999900E+04  -0.999900E+04
   0.200000E+01   0.100000E+01   0.542000E+05   0.259200E+06   0.200000E+01   0.100000E+01   0.542000E+05   0.259200E+06   0.192647E+03  -0.999900E+04  -0.999900E+04  -0.999900E+04  -0.999900E+04   0.192647E+03  -0.999900E+04  -0.999900E+04  -0.999900E+04  -0.999900E+04   0.192634E+03   0.634119E+03   0.148818E+01   0.432083E+02   0.200000E+02   0.131041E-01  -0.999900E+04  -0.999900E+04  -0.999900E+04  -0.999900E+04   0.100096E+00  -0.999900E+04  -0.999900E+04  -0.999900E+04  -0.999900E+04
   0.200000E+01   0.100000E+01   0.542300E+05   0.259200E+06   0.200000E+01   0.100000E+01   0.542300E+05   0.259200E+06   0.192655E+03  -0.999900E+04  -0.999900E+04  -0.999900E+04  -0.999900E+04   0.192655E+03  -0.999900E+04  -0.999900E+04  -0.999900E+04  -0.999900E+04   0.192646E+03   0.634259E+03   0.148990E+01   0.432083E+02   0.200000E+02   0.816821E-02  -0.999900E+04  -0.999900E+04  -0.999900E+04  -0.999900E+04   0.623927E-01  -0.999900E+04  -0.999900E+04  -0.999900E+04  -0.999900E+04
   0.200000E+01   0.100000E+01   0.542600E+05   0.259200E+06   0.200000E+01   0.100000E+01   0.542600E+05   0.259200E+06   0.192671E+03  -0.999900E+04  -0.999900E+04  -0.999900E+04  -0.999900E+04   0.192671E+03  -0.999900E+04  -0.999900E+04  -0.999900E+04  -0.999900E+04   0.192656E+03   0.634397E+03   0.151210E+01   0.432083E+02   0.200000E+02   0.147620E-01  -0.999900E+04  -0.999900E+04  -0.999900E+04  -0.999900E+04   0.112759E+00  -0.999900E+04  -0.999900E+04  -0.999900E+04  -0.999900E+04
   0.200000E+01   0.100000E+01   0.542900E+05   0.259200E+06   0.200000E+01   0.100000E+01   0.542900E+05   0.259200E+06   0.192695E+03  -0.999900E+04  -0.999900E+04  -0.999900E+04  -0.999900E+04   0.192695E+03  -0.999900E+04  -0.999900E+04  -0.999900E+04  -0.999900E+04   0.192663E+03   0.634533E+03   0.155382E+01   0.441406E+02   0.200000E+02   0.318566E-01  -0.999900E+04  -0.999900E+04  -0.999900E+04  -0.999900E+04   0.243336E+00  -0.999900E+04  -0.999900E+04  -0.999900E+04  -0.999900E+04
   0.200000E+01   0.100000E+01   0.543500E+05   0.259200E+06   0.200000E+01   0.100000E+01   0.543500E+05   0.259200E+06   0.192700E+03  -0.999900E+04  -0.999900E+04  -0.999900E+04  -0.999900E+04   0.192700E+03  -0.999900E+04  -0.999900E+04  -0.999900E+04  -0.999900E+04   0.192670E+03   0.634796E+03   0.169216E+01   0.441406E+02   0.200000E+02   0.296798E-01  -0.999900E+04  -0.999900E+04  -0.999900E+04  -0.999900E+04   0.226708E+00  -0.999900E+04  -0.999900E+04  -0.999900E+04  -0.999900E+04
   0.200000E+01   0.100000E+01   0.544100E+05   0.259200E+06   0.200000E+01   0.100000E+01   0.544100E+05   0.259200E+06   0.192746E+03  -0.999900E+04  -0.999900E+04  -0.999900E+04  -0.999900E+04   0.192746E+03  -0.999900E+04  -0.999900E+04  -0.999900E+04  -0.999900E+04   0.192674E+03   0.635044E+03   0.188792E+01   0.441406E+02   0.200000E+02   0.723209E-01  -0.999900E+04  -0.999900E+04  -0.999900E+04  -0.999900E+04   0.552422E+00  -0.999900E+04  -0.999900E+04  -0.999900E+04  -0.999900E+04
   0.200000E+01   0.100000E+01   0.546000E+05   0.259200E+06   0.200000E+01   0.100000E+01   0.546000E+05   0.259200E+06   0.192890E+03  -0.999900E+04  -0.999900E+04  -0.999900E+04  -0.999900E+04   0.192890E+03  -0.999900E+04  -0.999900E+04  -0.999900E+04  -0.999900E+04   0.192861E+03   0.635756E+03   0.166453E+01   0.461987E+02   0.200000E+02   0.287771E-01  -0.999900E+04  -0.999900E+04  -0.999900E+04  -0.999900E+04   0.219813E+00  -0.999900E+04  -0.999900E+04  -0.999900E+04  -0.999900E+04
   0.200000E+01   0.100000E+01   0.547000E+05   0.259200E+06   0.200000E+01   0.100000E+01   0.547000E+05   0.259200E+06   0.192897E+03  -0.999900E+04  -0.999900E+04  -0.999900E+04  -0.999900E+04   0.192897E+03  -0.999900E+04  -0.999900E+04  -0.999900E+04  -0.999900E+04   0.192883E+03   0.636128E+03   0.190558E+01   0.461987E+02   0.200000E+02   0.140553E-01  -0.999900E+04  -0.999900E+04  -0.999900E+04  -0.999900E+04   0.107361E+00  -0.999900E+04  -0.999900E+04  -0.999900E+04  -0.999900E+04
   0.200000E+01   0.100000E+01   0.547500E+05   0.259200E+06   0.200000E+01   0.100000E+01   0.547500E+05   0.259200E+06   0.192896E+03  -0.999900E+04  -0.999900E+04  -0.999900E+04  -0.999900E+04   0.192896E+03  -0.999900E+04  -0.999900E+04  -0.999900E+04  -0.999900E+04   0.192921E+03   0.636302E+03   0.189693E+01   0.473288E+02   0.200000E+02  -0.252020E-01  -0.999900E+04  -0.999900E+04  -0.999900E+04  -0.999900E+04  -0.192505E+00  -0.999900E+04  -0.999900E+04  -0.999900E+04  -0.999900E+04
   0.200000E+01   0.100000E+01   0.548000E+05   0.259200E+06   0.200000E+01   0.100000E+01   0.548000E+05   0.259200E+06   0.192891E+03  -0.999900E+04  -0.999900E+04  -0.999900E+04  -0.999900E+04   0.192891E+03  -0.999900E+04  -0.999900E+04  -0.999900E+04  -0.999900E+04   0.192954E+03   0.636471E+03   0.191746E+01   0.473288E+02   0.200000E+02  -0.626354E-01  -0.999900E+04  -0.999900E+04  -0.999900E+04  -0.999900E+04  -0.478439E+00  -0.999900E+04  -0.999900E+04  -0.999900E+04  -0.999900E+04
   0.200000E+01   0.100000E+01   0.548500E+05   0.259200E+06   0.200000E+01   0.100000E+01   0.548500E+05   0.259200E+06   0.192915E+03  -0.999900E+04  -0.999900E+04  -0.999900E+04  -0.999900E+04   0.192915E+03  -0.999900E+04  -0.999900E+04  -0.999900E+04  -0.999900E+04   0.192994E+03   0.636635E+03   0.189265E+01   0.473288E+02   0.200000E+02  -0.794611E-01  -0.999900E+04  -0.999900E+04  -0.999900E+04  -0.999900E+04  -0.606961E+00  -0.999900E+04  -0.999900E+04  -0.999900E+04  -0.999900E+04
   0.200000E+01   0.100000E+01   0.549000E+05   0.259200E+06   0.200000E+01   0.100000E+01   0.549000E+05   0.259200E+06   0.192920E+03  -0.999900E+04  -0.999900E+04  -0.999900E+04  -0.999900E+04   0.192920E+03  -0.999900E+04  -0.999900E+04  -0.999900E+04  -0.999900E+04   0.193042E+03   0.636794E+03   0.180636E+01   0.485293E+02   0.200000E+02  -0.122304E+00  -0.999900E+04  -0.999900E+04  -0.999900E+04  -0.999900E+04  -0.934217E+00  -0.999900E+04  -0.999900E+04  -0.999900E+04  -0.999900E+04
   0.200000E+01   0.100000E+01   0.550000E+05   0.259200E+06   0.200000E+01   0.100000E+01   0.550000E+05   0.259200E+06   0.192983E+03  -0.999900E+04  -0.999900E+04  -0.999900E+04  -0.999900E+04   0.192983E+03  -0.999900E+04  -0.999900E+04  -0.999900E+04  -0.999900E+04   0.193117E+03   0.637095E+03   0.164737E+01   0.485293E+02   0.200000E+02  -0.133923E+00  -0.999900E+04  -0.999900E+04  -0.999900E+04  -0.999900E+04  -0.102297E+01  -0.999900E+04  -0.999900E+04  -0.999900E+04  -0.999900E+04
   0.200000E+01   0.100000E+01   0.553000E+05   0.259200E+06   0.200000E+01   0.100000E+01   0.553000E+05   0.259200E+06   0.193144E+03  -0.999900E+04  -0.999900E+04  -0.999900E+04  -0.999900E+04   0.193144E+03  -0.999900E+04  -0.999900E+04  -0.999900E+04  -0.999900E+04   0.193246E+03   0.637993E+03   0.138015E+01   0.511502E+02   0.200000E+02  -0.101544E+00  -0.999900E+04  -0.999900E+04  -0.999900E+04  -0.999900E+04  -0.775645E+00  -0.999900E+04  -0.999900E+04  -0.999900E+04  -0.999900E+04
   0.200000E+01   0.100000E+01   0.554500E+05   0.259200E+06   0.200000E+01   0.100000E+01   0.554500E+05   0.259200E+06   0.193223E+03  -0.999900E+04  -0.999900E+04  -0.999900E+04  -0.999900E+04   0.193223E+03  -0.999900E+04  -0.999900E+04  -0.999900E+04  -0.999900E+04   0.193281E+03   0.638421E+03   0.129799E+01   0.525754E+02   0.200000E+02  -0.572396E-01  -0.999900E+04  -0.999900E+04  -0.999900E+04  -0.999900E+04  -0.437224E+00  -0.999900E+04  -0.999900E+04  -0.999900E+04  -0.999900E+04
   0.200000E+01   0.100000E+01   0.555000E+05   0.259200E+06   0.200000E+01   0.100000E+01   0.555000E+05   0.259200E+06   0.193238E+03  -0.999900E+04  -0.999900E+04  -0.999900E+04  -0.999900E+04   0.193238E+03  -0.999900E+04  -0.999900E+04  -0.999900E+04  -0.999900E+04   0.193288E+03   0.638561E+03   0.128980E+01   0.540801E+02   0.200000E+02  -0.499521E-01  -0.999900E+04  -0.999900E+04  -0.999900E+04  -0.999900E+04  -0.381558E+00  -0.999900E+04  -0.999900E+04  -0.999900E+04  -0.999900E+04
   0.200000E+01   0.100000E+01   0.555500E+05   0.259200E+06   0.200000E+01   0.100000E+01   0.555500E+05   0.259200E+06   0.193243E+03  -0.999900E+04  -0.999900E+04  -0.999900E+04  -0.999900E+04   0.193243E+03  -0.999900E+04  -0.999900E+04  -0.999900E+04  -0.999900E+04   0.193293E+03   0.638700E+03   0.130128E+01   0.540801E+02   0.200000E+02  -0.503418E-01  -0.999900E+04  -0.999900E+04  -0.999900E+04  -0.999900E+04  -0.384534E+00  -0.999900E+04  -0.999900E+04  -0.999900E+04  -0.999900E+04
   0.200000E+01   0.100000E+01   0.556000E+05   0.259200E+06   0.200000E+01   0.100000E+01   0.556000E+05   0.259200E+06   0.193254E+03  -0.999900E+04  -0.999900E+04  -0.999900E+04  -0.999900E+04   0.193254E+03  -0.999900E+04  -0.999900E+04  -0.999900E+04  -0.999900E+04   0.193296E+03   0.638839E+03   0.133361E+01   0.540801E+02   0.200000E+02  -0.417933E-01  -0.999900E+04  -0.999900E+04  -0.999900E+04  -0.999900E+04  -0.319237E+00  -0.999900E+04  -0.999900E+04  -0.999900E+04  -0.999900E+04
   0.200000E+01   0.100000E+01   0.556500E+05   0.259200E+06   0.200000E+01   0.100000E+01   0.556500E+05   0.259200E+06   0.193269E+03  -0.999900E+04  -0.999900E+04  -0.999900E+04  -0.999900E+04   0.193269E+03  -0.999900E+04  -0.999900E+04  -0.999900E+04  -0.999900E+04   0.193296E+03   0.638977E+03   0.138915E+01   0.556668E+02   0.200000E+02  -0.265458E-01  -0.999900E+04  -0.999900E+04  -0.999900E+04  -0.999900E+04  -0.202770E+00  -0.999900E+04  -0.999900E+04  -0.999900E+04  -0.999900E+04
   0.200000E+01   0.100000E+01   0.558000E+05   0.259200E+06   0.200000E+01   0.100000E+01   0.558000E+05   0.259200E+06   0.193265E+03  -0.999900E+04  -0.999900E+04  -0.999900E+04  -0.999900E+04   0.193265E+03  -0.999900E+04  -0.999900E+04  -0.999900E+04  -0.999900E+04   0.193297E+03   0.639386E+03   0.156397E+01   0.573378E+02   0.200000E+02  -0.322107E-01  -0.999900E+04  -0.999900E+04  -0.999900E+04  -0.999900E+04  -0.246041E+00  -0.999900E+04  -0.999900E+04  -0.999900E+04  -0.999900E+04
   0.200000E+01   0.100000E+01   0.558500E+05   0.259200E+06   0.200000E+01   0.100000E+01   0.558500E+05   0.259200E+06   0.193287E+03  -0.999900E+04  -0.999900E+04  -0.999900E+04  -0.999900E+04   0.193287E+03  -0.999900E+04  -0.999900E+04  -0.999900E+04  -0.999900E+04   0.193302E+03   0.639523E+03   0.160003E+01   0.573378E+02   0.200000E+02  -0.157292E-01  -0.999900E+04  -0.999900E+04  -0.999900E+04  -0.999900E+04  -0.120147E+00  -0.999900E+04  -0.999900E+04  -0.999900E+04  -0.999900E+04
