Kmin_a0        Kmin_a1        Kmin_a2        Kmin_a3        Kmin_a4        Kmin_a5        Kmin_a6        Y1_intercept   Y2_intercept   Y3_intercept   Y4_intercept   Y5_intercept   LogPost        LogPrior       LogHyper       LogLkh         Deviance       
   0.301596E+02   0.695500E+00  -0.324473E+01   0.997520E+01   0.792492E+01   0.435690E+01   0.173568E+00   0.900248E-02   0.150385E-02   0.494445E-03   0.283044E-02   0.193104E-01  -0.848482E+03   0.160068E+02   0.000000E+00  -0.864489E+03   0.172898E+04
   0.301596E+02   0.278760E+00  -0.399312E+01   0.918116E+01   0.911863E+01   0.324956E+01   0.103319E+01   0.719337E-02   0.692555E-02   0.699704E-02   0.139773E-01   0.467474E-01  -0.852147E+03   0.109560E+02   0.000000E+00  -0.863103E+03   0.172621E+04
   0.302468E+02   0.527906E+00  -0.465392E+01   0.694614E+01   0.951848E+01   0.270484E+01   0.562861E+00   0.878699E-02   0.133910E-01   0.529074E-03   0.160084E-01   0.512184E-01  -0.852633E+03   0.103060E+02   0.000000E+00  -0.862939E+03   0.172588E+04
   0.295741E+02   0.930311E+00  -0.547122E+01   0.713029E+01   0.749037E+01   0.431251E+01  -0.982483E+00   0.143520E-01   0.599895E-02   0.518654E-02   0.570964E-02   0.319909E-01  -0.850439E+03   0.135321E+02   0.000000E+00  -0.863971E+03   0.172794E+04
   0.295000E+02   0.820656E+00  -0.511519E+01   0.580611E+01   0.733042E+01   0.402780E+01  -0.415778E+00   0.142723E-01   0.788687E-02   0.197698E-01   0.344793E-01   0.457458E-01  -0.856726E+03   0.763250E+01   0.000000E+00  -0.864359E+03   0.172872E+04
   0.293463E+02   0.164440E+01  -0.511869E+01   0.560512E+01   0.917302E+01   0.498170E+01  -0.135857E+01   0.421017E-02   0.255674E-01   0.266890E-01   0.578716E-02   0.516937E-02  -0.852614E+03   0.120994E+02   0.000000E+00  -0.864713E+03   0.172943E+04
   0.290867E+02   0.502914E+00  -0.281017E+01   0.708185E+01   0.848612E+01   0.755877E+01   0.204539E+01   0.382327E-02   0.916929E-02   0.661105E-02   0.183040E-02   0.296468E-01  -0.853941E+03   0.136949E+02   0.000000E+00  -0.867636E+03   0.173527E+04
   0.294291E+02   0.175224E+01  -0.358216E+01   0.878662E+01   0.710244E+01   0.578036E+01   0.834625E+00   0.296159E-02   0.241028E-02   0.265744E-02   0.225492E-01   0.242530E-01  -0.853162E+03   0.132337E+02   0.000000E+00  -0.866396E+03   0.173279E+04
   0.299333E+02  -0.138991E+00  -0.359994E+01   0.754031E+01   0.632668E+01   0.628409E+01   0.308375E+01   0.642021E-02   0.593796E-02   0.185823E-02   0.471086E-01   0.157381E-01  -0.853677E+03   0.113564E+02   0.000000E+00  -0.865033E+03   0.173007E+04
   0.295427E+02  -0.169475E+00  -0.359994E+01   0.583597E+01   0.722501E+01   0.742746E+01  -0.934713E+00   0.790214E-02   0.964505E-02   0.101457E-01   0.126432E-01   0.661777E-03  -0.849426E+03   0.151111E+02   0.000000E+00  -0.864537E+03   0.172907E+04
   0.298298E+02  -0.169475E+00  -0.506626E+01   0.654069E+01   0.786035E+01   0.551091E+01  -0.861407E+00   0.867016E-03   0.251219E-02   0.419197E-02   0.100175E-01   0.475498E-02  -0.845440E+03   0.162730E+02   0.000000E+00  -0.861713E+03   0.172343E+04
   0.308554E+02  -0.855253E+00  -0.384391E+01   0.737432E+01   0.849623E+01  -0.534630E+00  -0.650902E+01   0.356422E-01   0.145885E-01   0.419197E-02   0.336220E-02   0.182384E-01  -0.858542E+03   0.143826E+02   0.000000E+00  -0.872925E+03   0.174585E+04
   0.306934E+02  -0.112383E+01  -0.402210E+01   0.817656E+01   0.678430E+01   0.811379E+01  -0.907751E+00   0.220548E-01   0.375555E-02   0.998820E-02   0.177300E-02   0.399883E-01  -0.854044E+03   0.128702E+02   0.000000E+00  -0.866914E+03   0.173383E+04
   0.306934E+02   0.187231E+01  -0.487385E+01   0.659437E+01   0.106848E+02   0.954792E+01  -0.327944E+00   0.157132E-01   0.887626E-02   0.243535E-02   0.201867E-01   0.148545E-01  -0.853789E+03   0.137854E+02   0.000000E+00  -0.867574E+03   0.173515E+04
   0.310643E+02   0.123810E+01  -0.686979E+01   0.808425E+01   0.981039E+01   0.509626E+01  -0.747114E+00   0.244603E-01   0.472445E-02   0.268948E-02   0.353143E-01   0.982230E-02  -0.855036E+03   0.131656E+02   0.000000E+00  -0.868202E+03   0.173640E+04
   0.311900E+02   0.111747E+01  -0.253511E+01   0.829780E+01   0.950113E+01   0.393556E+01  -0.302389E+01   0.491329E-02   0.472445E-02   0.927482E-02   0.986199E-02   0.133712E-01  -0.854033E+03   0.146974E+02   0.000000E+00  -0.868730E+03   0.173746E+04
   0.310732E+02   0.503001E+00  -0.464731E+01   0.588189E+01   0.997427E+01   0.486100E+01  -0.956362E+00   0.137052E-01   0.207527E-01   0.470323E-02   0.433673E-02   0.675118E-02  -0.850493E+03   0.147663E+02   0.000000E+00  -0.865259E+03   0.173052E+04
   0.310076E+02   0.503001E+00  -0.439857E+01   0.733062E+01   0.112454E+02   0.551045E+01  -0.518233E+01   0.158143E-01   0.864792E-02   0.486377E-02   0.164201E-01   0.128291E-01  -0.852720E+03   0.141446E+02   0.000000E+00  -0.866865E+03   0.173373E+04
   0.303172E+02   0.503001E+00  -0.415178E+01   0.721751E+01   0.652681E+01   0.389337E+01  -0.248774E+01   0.201178E-01   0.543113E-02   0.714882E-02   0.215163E-02   0.305791E-02  -0.847542E+03   0.166417E+02   0.000000E+00  -0.864184E+03   0.172837E+04
   0.304122E+02  -0.102007E+01  -0.626757E+01   0.835657E+01   0.731188E+01   0.984860E+00   0.204850E+01   0.149969E-01   0.856136E-02   0.126037E-01   0.674078E-03   0.104756E-01  -0.851453E+03   0.151892E+02   0.000000E+00  -0.866642E+03   0.173328E+04
   0.310282E+02   0.670546E-01  -0.606615E+01   0.858578E+01   0.933318E+01   0.369771E+01   0.232534E+01   0.191608E-01   0.611969E-02   0.297972E-02   0.200873E-01   0.697382E-02  -0.850988E+03   0.148046E+02   0.000000E+00  -0.865793E+03   0.173159E+04
   0.312130E+02   0.499713E-01  -0.653871E+01   0.858578E+01   0.965108E+01   0.513951E+01  -0.103684E+01   0.137995E-01   0.436157E-02   0.412774E-02   0.141176E-01   0.138772E-01  -0.849623E+03   0.147723E+02   0.000000E+00  -0.864395E+03   0.172879E+04
   0.300776E+02  -0.632637E-01  -0.475643E+01   0.616896E+01   0.890589E+01   0.225885E+01  -0.140832E+01   0.205556E-01   0.607118E-02   0.506702E-02   0.137751E-01   0.836046E-02  -0.848114E+03   0.150933E+02   0.000000E+00  -0.863207E+03   0.172641E+04
   0.300776E+02   0.484217E+00  -0.476767E+01   0.815514E+01   0.935021E+01   0.220670E+01   0.165759E+01   0.478305E-02   0.472729E-02   0.506702E-02   0.839875E-03   0.140786E-01  -0.847613E+03   0.159494E+02   0.000000E+00  -0.863562E+03   0.172712E+04
   0.300776E+02   0.484217E+00  -0.427814E+01   0.518664E+01   0.934175E+01   0.388700E+01   0.117770E+01   0.630412E-02   0.141248E-01   0.267074E-03   0.839875E-03   0.670893E-02  -0.848366E+03   0.162266E+02   0.000000E+00  -0.864593E+03   0.172919E+04
   0.306578E+02  -0.110897E+01  -0.510744E+01   0.743559E+01   0.794159E+01   0.302289E+01   0.157708E+01   0.158041E-01   0.189451E-01   0.177906E-02   0.330428E-01   0.265310E-03  -0.850987E+03   0.130175E+02   0.000000E+00  -0.864004E+03   0.172801E+04
   0.313502E+02  -0.110897E+01  -0.454923E+01   0.602463E+01   0.898099E+01   0.464653E+01  -0.311158E+01   0.291033E-01   0.162003E-04   0.123742E-01   0.157845E-01   0.928099E-02  -0.851403E+03   0.146751E+02   0.000000E+00  -0.866078E+03   0.173216E+04
   0.304859E+02  -0.104123E+01  -0.313676E+01   0.103984E+02   0.527330E+01   0.187875E+01   0.155357E+01   0.238510E-01   0.834451E-02   0.299954E-01   0.801804E-02   0.690364E-02  -0.855517E+03   0.130945E+02   0.000000E+00  -0.868612E+03   0.173722E+04
   0.304859E+02  -0.125020E+01  -0.437172E+01   0.684279E+01   0.776512E+01   0.464211E+01  -0.206171E+01   0.190012E-01   0.779788E-02   0.305774E-02   0.131256E-01   0.347210E-02  -0.848043E+03   0.156753E+02   0.000000E+00  -0.863718E+03   0.172744E+04
   0.301089E+02   0.360364E+00  -0.547468E+01   0.633128E+01   0.972753E+01   0.733125E+01   0.285405E+00   0.158993E-01   0.332982E-02   0.215189E-02   0.863710E-02   0.333362E-02  -0.846547E+03   0.166754E+02   0.000000E+00  -0.863222E+03   0.172644E+04
   0.295683E+02   0.437436E+00  -0.489400E+01   0.690633E+01   0.901766E+01   0.449121E+01  -0.282066E+01   0.100057E-01   0.299771E-02   0.551507E-01   0.221479E-02   0.171972E-01  -0.853211E+03   0.106646E+02   0.000000E+00  -0.863876E+03   0.172775E+04
   0.295683E+02   0.742386E+00  -0.735290E+01   0.656451E+01   0.901766E+01   0.248082E+01  -0.149850E+01   0.186984E-03   0.221788E-02   0.692949E-03   0.633363E-02   0.207065E-02  -0.849676E+03   0.172892E+02   0.000000E+00  -0.866965E+03   0.173393E+04
   0.307789E+02  -0.355796E+00  -0.545380E+01   0.637605E+01   0.127278E+02   0.572904E+01  -0.126590E+00   0.125373E-01   0.184088E-02   0.106469E-01   0.116575E-01   0.488554E-01  -0.855144E+03   0.111206E+02   0.000000E+00  -0.866265E+03   0.173253E+04
   0.304029E+02   0.207632E+00  -0.464027E+01   0.829219E+01   0.914090E+01   0.419021E+01  -0.178955E+01   0.193737E-02   0.361854E-01   0.113197E-01   0.514017E-02   0.505540E-02  -0.849276E+03   0.126506E+02   0.000000E+00  -0.861927E+03   0.172385E+04
   0.299658E+02  -0.522259E+00  -0.334852E+01   0.444002E+01   0.793498E+01   0.397532E+01  -0.132058E+00   0.196602E-01   0.223592E-01   0.615626E-02   0.115291E-01   0.157005E-01  -0.852309E+03   0.128462E+02   0.000000E+00  -0.865155E+03   0.173031E+04
   0.303711E+02  -0.665224E+00  -0.303006E+01   0.583562E+01   0.704238E+01   0.638072E+01  -0.322742E+01   0.153084E-01   0.422102E-02   0.215761E-01   0.127980E-01   0.283992E-02  -0.851690E+03   0.142772E+02   0.000000E+00  -0.865967E+03   0.173193E+04
   0.298928E+02   0.105729E+01  -0.676369E+01   0.536206E+01   0.841665E+01   0.609111E+01   0.794453E-01   0.332058E-02   0.153892E-01   0.560660E-02   0.237800E-01   0.274265E-02  -0.852229E+03   0.136688E+02   0.000000E+00  -0.865898E+03   0.173180E+04
   0.300017E+02   0.847892E+00  -0.435989E+01   0.563500E+01   0.876401E+01   0.488857E+01   0.163158E+01   0.160411E-01   0.171919E-01   0.125742E-01   0.719266E-03   0.232438E-01  -0.851229E+03   0.130478E+02   0.000000E+00  -0.864277E+03   0.172855E+04
   0.303958E+02   0.143889E+01  -0.713288E+01   0.563500E+01   0.108729E+02   0.627722E+01   0.374538E+00   0.474861E-02   0.636908E-02   0.180812E-01   0.176994E-01   0.350909E-02  -0.852952E+03   0.138548E+02   0.000000E+00  -0.866807E+03   0.173361E+04
   0.301164E+02  -0.142457E+00  -0.551551E+01   0.593184E+01   0.905039E+01   0.558595E+01   0.179716E+00   0.250293E-01   0.215903E-01   0.541092E-02   0.113021E-02   0.167620E-01  -0.850033E+03   0.139313E+02   0.000000E+00  -0.863964E+03   0.172793E+04
   0.303622E+02   0.123554E+00  -0.385289E+01   0.686002E+01   0.658638E+01   0.738807E+01  -0.381597E+00   0.615312E-02   0.198466E-01   0.141079E-02   0.159414E-03   0.422084E-04  -0.848353E+03   0.162748E+02   0.000000E+00  -0.864628E+03   0.172926E+04
   0.298443E+02  -0.978433E+00  -0.320359E+01   0.700055E+01   0.750987E+01   0.627658E+01  -0.395724E+00   0.127300E-02   0.839198E-02   0.342873E-01   0.158303E-02   0.231187E-01  -0.853615E+03   0.116826E+02   0.000000E+00  -0.865298E+03   0.173060E+04
   0.297027E+02  -0.598947E+00  -0.486182E+01   0.602608E+01   0.980000E+01   0.631923E+01   0.603297E+00   0.167335E-02   0.459174E-02   0.137470E-01   0.150037E-01   0.107978E-03  -0.849543E+03   0.150756E+02   0.000000E+00  -0.864619E+03   0.172924E+04
   0.307029E+02   0.113097E+01  -0.435216E+01   0.884958E+01   0.100204E+02   0.631923E+01   0.634326E+00   0.850692E-02   0.387613E-01   0.120565E-01   0.830092E-03   0.107978E-03  -0.850324E+03   0.132451E+02   0.000000E+00  -0.863569E+03   0.172714E+04
   0.299937E+02   0.139573E+00  -0.450823E+01   0.676561E+01   0.101734E+02   0.686037E+01   0.276361E+00   0.140770E-01   0.465518E-01   0.860977E-03   0.203039E-01   0.783933E-02  -0.852591E+03   0.108651E+02   0.000000E+00  -0.863456E+03   0.172691E+04
   0.297778E+02   0.644234E+00  -0.504732E+01   0.602715E+01   0.106415E+02   0.471393E+01  -0.245330E+01   0.209866E-01   0.140103E-01   0.653573E-02   0.279960E-02   0.214221E-01  -0.851426E+03   0.139439E+02   0.000000E+00  -0.865370E+03   0.173074E+04
   0.306480E+02  -0.249257E+00  -0.671528E+01   0.602715E+01   0.814255E+01   0.697090E+01  -0.235554E+01   0.137242E-01   0.568304E-02   0.366150E-02   0.137725E-01   0.120275E-01  -0.849927E+03   0.149062E+02   0.000000E+00  -0.864833E+03   0.172967E+04
   0.305365E+02   0.129040E+00  -0.535711E+01   0.701950E+01   0.119416E+02   0.229054E+01   0.361431E+00   0.221727E-01   0.134134E-01   0.905147E-03   0.105397E-01   0.284405E-02  -0.850356E+03   0.156505E+02   0.000000E+00  -0.866006E+03   0.173201E+04
   0.303551E+02  -0.443671E+00  -0.468039E+01   0.742601E+01   0.884362E+01   0.478717E+01   0.759946E-02   0.106679E-01   0.256279E-03   0.905147E-03   0.161329E-01   0.181537E-02  -0.845036E+03   0.165097E+02   0.000000E+00  -0.861546E+03   0.172309E+04
   0.308247E+02  -0.443671E+00  -0.415709E+01   0.790820E+01   0.884362E+01   0.478717E+01  -0.729522E+00   0.114708E-01   0.654352E-02   0.266834E-01   0.157009E-02   0.325438E-02  -0.848065E+03   0.146155E+02   0.000000E+00  -0.862681E+03   0.172536E+04
   0.308247E+02  -0.221995E+00  -0.554015E+01   0.866215E+01   0.104403E+02   0.365209E+01  -0.208950E+01   0.523530E-02   0.344468E-01   0.440492E-02   0.664245E-02   0.231963E-01  -0.852321E+03   0.115516E+02   0.000000E+00  -0.863873E+03   0.172775E+04
   0.302852E+02   0.371605E+00  -0.475818E+01   0.616191E+01   0.986880E+01   0.527911E+01  -0.300591E+01   0.261909E-02   0.113692E-01   0.144573E-01   0.180626E-01   0.817940E-02  -0.849046E+03   0.132138E+02   0.000000E+00  -0.862260E+03   0.172452E+04
   0.294761E+02  -0.236954E+00  -0.277995E+01   0.386078E+01   0.103640E+02   0.547559E+01   0.130227E+00   0.139740E-01   0.189372E-01   0.518929E-03   0.131630E-01   0.753472E-02  -0.853868E+03   0.144053E+02   0.000000E+00  -0.868273E+03   0.173655E+04
   0.300992E+02  -0.233048E+00  -0.275759E+01   0.638694E+01   0.994889E+01   0.584070E+01   0.736236E+00   0.189109E-01   0.149482E-01   0.212119E-01   0.110093E-01   0.402562E-02  -0.851490E+03   0.133012E+02   0.000000E+00  -0.864791E+03   0.172958E+04
   0.300992E+02  -0.862336E-01  -0.567352E+01   0.638694E+01   0.867291E+01   0.350246E+01  -0.326571E+01   0.750815E-02   0.667879E-02   0.161460E-01   0.992873E-02   0.775730E-02  -0.848516E+03   0.143696E+02   0.000000E+00  -0.862886E+03   0.172577E+04
   0.300992E+02  -0.153486E+01  -0.642647E+01   0.627206E+01   0.701412E+01   0.503429E+01  -0.260289E+00   0.158689E-01   0.156601E-01   0.136730E-02   0.117960E-02   0.941931E-02  -0.849782E+03   0.156580E+02   0.000000E+00  -0.865440E+03   0.173088E+04
   0.297498E+02  -0.366791E+00  -0.635092E+01   0.627206E+01   0.908192E+01   0.373859E+01  -0.128459E+01   0.575852E-02   0.156777E-01   0.434102E-02   0.670615E-03   0.714492E-02  -0.847770E+03   0.156373E+02   0.000000E+00  -0.863407E+03   0.172681E+04
   0.303265E+02  -0.523571E-01  -0.534183E+01   0.617602E+01   0.769859E+01   0.463830E+01  -0.255018E+01   0.203095E-01   0.199487E-01   0.711624E-02   0.100790E-01   0.122360E-03  -0.848307E+03   0.146941E+02   0.000000E+00  -0.863001E+03   0.172600E+04
   0.308579E+02  -0.523571E-01  -0.403698E+01   0.749752E+01   0.972422E+01   0.721358E+01   0.164343E+01   0.353402E-03   0.289491E-02   0.158521E-01   0.441671E-03   0.122360E-03  -0.847828E+03   0.164896E+02   0.000000E+00  -0.864318E+03   0.172864E+04
   0.306553E+02  -0.199106E+00  -0.354044E+01   0.664567E+01   0.821488E+01   0.764049E+01  -0.241178E+01   0.121291E-01   0.446163E-02   0.938048E-03   0.212769E-03   0.970242E-02  -0.847770E+03   0.168892E+02   0.000000E+00  -0.864659E+03   0.172932E+04
   0.306889E+02   0.115469E+01  -0.295606E+01   0.724106E+01   0.921625E+01   0.262844E+01  -0.468790E+01   0.126924E-01   0.224016E-01   0.938048E-03   0.929281E-02   0.292115E-01  -0.855031E+03   0.122363E+02   0.000000E+00  -0.867267E+03   0.173453E+04
   0.305745E+02   0.984231E+00  -0.505252E+01   0.655091E+01   0.897298E+01   0.818065E+01  -0.133251E+01   0.717527E-02   0.727323E-02   0.107288E-02   0.174234E-03   0.190430E-01  -0.848146E+03   0.156643E+02   0.000000E+00  -0.863810E+03   0.172762E+04
   0.305745E+02   0.984231E+00  -0.557262E+01   0.687702E+01   0.100932E+02   0.351211E+01  -0.256715E+01   0.240814E-02   0.262351E-02   0.353303E-01   0.174234E-03   0.428210E-03  -0.848821E+03   0.145651E+02   0.000000E+00  -0.863386E+03   0.172677E+04
   0.303562E+02  -0.467666E-01  -0.500194E+01   0.996115E+01   0.750132E+01   0.543681E+01  -0.127706E+00   0.141331E-04   0.445506E-02   0.916087E-02   0.109751E-01   0.428210E-03  -0.847871E+03   0.159188E+02   0.000000E+00  -0.863790E+03   0.172758E+04
   0.306905E+02  -0.210957E+01  -0.284886E+01   0.361287E+01   0.857830E+01   0.568519E+01  -0.363695E+01   0.351208E-01   0.242082E-03   0.202063E-02   0.333408E-01   0.114716E-01  -0.858011E+03   0.137132E+02   0.000000E+00  -0.871724E+03   0.174345E+04
   0.310596E+02   0.998705E+00  -0.598960E+01   0.674349E+01   0.103570E+02   0.336707E+01  -0.388462E+01   0.106329E-01   0.738470E-02   0.240209E-02   0.476755E-02   0.917954E-02  -0.850117E+03   0.160473E+02   0.000000E+00  -0.866164E+03   0.173233E+04
   0.306414E+02  -0.811491E+00  -0.516385E+01   0.823477E+01   0.873798E+01   0.398878E+01   0.183414E+01   0.162778E-01   0.119839E-01   0.651242E-02   0.121729E-01   0.130247E-03  -0.847801E+03   0.153407E+02   0.000000E+00  -0.863142E+03   0.172628E+04
   0.306043E+02   0.736075E+00  -0.402560E+01   0.100799E+02   0.873798E+01   0.398878E+01  -0.162959E+01   0.128753E-01   0.369445E-02   0.776702E-02   0.512616E-02   0.246082E-02  -0.848188E+03   0.165158E+02   0.000000E+00  -0.864704E+03   0.172941E+04
   0.306043E+02   0.524109E+00  -0.696498E+01   0.754059E+01   0.108498E+02   0.388486E+01  -0.210447E+01   0.339865E-02   0.778481E-02   0.118677E-01   0.297329E-02   0.120138E-01  -0.848821E+03   0.149567E+02   0.000000E+00  -0.863778E+03   0.172756E+04
   0.307633E+02   0.336280E+00  -0.521453E+01   0.547307E+01   0.123725E+02   0.648202E+01  -0.182561E+01   0.193510E-02   0.145719E-02   0.114854E-01   0.890207E-03   0.189605E-01  -0.849846E+03   0.151414E+02   0.000000E+00  -0.864987E+03   0.172997E+04
   0.304701E+02   0.856405E+00  -0.559785E+01   0.417160E+01   0.115143E+02   0.611666E+01  -0.412361E+01   0.195419E-01   0.865182E-02   0.427344E-02   0.518932E-02   0.242560E-03  -0.850032E+03   0.165850E+02   0.000000E+00  -0.866617E+03   0.173323E+04
   0.298709E+02   0.856405E+00  -0.540770E+01   0.790437E+01   0.802756E+01   0.433561E+01  -0.683927E+00   0.915122E-03   0.865182E-02   0.369130E-02   0.222405E-01   0.193056E-01  -0.849314E+03   0.130318E+02   0.000000E+00  -0.862346E+03   0.172469E+04
   0.300773E+02   0.138680E+01  -0.708427E+01   0.627134E+01   0.755780E+01   0.557470E+01  -0.302929E+01   0.150547E-02   0.108305E-01   0.110469E-02   0.386166E-02   0.123529E-01  -0.852480E+03   0.156057E+02   0.000000E+00  -0.868086E+03   0.173617E+04
   0.311775E+02  -0.453382E-01  -0.550809E+01   0.787132E+01   0.114078E+02   0.428959E+01   0.115289E+01   0.787160E-02   0.584665E-01   0.288941E-01   0.750044E-02   0.142478E-01  -0.857259E+03   0.750980E+01   0.000000E+00  -0.864769E+03   0.172954E+04
   0.304062E+02  -0.410486E-01  -0.502179E+01   0.860734E+01   0.924414E+01   0.477473E+01  -0.880187E-01   0.156751E-01   0.367755E-02   0.133405E-01   0.276869E-02   0.118168E-01  -0.847102E+03   0.152603E+02   0.000000E+00  -0.862362E+03   0.172472E+04
   0.305891E+02  -0.410486E-01  -0.599704E+01   0.837996E+01   0.783917E+01   0.562801E+01   0.890810E+00   0.109135E-01   0.124692E-01   0.655586E-02   0.808069E-02   0.130104E-01  -0.848795E+03   0.144091E+02   0.000000E+00  -0.863204E+03   0.172641E+04
   0.301916E+02  -0.165651E+00  -0.475849E+01   0.692611E+01   0.966227E+01   0.720133E+01   0.198715E+00   0.201635E-01   0.121521E-02   0.316058E-03   0.264089E-01   0.180536E-01  -0.850279E+03   0.138213E+02   0.000000E+00  -0.864100E+03   0.172820E+04
   0.301916E+02   0.306124E+00  -0.431468E+01   0.674172E+01   0.997071E+01   0.486712E+01  -0.103477E+01   0.667626E-02   0.120337E-01   0.199840E-02   0.106393E-01   0.107463E-01  -0.846712E+03   0.148789E+02   0.000000E+00  -0.861591E+03   0.172318E+04
   0.298005E+02  -0.401533E+00  -0.435400E+01   0.452860E+01   0.884194E+01   0.501213E+01  -0.155879E+01   0.835710E-02   0.346793E-02   0.332922E-01   0.430636E-02   0.107058E-02  -0.849662E+03   0.142070E+02   0.000000E+00  -0.863869E+03   0.172774E+04
   0.292275E+02   0.204775E+00  -0.379726E+01   0.766806E+01   0.760352E+01   0.241861E+01   0.251539E+00   0.592275E-02   0.898112E-02   0.164017E-02   0.213503E-02   0.134281E-02  -0.847773E+03   0.170108E+02   0.000000E+00  -0.864784E+03   0.172957E+04
   0.298068E+02  -0.949513E-02  -0.520642E+01   0.794900E+01   0.746647E+01   0.417219E+01  -0.183704E+01   0.519193E-03   0.666287E-02   0.880585E-03   0.510886E-03   0.421810E-01  -0.849253E+03   0.133971E+02   0.000000E+00  -0.862650E+03   0.172530E+04
   0.312207E+02  -0.748318E+00  -0.610254E+01   0.955577E+01   0.779881E+01   0.198459E+01  -0.198856E+01   0.108488E-01   0.584764E-02   0.880585E-03   0.432118E-02   0.198728E-01  -0.851468E+03   0.153285E+02   0.000000E+00  -0.866796E+03   0.173359E+04
   0.308447E+02   0.791657E+00  -0.736417E+01   0.756236E+01   0.129177E+02   0.111311E+01  -0.117070E+01   0.263033E-01   0.804500E-02   0.461171E-02   0.353735E-01   0.761853E-03  -0.859439E+03   0.135415E+02   0.000000E+00  -0.872980E+03   0.174596E+04
   0.310779E+02   0.104249E+00  -0.628937E+01   0.571302E+01   0.103879E+02   0.456968E+01  -0.319450E+00   0.240219E-01   0.231980E-01   0.332462E-02   0.571843E-01   0.460829E-02  -0.856260E+03   0.958916E+01   0.000000E+00  -0.865849E+03   0.173170E+04
   0.305234E+02  -0.107505E+01  -0.684548E+01   0.810233E+01   0.912993E+01   0.639274E+01  -0.319450E+00   0.204880E-02   0.485970E-02   0.666511E-02   0.609597E-02   0.883298E-02  -0.849440E+03   0.157753E+02   0.000000E+00  -0.865215E+03   0.173043E+04
   0.306718E+02   0.127236E+00  -0.571474E+01   0.797502E+01   0.967959E+01   0.397790E+01  -0.210602E+01   0.192406E-01   0.537297E-02   0.520618E-02   0.416502E-03   0.328421E-02  -0.845992E+03   0.169927E+02   0.000000E+00  -0.862985E+03   0.172597E+04
   0.299683E+02   0.698339E+00  -0.378484E+01   0.703558E+01   0.848756E+01   0.562547E+01  -0.335342E+01   0.289412E-02   0.464794E-02   0.502143E-03   0.416502E-03   0.582029E-02  -0.845857E+03   0.172820E+02   0.000000E+00  -0.863139E+03   0.172628E+04
   0.299835E+02   0.698339E+00  -0.378283E+01   0.529191E+01   0.103410E+02   0.716802E+01  -0.465297E+01   0.241629E-02   0.151561E-01   0.502143E-03   0.270694E-01   0.106844E-01  -0.853298E+03   0.130795E+02   0.000000E+00  -0.866377E+03   0.173275E+04
   0.297160E+02   0.819904E+00  -0.773149E+01   0.574293E+01   0.991483E+01   0.313778E+01  -0.152306E+01   0.232917E-02   0.263322E-01   0.217460E-01   0.276773E-01   0.638934E-01  -0.862910E+03   0.445579E+01   0.000000E+00  -0.867366E+03   0.173473E+04
   0.300349E+02   0.819904E+00  -0.468208E+01   0.679914E+01   0.979387E+01   0.445164E+01  -0.187415E+01   0.132756E-01   0.192965E-01   0.221978E-02   0.844458E-02   0.663004E-01  -0.853308E+03   0.879455E+01   0.000000E+00  -0.862103E+03   0.172421E+04
   0.302726E+02  -0.426357E+00  -0.548707E+01   0.879125E+01   0.746540E+01   0.478501E+01  -0.195784E+01   0.118498E-01   0.279786E-01   0.841378E-02   0.392742E-02   0.482220E-02  -0.849685E+03   0.139065E+02   0.000000E+00  -0.863591E+03   0.172718E+04
   0.300769E+02  -0.426357E+00  -0.553457E+01   0.804750E+01   0.785742E+01   0.379092E+01   0.117388E+01   0.121535E-01   0.138318E-02   0.338166E-01   0.239229E-02   0.122866E-02  -0.847981E+03   0.145386E+02   0.000000E+00  -0.862520E+03   0.172504E+04
   0.306967E+02   0.200301E-02  -0.591891E+01   0.734217E+01   0.894530E+01   0.280575E+01  -0.245033E+01   0.210129E-01   0.444590E-02   0.702085E-02   0.521330E-02   0.784320E-02  -0.847620E+03   0.159684E+02   0.000000E+00  -0.863588E+03   0.172718E+04
   0.296382E+02  -0.808452E+00  -0.515390E+01   0.596400E+01   0.991357E+01   0.340891E+01  -0.255613E+01   0.502881E-02   0.441385E-02   0.338915E-03   0.447585E-02   0.272818E-01  -0.852071E+03   0.147696E+02   0.000000E+00  -0.866841E+03   0.173368E+04
   0.302452E+02   0.259352E+00  -0.534141E+01   0.628818E+01   0.107295E+02   0.396958E+01   0.854950E+00   0.851403E-02   0.160312E-01   0.115063E-02   0.107297E-03   0.211854E-02  -0.846320E+03   0.164799E+02   0.000000E+00  -0.862800E+03   0.172560E+04
   0.296865E+02   0.154112E-01  -0.777447E+01   0.695996E+01   0.797036E+01   0.491315E+01  -0.417162E+00   0.707518E-02   0.100882E-01   0.188515E-01   0.284413E-01   0.654406E-02  -0.854239E+03   0.120282E+02   0.000000E+00  -0.866267E+03   0.173253E+04
   0.299972E+02   0.149991E+01  -0.336663E+01   0.648318E+01   0.883596E+01   0.555804E+01  -0.465311E+00   0.790366E-02   0.221087E-01   0.164741E-01   0.670125E-02   0.133249E-01  -0.851002E+03   0.125598E+02   0.000000E+00  -0.863562E+03   0.172712E+04
   0.300430E+02   0.126392E+01  -0.343322E+01   0.879485E+01   0.883596E+01   0.512178E+01   0.455031E+00   0.652520E-02   0.675678E-02   0.100034E-01   0.365352E-02   0.194716E-01  -0.848865E+03   0.144322E+02   0.000000E+00  -0.863297E+03   0.172659E+04
   0.306127E+02   0.115286E+01  -0.635612E+01   0.676022E+01   0.114477E+02   0.518542E+01  -0.113128E+01   0.636609E-02   0.679741E-02   0.525241E-02   0.781740E-02   0.821171E-02  -0.848112E+03   0.156128E+02   0.000000E+00  -0.863725E+03   0.172745E+04
   0.308418E+02  -0.168190E+00  -0.776888E+01   0.789335E+01   0.102826E+02   0.367902E+01  -0.533286E+00   0.121056E-01   0.679741E-02   0.910636E-02   0.196888E-01   0.145303E-01  -0.851919E+03   0.134084E+02   0.000000E+00  -0.865327E+03   0.173065E+04
   0.303445E+02  -0.137354E+00  -0.418981E+01   0.638235E+01   0.933666E+01   0.293337E+01   0.202982E+01   0.194657E-01   0.230617E-01   0.144694E-01   0.929384E-02   0.668414E-02  -0.850939E+03   0.130698E+02   0.000000E+00  -0.864009E+03   0.172802E+04
   0.311840E+02  -0.120658E+01  -0.495141E+01   0.830395E+01   0.933666E+01   0.236176E+01  -0.127904E+01   0.268524E-02   0.335647E-01   0.132403E-02   0.270301E-02   0.135159E-02  -0.851545E+03   0.145263E+02   0.000000E+00  -0.866071E+03   0.173214E+04
   0.307609E+02  -0.793996E+00  -0.499985E+01   0.801514E+01   0.707189E+01   0.504869E+01   0.200269E+01   0.150766E-01   0.317580E-01   0.336685E-02   0.611822E-02   0.100480E-01  -0.851275E+03   0.132916E+02   0.000000E+00  -0.864567E+03   0.172913E+04
   0.312559E+02   0.451565E+00  -0.333764E+01   0.860220E+01   0.950008E+01   0.394649E+01   0.104671E+01   0.157047E-01   0.296561E-01   0.323866E-02   0.448564E-02   0.174029E-01  -0.853318E+03   0.129424E+02   0.000000E+00  -0.866260E+03   0.173252E+04
   0.307025E+02  -0.315341E+00  -0.541136E+01   0.800092E+01   0.964981E+01   0.605516E+01   0.581069E+00   0.848679E-02   0.420791E-02   0.174222E-02   0.184550E-02   0.714198E-03  -0.844862E+03   0.175697E+02   0.000000E+00  -0.862432E+03   0.172486E+04
   0.309560E+02  -0.172624E+01  -0.433567E+01   0.100799E+02   0.863445E+01   0.541596E+01   0.140611E+01   0.163843E-01   0.537237E-02   0.980589E-02   0.206235E-01   0.714198E-03  -0.853694E+03   0.147691E+02   0.000000E+00  -0.868463E+03   0.173693E+04
   0.301098E+02   0.154016E+01  -0.612074E+01   0.757487E+01   0.105258E+02   0.412994E+01  -0.145454E+01   0.719155E-02   0.122327E-01   0.133235E-01   0.437468E-03   0.474747E-03  -0.848531E+03   0.157738E+02   0.000000E+00  -0.864305E+03   0.172861E+04
   0.301098E+02  -0.611483E+00  -0.510593E+01   0.501681E+01   0.981983E+01   0.686633E+01  -0.196174E+01   0.178014E-01   0.163707E-01   0.376799E-02   0.354329E-02   0.845220E-02  -0.849671E+03   0.152073E+02   0.000000E+00  -0.864878E+03   0.172976E+04
   0.305331E+02   0.123784E+01  -0.363655E+01   0.915055E+01   0.883906E+01   0.654102E+01  -0.100201E+01   0.389470E-02   0.179038E-03   0.412189E-02   0.275564E-02   0.152574E-02  -0.846583E+03   0.175624E+02   0.000000E+00  -0.864145E+03   0.172829E+04
   0.307227E+02   0.146280E-01  -0.638727E+01   0.547626E+01   0.107683E+02   0.626149E+01  -0.215030E+01   0.959353E-02   0.191311E-03   0.830242E-02   0.176994E-01   0.110578E-01  -0.849086E+03   0.146956E+02   0.000000E+00  -0.863782E+03   0.172756E+04
   0.307227E+02   0.146280E-01  -0.764297E+01   0.625076E+01   0.917873E+01   0.660119E+01  -0.137536E+01   0.106725E-02   0.632453E-02   0.146123E-01   0.150944E-02   0.246421E-01  -0.851470E+03   0.137118E+02   0.000000E+00  -0.865182E+03   0.173036E+04
   0.308567E+02  -0.160931E+01  -0.575994E+01   0.811300E+01   0.640727E+01   0.265558E+01  -0.870426E-01   0.104955E-01   0.169442E-01   0.140007E-01   0.872342E-02   0.346692E-02  -0.852621E+03   0.141072E+02   0.000000E+00  -0.866728E+03   0.173346E+04
   0.308567E+02   0.394650E-02  -0.404659E+01   0.710094E+01   0.958694E+01   0.517547E+01  -0.313645E+01   0.123584E-01   0.146188E-01   0.382944E-02   0.347004E-02   0.668359E-02  -0.847971E+03   0.155605E+02   0.000000E+00  -0.863531E+03   0.172706E+04
   0.304058E+02  -0.413061E+00  -0.536850E+01   0.683795E+01   0.935330E+01   0.468629E+01   0.567263E+00   0.133625E-01   0.370389E-02   0.238786E-02   0.368173E-02   0.161141E-01  -0.846061E+03   0.158319E+02   0.000000E+00  -0.861893E+03   0.172379E+04
   0.303053E+02  -0.413061E+00  -0.447462E+01   0.802543E+01   0.898437E+01   0.406047E+01   0.567263E+00   0.947794E-02   0.101443E-01   0.590675E-02   0.196013E-02   0.554273E-02  -0.845833E+03   0.160653E+02   0.000000E+00  -0.861898E+03   0.172380E+04
   0.293911E+02   0.123175E+01  -0.435897E+01   0.563190E+01   0.712306E+01   0.685753E+01  -0.304694E+01   0.177466E-01   0.255505E-01   0.140647E-01   0.877619E-02   0.237828E-02  -0.853193E+03   0.133437E+02   0.000000E+00  -0.866537E+03   0.173307E+04
   0.301592E+02   0.632021E+00  -0.542306E+01   0.727334E+01   0.710505E+01   0.786181E+01  -0.278655E+00   0.778123E-02   0.474961E-02   0.574292E-02   0.386623E-02   0.237828E-02  -0.847606E+03   0.167470E+02   0.000000E+00  -0.864353E+03   0.172871E+04
   0.298830E+02   0.565017E+00  -0.379932E+01   0.553890E+01   0.731015E+01   0.671050E+01  -0.201305E+01   0.311532E-02   0.937745E-02   0.987177E-02   0.665262E-02   0.549212E-02  -0.848573E+03   0.152813E+02   0.000000E+00  -0.863854E+03   0.172771E+04
   0.311460E+02  -0.513989E+00  -0.376331E+01   0.782232E+01   0.100337E+02   0.423083E+01  -0.518085E+00   0.273169E-01   0.382613E-02   0.264539E-01   0.665262E-02   0.430531E-03  -0.850110E+03   0.146844E+02   0.000000E+00  -0.864794E+03   0.172959E+04
   0.309195E+02  -0.275822E+00  -0.527676E+01   0.747880E+01   0.109000E+02   0.289632E+01  -0.291341E+01   0.186861E-01   0.223151E-03   0.681046E-02   0.721011E-02   0.339680E-02  -0.847978E+03   0.166566E+02   0.000000E+00  -0.864635E+03   0.172927E+04
   0.308978E+02  -0.689735E+00  -0.650513E+01   0.640749E+01   0.108913E+02   0.380447E+01  -0.157057E+01   0.695791E-02   0.432178E-02   0.746127E-02   0.118710E-01   0.140012E-01  -0.849745E+03   0.146552E+02   0.000000E+00  -0.864400E+03   0.172880E+04
   0.308520E+02  -0.470186E+00  -0.340171E+01   0.716150E+01   0.112965E+02   0.477357E+01  -0.264729E+01   0.144037E-01   0.200245E-02   0.106673E-01   0.151181E-01   0.126616E-01  -0.852256E+03   0.143757E+02   0.000000E+00  -0.866632E+03   0.173326E+04
   0.302071E+02  -0.470186E+00  -0.581573E+01   0.716150E+01   0.947719E+01   0.551260E+01  -0.264729E+01   0.521350E-02   0.935681E-02   0.385467E-01   0.275851E-02   0.203765E-01  -0.852275E+03   0.113168E+02   0.000000E+00  -0.863592E+03   0.172718E+04
   0.310724E+02  -0.117866E+01  -0.458173E+01   0.791077E+01   0.622955E+01   0.287147E+01   0.138158E+01   0.112758E-01   0.204416E-02   0.146335E-01   0.111818E-01   0.122405E-01  -0.854628E+03   0.144107E+02   0.000000E+00  -0.869039E+03   0.173808E+04
   0.310724E+02  -0.283336E+00  -0.427216E+01   0.800428E+01   0.904363E+01   0.172486E+00  -0.206064E+01   0.369747E-01   0.446536E-02   0.175716E-01   0.159244E-01   0.115884E-01  -0.855032E+03   0.134657E+02   0.000000E+00  -0.868498E+03   0.173700E+04
   0.308835E+02  -0.283336E+00  -0.411090E+01   0.840034E+01   0.722984E+01   0.431669E+01  -0.114745E+01   0.143414E-01   0.391569E-02   0.104550E-01   0.710093E-02   0.114445E-01  -0.848680E+03   0.151291E+02   0.000000E+00  -0.863809E+03   0.172762E+04
   0.304612E+02  -0.653345E+00  -0.550235E+01   0.590670E+01   0.728513E+01   0.356149E+01  -0.371356E+01   0.178259E-01   0.330386E-01   0.179829E-01   0.571925E-02   0.593765E-02  -0.852564E+03   0.121528E+02   0.000000E+00  -0.864717E+03   0.172943E+04
   0.300077E+02   0.647251E+00  -0.666068E+01   0.632070E+01   0.974747E+01   0.295492E+01   0.772373E-02   0.157048E-01   0.318624E-01   0.417925E-02   0.836937E-02   0.356440E-03  -0.851119E+03   0.139439E+02   0.000000E+00  -0.865063E+03   0.173013E+04
   0.300077E+02   0.602534E+00  -0.422417E+01   0.668132E+01   0.961920E+01   0.552728E+01  -0.239884E+00   0.187871E-02   0.822861E-02   0.134150E-01   0.148701E-01   0.317697E-01  -0.849828E+03   0.115923E+02   0.000000E+00  -0.861420E+03   0.172284E+04
   0.300569E+02   0.107115E+01  -0.396673E+01   0.700770E+01   0.961920E+01   0.250304E+01  -0.283475E+00   0.119352E-01   0.186534E-01   0.248597E-02   0.167332E-01   0.175344E-01  -0.850781E+03   0.128800E+02   0.000000E+00  -0.863661E+03   0.172732E+04
   0.300569E+02   0.183129E-01  -0.286086E+01   0.597884E+01   0.678357E+01   0.637695E+01  -0.142676E+01   0.759740E-02   0.400725E-02   0.170861E-01   0.284145E-01   0.225495E-02  -0.851661E+03   0.132444E+02   0.000000E+00  -0.864905E+03   0.172981E+04
   0.306150E+02   0.443940E+00  -0.397308E+01   0.858790E+01   0.100976E+02   0.427883E+01  -0.512478E+00   0.197450E-01   0.150214E-01   0.385576E-02   0.282001E-01   0.770885E-02  -0.850415E+03   0.129421E+02   0.000000E+00  -0.863357E+03   0.172671E+04
   0.303311E+02   0.671156E+00  -0.558520E+01   0.858790E+01   0.100061E+02   0.366275E+01  -0.131053E+01   0.201216E-02   0.111484E-01   0.316091E-01   0.409617E-02   0.178397E-01  -0.850690E+03   0.119513E+02   0.000000E+00  -0.862641E+03   0.172528E+04
   0.311134E+02   0.204495E+00  -0.337546E+01   0.693071E+01   0.106219E+02   0.262410E+01   0.200048E+00   0.131647E-01   0.164463E-01   0.880187E-02   0.737111E-02   0.429738E-02  -0.852037E+03   0.147290E+02   0.000000E+00  -0.866766E+03   0.173353E+04
   0.300447E+02   0.394979E+00  -0.474574E+01   0.633405E+01   0.835079E+01   0.307575E+01  -0.951299E+00   0.239269E-02   0.790498E-02   0.234938E-04   0.160625E-02   0.129062E-01  -0.846458E+03   0.161766E+02   0.000000E+00  -0.862635E+03   0.172527E+04
   0.294590E+02   0.394979E+00  -0.477718E+01   0.755137E+01   0.839703E+01   0.573524E+01   0.267738E+01   0.142064E-01   0.385387E-01   0.403715E-02   0.105505E-01   0.261818E-02  -0.851968E+03   0.128462E+02   0.000000E+00  -0.864814E+03   0.172963E+04
   0.294763E+02   0.394979E+00  -0.511974E+01   0.339900E+01   0.855311E+01   0.757442E+01  -0.304727E+01   0.770779E-02   0.172518E-01   0.857443E-02   0.628117E-02   0.823468E-02  -0.852265E+03   0.143865E+02   0.000000E+00  -0.866651E+03   0.173330E+04
   0.304855E+02   0.394979E+00  -0.496800E+01   0.714655E+01   0.999404E+01   0.747809E+01   0.216728E+00   0.482609E-02   0.249876E-02   0.181254E-01   0.721031E-02   0.100972E-01  -0.847657E+03   0.146275E+02   0.000000E+00  -0.862285E+03   0.172457E+04
   0.305878E+02  -0.193946E+00  -0.496098E+01   0.561080E+01   0.932289E+01   0.544651E+01  -0.220141E+01   0.154593E-01   0.433392E-02   0.155532E-02   0.723456E-02   0.129549E-01  -0.846894E+03   0.158128E+02   0.000000E+00  -0.862707E+03   0.172541E+04
   0.301681E+02  -0.145455E+00  -0.522329E+01   0.561080E+01   0.932289E+01   0.634484E+01  -0.267798E+01   0.707828E-02   0.449226E-05   0.107936E-01   0.130985E-01   0.601473E-02  -0.847281E+03   0.154295E+02   0.000000E+00  -0.862711E+03   0.172542E+04
   0.299864E+02  -0.247291E+00  -0.526060E+01   0.555981E+01   0.784352E+01   0.504958E+01  -0.137425E+01   0.192664E-01   0.232629E-02   0.148661E-01   0.299083E-01   0.751295E-02  -0.849911E+03   0.129593E+02   0.000000E+00  -0.862870E+03   0.172574E+04
   0.303034E+02   0.571489E+00  -0.489376E+01   0.601474E+01   0.784352E+01   0.530698E+01  -0.248295E+01   0.168906E-02   0.318766E-02   0.148114E-01   0.869777E-02   0.751295E-02  -0.848288E+03   0.149997E+02   0.000000E+00  -0.863288E+03   0.172658E+04
   0.297251E+02   0.548110E+00  -0.448630E+01   0.586362E+01   0.528113E+01   0.739147E+01   0.163679E+01   0.134075E-01   0.570160E-02   0.407163E-01   0.107991E-02   0.568892E-02  -0.855186E+03   0.131020E+02   0.000000E+00  -0.868288E+03   0.173658E+04
   0.293666E+02   0.661788E-01  -0.383658E+01   0.609941E+01   0.900060E+01   0.476719E+01   0.385147E+01   0.502039E-02   0.139879E-01   0.329247E-02   0.215073E-02   0.842256E-03  -0.849466E+03   0.163933E+02   0.000000E+00  -0.865859E+03   0.173172E+04
   0.305031E+02   0.661788E-01  -0.693195E+01   0.783823E+01   0.970873E+01   0.524656E+01   0.558595E+00   0.240969E-02   0.236068E-01   0.142745E-01   0.152821E-02   0.622962E-02  -0.849167E+03   0.138568E+02   0.000000E+00  -0.863024E+03   0.172605E+04
   0.305031E+02  -0.256758E+00  -0.455294E+01   0.444704E+01   0.921557E+01   0.757043E+01  -0.156659E+01   0.989360E-02   0.439589E-02   0.157670E-02   0.170268E-01   0.131502E-01  -0.850268E+03   0.148057E+02   0.000000E+00  -0.865074E+03   0.173015E+04
   0.312981E+02   0.111230E+01  -0.386279E+01   0.701908E+01   0.977141E+01   0.578868E+01  -0.116680E+01   0.108974E-01   0.524847E-03   0.182100E-02   0.117705E-01   0.177241E-01  -0.851957E+03   0.152366E+02   0.000000E+00  -0.867194E+03   0.173439E+04
   0.301020E+02   0.109251E+01  -0.570005E+01   0.685654E+01   0.910034E+01   0.598424E+01  -0.235743E+01   0.228657E-02   0.524847E-03   0.117211E-01   0.107343E-01   0.415759E-02  -0.846660E+03   0.157069E+02   0.000000E+00  -0.862367E+03   0.172473E+04
   0.308097E+02   0.976390E+00  -0.413458E+01   0.673645E+01   0.106077E+02   0.623982E+01  -0.488493E+00   0.100046E-01   0.130365E-01   0.186374E-02   0.146992E-01   0.205398E-02  -0.848320E+03   0.152553E+02   0.000000E+00  -0.863575E+03   0.172715E+04
   0.299835E+02   0.930150E+00  -0.293916E+01   0.685100E+01   0.928696E+01   0.445836E+01  -0.207814E+01   0.853023E-02   0.187647E-01   0.859261E-02   0.212567E-02   0.614663E-03  -0.847970E+03   0.154109E+02   0.000000E+00  -0.863381E+03   0.172676E+04
   0.296680E+02  -0.213722E+00  -0.557200E+01   0.702042E+01   0.806241E+01   0.263595E+01   0.290538E+00   0.196543E-01   0.534514E-02   0.170815E-01   0.820820E-02   0.434248E-02  -0.849206E+03   0.149229E+02   0.000000E+00  -0.864129E+03   0.172826E+04
   0.296680E+02   0.257821E+00  -0.272408E+01   0.649460E+01   0.708337E+01   0.424636E+01  -0.178558E+01   0.134292E-02   0.183774E-02   0.386773E-02   0.124553E-01   0.430025E-01  -0.852056E+03   0.123044E+02   0.000000E+00  -0.864360E+03   0.172872E+04
   0.303153E+02   0.175926E+00  -0.490681E+01   0.750642E+01   0.789677E+01   0.418174E+01  -0.453206E+00   0.750496E-02   0.152279E-02   0.108686E-01   0.108758E-01   0.231906E-01  -0.847968E+03   0.137749E+02   0.000000E+00  -0.861743E+03   0.172349E+04
   0.298057E+02   0.311015E+00  -0.475411E+01   0.824166E+01   0.849067E+01   0.468972E+01   0.128606E+01   0.125222E-01   0.327749E-02   0.731442E-02   0.994495E-02   0.285769E-01  -0.849114E+03   0.135093E+02   0.000000E+00  -0.862623E+03   0.172525E+04
   0.300622E+02   0.311015E+00  -0.430594E+01   0.564880E+01   0.645804E+01   0.468972E+01   0.166599E+01   0.159966E-01   0.327749E-02   0.592265E-02   0.589940E-02   0.232456E-02  -0.849667E+03   0.166783E+02   0.000000E+00  -0.866345E+03   0.173269E+04
   0.300622E+02  -0.895570E+00  -0.692907E+01   0.834811E+01   0.803357E+01   0.448685E+01  -0.871443E+00   0.500970E-02   0.315888E-02   0.232750E-01   0.180460E-01   0.428997E-02  -0.851520E+03   0.135437E+02   0.000000E+00  -0.865064E+03   0.173013E+04
   0.302794E+02   0.126705E+00  -0.435312E+01   0.692457E+01   0.105271E+02   0.522385E+01   0.319186E+01   0.699248E-02   0.262238E-02   0.271733E-01   0.359357E-02   0.409935E-02  -0.849329E+03   0.146718E+02   0.000000E+00  -0.864001E+03   0.172800E+04
   0.304673E+02  -0.136992E+01  -0.588131E+01   0.635449E+01   0.865545E+01   0.440289E+01  -0.395805E+01   0.617658E-02   0.401248E-02   0.606815E-02   0.744042E-04   0.164383E-02  -0.848773E+03   0.172408E+02   0.000000E+00  -0.866014E+03   0.173203E+04
   0.304673E+02  -0.553380E+00  -0.449365E+01   0.708490E+01   0.823714E+01   0.372316E+01   0.687728E+00   0.387540E-02   0.735564E-02   0.155801E-01   0.744042E-04   0.867321E-02  -0.847593E+03   0.152523E+02   0.000000E+00  -0.862845E+03   0.172569E+04
   0.298994E+02   0.110010E+01  -0.385877E+01   0.812292E+01   0.823714E+01   0.658725E+01  -0.168267E-01   0.715273E-02   0.125245E-01   0.576399E-02   0.502568E-02   0.149024E-02  -0.846878E+03   0.159402E+02   0.000000E+00  -0.862818E+03   0.172564E+04
   0.302376E+02  -0.341572E+00  -0.587921E+01   0.854534E+01   0.743424E+01   0.317258E+01   0.118497E+01   0.145173E-01   0.200593E-02   0.638342E-02   0.152526E-01   0.482369E-02  -0.847963E+03   0.155741E+02   0.000000E+00  -0.863537E+03   0.172707E+04
   0.300080E+02   0.724282E-01  -0.623044E+01   0.700318E+01   0.901692E+01   0.553163E+01  -0.209457E+01   0.957502E-02   0.298192E-02   0.859329E-02   0.686063E-02   0.279233E-01  -0.848932E+03   0.137848E+02   0.000000E+00  -0.862717E+03   0.172543E+04
   0.303610E+02  -0.646153E+00  -0.491677E+01   0.787263E+01   0.917407E+01   0.390429E+01  -0.266004E+01   0.121784E-01   0.129088E-01   0.689406E-02   0.122762E-02   0.565841E-02  -0.848018E+03   0.157518E+02   0.000000E+00  -0.863770E+03   0.172754E+04
   0.311021E+02   0.307489E+00  -0.289141E+01   0.945195E+01   0.929714E+01   0.450510E+01  -0.384835E+00   0.886861E-02   0.112234E-01   0.224609E-01   0.365758E-02   0.155358E-02  -0.851308E+03   0.145311E+02   0.000000E+00  -0.865839E+03   0.173168E+04
   0.309736E+02   0.125694E+00  -0.396460E+01   0.679655E+01   0.751036E+01   0.457333E+01  -0.534410E+01   0.929642E-02   0.974148E-02   0.216548E-01   0.278228E-02   0.572984E-02  -0.853439E+03   0.144298E+02   0.000000E+00  -0.867869E+03   0.173574E+04
   0.303391E+02   0.103291E+01  -0.437301E+01   0.727649E+01   0.824135E+01   0.393752E+01  -0.685187E+00   0.997450E-02   0.218574E-01   0.752624E-02   0.835814E-03   0.133775E-01  -0.849061E+03   0.140610E+02   0.000000E+00  -0.863122E+03   0.172624E+04
   0.304115E+02   0.939460E+00  -0.551400E+01   0.686637E+01   0.100641E+02   0.743608E+01   0.157658E+01   0.655253E-02   0.106946E-01   0.950691E-02   0.567465E-02   0.665477E-02  -0.848436E+03   0.151676E+02   0.000000E+00  -0.863604E+03   0.172721E+04
   0.295610E+02  -0.499047E+00  -0.655069E+01   0.730411E+01   0.842863E+01   0.372068E+01  -0.185818E+00   0.117059E-03   0.148441E-01   0.199828E-02   0.273533E-02   0.260205E-03  -0.848120E+03   0.164369E+02   0.000000E+00  -0.864557E+03   0.172911E+04
   0.301368E+02  -0.556860E+00  -0.605082E+01   0.747131E+01   0.800950E+01   0.713287E+01  -0.167930E+01   0.185828E-02   0.854304E-03   0.199828E-02   0.362463E-01   0.139627E-01  -0.851055E+03   0.131145E+02   0.000000E+00  -0.864170E+03   0.172834E+04
   0.294665E+02  -0.878195E+00  -0.381873E+01   0.713666E+01   0.686551E+01   0.551761E+01  -0.191759E+01   0.337365E-02   0.489452E-02   0.201808E-02   0.521684E-01   0.187887E-01  -0.855706E+03   0.106337E+02   0.000000E+00  -0.866340E+03   0.173268E+04
   0.303824E+02  -0.651169E+00  -0.640134E+01   0.722435E+01   0.635353E+01   0.510714E+01   0.863353E+00   0.194475E-01   0.116814E-01   0.133954E-01   0.246352E-03   0.263090E-02  -0.849852E+03   0.156253E+02   0.000000E+00  -0.865477E+03   0.173095E+04
   0.302521E+02  -0.104675E+01  -0.345091E+01   0.100971E+02   0.635353E+01   0.119180E+01   0.332082E+01   0.755273E-02   0.352788E-02   0.453714E-02   0.378980E-02   0.101493E-01  -0.852075E+03   0.162203E+02   0.000000E+00  -0.868295E+03   0.173659E+04
   0.304070E+02   0.134476E+01  -0.444115E+01   0.676317E+01   0.105881E+02   0.548111E+01   0.505050E+00   0.845366E-02   0.105666E-01   0.156060E-01   0.901664E-02   0.114451E-01  -0.849525E+03   0.137572E+02   0.000000E+00  -0.863282E+03   0.172656E+04
   0.294279E+02   0.255422E+00  -0.543800E+01   0.599118E+01   0.909597E+01   0.491008E+01   0.149369E+01   0.103051E-03   0.297732E-02   0.160419E-01   0.136849E-01   0.890703E-02  -0.849275E+03   0.142596E+02   0.000000E+00  -0.863535E+03   0.172707E+04
   0.304634E+02   0.424574E+00  -0.655569E+01   0.622285E+01   0.101423E+02   0.369261E+01  -0.383143E+01   0.265380E-02   0.128053E-01   0.549769E-02   0.156966E-01   0.411669E-02  -0.849390E+03   0.146091E+02   0.000000E+00  -0.863999E+03   0.172800E+04
   0.290815E+02   0.120075E+01  -0.566898E+01   0.529207E+01   0.103331E+02   0.798003E+01   0.662939E+00   0.651570E-03   0.131939E-02   0.172729E-01   0.162783E-01   0.251664E-01  -0.855760E+03   0.124170E+02   0.000000E+00  -0.868177E+03   0.173635E+04
   0.290327E+02  -0.735413E+00  -0.535684E+01   0.722022E+01   0.702129E+01   0.457969E+01  -0.649491E+00   0.108131E-02   0.696303E-04   0.291947E-02   0.111302E-01   0.219274E-01  -0.852544E+03   0.148160E+02   0.000000E+00  -0.867360E+03   0.173472E+04
   0.299919E+02  -0.623980E+00  -0.549657E+01   0.770491E+01   0.765678E+01   0.493296E+01  -0.123229E+01   0.175247E-02   0.696303E-04   0.729548E-02   0.507231E-03   0.113977E-01  -0.846106E+03   0.164937E+02   0.000000E+00  -0.862600E+03   0.172520E+04
   0.305646E+02   0.674584E-01  -0.549657E+01   0.606647E+01   0.871107E+01   0.619235E+01  -0.288180E+01   0.138489E-01   0.696303E-04   0.142986E-04   0.160231E-01   0.306526E-02  -0.846362E+03   0.165035E+02   0.000000E+00  -0.862865E+03   0.172573E+04
   0.306508E+02   0.791726E+00  -0.372513E+01   0.748519E+01   0.755113E+01   0.660494E+01  -0.108964E+01   0.862427E-02   0.696303E-04   0.432246E-02   0.218580E-02   0.634081E-02  -0.847385E+03   0.171288E+02   0.000000E+00  -0.864514E+03   0.172903E+04
   0.305683E+02   0.833266E+00  -0.270989E+01   0.748519E+01   0.117166E+02   0.408276E+01  -0.170443E+01   0.764721E-02   0.140199E-01   0.776041E-02   0.400961E-02   0.638757E-03  -0.850450E+03   0.157778E+02   0.000000E+00  -0.866228E+03   0.173246E+04
   0.305683E+02   0.537316E+00  -0.453673E+01   0.729048E+01   0.787573E+01   0.481432E+01  -0.280634E+00   0.222971E-01   0.110094E-01   0.134265E-02   0.151635E-01   0.879960E-02  -0.848469E+03   0.147892E+02   0.000000E+00  -0.863258E+03   0.172652E+04
   0.307121E+02   0.340387E-01  -0.396285E+01   0.953667E+01   0.883200E+01   0.693572E+01  -0.243576E+00   0.137873E-01   0.142487E-02   0.959059E-02   0.189963E-01   0.120403E-01  -0.850415E+03   0.142155E+02   0.000000E+00  -0.864630E+03   0.172926E+04
   0.307121E+02  -0.734821E+00  -0.476861E+01   0.757864E+01   0.726670E+01   0.466649E+01  -0.434400E+01   0.210294E-01   0.301688E-01   0.328848E-02   0.448995E-01   0.542668E-02  -0.855154E+03   0.100423E+02   0.000000E+00  -0.865196E+03   0.173039E+04
   0.306982E+02   0.118944E+01  -0.686338E+01   0.789269E+01   0.112402E+02   0.415584E+01  -0.191541E+01   0.455486E-03   0.621237E-03   0.564378E-02   0.655052E-02   0.505826E-02  -0.848153E+03   0.166333E+02   0.000000E+00  -0.864786E+03   0.172957E+04
   0.299213E+02   0.118944E+01  -0.504063E+01   0.883828E+01   0.914449E+01   0.480116E+01  -0.122272E+01   0.217548E-02   0.282326E-02   0.435371E-02   0.417190E-03   0.126233E-01  -0.847020E+03   0.163989E+02   0.000000E+00  -0.863419E+03   0.172684E+04
   0.299213E+02   0.674090E+00  -0.328542E+01   0.576085E+01   0.771376E+01   0.318851E+01  -0.128242E+01   0.296261E-01   0.397841E-01   0.925519E-02   0.103191E-01   0.126247E-01  -0.854164E+03   0.112224E+02   0.000000E+00  -0.865386E+03   0.173077E+04
   0.307215E+02   0.757110E+00  -0.404381E+01   0.680865E+01   0.105909E+02   0.551871E+01  -0.194235E+01   0.258164E-01   0.861755E-02   0.175558E-01   0.196518E-01   0.467070E-02  -0.850942E+03   0.133711E+02   0.000000E+00  -0.864313E+03   0.172863E+04
   0.304638E+02   0.757110E+00  -0.598975E+01   0.494654E+01   0.122423E+02   0.433886E+01  -0.130891E+01   0.195638E-01   0.559752E-02   0.488752E-02   0.469468E-02   0.185479E-02  -0.849454E+03   0.167172E+02   0.000000E+00  -0.866171E+03   0.173234E+04
   0.306248E+02  -0.156780E+01  -0.471741E+01   0.652122E+01   0.846689E+01   0.330138E+01   0.698720E+00   0.290777E-01   0.141633E-01   0.181418E-02   0.401975E-01   0.370125E-02  -0.852720E+03   0.124331E+02   0.000000E+00  -0.865153E+03   0.173031E+04
   0.295684E+02   0.237393E-01  -0.434244E+01   0.652122E+01   0.697004E+01   0.626459E+01  -0.230773E+00   0.138518E-01   0.151529E-02   0.354156E-02   0.103751E-01   0.248250E-02  -0.846554E+03   0.166292E+02   0.000000E+00  -0.863183E+03   0.172637E+04
   0.304054E+02   0.237393E-01  -0.434244E+01   0.667312E+01   0.901729E+01   0.236291E+01  -0.216478E+01   0.912171E-02   0.151529E-02   0.582784E-03   0.626528E-02   0.243413E-01  -0.848071E+03   0.151502E+02   0.000000E+00  -0.863221E+03   0.172644E+04
   0.307472E+02  -0.624764E+00  -0.664594E+01   0.548361E+01   0.123323E+02   0.301182E+01   0.290178E+01   0.113906E-01   0.185529E-01   0.582784E-03   0.121614E-01   0.108399E-02  -0.854634E+03   0.151826E+02   0.000000E+00  -0.869817E+03   0.173963E+04
   0.299226E+02  -0.287541E+00  -0.708821E+01   0.663688E+01   0.105476E+02   0.312189E+01  -0.152443E+01   0.848064E-02   0.177023E-01   0.320098E-02   0.117563E-01   0.300863E-02  -0.850917E+03   0.148539E+02   0.000000E+00  -0.865771E+03   0.173154E+04
   0.299226E+02   0.114743E+01  -0.428524E+01   0.693445E+01   0.735113E+01   0.524950E+01  -0.200489E+01   0.921241E-02   0.104831E-02   0.238720E-01   0.102362E-02   0.300863E-02  -0.847750E+03   0.155254E+02   0.000000E+00  -0.863275E+03   0.172655E+04
   0.299226E+02   0.117612E+01  -0.403750E+01   0.702293E+01   0.887809E+01   0.587666E+01   0.839261E+00   0.126952E-01   0.175376E-01   0.257674E-01   0.154506E-01   0.240118E-01  -0.852573E+03   0.101439E+02   0.000000E+00  -0.862717E+03   0.172543E+04
   0.296921E+02  -0.838314E+00  -0.430096E+01   0.676248E+01   0.641149E+01   0.308947E+01  -0.626222E+00   0.203590E-01   0.580525E-02   0.177465E-01   0.197936E-02   0.791008E-02  -0.849137E+03   0.150766E+02   0.000000E+00  -0.864214E+03   0.172843E+04
   0.299443E+02   0.109742E+00  -0.484349E+01   0.762579E+01   0.870979E+01   0.385715E+01  -0.534546E+00   0.932651E-02   0.794822E-02   0.819244E-02   0.197936E-02   0.930276E-02  -0.845887E+03   0.156784E+02   0.000000E+00  -0.861565E+03   0.172313E+04
   0.299443E+02  -0.804684E+00  -0.274403E+01   0.528596E+01   0.785461E+01   0.501879E+01   0.125061E+01   0.953948E-02   0.185082E-01   0.922403E-02   0.464337E-02   0.170745E-01  -0.852410E+03   0.134757E+02   0.000000E+00  -0.865886E+03   0.173177E+04
   0.301983E+02   0.910233E+00  -0.332735E+01   0.793905E+01   0.758667E+01   0.372679E+01   0.182535E+01   0.991812E-02   0.338874E-01   0.674333E-02   0.428450E-03   0.388841E-02  -0.850897E+03   0.139259E+02   0.000000E+00  -0.864823E+03   0.172965E+04
   0.301983E+02   0.166757E+01  -0.332735E+01   0.719859E+01   0.116830E+02   0.341400E+01   0.327911E+00   0.169898E-01   0.820655E-02   0.169569E-01   0.565097E-02   0.144561E-02  -0.851367E+03   0.151947E+02   0.000000E+00  -0.866562E+03   0.173312E+04
   0.301805E+02  -0.201891E+00  -0.756348E+01   0.591889E+01   0.923328E+01   0.365170E+01  -0.310246E+00   0.199795E-02   0.665225E-02   0.730176E-02   0.693375E-02   0.170557E-01  -0.850345E+03   0.146263E+02   0.000000E+00  -0.864971E+03   0.172994E+04
   0.300555E+02  -0.619585E+00  -0.634918E+01   0.767178E+01   0.662737E+01   0.381746E+01  -0.690138E+00   0.131312E-01   0.190212E-01   0.135624E-01   0.251016E-01   0.312509E-02  -0.851642E+03   0.123397E+02   0.000000E+00  -0.863982E+03   0.172796E+04
   0.304713E+02  -0.508225E+00  -0.509831E+01   0.385940E+01   0.886838E+01   0.525028E+01  -0.276781E+01   0.211377E-01   0.213442E-01   0.454060E-02   0.498820E-03   0.158449E-02  -0.849887E+03   0.156239E+02   0.000000E+00  -0.865511E+03   0.173102E+04
   0.306864E+02  -0.564220E+00  -0.598074E+01   0.582005E+01   0.121919E+02   0.424604E+01  -0.284744E+00   0.840684E-02   0.127893E-01   0.599170E-02   0.640841E-02   0.805144E-02  -0.850370E+03   0.150966E+02   0.000000E+00  -0.865467E+03   0.173093E+04
   0.304659E+02  -0.332525E+00  -0.573833E+01   0.769438E+01   0.101783E+02   0.395841E+01   0.234957E+01   0.120123E-01   0.962923E-02   0.148686E-02   0.228616E-01   0.193262E-01  -0.850491E+03   0.130903E+02   0.000000E+00  -0.863581E+03   0.172716E+04
   0.297853E+02   0.218271E+00  -0.581905E+01   0.666915E+01   0.803578E+01   0.489292E+01  -0.744014E+00   0.104741E-01   0.757657E-02   0.472667E-02   0.523123E-02   0.385979E-02  -0.845896E+03   0.162813E+02   0.000000E+00  -0.862177E+03   0.172435E+04
   0.297853E+02   0.143481E+01  -0.475068E+01   0.666915E+01   0.929467E+01   0.380274E+01  -0.158760E+01   0.228930E-04   0.131266E-01   0.208708E-02   0.478967E-03   0.354985E-02  -0.846655E+03   0.164964E+02   0.000000E+00  -0.863151E+03   0.172630E+04
   0.303251E+02   0.603370E+00  -0.435885E+01   0.743218E+01   0.115363E+02   0.156593E+01   0.941185E+00   0.562559E-02   0.183212E-01   0.308986E-01   0.145792E-01   0.142500E-01  -0.855152E+03   0.106158E+02   0.000000E+00  -0.865768E+03   0.173154E+04
   0.304214E+02   0.134795E+01  -0.577705E+01   0.468503E+01   0.125200E+02   0.717548E+01  -0.747542E+00   0.123792E-01   0.673720E-02   0.973082E-02   0.734238E-02   0.548967E-02  -0.851119E+03   0.154907E+02   0.000000E+00  -0.866610E+03   0.173322E+04
   0.303677E+02   0.115612E+01  -0.436998E+01   0.612826E+01   0.996066E+01   0.800568E+01  -0.368485E+00   0.843543E-02   0.752753E-02   0.162878E-01   0.674857E-02   0.332456E-02  -0.848391E+03   0.150318E+02   0.000000E+00  -0.863423E+03   0.172685E+04
   0.302136E+02   0.523961E+00  -0.436998E+01   0.611049E+01   0.866566E+01   0.309823E+01  -0.376862E+01   0.124396E-01   0.253906E-02   0.360435E-02   0.224974E-02   0.425541E-02  -0.846558E+03   0.171558E+02   0.000000E+00  -0.863714E+03   0.172743E+04
   0.298783E+02  -0.130871E+00  -0.439983E+01   0.635109E+01   0.103183E+02   0.317499E+01   0.146998E+01   0.144485E-01   0.954801E-02   0.632059E-02   0.263584E-01   0.731366E-02  -0.850446E+03   0.134666E+02   0.000000E+00  -0.863913E+03   0.172783E+04
   0.299535E+02  -0.249585E-01  -0.522382E+01   0.749426E+01   0.766593E+01   0.369722E+01  -0.160804E+01   0.101528E-02   0.140578E-01   0.471999E-02   0.121967E-02   0.199919E-01  -0.847549E+03   0.144217E+02   0.000000E+00  -0.861971E+03   0.172394E+04
   0.301730E+02  -0.249585E-01  -0.467596E+01   0.926116E+01   0.103803E+02   0.253617E+01  -0.628724E+00   0.239762E-01   0.131785E-01   0.182793E-03   0.174935E-02   0.120019E-01  -0.852190E+03   0.157094E+02   0.000000E+00  -0.867899E+03   0.173580E+04
   0.306215E+02  -0.249585E-01  -0.415256E+01   0.775104E+01   0.861536E+01   0.348004E+01  -0.697096E+00   0.188354E-01   0.143662E-01   0.322465E-02   0.782180E-04   0.492384E-02  -0.846134E+03   0.161614E+02   0.000000E+00  -0.862295E+03   0.172459E+04
   0.291652E+02   0.261895E+00  -0.560065E+01   0.615169E+01   0.895401E+01   0.639865E+01   0.161912E+00   0.978365E-02   0.257894E-01   0.141343E-01   0.534114E-02   0.184235E-02  -0.852011E+03   0.137100E+02   0.000000E+00  -0.865721E+03   0.173144E+04
   0.306274E+02   0.467718E+00  -0.381391E+01   0.528283E+01   0.697291E+01   0.696141E+01  -0.198806E+01   0.130571E-02   0.179320E-01   0.110156E-01   0.290206E-02   0.233661E-02  -0.853312E+03   0.150021E+02   0.000000E+00  -0.868314E+03   0.173663E+04
   0.308684E+02  -0.841664E+00  -0.608841E+01   0.616609E+01   0.999108E+01   0.423085E+01  -0.530251E+00   0.151164E-01   0.671904E-02   0.295456E-01   0.883895E-03   0.653758E-02  -0.849802E+03   0.140521E+02   0.000000E+00  -0.863854E+03   0.172771E+04
   0.303152E+02  -0.694613E+00  -0.516474E+01   0.597252E+01   0.832364E+01   0.333041E+01  -0.225211E+01   0.269382E-01   0.222907E-01   0.128842E-01   0.186543E-02   0.589657E-02  -0.849866E+03   0.141270E+02   0.000000E+00  -0.863993E+03   0.172799E+04
   0.304847E+02   0.113948E+01  -0.493355E+01   0.790884E+01   0.937126E+01   0.414554E+01  -0.576702E+00   0.155961E-01   0.319386E-02   0.753231E-02   0.402465E-02   0.461007E-03  -0.846017E+03   0.168995E+02   0.000000E+00  -0.862916E+03   0.172583E+04
   0.299783E+02   0.124247E+01  -0.324178E+01   0.693950E+01   0.595781E+01   0.437846E+01  -0.216871E+01   0.712693E-02   0.793409E-02   0.598396E-02   0.140090E-02   0.461007E-03  -0.849951E+03   0.168427E+02   0.000000E+00  -0.866794E+03   0.173359E+04
   0.304292E+02  -0.126071E+01  -0.411733E+01   0.699019E+01   0.648745E+01   0.323402E+01  -0.119291E+01   0.142132E-02   0.963781E-03   0.911584E-03   0.204205E-01   0.257266E-02  -0.849602E+03   0.159338E+02   0.000000E+00  -0.865536E+03   0.173107E+04
   0.295645E+02   0.870793E+00  -0.543984E+01   0.678368E+01   0.845329E+01   0.842991E+01   0.254232E+01   0.216049E-02   0.458862E-04   0.173314E-01   0.109413E-01   0.123495E-02  -0.850369E+03   0.154653E+02   0.000000E+00  -0.865834E+03   0.173167E+04
   0.299254E+02  -0.454236E+00  -0.344630E+01   0.565975E+01   0.909907E+01   0.449340E+01  -0.951229E+00   0.894438E-02   0.924602E-03   0.477644E-02   0.121542E-01   0.138902E-01  -0.848322E+03   0.152461E+02   0.000000E+00  -0.863568E+03   0.172714E+04
   0.299030E+02   0.553084E+00  -0.365742E+01   0.879379E+01   0.909907E+01   0.407550E+01   0.169744E+01   0.160875E-01   0.866440E-04   0.521726E-03   0.544947E-02   0.753689E-03  -0.846281E+03   0.177395E+02   0.000000E+00  -0.864021E+03   0.172804E+04
   0.300518E+02  -0.571611E+00  -0.451096E+01   0.749752E+01   0.747146E+01   0.657028E+01  -0.768879E+00   0.222040E-01   0.743894E-03   0.628029E-02   0.474559E-02   0.288683E-01  -0.849994E+03   0.143569E+02   0.000000E+00  -0.864351E+03   0.172870E+04
   0.313195E+02   0.248013E+00  -0.407918E+01   0.896263E+01   0.105173E+02   0.481375E+01  -0.329224E+01   0.700370E-02   0.150202E-02   0.162706E-01   0.353430E-02   0.131307E-02  -0.850307E+03   0.161587E+02   0.000000E+00  -0.866466E+03   0.173293E+04
   0.302379E+02   0.766516E+00  -0.376979E+01   0.761213E+01   0.101266E+02   0.656649E+01   0.292587E+01   0.159879E-01   0.158705E-01   0.451192E-02   0.717983E-03   0.110364E-01  -0.849475E+03   0.152070E+02   0.000000E+00  -0.864682E+03   0.172936E+04
   0.302304E+02   0.766516E+00  -0.596751E+01   0.603381E+01   0.937740E+01   0.579514E+01   0.423961E+00   0.671144E-02   0.617536E-02   0.589982E-02   0.129284E-01   0.191537E-02  -0.847259E+03   0.157288E+02   0.000000E+00  -0.862988E+03   0.172598E+04
   0.301968E+02   0.185686E+01  -0.439869E+01   0.783573E+01   0.962312E+01   0.670077E+01  -0.104766E+01   0.272538E-02   0.184088E-01   0.193619E-02   0.863454E-02   0.177413E-01  -0.849826E+03   0.137486E+02   0.000000E+00  -0.863575E+03   0.172715E+04
   0.299316E+02   0.367994E+00  -0.597911E+01   0.869741E+01   0.764011E+01   0.743599E+01   0.139308E+01   0.787744E-02   0.645521E-02   0.168351E-02   0.894600E-02   0.287422E-02  -0.848977E+03   0.164248E+02   0.000000E+00  -0.865402E+03   0.173080E+04
   0.299316E+02  -0.888013E+00  -0.372803E+01   0.637090E+01   0.764011E+01   0.486177E+01   0.460843E+00   0.326139E-02   0.100289E-01   0.568085E-02   0.140877E-02   0.287422E-02  -0.847054E+03   0.164214E+02   0.000000E+00  -0.863475E+03   0.172695E+04
   0.299316E+02   0.187653E+00  -0.681732E+01   0.537171E+01   0.101031E+02   0.623533E+01  -0.241725E+01   0.167299E-01   0.128025E-01   0.139381E-03   0.140877E-02   0.155457E-01  -0.849992E+03   0.154310E+02   0.000000E+00  -0.865423E+03   0.173085E+04
   0.300894E+02   0.835664E+00  -0.531010E+01   0.796012E+01   0.104149E+02   0.549468E+01  -0.599702E+00   0.103512E-01   0.990373E-02   0.328897E-02   0.451874E-03   0.241698E-02  -0.846076E+03   0.168145E+02   0.000000E+00  -0.862891E+03   0.172578E+04
   0.303121E+02   0.720539E+00  -0.418870E+01   0.695968E+01   0.108722E+02   0.596154E+01  -0.237796E+01   0.938788E-03   0.876187E-02   0.733455E-02   0.107784E-01   0.258021E-01  -0.849926E+03   0.131530E+02   0.000000E+00  -0.863079E+03   0.172616E+04
   0.304410E+02   0.250662E+00  -0.532142E+01   0.919143E+01   0.900631E+01   0.185001E+01  -0.124611E+01   0.224465E-02   0.109804E-03   0.457176E-01   0.155839E-01   0.306173E-02  -0.851805E+03   0.119734E+02   0.000000E+00  -0.863778E+03   0.172756E+04
   0.300352E+02   0.894352E+00  -0.427586E+01   0.726514E+01   0.944505E+01   0.384795E+01  -0.111074E+01   0.115084E-01   0.109804E-03   0.227624E-01   0.312642E-01   0.516388E-02  -0.849557E+03   0.124907E+02   0.000000E+00  -0.862048E+03   0.172410E+04
   0.303282E+02   0.590571E-01  -0.556951E+01   0.812037E+01   0.103104E+02   0.733013E+01  -0.127381E+00   0.497664E-02   0.176127E-02   0.138882E-01   0.256460E-01   0.250592E-03  -0.849798E+03   0.142661E+02   0.000000E+00  -0.864064E+03   0.172813E+04
   0.303384E+02   0.134933E+00  -0.471355E+01   0.812037E+01   0.116302E+02   0.530978E+01   0.116268E+00   0.636887E-02   0.124620E-01   0.366427E-01   0.159919E-02   0.337152E-01  -0.854822E+03   0.997877E+01   0.000000E+00  -0.864801E+03   0.172960E+04
   0.299382E+02   0.205606E+00  -0.471355E+01   0.972078E+01   0.645950E+01   0.540020E+01   0.116268E+00   0.210220E-01   0.742813E-02   0.877226E-02   0.159919E-02   0.156188E-01  -0.851424E+03   0.150788E+02   0.000000E+00  -0.866503E+03   0.173301E+04
   0.299382E+02  -0.156632E+00  -0.706670E+01   0.667362E+01   0.833345E+01   0.519159E+01  -0.113545E+01   0.161733E-01   0.134106E-01   0.383626E-01   0.159919E-02   0.772210E-02  -0.852177E+03   0.123112E+02   0.000000E+00  -0.864488E+03   0.172898E+04
   0.301251E+02  -0.144277E+00  -0.553335E+01   0.694122E+01   0.112513E+02   0.109947E+01  -0.342310E+01   0.552823E-02   0.363489E-02   0.137332E-01   0.815331E-02   0.225119E-01  -0.854326E+03   0.136174E+02   0.000000E+00  -0.867943E+03   0.173589E+04
   0.309163E+02  -0.484516E+00  -0.631411E+01   0.694122E+01   0.118339E+02   0.860419E+01   0.180457E+01   0.246112E-01   0.609180E-02   0.168527E-02   0.381976E-02   0.260662E-01  -0.856519E+03   0.146544E+02   0.000000E+00  -0.871173E+03   0.174235E+04
   0.300071E+02   0.291166E+00  -0.560335E+01   0.543136E+01   0.915410E+01   0.281515E+01  -0.800954E+00   0.107207E-01   0.123368E-01   0.176537E-01   0.560219E-02   0.681118E-02  -0.849510E+03   0.141803E+02   0.000000E+00  -0.863690E+03   0.172738E+04
   0.298702E+02   0.315692E+00  -0.570007E+01   0.578506E+01   0.946500E+01   0.452762E+01  -0.112364E+01   0.195644E-01   0.405034E-02   0.819630E-02   0.129777E-01   0.163721E-02  -0.847544E+03   0.157345E+02   0.000000E+00  -0.863279E+03   0.172656E+04
   0.301571E+02   0.298012E+00  -0.595295E+01   0.687650E+01   0.948010E+01   0.406002E+01   0.106098E+01   0.119296E-01   0.180846E-01   0.140390E-01   0.122225E-01   0.460080E-02  -0.849104E+03   0.135260E+02   0.000000E+00  -0.862630E+03   0.172526E+04
   0.296251E+02  -0.221204E+00  -0.595295E+01   0.650657E+01   0.745121E+01   0.323670E+01  -0.121662E+00   0.115479E-01   0.648242E-02   0.388426E-03   0.156101E-01   0.218145E-01  -0.849583E+03   0.139911E+02   0.000000E+00  -0.863574E+03   0.172715E+04
   0.300253E+02   0.469030E+00  -0.582433E+01   0.755775E+01   0.790997E+01   0.344751E+01  -0.147793E+01   0.220793E-01   0.237286E-02   0.435196E-02   0.787090E-03   0.173196E-02  -0.846618E+03   0.174963E+02   0.000000E+00  -0.864114E+03   0.172823E+04
   0.300253E+02   0.386335E-01  -0.245597E+01   0.952483E+01   0.599103E+01   0.230166E+01   0.126910E+01   0.243636E-01   0.147836E-01   0.971781E-03   0.787090E-03   0.279142E-02  -0.850570E+03   0.164873E+02   0.000000E+00  -0.867057E+03   0.173411E+04
   0.302396E+02   0.988311E+00  -0.354906E+01   0.715217E+01   0.934999E+01   0.668601E+01   0.132453E+01   0.151793E-01   0.105400E-01   0.467285E-02   0.130159E-02   0.148838E-01  -0.848116E+03   0.152809E+02   0.000000E+00  -0.863397E+03   0.172679E+04
   0.312525E+02  -0.165376E+00  -0.552113E+01   0.771535E+01   0.117706E+02   0.354651E+01   0.644410E+00   0.147200E-01   0.362913E-02   0.612378E-02   0.135815E-01   0.148838E-01  -0.850796E+03   0.145989E+02   0.000000E+00  -0.865395E+03   0.173079E+04
   0.306115E+02   0.748306E+00  -0.552113E+01   0.628411E+01   0.886756E+01   0.658165E+01   0.211657E+00   0.302872E-01   0.903233E-02   0.631817E-02   0.220454E-02   0.172873E-02  -0.850150E+03   0.164923E+02   0.000000E+00  -0.866642E+03   0.173328E+04
   0.305173E+02  -0.229388E+01  -0.552113E+01   0.644219E+01   0.846060E+01   0.214229E+01  -0.336681E+01   0.171055E-01   0.345740E-02   0.548084E-02   0.101990E-01   0.610183E-03  -0.852638E+03   0.164459E+02   0.000000E+00  -0.869084E+03   0.173817E+04
   0.305173E+02   0.694117E+00  -0.584552E+01   0.362136E+01   0.100668E+02   0.387146E+01  -0.453169E+00   0.259907E-01   0.282266E-02   0.125864E-01   0.161875E-02   0.681919E-03  -0.852212E+03   0.166497E+02   0.000000E+00  -0.868862E+03   0.173772E+04
   0.305055E+02   0.440381E+00  -0.584552E+01   0.750142E+01   0.956482E+01   0.443136E+01  -0.865605E+00   0.127434E-01   0.240665E-03   0.222749E-01   0.841861E-02   0.382803E-02  -0.846974E+03   0.149445E+02   0.000000E+00  -0.861918E+03   0.172384E+04
   0.305055E+02   0.554616E+00  -0.442775E+01   0.769782E+01   0.956482E+01   0.372936E+01   0.106770E+01   0.290819E-02   0.342295E-02   0.479291E-01   0.430290E-02   0.449395E-02  -0.850301E+03   0.124058E+02   0.000000E+00  -0.862707E+03   0.172541E+04
   0.305055E+02  -0.296189E+00  -0.304327E+01   0.667252E+01   0.942955E+01   0.584217E+01  -0.101397E+00   0.460874E-02   0.132000E-01   0.939266E-02   0.742458E-02   0.156023E-01  -0.850032E+03   0.138587E+02   0.000000E+00  -0.863891E+03   0.172778E+04
   0.305555E+02  -0.228752E+00  -0.490478E+01   0.859822E+01   0.743316E+01   0.336052E+01  -0.137833E+00   0.259679E-01   0.650078E-02   0.162951E-02   0.336019E-02   0.721054E-02  -0.847352E+03   0.165506E+02   0.000000E+00  -0.863903E+03   0.172781E+04
   0.304662E+02   0.107744E-01  -0.431926E+01   0.611205E+01   0.793004E+01   0.574085E+01  -0.577596E+00   0.203578E-01   0.352447E-02   0.216743E-01   0.150220E-01   0.110371E-01  -0.849523E+03   0.132949E+02   0.000000E+00  -0.862818E+03   0.172564E+04
   0.312846E+02  -0.172872E+01  -0.507017E+01   0.743214E+01   0.841724E+01   0.727807E+01  -0.222100E+01   0.185277E-01   0.656078E-02   0.620687E-01   0.305427E-02   0.601136E-02  -0.856948E+03   0.106512E+02   0.000000E+00  -0.867599E+03   0.173520E+04
   0.298396E+02  -0.723036E+00  -0.589618E+01   0.372304E+01   0.790412E+01   0.574997E+01   0.210953E+01   0.136034E-01   0.105635E-01   0.454655E-01   0.175730E-02   0.199677E-01  -0.857957E+03   0.106453E+02   0.000000E+00  -0.868602E+03   0.173720E+04
   0.312407E+02  -0.601635E+00  -0.678493E+01   0.829846E+01   0.843245E+01   0.554345E+01  -0.213726E+01   0.136491E-01   0.479579E-02   0.455662E-01   0.534611E-02   0.205576E-01  -0.854653E+03   0.107941E+02   0.000000E+00  -0.865447E+03   0.173089E+04
   0.314092E+02   0.719051E+00  -0.505247E+01   0.699188E+01   0.142170E+02   0.894790E+00  -0.484762E+01   0.568815E-02   0.638116E-02   0.213551E-02   0.356626E-02   0.125920E-01  -0.859000E+03   0.159532E+02   0.000000E+00  -0.874953E+03   0.174991E+04
   0.303665E+02  -0.662279E-01  -0.544220E+01   0.884307E+01   0.910650E+01   0.367789E+00   0.995673E+00   0.187774E-01   0.125802E-01   0.225330E-03   0.650442E-02   0.372099E-02  -0.849806E+03   0.161176E+02   0.000000E+00  -0.865924E+03   0.173185E+04
   0.304840E+02  -0.336547E-03  -0.385626E+01   0.619429E+01   0.977626E+01   0.369307E+01   0.700479E+00   0.116710E-01   0.382665E-02   0.225330E-03   0.254768E-03   0.334555E-01  -0.848749E+03   0.146445E+02   0.000000E+00  -0.863393E+03   0.172679E+04
   0.303765E+02  -0.310241E+00  -0.266832E+01   0.738916E+01   0.883490E+01   0.299229E+01  -0.189656E+01   0.214295E-01   0.500169E-02   0.495037E-01   0.167098E-01   0.115629E-01  -0.854278E+03   0.101429E+02   0.000000E+00  -0.864421E+03   0.172884E+04
   0.299787E+02  -0.998803E-01  -0.324259E+01   0.750402E+01   0.821145E+01   0.477051E+01   0.273854E+01   0.137567E-01   0.258858E-01   0.208742E-02   0.270603E-01   0.173178E-01  -0.852381E+03   0.111855E+02   0.000000E+00  -0.863567E+03   0.172713E+04
   0.305622E+02  -0.998803E-01  -0.389556E+01   0.654693E+01   0.821145E+01   0.621679E+01   0.219253E+01   0.169251E-01   0.444414E-02   0.277406E-01   0.789161E-02   0.329928E-02  -0.850278E+03   0.140831E+02   0.000000E+00  -0.864361E+03   0.172872E+04
   0.305818E+02  -0.676635E+00  -0.378832E+01   0.797004E+01   0.676657E+01   0.414851E+01  -0.298184E+01   0.610332E-02   0.106301E-01   0.290736E-02   0.629111E-02   0.731347E-02  -0.849358E+03   0.157065E+02   0.000000E+00  -0.865064E+03   0.173013E+04
   0.298531E+02   0.123837E+01  -0.287591E+01   0.898698E+01   0.102283E+02   0.657156E+01   0.189976E+01   0.315823E-02   0.242656E-01   0.491842E-02   0.977277E-03   0.731347E-02  -0.851726E+03   0.146732E+02   0.000000E+00  -0.866399E+03   0.173280E+04
   0.302670E+02   0.283127E+00  -0.362317E+01   0.848723E+01   0.101689E+02   0.466362E+01   0.227511E+01   0.134114E-01   0.111632E-01   0.202914E-02   0.154054E-01   0.139340E-03  -0.848340E+03   0.155470E+02   0.000000E+00  -0.863887E+03   0.172777E+04
   0.302670E+02   0.203766E+00  -0.510869E+01   0.634116E+01   0.102992E+02   0.553149E+01   0.807579E-02   0.977541E-02   0.176406E-01   0.126861E-01   0.349733E-02   0.105052E-01  -0.847772E+03   0.139878E+02   0.000000E+00  -0.861760E+03   0.172352E+04
   0.303324E+02   0.203766E+00  -0.490092E+01   0.758598E+01   0.947441E+01   0.687615E+01   0.182814E+01   0.813922E-03   0.663112E-02   0.127214E-02   0.404276E-02   0.248155E-01  -0.847643E+03   0.147445E+02   0.000000E+00  -0.862388E+03   0.172478E+04
   0.305525E+02  -0.698410E+00  -0.538033E+01   0.632879E+01   0.941433E+01   0.211675E+01   0.403511E+00   0.172573E-01   0.401110E-02   0.107205E-01   0.182548E-01   0.221965E-01  -0.851081E+03   0.129024E+02   0.000000E+00  -0.863983E+03   0.172797E+04
   0.300429E+02   0.116902E+01  -0.395033E+01   0.390207E+01   0.100565E+02   0.732099E+01  -0.142714E+01   0.229805E-01   0.614175E-02   0.101817E-01   0.331618E-01   0.269740E-01  -0.855818E+03   0.107748E+02   0.000000E+00  -0.866593E+03   0.173319E+04
   0.292951E+02   0.104245E+01  -0.539578E+01   0.628968E+01   0.988062E+01   0.329637E+01  -0.860905E+00   0.727532E-02   0.861646E-02   0.134030E-02   0.233252E-01   0.798179E-02  -0.850976E+03   0.142943E+02   0.000000E+00  -0.865270E+03   0.173054E+04
   0.304311E+02  -0.113794E+01  -0.539578E+01   0.683113E+01   0.635897E+01   0.421803E+01   0.225369E+01   0.157858E-01   0.809026E-02   0.762488E-02   0.152223E-01   0.421691E-02  -0.850982E+03   0.149052E+02   0.000000E+00  -0.865887E+03   0.173177E+04
   0.300102E+02  -0.109542E+01  -0.602404E+01   0.713598E+01   0.863737E+01   0.438403E+01   0.272512E+01   0.105459E-01   0.177320E-01   0.590907E-02   0.131082E-02   0.421691E-02  -0.849282E+03   0.155038E+02   0.000000E+00  -0.864786E+03   0.172957E+04
   0.302596E+02   0.144171E+00  -0.510884E+01   0.683811E+01   0.808462E+01   0.563596E+01   0.334380E-01   0.766892E-02   0.227276E-01   0.121312E-01   0.361095E-02   0.862648E-03  -0.847185E+03   0.144874E+02   0.000000E+00  -0.861672E+03   0.172334E+04
   0.302596E+02   0.611314E+00  -0.419535E+01   0.711067E+01   0.991631E+01   0.297613E+01  -0.383943E+00   0.318087E-02   0.583289E-02   0.390682E-02   0.183328E-01   0.862648E-03  -0.847057E+03   0.155272E+02   0.000000E+00  -0.862584E+03   0.172517E+04
   0.306684E+02   0.502150E-01  -0.419535E+01   0.851772E+01   0.872390E+01   0.376240E+01  -0.956469E+00   0.292678E-01   0.109180E-02   0.641330E-02   0.313064E-02   0.222225E-01  -0.849329E+03   0.151349E+02   0.000000E+00  -0.864464E+03   0.172893E+04
   0.296632E+02   0.118518E+01  -0.537811E+01   0.542832E+01   0.840581E+01   0.484483E+01  -0.349982E+01   0.473256E-02   0.109180E-02   0.105065E-01   0.896095E-02   0.294841E-01  -0.850867E+03   0.134163E+02   0.000000E+00  -0.864283E+03   0.172857E+04
   0.295386E+02   0.587200E+00  -0.497037E+01   0.581021E+01   0.897264E+01   0.317906E+01   0.815677E-01   0.289168E-02   0.442335E-02   0.404164E-03   0.315835E-03   0.542883E-01  -0.850940E+03   0.124775E+02   0.000000E+00  -0.863418E+03   0.172684E+04
   0.303265E+02  -0.926766E+00  -0.674534E+01   0.720463E+01   0.896061E+01  -0.246563E+00  -0.148150E+01   0.182630E-01   0.344265E-02   0.136601E-01   0.351300E-01   0.312203E-01  -0.857443E+03   0.100754E+02   0.000000E+00  -0.867518E+03   0.173504E+04
   0.303265E+02  -0.742455E+00  -0.509619E+01   0.783019E+01   0.902241E+01  -0.246563E+00  -0.450064E+01   0.131236E-01   0.416572E-02   0.489135E-02   0.230523E-01   0.184384E-01  -0.855741E+03   0.133659E+02   0.000000E+00  -0.869107E+03   0.173821E+04
   0.305702E+02  -0.188662E+00  -0.509619E+01   0.876892E+01   0.874315E+01   0.637578E+01   0.641220E+00   0.157636E-01   0.144442E-01   0.116708E-01   0.159089E-02   0.937527E-02  -0.848410E+03   0.147126E+02   0.000000E+00  -0.863123E+03   0.172625E+04
   0.309824E+02  -0.796454E+00  -0.597460E+01   0.843730E+01   0.898124E+01   0.388912E+01   0.748316E+00   0.169103E-01   0.179071E-01   0.237497E-02   0.260837E-03   0.789519E-02  -0.848154E+03   0.155769E+02   0.000000E+00  -0.863731E+03   0.172746E+04
   0.295795E+02   0.412645E+00  -0.388974E+01   0.903234E+01   0.755186E+01   0.586843E+01  -0.170698E+01   0.692664E-02   0.610452E-02   0.311760E-02   0.164105E-01   0.384773E-02  -0.850691E+03   0.154726E+02   0.000000E+00  -0.866164E+03   0.173233E+04
   0.299781E+02   0.412645E+00  -0.300287E+01   0.719500E+01   0.839013E+01   0.484836E+01   0.849585E+00   0.195425E-01   0.114127E-01   0.202689E-01   0.288576E-01   0.192399E-03  -0.850739E+03   0.123475E+02   0.000000E+00  -0.863087E+03   0.172617E+04
   0.301241E+02   0.619785E+00  -0.448197E+01   0.764266E+01   0.912117E+01   0.430825E+01  -0.194567E+01   0.848040E-02   0.101293E-01   0.781671E-02   0.164072E-01   0.153736E-01  -0.848310E+03   0.134480E+02   0.000000E+00  -0.861758E+03   0.172352E+04
   0.296416E+02   0.619785E+00  -0.372424E+01   0.423189E+01   0.653846E+01   0.430825E+01  -0.450290E+01   0.137168E-01   0.164010E-03   0.735301E-02   0.649883E-02   0.118154E-01  -0.852219E+03   0.158376E+02   0.000000E+00  -0.868057E+03   0.173611E+04
   0.296416E+02   0.132664E+01  -0.429625E+01   0.438645E+01   0.973057E+01   0.934701E+01  -0.113629E+01   0.112490E-02   0.202654E-02   0.933772E-02   0.779559E-02   0.921363E-02  -0.850580E+03   0.155833E+02   0.000000E+00  -0.866163E+03   0.173233E+04
   0.304208E+02  -0.431454E+00  -0.536713E+01   0.668491E+01   0.871183E+01   0.807544E+01  -0.295633E+01   0.668992E-02   0.581809E-02   0.211170E-02   0.594325E-02   0.340942E-02  -0.848042E+03   0.166924E+02   0.000000E+00  -0.864734E+03   0.172947E+04
   0.306564E+02  -0.133101E+01  -0.536713E+01   0.644093E+01   0.871183E+01   0.387756E+01  -0.302065E+01   0.220203E-01   0.116215E-01   0.204289E-01   0.307260E-01   0.136255E-01  -0.853902E+03   0.107805E+02   0.000000E+00  -0.864682E+03   0.172936E+04
   0.303171E+02   0.450549E+00  -0.344519E+01   0.871091E+01   0.721360E+01   0.681804E+01  -0.901800E+00   0.321407E-02   0.302500E-02   0.423279E-03   0.928316E-02   0.863086E-02  -0.847611E+03   0.162845E+02   0.000000E+00  -0.863895E+03   0.172779E+04
   0.308800E+02   0.936170E+00  -0.294968E+01   0.992513E+01   0.787126E+01   0.738227E+01   0.404854E+00   0.105088E-01   0.165928E-02   0.106520E-01   0.113353E-01   0.292286E-02  -0.851536E+03   0.157637E+02   0.000000E+00  -0.867300E+03   0.173460E+04
   0.297593E+02   0.723351E-01  -0.483261E+01   0.529818E+01   0.983910E+01   0.682415E+01  -0.616761E+00   0.879566E-02   0.878259E-02   0.101311E-01   0.345925E-01   0.709979E-02  -0.850964E+03   0.123601E+02   0.000000E+00  -0.863324E+03   0.172665E+04
   0.302103E+02   0.358739E+00  -0.407687E+01   0.712174E+01   0.940891E+01   0.370844E+01  -0.198506E+01   0.655827E-02   0.107363E-01   0.112126E-02   0.527988E-01   0.636095E-02  -0.850783E+03   0.113189E+02   0.000000E+00  -0.862102E+03   0.172420E+04
   0.309208E+02  -0.288726E+00  -0.440255E+01   0.687323E+01   0.105337E+02   0.274634E+01  -0.171714E+01   0.199329E-01   0.100708E-01   0.129059E-02   0.870386E-02   0.398206E-02  -0.847920E+03   0.160159E+02   0.000000E+00  -0.863936E+03   0.172787E+04
   0.296212E+02   0.833523E+00  -0.380082E+01   0.831138E+01   0.681635E+01   0.912593E+00  -0.227286E+01   0.200696E-01   0.340036E-02   0.832472E-02   0.251552E-02   0.646924E-02  -0.850826E+03   0.163497E+02   0.000000E+00  -0.867176E+03   0.173435E+04
   0.300409E+02   0.763136E+00  -0.470870E+01   0.568656E+01   0.856155E+01   0.559153E+01  -0.199134E+01   0.104056E-01   0.182074E-01   0.836941E-02   0.257610E-01   0.647571E-03  -0.849204E+03   0.131221E+02   0.000000E+00  -0.862326E+03   0.172465E+04
   0.298261E+02   0.555254E+00  -0.500688E+01   0.895193E+01   0.765007E+01   0.617833E+01   0.889211E+00   0.805078E-02   0.815380E-02   0.134559E-01   0.442813E-02   0.647571E-03  -0.847994E+03   0.157521E+02   0.000000E+00  -0.863746E+03   0.172749E+04
   0.311004E+02  -0.382697E-01  -0.565567E+01   0.892695E+01   0.794212E+01   0.442696E+01  -0.332363E+00   0.136164E-02   0.805260E-02   0.205340E-01   0.168635E-02   0.349830E-03  -0.849411E+03   0.153584E+02   0.000000E+00  -0.864769E+03   0.172954E+04
   0.304277E+02  -0.200659E+00  -0.424619E+01   0.892695E+01   0.672238E+01   0.551075E+01  -0.145333E+01   0.431495E-02   0.207965E-01   0.923039E-02   0.271868E-02   0.328937E-02  -0.848828E+03   0.148172E+02   0.000000E+00  -0.863645E+03   0.172729E+04
   0.307293E+02   0.312083E+00  -0.363870E+01   0.612318E+01   0.104929E+02   0.461293E+01   0.796000E+00   0.189267E-01   0.172860E-01   0.124560E-01   0.134468E-01   0.346808E-02  -0.850432E+03   0.137550E+02   0.000000E+00  -0.864187E+03   0.172837E+04
   0.300117E+02  -0.355754E+00  -0.432340E+01   0.719963E+01   0.872977E+01   0.459655E+01   0.958054E+00   0.296982E-02   0.132012E-01   0.397116E-02   0.201173E-02   0.552004E-02  -0.845851E+03   0.159503E+02   0.000000E+00  -0.861801E+03   0.172360E+04
   0.309032E+02  -0.355754E+00  -0.320930E+01   0.755620E+01   0.907227E+01   0.726162E+01  -0.277742E+01   0.247850E-01   0.311984E-03   0.276278E-02   0.714401E-02   0.948223E-03  -0.848966E+03   0.173040E+02   0.000000E+00  -0.866270E+03   0.173254E+04
   0.306408E+02  -0.740098E+00  -0.288469E+01   0.667306E+01   0.783577E+01   0.634259E+01  -0.218372E+01   0.286165E-01   0.195241E-02   0.288178E-01   0.595573E-04   0.237156E-01  -0.852563E+03   0.129661E+02   0.000000E+00  -0.865529E+03   0.173106E+04
   0.306408E+02  -0.667052E+00  -0.327579E+01   0.679968E+01   0.992140E+01   0.452895E+01  -0.294040E+01   0.675495E-03   0.236270E-02   0.305404E-03   0.390704E-01   0.564367E-02  -0.852382E+03   0.136825E+02   0.000000E+00  -0.866064E+03   0.173213E+04
   0.305201E+02   0.260919E+00  -0.455764E+01   0.590245E+01   0.989407E+01   0.662982E+01   0.286906E+01   0.450783E-02   0.923324E-02   0.979000E-02   0.262382E-01   0.574306E-02  -0.851965E+03   0.133202E+02   0.000000E+00  -0.865285E+03   0.173057E+04
   0.305201E+02   0.124158E+01  -0.487721E+01   0.829599E+01   0.989407E+01   0.537545E+00  -0.153757E+01   0.151130E-01   0.843569E-02   0.852194E-02   0.156508E-01   0.242073E-01  -0.854035E+03   0.127391E+02   0.000000E+00  -0.866774E+03   0.173355E+04
   0.305201E+02  -0.693693E+00  -0.623426E+01   0.735266E+01   0.104390E+02   0.258514E+01  -0.157198E+01   0.133305E-01   0.190829E-01   0.174507E-01   0.627569E-02   0.988189E-02  -0.851121E+03   0.131516E+02   0.000000E+00  -0.864273E+03   0.172855E+04
   0.310142E+02   0.336523E+00  -0.522548E+01   0.828397E+01   0.113013E+02   0.524385E+01  -0.164699E+00   0.151512E-01   0.163121E-01   0.144099E-02   0.174939E-01   0.221156E-02  -0.849122E+03   0.146748E+02   0.000000E+00  -0.863797E+03   0.172759E+04
   0.300945E+02   0.702152E+00  -0.569006E+01   0.504661E+01   0.751741E+01   0.551972E+01  -0.274147E+01   0.196488E-01   0.197770E-01   0.175488E-01   0.219911E-01   0.682981E-02  -0.853483E+03   0.118060E+02   0.000000E+00  -0.865289E+03   0.173058E+04
   0.300277E+02   0.124661E+01  -0.222497E+01   0.754426E+01   0.810251E+01   0.414041E+01   0.105793E+01   0.229424E-01   0.148501E-01   0.986353E-02   0.278986E-02   0.996468E-02  -0.851084E+03   0.146739E+02   0.000000E+00  -0.865758E+03   0.173152E+04
   0.301178E+02  -0.390777E+00  -0.601974E+01   0.613004E+01   0.951042E+01   0.391197E+01   0.674688E+00   0.779206E-02   0.230553E-01   0.359408E-02   0.278986E-02   0.257763E-03  -0.847318E+03   0.154510E+02   0.000000E+00  -0.862769E+03   0.172554E+04
   0.299929E+02   0.299122E+00  -0.369571E+01   0.739702E+01   0.114897E+02   0.470553E+01  -0.185940E+00   0.109050E-01   0.487066E-02   0.405391E-04   0.100490E-01   0.223935E-01  -0.850839E+03   0.146853E+02   0.000000E+00  -0.865524E+03   0.173105E+04
   0.306263E+02   0.859421E+00  -0.427819E+01   0.610768E+01   0.108957E+02   0.459217E+01   0.126845E+01   0.727554E-02   0.153242E-02   0.425284E-02   0.163057E-02   0.272437E-01  -0.849916E+03   0.149547E+02   0.000000E+00  -0.864871E+03   0.172974E+04
   0.306263E+02  -0.586229E+00  -0.623696E+01   0.410187E+01   0.108957E+02   0.521094E+01   0.148428E+01   0.157366E-01   0.280030E-02   0.521290E-02   0.230572E-02   0.479302E-02  -0.850825E+03   0.169095E+02   0.000000E+00  -0.867734E+03   0.173547E+04
   0.301945E+02  -0.401382E+00  -0.623696E+01   0.419166E+01   0.111633E+02   0.739452E+01  -0.172846E+01   0.427826E-02   0.331153E-02   0.242125E-01   0.446688E-02   0.280673E-01  -0.854025E+03   0.124149E+02   0.000000E+00  -0.866440E+03   0.173288E+04
   0.296494E+02  -0.366760E+00  -0.569688E+01   0.650904E+01   0.103905E+02   0.548100E+01   0.971176E+00   0.218127E-02   0.331153E-02   0.437220E-02   0.818478E-02   0.375990E-02  -0.848656E+03   0.164578E+02   0.000000E+00  -0.865114E+03   0.173023E+04
   0.297389E+02  -0.366760E+00  -0.517961E+01   0.769563E+01   0.665500E+01   0.379528E+01   0.749703E+00   0.121723E-01   0.312968E-01   0.136386E-01   0.745969E-02   0.406021E-02  -0.850351E+03   0.127752E+02   0.000000E+00  -0.863126E+03   0.172625E+04
   0.297377E+02  -0.294542E+00  -0.560165E+01   0.597970E+01   0.743909E+01   0.612994E+01  -0.112308E+00   0.152016E-01   0.125520E-01   0.661552E-02   0.400927E-02   0.406021E-02  -0.847740E+03   0.156970E+02   0.000000E+00  -0.863437E+03   0.172687E+04
   0.308671E+02  -0.557723E+00  -0.462544E+01   0.791615E+01   0.856811E+01   0.484449E+01  -0.108764E+01   0.295735E-01   0.397963E-02   0.162860E-01   0.542383E-02   0.610516E-02  -0.849047E+03   0.152412E+02   0.000000E+00  -0.864288E+03   0.172858E+04
   0.298711E+02   0.486495E+00  -0.484093E+01   0.797220E+01   0.623778E+01   0.502575E+01  -0.242212E+00   0.906670E-02   0.243200E-01   0.583487E-02   0.156617E-01   0.901910E-02  -0.850602E+03   0.129371E+02   0.000000E+00  -0.863539E+03   0.172708E+04
   0.300496E+02   0.274905E+00  -0.439417E+01   0.596747E+01   0.107154E+02   0.839760E+01  -0.726492E+00   0.235482E-02   0.142426E-01   0.718324E-02   0.260288E-03   0.901910E-02  -0.849367E+03   0.153502E+02   0.000000E+00  -0.864717E+03   0.172943E+04
   0.305436E+02  -0.572768E+00  -0.476584E+01   0.536598E+01   0.787515E+01   0.826157E+01   0.351920E+01   0.464692E-02   0.490366E-02   0.727230E-02   0.554838E-02   0.680334E-02  -0.853539E+03   0.159679E+02   0.000000E+00  -0.869507E+03   0.173901E+04
   0.305436E+02  -0.903563E+00  -0.551073E+01   0.686124E+01   0.103490E+02   0.525827E+01  -0.194737E+01   0.185188E-01   0.102993E-01   0.694354E-02   0.540948E-02   0.467289E-02  -0.849044E+03   0.156882E+02   0.000000E+00  -0.864732E+03   0.172946E+04
   0.304056E+02  -0.492023E+00  -0.395925E+01   0.652524E+01   0.863135E+01   0.526066E+01  -0.215212E+01   0.232197E-01   0.167150E-01   0.344979E-01   0.560418E-02   0.121474E-01  -0.851624E+03   0.115242E+02   0.000000E+00  -0.863148E+03   0.172630E+04
   0.299992E+02   0.455624E+00  -0.483828E+01   0.703984E+01   0.863135E+01   0.472906E+01   0.166214E+01   0.453911E-02   0.658031E-02   0.101505E-01   0.121081E-01   0.658683E-02  -0.847209E+03   0.148781E+02   0.000000E+00  -0.862087E+03   0.172417E+04
   0.307339E+02   0.150967E+00  -0.483828E+01   0.106197E+02   0.863135E+01   0.521479E+01   0.256025E+00   0.160389E-01   0.436518E-02   0.170977E-01   0.956397E-02   0.115748E-01  -0.851179E+03   0.141605E+02   0.000000E+00  -0.865340E+03   0.173068E+04
   0.306273E+02   0.215239E+00  -0.393740E+01   0.664767E+01   0.833890E+01   0.382766E+01  -0.130949E+01   0.216263E-01   0.420433E-02   0.149547E-01   0.724309E-02   0.657898E-02  -0.847842E+03   0.151226E+02   0.000000E+00  -0.862965E+03   0.172593E+04
   0.306273E+02   0.326258E+00  -0.580564E+01   0.722524E+01   0.100024E+02   0.382766E+01  -0.159289E+01   0.224432E-01   0.112402E-02   0.767540E-02   0.189985E-01   0.145008E-01  -0.849115E+03   0.141908E+02   0.000000E+00  -0.863306E+03   0.172661E+04
   0.306437E+02   0.329231E+00  -0.435704E+01   0.722524E+01   0.864994E+01   0.638523E+01  -0.113686E+01   0.676199E-02   0.280502E-02   0.327374E-02   0.799191E-02   0.358829E-02  -0.845684E+03   0.166548E+02   0.000000E+00  -0.862339E+03   0.172468E+04
   0.301437E+02  -0.294926E+00  -0.435704E+01   0.773123E+01   0.749394E+01   0.751063E+01   0.213874E+00   0.654814E-02   0.316080E-01   0.131231E-01   0.154053E-02   0.204576E-01  -0.851355E+03   0.117478E+02   0.000000E+00  -0.863103E+03   0.172621E+04
   0.306450E+02   0.555315E-01  -0.545044E+01   0.749416E+01   0.851262E+01   0.431215E+01   0.155845E+01   0.161650E-01   0.403793E-03   0.632767E-02   0.365820E-01   0.296062E-01  -0.852268E+03   0.111287E+02   0.000000E+00  -0.863397E+03   0.172679E+04
   0.294531E+02  -0.115426E+00  -0.258438E+01   0.878981E+01   0.900656E+01   0.231869E+01   0.623045E+01   0.253966E-01   0.885113E-02   0.632767E-02   0.232720E-01   0.184642E-01  -0.861386E+03   0.127292E+02   0.000000E+00  -0.874115E+03   0.174823E+04
   0.303264E+02   0.414220E+00  -0.421199E+01   0.911372E+01   0.780244E+01   0.409847E+01   0.102060E+01   0.108328E-01   0.695460E-02   0.236066E-02   0.215267E-01   0.172513E-01  -0.849232E+03   0.136114E+02   0.000000E+00  -0.862843E+03   0.172569E+04
   0.306374E+02   0.414220E+00  -0.421199E+01   0.727673E+01   0.820250E+01   0.608696E+01   0.107488E+01   0.169394E-01   0.375388E-02   0.757732E-02   0.341585E-02   0.620650E-02  -0.847131E+03   0.163253E+02   0.000000E+00  -0.863456E+03   0.172691E+04
   0.305449E+02   0.548408E+00  -0.389601E+01   0.590157E+01   0.895008E+01   0.334147E+01  -0.305160E+01   0.207573E-01   0.100803E-01   0.540704E-02   0.264081E-01   0.180997E-02  -0.849950E+03   0.140501E+02   0.000000E+00  -0.864000E+03   0.172800E+04
   0.303648E+02   0.473180E+00  -0.488622E+01   0.772749E+01   0.921397E+01   0.297468E+01  -0.198495E+01   0.201416E-03   0.588992E-02   0.593180E-01   0.491448E-02   0.724107E-02  -0.851573E+03   0.106843E+02   0.000000E+00  -0.862257E+03   0.172451E+04
   0.305646E+02   0.171709E+00  -0.570016E+01   0.540819E+01   0.962993E+01   0.402616E+01  -0.401441E+01   0.771323E-02   0.651205E-02   0.694168E-03   0.236743E-01   0.146112E-01  -0.850387E+03   0.138715E+02   0.000000E+00  -0.864259E+03   0.172852E+04
   0.296820E+02  -0.107078E+01  -0.366181E+01   0.657986E+01   0.820086E+01   0.603386E+01   0.141344E+00   0.602783E-02   0.482267E-03   0.232148E-02   0.927749E-02   0.148406E-02  -0.848405E+03   0.170642E+02   0.000000E+00  -0.865469E+03   0.173094E+04
   0.306422E+02  -0.526937E+00  -0.602782E+01   0.905886E+01   0.802521E+01   0.228049E+01   0.102294E+01   0.193560E-01   0.482267E-03   0.290407E-02   0.269867E-01   0.226976E-02  -0.849483E+03   0.151564E+02   0.000000E+00  -0.864639E+03   0.172928E+04
   0.298444E+02   0.231117E+01  -0.407211E+01   0.961888E+01   0.100940E+02   0.355187E+01  -0.156368E+01   0.753639E-02   0.154190E-03   0.202578E-01   0.695966E-02   0.245475E-02  -0.853182E+03   0.154380E+02   0.000000E+00  -0.868620E+03   0.173724E+04
   0.299299E+02  -0.858305E+00  -0.457491E+01   0.747651E+01   0.588655E+01   0.506473E+01  -0.183359E+01   0.187629E-01   0.154190E-03   0.428657E-02   0.278850E-02   0.813159E-02  -0.847714E+03   0.168846E+02   0.000000E+00  -0.864599E+03   0.172920E+04
   0.300698E+02  -0.145546E+01  -0.400315E+01   0.250788E+01   0.871854E+01   0.461320E+01  -0.118050E+01   0.106237E-01   0.133129E-01   0.671547E-02   0.278850E-02   0.266305E-02  -0.855059E+03   0.158727E+02   0.000000E+00  -0.870932E+03   0.174186E+04
   0.305983E+02  -0.787939E+00  -0.672529E+01   0.691671E+01   0.844363E+01   0.418365E+01  -0.290288E+01   0.203194E-01   0.117934E-01   0.116096E-01   0.894882E-03   0.864256E-02  -0.849433E+03   0.151266E+02   0.000000E+00  -0.864560E+03   0.172912E+04
   0.302419E+02  -0.801518E+00  -0.673182E+01   0.691671E+01   0.844363E+01   0.496919E+01   0.543072E+00   0.102030E-01   0.218075E-02   0.349150E-02   0.110870E-02   0.794444E-02  -0.846505E+03   0.169481E+02   0.000000E+00  -0.863453E+03   0.172691E+04
   0.303515E+02  -0.104721E+00  -0.481430E+01   0.108211E+02   0.584335E+01   0.628373E+01   0.481587E+01   0.548582E-02   0.103157E-01   0.246335E-01   0.110870E-02   0.400578E-01  -0.859951E+03   0.108091E+02   0.000000E+00  -0.870760E+03   0.174152E+04
   0.307373E+02  -0.104721E+00  -0.667069E+01   0.681715E+01   0.119789E+02   0.553993E+01  -0.187785E+01   0.121762E-01   0.206468E-02   0.518833E-02   0.110870E-02   0.673935E-02  -0.848331E+03   0.169106E+02   0.000000E+00  -0.865242E+03   0.173048E+04
   0.313516E+02   0.883973E+00  -0.649657E+01   0.583796E+01   0.104026E+02   0.289886E+01  -0.526503E+01   0.330298E-01   0.392075E-02   0.169574E-01   0.123412E-01   0.302075E-02  -0.856547E+03   0.147967E+02   0.000000E+00  -0.871344E+03   0.174269E+04
   0.295996E+02  -0.129004E+00  -0.243655E+01   0.643720E+01   0.760091E+01   0.885979E+01  -0.129734E+01   0.174852E-01   0.146895E-01   0.403083E-01   0.325798E-02   0.281683E-01  -0.858962E+03   0.977827E+01   0.000000E+00  -0.868740E+03   0.173748E+04
   0.299594E+02  -0.102397E+01  -0.698500E+01   0.867154E+01   0.570777E+01   0.325773E+01   0.439143E+00   0.226448E-01   0.462046E-02   0.404119E-02   0.165950E-01   0.311076E-01  -0.856030E+03   0.127843E+02   0.000000E+00  -0.868814E+03   0.173763E+04
   0.304376E+02  -0.193277E+01  -0.557199E+01   0.703692E+01   0.714774E+01   0.249424E+01   0.280978E+01   0.153530E-01   0.114055E-01   0.205554E-01   0.189552E-01   0.308137E-01  -0.856988E+03   0.102477E+02   0.000000E+00  -0.867236E+03   0.173447E+04
   0.305178E+02  -0.288842E+00  -0.557199E+01   0.703692E+01   0.806718E+01   0.647133E+01  -0.264546E+01   0.186593E-01   0.833069E-02   0.242007E-01   0.164650E-01   0.156199E-01  -0.851519E+03   0.119591E+02   0.000000E+00  -0.863478E+03   0.172696E+04
   0.300855E+02   0.477273E+00  -0.341671E+01   0.734248E+01   0.975123E+01   0.611299E+01   0.147675E+01   0.863171E-02   0.105831E-01   0.386919E-01   0.250944E-02   0.127476E-01  -0.850871E+03   0.119675E+02   0.000000E+00  -0.862838E+03   0.172568E+04
   0.312594E+02  -0.965313E+00  -0.671298E+01   0.644480E+01   0.856010E+01   0.377071E+01  -0.170854E+01   0.301242E-01   0.261084E-01   0.381426E-01   0.524959E-02   0.109333E-02  -0.855749E+03   0.113613E+02   0.000000E+00  -0.867110E+03   0.173422E+04
   0.303830E+02  -0.653197E+00  -0.264543E+01   0.728019E+01   0.997949E+01   0.599216E+01  -0.217014E+01   0.112162E-01   0.268831E-01   0.114807E-01   0.118745E-01   0.140455E-01  -0.855504E+03   0.119923E+02   0.000000E+00  -0.867496E+03   0.173499E+04
   0.297591E+02  -0.499166E+00  -0.470193E+01   0.570201E+01   0.873177E+01   0.452685E+01   0.249127E+00   0.176388E-01   0.110509E-01   0.104355E-02   0.476823E-02   0.148161E-01  -0.847865E+03   0.152528E+02   0.000000E+00  -0.863118E+03   0.172624E+04
   0.299383E+02  -0.569279E-01  -0.470193E+01   0.732106E+01   0.689107E+01   0.432988E+01  -0.207607E+01   0.134345E-01   0.332675E-02   0.136901E-01   0.947304E-02   0.126043E-02  -0.847002E+03   0.156456E+02   0.000000E+00  -0.862648E+03   0.172530E+04
   0.301859E+02   0.631326E+00  -0.400674E+01   0.663343E+01   0.785629E+01   0.581919E+01  -0.382739E+01   0.847845E-02   0.110453E-01   0.120971E-01   0.116308E-03   0.126043E-02  -0.847603E+03   0.159688E+02   0.000000E+00  -0.863572E+03   0.172714E+04
   0.303503E+02  -0.141427E+00  -0.590997E+01   0.513491E+01   0.963642E+01   0.573611E+01   0.113254E+01   0.371746E-03   0.205258E-01   0.767089E-02   0.116308E-03   0.240993E-03  -0.848614E+03   0.155653E+02   0.000000E+00  -0.864179E+03   0.172836E+04
   0.297998E+02   0.858963E+00  -0.549130E+01   0.664394E+01   0.749899E+01   0.711096E+01  -0.222490E+01   0.937503E-02   0.119782E-01   0.118681E-01   0.172422E-01   0.309271E-02  -0.850045E+03   0.140026E+02   0.000000E+00  -0.864048E+03   0.172810E+04
   0.304015E+02   0.302177E-01  -0.359172E+01   0.739013E+01   0.756073E+01   0.600312E+01  -0.222490E+01   0.141343E-01   0.557496E-02   0.189302E-01   0.274052E-01   0.470463E-02  -0.850330E+03   0.127592E+02   0.000000E+00  -0.863089E+03   0.172618E+04
   0.307096E+02  -0.595955E+00  -0.428095E+01   0.855968E+01   0.978490E+01   0.465311E+01  -0.356259E+00   0.714344E-03   0.430185E-02   0.209541E-01   0.728912E-02   0.212340E-01  -0.850481E+03   0.130428E+02   0.000000E+00  -0.863524E+03   0.172705E+04
   0.304605E+02  -0.297833E+00  -0.349243E+01   0.887981E+01   0.856423E+01   0.406199E+01  -0.234453E+01   0.116465E-02   0.398759E-02   0.305085E-03   0.965463E-02   0.142143E-01  -0.849076E+03   0.156045E+02   0.000000E+00  -0.864681E+03   0.172936E+04
   0.294103E+02   0.694289E+00  -0.341329E+01   0.693630E+01   0.908404E+01   0.109205E+01  -0.654698E+00   0.207936E-01   0.241968E-01   0.333639E-02   0.677713E-02   0.154516E-01  -0.853544E+03   0.134445E+02   0.000000E+00  -0.866988E+03   0.173398E+04
   0.294219E+02   0.110379E+01  -0.408572E+01   0.777193E+01   0.854862E+01   0.456268E+01   0.145588E+01   0.143395E-01   0.391998E-02   0.100250E-01   0.338467E-01   0.115000E-02  -0.850979E+03   0.135265E+02   0.000000E+00  -0.864506E+03   0.172901E+04
   0.304801E+02  -0.439746E+00  -0.406978E+01   0.630849E+01   0.706553E+01   0.462652E+01  -0.627432E+00   0.233596E-01   0.329444E-02   0.715861E-03   0.510555E-02   0.257621E-02  -0.846176E+03   0.172515E+02   0.000000E+00  -0.863427E+03   0.172685E+04
   0.310297E+02   0.606403E+00  -0.322262E+01   0.771151E+01   0.108416E+02   0.849037E+01  -0.236910E+01   0.101037E-02   0.703293E-02   0.180503E-01   0.205386E-02   0.107101E-01  -0.852708E+03   0.146360E+02   0.000000E+00  -0.867344E+03   0.173469E+04
   0.306332E+02   0.404473E+00  -0.488218E+01   0.771151E+01   0.947400E+01   0.417606E+01  -0.253503E+01   0.897342E-02   0.140651E-01   0.319447E-02   0.192212E-02   0.142818E-01  -0.847134E+03   0.150743E+02   0.000000E+00  -0.862208E+03   0.172442E+04
   0.306584E+02   0.748660E+00  -0.426610E+01   0.979248E+01   0.931222E+01   0.701880E+01  -0.154260E+01   0.135995E-01   0.291963E-01   0.102991E-01   0.374767E-01   0.931994E-02  -0.856022E+03   0.979148E+01   0.000000E+00  -0.865813E+03   0.173163E+04
   0.306584E+02   0.141503E+00  -0.309719E+01   0.926858E+01   0.832856E+01   0.162048E+01  -0.237240E+01   0.236835E-01   0.984393E-02   0.214179E-03   0.702788E-03   0.100681E-01  -0.849683E+03   0.163378E+02   0.000000E+00  -0.866021E+03   0.173204E+04
   0.303294E+02  -0.116376E+01  -0.202082E+01   0.629658E+01   0.832856E+01   0.223629E+01   0.144207E+01   0.645486E-02   0.170227E-01   0.214179E-03   0.702788E-03   0.111759E-01  -0.853572E+03   0.155091E+02   0.000000E+00  -0.869081E+03   0.173816E+04
   0.300571E+02  -0.337662E+00  -0.646519E+01   0.751778E+01   0.709358E+01   0.321159E+01  -0.181408E+01   0.226084E-01   0.110056E-01   0.886822E-02   0.811557E-02   0.755909E-02  -0.850424E+03   0.148658E+02   0.000000E+00  -0.865290E+03   0.173058E+04
   0.294942E+02   0.115093E+01  -0.416912E+01   0.581282E+01   0.638487E+01   0.511513E+01  -0.295655E+01   0.190181E-01   0.212009E-01   0.729611E-02   0.335665E-01   0.101845E-01  -0.855026E+03   0.111959E+02   0.000000E+00  -0.866222E+03   0.173244E+04
   0.302769E+02   0.103660E+00  -0.394580E+01   0.473071E+01   0.850080E+01   0.767382E+01  -0.108030E+01   0.708910E-02   0.159537E-01   0.188862E-01   0.128875E-01   0.405891E-02  -0.851517E+03   0.132420E+02   0.000000E+00  -0.864759E+03   0.172952E+04
   0.306566E+02   0.103660E+00  -0.703078E+01   0.619370E+01   0.102303E+02   0.348981E+01  -0.283475E+01   0.352707E-02   0.126211E-01   0.112609E-01   0.265320E-02   0.285212E-02  -0.848886E+03   0.154819E+02   0.000000E+00  -0.864368E+03   0.172874E+04
   0.305189E+02  -0.298733E+00  -0.591812E+01   0.740639E+01   0.107219E+02   0.162351E+01  -0.194810E+01   0.657851E-02   0.117088E-01   0.762785E-02   0.250425E-02   0.282121E-01  -0.851254E+03   0.134154E+02   0.000000E+00  -0.864669E+03   0.172934E+04
   0.295876E+02   0.306738E+00  -0.381059E+01   0.712894E+01   0.839547E+01   0.563977E+01  -0.113328E+01   0.137640E-01   0.138096E-01   0.413309E-02   0.220445E-02   0.220631E-01  -0.849062E+03   0.141997E+02   0.000000E+00  -0.863262E+03   0.172652E+04
   0.296754E+02   0.306738E+00  -0.655508E+01   0.585358E+01   0.786713E+01   0.695388E+01  -0.153266E+01   0.162097E-02   0.204794E-02   0.185723E-01   0.750106E-02   0.224880E-02  -0.848874E+03   0.153837E+02   0.000000E+00  -0.864258E+03   0.172852E+04
   0.299078E+02   0.323762E+00  -0.403845E+01   0.723562E+01   0.734354E+01   0.615752E+01  -0.282614E+00   0.830198E-02   0.390937E-02   0.226053E-02   0.265776E-01   0.480733E-02  -0.847423E+03   0.146652E+02   0.000000E+00  -0.862088E+03   0.172418E+04
   0.293684E+02   0.263620E+00  -0.470418E+01   0.377529E+01   0.734354E+01   0.745269E+01  -0.536926E+00   0.215991E-01   0.757240E-02   0.132038E-02   0.445621E-01   0.824281E-02  -0.855345E+03   0.122509E+02   0.000000E+00  -0.867596E+03   0.173519E+04
   0.299028E+02   0.109281E+01  -0.561367E+01   0.712215E+01   0.847475E+01   0.504234E+01  -0.168956E+01   0.758245E-03   0.856930E-03   0.254705E-01   0.219883E-02   0.497139E-02  -0.847374E+03   0.150709E+02   0.000000E+00  -0.862445E+03   0.172489E+04
   0.298613E+02  -0.631165E+00  -0.383198E+01   0.575658E+01   0.816708E+01   0.222835E+01  -0.917639E+00   0.661117E-02   0.299721E-02   0.101674E-01   0.767596E-02   0.714892E-02  -0.848872E+03   0.156217E+02   0.000000E+00  -0.864494E+03   0.172899E+04
   0.307764E+02   0.286610E+00  -0.737752E+01   0.744100E+01   0.783219E+01   0.726859E+01  -0.264248E+01   0.167108E-01   0.170179E-02   0.349050E-01   0.316713E-01   0.120799E-01  -0.857438E+03   0.103849E+02   0.000000E+00  -0.867823E+03   0.173565E+04
   0.302778E+02   0.888996E+00  -0.371062E+01   0.464724E+01   0.960588E+01   0.493454E+01  -0.135540E+01   0.215477E-01   0.235776E-01   0.748691E-02   0.162768E-01   0.138259E-01  -0.852394E+03   0.123040E+02   0.000000E+00  -0.864698E+03   0.172940E+04
   0.302778E+02  -0.124337E+01  -0.493166E+01   0.610116E+01   0.725053E+01   0.223840E+01  -0.588256E+00   0.201505E-01   0.830587E-02   0.153714E-02   0.120351E-01   0.113224E-02  -0.848420E+03   0.161196E+02   0.000000E+00  -0.864540E+03   0.172908E+04
   0.306429E+02  -0.601068E-01  -0.654318E+01   0.839869E+01   0.857942E+01   0.385238E+01  -0.628314E+00   0.304047E-01   0.830587E-02   0.903791E-02   0.501151E-02   0.113224E-02  -0.850929E+03   0.160719E+02   0.000000E+00  -0.867001E+03   0.173400E+04
   0.302883E+02   0.254260E-02  -0.344624E+01   0.763059E+01   0.923712E+01   0.608231E+01   0.232629E+01   0.145918E-01   0.389097E-03   0.836331E-02   0.778438E-02   0.113224E-02  -0.846827E+03   0.166538E+02   0.000000E+00  -0.863481E+03   0.172696E+04
   0.302250E+02   0.141125E+01  -0.344624E+01   0.707729E+01   0.678975E+01   0.250991E+01  -0.531358E+01   0.321469E-01   0.491390E-02   0.324308E-02   0.924733E-02   0.915945E-02  -0.854193E+03   0.157643E+02   0.000000E+00  -0.869957E+03   0.173991E+04
   0.308974E+02  -0.159272E+00  -0.206803E+01   0.813583E+01   0.785194E+01   0.414860E+01  -0.704235E+00   0.456232E-02   0.229051E-02   0.409233E-03   0.306698E-01   0.803890E-02  -0.853153E+03   0.142798E+02   0.000000E+00  -0.867433E+03   0.173487E+04
   0.303521E+02   0.224602E+00  -0.549018E+01   0.610316E+01   0.865541E+01   0.918924E+01   0.160538E+01   0.126576E-02   0.429879E-02   0.348919E-02   0.502765E-02   0.165240E-01  -0.849922E+03   0.154867E+02   0.000000E+00  -0.865409E+03   0.173082E+04
   0.287857E+02   0.226334E+00  -0.434915E+01   0.413838E+01   0.102103E+02   0.602239E+01   0.162508E+01   0.150192E-01   0.429879E-02   0.769827E-02   0.663464E-02   0.443706E-02  -0.854981E+03   0.161138E+02   0.000000E+00  -0.871095E+03   0.174219E+04
   0.301984E+02   0.817242E+00  -0.605586E+01   0.593993E+01   0.112998E+02   0.655392E+01  -0.165127E+01   0.246308E-02   0.152398E-01   0.310180E-01   0.788195E-03   0.428339E-01  -0.853803E+03   0.943269E+01   0.000000E+00  -0.863236E+03   0.172647E+04
   0.303085E+02   0.722541E+00  -0.385487E+01   0.731984E+01   0.774856E+01   0.513871E+01  -0.357513E+01   0.761625E-02   0.746593E-03   0.467575E-01   0.187288E-01   0.395284E-01  -0.855819E+03   0.784455E+01   0.000000E+00  -0.863664E+03   0.172733E+04
   0.303527E+02   0.919198E+00  -0.628743E+01   0.657447E+01   0.107414E+02   0.540480E+01  -0.153831E+01   0.510855E-02   0.259360E-03   0.175900E-01   0.619394E-02   0.124793E-01  -0.847854E+03   0.147684E+02   0.000000E+00  -0.862622E+03   0.172524E+04
   0.303519E+02   0.919198E+00  -0.432643E+01   0.811386E+01   0.906547E+01   0.432573E+01  -0.315759E+00   0.897697E-02   0.719885E-02   0.134530E-01   0.535502E-02   0.837771E-03  -0.846287E+03   0.157362E+02   0.000000E+00  -0.862023E+03   0.172405E+04
   0.299974E+02  -0.245772E+00  -0.343858E+01   0.812478E+01   0.811094E+01   0.773982E+01  -0.333943E+00   0.120177E-01   0.122020E-01   0.285153E-01   0.502626E-02   0.248568E-02  -0.851741E+03   0.135978E+02   0.000000E+00  -0.865339E+03   0.173068E+04
   0.305594E+02  -0.414898E+00  -0.502013E+01   0.731898E+01   0.958632E+01   0.590046E+01   0.584194E+00   0.425139E-02   0.142414E-01   0.106275E-01   0.716469E-02   0.977568E-02  -0.847850E+03   0.142398E+02   0.000000E+00  -0.862090E+03   0.172418E+04
   0.305596E+02  -0.414898E+00  -0.391839E+01   0.841741E+01   0.810465E+01   0.438553E+01   0.277174E+01   0.823854E-02   0.856256E-02   0.124761E-01   0.115459E-01   0.566189E-02  -0.849261E+03   0.145960E+02   0.000000E+00  -0.863857E+03   0.172771E+04
   0.300007E+02  -0.134552E-01  -0.374371E+01   0.841741E+01   0.774748E+01   0.746591E+01   0.917805E+00   0.325383E-02   0.278519E-02   0.281536E-01   0.110320E-01   0.453695E-02  -0.849994E+03   0.137699E+02   0.000000E+00  -0.863764E+03   0.172753E+04
   0.304391E+02  -0.385502E+00  -0.388309E+01   0.822723E+01   0.738406E+01   0.296322E+01   0.204987E+01   0.104229E-01   0.202452E-01   0.299676E-01   0.154191E-01   0.147508E-01  -0.853685E+03   0.103824E+02   0.000000E+00  -0.864067E+03   0.172813E+04
   0.300072E+02  -0.154448E+01  -0.507855E+01   0.902633E+01   0.665260E+01   0.603437E+01  -0.208289E+01   0.154445E-01   0.492885E-02   0.321949E-01   0.965508E-02   0.960274E-02  -0.857090E+03   0.127825E+02   0.000000E+00  -0.869873E+03   0.173975E+04
   0.302158E+02  -0.133984E+01  -0.429825E+01   0.588724E+01   0.755395E+01   0.574488E+01   0.201149E+01   0.285433E-01   0.108832E-01   0.161665E-01   0.749714E-02   0.929517E-02  -0.852216E+03   0.140365E+02   0.000000E+00  -0.866252E+03   0.173250E+04
   0.298893E+02   0.463309E+00  -0.353214E+01   0.810398E+01   0.745158E+01   0.563240E+01  -0.164857E+01   0.151747E-01   0.327778E-01   0.271250E-02   0.734779E-02   0.592742E-02  -0.849943E+03   0.135441E+02   0.000000E+00  -0.863487E+03   0.172697E+04
   0.309950E+02  -0.760013E+00  -0.466010E+01   0.840268E+01   0.781152E+01   0.631841E+01  -0.110845E+01   0.770009E-02   0.663329E-02   0.538355E-02   0.138692E-01   0.129660E-01  -0.849729E+03   0.145355E+02   0.000000E+00  -0.864264E+03   0.172853E+04
   0.303551E+02  -0.290260E+00  -0.290120E+01   0.870632E+01   0.754470E+01   0.424029E+01  -0.808645E-01   0.770009E-02   0.343242E-02   0.289490E-01   0.368303E-01   0.199270E-01  -0.854247E+03   0.950681E+01   0.000000E+00  -0.863754E+03   0.172751E+04
   0.300058E+02  -0.290260E+00  -0.590055E+01   0.921098E+01   0.653929E+01   0.359596E+01   0.247137E+01   0.101091E-01   0.114867E-01   0.138152E-01   0.215488E-01   0.221462E-01  -0.853837E+03   0.115210E+02   0.000000E+00  -0.865358E+03   0.173072E+04
   0.304732E+02  -0.108907E+01  -0.591972E+01   0.921098E+01   0.831708E+01   0.289927E+01   0.304169E+01   0.161803E-01   0.611606E-01   0.371294E-02   0.322057E-01   0.955690E-03  -0.857034E+03   0.861719E+01   0.000000E+00  -0.865651E+03   0.173130E+04
   0.303741E+02  -0.967646E+00  -0.463596E+01   0.672650E+01   0.874513E+01   0.144363E+01   0.717120E-01   0.102982E-01   0.242220E-01   0.410226E-02   0.605754E-02   0.955690E-03  -0.849544E+03   0.148869E+02   0.000000E+00  -0.864431E+03   0.172886E+04
   0.313204E+02  -0.446065E+00  -0.616692E+01   0.842942E+01   0.933082E+01   0.210767E+01  -0.710805E+00   0.245040E-01   0.347477E-02   0.708119E-02   0.377405E-02   0.265569E-02  -0.849300E+03   0.167221E+02   0.000000E+00  -0.866022E+03   0.173204E+04
   0.313204E+02   0.701180E+00  -0.443222E+01   0.740311E+01   0.817121E+01   0.374157E+01  -0.276689E+00   0.321476E-01   0.128876E-02   0.329057E-03   0.486670E-02   0.265569E-02  -0.850199E+03   0.175067E+02   0.000000E+00  -0.867706E+03   0.173541E+04
   0.313204E+02   0.701180E+00  -0.448010E+01   0.818918E+01   0.997205E+01   0.393666E+01  -0.507359E+00   0.224763E-01   0.490534E-02   0.100419E-01   0.363768E-02   0.144261E-01  -0.850278E+03   0.151196E+02   0.000000E+00  -0.865398E+03   0.173080E+04
   0.300490E+02  -0.759337E-01  -0.701171E+01   0.503285E+01   0.936069E+01   0.754165E+01  -0.938429E+00   0.372915E-02   0.185536E-01   0.211257E-01   0.167332E-01   0.144261E-01  -0.853523E+03   0.113368E+02   0.000000E+00  -0.864860E+03   0.172972E+04
   0.297818E+02   0.801962E+00  -0.484355E+01   0.654274E+01   0.106340E+02   0.772214E+01  -0.194846E+01   0.564118E-02   0.233553E-02   0.225417E-01   0.307606E-01   0.180510E-02  -0.852365E+03   0.126764E+02   0.000000E+00  -0.865041E+03   0.173008E+04
   0.305982E+02   0.859649E+00  -0.533109E+01   0.654274E+01   0.898310E+01   0.812318E+01  -0.565907E+00   0.100727E-01   0.425514E-02   0.228286E-01   0.296237E-01   0.138077E-01  -0.852513E+03   0.113692E+02   0.000000E+00  -0.863882E+03   0.172776E+04
   0.305979E+02   0.102274E+00  -0.514025E+01   0.838976E+01   0.860263E+01   0.666110E+01  -0.240412E+00   0.341451E-02   0.411919E-02   0.183097E-02   0.104645E-01   0.419901E-01  -0.849643E+03   0.125802E+02   0.000000E+00  -0.862223E+03   0.172445E+04
   0.302342E+02   0.108553E+01  -0.463524E+01   0.683947E+01   0.938841E+01   0.308546E+01  -0.126013E+01   0.162275E-01   0.239443E-02   0.183097E-02   0.544757E-02   0.837564E-04  -0.845742E+03   0.174450E+02   0.000000E+00  -0.863187E+03   0.172637E+04
   0.294755E+02   0.150258E+00  -0.523679E+01   0.693137E+01   0.688814E+01   0.669566E+01  -0.149417E+01   0.692153E-02   0.121252E-01   0.101356E-01   0.105089E-02   0.584563E-02  -0.848734E+03   0.155049E+02   0.000000E+00  -0.864239E+03   0.172848E+04
   0.304294E+02  -0.226212E+00  -0.523679E+01   0.713400E+01   0.100973E+02   0.192566E+01   0.199915E+01   0.206724E-01   0.922447E-02   0.999369E-02   0.646867E-02   0.577182E-02  -0.849615E+03   0.152748E+02   0.000000E+00  -0.864890E+03   0.172978E+04
   0.296503E+02  -0.154551E+01  -0.528815E+01   0.735213E+01   0.686336E+01   0.420662E+01   0.260980E+01   0.109675E-01   0.947067E-02   0.214892E-02   0.661430E-02   0.954150E-02  -0.850465E+03   0.156431E+02   0.000000E+00  -0.866108E+03   0.173222E+04
   0.301920E+02  -0.106846E+01  -0.584339E+01   0.855940E+01   0.576933E+01   0.509300E+01   0.226905E+01   0.130044E-01   0.870244E-02   0.298576E-02   0.170472E-01   0.257754E-01  -0.853021E+03   0.129696E+02   0.000000E+00  -0.865991E+03   0.173198E+04
   0.306676E+02  -0.335149E+00  -0.584339E+01   0.650943E+01   0.894161E+01   0.389044E+01  -0.229767E+01   0.348184E-02   0.724959E-02   0.905024E-03   0.136260E-01   0.227327E-02  -0.846998E+03   0.160153E+02   0.000000E+00  -0.863013E+03   0.172603E+04
   0.307049E+02   0.511283E+00  -0.584339E+01   0.567353E+01   0.115374E+02   0.490871E+01  -0.148882E+01   0.148958E-01   0.564277E-03   0.110627E-02   0.689142E-02   0.164614E-01  -0.847951E+03   0.159183E+02   0.000000E+00  -0.863869E+03   0.172774E+04
   0.306376E+02  -0.934506E-01  -0.397499E+01   0.732398E+01   0.802228E+01   0.572018E+01   0.887848E+00   0.206008E-01   0.126956E-01   0.110627E-02   0.617113E-02   0.160016E-02  -0.846800E+03   0.162634E+02   0.000000E+00  -0.863063E+03   0.172613E+04
   0.310124E+02  -0.104289E+01  -0.549284E+01   0.571629E+01   0.119131E+02   0.287809E+01  -0.448696E+01   0.129625E-01   0.484297E-02   0.432389E-02   0.649113E-03   0.160016E-02  -0.852079E+03   0.172791E+02   0.000000E+00  -0.869358E+03   0.173872E+04
   0.300472E+02  -0.246764E+00  -0.571211E+01   0.782142E+01   0.112740E+02   0.563495E+01   0.147460E+01   0.443255E-02   0.232102E-01   0.704177E-02   0.114547E-01   0.156131E-01  -0.853335E+03   0.126887E+02   0.000000E+00  -0.866024E+03   0.173205E+04
   0.294550E+02   0.414670E+00  -0.537175E+01   0.397547E+01   0.970829E+01   0.821764E+01  -0.115151E+01   0.443255E-02   0.786205E-02   0.484747E-02   0.833991E-02   0.626531E-02  -0.850407E+03   0.156892E+02   0.000000E+00  -0.866096E+03   0.173219E+04
   0.299944E+02  -0.356437E+00  -0.381016E+01   0.674892E+01   0.659646E+01   0.623816E+01   0.360240E+00   0.218660E-02   0.111949E-01   0.178090E-01   0.121073E-01   0.714498E-02  -0.849816E+03   0.135951E+02   0.000000E+00  -0.863411E+03   0.172682E+04
   0.299944E+02  -0.576337E+00  -0.786110E+01   0.673515E+01   0.769526E+01   0.521957E+01  -0.965940E+00   0.898465E-02   0.130571E-02   0.168118E-01   0.653810E-02   0.380676E-02  -0.850433E+03   0.155744E+02   0.000000E+00  -0.866007E+03   0.173201E+04
   0.302604E+02   0.588334E+00  -0.414661E+01   0.815728E+01   0.719070E+01   0.210627E+01  -0.812546E+00   0.254555E-01   0.822294E-02   0.393444E-02   0.278958E-01   0.271883E-02  -0.850655E+03   0.141435E+02   0.000000E+00  -0.864798E+03   0.172960E+04
   0.309957E+02   0.730666E+00  -0.397638E+01   0.769183E+01   0.106953E+02   0.368755E+01  -0.159792E+01   0.126161E-01   0.258011E-02   0.552246E-02   0.343876E-02   0.475749E-02  -0.847389E+03   0.167908E+02   0.000000E+00  -0.864180E+03   0.172836E+04
   0.309957E+02  -0.286958E+00  -0.552573E+01   0.597063E+01   0.842709E+01   0.772089E+01  -0.274163E+01   0.193230E-01   0.253419E-02   0.102996E-01   0.901429E-02   0.137521E-02  -0.849349E+03   0.160984E+02   0.000000E+00  -0.865447E+03   0.173089E+04
   0.296733E+02   0.143125E+01  -0.558154E+01   0.480981E+01   0.101129E+02   0.664622E+01  -0.153716E+01   0.655984E-02   0.497643E-02   0.102996E-01   0.135510E-01   0.144977E-01  -0.850361E+03   0.140882E+02   0.000000E+00  -0.864449E+03   0.172890E+04
   0.300188E+02   0.143125E+01  -0.515882E+01   0.701609E+01   0.845115E+01   0.315421E+01  -0.164426E+01   0.607576E-02   0.195647E-02   0.494845E-02   0.213251E-01   0.237832E-02  -0.848894E+03   0.153598E+02   0.000000E+00  -0.864254E+03   0.172851E+04
   0.294376E+02   0.139355E+00  -0.619337E+01   0.655671E+01   0.975201E+01   0.398245E+01   0.804448E+00   0.160410E-01   0.546443E-01   0.766056E-02   0.110991E-01   0.812270E-03  -0.855054E+03   0.109991E+02   0.000000E+00  -0.866053E+03   0.173211E+04
   0.295091E+02   0.139355E+00  -0.470167E+01   0.669618E+01   0.878252E+01   0.419144E+01   0.151801E+01   0.144598E-01   0.127029E-01   0.246604E-02   0.143620E-02   0.149468E-01  -0.848126E+03   0.152655E+02   0.000000E+00  -0.863391E+03   0.172678E+04
   0.300855E+02   0.704407E+00  -0.187015E+01   0.847537E+01   0.908107E+01   0.733657E+01   0.310698E+01   0.779631E-03   0.202405E-01   0.246604E-02   0.143620E-02   0.120854E-01  -0.852482E+03   0.147979E+02   0.000000E+00  -0.867280E+03   0.173456E+04
   0.303840E+02   0.704407E+00  -0.485596E+01   0.645916E+01   0.858845E+01   0.529730E+01   0.280289E+01   0.231167E-02   0.427945E-02   0.381000E-02   0.337071E-02   0.284440E-01  -0.851283E+03   0.144303E+02   0.000000E+00  -0.865713E+03   0.173143E+04
   0.305829E+02  -0.493212E+00  -0.748517E+01   0.704913E+01   0.106483E+02   0.537496E+01  -0.148919E+01   0.318330E-02   0.282538E-02   0.100159E-01   0.172654E-02   0.105859E-02  -0.847866E+03   0.168580E+02   0.000000E+00  -0.864724E+03   0.172945E+04
   0.304369E+02   0.768958E+00  -0.549007E+01   0.778896E+01   0.883917E+01   0.709114E+01  -0.578390E+00   0.371390E-02   0.111399E-02   0.497821E-02   0.345961E-02   0.105859E-02  -0.845027E+03   0.173596E+02   0.000000E+00  -0.862387E+03   0.172477E+04
   0.300146E+02   0.937771E+00  -0.549007E+01   0.786553E+01   0.937896E+01   0.518706E+01   0.615589E+00   0.801859E-03   0.827588E-02   0.204220E-01   0.103975E-01   0.927527E-02  -0.848499E+03   0.135836E+02   0.000000E+00  -0.862083E+03   0.172417E+04
   0.304835E+02   0.304731E+00  -0.577241E+01   0.522409E+01   0.103083E+02   0.686925E+01  -0.935940E+00   0.801859E-03   0.755296E-04   0.869943E-02   0.178573E-01   0.172581E-02  -0.847596E+03   0.155849E+02   0.000000E+00  -0.863181E+03   0.172636E+04
   0.306690E+02   0.618814E+00  -0.577241E+01   0.807115E+01   0.771456E+01   0.607712E+01   0.514082E+00   0.539679E-02   0.639035E-03   0.488014E-03   0.256778E-02   0.145865E-02  -0.846497E+03   0.179053E+02   0.000000E+00  -0.864402E+03   0.172880E+04
   0.307282E+02  -0.335151E+00  -0.506817E+01   0.102084E+02   0.900712E+01   0.607712E+01   0.387949E+00   0.444814E-02   0.115818E-01   0.350010E-02   0.166548E-01   0.720780E-02  -0.850385E+03   0.145262E+02   0.000000E+00  -0.864911E+03   0.172982E+04
   0.304851E+02   0.156538E+00  -0.372141E+01   0.565789E+01   0.980623E+01   0.654762E+01  -0.280475E+00   0.236391E-02   0.173083E-01   0.140251E-01   0.217517E-01   0.208576E-01  -0.852519E+03   0.110264E+02   0.000000E+00  -0.863545E+03   0.172709E+04
   0.304851E+02  -0.190762E+01  -0.588422E+01   0.945978E+01   0.641715E+01   0.326131E+01  -0.385043E+00   0.590091E-03   0.354472E-02   0.150848E-01   0.609443E-02   0.193045E-01  -0.853196E+03   0.140178E+02   0.000000E+00  -0.867214E+03   0.173443E+04
   0.298881E+02  -0.874066E-01  -0.567920E+01   0.729572E+01   0.721928E+01   0.331752E+01   0.115922E+01   0.741050E-02   0.493154E-02   0.466537E-02   0.609443E-02   0.207016E-02  -0.846678E+03   0.166445E+02   0.000000E+00  -0.863323E+03   0.172665E+04
   0.304010E+02  -0.187366E+00  -0.606155E+01   0.683810E+01   0.996802E+01   0.474532E+01   0.386357E+00   0.935248E-02   0.734512E-03   0.391989E-02   0.140129E-03   0.629318E-02  -0.844800E+03   0.173119E+02   0.000000E+00  -0.862112E+03   0.172422E+04
   0.304067E+02   0.724732E+00  -0.556067E+01   0.584279E+01   0.101485E+02   0.466124E+01  -0.284014E+00   0.131911E-01   0.249344E-02   0.136464E-01   0.116071E-02   0.161971E-01  -0.847931E+03   0.150709E+02   0.000000E+00  -0.863002E+03   0.172600E+04
   0.300156E+02   0.420821E+00  -0.149440E+01   0.729575E+01   0.677841E+01   0.509696E+01  -0.149465E+01   0.579247E-02   0.662762E-02   0.359544E-02   0.897802E-02   0.113704E-01  -0.851454E+03   0.153635E+02   0.000000E+00  -0.866818E+03   0.173364E+04
   0.304584E+02   0.547194E-01  -0.265337E+01   0.801936E+01   0.766323E+01   0.544221E+01   0.680077E+00   0.275323E-01   0.502998E-03   0.147208E-01   0.197852E-02   0.307183E-01  -0.851196E+03   0.136286E+02   0.000000E+00  -0.864825E+03   0.172965E+04
   0.301549E+02  -0.106830E+01  -0.435194E+01   0.737100E+01   0.501810E+01   0.539852E+01   0.882693E+00   0.364170E-01   0.502998E-03   0.461548E-02   0.197852E-02   0.693580E-03  -0.851683E+03   0.176416E+02   0.000000E+00  -0.869325E+03   0.173865E+04
   0.310359E+02  -0.106830E+01  -0.492462E+01   0.925886E+01   0.706988E+01   0.267981E+01  -0.196832E+01   0.917151E-02   0.825287E-02   0.166217E-01   0.114852E-01   0.164585E-01  -0.852982E+03   0.131389E+02   0.000000E+00  -0.866121E+03   0.173224E+04
   0.310440E+02  -0.289412E+00  -0.497429E+01   0.635316E+01   0.828302E+01   0.731448E+01   0.141615E+00   0.158511E-01   0.152756E-01   0.562491E-02   0.245232E-01   0.471401E-02  -0.851896E+03   0.134069E+02   0.000000E+00  -0.865303E+03   0.173061E+04
   0.299449E+02  -0.597876E+00  -0.497429E+01   0.585158E+01   0.828302E+01   0.405991E+01   0.244104E-01   0.829424E-02   0.104274E-01   0.242437E-01   0.238258E-01   0.189025E-01  -0.851822E+03   0.106807E+02   0.000000E+00  -0.862503E+03   0.172501E+04
   0.306530E+02   0.265211E+00  -0.406871E+01   0.908078E+01   0.815463E+01   0.802932E+01  -0.912428E+00   0.503399E-02   0.305940E-01   0.945879E-02   0.573731E-02   0.847392E-02  -0.851749E+03   0.129943E+02   0.000000E+00  -0.864743E+03   0.172949E+04
   0.297931E+02  -0.972339E-01  -0.474916E+01   0.788013E+01   0.685769E+01   0.265825E+01   0.354409E+00   0.558472E-02   0.400488E-02   0.153652E-01   0.132594E-01   0.997194E-02  -0.848930E+03   0.141605E+02   0.000000E+00  -0.863091E+03   0.172618E+04
   0.301306E+02  -0.999924E+00  -0.244154E+01   0.595612E+01   0.757744E+01   0.418157E+01  -0.225141E+01   0.232902E-01   0.108792E-01   0.815390E-02   0.533966E-02   0.829139E-02  -0.850638E+03   0.151543E+02   0.000000E+00  -0.865792E+03   0.173158E+04
   0.304085E+02  -0.181315E+00  -0.451076E+01   0.723999E+01   0.757744E+01   0.714356E+01   0.791347E+00   0.129196E-01   0.131070E-01   0.113148E-01   0.971292E-04   0.114700E-01  -0.848173E+03   0.148218E+02   0.000000E+00  -0.862995E+03   0.172599E+04
   0.297345E+02   0.858599E-02  -0.279056E+01   0.801329E+01   0.579676E+01   0.336079E+01  -0.314731E+01   0.145811E-01   0.999281E-02   0.864528E-02   0.116350E-01   0.474147E-01  -0.855933E+03   0.106519E+02   0.000000E+00  -0.866585E+03   0.173317E+04
   0.301594E+02   0.887280E+00  -0.524972E+01   0.782214E+01   0.984078E+01   0.695200E+01   0.161150E+01   0.136617E-03   0.892063E-02   0.547674E-02   0.144937E-02   0.335565E-01  -0.849340E+03   0.134804E+02   0.000000E+00  -0.862820E+03   0.172564E+04
   0.297259E+02   0.413087E+00  -0.318181E+01   0.894340E+01   0.657370E+01   0.423705E+01   0.211881E+01   0.115817E-01   0.192743E-01   0.783932E-02   0.195432E-01   0.196789E-01  -0.852906E+03   0.117871E+02   0.000000E+00  -0.864693E+03   0.172939E+04
   0.301622E+02   0.112213E+00  -0.438262E+01   0.746393E+01   0.100629E+02   0.549574E+01   0.354826E+01   0.116110E-01   0.450705E-02   0.304091E-02   0.125952E-01   0.122312E-01  -0.848955E+03   0.151832E+02   0.000000E+00  -0.864138E+03   0.172828E+04
   0.307375E+02  -0.864803E+00  -0.476558E+01   0.651380E+01   0.722725E+01   0.897408E+01   0.794804E-01   0.148148E-01   0.158206E-01   0.432427E-02   0.163855E-02   0.122312E-01  -0.851505E+03   0.150192E+02   0.000000E+00  -0.866524E+03   0.173305E+04
   0.309404E+02  -0.639284E+00  -0.447558E+01   0.890221E+01   0.801747E+01   0.807338E+01   0.217953E+01   0.146676E-01   0.102262E-01   0.250726E-01   0.102542E-01   0.872750E-06  -0.852583E+03   0.138653E+02   0.000000E+00  -0.866448E+03   0.173290E+04
   0.305801E+02  -0.987235E+00  -0.468335E+01   0.625940E+01   0.835084E+01   0.531185E+01   0.162678E+01   0.636388E-02   0.120903E-02   0.383269E-01   0.377700E-03   0.120240E-01  -0.851230E+03   0.132269E+02   0.000000E+00  -0.864457E+03   0.172891E+04
   0.309449E+02  -0.180954E+00  -0.566229E+01   0.783779E+01   0.104777E+02   0.424674E+01   0.195948E+01   0.194394E-01   0.656994E-02   0.179413E-02   0.510144E-01   0.790882E-02  -0.852820E+03   0.116920E+02   0.000000E+00  -0.864512E+03   0.172902E+04
   0.302104E+02   0.150027E+01  -0.566229E+01   0.820042E+01   0.959812E+01   0.682036E+01  -0.306672E+01   0.282293E-02   0.290871E-02   0.179413E-02   0.388969E-01   0.148790E-01  -0.852406E+03   0.125728E+02   0.000000E+00  -0.864979E+03   0.172996E+04
   0.305207E+02   0.242700E+00  -0.500522E+01   0.103097E+02   0.863536E+01   0.492876E+01   0.208712E+01   0.846919E-02   0.290871E-02   0.971286E-02   0.159079E-01   0.977612E-02  -0.849806E+03   0.145901E+02   0.000000E+00  -0.864396E+03   0.172879E+04
   0.308282E+02   0.300399E-01  -0.537999E+01   0.683092E+01   0.100117E+02   0.475253E+01  -0.768033E+00   0.121310E-01   0.268953E-02   0.204479E-01   0.133761E-01   0.336842E-02  -0.847890E+03   0.144325E+02   0.000000E+00  -0.862322E+03   0.172464E+04
   0.309674E+02   0.456766E+00  -0.534701E+01   0.916892E+01   0.943631E+01   0.479535E+01  -0.285952E-01   0.181186E-01   0.100617E-01   0.255760E-01   0.220218E-02   0.139893E-01  -0.850603E+03   0.132378E+02   0.000000E+00  -0.863841E+03   0.172768E+04
   0.301067E+02   0.633846E+00  -0.534701E+01   0.637693E+01   0.643253E+01   0.450428E+01  -0.160538E+01   0.905733E-02   0.655856E-02   0.151779E-01   0.171572E-02   0.155917E-01  -0.850497E+03   0.145163E+02   0.000000E+00  -0.865013E+03   0.173003E+04
   0.298650E+02   0.126099E+00  -0.438587E+01   0.637693E+01   0.850598E+01   0.462048E+01   0.101912E+01   0.391775E-02   0.216137E-02   0.426806E-02   0.114701E-02   0.817755E-02  -0.845073E+03   0.168453E+02   0.000000E+00  -0.861918E+03   0.172384E+04
   0.298650E+02   0.280422E-01  -0.292413E+01   0.675702E+01   0.653366E+01   0.435447E+01  -0.189915E+01   0.234264E-01   0.207562E-01   0.859094E-02   0.114701E-02   0.434048E-02  -0.849452E+03   0.149372E+02   0.000000E+00  -0.864389E+03   0.172878E+04
   0.298524E+02   0.159532E+00  -0.429759E+01   0.590540E+01   0.896464E+01   0.371309E+01  -0.450053E+00   0.184332E-01   0.772797E-02   0.278459E-01   0.127465E-01   0.868556E-02  -0.849849E+03   0.127201E+02   0.000000E+00  -0.862569E+03   0.172514E+04
   0.298158E+02   0.406704E-01  -0.462897E+01   0.656920E+01   0.896464E+01   0.326047E+01  -0.212171E+01   0.304272E-02   0.144432E-01   0.574189E-03   0.108053E-01   0.204157E-01  -0.848766E+03   0.137968E+02   0.000000E+00  -0.862563E+03   0.172513E+04
   0.298098E+02   0.440182E+00  -0.370510E+01   0.599520E+01   0.920455E+01   0.352585E+00  -0.181597E+01   0.206473E-01   0.508689E-02   0.208454E-02   0.491827E-02   0.896318E-02  -0.850185E+03   0.163154E+02   0.000000E+00  -0.866500E+03   0.173300E+04
   0.311674E+02  -0.986287E+00  -0.553355E+01   0.621746E+01   0.920455E+01   0.268811E+01   0.108958E+01   0.205620E-01   0.350544E-01   0.147197E-01   0.177973E-01   0.747644E-02  -0.855763E+03   0.109159E+02   0.000000E+00  -0.866679E+03   0.173336E+04
   0.313206E+02  -0.365417E-02  -0.583580E+01   0.726982E+01   0.866884E+01   0.229023E+01  -0.171021E+00   0.114994E-01   0.794240E-01   0.912520E-02   0.585887E-02   0.327041E-02  -0.859805E+03   0.865283E+01   0.000000E+00  -0.868458E+03   0.173692E+04
   0.301310E+02   0.622833E-01  -0.490489E+01   0.577458E+01   0.829983E+01   0.484299E+01   0.201816E+01   0.516563E-02   0.358140E-01   0.237078E-02   0.168839E-02   0.544173E-02  -0.850163E+03   0.138892E+02   0.000000E+00  -0.864052E+03   0.172810E+04
   0.299689E+02  -0.382933E-01  -0.453990E+01   0.481370E+01   0.890606E+01   0.854232E+01  -0.136377E+01   0.565373E-02   0.372610E-01   0.237078E-02   0.965424E-02   0.865610E-02  -0.851938E+03   0.126265E+02   0.000000E+00  -0.864564E+03   0.172913E+04
   0.309800E+02  -0.171077E+00  -0.446604E+01   0.941434E+01   0.883108E+01   0.335106E+01  -0.887851E+00   0.232563E-02   0.479476E-02   0.533022E-03   0.965424E-02   0.865610E-02  -0.847948E+03   0.160569E+02   0.000000E+00  -0.864005E+03   0.172801E+04
   0.312583E+02  -0.171077E+00  -0.604935E+01   0.963625E+01   0.858423E+01   0.666793E+01  -0.178134E+01   0.152574E-01   0.266694E-01   0.185478E-01   0.109197E-01   0.257180E-01  -0.856183E+03   0.102352E+02   0.000000E+00  -0.866418E+03   0.173284E+04
   0.308800E+02  -0.171077E+00  -0.415207E+01   0.906221E+01   0.693944E+01   0.242671E+01   0.117450E+01   0.209913E-01   0.118068E-02   0.812886E-02   0.186168E-02   0.863117E-02  -0.849119E+03   0.164404E+02   0.000000E+00  -0.865559E+03   0.173112E+04
   0.289891E+02  -0.378305E+00  -0.303409E+01   0.505613E+01   0.655375E+01   0.376851E+01   0.108068E-01   0.204011E-01   0.696450E-02   0.943736E-02   0.232462E-01   0.656907E-02  -0.853710E+03   0.137990E+02   0.000000E+00  -0.867509E+03   0.173502E+04
   0.302297E+02  -0.853634E+00  -0.426487E+01   0.712165E+01   0.775262E+01   0.246062E+01   0.655778E-01   0.317487E-01   0.784123E-03   0.338374E-02   0.364632E-01   0.144423E-01  -0.852233E+03   0.129133E+02   0.000000E+00  -0.865146E+03   0.173029E+04
   0.296247E+02  -0.440468E+00  -0.561263E+01   0.492385E+01   0.775262E+01   0.436895E+01  -0.183781E+01   0.192584E-01   0.113830E-02   0.736595E-02   0.596567E-02   0.326299E-01  -0.850931E+03   0.137107E+02   0.000000E+00  -0.864642E+03   0.172928E+04
   0.301688E+02   0.822814E+00  -0.568805E+01   0.748086E+01   0.775262E+01   0.489152E+01  -0.524961E+00   0.233813E-01   0.217988E-02   0.417246E-02   0.773727E-02   0.132379E-02  -0.847715E+03   0.168793E+02   0.000000E+00  -0.864594E+03   0.172919E+04
   0.306750E+02   0.737475E+00  -0.725171E+01   0.658995E+01   0.106343E+02   0.434983E+01  -0.293655E+01   0.464700E-02   0.218745E-02   0.713090E-02   0.924167E-02   0.287653E-01  -0.850920E+03   0.136881E+02   0.000000E+00  -0.864608E+03   0.172922E+04
   0.296257E+02  -0.416664E+00  -0.138531E+01   0.722090E+01   0.594093E+01   0.129249E+01   0.287666E+00   0.270375E-01   0.166975E-01   0.823114E-02   0.358205E-02   0.415637E-02  -0.853733E+03   0.151540E+02   0.000000E+00  -0.868887E+03   0.173777E+04
   0.298881E+02  -0.626981E+00  -0.331411E+01   0.720807E+01   0.554552E+01   0.238414E+01  -0.305207E+01   0.190041E-01   0.170565E-01   0.475113E-02   0.394818E-02   0.604948E-02  -0.851098E+03   0.152402E+02   0.000000E+00  -0.866338E+03   0.173268E+04
   0.301440E+02   0.700736E+00  -0.523391E+01   0.701646E+01   0.109866E+02   0.332354E+01  -0.185234E+01   0.131983E-01   0.311028E-01   0.902287E-02   0.146769E-02   0.258319E-01  -0.851872E+03   0.116782E+02   0.000000E+00  -0.863550E+03   0.172710E+04
   0.301510E+02   0.863448E+00  -0.461239E+01   0.800361E+01   0.761728E+01   0.435743E+01  -0.329319E+01   0.430981E-02   0.243553E-02   0.682705E-02   0.731670E-02   0.323378E-01  -0.849974E+03   0.135290E+02   0.000000E+00  -0.863503E+03   0.172701E+04
   0.307870E+02   0.108942E+01  -0.670966E+01   0.682407E+01   0.100137E+02   0.640068E+01  -0.131580E+01   0.104899E-01   0.522322E-02   0.201203E-02   0.840348E-02   0.311817E-01  -0.850816E+03   0.137386E+02   0.000000E+00  -0.864555E+03   0.172911E+04
   0.307896E+02  -0.775040E+00  -0.433115E+01   0.983222E+01   0.891215E+01   0.217416E+01   0.302801E+01   0.775706E-02   0.522322E-02   0.522562E-02   0.121380E-02   0.656759E-03  -0.848864E+03   0.171887E+02   0.000000E+00  -0.866053E+03   0.173211E+04
   0.307896E+02  -0.775040E+00  -0.578364E+01   0.100687E+02   0.891215E+01   0.423326E+01   0.491643E+00   0.209119E-03   0.791516E-01   0.422778E-02   0.857541E-02   0.656759E-03  -0.855434E+03   0.915953E+01   0.000000E+00  -0.864594E+03   0.172919E+04
