X1_obs         X2_obs         X3_obs         X4_obs         X1_true        X2_true        X3_true        X4_true        Y1_obs         Y2_obs         Y3_obs         Y4_obs         Y5_obs         Y1_unbiased    Y2_unbiased    Y3_unbiased    Y4_unbiased    Y5_unbiased    Y1_sim         Y2_sim         Y3_sim         Y4_sim         Y5_sim         Y1_res         Y2_res         Y3_res         Y4_res         Y5_res         Y1_stdres      Y2_stdres      Y3_stdres      Y4_stdres      Y5_stdres      
   0.100000E+01   0.600000E+01   0.224165E+05   0.259230E+06   0.100000E+01   0.600000E+01   0.224165E+05   0.259230E+06   0.210445E+03  -0.999900E+04  -0.999900E+04  -0.999900E+04  -0.999900E+04   0.210445E+03  -0.999900E+04  -0.999900E+04  -0.999900E+04  -0.999900E+04   0.210699E+03   0.948303E+02   0.920854E+00   0.247815E+02   0.150000E+02  -0.253756E+00  -0.999900E+04  -0.999900E+04  -0.999900E+04  -0.999900E+04  -0.111280E+01  -0.999900E+04  -0.999900E+04  -0.999900E+04  -0.999900E+04
   0.100000E+01   0.600000E+01   0.225000E+05   0.259266E+06   0.100000E+01   0.600000E+01   0.225000E+05   0.259266E+06   0.210387E+03  -0.999900E+04  -0.999900E+04  -0.999900E+04  -0.999900E+04   0.210387E+03  -0.999900E+04  -0.999900E+04  -0.999900E+04  -0.999900E+04   0.210611E+03   0.948297E+02   0.894244E+00   0.247815E+02   0.150000E+02  -0.223882E+00  -0.999900E+04  -0.999900E+04  -0.999900E+04  -0.999900E+04  -0.981790E+00  -0.999900E+04  -0.999900E+04  -0.999900E+04  -0.999900E+04
   0.100000E+01   0.600000E+01   0.226247E+05   0.259301E+06   0.100000E+01   0.600000E+01   0.226247E+05   0.259301E+06   0.210300E+03  -0.999900E+04  -0.999900E+04  -0.999900E+04  -0.999900E+04   0.210300E+03  -0.999900E+04  -0.999900E+04  -0.999900E+04  -0.999900E+04   0.210466E+03   0.948272E+02   0.908914E+00   0.247815E+02   0.150000E+02  -0.166482E+00  -0.999900E+04  -0.999900E+04  -0.999900E+04  -0.999900E+04  -0.730073E+00  -0.999900E+04  -0.999900E+04  -0.999900E+04  -0.999900E+04
   0.100000E+01   0.600000E+01   0.227493E+05   0.259343E+06   0.100000E+01   0.600000E+01   0.227493E+05   0.259343E+06   0.210170E+03  -0.999900E+04  -0.999900E+04  -0.999900E+04  -0.999900E+04   0.210170E+03  -0.999900E+04  -0.999900E+04  -0.999900E+04  -0.999900E+04   0.210327E+03   0.948252E+02   0.898994E+00   0.247815E+02   0.150000E+02  -0.156631E+00  -0.999900E+04  -0.999900E+04  -0.999900E+04  -0.999900E+04  -0.686875E+00  -0.999900E+04  -0.999900E+04  -0.999900E+04  -0.999900E+04
   0.100000E+01   0.600000E+01   0.228740E+05   0.259376E+06   0.100000E+01   0.600000E+01   0.228740E+05   0.259376E+06   0.210028E+03  -0.999900E+04  -0.999900E+04  -0.999900E+04  -0.999900E+04   0.210028E+03  -0.999900E+04  -0.999900E+04  -0.999900E+04  -0.999900E+04   0.210186E+03   0.948228E+02   0.899678E+00   0.247815E+02   0.150000E+02  -0.158303E+00  -0.999900E+04  -0.999900E+04  -0.999900E+04  -0.999900E+04  -0.694208E+00  -0.999900E+04  -0.999900E+04  -0.999900E+04  -0.999900E+04
   0.100000E+01   0.600000E+01   0.230015E+05   0.259413E+06   0.100000E+01   0.600000E+01   0.230015E+05   0.259413E+06   0.209945E+03  -0.999900E+04  -0.999900E+04  -0.999900E+04  -0.999900E+04   0.209945E+03  -0.999900E+04  -0.999900E+04  -0.999900E+04  -0.999900E+04   0.210015E+03   0.948206E+02   0.980758E+00   0.247815E+02   0.150000E+02  -0.704971E-01  -0.999900E+04  -0.999900E+04  -0.999900E+04  -0.999900E+04  -0.309151E+00  -0.999900E+04  -0.999900E+04  -0.999900E+04  -0.999900E+04
   0.100000E+01   0.600000E+01   0.231290E+05   0.259441E+06   0.100000E+01   0.600000E+01   0.231290E+05   0.259441E+06   0.209865E+03  -0.999900E+04  -0.999900E+04  -0.999900E+04  -0.999900E+04   0.209865E+03  -0.999900E+04  -0.999900E+04  -0.999900E+04  -0.999900E+04   0.209834E+03   0.948180E+02   0.973593E+00   0.247815E+02   0.150000E+02   0.307071E-01  -0.999900E+04  -0.999900E+04  -0.999900E+04  -0.999900E+04   0.134660E+00  -0.999900E+04  -0.999900E+04  -0.999900E+04  -0.999900E+04
   0.100000E+01   0.600000E+01   0.232280E+05   0.259478E+06   0.100000E+01   0.600000E+01   0.232280E+05   0.259478E+06   0.209765E+03  -0.999900E+04  -0.999900E+04  -0.999900E+04  -0.999900E+04   0.209765E+03  -0.999900E+04  -0.999900E+04  -0.999900E+04  -0.999900E+04   0.209734E+03   0.948170E+02   0.880391E+00   0.247815E+02   0.150000E+02   0.313418E-01  -0.999900E+04  -0.999900E+04  -0.999900E+04  -0.999900E+04   0.137443E+00  -0.999900E+04  -0.999900E+04  -0.999900E+04  -0.999900E+04
   0.100000E+01   0.600000E+01   0.233225E+05   0.259498E+06   0.100000E+01   0.600000E+01   0.233225E+05   0.259498E+06   0.209775E+03  -0.999900E+04  -0.999900E+04  -0.999900E+04  -0.999900E+04   0.209775E+03  -0.999900E+04  -0.999900E+04  -0.999900E+04  -0.999900E+04   0.209619E+03   0.948156E+02   0.999631E+00   0.247815E+02   0.150000E+02   0.155700E+00  -0.999900E+04  -0.999900E+04  -0.999900E+04  -0.999900E+04   0.682790E+00  -0.999900E+04  -0.999900E+04  -0.999900E+04  -0.999900E+04
   0.100000E+01   0.600000E+01   0.234170E+05   0.259528E+06   0.100000E+01   0.600000E+01   0.234170E+05   0.259528E+06   0.209762E+03  -0.999900E+04  -0.999900E+04  -0.999900E+04  -0.999900E+04   0.209762E+03  -0.999900E+04  -0.999900E+04  -0.999900E+04  -0.999900E+04   0.209427E+03   0.948145E+02   0.110612E+01   0.247815E+02   0.150000E+02   0.335803E+00  -0.999900E+04  -0.999900E+04  -0.999900E+04  -0.999900E+04   0.147260E+01  -0.999900E+04  -0.999900E+04  -0.999900E+04  -0.999900E+04
   0.100000E+01   0.600000E+01   0.235177E+05   0.259556E+06   0.100000E+01   0.600000E+01   0.235177E+05   0.259556E+06   0.209648E+03  -0.999900E+04  -0.999900E+04  -0.999900E+04  -0.999900E+04   0.209648E+03  -0.999900E+04  -0.999900E+04  -0.999900E+04  -0.999900E+04   0.209182E+03   0.948128E+02   0.111230E+01   0.247815E+02   0.150000E+02   0.465070E+00  -0.999900E+04  -0.999900E+04  -0.999900E+04  -0.999900E+04   0.203947E+01  -0.999900E+04  -0.999900E+04  -0.999900E+04  -0.999900E+04
   0.100000E+01   0.600000E+01   0.236184E+05   0.259586E+06   0.100000E+01   0.600000E+01   0.236184E+05   0.259586E+06   0.209627E+03  -0.999900E+04  -0.999900E+04  -0.999900E+04  -0.999900E+04   0.209627E+03  -0.999900E+04  -0.999900E+04  -0.999900E+04  -0.999900E+04   0.208959E+03   0.948112E+02   0.110316E+01   0.247815E+02   0.150000E+02   0.668403E+00  -0.999900E+04  -0.999900E+04  -0.999900E+04  -0.999900E+04   0.293115E+01  -0.999900E+04  -0.999900E+04  -0.999900E+04  -0.999900E+04
   0.100000E+01   0.600000E+01   0.237191E+05   0.259629E+06   0.100000E+01   0.600000E+01   0.237191E+05   0.259629E+06   0.209375E+03  -0.999900E+04  -0.999900E+04  -0.999900E+04  -0.999900E+04   0.209375E+03  -0.999900E+04  -0.999900E+04  -0.999900E+04  -0.999900E+04   0.208765E+03   0.948101E+02   0.107589E+01   0.247815E+02   0.150000E+02   0.610229E+00  -0.999900E+04  -0.999900E+04  -0.999900E+04  -0.999900E+04   0.267604E+01  -0.999900E+04  -0.999900E+04  -0.999900E+04  -0.999900E+04
   0.100000E+01   0.600000E+01   0.238199E+05   0.259669E+06   0.100000E+01   0.600000E+01   0.238199E+05   0.259669E+06   0.208798E+03  -0.999900E+04  -0.999900E+04  -0.999900E+04  -0.999900E+04   0.208798E+03  -0.999900E+04  -0.999900E+04  -0.999900E+04  -0.999900E+04   0.208595E+03   0.948089E+02   0.104511E+01   0.247815E+02   0.150000E+02   0.202194E+00  -0.999900E+04  -0.999900E+04  -0.999900E+04  -0.999900E+04   0.886683E+00  -0.999900E+04  -0.999900E+04  -0.999900E+04  -0.999900E+04
   0.100000E+01   0.600000E+01   0.239206E+05   0.259694E+06   0.100000E+01   0.600000E+01   0.239206E+05   0.259694E+06   0.208480E+03  -0.999900E+04  -0.999900E+04  -0.999900E+04  -0.999900E+04   0.208480E+03  -0.999900E+04  -0.999900E+04  -0.999900E+04  -0.999900E+04   0.208444E+03   0.948069E+02   0.101988E+01   0.247815E+02   0.150000E+02   0.362413E-01  -0.999900E+04  -0.999900E+04  -0.999900E+04  -0.999900E+04   0.158929E+00  -0.999900E+04  -0.999900E+04  -0.999900E+04  -0.999900E+04
   0.100000E+01   0.600000E+01   0.240213E+05   0.259724E+06   0.100000E+01   0.600000E+01   0.240213E+05   0.259724E+06   0.208365E+03  -0.999900E+04  -0.999900E+04  -0.999900E+04  -0.999900E+04   0.208365E+03  -0.999900E+04  -0.999900E+04  -0.999900E+04  -0.999900E+04   0.208302E+03   0.948051E+02   0.100700E+01   0.247815E+02   0.150000E+02   0.633799E-01  -0.999900E+04  -0.999900E+04  -0.999900E+04  -0.999900E+04   0.277940E+00  -0.999900E+04  -0.999900E+04  -0.999900E+04  -0.999900E+04
   0.100000E+01   0.600000E+01   0.241220E+05   0.259767E+06   0.100000E+01   0.600000E+01   0.241220E+05   0.259767E+06   0.208083E+03  -0.999900E+04  -0.999900E+04  -0.999900E+04  -0.999900E+04   0.208083E+03  -0.999900E+04  -0.999900E+04  -0.999900E+04  -0.999900E+04   0.208159E+03   0.948037E+02   0.101333E+01   0.247815E+02   0.150000E+02  -0.768790E-01  -0.999900E+04  -0.999900E+04  -0.999900E+04  -0.999900E+04  -0.337138E+00  -0.999900E+04  -0.999900E+04  -0.999900E+04  -0.999900E+04
   0.100000E+01   0.600000E+01   0.242135E+05   0.259794E+06   0.100000E+01   0.600000E+01   0.242135E+05   0.259794E+06   0.207875E+03  -0.999900E+04  -0.999900E+04  -0.999900E+04  -0.999900E+04   0.207875E+03  -0.999900E+04  -0.999900E+04  -0.999900E+04  -0.999900E+04   0.208038E+03   0.948020E+02   0.102086E+01   0.247815E+02   0.150000E+02  -0.162931E+00  -0.999900E+04  -0.999900E+04  -0.999900E+04  -0.999900E+04  -0.714500E+00  -0.999900E+04  -0.999900E+04  -0.999900E+04  -0.999900E+04
   0.100000E+01   0.600000E+01   0.243050E+05   0.259832E+06   0.100000E+01   0.600000E+01   0.243050E+05   0.259832E+06   0.207657E+03  -0.999900E+04  -0.999900E+04  -0.999900E+04  -0.999900E+04   0.207657E+03  -0.999900E+04  -0.999900E+04  -0.999900E+04  -0.999900E+04   0.207897E+03   0.948010E+02   0.110155E+01   0.247815E+02   0.150000E+02  -0.239136E+00  -0.999900E+04  -0.999900E+04  -0.999900E+04  -0.999900E+04  -0.104868E+01  -0.999900E+04  -0.999900E+04  -0.999900E+04  -0.999900E+04
   0.100000E+01   0.600000E+01   0.244303E+05   0.259864E+06   0.100000E+01   0.600000E+01   0.244303E+05   0.259864E+06   0.207577E+03  -0.999900E+04  -0.999900E+04  -0.999900E+04  -0.999900E+04   0.207577E+03  -0.999900E+04  -0.999900E+04  -0.999900E+04  -0.999900E+04   0.207676E+03   0.947990E+02   0.116268E+01   0.247815E+02   0.150000E+02  -0.981378E-01  -0.999900E+04  -0.999900E+04  -0.999900E+04  -0.999900E+04  -0.430364E+00  -0.999900E+04  -0.999900E+04  -0.999900E+04  -0.999900E+04
   0.100000E+01   0.600000E+01   0.245557E+05   0.259917E+06   0.100000E+01   0.600000E+01   0.245557E+05   0.259917E+06   0.207485E+03  -0.999900E+04  -0.999900E+04  -0.999900E+04  -0.999900E+04   0.207485E+03  -0.999900E+04  -0.999900E+04  -0.999900E+04  -0.999900E+04   0.207479E+03   0.947982E+02   0.109476E+01   0.247815E+02   0.150000E+02   0.637871E-02  -0.999900E+04  -0.999900E+04  -0.999900E+04  -0.999900E+04   0.279726E-01  -0.999900E+04  -0.999900E+04  -0.999900E+04  -0.999900E+04
   0.100000E+01   0.600000E+01   0.246810E+05   0.259954E+06   0.100000E+01   0.600000E+01   0.246810E+05   0.259954E+06   0.207370E+03  -0.999900E+04  -0.999900E+04  -0.999900E+04  -0.999900E+04   0.207370E+03  -0.999900E+04  -0.999900E+04  -0.999900E+04  -0.999900E+04   0.207309E+03   0.947962E+02   0.991362E+00   0.247815E+02   0.150000E+02   0.607485E-01  -0.999900E+04  -0.999900E+04  -0.999900E+04  -0.999900E+04   0.266400E+00  -0.999900E+04  -0.999900E+04  -0.999900E+04  -0.999900E+04
   0.100000E+01   0.600000E+01   0.247962E+05   0.259985E+06   0.100000E+01   0.600000E+01   0.247962E+05   0.259985E+06   0.207255E+03  -0.999900E+04  -0.999900E+04  -0.999900E+04  -0.999900E+04   0.207255E+03  -0.999900E+04  -0.999900E+04  -0.999900E+04  -0.999900E+04   0.207159E+03   0.947940E+02   0.998725E+00   0.247815E+02   0.150000E+02   0.958566E-01  -0.999900E+04  -0.999900E+04  -0.999900E+04  -0.999900E+04   0.420360E+00  -0.999900E+04  -0.999900E+04  -0.999900E+04  -0.999900E+04
   0.100000E+01   0.600000E+01   0.249115E+05   0.260020E+06   0.100000E+01   0.600000E+01   0.249115E+05   0.260020E+06   0.207100E+03  -0.999900E+04  -0.999900E+04  -0.999900E+04  -0.999900E+04   0.207100E+03  -0.999900E+04  -0.999900E+04  -0.999900E+04  -0.999900E+04   0.207027E+03   0.947921E+02   0.961862E+00   0.247815E+02   0.150000E+02   0.725515E-01  -0.999900E+04  -0.999900E+04  -0.999900E+04  -0.999900E+04   0.318160E+00  -0.999900E+04  -0.999900E+04  -0.999900E+04  -0.999900E+04
   0.100000E+01   0.600000E+01   0.250268E+05   0.260050E+06   0.100000E+01   0.600000E+01   0.250268E+05   0.260050E+06   0.206975E+03  -0.999900E+04  -0.999900E+04  -0.999900E+04  -0.999900E+04   0.206975E+03  -0.999900E+04  -0.999900E+04  -0.999900E+04  -0.999900E+04   0.206925E+03   0.947897E+02   0.852759E+00   0.247815E+02   0.150000E+02   0.498100E-01  -0.999900E+04  -0.999900E+04  -0.999900E+04  -0.999900E+04   0.218432E+00  -0.999900E+04  -0.999900E+04  -0.999900E+04  -0.999900E+04
   0.100000E+01   0.600000E+01   0.251420E+05   0.260085E+06   0.100000E+01   0.600000E+01   0.251420E+05   0.260085E+06   0.206768E+03  -0.999900E+04  -0.999900E+04  -0.999900E+04  -0.999900E+04   0.206768E+03  -0.999900E+04  -0.999900E+04  -0.999900E+04  -0.999900E+04   0.206867E+03   0.947871E+02   0.662741E+00   0.247815E+02   0.150000E+02  -0.992084E-01  -0.999900E+04  -0.999900E+04  -0.999900E+04  -0.999900E+04  -0.435059E+00  -0.999900E+04  -0.999900E+04  -0.999900E+04  -0.999900E+04
   0.100000E+01   0.600000E+01   0.252457E+05   0.260115E+06   0.100000E+01   0.600000E+01   0.252457E+05   0.260115E+06   0.206748E+03  -0.999900E+04  -0.999900E+04  -0.999900E+04  -0.999900E+04   0.206748E+03  -0.999900E+04  -0.999900E+04  -0.999900E+04  -0.999900E+04   0.206811E+03   0.947846E+02   0.718081E+00   0.247815E+02   0.150000E+02  -0.638159E-01  -0.999900E+04  -0.999900E+04  -0.999900E+04  -0.999900E+04  -0.279852E+00  -0.999900E+04  -0.999900E+04  -0.999900E+04  -0.999900E+04
   0.100000E+01   0.600000E+01   0.253493E+05   0.260145E+06   0.100000E+01   0.600000E+01   0.253493E+05   0.260145E+06   0.206670E+03  -0.999900E+04  -0.999900E+04  -0.999900E+04  -0.999900E+04   0.206670E+03  -0.999900E+04  -0.999900E+04  -0.999900E+04  -0.999900E+04   0.206745E+03   0.947823E+02   0.774886E+00   0.247815E+02   0.150000E+02  -0.746384E-01  -0.999900E+04  -0.999900E+04  -0.999900E+04  -0.999900E+04  -0.327312E+00  -0.999900E+04  -0.999900E+04  -0.999900E+04  -0.999900E+04
   0.100000E+01   0.600000E+01   0.254530E+05   0.260178E+06   0.100000E+01   0.600000E+01   0.254530E+05   0.260178E+06   0.206610E+03  -0.999900E+04  -0.999900E+04  -0.999900E+04  -0.999900E+04   0.206610E+03  -0.999900E+04  -0.999900E+04  -0.999900E+04  -0.999900E+04   0.206665E+03   0.947804E+02   0.828823E+00   0.247815E+02   0.150000E+02  -0.550154E-01  -0.999900E+04  -0.999900E+04  -0.999900E+04  -0.999900E+04  -0.241259E+00  -0.999900E+04  -0.999900E+04  -0.999900E+04  -0.999900E+04
   0.100000E+01   0.600000E+01   0.255567E+05   0.260220E+06   0.100000E+01   0.600000E+01   0.255567E+05   0.260220E+06   0.206482E+03  -0.999900E+04  -0.999900E+04  -0.999900E+04  -0.999900E+04   0.206482E+03  -0.999900E+04  -0.999900E+04  -0.999900E+04  -0.999900E+04   0.206572E+03   0.947791E+02   0.873926E+00   0.247815E+02   0.150000E+02  -0.891370E-01  -0.999900E+04  -0.999900E+04  -0.999900E+04  -0.999900E+04  -0.390892E+00  -0.999900E+04  -0.999900E+04  -0.999900E+04  -0.999900E+04
   0.100000E+01   0.600000E+01   0.256603E+05   0.260244E+06   0.100000E+01   0.600000E+01   0.256603E+05   0.260244E+06   0.206343E+03  -0.999900E+04  -0.999900E+04  -0.999900E+04  -0.999900E+04   0.206343E+03  -0.999900E+04  -0.999900E+04  -0.999900E+04  -0.999900E+04   0.206465E+03   0.947769E+02   0.907639E+00   0.247815E+02   0.150000E+02  -0.122151E+00  -0.999900E+04  -0.999900E+04  -0.999900E+04  -0.999900E+04  -0.535668E+00  -0.999900E+04  -0.999900E+04  -0.999900E+04  -0.999900E+04
   0.100000E+01   0.600000E+01   0.257640E+05   0.260286E+06   0.100000E+01   0.600000E+01   0.257640E+05   0.260286E+06   0.206183E+03  -0.999900E+04  -0.999900E+04  -0.999900E+04  -0.999900E+04   0.206183E+03  -0.999900E+04  -0.999900E+04  -0.999900E+04  -0.999900E+04   0.206344E+03   0.947755E+02   0.931438E+00   0.247815E+02   0.150000E+02  -0.161362E+00  -0.999900E+04  -0.999900E+04  -0.999900E+04  -0.999900E+04  -0.707621E+00  -0.999900E+04  -0.999900E+04  -0.999900E+04  -0.999900E+04
   0.100000E+01   0.600000E+01   0.258682E+05   0.260334E+06   0.100000E+01   0.600000E+01   0.258682E+05   0.260334E+06   0.206070E+03  -0.999900E+04  -0.999900E+04  -0.999900E+04  -0.999900E+04   0.206070E+03  -0.999900E+04  -0.999900E+04  -0.999900E+04  -0.999900E+04   0.206221E+03   0.947744E+02   0.925930E+00   0.247815E+02   0.150000E+02  -0.150922E+00  -0.999900E+04  -0.999900E+04  -0.999900E+04  -0.999900E+04  -0.661839E+00  -0.999900E+04  -0.999900E+04  -0.999900E+04  -0.999900E+04
   0.100000E+01   0.600000E+01   0.259724E+05   0.260381E+06   0.100000E+01   0.600000E+01   0.259724E+05   0.260381E+06   0.205903E+03  -0.999900E+04  -0.999900E+04  -0.999900E+04  -0.999900E+04   0.205903E+03  -0.999900E+04  -0.999900E+04  -0.999900E+04  -0.999900E+04   0.206106E+03   0.947732E+02   0.915845E+00   0.247815E+02   0.150000E+02  -0.203145E+00  -0.999900E+04  -0.999900E+04  -0.999900E+04  -0.999900E+04  -0.890850E+00  -0.999900E+04  -0.999900E+04  -0.999900E+04  -0.999900E+04
   0.100000E+01   0.600000E+01   0.260766E+05   0.260406E+06   0.100000E+01   0.600000E+01   0.260766E+05   0.260406E+06   0.205882E+03  -0.999900E+04  -0.999900E+04  -0.999900E+04  -0.999900E+04   0.205882E+03  -0.999900E+04  -0.999900E+04  -0.999900E+04  -0.999900E+04   0.205999E+03   0.947711E+02   0.900830E+00   0.247815E+02   0.150000E+02  -0.116785E+00  -0.999900E+04  -0.999900E+04  -0.999900E+04  -0.999900E+04  -0.512138E+00  -0.999900E+04  -0.999900E+04  -0.999900E+04  -0.999900E+04
   0.100000E+01   0.600000E+01   0.261808E+05   0.260439E+06   0.100000E+01   0.600000E+01   0.261808E+05   0.260439E+06   0.205805E+03  -0.999900E+04  -0.999900E+04  -0.999900E+04  -0.999900E+04   0.205805E+03  -0.999900E+04  -0.999900E+04  -0.999900E+04  -0.999900E+04   0.205903E+03   0.947694E+02   0.880974E+00   0.247815E+02   0.150000E+02  -0.977401E-01  -0.999900E+04  -0.999900E+04  -0.999900E+04  -0.999900E+04  -0.428620E+00  -0.999900E+04  -0.999900E+04  -0.999900E+04  -0.999900E+04
   0.100000E+01   0.600000E+01   0.262850E+05   0.260471E+06   0.100000E+01   0.600000E+01   0.262850E+05   0.260471E+06   0.205762E+03  -0.999900E+04  -0.999900E+04  -0.999900E+04  -0.999900E+04   0.205762E+03  -0.999900E+04  -0.999900E+04  -0.999900E+04  -0.999900E+04   0.205817E+03   0.947679E+02   0.856632E+00   0.247815E+02   0.150000E+02  -0.540841E-01  -0.999900E+04  -0.999900E+04  -0.999900E+04  -0.999900E+04  -0.237175E+00  -0.999900E+04  -0.999900E+04  -0.999900E+04  -0.999900E+04
   0.100000E+01   0.600000E+01   0.264097E+05   0.260516E+06   0.100000E+01   0.600000E+01   0.264097E+05   0.260516E+06   0.205708E+03  -0.999900E+04  -0.999900E+04  -0.999900E+04  -0.999900E+04   0.205708E+03  -0.999900E+04  -0.999900E+04  -0.999900E+04  -0.999900E+04   0.205711E+03   0.947664E+02   0.861433E+00   0.247815E+02   0.150000E+02  -0.390310E-02  -0.999900E+04  -0.999900E+04  -0.999900E+04  -0.999900E+04  -0.171163E-01  -0.999900E+04  -0.999900E+04  -0.999900E+04  -0.999900E+04
   0.100000E+01   0.600000E+01   0.265343E+05   0.260551E+06   0.100000E+01   0.600000E+01   0.265343E+05   0.260551E+06   0.205635E+03  -0.999900E+04  -0.999900E+04  -0.999900E+04  -0.999900E+04   0.205635E+03  -0.999900E+04  -0.999900E+04  -0.999900E+04  -0.999900E+04   0.205581E+03   0.947643E+02   0.903932E+00   0.247815E+02   0.150000E+02   0.542006E-01  -0.999900E+04  -0.999900E+04  -0.999900E+04  -0.999900E+04   0.237686E+00  -0.999900E+04  -0.999900E+04  -0.999900E+04  -0.999900E+04
   0.100000E+01   0.600000E+01   0.266590E+05   0.260590E+06   0.100000E+01   0.600000E+01   0.266590E+05   0.260590E+06   0.205213E+03  -0.999900E+04  -0.999900E+04  -0.999900E+04  -0.999900E+04   0.205213E+03  -0.999900E+04  -0.999900E+04  -0.999900E+04  -0.999900E+04   0.205345E+03   0.947619E+02   0.110596E+01   0.247815E+02   0.150000E+02  -0.132314E+00  -0.999900E+04  -0.999900E+04  -0.999900E+04  -0.999900E+04  -0.580238E+00  -0.999900E+04  -0.999900E+04  -0.999900E+04  -0.999900E+04
   0.100000E+01   0.600000E+01   0.267782E+05   0.260632E+06   0.100000E+01   0.600000E+01   0.267782E+05   0.260632E+06   0.205107E+03  -0.999900E+04  -0.999900E+04  -0.999900E+04  -0.999900E+04   0.205107E+03  -0.999900E+04  -0.999900E+04  -0.999900E+04  -0.999900E+04   0.205119E+03   0.947590E+02   0.997525E+00   0.247815E+02   0.150000E+02  -0.115238E-01  -0.999900E+04  -0.999900E+04  -0.999900E+04  -0.999900E+04  -0.505355E-01  -0.999900E+04  -0.999900E+04  -0.999900E+04  -0.999900E+04
   0.100000E+01   0.600000E+01   0.268975E+05   0.260677E+06   0.100000E+01   0.600000E+01   0.268975E+05   0.260677E+06   0.204940E+03  -0.999900E+04  -0.999900E+04  -0.999900E+04  -0.999900E+04   0.204940E+03  -0.999900E+04  -0.999900E+04  -0.999900E+04  -0.999900E+04   0.205002E+03   0.947557E+02   0.820876E+00   0.247815E+02   0.150000E+02  -0.615212E-01  -0.999900E+04  -0.999900E+04  -0.999900E+04  -0.999900E+04  -0.269789E+00  -0.999900E+04  -0.999900E+04  -0.999900E+04  -0.999900E+04
   0.100000E+01   0.600000E+01   0.270168E+05   0.260707E+06   0.100000E+01   0.600000E+01   0.270168E+05   0.260707E+06   0.204893E+03  -0.999900E+04  -0.999900E+04  -0.999900E+04  -0.999900E+04   0.204893E+03  -0.999900E+04  -0.999900E+04  -0.999900E+04  -0.999900E+04   0.204947E+03   0.947519E+02   0.687852E+00   0.247815E+02   0.150000E+02  -0.543576E-01  -0.999900E+04  -0.999900E+04  -0.999900E+04  -0.999900E+04  -0.238374E+00  -0.999900E+04  -0.999900E+04  -0.999900E+04  -0.999900E+04
   0.100000E+01   0.600000E+01   0.271360E+05   0.260750E+06   0.100000E+01   0.600000E+01   0.271360E+05   0.260750E+06   0.204850E+03  -0.999900E+04  -0.999900E+04  -0.999900E+04  -0.999900E+04   0.204850E+03  -0.999900E+04  -0.999900E+04  -0.999900E+04  -0.999900E+04   0.204916E+03   0.947487E+02   0.596659E+00   0.247815E+02   0.150000E+02  -0.660500E-01  -0.999900E+04  -0.999900E+04  -0.999900E+04  -0.999900E+04  -0.289649E+00  -0.999900E+04  -0.999900E+04  -0.999900E+04  -0.999900E+04
   0.100000E+01   0.600000E+01   0.272825E+05   0.260795E+06   0.100000E+01   0.600000E+01   0.272825E+05   0.260795E+06   0.204835E+03  -0.999900E+04  -0.999900E+04  -0.999900E+04  -0.999900E+04   0.204835E+03  -0.999900E+04  -0.999900E+04  -0.999900E+04  -0.999900E+04   0.204871E+03   0.947441E+02   0.635771E+00   0.247815E+02   0.150000E+02  -0.362589E-01  -0.999900E+04  -0.999900E+04  -0.999900E+04  -0.999900E+04  -0.159006E+00  -0.999900E+04  -0.999900E+04  -0.999900E+04  -0.999900E+04
   0.100000E+01   0.600000E+01   0.274290E+05   0.260851E+06   0.100000E+01   0.600000E+01   0.274290E+05   0.260851E+06   0.204620E+03  -0.999900E+04  -0.999900E+04  -0.999900E+04  -0.999900E+04   0.204620E+03  -0.999900E+04  -0.999900E+04  -0.999900E+04  -0.999900E+04   0.204638E+03   0.947403E+02   0.119313E+01   0.247815E+02   0.150000E+02  -0.181993E-01  -0.999900E+04  -0.999900E+04  -0.999900E+04  -0.999900E+04  -0.798092E-01  -0.999900E+04  -0.999900E+04  -0.999900E+04  -0.999900E+04
   0.100000E+01   0.600000E+01   0.275617E+05   0.260888E+06   0.100000E+01   0.600000E+01   0.275617E+05   0.260888E+06   0.204450E+03  -0.999900E+04  -0.999900E+04  -0.999900E+04  -0.999900E+04   0.204450E+03  -0.999900E+04  -0.999900E+04  -0.999900E+04  -0.999900E+04   0.204203E+03   0.947376E+02   0.125599E+01   0.247815E+02   0.150000E+02   0.246784E+00  -0.999900E+04  -0.999900E+04  -0.999900E+04  -0.999900E+04   0.108222E+01  -0.999900E+04  -0.999900E+04  -0.999900E+04  -0.999900E+04
   0.100000E+01   0.600000E+01   0.276943E+05   0.260926E+06   0.100000E+01   0.600000E+01   0.276943E+05   0.260926E+06   0.203840E+03  -0.999900E+04  -0.999900E+04  -0.999900E+04  -0.999900E+04   0.203840E+03  -0.999900E+04  -0.999900E+04  -0.999900E+04  -0.999900E+04   0.203785E+03   0.947357E+02   0.129222E+01   0.247815E+02   0.150000E+02   0.554194E-01  -0.999900E+04  -0.999900E+04  -0.999900E+04  -0.999900E+04   0.243031E+00  -0.999900E+04  -0.999900E+04  -0.999900E+04  -0.999900E+04
   0.100000E+01   0.600000E+01   0.278270E+05   0.260958E+06   0.100000E+01   0.600000E+01   0.278270E+05   0.260958E+06   0.203390E+03  -0.999900E+04  -0.999900E+04  -0.999900E+04  -0.999900E+04   0.203390E+03  -0.999900E+04  -0.999900E+04  -0.999900E+04  -0.999900E+04   0.203466E+03   0.947337E+02   0.123648E+01   0.247815E+02   0.150000E+02  -0.763373E-01  -0.999900E+04  -0.999900E+04  -0.999900E+04  -0.999900E+04  -0.334762E+00  -0.999900E+04  -0.999900E+04  -0.999900E+04  -0.999900E+04
   0.100000E+01   0.600000E+01   0.279570E+05   0.261001E+06   0.100000E+01   0.600000E+01   0.279570E+05   0.261001E+06   0.203197E+03  -0.999900E+04  -0.999900E+04  -0.999900E+04  -0.999900E+04   0.203197E+03  -0.999900E+04  -0.999900E+04  -0.999900E+04  -0.999900E+04   0.203269E+03   0.947319E+02   0.103039E+01   0.247815E+02   0.150000E+02  -0.710704E-01  -0.999900E+04  -0.999900E+04  -0.999900E+04  -0.999900E+04  -0.311665E+00  -0.999900E+04  -0.999900E+04  -0.999900E+04  -0.999900E+04
   0.100000E+01   0.600000E+01   0.281160E+05   0.261061E+06   0.100000E+01   0.600000E+01   0.281160E+05   0.261061E+06   0.203002E+03  -0.999900E+04  -0.999900E+04  -0.999900E+04  -0.999900E+04   0.203002E+03  -0.999900E+04  -0.999900E+04  -0.999900E+04  -0.999900E+04   0.203210E+03   0.947296E+02   0.555590E+00   0.247815E+02   0.150000E+02  -0.207670E+00  -0.999900E+04  -0.999900E+04  -0.999900E+04  -0.999900E+04  -0.910697E+00  -0.999900E+04  -0.999900E+04  -0.999900E+04  -0.999900E+04
   0.100000E+01   0.600000E+01   0.282232E+05   0.261106E+06   0.100000E+01   0.600000E+01   0.282232E+05   0.261106E+06   0.202920E+03  -0.999900E+04  -0.999900E+04  -0.999900E+04  -0.999900E+04   0.202920E+03  -0.999900E+04  -0.999900E+04  -0.999900E+04  -0.999900E+04   0.203191E+03   0.947282E+02   0.548210E+00   0.247815E+02   0.150000E+02  -0.271373E+00  -0.999900E+04  -0.999900E+04  -0.999900E+04  -0.999900E+04  -0.119005E+01  -0.999900E+04  -0.999900E+04  -0.999900E+04  -0.999900E+04
   0.100000E+01   0.600000E+01   0.283305E+05   0.261138E+06   0.100000E+01   0.600000E+01   0.283305E+05   0.261138E+06   0.202895E+03  -0.999900E+04  -0.999900E+04  -0.999900E+04  -0.999900E+04   0.202895E+03  -0.999900E+04  -0.999900E+04  -0.999900E+04  -0.999900E+04   0.203172E+03   0.947261E+02   0.544353E+00   0.247815E+02   0.150000E+02  -0.276763E+00  -0.999900E+04  -0.999900E+04  -0.999900E+04  -0.999900E+04  -0.121369E+01  -0.999900E+04  -0.999900E+04  -0.999900E+04  -0.999900E+04
   0.100000E+01   0.600000E+01   0.284378E+05   0.261161E+06   0.100000E+01   0.600000E+01   0.284378E+05   0.261161E+06   0.202873E+03  -0.999900E+04  -0.999900E+04  -0.999900E+04  -0.999900E+04   0.202873E+03  -0.999900E+04  -0.999900E+04  -0.999900E+04  -0.999900E+04   0.203151E+03   0.947234E+02   0.543933E+00   0.247815E+02   0.150000E+02  -0.278395E+00  -0.999900E+04  -0.999900E+04  -0.999900E+04  -0.999900E+04  -0.122084E+01  -0.999900E+04  -0.999900E+04  -0.999900E+04  -0.999900E+04
   0.100000E+01   0.600000E+01   0.285450E+05   0.261193E+06   0.100000E+01   0.600000E+01   0.285450E+05   0.261193E+06   0.202808E+03  -0.999900E+04  -0.999900E+04  -0.999900E+04  -0.999900E+04   0.202808E+03  -0.999900E+04  -0.999900E+04  -0.999900E+04  -0.999900E+04   0.203128E+03   0.947211E+02   0.547107E+00   0.247815E+02   0.150000E+02  -0.320747E+00  -0.999900E+04  -0.999900E+04  -0.999900E+04  -0.999900E+04  -0.140657E+01  -0.999900E+04  -0.999900E+04  -0.999900E+04  -0.999900E+04
   0.100000E+01   0.600000E+01   0.286522E+05   0.261233E+06   0.100000E+01   0.600000E+01   0.286522E+05   0.261233E+06   0.202750E+03  -0.999900E+04  -0.999900E+04  -0.999900E+04  -0.999900E+04   0.202750E+03  -0.999900E+04  -0.999900E+04  -0.999900E+04  -0.999900E+04   0.203103E+03   0.947189E+02   0.554225E+00   0.247815E+02   0.150000E+02  -0.353116E+00  -0.999900E+04  -0.999900E+04  -0.999900E+04  -0.999900E+04  -0.154852E+01  -0.999900E+04  -0.999900E+04  -0.999900E+04  -0.999900E+04
   0.100000E+01   0.600000E+01   0.287595E+05   0.261256E+06   0.100000E+01   0.600000E+01   0.287595E+05   0.261256E+06   0.202720E+03  -0.999900E+04  -0.999900E+04  -0.999900E+04  -0.999900E+04   0.202720E+03  -0.999900E+04  -0.999900E+04  -0.999900E+04  -0.999900E+04   0.203075E+03   0.947159E+02   0.566020E+00   0.247815E+02   0.150000E+02  -0.354545E+00  -0.999900E+04  -0.999900E+04  -0.999900E+04  -0.999900E+04  -0.155479E+01  -0.999900E+04  -0.999900E+04  -0.999900E+04  -0.999900E+04
   0.100000E+01   0.600000E+01   0.288668E+05   0.261298E+06   0.100000E+01   0.600000E+01   0.288668E+05   0.261298E+06   0.202662E+03  -0.999900E+04  -0.999900E+04  -0.999900E+04  -0.999900E+04   0.202662E+03  -0.999900E+04  -0.999900E+04  -0.999900E+04  -0.999900E+04   0.203041E+03   0.947137E+02   0.583957E+00   0.247815E+02   0.150000E+02  -0.378568E+00  -0.999900E+04  -0.999900E+04  -0.999900E+04  -0.999900E+04  -0.166014E+01  -0.999900E+04  -0.999900E+04  -0.999900E+04  -0.999900E+04
   0.100000E+01   0.600000E+01   0.289740E+05   0.261329E+06   0.100000E+01   0.600000E+01   0.289740E+05   0.261329E+06   0.202560E+03  -0.999900E+04  -0.999900E+04  -0.999900E+04  -0.999900E+04   0.202560E+03  -0.999900E+04  -0.999900E+04  -0.999900E+04  -0.999900E+04   0.203000E+03   0.947108E+02   0.610477E+00   0.247815E+02   0.150000E+02  -0.440102E+00  -0.999900E+04  -0.999900E+04  -0.999900E+04  -0.999900E+04  -0.192998E+01  -0.999900E+04  -0.999900E+04  -0.999900E+04  -0.999900E+04
   0.100000E+01   0.600000E+01   0.291210E+05   0.261377E+06   0.100000E+01   0.600000E+01   0.291210E+05   0.261377E+06   0.202360E+03  -0.999900E+04  -0.999900E+04  -0.999900E+04  -0.999900E+04   0.202360E+03  -0.999900E+04  -0.999900E+04  -0.999900E+04  -0.999900E+04   0.202696E+03   0.947087E+02   0.153330E+01   0.247815E+02   0.150000E+02  -0.335632E+00  -0.999900E+04  -0.999900E+04  -0.999900E+04  -0.999900E+04  -0.147185E+01  -0.999900E+04  -0.999900E+04  -0.999900E+04  -0.999900E+04
   0.100000E+01   0.600000E+01   0.292035E+05   0.261397E+06   0.100000E+01   0.600000E+01   0.292035E+05   0.261397E+06   0.202298E+03  -0.999900E+04  -0.999900E+04  -0.999900E+04  -0.999900E+04   0.202298E+03  -0.999900E+04  -0.999900E+04  -0.999900E+04  -0.999900E+04   0.202248E+03   0.947080E+02   0.163516E+01   0.247815E+02   0.150000E+02   0.498404E-01  -0.999900E+04  -0.999900E+04  -0.999900E+04  -0.999900E+04   0.218565E+00  -0.999900E+04  -0.999900E+04  -0.999900E+04  -0.999900E+04
   0.100000E+01   0.600000E+01   0.292860E+05   0.261424E+06   0.100000E+01   0.600000E+01   0.292860E+05   0.261424E+06   0.202225E+03  -0.999900E+04  -0.999900E+04  -0.999900E+04  -0.999900E+04   0.202225E+03  -0.999900E+04  -0.999900E+04  -0.999900E+04  -0.999900E+04   0.201921E+03   0.947072E+02   0.126920E+01   0.247815E+02   0.150000E+02   0.303748E+00  -0.999900E+04  -0.999900E+04  -0.999900E+04  -0.999900E+04   0.133203E+01  -0.999900E+04  -0.999900E+04  -0.999900E+04  -0.999900E+04
   0.100000E+01   0.600000E+01   0.293878E+05   0.261467E+06   0.100000E+01   0.600000E+01   0.293878E+05   0.261467E+06   0.202077E+03  -0.999900E+04  -0.999900E+04  -0.999900E+04  -0.999900E+04   0.202077E+03  -0.999900E+04  -0.999900E+04  -0.999900E+04  -0.999900E+04   0.201571E+03   0.947061E+02   0.134284E+01   0.247815E+02   0.150000E+02   0.506509E+00  -0.999900E+04  -0.999900E+04  -0.999900E+04  -0.999900E+04   0.222119E+01  -0.999900E+04  -0.999900E+04  -0.999900E+04  -0.999900E+04
   0.100000E+01   0.600000E+01   0.294895E+05   0.261489E+06   0.100000E+01   0.600000E+01   0.294895E+05   0.261489E+06   0.201657E+03  -0.999900E+04  -0.999900E+04  -0.999900E+04  -0.999900E+04   0.201657E+03  -0.999900E+04  -0.999900E+04  -0.999900E+04  -0.999900E+04   0.201263E+03   0.947040E+02   0.131551E+01   0.247815E+02   0.150000E+02   0.394123E+00  -0.999900E+04  -0.999900E+04  -0.999900E+04  -0.999900E+04   0.172835E+01  -0.999900E+04  -0.999900E+04  -0.999900E+04  -0.999900E+04
   0.100000E+01   0.600000E+01   0.295912E+05   0.261519E+06   0.100000E+01   0.600000E+01   0.295912E+05   0.261519E+06   0.201120E+03  -0.999900E+04  -0.999900E+04  -0.999900E+04  -0.999900E+04   0.201120E+03  -0.999900E+04  -0.999900E+04  -0.999900E+04  -0.999900E+04   0.201061E+03   0.947021E+02   0.115979E+01   0.247815E+02   0.150000E+02   0.590366E-01  -0.999900E+04  -0.999900E+04  -0.999900E+04  -0.999900E+04   0.258893E+00  -0.999900E+04  -0.999900E+04  -0.999900E+04  -0.999900E+04
   0.100000E+01   0.600000E+01   0.296930E+05   0.261552E+06   0.100000E+01   0.600000E+01   0.296930E+05   0.261552E+06   0.201110E+03  -0.999900E+04  -0.999900E+04  -0.999900E+04  -0.999900E+04   0.201110E+03  -0.999900E+04  -0.999900E+04  -0.999900E+04  -0.999900E+04   0.200956E+03   0.947005E+02   0.967448E+00   0.247815E+02   0.150000E+02   0.154228E+00  -0.999900E+04  -0.999900E+04  -0.999900E+04  -0.999900E+04   0.676336E+00  -0.999900E+04  -0.999900E+04  -0.999900E+04  -0.999900E+04
   0.100000E+01   0.600000E+01   0.298063E+05   0.261592E+06   0.100000E+01   0.600000E+01   0.298063E+05   0.261592E+06   0.201020E+03  -0.999900E+04  -0.999900E+04  -0.999900E+04  -0.999900E+04   0.201020E+03  -0.999900E+04  -0.999900E+04  -0.999900E+04  -0.999900E+04   0.200860E+03   0.946990E+02   0.949322E+00   0.247815E+02   0.150000E+02   0.159560E+00  -0.999900E+04  -0.999900E+04  -0.999900E+04  -0.999900E+04   0.699720E+00  -0.999900E+04  -0.999900E+04  -0.999900E+04  -0.999900E+04
   0.100000E+01   0.600000E+01   0.299197E+05   0.261617E+06   0.100000E+01   0.600000E+01   0.299197E+05   0.261617E+06   0.200820E+03  -0.999900E+04  -0.999900E+04  -0.999900E+04  -0.999900E+04   0.200820E+03  -0.999900E+04  -0.999900E+04  -0.999900E+04  -0.999900E+04   0.200758E+03   0.946969E+02   0.966356E+00   0.247815E+02   0.150000E+02   0.619665E-01  -0.999900E+04  -0.999900E+04  -0.999900E+04  -0.999900E+04   0.271742E+00  -0.999900E+04  -0.999900E+04  -0.999900E+04  -0.999900E+04
   0.100000E+01   0.600000E+01   0.300330E+05   0.261659E+06   0.100000E+01   0.600000E+01   0.300330E+05   0.261659E+06   0.200700E+03  -0.999900E+04  -0.999900E+04  -0.999900E+04  -0.999900E+04   0.200700E+03  -0.999900E+04  -0.999900E+04  -0.999900E+04  -0.999900E+04   0.200631E+03   0.946956E+02   0.103434E+01   0.247815E+02   0.150000E+02   0.687504E-01  -0.999900E+04  -0.999900E+04  -0.999900E+04  -0.999900E+04   0.301491E+00  -0.999900E+04  -0.999900E+04  -0.999900E+04  -0.999900E+04
   0.100000E+01   0.600000E+01   0.301240E+05   0.261688E+06   0.100000E+01   0.600000E+01   0.301240E+05   0.261688E+06   0.200623E+03  -0.999900E+04  -0.999900E+04  -0.999900E+04  -0.999900E+04   0.200623E+03  -0.999900E+04  -0.999900E+04  -0.999900E+04  -0.999900E+04   0.200530E+03   0.946944E+02   0.100908E+01   0.247815E+02   0.150000E+02   0.929384E-01  -0.999900E+04  -0.999900E+04  -0.999900E+04  -0.999900E+04   0.407563E+00  -0.999900E+04  -0.999900E+04  -0.999900E+04  -0.999900E+04
   0.100000E+01   0.600000E+01   0.302150E+05   0.261708E+06   0.100000E+01   0.600000E+01   0.302150E+05   0.261708E+06   0.200623E+03  -0.999900E+04  -0.999900E+04  -0.999900E+04  -0.999900E+04   0.200623E+03  -0.999900E+04  -0.999900E+04  -0.999900E+04  -0.999900E+04   0.200436E+03   0.946928E+02   0.974390E+00   0.247815E+02   0.150000E+02   0.186591E+00  -0.999900E+04  -0.999900E+04  -0.999900E+04  -0.999900E+04   0.818260E+00  -0.999900E+04  -0.999900E+04  -0.999900E+04  -0.999900E+04
   0.100000E+01   0.600000E+01   0.303213E+05   0.261740E+06   0.100000E+01   0.600000E+01   0.303213E+05   0.261740E+06   0.200540E+03  -0.999900E+04  -0.999900E+04  -0.999900E+04  -0.999900E+04   0.200540E+03  -0.999900E+04  -0.999900E+04  -0.999900E+04  -0.999900E+04   0.200326E+03   0.946913E+02   0.963246E+00   0.247815E+02   0.150000E+02   0.213866E+00  -0.999900E+04  -0.999900E+04  -0.999900E+04  -0.999900E+04   0.937868E+00  -0.999900E+04  -0.999900E+04  -0.999900E+04  -0.999900E+04
   0.100000E+01   0.600000E+01   0.304277E+05   0.261785E+06   0.100000E+01   0.600000E+01   0.304277E+05   0.261785E+06   0.200298E+03  -0.999900E+04  -0.999900E+04  -0.999900E+04  -0.999900E+04   0.200298E+03  -0.999900E+04  -0.999900E+04  -0.999900E+04  -0.999900E+04   0.200199E+03   0.946904E+02   0.100400E+01   0.247815E+02   0.150000E+02   0.988715E-01  -0.999900E+04  -0.999900E+04  -0.999900E+04  -0.999900E+04   0.433581E+00  -0.999900E+04  -0.999900E+04  -0.999900E+04  -0.999900E+04
   0.100000E+01   0.600000E+01   0.305340E+05   0.261813E+06   0.100000E+01   0.600000E+01   0.305340E+05   0.261813E+06   0.200012E+03  -0.999900E+04  -0.999900E+04  -0.999900E+04  -0.999900E+04   0.200012E+03  -0.999900E+04  -0.999900E+04  -0.999900E+04  -0.999900E+04   0.199993E+03   0.946887E+02   0.119393E+01   0.247815E+02   0.150000E+02   0.193615E-01  -0.999900E+04  -0.999900E+04  -0.999900E+04  -0.999900E+04   0.849060E-01  -0.999900E+04  -0.999900E+04  -0.999900E+04  -0.999900E+04
   0.100000E+01   0.600000E+01   0.306880E+05   0.261848E+06   0.100000E+01   0.600000E+01   0.306880E+05   0.261848E+06   0.199705E+03  -0.999900E+04  -0.999900E+04  -0.999900E+04  -0.999900E+04   0.199705E+03  -0.999900E+04  -0.999900E+04  -0.999900E+04  -0.999900E+04   0.199818E+03   0.946849E+02   0.799688E+00   0.247815E+02   0.150000E+02  -0.112627E+00  -0.999900E+04  -0.999900E+04  -0.999900E+04  -0.999900E+04  -0.493905E+00  -0.999900E+04  -0.999900E+04  -0.999900E+04  -0.999900E+04
   0.100000E+01   0.600000E+01   0.307710E+05   0.261873E+06   0.100000E+01   0.600000E+01   0.307710E+05   0.261873E+06   0.199585E+03  -0.999900E+04  -0.999900E+04  -0.999900E+04  -0.999900E+04   0.199585E+03  -0.999900E+04  -0.999900E+04  -0.999900E+04  -0.999900E+04   0.199726E+03   0.946832E+02   0.984460E+00   0.247815E+02   0.150000E+02  -0.140636E+00  -0.999900E+04  -0.999900E+04  -0.999900E+04  -0.999900E+04  -0.616731E+00  -0.999900E+04  -0.999900E+04  -0.999900E+04  -0.999900E+04
   0.100000E+01   0.600000E+01   0.308580E+05   0.261905E+06   0.100000E+01   0.600000E+01   0.308580E+05   0.261905E+06   0.199440E+03  -0.999900E+04  -0.999900E+04  -0.999900E+04  -0.999900E+04   0.199440E+03  -0.999900E+04  -0.999900E+04  -0.999900E+04  -0.999900E+04   0.199615E+03   0.946821E+02   0.105462E+01   0.247815E+02   0.150000E+02  -0.174596E+00  -0.999900E+04  -0.999900E+04  -0.999900E+04  -0.999900E+04  -0.765654E+00  -0.999900E+04  -0.999900E+04  -0.999900E+04  -0.999900E+04
   0.100000E+01   0.600000E+01   0.310990E+05   0.261973E+06   0.100000E+01   0.600000E+01   0.310990E+05   0.261973E+06   0.199295E+03  -0.999900E+04  -0.999900E+04  -0.999900E+04  -0.999900E+04   0.199295E+03  -0.999900E+04  -0.999900E+04  -0.999900E+04  -0.999900E+04   0.199460E+03   0.946785E+02   0.733334E+00   0.247815E+02   0.150000E+02  -0.164975E+00  -0.999900E+04  -0.999900E+04  -0.999900E+04  -0.999900E+04  -0.723467E+00  -0.999900E+04  -0.999900E+04  -0.999900E+04  -0.999900E+04
   0.100000E+01   0.600000E+01   0.312780E+05   0.262034E+06   0.100000E+01   0.600000E+01   0.312780E+05   0.262034E+06   0.199062E+03  -0.999900E+04  -0.999900E+04  -0.999900E+04  -0.999900E+04   0.199062E+03  -0.999900E+04  -0.999900E+04  -0.999900E+04  -0.999900E+04   0.199337E+03   0.946757E+02   0.850108E+00   0.247815E+02   0.150000E+02  -0.274759E+00  -0.999900E+04  -0.999900E+04  -0.999900E+04  -0.999900E+04  -0.120490E+01  -0.999900E+04  -0.999900E+04  -0.999900E+04  -0.999900E+04
   0.100000E+01   0.600000E+01   0.313495E+05   0.262044E+06   0.100000E+01   0.600000E+01   0.313495E+05   0.262044E+06   0.198988E+03  -0.999900E+04  -0.999900E+04  -0.999900E+04  -0.999900E+04   0.198988E+03  -0.999900E+04  -0.999900E+04  -0.999900E+04  -0.999900E+04   0.199265E+03   0.946734E+02   0.875601E+00   0.247815E+02   0.150000E+02  -0.277650E+00  -0.999900E+04  -0.999900E+04  -0.999900E+04  -0.999900E+04  -0.121758E+01  -0.999900E+04  -0.999900E+04  -0.999900E+04  -0.999900E+04
   0.100000E+01   0.600000E+01   0.314210E+05   0.262069E+06   0.100000E+01   0.600000E+01   0.314210E+05   0.262069E+06   0.198930E+03  -0.999900E+04  -0.999900E+04  -0.999900E+04  -0.999900E+04   0.198930E+03  -0.999900E+04  -0.999900E+04  -0.999900E+04  -0.999900E+04   0.199192E+03   0.946720E+02   0.889715E+00   0.247815E+02   0.150000E+02  -0.261578E+00  -0.999900E+04  -0.999900E+04  -0.999900E+04  -0.999900E+04  -0.114710E+01  -0.999900E+04  -0.999900E+04  -0.999900E+04  -0.999900E+04
   0.100000E+01   0.600000E+01   0.314940E+05   0.262079E+06   0.100000E+01   0.600000E+01   0.314940E+05   0.262079E+06   0.198875E+03  -0.999900E+04  -0.999900E+04  -0.999900E+04  -0.999900E+04   0.198875E+03  -0.999900E+04  -0.999900E+04  -0.999900E+04  -0.999900E+04   0.199127E+03   0.946699E+02   0.855793E+00   0.247815E+02   0.150000E+02  -0.251889E+00  -0.999900E+04  -0.999900E+04  -0.999900E+04  -0.999900E+04  -0.110461E+01  -0.999900E+04  -0.999900E+04  -0.999900E+04  -0.999900E+04
   0.100000E+01   0.600000E+01   0.315670E+05   0.262099E+06   0.100000E+01   0.600000E+01   0.315670E+05   0.262099E+06   0.198770E+03  -0.999900E+04  -0.999900E+04  -0.999900E+04  -0.999900E+04   0.198770E+03  -0.999900E+04  -0.999900E+04  -0.999900E+04  -0.999900E+04   0.199076E+03   0.946683E+02   0.798746E+00   0.247815E+02   0.150000E+02  -0.305767E+00  -0.999900E+04  -0.999900E+04  -0.999900E+04  -0.999900E+04  -0.134088E+01  -0.999900E+04  -0.999900E+04  -0.999900E+04  -0.999900E+04
   0.100000E+01   0.600000E+01   0.316400E+05   0.262121E+06   0.100000E+01   0.600000E+01   0.316400E+05   0.262121E+06   0.198780E+03  -0.999900E+04  -0.999900E+04  -0.999900E+04  -0.999900E+04   0.198780E+03  -0.999900E+04  -0.999900E+04  -0.999900E+04  -0.999900E+04   0.199037E+03   0.946668E+02   0.731401E+00   0.247815E+02   0.150000E+02  -0.256772E+00  -0.999900E+04  -0.999900E+04  -0.999900E+04  -0.999900E+04  -0.112602E+01  -0.999900E+04  -0.999900E+04  -0.999900E+04  -0.999900E+04
   0.100000E+01   0.600000E+01   0.317130E+05   0.262141E+06   0.100000E+01   0.600000E+01   0.317130E+05   0.262141E+06   0.198735E+03  -0.999900E+04  -0.999900E+04  -0.999900E+04  -0.999900E+04   0.198735E+03  -0.999900E+04  -0.999900E+04  -0.999900E+04  -0.999900E+04   0.199009E+03   0.946652E+02   0.663896E+00   0.247815E+02   0.150000E+02  -0.273660E+00  -0.999900E+04  -0.999900E+04  -0.999900E+04  -0.999900E+04  -0.120008E+01  -0.999900E+04  -0.999900E+04  -0.999900E+04  -0.999900E+04
   0.100000E+01   0.600000E+01   0.317692E+05   0.262159E+06   0.100000E+01   0.600000E+01   0.317692E+05   0.262159E+06   0.198705E+03  -0.999900E+04  -0.999900E+04  -0.999900E+04  -0.999900E+04   0.198705E+03  -0.999900E+04  -0.999900E+04  -0.999900E+04  -0.999900E+04   0.198969E+03   0.946643E+02   0.820386E+00   0.247815E+02   0.150000E+02  -0.264482E+00  -0.999900E+04  -0.999900E+04  -0.999900E+04  -0.999900E+04  -0.115983E+01  -0.999900E+04  -0.999900E+04  -0.999900E+04  -0.999900E+04
   0.100000E+01   0.600000E+01   0.318255E+05   0.262176E+06   0.100000E+01   0.600000E+01   0.318255E+05   0.262176E+06   0.198688E+03  -0.999900E+04  -0.999900E+04  -0.999900E+04  -0.999900E+04   0.198688E+03  -0.999900E+04  -0.999900E+04  -0.999900E+04  -0.999900E+04   0.198921E+03   0.946637E+02   0.931154E+00   0.247815E+02   0.150000E+02  -0.233741E+00  -0.999900E+04  -0.999900E+04  -0.999900E+04  -0.999900E+04  -0.102502E+01  -0.999900E+04  -0.999900E+04  -0.999900E+04  -0.999900E+04
   0.100000E+01   0.600000E+01   0.318818E+05   0.262201E+06   0.100000E+01   0.600000E+01   0.318818E+05   0.262201E+06   0.198655E+03  -0.999900E+04  -0.999900E+04  -0.999900E+04  -0.999900E+04   0.198655E+03  -0.999900E+04  -0.999900E+04  -0.999900E+04  -0.999900E+04   0.198877E+03   0.946634E+02   0.890521E+00   0.247815E+02   0.150000E+02  -0.222411E+00  -0.999900E+04  -0.999900E+04  -0.999900E+04  -0.999900E+04  -0.975340E+00  -0.999900E+04  -0.999900E+04  -0.999900E+04  -0.999900E+04
   0.100000E+01   0.600000E+01   0.319380E+05   0.262209E+06   0.100000E+01   0.600000E+01   0.319380E+05   0.262209E+06   0.198635E+03  -0.999900E+04  -0.999900E+04  -0.999900E+04  -0.999900E+04   0.198635E+03  -0.999900E+04  -0.999900E+04  -0.999900E+04  -0.999900E+04   0.198849E+03   0.946621E+02   0.740566E+00   0.247815E+02   0.150000E+02  -0.213605E+00  -0.999900E+04  -0.999900E+04  -0.999900E+04  -0.999900E+04  -0.936723E+00  -0.999900E+04  -0.999900E+04  -0.999900E+04  -0.999900E+04
   0.100000E+01   0.600000E+01   0.319925E+05   0.262224E+06   0.100000E+01   0.600000E+01   0.319925E+05   0.262224E+06   0.198595E+03  -0.999900E+04  -0.999900E+04  -0.999900E+04  -0.999900E+04   0.198595E+03  -0.999900E+04  -0.999900E+04  -0.999900E+04  -0.999900E+04   0.198813E+03   0.946612E+02   0.776775E+00   0.247815E+02   0.150000E+02  -0.217585E+00  -0.999900E+04  -0.999900E+04  -0.999900E+04  -0.999900E+04  -0.954175E+00  -0.999900E+04  -0.999900E+04  -0.999900E+04  -0.999900E+04
   0.100000E+01   0.600000E+01   0.320470E+05   0.262249E+06   0.100000E+01   0.600000E+01   0.320470E+05   0.262249E+06   0.198560E+03  -0.999900E+04  -0.999900E+04  -0.999900E+04  -0.999900E+04   0.198560E+03  -0.999900E+04  -0.999900E+04  -0.999900E+04  -0.999900E+04   0.198770E+03   0.946607E+02   0.817744E+00   0.247815E+02   0.150000E+02  -0.210204E+00  -0.999900E+04  -0.999900E+04  -0.999900E+04  -0.999900E+04  -0.921806E+00  -0.999900E+04  -0.999900E+04  -0.999900E+04  -0.999900E+04
   0.100000E+01   0.600000E+01   0.321015E+05   0.262264E+06   0.100000E+01   0.600000E+01   0.321015E+05   0.262264E+06   0.198537E+03  -0.999900E+04  -0.999900E+04  -0.999900E+04  -0.999900E+04   0.198537E+03  -0.999900E+04  -0.999900E+04  -0.999900E+04  -0.999900E+04   0.198720E+03   0.946598E+02   0.851634E+00   0.247815E+02   0.150000E+02  -0.182994E+00  -0.999900E+04  -0.999900E+04  -0.999900E+04  -0.999900E+04  -0.802483E+00  -0.999900E+04  -0.999900E+04  -0.999900E+04  -0.999900E+04
   0.100000E+01   0.600000E+01   0.321560E+05   0.262280E+06   0.100000E+01   0.600000E+01   0.321560E+05   0.262280E+06   0.198518E+03  -0.999900E+04  -0.999900E+04  -0.999900E+04  -0.999900E+04   0.198518E+03  -0.999900E+04  -0.999900E+04  -0.999900E+04  -0.999900E+04   0.198663E+03   0.946589E+02   0.875676E+00   0.247815E+02   0.150000E+02  -0.145033E+00  -0.999900E+04  -0.999900E+04  -0.999900E+04  -0.999900E+04  -0.636011E+00  -0.999900E+04  -0.999900E+04  -0.999900E+04  -0.999900E+04
   0.100000E+01   0.600000E+01   0.322105E+05   0.262287E+06   0.100000E+01   0.600000E+01   0.322105E+05   0.262287E+06   0.198455E+03  -0.999900E+04  -0.999900E+04  -0.999900E+04  -0.999900E+04   0.198455E+03  -0.999900E+04  -0.999900E+04  -0.999900E+04  -0.999900E+04   0.198599E+03   0.946575E+02   0.878259E+00   0.247815E+02   0.150000E+02  -0.144270E+00  -0.999900E+04  -0.999900E+04  -0.999900E+04  -0.999900E+04  -0.632666E+00  -0.999900E+04  -0.999900E+04  -0.999900E+04  -0.999900E+04
   0.100000E+01   0.600000E+01   0.322650E+05   0.262302E+06   0.100000E+01   0.600000E+01   0.322650E+05   0.262302E+06   0.198428E+03  -0.999900E+04  -0.999900E+04  -0.999900E+04  -0.999900E+04   0.198428E+03  -0.999900E+04  -0.999900E+04  -0.999900E+04  -0.999900E+04   0.198542E+03   0.946565E+02   0.849861E+00   0.247815E+02   0.150000E+02  -0.114078E+00  -0.999900E+04  -0.999900E+04  -0.999900E+04  -0.999900E+04  -0.500267E+00  -0.999900E+04  -0.999900E+04  -0.999900E+04  -0.999900E+04
   0.100000E+01   0.600000E+01   0.323160E+05   0.262325E+06   0.100000E+01   0.600000E+01   0.323160E+05   0.262325E+06   0.198398E+03  -0.999900E+04  -0.999900E+04  -0.999900E+04  -0.999900E+04   0.198398E+03  -0.999900E+04  -0.999900E+04  -0.999900E+04  -0.999900E+04   0.198489E+03   0.946559E+02   0.826574E+00   0.247815E+02   0.150000E+02  -0.917502E-01  -0.999900E+04  -0.999900E+04  -0.999900E+04  -0.999900E+04  -0.402352E+00  -0.999900E+04  -0.999900E+04  -0.999900E+04  -0.999900E+04
   0.100000E+01   0.600000E+01   0.324070E+05   0.262355E+06   0.100000E+01   0.600000E+01   0.324070E+05   0.262355E+06   0.198312E+03  -0.999900E+04  -0.999900E+04  -0.999900E+04  -0.999900E+04   0.198312E+03  -0.999900E+04  -0.999900E+04  -0.999900E+04  -0.999900E+04   0.198387E+03   0.946544E+02   0.841207E+00   0.247815E+02   0.150000E+02  -0.749374E-01  -0.999900E+04  -0.999900E+04  -0.999900E+04  -0.999900E+04  -0.328623E+00  -0.999900E+04  -0.999900E+04  -0.999900E+04  -0.999900E+04
   0.100000E+01   0.600000E+01   0.324860E+05   0.262367E+06   0.100000E+01   0.600000E+01   0.324860E+05   0.262367E+06   0.198235E+03  -0.999900E+04  -0.999900E+04  -0.999900E+04  -0.999900E+04   0.198235E+03  -0.999900E+04  -0.999900E+04  -0.999900E+04  -0.999900E+04   0.198289E+03   0.946525E+02   0.868161E+00   0.247815E+02   0.150000E+02  -0.542465E-01  -0.999900E+04  -0.999900E+04  -0.999900E+04  -0.999900E+04  -0.237887E+00  -0.999900E+04  -0.999900E+04  -0.999900E+04  -0.999900E+04
   0.100000E+01   0.600000E+01   0.325710E+05   0.262400E+06   0.100000E+01   0.600000E+01   0.325710E+05   0.262400E+06   0.198065E+03  -0.999900E+04  -0.999900E+04  -0.999900E+04  -0.999900E+04   0.198065E+03  -0.999900E+04  -0.999900E+04  -0.999900E+04  -0.999900E+04   0.198157E+03   0.946513E+02   0.924365E+00   0.247815E+02   0.150000E+02  -0.923588E-01  -0.999900E+04  -0.999900E+04  -0.999900E+04  -0.999900E+04  -0.405021E+00  -0.999900E+04  -0.999900E+04  -0.999900E+04  -0.999900E+04
   0.100000E+01   0.600000E+01   0.326400E+05   0.262420E+06   0.100000E+01   0.600000E+01   0.326400E+05   0.262420E+06   0.197912E+03  -0.999900E+04  -0.999900E+04  -0.999900E+04  -0.999900E+04   0.197912E+03  -0.999900E+04  -0.999900E+04  -0.999900E+04  -0.999900E+04   0.198021E+03   0.946499E+02   0.100423E+01   0.247815E+02   0.150000E+02  -0.108252E+00  -0.999900E+04  -0.999900E+04  -0.999900E+04  -0.999900E+04  -0.474720E+00  -0.999900E+04  -0.999900E+04  -0.999900E+04  -0.999900E+04
   0.100000E+01   0.600000E+01   0.327090E+05   0.262442E+06   0.100000E+01   0.600000E+01   0.327090E+05   0.262442E+06   0.197620E+03  -0.999900E+04  -0.999900E+04  -0.999900E+04  -0.999900E+04   0.197620E+03  -0.999900E+04  -0.999900E+04  -0.999900E+04  -0.999900E+04   0.197861E+03   0.946487E+02   0.106952E+01   0.247815E+02   0.150000E+02  -0.241097E+00  -0.999900E+04  -0.999900E+04  -0.999900E+04  -0.999900E+04  -0.105728E+01  -0.999900E+04  -0.999900E+04  -0.999900E+04  -0.999900E+04
   0.100000E+01   0.600000E+01   0.327660E+05   0.262460E+06   0.100000E+01   0.600000E+01   0.327660E+05   0.262460E+06   0.197477E+03  -0.999900E+04  -0.999900E+04  -0.999900E+04  -0.999900E+04   0.197477E+03  -0.999900E+04  -0.999900E+04  -0.999900E+04  -0.999900E+04   0.197732E+03   0.946477E+02   0.106827E+01   0.247815E+02   0.150000E+02  -0.254382E+00  -0.999900E+04  -0.999900E+04  -0.999900E+04  -0.999900E+04  -0.111554E+01  -0.999900E+04  -0.999900E+04  -0.999900E+04  -0.999900E+04
   0.100000E+01   0.600000E+01   0.328230E+05   0.262480E+06   0.100000E+01   0.600000E+01   0.328230E+05   0.262480E+06   0.197425E+03  -0.999900E+04  -0.999900E+04  -0.999900E+04  -0.999900E+04   0.197425E+03  -0.999900E+04  -0.999900E+04  -0.999900E+04  -0.999900E+04   0.197622E+03   0.946467E+02   0.103022E+01   0.247815E+02   0.150000E+02  -0.196712E+00  -0.999900E+04  -0.999900E+04  -0.999900E+04  -0.999900E+04  -0.862642E+00  -0.999900E+04  -0.999900E+04  -0.999900E+04  -0.999900E+04
   0.100000E+01   0.600000E+01   0.328800E+05   0.262490E+06   0.100000E+01   0.600000E+01   0.328800E+05   0.262490E+06   0.197368E+03  -0.999900E+04  -0.999900E+04  -0.999900E+04  -0.999900E+04   0.197368E+03  -0.999900E+04  -0.999900E+04  -0.999900E+04  -0.999900E+04   0.197538E+03   0.946452E+02   0.962621E+00   0.247815E+02   0.150000E+02  -0.170544E+00  -0.999900E+04  -0.999900E+04  -0.999900E+04  -0.999900E+04  -0.747887E+00  -0.999900E+04  -0.999900E+04  -0.999900E+04  -0.999900E+04
   0.100000E+01   0.600000E+01   0.329478E+05   0.262518E+06   0.100000E+01   0.600000E+01   0.329478E+05   0.262518E+06   0.197257E+03  -0.999900E+04  -0.999900E+04  -0.999900E+04  -0.999900E+04   0.197257E+03  -0.999900E+04  -0.999900E+04  -0.999900E+04  -0.999900E+04   0.197435E+03   0.946444E+02   0.103577E+01   0.247815E+02   0.150000E+02  -0.177931E+00  -0.999900E+04  -0.999900E+04  -0.999900E+04  -0.999900E+04  -0.780282E+00  -0.999900E+04  -0.999900E+04  -0.999900E+04  -0.999900E+04
   0.100000E+01   0.600000E+01   0.330155E+05   0.262538E+06   0.100000E+01   0.600000E+01   0.330155E+05   0.262538E+06   0.197183E+03  -0.999900E+04  -0.999900E+04  -0.999900E+04  -0.999900E+04   0.197183E+03  -0.999900E+04  -0.999900E+04  -0.999900E+04  -0.999900E+04   0.197336E+03   0.946435E+02   0.105184E+01   0.247815E+02   0.150000E+02  -0.153390E+00  -0.999900E+04  -0.999900E+04  -0.999900E+04  -0.999900E+04  -0.672661E+00  -0.999900E+04  -0.999900E+04  -0.999900E+04  -0.999900E+04
   0.100000E+01   0.600000E+01   0.330832E+05   0.262548E+06   0.100000E+01   0.600000E+01   0.330832E+05   0.262548E+06   0.197125E+03  -0.999900E+04  -0.999900E+04  -0.999900E+04  -0.999900E+04   0.197125E+03  -0.999900E+04  -0.999900E+04  -0.999900E+04  -0.999900E+04   0.197233E+03   0.946421E+02   0.106731E+01   0.247815E+02   0.150000E+02  -0.107790E+00  -0.999900E+04  -0.999900E+04  -0.999900E+04  -0.999900E+04  -0.472691E+00  -0.999900E+04  -0.999900E+04  -0.999900E+04  -0.999900E+04
   0.100000E+01   0.600000E+01   0.331510E+05   0.262566E+06   0.100000E+01   0.600000E+01   0.331510E+05   0.262566E+06   0.197045E+03  -0.999900E+04  -0.999900E+04  -0.999900E+04  -0.999900E+04   0.197045E+03  -0.999900E+04  -0.999900E+04  -0.999900E+04  -0.999900E+04   0.197115E+03   0.946410E+02   0.110581E+01   0.247815E+02   0.150000E+02  -0.695865E-01  -0.999900E+04  -0.999900E+04  -0.999900E+04  -0.999900E+04  -0.305158E+00  -0.999900E+04  -0.999900E+04  -0.999900E+04  -0.999900E+04
   0.100000E+01   0.600000E+01   0.332045E+05   0.262588E+06   0.100000E+01   0.600000E+01   0.332045E+05   0.262588E+06   0.197005E+03  -0.999900E+04  -0.999900E+04  -0.999900E+04  -0.999900E+04   0.197005E+03  -0.999900E+04  -0.999900E+04  -0.999900E+04  -0.999900E+04   0.197034E+03   0.946405E+02   0.102981E+01   0.247815E+02   0.150000E+02  -0.290073E-01  -0.999900E+04  -0.999900E+04  -0.999900E+04  -0.999900E+04  -0.127206E+00  -0.999900E+04  -0.999900E+04  -0.999900E+04  -0.999900E+04
   0.100000E+01   0.600000E+01   0.332580E+05   0.262603E+06   0.100000E+01   0.600000E+01   0.332580E+05   0.262603E+06   0.196982E+03  -0.999900E+04  -0.999900E+04  -0.999900E+04  -0.999900E+04   0.196982E+03  -0.999900E+04  -0.999900E+04  -0.999900E+04  -0.999900E+04   0.196976E+03   0.946397E+02   0.945853E+00   0.247815E+02   0.150000E+02   0.670954E-02  -0.999900E+04  -0.999900E+04  -0.999900E+04  -0.999900E+04   0.294234E-01  -0.999900E+04  -0.999900E+04  -0.999900E+04  -0.999900E+04
   0.100000E+01   0.600000E+01   0.333165E+05   0.262621E+06   0.100000E+01   0.600000E+01   0.333165E+05   0.262621E+06   0.196942E+03  -0.999900E+04  -0.999900E+04  -0.999900E+04  -0.999900E+04   0.196942E+03  -0.999900E+04  -0.999900E+04  -0.999900E+04  -0.999900E+04   0.196901E+03   0.946389E+02   0.102108E+01   0.247815E+02   0.150000E+02   0.415933E-01  -0.999900E+04  -0.999900E+04  -0.999900E+04  -0.999900E+04   0.182399E+00  -0.999900E+04  -0.999900E+04  -0.999900E+04  -0.999900E+04
   0.100000E+01   0.600000E+01   0.333750E+05   0.262628E+06   0.100000E+01   0.600000E+01   0.333750E+05   0.262628E+06   0.196800E+03  -0.999900E+04  -0.999900E+04  -0.999900E+04  -0.999900E+04   0.196800E+03  -0.999900E+04  -0.999900E+04  -0.999900E+04  -0.999900E+04   0.196801E+03   0.946377E+02   0.110825E+01   0.247815E+02   0.150000E+02  -0.903117E-03  -0.999900E+04  -0.999900E+04  -0.999900E+04  -0.999900E+04  -0.396044E-02  -0.999900E+04  -0.999900E+04  -0.999900E+04  -0.999900E+04
   0.100000E+01   0.600000E+01   0.334920E+05   0.262668E+06   0.100000E+01   0.600000E+01   0.334920E+05   0.262668E+06   0.196512E+03  -0.999900E+04  -0.999900E+04  -0.999900E+04  -0.999900E+04   0.196512E+03  -0.999900E+04  -0.999900E+04  -0.999900E+04  -0.999900E+04   0.196402E+03   0.946367E+02   0.153521E+01   0.247815E+02   0.150000E+02   0.110013E+00  -0.999900E+04  -0.999900E+04  -0.999900E+04  -0.999900E+04   0.482442E+00  -0.999900E+04  -0.999900E+04  -0.999900E+04  -0.999900E+04
   0.100000E+01   0.600000E+01   0.336640E+05   0.262701E+06   0.100000E+01   0.600000E+01   0.336640E+05   0.262701E+06   0.196180E+03  -0.999900E+04  -0.999900E+04  -0.999900E+04  -0.999900E+04   0.196180E+03  -0.999900E+04  -0.999900E+04  -0.999900E+04  -0.999900E+04   0.195926E+03   0.946326E+02   0.107804E+01   0.247815E+02   0.150000E+02   0.254218E+00  -0.999900E+04  -0.999900E+04  -0.999900E+04  -0.999900E+04   0.111482E+01  -0.999900E+04  -0.999900E+04  -0.999900E+04  -0.999900E+04
   0.100000E+01   0.600000E+01   0.337360E+05   0.262731E+06   0.100000E+01   0.600000E+01   0.337360E+05   0.262731E+06   0.195915E+03  -0.999900E+04  -0.999900E+04  -0.999900E+04  -0.999900E+04   0.195915E+03  -0.999900E+04  -0.999900E+04  -0.999900E+04  -0.999900E+04   0.195831E+03   0.946315E+02   0.103811E+01   0.247815E+02   0.150000E+02   0.840379E-01  -0.999900E+04  -0.999900E+04  -0.999900E+04  -0.999900E+04   0.368532E+00  -0.999900E+04  -0.999900E+04  -0.999900E+04  -0.999900E+04
   0.100000E+01   0.600000E+01   0.337590E+05   0.262731E+06   0.100000E+01   0.600000E+01   0.337590E+05   0.262731E+06   0.195805E+03  -0.999900E+04  -0.999900E+04  -0.999900E+04  -0.999900E+04   0.195805E+03  -0.999900E+04  -0.999900E+04  -0.999900E+04  -0.999900E+04   0.195801E+03   0.946306E+02   0.102535E+01   0.247815E+02   0.150000E+02   0.434189E-02  -0.999900E+04  -0.999900E+04  -0.999900E+04  -0.999900E+04   0.190405E-01  -0.999900E+04  -0.999900E+04  -0.999900E+04  -0.999900E+04
   0.100000E+01   0.600000E+01   0.338390E+05   0.262761E+06   0.100000E+01   0.600000E+01   0.338390E+05   0.262761E+06   0.195577E+03  -0.999900E+04  -0.999900E+04  -0.999900E+04  -0.999900E+04   0.195577E+03  -0.999900E+04  -0.999900E+04  -0.999900E+04  -0.999900E+04   0.195695E+03   0.946293E+02   0.980992E+00   0.247815E+02   0.150000E+02  -0.117808E+00  -0.999900E+04  -0.999900E+04  -0.999900E+04  -0.999900E+04  -0.516623E+00  -0.999900E+04  -0.999900E+04  -0.999900E+04  -0.999900E+04
   0.100000E+01   0.600000E+01   0.338935E+05   0.262778E+06   0.100000E+01   0.600000E+01   0.338935E+05   0.262778E+06   0.195550E+03  -0.999900E+04  -0.999900E+04  -0.999900E+04  -0.999900E+04   0.195550E+03  -0.999900E+04  -0.999900E+04  -0.999900E+04  -0.999900E+04   0.195635E+03   0.946288E+02   0.112818E+01   0.247815E+02   0.150000E+02  -0.848318E-01  -0.999900E+04  -0.999900E+04  -0.999900E+04  -0.999900E+04  -0.372013E+00  -0.999900E+04  -0.999900E+04  -0.999900E+04  -0.999900E+04
   0.100000E+01   0.600000E+01   0.339480E+05   0.262803E+06   0.100000E+01   0.600000E+01   0.339480E+05   0.262803E+06   0.195518E+03  -0.999900E+04  -0.999900E+04  -0.999900E+04  -0.999900E+04   0.195518E+03  -0.999900E+04  -0.999900E+04  -0.999900E+04  -0.999900E+04   0.195553E+03   0.946288E+02   0.126217E+01   0.247815E+02   0.150000E+02  -0.354188E-01  -0.999900E+04  -0.999900E+04  -0.999900E+04  -0.999900E+04  -0.155322E+00  -0.999900E+04  -0.999900E+04  -0.999900E+04  -0.999900E+04
   0.100000E+01   0.600000E+01   0.340025E+05   0.262811E+06   0.100000E+01   0.600000E+01   0.340025E+05   0.262811E+06   0.195450E+03  -0.999900E+04  -0.999900E+04  -0.999900E+04  -0.999900E+04   0.195450E+03  -0.999900E+04  -0.999900E+04  -0.999900E+04  -0.999900E+04   0.195456E+03   0.946280E+02   0.131731E+01   0.247815E+02   0.150000E+02  -0.637988E-02  -0.999900E+04  -0.999900E+04  -0.999900E+04  -0.999900E+04  -0.279777E-01  -0.999900E+04  -0.999900E+04  -0.999900E+04  -0.999900E+04
   0.100000E+01   0.600000E+01   0.340570E+05   0.262833E+06   0.100000E+01   0.600000E+01   0.340570E+05   0.262833E+06   0.195380E+03  -0.999900E+04  -0.999900E+04  -0.999900E+04  -0.999900E+04   0.195380E+03  -0.999900E+04  -0.999900E+04  -0.999900E+04  -0.999900E+04   0.195367E+03   0.946277E+02   0.123676E+01   0.247815E+02   0.150000E+02   0.132874E-01  -0.999900E+04  -0.999900E+04  -0.999900E+04  -0.999900E+04   0.582690E-01  -0.999900E+04  -0.999900E+04  -0.999900E+04  -0.999900E+04
   0.100000E+01   0.600000E+01   0.341225E+05   0.262851E+06   0.100000E+01   0.600000E+01   0.341225E+05   0.262851E+06   0.195290E+03  -0.999900E+04  -0.999900E+04  -0.999900E+04  -0.999900E+04   0.195290E+03  -0.999900E+04  -0.999900E+04  -0.999900E+04  -0.999900E+04   0.195322E+03   0.946268E+02   0.898904E+00   0.247815E+02   0.150000E+02  -0.318121E-01  -0.999900E+04  -0.999900E+04  -0.999900E+04  -0.999900E+04  -0.139505E+00  -0.999900E+04  -0.999900E+04  -0.999900E+04  -0.999900E+04
   0.100000E+01   0.600000E+01   0.341880E+05   0.262858E+06   0.100000E+01   0.600000E+01   0.341880E+05   0.262858E+06   0.195062E+03  -0.999900E+04  -0.999900E+04  -0.999900E+04  -0.999900E+04   0.195062E+03  -0.999900E+04  -0.999900E+04  -0.999900E+04  -0.999900E+04   0.195255E+03   0.946252E+02   0.949856E+00   0.247815E+02   0.150000E+02  -0.192771E+00  -0.999900E+04  -0.999900E+04  -0.999900E+04  -0.999900E+04  -0.845359E+00  -0.999900E+04  -0.999900E+04  -0.999900E+04  -0.999900E+04
   0.100000E+01   0.600000E+01   0.342410E+05   0.262871E+06   0.100000E+01   0.600000E+01   0.342410E+05   0.262871E+06   0.194947E+03  -0.999900E+04  -0.999900E+04  -0.999900E+04  -0.999900E+04   0.194947E+03  -0.999900E+04  -0.999900E+04  -0.999900E+04  -0.999900E+04   0.195196E+03   0.946242E+02   0.955705E+00   0.247815E+02   0.150000E+02  -0.248389E+00  -0.999900E+04  -0.999900E+04  -0.999900E+04  -0.999900E+04  -0.108926E+01  -0.999900E+04  -0.999900E+04  -0.999900E+04  -0.999900E+04
   0.100000E+01   0.600000E+01   0.342940E+05   0.262884E+06   0.100000E+01   0.600000E+01   0.342940E+05   0.262884E+06   0.194905E+03  -0.999900E+04  -0.999900E+04  -0.999900E+04  -0.999900E+04   0.194905E+03  -0.999900E+04  -0.999900E+04  -0.999900E+04  -0.999900E+04   0.195133E+03   0.946231E+02   0.965708E+00   0.247815E+02   0.150000E+02  -0.228470E+00  -0.999900E+04  -0.999900E+04  -0.999900E+04  -0.999900E+04  -0.100191E+01  -0.999900E+04  -0.999900E+04  -0.999900E+04  -0.999900E+04
   0.100000E+01   0.600000E+01   0.343470E+05   0.262897E+06   0.100000E+01   0.600000E+01   0.343470E+05   0.262897E+06   0.194868E+03  -0.999900E+04  -0.999900E+04  -0.999900E+04  -0.999900E+04   0.194868E+03  -0.999900E+04  -0.999900E+04  -0.999900E+04  -0.999900E+04   0.195067E+03   0.946221E+02   0.981138E+00   0.247815E+02   0.150000E+02  -0.199279E+00  -0.999900E+04  -0.999900E+04  -0.999900E+04  -0.999900E+04  -0.873898E+00  -0.999900E+04  -0.999900E+04  -0.999900E+04  -0.999900E+04
   0.100000E+01   0.600000E+01   0.344000E+05   0.262919E+06   0.100000E+01   0.600000E+01   0.344000E+05   0.262919E+06   0.194827E+03  -0.999900E+04  -0.999900E+04  -0.999900E+04  -0.999900E+04   0.194827E+03  -0.999900E+04  -0.999900E+04  -0.999900E+04  -0.999900E+04   0.194995E+03   0.946215E+02   0.100217E+01   0.247815E+02   0.150000E+02  -0.167220E+00  -0.999900E+04  -0.999900E+04  -0.999900E+04  -0.999900E+04  -0.733310E+00  -0.999900E+04  -0.999900E+04  -0.999900E+04  -0.999900E+04
   0.100000E+01   0.600000E+01   0.344530E+05   0.262934E+06   0.100000E+01   0.600000E+01   0.344530E+05   0.262934E+06   0.194768E+03  -0.999900E+04  -0.999900E+04  -0.999900E+04  -0.999900E+04   0.194768E+03  -0.999900E+04  -0.999900E+04  -0.999900E+04  -0.999900E+04   0.194916E+03   0.946205E+02   0.103015E+01   0.247815E+02   0.150000E+02  -0.148143E+00  -0.999900E+04  -0.999900E+04  -0.999900E+04  -0.999900E+04  -0.649651E+00  -0.999900E+04  -0.999900E+04  -0.999900E+04  -0.999900E+04
   0.100000E+01   0.600000E+01   0.345060E+05   0.262947E+06   0.100000E+01   0.600000E+01   0.345060E+05   0.262947E+06   0.194713E+03  -0.999900E+04  -0.999900E+04  -0.999900E+04  -0.999900E+04   0.194713E+03  -0.999900E+04  -0.999900E+04  -0.999900E+04  -0.999900E+04   0.194828E+03   0.946194E+02   0.106682E+01   0.247815E+02   0.150000E+02  -0.115361E+00  -0.999900E+04  -0.999900E+04  -0.999900E+04  -0.999900E+04  -0.505891E+00  -0.999900E+04  -0.999900E+04  -0.999900E+04  -0.999900E+04
   0.100000E+01   0.600000E+01   0.345590E+05   0.262952E+06   0.100000E+01   0.600000E+01   0.345590E+05   0.262952E+06   0.194570E+03  -0.999900E+04  -0.999900E+04  -0.999900E+04  -0.999900E+04   0.194570E+03  -0.999900E+04  -0.999900E+04  -0.999900E+04  -0.999900E+04   0.194727E+03   0.946178E+02   0.111338E+01   0.247815E+02   0.150000E+02  -0.156594E+00  -0.999900E+04  -0.999900E+04  -0.999900E+04  -0.999900E+04  -0.686711E+00  -0.999900E+04  -0.999900E+04  -0.999900E+04  -0.999900E+04
   0.100000E+01   0.600000E+01   0.346146E+05   0.262974E+06   0.100000E+01   0.600000E+01   0.346146E+05   0.262974E+06   0.194445E+03  -0.999900E+04  -0.999900E+04  -0.999900E+04  -0.999900E+04   0.194445E+03  -0.999900E+04  -0.999900E+04  -0.999900E+04  -0.999900E+04   0.194633E+03   0.946170E+02   0.107500E+01   0.247815E+02   0.150000E+02  -0.188468E+00  -0.999900E+04  -0.999900E+04  -0.999900E+04  -0.999900E+04  -0.826487E+00  -0.999900E+04  -0.999900E+04  -0.999900E+04  -0.999900E+04
   0.100000E+01   0.600000E+01   0.346702E+05   0.262979E+06   0.100000E+01   0.600000E+01   0.346702E+05   0.262979E+06   0.194420E+03  -0.999900E+04  -0.999900E+04  -0.999900E+04  -0.999900E+04   0.194420E+03  -0.999900E+04  -0.999900E+04  -0.999900E+04  -0.999900E+04   0.194567E+03   0.946154E+02   0.100142E+01   0.247815E+02   0.150000E+02  -0.147373E+00  -0.999900E+04  -0.999900E+04  -0.999900E+04  -0.999900E+04  -0.646276E+00  -0.999900E+04  -0.999900E+04  -0.999900E+04  -0.999900E+04
   0.100000E+01   0.600000E+01   0.347258E+05   0.262994E+06   0.100000E+01   0.600000E+01   0.347258E+05   0.262994E+06   0.194363E+03  -0.999900E+04  -0.999900E+04  -0.999900E+04  -0.999900E+04   0.194363E+03  -0.999900E+04  -0.999900E+04  -0.999900E+04  -0.999900E+04   0.194523E+03   0.946144E+02   0.913284E+00   0.247815E+02   0.150000E+02  -0.160533E+00  -0.999900E+04  -0.999900E+04  -0.999900E+04  -0.999900E+04  -0.703986E+00  -0.999900E+04  -0.999900E+04  -0.999900E+04  -0.999900E+04
   0.100000E+01   0.600000E+01   0.347814E+05   0.263019E+06   0.100000E+01   0.600000E+01   0.347814E+05   0.263019E+06   0.194350E+03  -0.999900E+04  -0.999900E+04  -0.999900E+04  -0.999900E+04   0.194350E+03  -0.999900E+04  -0.999900E+04  -0.999900E+04  -0.999900E+04   0.194495E+03   0.946139E+02   0.820330E+00   0.247815E+02   0.150000E+02  -0.144571E+00  -0.999900E+04  -0.999900E+04  -0.999900E+04  -0.999900E+04  -0.633987E+00  -0.999900E+04  -0.999900E+04  -0.999900E+04  -0.999900E+04
   0.100000E+01   0.600000E+01   0.348370E+05   0.263027E+06   0.100000E+01   0.600000E+01   0.348370E+05   0.263027E+06   0.194338E+03  -0.999900E+04  -0.999900E+04  -0.999900E+04  -0.999900E+04   0.194338E+03  -0.999900E+04  -0.999900E+04  -0.999900E+04  -0.999900E+04   0.194477E+03   0.946126E+02   0.728524E+00   0.247815E+02   0.150000E+02  -0.139328E+00  -0.999900E+04  -0.999900E+04  -0.999900E+04  -0.999900E+04  -0.610997E+00  -0.999900E+04  -0.999900E+04  -0.999900E+04  -0.999900E+04
   0.100000E+01   0.600000E+01   0.349027E+05   0.263047E+06   0.100000E+01   0.600000E+01   0.349027E+05   0.263047E+06   0.194317E+03  -0.999900E+04  -0.999900E+04  -0.999900E+04  -0.999900E+04   0.194317E+03  -0.999900E+04  -0.999900E+04  -0.999900E+04  -0.999900E+04   0.194446E+03   0.946115E+02   0.761027E+00   0.247815E+02   0.150000E+02  -0.128606E+00  -0.999900E+04  -0.999900E+04  -0.999900E+04  -0.999900E+04  -0.563976E+00  -0.999900E+04  -0.999900E+04  -0.999900E+04  -0.999900E+04
   0.100000E+01   0.600000E+01   0.349683E+05   0.263074E+06   0.100000E+01   0.600000E+01   0.349683E+05   0.263074E+06   0.194275E+03  -0.999900E+04  -0.999900E+04  -0.999900E+04  -0.999900E+04   0.194275E+03  -0.999900E+04  -0.999900E+04  -0.999900E+04  -0.999900E+04   0.194400E+03   0.946106E+02   0.839853E+00   0.247815E+02   0.150000E+02  -0.125258E+00  -0.999900E+04  -0.999900E+04  -0.999900E+04  -0.999900E+04  -0.549294E+00  -0.999900E+04  -0.999900E+04  -0.999900E+04  -0.999900E+04
   0.100000E+01   0.600000E+01   0.350340E+05   0.263082E+06   0.100000E+01   0.600000E+01   0.350340E+05   0.263082E+06   0.194222E+03  -0.999900E+04  -0.999900E+04  -0.999900E+04  -0.999900E+04   0.194222E+03  -0.999900E+04  -0.999900E+04  -0.999900E+04  -0.999900E+04   0.194339E+03   0.946090E+02   0.929841E+00   0.247815E+02   0.150000E+02  -0.116497E+00  -0.999900E+04  -0.999900E+04  -0.999900E+04  -0.999900E+04  -0.510875E+00  -0.999900E+04  -0.999900E+04  -0.999900E+04  -0.999900E+04
   0.100000E+01   0.600000E+01   0.351540E+05   0.263112E+06   0.100000E+01   0.600000E+01   0.351540E+05   0.263112E+06   0.194127E+03  -0.999900E+04  -0.999900E+04  -0.999900E+04  -0.999900E+04   0.194127E+03  -0.999900E+04  -0.999900E+04  -0.999900E+04  -0.999900E+04   0.194217E+03   0.946070E+02   0.981736E+00   0.247815E+02   0.150000E+02  -0.895074E-01  -0.999900E+04  -0.999900E+04  -0.999900E+04  -0.999900E+04  -0.392517E+00  -0.999900E+04  -0.999900E+04  -0.999900E+04  -0.999900E+04
   0.100000E+01   0.600000E+01   0.352740E+05   0.263155E+06   0.100000E+01   0.600000E+01   0.352740E+05   0.263155E+06   0.193945E+03  -0.999900E+04  -0.999900E+04  -0.999900E+04  -0.999900E+04   0.193945E+03  -0.999900E+04  -0.999900E+04  -0.999900E+04  -0.999900E+04   0.194087E+03   0.946057E+02   0.968027E+00   0.247815E+02   0.150000E+02  -0.142376E+00  -0.999900E+04  -0.999900E+04  -0.999900E+04  -0.999900E+04  -0.624362E+00  -0.999900E+04  -0.999900E+04  -0.999900E+04  -0.999900E+04
   0.100000E+01   0.600000E+01   0.353940E+05   0.263185E+06   0.100000E+01   0.600000E+01   0.353940E+05   0.263185E+06   0.193885E+03  -0.999900E+04  -0.999900E+04  -0.999900E+04  -0.999900E+04   0.193885E+03  -0.999900E+04  -0.999900E+04  -0.999900E+04  -0.999900E+04   0.193976E+03   0.946038E+02   0.872937E+00   0.247815E+02   0.150000E+02  -0.910794E-01  -0.999900E+04  -0.999900E+04  -0.999900E+04  -0.999900E+04  -0.399411E+00  -0.999900E+04  -0.999900E+04  -0.999900E+04  -0.999900E+04
   0.100000E+01   0.600000E+01   0.355140E+05   0.263208E+06   0.100000E+01   0.600000E+01   0.355140E+05   0.263208E+06   0.193808E+03  -0.999900E+04  -0.999900E+04  -0.999900E+04  -0.999900E+04   0.193808E+03  -0.999900E+04  -0.999900E+04  -0.999900E+04  -0.999900E+04   0.193902E+03   0.946015E+02   0.736222E+00   0.247815E+02   0.150000E+02  -0.944037E-01  -0.999900E+04  -0.999900E+04  -0.999900E+04  -0.999900E+04  -0.413989E+00  -0.999900E+04  -0.999900E+04  -0.999900E+04  -0.999900E+04
   0.100000E+01   0.600000E+01   0.356210E+05   0.263250E+06   0.100000E+01   0.600000E+01   0.356210E+05   0.263250E+06   0.193740E+03  -0.999900E+04  -0.999900E+04  -0.999900E+04  -0.999900E+04   0.193740E+03  -0.999900E+04  -0.999900E+04  -0.999900E+04  -0.999900E+04   0.193823E+03   0.946003E+02   0.794700E+00   0.247815E+02   0.150000E+02  -0.825861E-01  -0.999900E+04  -0.999900E+04  -0.999900E+04  -0.999900E+04  -0.362165E+00  -0.999900E+04  -0.999900E+04  -0.999900E+04  -0.999900E+04
   0.100000E+01   0.600000E+01   0.357280E+05   0.263460E+06   0.100000E+01   0.600000E+01   0.357280E+05   0.263460E+06   0.193630E+03  -0.999900E+04  -0.999900E+04  -0.999900E+04  -0.999900E+04   0.193630E+03  -0.999900E+04  -0.999900E+04  -0.999900E+04  -0.999900E+04   0.193674E+03   0.946070E+02   0.957281E+00   0.247815E+02   0.150000E+02  -0.439212E-01  -0.999900E+04  -0.999900E+04  -0.999900E+04  -0.999900E+04  -0.192608E+00  -0.999900E+04  -0.999900E+04  -0.999900E+04  -0.999900E+04
   0.100000E+01   0.600000E+01   0.358457E+05   0.263483E+06   0.100000E+01   0.600000E+01   0.358457E+05   0.263483E+06   0.193398E+03  -0.999900E+04  -0.999900E+04  -0.999900E+04  -0.999900E+04   0.193398E+03  -0.999900E+04  -0.999900E+04  -0.999900E+04  -0.999900E+04   0.193445E+03   0.946041E+02   0.998887E+00   0.247815E+02   0.150000E+02  -0.474564E-01  -0.999900E+04  -0.999900E+04  -0.999900E+04  -0.999900E+04  -0.208110E+00  -0.999900E+04  -0.999900E+04  -0.999900E+04  -0.999900E+04
   0.100000E+01   0.600000E+01   0.359633E+05   0.263515E+06   0.100000E+01   0.600000E+01   0.359633E+05   0.263515E+06   0.193155E+03  -0.999900E+04  -0.999900E+04  -0.999900E+04  -0.999900E+04   0.193155E+03  -0.999900E+04  -0.999900E+04  -0.999900E+04  -0.999900E+04   0.193211E+03   0.946020E+02   0.101175E+01   0.247815E+02   0.150000E+02  -0.556340E-01  -0.999900E+04  -0.999900E+04  -0.999900E+04  -0.999900E+04  -0.243972E+00  -0.999900E+04  -0.999900E+04  -0.999900E+04  -0.999900E+04
   0.100000E+01   0.600000E+01   0.360810E+05   0.263552E+06   0.100000E+01   0.600000E+01   0.360810E+05   0.263552E+06   0.192933E+03  -0.999900E+04  -0.999900E+04  -0.999900E+04  -0.999900E+04   0.192933E+03  -0.999900E+04  -0.999900E+04  -0.999900E+04  -0.999900E+04   0.192944E+03   0.946010E+02   0.109191E+01   0.247815E+02   0.150000E+02  -0.110276E-01  -0.999900E+04  -0.999900E+04  -0.999900E+04  -0.999900E+04  -0.483595E-01  -0.999900E+04  -0.999900E+04  -0.999900E+04  -0.999900E+04
   0.100000E+01   0.600000E+01   0.362130E+05   0.263590E+06   0.100000E+01   0.600000E+01   0.362130E+05   0.263590E+06   0.192570E+03  -0.999900E+04  -0.999900E+04  -0.999900E+04  -0.999900E+04   0.192570E+03  -0.999900E+04  -0.999900E+04  -0.999900E+04  -0.999900E+04   0.192520E+03   0.945985E+02   0.115269E+01   0.247815E+02   0.150000E+02   0.503858E-01  -0.999900E+04  -0.999900E+04  -0.999900E+04  -0.999900E+04   0.220957E+00  -0.999900E+04  -0.999900E+04  -0.999900E+04  -0.999900E+04
   0.100000E+01   0.600000E+01   0.362667E+05   0.263605E+06   0.100000E+01   0.600000E+01   0.362667E+05   0.263605E+06   0.192390E+03  -0.999900E+04  -0.999900E+04  -0.999900E+04  -0.999900E+04   0.192390E+03  -0.999900E+04  -0.999900E+04  -0.999900E+04  -0.999900E+04   0.192328E+03   0.945969E+02   0.118675E+01   0.247815E+02   0.150000E+02   0.622951E-01  -0.999900E+04  -0.999900E+04  -0.999900E+04  -0.999900E+04   0.273183E+00  -0.999900E+04  -0.999900E+04  -0.999900E+04  -0.999900E+04
   0.100000E+01   0.600000E+01   0.363203E+05   0.263620E+06   0.100000E+01   0.600000E+01   0.363203E+05   0.263620E+06   0.192235E+03  -0.999900E+04  -0.999900E+04  -0.999900E+04  -0.999900E+04   0.192235E+03  -0.999900E+04  -0.999900E+04  -0.999900E+04  -0.999900E+04   0.192219E+03   0.945956E+02   0.102121E+01   0.247815E+02   0.150000E+02   0.163700E-01  -0.999900E+04  -0.999900E+04  -0.999900E+04  -0.999900E+04   0.717875E-01  -0.999900E+04  -0.999900E+04  -0.999900E+04  -0.999900E+04
   0.100000E+01   0.600000E+01   0.363740E+05   0.263650E+06   0.100000E+01   0.600000E+01   0.363740E+05   0.263650E+06   0.192125E+03  -0.999900E+04  -0.999900E+04  -0.999900E+04  -0.999900E+04   0.192125E+03  -0.999900E+04  -0.999900E+04  -0.999900E+04  -0.999900E+04   0.192165E+03   0.945953E+02   0.872918E+00   0.247815E+02   0.150000E+02  -0.396245E-01  -0.999900E+04  -0.999900E+04  -0.999900E+04  -0.999900E+04  -0.173765E+00  -0.999900E+04  -0.999900E+04  -0.999900E+04  -0.999900E+04
   0.100000E+01   0.600000E+01   0.364275E+05   0.263675E+06   0.100000E+01   0.600000E+01   0.364275E+05   0.263675E+06   0.192143E+03  -0.999900E+04  -0.999900E+04  -0.999900E+04  -0.999900E+04   0.192143E+03  -0.999900E+04  -0.999900E+04  -0.999900E+04  -0.999900E+04   0.192056E+03   0.945951E+02   0.123991E+01   0.247815E+02   0.150000E+02   0.864398E-01  -0.999900E+04  -0.999900E+04  -0.999900E+04  -0.999900E+04   0.379065E+00  -0.999900E+04  -0.999900E+04  -0.999900E+04  -0.999900E+04
   0.100000E+01   0.600000E+01   0.364810E+05   0.263685E+06   0.100000E+01   0.600000E+01   0.364810E+05   0.263685E+06   0.192070E+03  -0.999900E+04  -0.999900E+04  -0.999900E+04  -0.999900E+04   0.192070E+03  -0.999900E+04  -0.999900E+04  -0.999900E+04  -0.999900E+04   0.191972E+03   0.945942E+02   0.107067E+01   0.247815E+02   0.150000E+02   0.984172E-01  -0.999900E+04  -0.999900E+04  -0.999900E+04  -0.999900E+04   0.431589E+00  -0.999900E+04  -0.999900E+04  -0.999900E+04  -0.999900E+04
   0.100000E+01   0.600000E+01   0.365925E+05   0.263727E+06   0.100000E+01   0.600000E+01   0.365925E+05   0.263727E+06   0.191730E+03  -0.999900E+04  -0.999900E+04  -0.999900E+04  -0.999900E+04   0.191730E+03  -0.999900E+04  -0.999900E+04  -0.999900E+04  -0.999900E+04   0.191749E+03   0.945928E+02   0.112761E+01   0.247815E+02   0.150000E+02  -0.187889E-01  -0.999900E+04  -0.999900E+04  -0.999900E+04  -0.999900E+04  -0.823950E-01  -0.999900E+04  -0.999900E+04  -0.999900E+04  -0.999900E+04
   0.100000E+01   0.600000E+01   0.367040E+05   0.263752E+06   0.100000E+01   0.600000E+01   0.367040E+05   0.263752E+06   0.191655E+03  -0.999900E+04  -0.999900E+04  -0.999900E+04  -0.999900E+04   0.191655E+03  -0.999900E+04  -0.999900E+04  -0.999900E+04  -0.999900E+04   0.191630E+03   0.945909E+02   0.868435E+00   0.247815E+02   0.150000E+02   0.254649E-01  -0.999900E+04  -0.999900E+04  -0.999900E+04  -0.999900E+04   0.111671E+00  -0.999900E+04  -0.999900E+04  -0.999900E+04  -0.999900E+04
   0.100000E+01   0.600000E+01   0.367765E+05   0.263783E+06   0.100000E+01   0.600000E+01   0.367765E+05   0.263783E+06   0.191610E+03  -0.999900E+04  -0.999900E+04  -0.999900E+04  -0.999900E+04   0.191610E+03  -0.999900E+04  -0.999900E+04  -0.999900E+04  -0.999900E+04   0.191561E+03   0.945904E+02   0.901904E+00   0.247815E+02   0.150000E+02   0.491739E-01  -0.999900E+04  -0.999900E+04  -0.999900E+04  -0.999900E+04   0.215642E+00  -0.999900E+04  -0.999900E+04  -0.999900E+04  -0.999900E+04
   0.100000E+01   0.600000E+01   0.368490E+05   0.263796E+06   0.100000E+01   0.600000E+01   0.368490E+05   0.263796E+06   0.191575E+03  -0.999900E+04  -0.999900E+04  -0.999900E+04  -0.999900E+04   0.191575E+03  -0.999900E+04  -0.999900E+04  -0.999900E+04  -0.999900E+04   0.191502E+03   0.945890E+02   0.832251E+00   0.247815E+02   0.150000E+02   0.730991E-01  -0.999900E+04  -0.999900E+04  -0.999900E+04  -0.999900E+04   0.320561E+00  -0.999900E+04  -0.999900E+04  -0.999900E+04  -0.999900E+04
   0.100000E+01   0.600000E+01   0.369440E+05   0.263831E+06   0.100000E+01   0.600000E+01   0.369440E+05   0.263831E+06   0.191438E+03  -0.999900E+04  -0.999900E+04  -0.999900E+04  -0.999900E+04   0.191438E+03  -0.999900E+04  -0.999900E+04  -0.999900E+04  -0.999900E+04   0.191308E+03   0.945876E+02   0.116139E+01   0.247815E+02   0.150000E+02   0.129821E+00  -0.999900E+04  -0.999900E+04  -0.999900E+04  -0.999900E+04   0.569304E+00  -0.999900E+04  -0.999900E+04  -0.999900E+04  -0.999900E+04
   0.100000E+01   0.600000E+01   0.370035E+05   0.263848E+06   0.100000E+01   0.600000E+01   0.370035E+05   0.263848E+06   0.191130E+03  -0.999900E+04  -0.999900E+04  -0.999900E+04  -0.999900E+04   0.191130E+03  -0.999900E+04  -0.999900E+04  -0.999900E+04  -0.999900E+04   0.191018E+03   0.945865E+02   0.159909E+01   0.247815E+02   0.150000E+02   0.111831E+00  -0.999900E+04  -0.999900E+04  -0.999900E+04  -0.999900E+04   0.490415E+00  -0.999900E+04  -0.999900E+04  -0.999900E+04  -0.999900E+04
   0.100000E+01   0.600000E+01   0.370630E+05   0.263863E+06   0.100000E+01   0.600000E+01   0.370630E+05   0.263863E+06   0.190850E+03  -0.999900E+04  -0.999900E+04  -0.999900E+04  -0.999900E+04   0.190850E+03  -0.999900E+04  -0.999900E+04  -0.999900E+04  -0.999900E+04   0.190781E+03   0.945855E+02   0.150172E+01   0.247815E+02   0.150000E+02   0.686449E-01  -0.999900E+04  -0.999900E+04  -0.999900E+04  -0.999900E+04   0.301028E+00  -0.999900E+04  -0.999900E+04  -0.999900E+04  -0.999900E+04
   0.100000E+01   0.600000E+01   0.371155E+05   0.263876E+06   0.100000E+01   0.600000E+01   0.371155E+05   0.263876E+06   0.190760E+03  -0.999900E+04  -0.999900E+04  -0.999900E+04  -0.999900E+04   0.190760E+03  -0.999900E+04  -0.999900E+04  -0.999900E+04  -0.999900E+04   0.190574E+03   0.945849E+02   0.164948E+01   0.247815E+02   0.150000E+02   0.185771E+00  -0.999900E+04  -0.999900E+04  -0.999900E+04  -0.999900E+04   0.814660E+00  -0.999900E+04  -0.999900E+04  -0.999900E+04  -0.999900E+04
   0.100000E+01   0.600000E+01   0.371680E+05   0.263888E+06   0.100000E+01   0.600000E+01   0.371680E+05   0.263888E+06   0.190688E+03  -0.999900E+04  -0.999900E+04  -0.999900E+04  -0.999900E+04   0.190688E+03  -0.999900E+04  -0.999900E+04  -0.999900E+04  -0.999900E+04   0.190295E+03   0.945846E+02   0.189593E+01   0.247815E+02   0.150000E+02   0.392734E+00  -0.999900E+04  -0.999900E+04  -0.999900E+04  -0.999900E+04   0.172226E+01  -0.999900E+04  -0.999900E+04  -0.999900E+04  -0.999900E+04
   0.100000E+01   0.600000E+01   0.372150E+05   0.263891E+06   0.100000E+01   0.600000E+01   0.372150E+05   0.263891E+06   0.190655E+03  -0.999900E+04  -0.999900E+04  -0.999900E+04  -0.999900E+04   0.190655E+03  -0.999900E+04  -0.999900E+04  -0.999900E+04  -0.999900E+04   0.190173E+03   0.945839E+02   0.142683E+01   0.247815E+02   0.150000E+02   0.482044E+00  -0.999900E+04  -0.999900E+04  -0.999900E+04  -0.999900E+04   0.211391E+01  -0.999900E+04  -0.999900E+04  -0.999900E+04  -0.999900E+04
   0.100000E+01   0.600000E+01   0.372610E+05   0.263921E+06   0.100000E+01   0.600000E+01   0.372610E+05   0.263921E+06   0.190645E+03  -0.999900E+04  -0.999900E+04  -0.999900E+04  -0.999900E+04   0.190645E+03  -0.999900E+04  -0.999900E+04  -0.999900E+04  -0.999900E+04   0.189640E+03   0.945846E+02   0.244194E+01   0.247815E+02   0.150000E+02   0.100516E+01  -0.999900E+04  -0.999900E+04  -0.999900E+04  -0.999900E+04   0.440793E+01  -0.999900E+04  -0.999900E+04  -0.999900E+04  -0.999900E+04
   0.100000E+01   0.600000E+01   0.372900E+05   0.263931E+06   0.100000E+01   0.600000E+01   0.372900E+05   0.263931E+06   0.190662E+03  -0.999900E+04  -0.999900E+04  -0.999900E+04  -0.999900E+04   0.190662E+03  -0.999900E+04  -0.999900E+04  -0.999900E+04  -0.999900E+04   0.189379E+03   0.945845E+02   0.225552E+01   0.247815E+02   0.150000E+02   0.128386E+01  -0.999900E+04  -0.999900E+04  -0.999900E+04  -0.999900E+04   0.563012E+01  -0.999900E+04  -0.999900E+04  -0.999900E+04  -0.999900E+04
   0.100000E+01   0.600000E+01   0.373280E+05   0.263953E+06   0.100000E+01   0.600000E+01   0.373280E+05   0.263953E+06   0.190625E+03  -0.999900E+04  -0.999900E+04  -0.999900E+04  -0.999900E+04   0.190625E+03  -0.999900E+04  -0.999900E+04  -0.999900E+04  -0.999900E+04   0.189036E+03   0.945849E+02   0.201124E+01   0.247815E+02   0.150000E+02   0.158863E+01  -0.999900E+04  -0.999900E+04  -0.999900E+04  -0.999900E+04   0.696661E+01  -0.999900E+04  -0.999900E+04  -0.999900E+04  -0.999900E+04
   0.100000E+01   0.600000E+01   0.373990E+05   0.263961E+06   0.100000E+01   0.600000E+01   0.373990E+05   0.263961E+06   0.190560E+03  -0.999900E+04  -0.999900E+04  -0.999900E+04  -0.999900E+04   0.190560E+03  -0.999900E+04  -0.999900E+04  -0.999900E+04  -0.999900E+04   0.188644E+03   0.945839E+02   0.194826E+01   0.247815E+02   0.150000E+02   0.191573E+01  -0.999900E+04  -0.999900E+04  -0.999900E+04  -0.999900E+04   0.840105E+01  -0.999900E+04  -0.999900E+04  -0.999900E+04  -0.999900E+04
   0.100000E+01   0.600000E+01   0.374440E+05   0.263983E+06   0.100000E+01   0.600000E+01   0.374440E+05   0.263983E+06   0.190455E+03  -0.999900E+04  -0.999900E+04  -0.999900E+04  -0.999900E+04   0.190455E+03  -0.999900E+04  -0.999900E+04  -0.999900E+04  -0.999900E+04   0.188396E+03   0.945840E+02   0.190835E+01   0.247815E+02   0.150000E+02   0.205923E+01  -0.999900E+04  -0.999900E+04  -0.999900E+04  -0.999900E+04   0.903032E+01  -0.999900E+04  -0.999900E+04  -0.999900E+04  -0.999900E+04
   0.200000E+01   0.300000E+01   0.270000E+05   0.259200E+06   0.200000E+01   0.300000E+01   0.270000E+05   0.259200E+06   0.182617E+03  -0.999900E+04  -0.999900E+04  -0.999900E+04  -0.999900E+04   0.182617E+03  -0.999900E+04  -0.999900E+04  -0.999900E+04  -0.999900E+04   0.182391E+03   0.684129E+03   0.818297E+00   0.400061E+02   0.200000E+02   0.225921E+00  -0.999900E+04  -0.999900E+04  -0.999900E+04  -0.999900E+04   0.990730E+00  -0.999900E+04  -0.999900E+04  -0.999900E+04  -0.999900E+04
   0.200000E+01   0.300000E+01   0.276000E+05   0.259200E+06   0.200000E+01   0.300000E+01   0.276000E+05   0.259200E+06   0.182620E+03  -0.999900E+04  -0.999900E+04  -0.999900E+04  -0.999900E+04   0.182620E+03  -0.999900E+04  -0.999900E+04  -0.999900E+04  -0.999900E+04   0.182426E+03   0.684142E+03   0.976365E+00   0.400061E+02   0.200000E+02   0.193783E+00  -0.999900E+04  -0.999900E+04  -0.999900E+04  -0.999900E+04   0.849797E+00  -0.999900E+04  -0.999900E+04  -0.999900E+04  -0.999900E+04
   0.200000E+01   0.300000E+01   0.276500E+05   0.259200E+06   0.200000E+01   0.300000E+01   0.276500E+05   0.259200E+06   0.182633E+03  -0.999900E+04  -0.999900E+04  -0.999900E+04  -0.999900E+04   0.182633E+03  -0.999900E+04  -0.999900E+04  -0.999900E+04  -0.999900E+04   0.182430E+03   0.684151E+03   0.987012E+00   0.400061E+02   0.200000E+02   0.203077E+00  -0.999900E+04  -0.999900E+04  -0.999900E+04  -0.999900E+04   0.890553E+00  -0.999900E+04  -0.999900E+04  -0.999900E+04  -0.999900E+04
   0.200000E+01   0.300000E+01   0.277000E+05   0.259200E+06   0.200000E+01   0.300000E+01   0.277000E+05   0.259200E+06   0.182627E+03  -0.999900E+04  -0.999900E+04  -0.999900E+04  -0.999900E+04   0.182627E+03  -0.999900E+04  -0.999900E+04  -0.999900E+04  -0.999900E+04   0.182434E+03   0.684161E+03   0.100162E+01   0.400061E+02   0.200000E+02   0.193952E+00  -0.999900E+04  -0.999900E+04  -0.999900E+04  -0.999900E+04   0.850538E+00  -0.999900E+04  -0.999900E+04  -0.999900E+04  -0.999900E+04
   0.200000E+01   0.300000E+01   0.277500E+05   0.259200E+06   0.200000E+01   0.300000E+01   0.277500E+05   0.259200E+06   0.182634E+03  -0.999900E+04  -0.999900E+04  -0.999900E+04  -0.999900E+04   0.182634E+03  -0.999900E+04  -0.999900E+04  -0.999900E+04  -0.999900E+04   0.182437E+03   0.684172E+03   0.101956E+01   0.400061E+02   0.200000E+02   0.197532E+00  -0.999900E+04  -0.999900E+04  -0.999900E+04  -0.999900E+04   0.866239E+00  -0.999900E+04  -0.999900E+04  -0.999900E+04  -0.999900E+04
   0.200000E+01   0.300000E+01   0.278000E+05   0.259200E+06   0.200000E+01   0.300000E+01   0.278000E+05   0.259200E+06   0.182642E+03  -0.999900E+04  -0.999900E+04  -0.999900E+04  -0.999900E+04   0.182642E+03  -0.999900E+04  -0.999900E+04  -0.999900E+04  -0.999900E+04   0.182440E+03   0.684183E+03   0.103970E+01   0.400061E+02   0.200000E+02   0.202581E+00  -0.999900E+04  -0.999900E+04  -0.999900E+04  -0.999900E+04   0.888377E+00  -0.999900E+04  -0.999900E+04  -0.999900E+04  -0.999900E+04
   0.200000E+01   0.300000E+01   0.279000E+05   0.259200E+06   0.200000E+01   0.300000E+01   0.279000E+05   0.259200E+06   0.182648E+03  -0.999900E+04  -0.999900E+04  -0.999900E+04  -0.999900E+04   0.182648E+03  -0.999900E+04  -0.999900E+04  -0.999900E+04  -0.999900E+04   0.182446E+03   0.684207E+03   0.107856E+01   0.400061E+02   0.200000E+02   0.201180E+00  -0.999900E+04  -0.999900E+04  -0.999900E+04  -0.999900E+04   0.882237E+00  -0.999900E+04  -0.999900E+04  -0.999900E+04  -0.999900E+04
   0.200000E+01   0.300000E+01   0.279500E+05   0.259200E+06   0.200000E+01   0.300000E+01   0.279500E+05   0.259200E+06   0.182655E+03  -0.999900E+04  -0.999900E+04  -0.999900E+04  -0.999900E+04   0.182655E+03  -0.999900E+04  -0.999900E+04  -0.999900E+04  -0.999900E+04   0.182450E+03   0.684221E+03   0.109142E+01   0.400061E+02   0.200000E+02   0.204376E+00  -0.999900E+04  -0.999900E+04  -0.999900E+04  -0.999900E+04   0.896249E+00  -0.999900E+04  -0.999900E+04  -0.999900E+04  -0.999900E+04
   0.200000E+01   0.300000E+01   0.285000E+05   0.259200E+06   0.200000E+01   0.300000E+01   0.285000E+05   0.259200E+06   0.182738E+03  -0.999900E+04  -0.999900E+04  -0.999900E+04  -0.999900E+04   0.182738E+03  -0.999900E+04  -0.999900E+04  -0.999900E+04  -0.999900E+04   0.182526E+03   0.684525E+03   0.115419E+01   0.400061E+02   0.200000E+02   0.211587E+00  -0.999900E+04  -0.999900E+04  -0.999900E+04  -0.999900E+04   0.927873E+00  -0.999900E+04  -0.999900E+04  -0.999900E+04  -0.999900E+04
   0.200000E+01   0.300000E+01   0.286250E+05   0.259200E+06   0.200000E+01   0.300000E+01   0.286250E+05   0.259200E+06   0.182741E+03  -0.999900E+04  -0.999900E+04  -0.999900E+04  -0.999900E+04   0.182741E+03  -0.999900E+04  -0.999900E+04  -0.999900E+04  -0.999900E+04   0.182554E+03   0.684659E+03   0.114163E+01   0.400061E+02   0.200000E+02   0.187167E+00  -0.999900E+04  -0.999900E+04  -0.999900E+04  -0.999900E+04   0.820783E+00  -0.999900E+04  -0.999900E+04  -0.999900E+04  -0.999900E+04
   0.200000E+01   0.300000E+01   0.287500E+05   0.259200E+06   0.200000E+01   0.300000E+01   0.287500E+05   0.259200E+06   0.182750E+03  -0.999900E+04  -0.999900E+04  -0.999900E+04  -0.999900E+04   0.182750E+03  -0.999900E+04  -0.999900E+04  -0.999900E+04  -0.999900E+04   0.182579E+03   0.684808E+03   0.112471E+01   0.400061E+02   0.200000E+02   0.171704E+00  -0.999900E+04  -0.999900E+04  -0.999900E+04  -0.999900E+04   0.752972E+00  -0.999900E+04  -0.999900E+04  -0.999900E+04  -0.999900E+04
   0.200000E+01   0.300000E+01   0.288750E+05   0.259200E+06   0.200000E+01   0.300000E+01   0.288750E+05   0.259200E+06   0.182783E+03  -0.999900E+04  -0.999900E+04  -0.999900E+04  -0.999900E+04   0.182783E+03  -0.999900E+04  -0.999900E+04  -0.999900E+04  -0.999900E+04   0.182601E+03   0.684962E+03   0.110366E+01   0.400061E+02   0.200000E+02   0.182338E+00  -0.999900E+04  -0.999900E+04  -0.999900E+04  -0.999900E+04   0.799606E+00  -0.999900E+04  -0.999900E+04  -0.999900E+04  -0.999900E+04
   0.200000E+01   0.300000E+01   0.290000E+05   0.259200E+06   0.200000E+01   0.300000E+01   0.290000E+05   0.259200E+06   0.182823E+03  -0.999900E+04  -0.999900E+04  -0.999900E+04  -0.999900E+04   0.182823E+03  -0.999900E+04  -0.999900E+04  -0.999900E+04  -0.999900E+04   0.182619E+03   0.685118E+03   0.108969E+01   0.400061E+02   0.200000E+02   0.204290E+00  -0.999900E+04  -0.999900E+04  -0.999900E+04  -0.999900E+04   0.895873E+00  -0.999900E+04  -0.999900E+04  -0.999900E+04  -0.999900E+04
   0.200000E+01   0.300000E+01   0.291250E+05   0.259200E+06   0.200000E+01   0.300000E+01   0.291250E+05   0.259200E+06   0.182872E+03  -0.999900E+04  -0.999900E+04  -0.999900E+04  -0.999900E+04   0.182872E+03  -0.999900E+04  -0.999900E+04  -0.999900E+04  -0.999900E+04   0.182627E+03   0.685291E+03   0.118542E+01   0.400061E+02   0.200000E+02   0.245035E+00  -0.999900E+04  -0.999900E+04  -0.999900E+04  -0.999900E+04   0.107455E+01  -0.999900E+04  -0.999900E+04  -0.999900E+04  -0.999900E+04
   0.200000E+01   0.300000E+01   0.295000E+05   0.259200E+06   0.200000E+01   0.300000E+01   0.295000E+05   0.259200E+06   0.182995E+03  -0.999900E+04  -0.999900E+04  -0.999900E+04  -0.999900E+04   0.182995E+03  -0.999900E+04  -0.999900E+04  -0.999900E+04  -0.999900E+04   0.182737E+03   0.685976E+03   0.138467E+01   0.400061E+02   0.200000E+02   0.258558E+00  -0.999900E+04  -0.999900E+04  -0.999900E+04  -0.999900E+04   0.113386E+01  -0.999900E+04  -0.999900E+04  -0.999900E+04  -0.999900E+04
   0.200000E+01   0.300000E+01   0.305000E+05   0.259200E+06   0.200000E+01   0.300000E+01   0.305000E+05   0.259200E+06   0.183182E+03  -0.999900E+04  -0.999900E+04  -0.999900E+04  -0.999900E+04   0.183182E+03  -0.999900E+04  -0.999900E+04  -0.999900E+04  -0.999900E+04   0.183065E+03   0.688904E+03   0.140458E+01   0.400061E+02   0.200000E+02   0.116647E+00  -0.999900E+04  -0.999900E+04  -0.999900E+04  -0.999900E+04   0.511530E+00  -0.999900E+04  -0.999900E+04  -0.999900E+04  -0.999900E+04
   0.200000E+01   0.300000E+01   0.305250E+05   0.259200E+06   0.200000E+01   0.300000E+01   0.305250E+05   0.259200E+06   0.183176E+03  -0.999900E+04  -0.999900E+04  -0.999900E+04  -0.999900E+04   0.183176E+03  -0.999900E+04  -0.999900E+04  -0.999900E+04  -0.999900E+04   0.183070E+03   0.688953E+03   0.140081E+01   0.400061E+02   0.200000E+02   0.105465E+00  -0.999900E+04  -0.999900E+04  -0.999900E+04  -0.999900E+04   0.462498E+00  -0.999900E+04  -0.999900E+04  -0.999900E+04  -0.999900E+04
   0.200000E+01   0.300000E+01   0.305500E+05   0.259200E+06   0.200000E+01   0.300000E+01   0.305500E+05   0.259200E+06   0.183202E+03  -0.999900E+04  -0.999900E+04  -0.999900E+04  -0.999900E+04   0.183202E+03  -0.999900E+04  -0.999900E+04  -0.999900E+04  -0.999900E+04   0.183076E+03   0.689003E+03   0.139360E+01   0.400061E+02   0.200000E+02   0.126465E+00  -0.999900E+04  -0.999900E+04  -0.999900E+04  -0.999900E+04   0.554589E+00  -0.999900E+04  -0.999900E+04  -0.999900E+04  -0.999900E+04
   0.200000E+01   0.300000E+01   0.306000E+05   0.259200E+06   0.200000E+01   0.300000E+01   0.306000E+05   0.259200E+06   0.183228E+03  -0.999900E+04  -0.999900E+04  -0.999900E+04  -0.999900E+04   0.183228E+03  -0.999900E+04  -0.999900E+04  -0.999900E+04  -0.999900E+04   0.183088E+03   0.689110E+03   0.137783E+01   0.400061E+02   0.200000E+02   0.140592E+00  -0.999900E+04  -0.999900E+04  -0.999900E+04  -0.999900E+04   0.616540E+00  -0.999900E+04  -0.999900E+04  -0.999900E+04  -0.999900E+04
   0.200000E+01   0.300000E+01   0.306500E+05   0.259200E+06   0.200000E+01   0.300000E+01   0.306500E+05   0.259200E+06   0.183220E+03  -0.999900E+04  -0.999900E+04  -0.999900E+04  -0.999900E+04   0.183220E+03  -0.999900E+04  -0.999900E+04  -0.999900E+04  -0.999900E+04   0.183099E+03   0.689228E+03   0.137160E+01   0.400061E+02   0.200000E+02   0.121476E+00  -0.999900E+04  -0.999900E+04  -0.999900E+04  -0.999900E+04   0.532707E+00  -0.999900E+04  -0.999900E+04  -0.999900E+04  -0.999900E+04
   0.200000E+01   0.300000E+01   0.307250E+05   0.259200E+06   0.200000E+01   0.300000E+01   0.307250E+05   0.259200E+06   0.183234E+03  -0.999900E+04  -0.999900E+04  -0.999900E+04  -0.999900E+04   0.183234E+03  -0.999900E+04  -0.999900E+04  -0.999900E+04  -0.999900E+04   0.183115E+03   0.689426E+03   0.137804E+01   0.400061E+02   0.200000E+02   0.119486E+00  -0.999900E+04  -0.999900E+04  -0.999900E+04  -0.999900E+04   0.523982E+00  -0.999900E+04  -0.999900E+04  -0.999900E+04  -0.999900E+04
   0.200000E+01   0.300000E+01   0.307500E+05   0.259200E+06   0.200000E+01   0.300000E+01   0.307500E+05   0.259200E+06   0.183231E+03  -0.999900E+04  -0.999900E+04  -0.999900E+04  -0.999900E+04   0.183231E+03  -0.999900E+04  -0.999900E+04  -0.999900E+04  -0.999900E+04   0.183121E+03   0.689496E+03   0.137755E+01   0.400061E+02   0.200000E+02   0.109483E+00  -0.999900E+04  -0.999900E+04  -0.999900E+04  -0.999900E+04   0.480114E+00  -0.999900E+04  -0.999900E+04  -0.999900E+04  -0.999900E+04
   0.200000E+01   0.300000E+01   0.310000E+05   0.259200E+06   0.200000E+01   0.300000E+01   0.310000E+05   0.259200E+06   0.183300E+03  -0.999900E+04  -0.999900E+04  -0.999900E+04  -0.999900E+04   0.183300E+03  -0.999900E+04  -0.999900E+04  -0.999900E+04  -0.999900E+04   0.183189E+03   0.690169E+03   0.149361E+01   0.400061E+02   0.200000E+02   0.111215E+00  -0.999900E+04  -0.999900E+04  -0.999900E+04  -0.999900E+04   0.487710E+00  -0.999900E+04  -0.999900E+04  -0.999900E+04  -0.999900E+04
   0.200000E+01   0.300000E+01   0.313500E+05   0.259200E+06   0.200000E+01   0.300000E+01   0.313500E+05   0.259200E+06   0.183382E+03  -0.999900E+04  -0.999900E+04  -0.999900E+04  -0.999900E+04   0.183382E+03  -0.999900E+04  -0.999900E+04  -0.999900E+04  -0.999900E+04   0.183252E+03   0.691033E+03   0.176785E+01   0.400061E+02   0.200000E+02   0.129479E+00  -0.999900E+04  -0.999900E+04  -0.999900E+04  -0.999900E+04   0.567804E+00  -0.999900E+04  -0.999900E+04  -0.999900E+04  -0.999900E+04
   0.200000E+01   0.300000E+01   0.314000E+05   0.259200E+06   0.200000E+01   0.300000E+01   0.314000E+05   0.259200E+06   0.183412E+03  -0.999900E+04  -0.999900E+04  -0.999900E+04  -0.999900E+04   0.183412E+03  -0.999900E+04  -0.999900E+04  -0.999900E+04  -0.999900E+04   0.183245E+03   0.691159E+03   0.193069E+01   0.400061E+02   0.200000E+02   0.167457E+00  -0.999900E+04  -0.999900E+04  -0.999900E+04  -0.999900E+04   0.734351E+00  -0.999900E+04  -0.999900E+04  -0.999900E+04  -0.999900E+04
   0.200000E+01   0.300000E+01   0.314500E+05   0.259200E+06   0.200000E+01   0.300000E+01   0.314500E+05   0.259200E+06   0.183470E+03  -0.999900E+04  -0.999900E+04  -0.999900E+04  -0.999900E+04   0.183470E+03  -0.999900E+04  -0.999900E+04  -0.999900E+04  -0.999900E+04   0.183240E+03   0.691285E+03   0.210696E+01   0.400061E+02   0.200000E+02   0.229466E+00  -0.999900E+04  -0.999900E+04  -0.999900E+04  -0.999900E+04   0.100628E+01  -0.999900E+04  -0.999900E+04  -0.999900E+04  -0.999900E+04
   0.200000E+01   0.300000E+01   0.316250E+05   0.259200E+06   0.200000E+01   0.300000E+01   0.316250E+05   0.259200E+06   0.183492E+03  -0.999900E+04  -0.999900E+04  -0.999900E+04  -0.999900E+04   0.183492E+03  -0.999900E+04  -0.999900E+04  -0.999900E+04  -0.999900E+04   0.183377E+03   0.691768E+03   0.213598E+01   0.400061E+02   0.200000E+02   0.115238E+00  -0.999900E+04  -0.999900E+04  -0.999900E+04  -0.999900E+04   0.505355E+00  -0.999900E+04  -0.999900E+04  -0.999900E+04  -0.999900E+04
   0.200000E+01   0.300000E+01   0.317500E+05   0.259200E+06   0.200000E+01   0.300000E+01   0.317500E+05   0.259200E+06   0.183515E+03  -0.999900E+04  -0.999900E+04  -0.999900E+04  -0.999900E+04   0.183515E+03  -0.999900E+04  -0.999900E+04  -0.999900E+04  -0.999900E+04   0.183502E+03   0.692183E+03   0.204449E+01   0.400061E+02   0.200000E+02   0.133605E-01  -0.999900E+04  -0.999900E+04  -0.999900E+04  -0.999900E+04   0.585898E-01  -0.999900E+04  -0.999900E+04  -0.999900E+04  -0.999900E+04
   0.200000E+01   0.300000E+01   0.318750E+05   0.259200E+06   0.200000E+01   0.300000E+01   0.318750E+05   0.259200E+06   0.183702E+03  -0.999900E+04  -0.999900E+04  -0.999900E+04  -0.999900E+04   0.183702E+03  -0.999900E+04  -0.999900E+04  -0.999900E+04  -0.999900E+04   0.183590E+03   0.692612E+03   0.209984E+01   0.400061E+02   0.200000E+02   0.112266E+00  -0.999900E+04  -0.999900E+04  -0.999900E+04  -0.999900E+04   0.492322E+00  -0.999900E+04  -0.999900E+04  -0.999900E+04  -0.999900E+04
   0.200000E+01   0.300000E+01   0.320000E+05   0.259200E+06   0.200000E+01   0.300000E+01   0.320000E+05   0.259200E+06   0.183876E+03  -0.999900E+04  -0.999900E+04  -0.999900E+04  -0.999900E+04   0.183876E+03  -0.999900E+04  -0.999900E+04  -0.999900E+04  -0.999900E+04   0.183690E+03   0.693010E+03   0.207114E+01   0.400061E+02   0.200000E+02   0.186116E+00  -0.999900E+04  -0.999900E+04  -0.999900E+04  -0.999900E+04   0.816175E+00  -0.999900E+04  -0.999900E+04  -0.999900E+04  -0.999900E+04
   0.200000E+01   0.300000E+01   0.321250E+05   0.259200E+06   0.200000E+01   0.300000E+01   0.321250E+05   0.259200E+06   0.183926E+03  -0.999900E+04  -0.999900E+04  -0.999900E+04  -0.999900E+04   0.183926E+03  -0.999900E+04  -0.999900E+04  -0.999900E+04  -0.999900E+04   0.183739E+03   0.693405E+03   0.229192E+01   0.400061E+02   0.200000E+02   0.187083E+00  -0.999900E+04  -0.999900E+04  -0.999900E+04  -0.999900E+04   0.820415E+00  -0.999900E+04  -0.999900E+04  -0.999900E+04  -0.999900E+04
   0.200000E+01   0.300000E+01   0.323750E+05   0.259200E+06   0.200000E+01   0.300000E+01   0.323750E+05   0.259200E+06   0.184131E+03  -0.999900E+04  -0.999900E+04  -0.999900E+04  -0.999900E+04   0.184131E+03  -0.999900E+04  -0.999900E+04  -0.999900E+04  -0.999900E+04   0.184025E+03   0.694225E+03   0.221933E+01   0.400061E+02   0.200000E+02   0.105270E+00  -0.999900E+04  -0.999900E+04  -0.999900E+04  -0.999900E+04   0.461642E+00  -0.999900E+04  -0.999900E+04  -0.999900E+04  -0.999900E+04
   0.200000E+01   0.300000E+01   0.325000E+05   0.259200E+06   0.200000E+01   0.300000E+01   0.325000E+05   0.259200E+06   0.184208E+03  -0.999900E+04  -0.999900E+04  -0.999900E+04  -0.999900E+04   0.184208E+03  -0.999900E+04  -0.999900E+04  -0.999900E+04  -0.999900E+04   0.184200E+03   0.694701E+03   0.173516E+01   0.400061E+02   0.200000E+02   0.830305E-02  -0.999900E+04  -0.999900E+04  -0.999900E+04  -0.999900E+04   0.364114E-01  -0.999900E+04  -0.999900E+04  -0.999900E+04  -0.999900E+04
   0.200000E+01   0.300000E+01   0.326250E+05   0.259200E+06   0.200000E+01   0.300000E+01   0.326250E+05   0.259200E+06   0.184345E+03  -0.999900E+04  -0.999900E+04  -0.999900E+04  -0.999900E+04   0.184345E+03  -0.999900E+04  -0.999900E+04  -0.999900E+04  -0.999900E+04   0.184226E+03   0.695209E+03   0.194400E+01   0.400061E+02   0.200000E+02   0.118665E+00  -0.999900E+04  -0.999900E+04  -0.999900E+04  -0.999900E+04   0.520381E+00  -0.999900E+04  -0.999900E+04  -0.999900E+04  -0.999900E+04
   0.200000E+01   0.300000E+01   0.327500E+05   0.259200E+06   0.200000E+01   0.300000E+01   0.327500E+05   0.259200E+06   0.184560E+03  -0.999900E+04  -0.999900E+04  -0.999900E+04  -0.999900E+04   0.184560E+03  -0.999900E+04  -0.999900E+04  -0.999900E+04  -0.999900E+04   0.184302E+03   0.695739E+03   0.206073E+01   0.400061E+02   0.200000E+02   0.258190E+00  -0.999900E+04  -0.999900E+04  -0.999900E+04  -0.999900E+04   0.113224E+01  -0.999900E+04  -0.999900E+04  -0.999900E+04  -0.999900E+04
   0.200000E+01   0.300000E+01   0.331250E+05   0.259200E+06   0.200000E+01   0.300000E+01   0.331250E+05   0.259200E+06   0.184730E+03  -0.999900E+04  -0.999900E+04  -0.999900E+04  -0.999900E+04   0.184730E+03  -0.999900E+04  -0.999900E+04  -0.999900E+04  -0.999900E+04   0.184588E+03   0.697557E+03   0.194529E+01   0.400061E+02   0.200000E+02   0.141533E+00  -0.999900E+04  -0.999900E+04  -0.999900E+04  -0.999900E+04   0.620665E+00  -0.999900E+04  -0.999900E+04  -0.999900E+04  -0.999900E+04
   0.200000E+01   0.300000E+01   0.333000E+05   0.259200E+06   0.200000E+01   0.300000E+01   0.333000E+05   0.259200E+06   0.184773E+03  -0.999900E+04  -0.999900E+04  -0.999900E+04  -0.999900E+04   0.184773E+03  -0.999900E+04  -0.999900E+04  -0.999900E+04  -0.999900E+04   0.184699E+03   0.698275E+03   0.224561E+01   0.400061E+02   0.200000E+02   0.737186E-01  -0.999900E+04  -0.999900E+04  -0.999900E+04  -0.999900E+04   0.323278E+00  -0.999900E+04  -0.999900E+04  -0.999900E+04  -0.999900E+04
   0.200000E+01   0.300000E+01   0.334000E+05   0.259200E+06   0.200000E+01   0.300000E+01   0.334000E+05   0.259200E+06   0.184860E+03  -0.999900E+04  -0.999900E+04  -0.999900E+04  -0.999900E+04   0.184860E+03  -0.999900E+04  -0.999900E+04  -0.999900E+04  -0.999900E+04   0.184815E+03   0.698656E+03   0.214281E+01   0.400061E+02   0.200000E+02   0.449349E-01  -0.999900E+04  -0.999900E+04  -0.999900E+04  -0.999900E+04   0.197053E+00  -0.999900E+04  -0.999900E+04  -0.999900E+04  -0.999900E+04
   0.200000E+01   0.300000E+01   0.336250E+05   0.259200E+06   0.200000E+01   0.300000E+01   0.336250E+05   0.259200E+06   0.184994E+03  -0.999900E+04  -0.999900E+04  -0.999900E+04  -0.999900E+04   0.184994E+03  -0.999900E+04  -0.999900E+04  -0.999900E+04  -0.999900E+04   0.184995E+03   0.699526E+03   0.208691E+01   0.400061E+02   0.200000E+02  -0.109512E-02  -0.999900E+04  -0.999900E+04  -0.999900E+04  -0.999900E+04  -0.480242E-02  -0.999900E+04  -0.999900E+04  -0.999900E+04  -0.999900E+04
   0.200000E+01   0.300000E+01   0.337500E+05   0.259200E+06   0.200000E+01   0.300000E+01   0.337500E+05   0.259200E+06   0.185105E+03  -0.999900E+04  -0.999900E+04  -0.999900E+04  -0.999900E+04   0.185105E+03  -0.999900E+04  -0.999900E+04  -0.999900E+04  -0.999900E+04   0.185062E+03   0.700031E+03   0.230606E+01   0.400061E+02   0.200000E+02   0.428341E-01  -0.999900E+04  -0.999900E+04  -0.999900E+04  -0.999900E+04   0.187840E+00  -0.999900E+04  -0.999900E+04  -0.999900E+04  -0.999900E+04
   0.200000E+01   0.300000E+01   0.338750E+05   0.259200E+06   0.200000E+01   0.300000E+01   0.338750E+05   0.259200E+06   0.185220E+03  -0.999900E+04  -0.999900E+04  -0.999900E+04  -0.999900E+04   0.185220E+03  -0.999900E+04  -0.999900E+04  -0.999900E+04  -0.999900E+04   0.185169E+03   0.700537E+03   0.255005E+01   0.400061E+02   0.200000E+02   0.511326E-01  -0.999900E+04  -0.999900E+04  -0.999900E+04  -0.999900E+04   0.224232E+00  -0.999900E+04  -0.999900E+04  -0.999900E+04  -0.999900E+04
   0.200000E+01   0.300000E+01   0.342000E+05   0.259200E+06   0.200000E+01   0.300000E+01   0.342000E+05   0.259200E+06   0.185304E+03  -0.999900E+04  -0.999900E+04  -0.999900E+04  -0.999900E+04   0.185304E+03  -0.999900E+04  -0.999900E+04  -0.999900E+04  -0.999900E+04   0.185682E+03   0.701682E+03   0.200128E+01   0.400061E+02   0.200000E+02  -0.378385E+00  -0.999900E+04  -0.999900E+04  -0.999900E+04  -0.999900E+04  -0.165933E+01  -0.999900E+04  -0.999900E+04  -0.999900E+04  -0.999900E+04
   0.200000E+01   0.300000E+01   0.342500E+05   0.259200E+06   0.200000E+01   0.300000E+01   0.342500E+05   0.259200E+06   0.185312E+03  -0.999900E+04  -0.999900E+04  -0.999900E+04  -0.999900E+04   0.185312E+03  -0.999900E+04  -0.999900E+04  -0.999900E+04  -0.999900E+04   0.185717E+03   0.701825E+03   0.194756E+01   0.400061E+02   0.200000E+02  -0.405677E+00  -0.999900E+04  -0.999900E+04  -0.999900E+04  -0.999900E+04  -0.177901E+01  -0.999900E+04  -0.999900E+04  -0.999900E+04  -0.999900E+04
   0.200000E+01   0.300000E+01   0.343500E+05   0.259200E+06   0.200000E+01   0.300000E+01   0.343500E+05   0.259200E+06   0.185424E+03  -0.999900E+04  -0.999900E+04  -0.999900E+04  -0.999900E+04   0.185424E+03  -0.999900E+04  -0.999900E+04  -0.999900E+04  -0.999900E+04   0.185739E+03   0.702113E+03   0.209282E+01   0.400061E+02   0.200000E+02  -0.315093E+00  -0.999900E+04  -0.999900E+04  -0.999900E+04  -0.999900E+04  -0.138178E+01  -0.999900E+04  -0.999900E+04  -0.999900E+04  -0.999900E+04
   0.200000E+01   0.300000E+01   0.344000E+05   0.259200E+06   0.200000E+01   0.300000E+01   0.344000E+05   0.259200E+06   0.185553E+03  -0.999900E+04  -0.999900E+04  -0.999900E+04  -0.999900E+04   0.185553E+03  -0.999900E+04  -0.999900E+04  -0.999900E+04  -0.999900E+04   0.185739E+03   0.702257E+03   0.223944E+01   0.400061E+02   0.200000E+02  -0.186582E+00  -0.999900E+04  -0.999900E+04  -0.999900E+04  -0.999900E+04  -0.818216E+00  -0.999900E+04  -0.999900E+04  -0.999900E+04  -0.999900E+04
   0.200000E+01   0.300000E+01   0.344500E+05   0.259200E+06   0.200000E+01   0.300000E+01   0.344500E+05   0.259200E+06   0.185589E+03  -0.999900E+04  -0.999900E+04  -0.999900E+04  -0.999900E+04   0.185589E+03  -0.999900E+04  -0.999900E+04  -0.999900E+04  -0.999900E+04   0.185751E+03   0.702398E+03   0.235530E+01   0.400061E+02   0.200000E+02  -0.161424E+00  -0.999900E+04  -0.999900E+04  -0.999900E+04  -0.999900E+04  -0.707893E+00  -0.999900E+04  -0.999900E+04  -0.999900E+04  -0.999900E+04
   0.200000E+01   0.200000E+01   0.346250E+05   0.259200E+06   0.200000E+01   0.200000E+01   0.346250E+05   0.259200E+06   0.185713E+03  -0.999900E+04  -0.999900E+04  -0.999900E+04  -0.999900E+04   0.185713E+03  -0.999900E+04  -0.999900E+04  -0.999900E+04  -0.999900E+04   0.185873E+03   0.569049E+03   0.184272E+01   0.399166E+02   0.200000E+02  -0.160316E+00  -0.999900E+04  -0.999900E+04  -0.999900E+04  -0.999900E+04  -0.703035E+00  -0.999900E+04  -0.999900E+04  -0.999900E+04  -0.999900E+04
   0.200000E+01   0.200000E+01   0.347500E+05   0.259200E+06   0.200000E+01   0.200000E+01   0.347500E+05   0.259200E+06   0.185817E+03  -0.999900E+04  -0.999900E+04  -0.999900E+04  -0.999900E+04   0.185817E+03  -0.999900E+04  -0.999900E+04  -0.999900E+04  -0.999900E+04   0.185958E+03   0.569487E+03   0.175813E+01   0.399166E+02   0.200000E+02  -0.140523E+00  -0.999900E+04  -0.999900E+04  -0.999900E+04  -0.999900E+04  -0.616236E+00  -0.999900E+04  -0.999900E+04  -0.999900E+04  -0.999900E+04
   0.200000E+01   0.200000E+01   0.348750E+05   0.259200E+06   0.200000E+01   0.200000E+01   0.348750E+05   0.259200E+06   0.185856E+03  -0.999900E+04  -0.999900E+04  -0.999900E+04  -0.999900E+04   0.185856E+03  -0.999900E+04  -0.999900E+04  -0.999900E+04  -0.999900E+04   0.186036E+03   0.569953E+03   0.168623E+01   0.399166E+02   0.200000E+02  -0.180418E+00  -0.999900E+04  -0.999900E+04  -0.999900E+04  -0.999900E+04  -0.791185E+00  -0.999900E+04  -0.999900E+04  -0.999900E+04  -0.999900E+04
   0.200000E+01   0.200000E+01   0.350000E+05   0.259200E+06   0.200000E+01   0.200000E+01   0.350000E+05   0.259200E+06   0.185898E+03  -0.999900E+04  -0.999900E+04  -0.999900E+04  -0.999900E+04   0.185898E+03  -0.999900E+04  -0.999900E+04  -0.999900E+04  -0.999900E+04   0.186115E+03   0.570456E+03   0.154772E+01   0.399166E+02   0.200000E+02  -0.217039E+00  -0.999900E+04  -0.999900E+04  -0.999900E+04  -0.999900E+04  -0.951782E+00  -0.999900E+04  -0.999900E+04  -0.999900E+04  -0.999900E+04
   0.200000E+01   0.200000E+01   0.351000E+05   0.259200E+06   0.200000E+01   0.200000E+01   0.351000E+05   0.259200E+06   0.185956E+03  -0.999900E+04  -0.999900E+04  -0.999900E+04  -0.999900E+04   0.185956E+03  -0.999900E+04  -0.999900E+04  -0.999900E+04  -0.999900E+04   0.186159E+03   0.570873E+03   0.151384E+01   0.399166E+02   0.200000E+02  -0.202468E+00  -0.999900E+04  -0.999900E+04  -0.999900E+04  -0.999900E+04  -0.887882E+00  -0.999900E+04  -0.999900E+04  -0.999900E+04  -0.999900E+04
   0.200000E+01   0.200000E+01   0.351500E+05   0.259200E+06   0.200000E+01   0.200000E+01   0.351500E+05   0.259200E+06   0.186026E+03  -0.999900E+04  -0.999900E+04  -0.999900E+04  -0.999900E+04   0.186026E+03  -0.999900E+04  -0.999900E+04  -0.999900E+04  -0.999900E+04   0.186177E+03   0.571081E+03   0.151499E+01   0.399166E+02   0.200000E+02  -0.150916E+00  -0.999900E+04  -0.999900E+04  -0.999900E+04  -0.999900E+04  -0.661810E+00  -0.999900E+04  -0.999900E+04  -0.999900E+04  -0.999900E+04
   0.200000E+01   0.200000E+01   0.352500E+05   0.259200E+06   0.200000E+01   0.200000E+01   0.352500E+05   0.259200E+06   0.186077E+03  -0.999900E+04  -0.999900E+04  -0.999900E+04  -0.999900E+04   0.186077E+03  -0.999900E+04  -0.999900E+04  -0.999900E+04  -0.999900E+04   0.186206E+03   0.571472E+03   0.156749E+01   0.399166E+02   0.200000E+02  -0.129143E+00  -0.999900E+04  -0.999900E+04  -0.999900E+04  -0.999900E+04  -0.566330E+00  -0.999900E+04  -0.999900E+04  -0.999900E+04  -0.999900E+04
   0.200000E+01   0.200000E+01   0.353000E+05   0.259200E+06   0.200000E+01   0.200000E+01   0.353000E+05   0.259200E+06   0.186117E+03  -0.999900E+04  -0.999900E+04  -0.999900E+04  -0.999900E+04   0.186117E+03  -0.999900E+04  -0.999900E+04  -0.999900E+04  -0.999900E+04   0.186226E+03   0.571666E+03   0.156074E+01   0.399166E+02   0.200000E+02  -0.108577E+00  -0.999900E+04  -0.999900E+04  -0.999900E+04  -0.999900E+04  -0.476145E+00  -0.999900E+04  -0.999900E+04  -0.999900E+04  -0.999900E+04
   0.200000E+01   0.200000E+01   0.353500E+05   0.259200E+06   0.200000E+01   0.200000E+01   0.353500E+05   0.259200E+06   0.186160E+03  -0.999900E+04  -0.999900E+04  -0.999900E+04  -0.999900E+04   0.186160E+03  -0.999900E+04  -0.999900E+04  -0.999900E+04  -0.999900E+04   0.186242E+03   0.571878E+03   0.159709E+01   0.399166E+02   0.200000E+02  -0.811466E-01  -0.999900E+04  -0.999900E+04  -0.999900E+04  -0.999900E+04  -0.355852E+00  -0.999900E+04  -0.999900E+04  -0.999900E+04  -0.999900E+04
   0.200000E+01   0.200000E+01   0.354000E+05   0.259200E+06   0.200000E+01   0.200000E+01   0.354000E+05   0.259200E+06   0.186201E+03  -0.999900E+04  -0.999900E+04  -0.999900E+04  -0.999900E+04   0.186201E+03  -0.999900E+04  -0.999900E+04  -0.999900E+04  -0.999900E+04   0.186249E+03   0.572116E+03   0.172448E+01   0.399166E+02   0.200000E+02  -0.487812E-01  -0.999900E+04  -0.999900E+04  -0.999900E+04  -0.999900E+04  -0.213920E+00  -0.999900E+04  -0.999900E+04  -0.999900E+04  -0.999900E+04
   0.200000E+01   0.200000E+01   0.354500E+05   0.259200E+06   0.200000E+01   0.200000E+01   0.354500E+05   0.259200E+06   0.186234E+03  -0.999900E+04  -0.999900E+04  -0.999900E+04  -0.999900E+04   0.186234E+03  -0.999900E+04  -0.999900E+04  -0.999900E+04  -0.999900E+04   0.186258E+03   0.572378E+03   0.192363E+01   0.399166E+02   0.200000E+02  -0.240752E-01  -0.999900E+04  -0.999900E+04  -0.999900E+04  -0.999900E+04  -0.105577E+00  -0.999900E+04  -0.999900E+04  -0.999900E+04  -0.999900E+04
   0.200000E+01   0.200000E+01   0.357500E+05   0.259200E+06   0.200000E+01   0.200000E+01   0.357500E+05   0.259200E+06   0.186538E+03  -0.999900E+04  -0.999900E+04  -0.999900E+04  -0.999900E+04   0.186538E+03  -0.999900E+04  -0.999900E+04  -0.999900E+04  -0.999900E+04   0.186635E+03   0.573863E+03   0.198625E+01   0.399166E+02   0.200000E+02  -0.970724E-01  -0.999900E+04  -0.999900E+04  -0.999900E+04  -0.999900E+04  -0.425692E+00  -0.999900E+04  -0.999900E+04  -0.999900E+04  -0.999900E+04
   0.200000E+01   0.200000E+01   0.358750E+05   0.259200E+06   0.200000E+01   0.200000E+01   0.358750E+05   0.259200E+06   0.186543E+03  -0.999900E+04  -0.999900E+04  -0.999900E+04  -0.999900E+04   0.186543E+03  -0.999900E+04  -0.999900E+04  -0.999900E+04  -0.999900E+04   0.186814E+03   0.574380E+03   0.173049E+01   0.399166E+02   0.200000E+02  -0.271853E+00  -0.999900E+04  -0.999900E+04  -0.999900E+04  -0.999900E+04  -0.119216E+01  -0.999900E+04  -0.999900E+04  -0.999900E+04  -0.999900E+04
   0.200000E+01   0.200000E+01   0.360000E+05   0.259200E+06   0.200000E+01   0.200000E+01   0.360000E+05   0.259200E+06   0.186682E+03  -0.999900E+04  -0.999900E+04  -0.999900E+04  -0.999900E+04   0.186682E+03  -0.999900E+04  -0.999900E+04  -0.999900E+04  -0.999900E+04   0.186911E+03   0.574828E+03   0.163892E+01   0.399166E+02   0.200000E+02  -0.228634E+00  -0.999900E+04  -0.999900E+04  -0.999900E+04  -0.999900E+04  -0.100263E+01  -0.999900E+04  -0.999900E+04  -0.999900E+04  -0.999900E+04
   0.200000E+01   0.200000E+01   0.361250E+05   0.259200E+06   0.200000E+01   0.200000E+01   0.361250E+05   0.259200E+06   0.186850E+03  -0.999900E+04  -0.999900E+04  -0.999900E+04  -0.999900E+04   0.186850E+03  -0.999900E+04  -0.999900E+04  -0.999900E+04  -0.999900E+04   0.186973E+03   0.575259E+03   0.169902E+01   0.399166E+02   0.200000E+02  -0.122892E+00  -0.999900E+04  -0.999900E+04  -0.999900E+04  -0.999900E+04  -0.538918E+00  -0.999900E+04  -0.999900E+04  -0.999900E+04  -0.999900E+04
   0.200000E+01   0.100000E+01   0.363000E+05   0.259200E+06   0.200000E+01   0.100000E+01   0.363000E+05   0.259200E+06   0.186929E+03  -0.999900E+04  -0.999900E+04  -0.999900E+04  -0.999900E+04   0.186929E+03  -0.999900E+04  -0.999900E+04  -0.999900E+04  -0.999900E+04   0.187075E+03   0.566827E+03   0.166540E+01   0.399166E+02   0.200000E+02  -0.146572E+00  -0.999900E+04  -0.999900E+04  -0.999900E+04  -0.999900E+04  -0.642761E+00  -0.999900E+04  -0.999900E+04  -0.999900E+04  -0.999900E+04
   0.200000E+01   0.100000E+01   0.363500E+05   0.259200E+06   0.200000E+01   0.100000E+01   0.363500E+05   0.259200E+06   0.186943E+03  -0.999900E+04  -0.999900E+04  -0.999900E+04  -0.999900E+04   0.186943E+03  -0.999900E+04  -0.999900E+04  -0.999900E+04  -0.999900E+04   0.187098E+03   0.566988E+03   0.168707E+01   0.399166E+02   0.200000E+02  -0.155389E+00  -0.999900E+04  -0.999900E+04  -0.999900E+04  -0.999900E+04  -0.681426E+00  -0.999900E+04  -0.999900E+04  -0.999900E+04  -0.999900E+04
   0.200000E+01   0.100000E+01   0.364000E+05   0.259200E+06   0.200000E+01   0.100000E+01   0.364000E+05   0.259200E+06   0.187055E+03  -0.999900E+04  -0.999900E+04  -0.999900E+04  -0.999900E+04   0.187055E+03  -0.999900E+04  -0.999900E+04  -0.999900E+04  -0.999900E+04   0.187124E+03   0.567141E+03   0.168795E+01   0.399166E+02   0.200000E+02  -0.693929E-01  -0.999900E+04  -0.999900E+04  -0.999900E+04  -0.999900E+04  -0.304309E+00  -0.999900E+04  -0.999900E+04  -0.999900E+04  -0.999900E+04
   0.200000E+01   0.100000E+01   0.364500E+05   0.259200E+06   0.200000E+01   0.100000E+01   0.364500E+05   0.259200E+06   0.187130E+03  -0.999900E+04  -0.999900E+04  -0.999900E+04  -0.999900E+04   0.187130E+03  -0.999900E+04  -0.999900E+04  -0.999900E+04  -0.999900E+04   0.187153E+03   0.567282E+03   0.164944E+01   0.399166E+02   0.200000E+02  -0.237356E-01  -0.999900E+04  -0.999900E+04  -0.999900E+04  -0.999900E+04  -0.104088E+00  -0.999900E+04  -0.999900E+04  -0.999900E+04  -0.999900E+04
   0.200000E+01   0.100000E+01   0.366250E+05   0.259200E+06   0.200000E+01   0.100000E+01   0.366250E+05   0.259200E+06   0.187233E+03  -0.999900E+04  -0.999900E+04  -0.999900E+04  -0.999900E+04   0.187233E+03  -0.999900E+04  -0.999900E+04  -0.999900E+04  -0.999900E+04   0.187222E+03   0.567778E+03   0.168188E+01   0.399166E+02   0.200000E+02   0.108168E-01  -0.999900E+04  -0.999900E+04  -0.999900E+04  -0.999900E+04   0.474348E-01  -0.999900E+04  -0.999900E+04  -0.999900E+04  -0.999900E+04
   0.200000E+01   0.100000E+01   0.367500E+05   0.259200E+06   0.200000E+01   0.100000E+01   0.367500E+05   0.259200E+06   0.187301E+03  -0.999900E+04  -0.999900E+04  -0.999900E+04  -0.999900E+04   0.187301E+03  -0.999900E+04  -0.999900E+04  -0.999900E+04  -0.999900E+04   0.187303E+03   0.568237E+03   0.159265E+01   0.399166E+02   0.200000E+02  -0.180222E-02  -0.999900E+04  -0.999900E+04  -0.999900E+04  -0.999900E+04  -0.790328E-02  -0.999900E+04  -0.999900E+04  -0.999900E+04  -0.999900E+04
   0.200000E+01   0.100000E+01   0.368000E+05   0.259200E+06   0.200000E+01   0.100000E+01   0.368000E+05   0.259200E+06   0.187317E+03  -0.999900E+04  -0.999900E+04  -0.999900E+04  -0.999900E+04   0.187317E+03  -0.999900E+04  -0.999900E+04  -0.999900E+04  -0.999900E+04   0.187336E+03   0.568431E+03   0.153672E+01   0.399166E+02   0.200000E+02  -0.182781E-01  -0.999900E+04  -0.999900E+04  -0.999900E+04  -0.999900E+04  -0.801550E-01  -0.999900E+04  -0.999900E+04  -0.999900E+04  -0.999900E+04
   0.200000E+01   0.100000E+01   0.368500E+05   0.259200E+06   0.200000E+01   0.100000E+01   0.368500E+05   0.259200E+06   0.187421E+03  -0.999900E+04  -0.999900E+04  -0.999900E+04  -0.999900E+04   0.187421E+03  -0.999900E+04  -0.999900E+04  -0.999900E+04  -0.999900E+04   0.187364E+03   0.568622E+03   0.148997E+01   0.399166E+02   0.200000E+02   0.572373E-01  -0.999900E+04  -0.999900E+04  -0.999900E+04  -0.999900E+04   0.251003E+00  -0.999900E+04  -0.999900E+04  -0.999900E+04  -0.999900E+04
   0.200000E+01   0.100000E+01   0.369000E+05   0.259200E+06   0.200000E+01   0.100000E+01   0.369000E+05   0.259200E+06   0.187439E+03  -0.999900E+04  -0.999900E+04  -0.999900E+04  -0.999900E+04   0.187439E+03  -0.999900E+04  -0.999900E+04  -0.999900E+04  -0.999900E+04   0.187376E+03   0.568810E+03   0.153777E+01   0.399166E+02   0.200000E+02   0.629725E-01  -0.999900E+04  -0.999900E+04  -0.999900E+04  -0.999900E+04   0.276153E+00  -0.999900E+04  -0.999900E+04  -0.999900E+04  -0.999900E+04
   0.200000E+01   0.100000E+01   0.369500E+05   0.259200E+06   0.200000E+01   0.100000E+01   0.369500E+05   0.259200E+06   0.187447E+03  -0.999900E+04  -0.999900E+04  -0.999900E+04  -0.999900E+04   0.187447E+03  -0.999900E+04  -0.999900E+04  -0.999900E+04  -0.999900E+04   0.187377E+03   0.568993E+03   0.167672E+01   0.399166E+02   0.200000E+02   0.695044E-01  -0.999900E+04  -0.999900E+04  -0.999900E+04  -0.999900E+04   0.304798E+00  -0.999900E+04  -0.999900E+04  -0.999900E+04  -0.999900E+04
   0.200000E+01   0.100000E+01   0.370500E+05   0.259200E+06   0.200000E+01   0.100000E+01   0.370500E+05   0.259200E+06   0.187493E+03  -0.999900E+04  -0.999900E+04  -0.999900E+04  -0.999900E+04   0.187493E+03  -0.999900E+04  -0.999900E+04  -0.999900E+04  -0.999900E+04   0.187424E+03   0.569355E+03   0.175718E+01   0.399166E+02   0.200000E+02   0.691667E-01  -0.999900E+04  -0.999900E+04  -0.999900E+04  -0.999900E+04   0.303317E+00  -0.999900E+04  -0.999900E+04  -0.999900E+04  -0.999900E+04
   0.200000E+01   0.100000E+01   0.371000E+05   0.259200E+06   0.200000E+01   0.100000E+01   0.371000E+05   0.259200E+06   0.187548E+03  -0.999900E+04  -0.999900E+04  -0.999900E+04  -0.999900E+04   0.187548E+03  -0.999900E+04  -0.999900E+04  -0.999900E+04  -0.999900E+04   0.187453E+03   0.569534E+03   0.177074E+01   0.399166E+02   0.200000E+02   0.949292E-01  -0.999900E+04  -0.999900E+04  -0.999900E+04  -0.999900E+04   0.416293E+00  -0.999900E+04  -0.999900E+04  -0.999900E+04  -0.999900E+04
   0.200000E+01   0.100000E+01   0.371500E+05   0.259200E+06   0.200000E+01   0.100000E+01   0.371500E+05   0.259200E+06   0.187577E+03  -0.999900E+04  -0.999900E+04  -0.999900E+04  -0.999900E+04   0.187577E+03  -0.999900E+04  -0.999900E+04  -0.999900E+04  -0.999900E+04   0.187486E+03   0.569712E+03   0.176365E+01   0.399166E+02   0.200000E+02   0.910043E-01  -0.999900E+04  -0.999900E+04  -0.999900E+04  -0.999900E+04   0.399081E+00  -0.999900E+04  -0.999900E+04  -0.999900E+04  -0.999900E+04
   0.200000E+01   0.100000E+01   0.372000E+05   0.259200E+06   0.200000E+01   0.100000E+01   0.372000E+05   0.259200E+06   0.187610E+03  -0.999900E+04  -0.999900E+04  -0.999900E+04  -0.999900E+04   0.187610E+03  -0.999900E+04  -0.999900E+04  -0.999900E+04  -0.999900E+04   0.187521E+03   0.569886E+03   0.173147E+01   0.399166E+02   0.200000E+02   0.891480E-01  -0.999900E+04  -0.999900E+04  -0.999900E+04  -0.999900E+04   0.390941E+00  -0.999900E+04  -0.999900E+04  -0.999900E+04  -0.999900E+04
   0.200000E+01   0.100000E+01   0.372500E+05   0.259200E+06   0.200000E+01   0.100000E+01   0.372500E+05   0.259200E+06   0.187590E+03  -0.999900E+04  -0.999900E+04  -0.999900E+04  -0.999900E+04   0.187590E+03  -0.999900E+04  -0.999900E+04  -0.999900E+04  -0.999900E+04   0.187553E+03   0.570059E+03   0.170060E+01   0.399166E+02   0.200000E+02   0.367621E-01  -0.999900E+04  -0.999900E+04  -0.999900E+04  -0.999900E+04   0.161213E+00  -0.999900E+04  -0.999900E+04  -0.999900E+04  -0.999900E+04
   0.200000E+01   0.100000E+01   0.373000E+05   0.259200E+06   0.200000E+01   0.100000E+01   0.373000E+05   0.259200E+06   0.187595E+03  -0.999900E+04  -0.999900E+04  -0.999900E+04  -0.999900E+04   0.187595E+03  -0.999900E+04  -0.999900E+04  -0.999900E+04  -0.999900E+04   0.187624E+03   0.570237E+03   0.136169E+01   0.399166E+02   0.200000E+02  -0.292676E-01  -0.999900E+04  -0.999900E+04  -0.999900E+04  -0.999900E+04  -0.128347E+00  -0.999900E+04  -0.999900E+04  -0.999900E+04  -0.999900E+04
   0.200000E+01   0.100000E+01   0.374000E+05   0.259200E+06   0.200000E+01   0.100000E+01   0.374000E+05   0.259200E+06   0.187602E+03  -0.999900E+04  -0.999900E+04  -0.999900E+04  -0.999900E+04   0.187602E+03  -0.999900E+04  -0.999900E+04  -0.999900E+04  -0.999900E+04   0.187702E+03   0.570633E+03   0.701148E+00   0.399166E+02   0.200000E+02  -0.998705E-01  -0.999900E+04  -0.999900E+04  -0.999900E+04  -0.999900E+04  -0.437962E+00  -0.999900E+04  -0.999900E+04  -0.999900E+04  -0.999900E+04
   0.200000E+01   0.100000E+01   0.374500E+05   0.259200E+06   0.200000E+01   0.100000E+01   0.374500E+05   0.259200E+06   0.187644E+03  -0.999900E+04  -0.999900E+04  -0.999900E+04  -0.999900E+04   0.187644E+03  -0.999900E+04  -0.999900E+04  -0.999900E+04  -0.999900E+04   0.187712E+03   0.570852E+03   0.577495E+00   0.399166E+02   0.200000E+02  -0.679479E-01  -0.999900E+04  -0.999900E+04  -0.999900E+04  -0.999900E+04  -0.297972E+00  -0.999900E+04  -0.999900E+04  -0.999900E+04  -0.999900E+04
   0.200000E+01   0.100000E+01   0.375500E+05   0.259200E+06   0.200000E+01   0.100000E+01   0.375500E+05   0.259200E+06   0.187705E+03  -0.999900E+04  -0.999900E+04  -0.999900E+04  -0.999900E+04   0.187705E+03  -0.999900E+04  -0.999900E+04  -0.999900E+04  -0.999900E+04   0.187713E+03   0.571305E+03   0.585226E+00   0.399166E+02   0.200000E+02  -0.786011E-02  -0.999900E+04  -0.999900E+04  -0.999900E+04  -0.999900E+04  -0.344689E-01  -0.999900E+04  -0.999900E+04  -0.999900E+04  -0.999900E+04
   0.200000E+01   0.100000E+01   0.376000E+05   0.259200E+06   0.200000E+01   0.100000E+01   0.376000E+05   0.259200E+06   0.187709E+03  -0.999900E+04  -0.999900E+04  -0.999900E+04  -0.999900E+04   0.187709E+03  -0.999900E+04  -0.999900E+04  -0.999900E+04  -0.999900E+04   0.187705E+03   0.571525E+03   0.731561E+00   0.399166E+02   0.200000E+02   0.449490E-02  -0.999900E+04  -0.999900E+04  -0.999900E+04  -0.999900E+04   0.197115E-01  -0.999900E+04  -0.999900E+04  -0.999900E+04  -0.999900E+04
   0.200000E+01   0.100000E+01   0.377000E+05   0.259200E+06   0.200000E+01   0.100000E+01   0.377000E+05   0.259200E+06   0.187737E+03  -0.999900E+04  -0.999900E+04  -0.999900E+04  -0.999900E+04   0.187737E+03  -0.999900E+04  -0.999900E+04  -0.999900E+04  -0.999900E+04   0.187633E+03   0.571934E+03   0.150900E+01   0.399166E+02   0.200000E+02   0.103484E+00  -0.999900E+04  -0.999900E+04  -0.999900E+04  -0.999900E+04   0.453808E+00  -0.999900E+04  -0.999900E+04  -0.999900E+04  -0.999900E+04
   0.200000E+01   0.100000E+01   0.377500E+05   0.259200E+06   0.200000E+01   0.100000E+01   0.377500E+05   0.259200E+06   0.187762E+03  -0.999900E+04  -0.999900E+04  -0.999900E+04  -0.999900E+04   0.187762E+03  -0.999900E+04  -0.999900E+04  -0.999900E+04  -0.999900E+04   0.187596E+03   0.572126E+03   0.189236E+01   0.399166E+02   0.200000E+02   0.166329E+00  -0.999900E+04  -0.999900E+04  -0.999900E+04  -0.999900E+04   0.729403E+00  -0.999900E+04  -0.999900E+04  -0.999900E+04  -0.999900E+04
   0.200000E+01   0.100000E+01   0.378000E+05   0.259200E+06   0.200000E+01   0.100000E+01   0.378000E+05   0.259200E+06   0.187774E+03  -0.999900E+04  -0.999900E+04  -0.999900E+04  -0.999900E+04   0.187774E+03  -0.999900E+04  -0.999900E+04  -0.999900E+04  -0.999900E+04   0.187653E+03   0.572316E+03   0.177928E+01   0.399166E+02   0.200000E+02   0.121139E+00  -0.999900E+04  -0.999900E+04  -0.999900E+04  -0.999900E+04   0.531231E+00  -0.999900E+04  -0.999900E+04  -0.999900E+04  -0.999900E+04
   0.200000E+01   0.100000E+01   0.378500E+05   0.259200E+06   0.200000E+01   0.100000E+01   0.378500E+05   0.259200E+06   0.187791E+03  -0.999900E+04  -0.999900E+04  -0.999900E+04  -0.999900E+04   0.187791E+03  -0.999900E+04  -0.999900E+04  -0.999900E+04  -0.999900E+04   0.187706E+03   0.572510E+03   0.164459E+01   0.399166E+02   0.200000E+02   0.848742E-01  -0.999900E+04  -0.999900E+04  -0.999900E+04  -0.999900E+04   0.372199E+00  -0.999900E+04  -0.999900E+04  -0.999900E+04  -0.999900E+04
   0.200000E+01   0.100000E+01   0.379000E+05   0.259200E+06   0.200000E+01   0.100000E+01   0.379000E+05   0.259200E+06   0.187794E+03  -0.999900E+04  -0.999900E+04  -0.999900E+04  -0.999900E+04   0.187794E+03  -0.999900E+04  -0.999900E+04  -0.999900E+04  -0.999900E+04   0.187740E+03   0.572710E+03   0.158916E+01   0.399166E+02   0.200000E+02   0.536792E-01  -0.999900E+04  -0.999900E+04  -0.999900E+04  -0.999900E+04   0.235400E+00  -0.999900E+04  -0.999900E+04  -0.999900E+04  -0.999900E+04
   0.200000E+01   0.100000E+01   0.380000E+05   0.259200E+06   0.200000E+01   0.100000E+01   0.380000E+05   0.259200E+06   0.187812E+03  -0.999900E+04  -0.999900E+04  -0.999900E+04  -0.999900E+04   0.187812E+03  -0.999900E+04  -0.999900E+04  -0.999900E+04  -0.999900E+04   0.187787E+03   0.573125E+03   0.161390E+01   0.399166E+02   0.200000E+02   0.254890E-01  -0.999900E+04  -0.999900E+04  -0.999900E+04  -0.999900E+04   0.111777E+00  -0.999900E+04  -0.999900E+04  -0.999900E+04  -0.999900E+04
   0.200000E+01   0.100000E+01   0.380500E+05   0.259200E+06   0.200000E+01   0.100000E+01   0.380500E+05   0.259200E+06   0.187844E+03  -0.999900E+04  -0.999900E+04  -0.999900E+04  -0.999900E+04   0.187844E+03  -0.999900E+04  -0.999900E+04  -0.999900E+04  -0.999900E+04   0.187814E+03   0.573335E+03   0.160851E+01   0.399166E+02   0.200000E+02   0.300436E-01  -0.999900E+04  -0.999900E+04  -0.999900E+04  -0.999900E+04   0.131750E+00  -0.999900E+04  -0.999900E+04  -0.999900E+04  -0.999900E+04
   0.200000E+01   0.100000E+01   0.381000E+05   0.259200E+06   0.200000E+01   0.100000E+01   0.381000E+05   0.259200E+06   0.187908E+03  -0.999900E+04  -0.999900E+04  -0.999900E+04  -0.999900E+04   0.187908E+03  -0.999900E+04  -0.999900E+04  -0.999900E+04  -0.999900E+04   0.187838E+03   0.573539E+03   0.161829E+01   0.399166E+02   0.200000E+02   0.694652E-01  -0.999900E+04  -0.999900E+04  -0.999900E+04  -0.999900E+04   0.304626E+00  -0.999900E+04  -0.999900E+04  -0.999900E+04  -0.999900E+04
   0.200000E+01   0.100000E+01   0.381500E+05   0.259200E+06   0.200000E+01   0.100000E+01   0.381500E+05   0.259200E+06   0.187981E+03  -0.999900E+04  -0.999900E+04  -0.999900E+04  -0.999900E+04   0.187981E+03  -0.999900E+04  -0.999900E+04  -0.999900E+04  -0.999900E+04   0.187863E+03   0.573739E+03   0.161919E+01   0.399166E+02   0.200000E+02   0.117495E+00  -0.999900E+04  -0.999900E+04  -0.999900E+04  -0.999900E+04   0.515251E+00  -0.999900E+04  -0.999900E+04  -0.999900E+04  -0.999900E+04
   0.200000E+01   0.100000E+01   0.382500E+05   0.259200E+06   0.200000E+01   0.100000E+01   0.382500E+05   0.259200E+06   0.187978E+03  -0.999900E+04  -0.999900E+04  -0.999900E+04  -0.999900E+04   0.187978E+03  -0.999900E+04  -0.999900E+04  -0.999900E+04  -0.999900E+04   0.187915E+03   0.574122E+03   0.158909E+01   0.399166E+02   0.200000E+02   0.627440E-01  -0.999900E+04  -0.999900E+04  -0.999900E+04  -0.999900E+04   0.275151E+00  -0.999900E+04  -0.999900E+04  -0.999900E+04  -0.999900E+04
   0.200000E+01   0.100000E+01   0.383000E+05   0.259200E+06   0.200000E+01   0.100000E+01   0.383000E+05   0.259200E+06   0.187946E+03  -0.999900E+04  -0.999900E+04  -0.999900E+04  -0.999900E+04   0.187946E+03  -0.999900E+04  -0.999900E+04  -0.999900E+04  -0.999900E+04   0.187933E+03   0.574311E+03   0.161418E+01   0.399166E+02   0.200000E+02   0.126131E-01  -0.999900E+04  -0.999900E+04  -0.999900E+04  -0.999900E+04   0.553121E-01  -0.999900E+04  -0.999900E+04  -0.999900E+04  -0.999900E+04
   0.200000E+01   0.100000E+01   0.384500E+05   0.259200E+06   0.200000E+01   0.100000E+01   0.384500E+05   0.259200E+06   0.187977E+03  -0.999900E+04  -0.999900E+04  -0.999900E+04  -0.999900E+04   0.187977E+03  -0.999900E+04  -0.999900E+04  -0.999900E+04  -0.999900E+04   0.187996E+03   0.574915E+03   0.178682E+01   0.399166E+02   0.200000E+02  -0.191006E-01  -0.999900E+04  -0.999900E+04  -0.999900E+04  -0.999900E+04  -0.837617E-01  -0.999900E+04  -0.999900E+04  -0.999900E+04  -0.999900E+04
   0.200000E+01   0.100000E+01   0.385000E+05   0.259200E+06   0.200000E+01   0.100000E+01   0.385000E+05   0.259200E+06   0.187988E+03  -0.999900E+04  -0.999900E+04  -0.999900E+04  -0.999900E+04   0.187988E+03  -0.999900E+04  -0.999900E+04  -0.999900E+04  -0.999900E+04   0.188037E+03   0.575130E+03   0.177096E+01   0.399166E+02   0.200000E+02  -0.489737E-01  -0.999900E+04  -0.999900E+04  -0.999900E+04  -0.999900E+04  -0.214764E+00  -0.999900E+04  -0.999900E+04  -0.999900E+04  -0.999900E+04
   0.200000E+01   0.100000E+01   0.390000E+05   0.259200E+06   0.200000E+01   0.100000E+01   0.390000E+05   0.259200E+06   0.188203E+03  -0.999900E+04  -0.999900E+04  -0.999900E+04  -0.999900E+04   0.188203E+03  -0.999900E+04  -0.999900E+04  -0.999900E+04  -0.999900E+04   0.188354E+03   0.576948E+03   0.159639E+01   0.399166E+02   0.200000E+02  -0.151114E+00  -0.999900E+04  -0.999900E+04  -0.999900E+04  -0.999900E+04  -0.662680E+00  -0.999900E+04  -0.999900E+04  -0.999900E+04  -0.999900E+04
   0.200000E+01   0.100000E+01   0.393000E+05   0.259200E+06   0.200000E+01   0.100000E+01   0.393000E+05   0.259200E+06   0.188342E+03  -0.999900E+04  -0.999900E+04  -0.999900E+04  -0.999900E+04   0.188342E+03  -0.999900E+04  -0.999900E+04  -0.999900E+04  -0.999900E+04   0.188470E+03   0.577903E+03   0.159122E+01   0.399166E+02   0.200000E+02  -0.127443E+00  -0.999900E+04  -0.999900E+04  -0.999900E+04  -0.999900E+04  -0.558878E+00  -0.999900E+04  -0.999900E+04  -0.999900E+04  -0.999900E+04
   0.200000E+01   0.100000E+01   0.393500E+05   0.259200E+06   0.200000E+01   0.100000E+01   0.393500E+05   0.259200E+06   0.188355E+03  -0.999900E+04  -0.999900E+04  -0.999900E+04  -0.999900E+04   0.188355E+03  -0.999900E+04  -0.999900E+04  -0.999900E+04  -0.999900E+04   0.188492E+03   0.578058E+03   0.155756E+01   0.399166E+02   0.200000E+02  -0.136853E+00  -0.999900E+04  -0.999900E+04  -0.999900E+04  -0.999900E+04  -0.600143E+00  -0.999900E+04  -0.999900E+04  -0.999900E+04  -0.999900E+04
   0.200000E+01   0.100000E+01   0.394000E+05   0.259200E+06   0.200000E+01   0.100000E+01   0.394000E+05   0.259200E+06   0.188383E+03  -0.999900E+04  -0.999900E+04  -0.999900E+04  -0.999900E+04   0.188383E+03  -0.999900E+04  -0.999900E+04  -0.999900E+04  -0.999900E+04   0.188518E+03   0.578217E+03   0.149040E+01   0.399166E+02   0.200000E+02  -0.134202E+00  -0.999900E+04  -0.999900E+04  -0.999900E+04  -0.999900E+04  -0.588515E+00  -0.999900E+04  -0.999900E+04  -0.999900E+04  -0.999900E+04
   0.200000E+01   0.100000E+01   0.394500E+05   0.259200E+06   0.200000E+01   0.100000E+01   0.394500E+05   0.259200E+06   0.188410E+03  -0.999900E+04  -0.999900E+04  -0.999900E+04  -0.999900E+04   0.188410E+03  -0.999900E+04  -0.999900E+04  -0.999900E+04  -0.999900E+04   0.188543E+03   0.578384E+03   0.141410E+01   0.399166E+02   0.200000E+02  -0.132311E+00  -0.999900E+04  -0.999900E+04  -0.999900E+04  -0.999900E+04  -0.580223E+00  -0.999900E+04  -0.999900E+04  -0.999900E+04  -0.999900E+04
   0.200000E+01   0.100000E+01   0.395950E+05   0.259200E+06   0.200000E+01   0.100000E+01   0.395950E+05   0.259200E+06   0.188530E+03  -0.999900E+04  -0.999900E+04  -0.999900E+04  -0.999900E+04   0.188530E+03  -0.999900E+04  -0.999900E+04  -0.999900E+04  -0.999900E+04   0.188588E+03   0.578899E+03   0.132920E+01   0.399166E+02   0.200000E+02  -0.582228E-01  -0.999900E+04  -0.999900E+04  -0.999900E+04  -0.999900E+04  -0.255324E+00  -0.999900E+04  -0.999900E+04  -0.999900E+04  -0.999900E+04
   0.200000E+01   0.100000E+01   0.396400E+05   0.259200E+06   0.200000E+01   0.100000E+01   0.396400E+05   0.259200E+06   0.188549E+03  -0.999900E+04  -0.999900E+04  -0.999900E+04  -0.999900E+04   0.188549E+03  -0.999900E+04  -0.999900E+04  -0.999900E+04  -0.999900E+04   0.188595E+03   0.579061E+03   0.134680E+01   0.399166E+02   0.200000E+02  -0.466590E-01  -0.999900E+04  -0.999900E+04  -0.999900E+04  -0.999900E+04  -0.204614E+00  -0.999900E+04  -0.999900E+04  -0.999900E+04  -0.999900E+04
   0.200000E+01   0.100000E+01   0.396850E+05   0.259200E+06   0.200000E+01   0.100000E+01   0.396850E+05   0.259200E+06   0.188566E+03  -0.999900E+04  -0.999900E+04  -0.999900E+04  -0.999900E+04   0.188566E+03  -0.999900E+04  -0.999900E+04  -0.999900E+04  -0.999900E+04   0.188603E+03   0.579222E+03   0.136849E+01   0.399166E+02   0.200000E+02  -0.368968E-01  -0.999900E+04  -0.999900E+04  -0.999900E+04  -0.999900E+04  -0.161804E+00  -0.999900E+04  -0.999900E+04  -0.999900E+04  -0.999900E+04
   0.200000E+01   0.100000E+01   0.397750E+05   0.259200E+06   0.200000E+01   0.100000E+01   0.397750E+05   0.259200E+06   0.188580E+03  -0.999900E+04  -0.999900E+04  -0.999900E+04  -0.999900E+04   0.188580E+03  -0.999900E+04  -0.999900E+04  -0.999900E+04  -0.999900E+04   0.188622E+03   0.579541E+03   0.138996E+01   0.399166E+02   0.200000E+02  -0.418482E-01  -0.999900E+04  -0.999900E+04  -0.999900E+04  -0.999900E+04  -0.183517E+00  -0.999900E+04  -0.999900E+04  -0.999900E+04  -0.999900E+04
   0.200000E+01   0.100000E+01   0.398200E+05   0.259200E+06   0.200000E+01   0.100000E+01   0.398200E+05   0.259200E+06   0.188578E+03  -0.999900E+04  -0.999900E+04  -0.999900E+04  -0.999900E+04   0.188578E+03  -0.999900E+04  -0.999900E+04  -0.999900E+04  -0.999900E+04   0.188634E+03   0.579699E+03   0.138014E+01   0.399166E+02   0.200000E+02  -0.556705E-01  -0.999900E+04  -0.999900E+04  -0.999900E+04  -0.999900E+04  -0.244132E+00  -0.999900E+04  -0.999900E+04  -0.999900E+04  -0.999900E+04
   0.200000E+01   0.100000E+01   0.399100E+05   0.259200E+06   0.200000E+01   0.100000E+01   0.399100E+05   0.259200E+06   0.188637E+03  -0.999900E+04  -0.999900E+04  -0.999900E+04  -0.999900E+04   0.188637E+03  -0.999900E+04  -0.999900E+04  -0.999900E+04  -0.999900E+04   0.188661E+03   0.580011E+03   0.133266E+01   0.399166E+02   0.200000E+02  -0.235598E-01  -0.999900E+04  -0.999900E+04  -0.999900E+04  -0.999900E+04  -0.103317E+00  -0.999900E+04  -0.999900E+04  -0.999900E+04  -0.999900E+04
   0.200000E+01   0.100000E+01   0.399550E+05   0.259200E+06   0.200000E+01   0.100000E+01   0.399550E+05   0.259200E+06   0.188667E+03  -0.999900E+04  -0.999900E+04  -0.999900E+04  -0.999900E+04   0.188667E+03  -0.999900E+04  -0.999900E+04  -0.999900E+04  -0.999900E+04   0.188673E+03   0.580166E+03   0.131059E+01   0.399166E+02   0.200000E+02  -0.593794E-02  -0.999900E+04  -0.999900E+04  -0.999900E+04  -0.999900E+04  -0.260396E-01  -0.999900E+04  -0.999900E+04  -0.999900E+04  -0.999900E+04
   0.200000E+01   0.100000E+01   0.400500E+05   0.259200E+06   0.200000E+01   0.100000E+01   0.400500E+05   0.259200E+06   0.188686E+03  -0.999900E+04  -0.999900E+04  -0.999900E+04  -0.999900E+04   0.188686E+03  -0.999900E+04  -0.999900E+04  -0.999900E+04  -0.999900E+04   0.188692E+03   0.580493E+03   0.130415E+01   0.399166E+02   0.200000E+02  -0.535884E-02  -0.999900E+04  -0.999900E+04  -0.999900E+04  -0.999900E+04  -0.235001E-01  -0.999900E+04  -0.999900E+04  -0.999900E+04  -0.999900E+04
   0.200000E+01   0.100000E+01   0.401000E+05   0.259200E+06   0.200000E+01   0.100000E+01   0.401000E+05   0.259200E+06   0.188695E+03  -0.999900E+04  -0.999900E+04  -0.999900E+04  -0.999900E+04   0.188695E+03  -0.999900E+04  -0.999900E+04  -0.999900E+04  -0.999900E+04   0.188699E+03   0.580666E+03   0.131894E+01   0.399166E+02   0.200000E+02  -0.447979E-02  -0.999900E+04  -0.999900E+04  -0.999900E+04  -0.999900E+04  -0.196452E-01  -0.999900E+04  -0.999900E+04  -0.999900E+04  -0.999900E+04
   0.200000E+01   0.100000E+01   0.401500E+05   0.259200E+06   0.200000E+01   0.100000E+01   0.401500E+05   0.259200E+06   0.188703E+03  -0.999900E+04  -0.999900E+04  -0.999900E+04  -0.999900E+04   0.188703E+03  -0.999900E+04  -0.999900E+04  -0.999900E+04  -0.999900E+04   0.188707E+03   0.580840E+03   0.133831E+01   0.399166E+02   0.200000E+02  -0.347185E-02  -0.999900E+04  -0.999900E+04  -0.999900E+04  -0.999900E+04  -0.152251E-01  -0.999900E+04  -0.999900E+04  -0.999900E+04  -0.999900E+04
   0.200000E+01   0.100000E+01   0.402500E+05   0.259200E+06   0.200000E+01   0.100000E+01   0.402500E+05   0.259200E+06   0.188712E+03  -0.999900E+04  -0.999900E+04  -0.999900E+04  -0.999900E+04   0.188712E+03  -0.999900E+04  -0.999900E+04  -0.999900E+04  -0.999900E+04   0.188724E+03   0.581189E+03   0.136628E+01   0.399166E+02   0.200000E+02  -0.123720E-01  -0.999900E+04  -0.999900E+04  -0.999900E+04  -0.999900E+04  -0.542551E-01  -0.999900E+04  -0.999900E+04  -0.999900E+04  -0.999900E+04
   0.200000E+01   0.100000E+01   0.403000E+05   0.259200E+06   0.200000E+01   0.100000E+01   0.403000E+05   0.259200E+06   0.188732E+03  -0.999900E+04  -0.999900E+04  -0.999900E+04  -0.999900E+04   0.188732E+03  -0.999900E+04  -0.999900E+04  -0.999900E+04  -0.999900E+04   0.188735E+03   0.581364E+03   0.136706E+01   0.399166E+02   0.200000E+02  -0.338889E-02  -0.999900E+04  -0.999900E+04  -0.999900E+04  -0.999900E+04  -0.148613E-01  -0.999900E+04  -0.999900E+04  -0.999900E+04  -0.999900E+04
   0.200000E+01   0.100000E+01   0.403500E+05   0.259200E+06   0.200000E+01   0.100000E+01   0.403500E+05   0.259200E+06   0.188747E+03  -0.999900E+04  -0.999900E+04  -0.999900E+04  -0.999900E+04   0.188747E+03  -0.999900E+04  -0.999900E+04  -0.999900E+04  -0.999900E+04   0.188748E+03   0.581540E+03   0.135901E+01   0.399166E+02   0.200000E+02  -0.334888E-03  -0.999900E+04  -0.999900E+04  -0.999900E+04  -0.999900E+04  -0.146858E-02  -0.999900E+04  -0.999900E+04  -0.999900E+04  -0.999900E+04
   0.200000E+01   0.100000E+01   0.404000E+05   0.259200E+06   0.200000E+01   0.100000E+01   0.404000E+05   0.259200E+06   0.188759E+03  -0.999900E+04  -0.999900E+04  -0.999900E+04  -0.999900E+04   0.188759E+03  -0.999900E+04  -0.999900E+04  -0.999900E+04  -0.999900E+04   0.188760E+03   0.581716E+03   0.134593E+01   0.399166E+02   0.200000E+02  -0.109287E-02  -0.999900E+04  -0.999900E+04  -0.999900E+04  -0.999900E+04  -0.479257E-02  -0.999900E+04  -0.999900E+04  -0.999900E+04  -0.999900E+04
   0.200000E+01   0.100000E+01   0.405000E+05   0.259200E+06   0.200000E+01   0.100000E+01   0.405000E+05   0.259200E+06   0.188783E+03  -0.999900E+04  -0.999900E+04  -0.999900E+04  -0.999900E+04   0.188783E+03  -0.999900E+04  -0.999900E+04  -0.999900E+04  -0.999900E+04   0.188784E+03   0.582071E+03   0.132574E+01   0.399166E+02   0.200000E+02  -0.954077E-03  -0.999900E+04  -0.999900E+04  -0.999900E+04  -0.999900E+04  -0.418391E-02  -0.999900E+04  -0.999900E+04  -0.999900E+04  -0.999900E+04
   0.200000E+01   0.100000E+01   0.406000E+05   0.259200E+06   0.200000E+01   0.100000E+01   0.406000E+05   0.259200E+06   0.188794E+03  -0.999900E+04  -0.999900E+04  -0.999900E+04  -0.999900E+04   0.188794E+03  -0.999900E+04  -0.999900E+04  -0.999900E+04  -0.999900E+04   0.188803E+03   0.582426E+03   0.133379E+01   0.399166E+02   0.200000E+02  -0.895808E-02  -0.999900E+04  -0.999900E+04  -0.999900E+04  -0.999900E+04  -0.392839E-01  -0.999900E+04  -0.999900E+04  -0.999900E+04  -0.999900E+04
   0.200000E+01   0.100000E+01   0.406500E+05   0.259200E+06   0.200000E+01   0.100000E+01   0.406500E+05   0.259200E+06   0.188803E+03  -0.999900E+04  -0.999900E+04  -0.999900E+04  -0.999900E+04   0.188803E+03  -0.999900E+04  -0.999900E+04  -0.999900E+04  -0.999900E+04   0.188811E+03   0.582603E+03   0.134581E+01   0.399166E+02   0.200000E+02  -0.807930E-02  -0.999900E+04  -0.999900E+04  -0.999900E+04  -0.999900E+04  -0.354301E-01  -0.999900E+04  -0.999900E+04  -0.999900E+04  -0.999900E+04
   0.200000E+01   0.100000E+01   0.407500E+05   0.259200E+06   0.200000E+01   0.100000E+01   0.407500E+05   0.259200E+06   0.188828E+03  -0.999900E+04  -0.999900E+04  -0.999900E+04  -0.999900E+04   0.188828E+03  -0.999900E+04  -0.999900E+04  -0.999900E+04  -0.999900E+04   0.188828E+03   0.582952E+03   0.137506E+01   0.399166E+02   0.200000E+02  -0.569141E-03  -0.999900E+04  -0.999900E+04  -0.999900E+04  -0.999900E+04  -0.249585E-02  -0.999900E+04  -0.999900E+04  -0.999900E+04  -0.999900E+04
   0.200000E+01   0.100000E+01   0.409000E+05   0.259200E+06   0.200000E+01   0.100000E+01   0.409000E+05   0.259200E+06   0.188871E+03  -0.999900E+04  -0.999900E+04  -0.999900E+04  -0.999900E+04   0.188871E+03  -0.999900E+04  -0.999900E+04  -0.999900E+04  -0.999900E+04   0.188857E+03   0.583464E+03   0.140645E+01   0.399166E+02   0.200000E+02   0.145274E-01  -0.999900E+04  -0.999900E+04  -0.999900E+04  -0.999900E+04   0.637072E-01  -0.999900E+04  -0.999900E+04  -0.999900E+04  -0.999900E+04
   0.200000E+01   0.100000E+01   0.410000E+05   0.259200E+06   0.200000E+01   0.100000E+01   0.410000E+05   0.259200E+06   0.188882E+03  -0.999900E+04  -0.999900E+04  -0.999900E+04  -0.999900E+04   0.188882E+03  -0.999900E+04  -0.999900E+04  -0.999900E+04  -0.999900E+04   0.188879E+03   0.583799E+03   0.140789E+01   0.399166E+02   0.200000E+02   0.353108E-02  -0.999900E+04  -0.999900E+04  -0.999900E+04  -0.999900E+04   0.154848E-01  -0.999900E+04  -0.999900E+04  -0.999900E+04  -0.999900E+04
   0.200000E+01   0.100000E+01   0.410850E+05   0.259200E+06   0.200000E+01   0.100000E+01   0.410850E+05   0.259200E+06   0.188906E+03  -0.999900E+04  -0.999900E+04  -0.999900E+04  -0.999900E+04   0.188906E+03  -0.999900E+04  -0.999900E+04  -0.999900E+04  -0.999900E+04   0.188883E+03   0.584080E+03   0.151745E+01   0.399166E+02   0.200000E+02   0.232943E-01  -0.999900E+04  -0.999900E+04  -0.999900E+04  -0.999900E+04   0.102153E+00  -0.999900E+04  -0.999900E+04  -0.999900E+04  -0.999900E+04
   0.200000E+01   0.100000E+01   0.415500E+05   0.259200E+06   0.200000E+01   0.100000E+01   0.415500E+05   0.259200E+06   0.189002E+03  -0.999900E+04  -0.999900E+04  -0.999900E+04  -0.999900E+04   0.189002E+03  -0.999900E+04  -0.999900E+04  -0.999900E+04  -0.999900E+04   0.189035E+03   0.585699E+03   0.140479E+01   0.399166E+02   0.200000E+02  -0.323917E-01  -0.999900E+04  -0.999900E+04  -0.999900E+04  -0.999900E+04  -0.142047E+00  -0.999900E+04  -0.999900E+04  -0.999900E+04  -0.999900E+04
   0.200000E+01   0.100000E+01   0.416000E+05   0.259200E+06   0.200000E+01   0.100000E+01   0.416000E+05   0.259200E+06   0.189002E+03  -0.999900E+04  -0.999900E+04  -0.999900E+04  -0.999900E+04   0.189002E+03  -0.999900E+04  -0.999900E+04  -0.999900E+04  -0.999900E+04   0.189046E+03   0.585894E+03   0.141160E+01   0.399166E+02   0.200000E+02  -0.442867E-01  -0.999900E+04  -0.999900E+04  -0.999900E+04  -0.999900E+04  -0.194211E+00  -0.999900E+04  -0.999900E+04  -0.999900E+04  -0.999900E+04
   0.200000E+01   0.100000E+01   0.416500E+05   0.259200E+06   0.200000E+01   0.100000E+01   0.416500E+05   0.259200E+06   0.188994E+03  -0.999900E+04  -0.999900E+04  -0.999900E+04  -0.999900E+04   0.188994E+03  -0.999900E+04  -0.999900E+04  -0.999900E+04  -0.999900E+04   0.189058E+03   0.586089E+03   0.142170E+01   0.399166E+02   0.200000E+02  -0.642071E-01  -0.999900E+04  -0.999900E+04  -0.999900E+04  -0.999900E+04  -0.281567E+00  -0.999900E+04  -0.999900E+04  -0.999900E+04  -0.999900E+04
   0.200000E+01   0.100000E+01   0.417000E+05   0.259200E+06   0.200000E+01   0.100000E+01   0.417000E+05   0.259200E+06   0.189010E+03  -0.999900E+04  -0.999900E+04  -0.999900E+04  -0.999900E+04   0.189010E+03  -0.999900E+04  -0.999900E+04  -0.999900E+04  -0.999900E+04   0.189070E+03   0.586283E+03   0.143109E+01   0.399166E+02   0.200000E+02  -0.595632E-01  -0.999900E+04  -0.999900E+04  -0.999900E+04  -0.999900E+04  -0.261202E+00  -0.999900E+04  -0.999900E+04  -0.999900E+04  -0.999900E+04
   0.200000E+01   0.100000E+01   0.418000E+05   0.259200E+06   0.200000E+01   0.100000E+01   0.418000E+05   0.259200E+06   0.189041E+03  -0.999900E+04  -0.999900E+04  -0.999900E+04  -0.999900E+04   0.189041E+03  -0.999900E+04  -0.999900E+04  -0.999900E+04  -0.999900E+04   0.189096E+03   0.586670E+03   0.143679E+01   0.399166E+02   0.200000E+02  -0.548184E-01  -0.999900E+04  -0.999900E+04  -0.999900E+04  -0.999900E+04  -0.240395E+00  -0.999900E+04  -0.999900E+04  -0.999900E+04  -0.999900E+04
   0.200000E+01   0.100000E+01   0.419000E+05   0.259200E+06   0.200000E+01   0.100000E+01   0.419000E+05   0.259200E+06   0.189053E+03  -0.999900E+04  -0.999900E+04  -0.999900E+04  -0.999900E+04   0.189053E+03  -0.999900E+04  -0.999900E+04  -0.999900E+04  -0.999900E+04   0.189124E+03   0.587056E+03   0.142334E+01   0.399166E+02   0.200000E+02  -0.708777E-01  -0.999900E+04  -0.999900E+04  -0.999900E+04  -0.999900E+04  -0.310820E+00  -0.999900E+04  -0.999900E+04  -0.999900E+04  -0.999900E+04
   0.200000E+01   0.100000E+01   0.420000E+05   0.259200E+06   0.200000E+01   0.100000E+01   0.420000E+05   0.259200E+06   0.189088E+03  -0.999900E+04  -0.999900E+04  -0.999900E+04  -0.999900E+04   0.189088E+03  -0.999900E+04  -0.999900E+04  -0.999900E+04  -0.999900E+04   0.189152E+03   0.587441E+03   0.140766E+01   0.399166E+02   0.200000E+02  -0.633045E-01  -0.999900E+04  -0.999900E+04  -0.999900E+04  -0.999900E+04  -0.277609E+00  -0.999900E+04  -0.999900E+04  -0.999900E+04  -0.999900E+04
   0.200000E+01   0.100000E+01   0.422000E+05   0.259200E+06   0.200000E+01   0.100000E+01   0.422000E+05   0.259200E+06   0.189121E+03  -0.999900E+04  -0.999900E+04  -0.999900E+04  -0.999900E+04   0.189121E+03  -0.999900E+04  -0.999900E+04  -0.999900E+04  -0.999900E+04   0.189202E+03   0.588217E+03   0.139931E+01   0.399166E+02   0.200000E+02  -0.805670E-01  -0.999900E+04  -0.999900E+04  -0.999900E+04  -0.999900E+04  -0.353310E+00  -0.999900E+04  -0.999900E+04  -0.999900E+04  -0.999900E+04
   0.200000E+01   0.100000E+01   0.424000E+05   0.259200E+06   0.200000E+01   0.100000E+01   0.424000E+05   0.259200E+06   0.189159E+03  -0.999900E+04  -0.999900E+04  -0.999900E+04  -0.999900E+04   0.189159E+03  -0.999900E+04  -0.999900E+04  -0.999900E+04  -0.999900E+04   0.189250E+03   0.589002E+03   0.140285E+01   0.399166E+02   0.200000E+02  -0.913662E-01  -0.999900E+04  -0.999900E+04  -0.999900E+04  -0.999900E+04  -0.400668E+00  -0.999900E+04  -0.999900E+04  -0.999900E+04  -0.999900E+04
   0.200000E+01   0.100000E+01   0.426000E+05   0.259200E+06   0.200000E+01   0.100000E+01   0.426000E+05   0.259200E+06   0.189210E+03  -0.999900E+04  -0.999900E+04  -0.999900E+04  -0.999900E+04   0.189210E+03  -0.999900E+04  -0.999900E+04  -0.999900E+04  -0.999900E+04   0.189300E+03   0.589798E+03   0.140421E+01   0.399166E+02   0.200000E+02  -0.903183E-01  -0.999900E+04  -0.999900E+04  -0.999900E+04  -0.999900E+04  -0.396073E+00  -0.999900E+04  -0.999900E+04  -0.999900E+04  -0.999900E+04
   0.200000E+01   0.100000E+01   0.428000E+05   0.259200E+06   0.200000E+01   0.100000E+01   0.428000E+05   0.259200E+06   0.189281E+03  -0.999900E+04  -0.999900E+04  -0.999900E+04  -0.999900E+04   0.189281E+03  -0.999900E+04  -0.999900E+04  -0.999900E+04  -0.999900E+04   0.189351E+03   0.590605E+03   0.139685E+01   0.399166E+02   0.200000E+02  -0.703437E-01  -0.999900E+04  -0.999900E+04  -0.999900E+04  -0.999900E+04  -0.308478E+00  -0.999900E+04  -0.999900E+04  -0.999900E+04  -0.999900E+04
   0.200000E+01   0.100000E+01   0.429000E+05   0.259200E+06   0.200000E+01   0.100000E+01   0.429000E+05   0.259200E+06   0.189283E+03  -0.999900E+04  -0.999900E+04  -0.999900E+04  -0.999900E+04   0.189283E+03  -0.999900E+04  -0.999900E+04  -0.999900E+04  -0.999900E+04   0.189377E+03   0.591012E+03   0.138995E+01   0.399166E+02   0.200000E+02  -0.937090E-01  -0.999900E+04  -0.999900E+04  -0.999900E+04  -0.999900E+04  -0.410942E+00  -0.999900E+04  -0.999900E+04  -0.999900E+04  -0.999900E+04
   0.200000E+01   0.100000E+01   0.431000E+05   0.259200E+06   0.200000E+01   0.100000E+01   0.431000E+05   0.259200E+06   0.189340E+03  -0.999900E+04  -0.999900E+04  -0.999900E+04  -0.999900E+04   0.189340E+03  -0.999900E+04  -0.999900E+04  -0.999900E+04  -0.999900E+04   0.189426E+03   0.591832E+03   0.138618E+01   0.399166E+02   0.200000E+02  -0.860439E-01  -0.999900E+04  -0.999900E+04  -0.999900E+04  -0.999900E+04  -0.377328E+00  -0.999900E+04  -0.999900E+04  -0.999900E+04  -0.999900E+04
   0.200000E+01   0.100000E+01   0.432000E+05   0.259200E+06   0.200000E+01   0.100000E+01   0.432000E+05   0.259200E+06   0.189387E+03  -0.999900E+04  -0.999900E+04  -0.999900E+04  -0.999900E+04   0.189387E+03  -0.999900E+04  -0.999900E+04  -0.999900E+04  -0.999900E+04   0.189447E+03   0.592241E+03   0.140914E+01   0.399166E+02   0.200000E+02  -0.602046E-01  -0.999900E+04  -0.999900E+04  -0.999900E+04  -0.999900E+04  -0.264015E+00  -0.999900E+04  -0.999900E+04  -0.999900E+04  -0.999900E+04
   0.200000E+01   0.100000E+01   0.432500E+05   0.259200E+06   0.200000E+01   0.100000E+01   0.432500E+05   0.259200E+06   0.189413E+03  -0.999900E+04  -0.999900E+04  -0.999900E+04  -0.999900E+04   0.189413E+03  -0.999900E+04  -0.999900E+04  -0.999900E+04  -0.999900E+04   0.189458E+03   0.592446E+03   0.142258E+01   0.399166E+02   0.200000E+02  -0.453909E-01  -0.999900E+04  -0.999900E+04  -0.999900E+04  -0.999900E+04  -0.199053E+00  -0.999900E+04  -0.999900E+04  -0.999900E+04  -0.999900E+04
   0.200000E+01   0.100000E+01   0.433500E+05   0.259200E+06   0.200000E+01   0.100000E+01   0.433500E+05   0.259200E+06   0.189436E+03  -0.999900E+04  -0.999900E+04  -0.999900E+04  -0.999900E+04   0.189436E+03  -0.999900E+04  -0.999900E+04  -0.999900E+04  -0.999900E+04   0.189482E+03   0.592854E+03   0.144517E+01   0.399166E+02   0.200000E+02  -0.460115E-01  -0.999900E+04  -0.999900E+04  -0.999900E+04  -0.999900E+04  -0.201774E+00  -0.999900E+04  -0.999900E+04  -0.999900E+04  -0.999900E+04
   0.200000E+01   0.100000E+01   0.436000E+05   0.259200E+06   0.200000E+01   0.100000E+01   0.436000E+05   0.259200E+06   0.189477E+03  -0.999900E+04  -0.999900E+04  -0.999900E+04  -0.999900E+04   0.189477E+03  -0.999900E+04  -0.999900E+04  -0.999900E+04  -0.999900E+04   0.189558E+03   0.593873E+03   0.131900E+01   0.399166E+02   0.200000E+02  -0.812869E-01  -0.999900E+04  -0.999900E+04  -0.999900E+04  -0.999900E+04  -0.356468E+00  -0.999900E+04  -0.999900E+04  -0.999900E+04  -0.999900E+04
   0.200000E+01   0.100000E+01   0.436500E+05   0.259200E+06   0.200000E+01   0.100000E+01   0.436500E+05   0.259200E+06   0.189514E+03  -0.999900E+04  -0.999900E+04  -0.999900E+04  -0.999900E+04   0.189514E+03  -0.999900E+04  -0.999900E+04  -0.999900E+04  -0.999900E+04   0.189577E+03   0.594073E+03   0.128572E+01   0.399166E+02   0.200000E+02  -0.631621E-01  -0.999900E+04  -0.999900E+04  -0.999900E+04  -0.999900E+04  -0.276985E+00  -0.999900E+04  -0.999900E+04  -0.999900E+04  -0.999900E+04
   0.200000E+01   0.100000E+01   0.437000E+05   0.259200E+06   0.200000E+01   0.100000E+01   0.437000E+05   0.259200E+06   0.189532E+03  -0.999900E+04  -0.999900E+04  -0.999900E+04  -0.999900E+04   0.189532E+03  -0.999900E+04  -0.999900E+04  -0.999900E+04  -0.999900E+04   0.189594E+03   0.594274E+03   0.125147E+01   0.399166E+02   0.200000E+02  -0.626993E-01  -0.999900E+04  -0.999900E+04  -0.999900E+04  -0.999900E+04  -0.274955E+00  -0.999900E+04  -0.999900E+04  -0.999900E+04  -0.999900E+04
   0.200000E+01   0.100000E+01   0.437500E+05   0.259200E+06   0.200000E+01   0.100000E+01   0.437500E+05   0.259200E+06   0.189545E+03  -0.999900E+04  -0.999900E+04  -0.999900E+04  -0.999900E+04   0.189545E+03  -0.999900E+04  -0.999900E+04  -0.999900E+04  -0.999900E+04   0.189609E+03   0.594477E+03   0.122018E+01   0.399166E+02   0.200000E+02  -0.636478E-01  -0.999900E+04  -0.999900E+04  -0.999900E+04  -0.999900E+04  -0.279115E+00  -0.999900E+04  -0.999900E+04  -0.999900E+04  -0.999900E+04
   0.200000E+01   0.100000E+01   0.438500E+05   0.259200E+06   0.200000E+01   0.100000E+01   0.438500E+05   0.259200E+06   0.189573E+03  -0.999900E+04  -0.999900E+04  -0.999900E+04  -0.999900E+04   0.189573E+03  -0.999900E+04  -0.999900E+04  -0.999900E+04  -0.999900E+04   0.189632E+03   0.594891E+03   0.117347E+01   0.399166E+02   0.200000E+02  -0.594784E-01  -0.999900E+04  -0.999900E+04  -0.999900E+04  -0.999900E+04  -0.260831E+00  -0.999900E+04  -0.999900E+04  -0.999900E+04  -0.999900E+04
   0.200000E+01   0.100000E+01   0.440000E+05   0.259200E+06   0.200000E+01   0.100000E+01   0.440000E+05   0.259200E+06   0.189618E+03  -0.999900E+04  -0.999900E+04  -0.999900E+04  -0.999900E+04   0.189618E+03  -0.999900E+04  -0.999900E+04  -0.999900E+04  -0.999900E+04   0.189659E+03   0.595530E+03   0.114195E+01   0.399166E+02   0.200000E+02  -0.409576E-01  -0.999900E+04  -0.999900E+04  -0.999900E+04  -0.999900E+04  -0.179611E+00  -0.999900E+04  -0.999900E+04  -0.999900E+04  -0.999900E+04
   0.200000E+01   0.100000E+01   0.443200E+05   0.259200E+06   0.200000E+01   0.100000E+01   0.443200E+05   0.259200E+06   0.189748E+03  -0.999900E+04  -0.999900E+04  -0.999900E+04  -0.999900E+04   0.189748E+03  -0.999900E+04  -0.999900E+04  -0.999900E+04  -0.999900E+04   0.189673E+03   0.596903E+03   0.164966E+01   0.399166E+02   0.200000E+02   0.754416E-01  -0.999900E+04  -0.999900E+04  -0.999900E+04  -0.999900E+04   0.330834E+00  -0.999900E+04  -0.999900E+04  -0.999900E+04  -0.999900E+04
   0.200000E+01   0.100000E+01   0.444800E+05   0.259200E+06   0.200000E+01   0.100000E+01   0.444800E+05   0.259200E+06   0.189766E+03  -0.999900E+04  -0.999900E+04  -0.999900E+04  -0.999900E+04   0.189766E+03  -0.999900E+04  -0.999900E+04  -0.999900E+04  -0.999900E+04   0.189730E+03   0.597574E+03   0.184115E+01   0.399166E+02   0.200000E+02   0.350160E-01  -0.999900E+04  -0.999900E+04  -0.999900E+04  -0.999900E+04   0.153556E+00  -0.999900E+04  -0.999900E+04  -0.999900E+04  -0.999900E+04
   0.200000E+01   0.100000E+01   0.451200E+05   0.259200E+06   0.200000E+01   0.100000E+01   0.451200E+05   0.259200E+06   0.189936E+03  -0.999900E+04  -0.999900E+04  -0.999900E+04  -0.999900E+04   0.189936E+03  -0.999900E+04  -0.999900E+04  -0.999900E+04  -0.999900E+04   0.190037E+03   0.600165E+03   0.128854E+01   0.399166E+02   0.200000E+02  -0.101158E+00  -0.999900E+04  -0.999900E+04  -0.999900E+04  -0.999900E+04  -0.443610E+00  -0.999900E+04  -0.999900E+04  -0.999900E+04  -0.999900E+04
   0.200000E+01   0.100000E+01   0.452150E+05   0.259200E+06   0.200000E+01   0.100000E+01   0.452150E+05   0.259200E+06   0.189952E+03  -0.999900E+04  -0.999900E+04  -0.999900E+04  -0.999900E+04   0.189952E+03  -0.999900E+04  -0.999900E+04  -0.999900E+04  -0.999900E+04   0.190054E+03   0.600535E+03   0.128925E+01   0.399166E+02   0.200000E+02  -0.102245E+00  -0.999900E+04  -0.999900E+04  -0.999900E+04  -0.999900E+04  -0.448375E+00  -0.999900E+04  -0.999900E+04  -0.999900E+04  -0.999900E+04
   0.200000E+01   0.100000E+01   0.453100E+05   0.259200E+06   0.200000E+01   0.100000E+01   0.453100E+05   0.259200E+06   0.190009E+03  -0.999900E+04  -0.999900E+04  -0.999900E+04  -0.999900E+04   0.190009E+03  -0.999900E+04  -0.999900E+04  -0.999900E+04  -0.999900E+04   0.190069E+03   0.600896E+03   0.130957E+01   0.399166E+02   0.200000E+02  -0.601392E-01  -0.999900E+04  -0.999900E+04  -0.999900E+04  -0.999900E+04  -0.263728E+00  -0.999900E+04  -0.999900E+04  -0.999900E+04  -0.999900E+04
   0.200000E+01   0.100000E+01   0.454050E+05   0.259200E+06   0.200000E+01   0.100000E+01   0.454050E+05   0.259200E+06   0.190048E+03  -0.999900E+04  -0.999900E+04  -0.999900E+04  -0.999900E+04   0.190048E+03  -0.999900E+04  -0.999900E+04  -0.999900E+04  -0.999900E+04   0.190082E+03   0.601243E+03   0.134558E+01   0.399166E+02   0.200000E+02  -0.342939E-01  -0.999900E+04  -0.999900E+04  -0.999900E+04  -0.999900E+04  -0.150389E+00  -0.999900E+04  -0.999900E+04  -0.999900E+04  -0.999900E+04
   0.200000E+01   0.100000E+01   0.455000E+05   0.259200E+06   0.200000E+01   0.100000E+01   0.455000E+05   0.259200E+06   0.190076E+03  -0.999900E+04  -0.999900E+04  -0.999900E+04  -0.999900E+04   0.190076E+03  -0.999900E+04  -0.999900E+04  -0.999900E+04  -0.999900E+04   0.190098E+03   0.601580E+03   0.136351E+01   0.399166E+02   0.200000E+02  -0.223462E-01  -0.999900E+04  -0.999900E+04  -0.999900E+04  -0.999900E+04  -0.979947E-01  -0.999900E+04  -0.999900E+04  -0.999900E+04  -0.999900E+04
   0.200000E+01   0.100000E+01   0.460000E+05   0.259200E+06   0.200000E+01   0.100000E+01   0.460000E+05   0.259200E+06   0.190163E+03  -0.999900E+04  -0.999900E+04  -0.999900E+04  -0.999900E+04   0.190163E+03  -0.999900E+04  -0.999900E+04  -0.999900E+04  -0.999900E+04   0.190223E+03   0.603565E+03   0.150735E+01   0.399166E+02   0.200000E+02  -0.602156E-01  -0.999900E+04  -0.999900E+04  -0.999900E+04  -0.999900E+04  -0.264064E+00  -0.999900E+04  -0.999900E+04  -0.999900E+04  -0.999900E+04
   0.200000E+01   0.100000E+01   0.460500E+05   0.259200E+06   0.200000E+01   0.100000E+01   0.460500E+05   0.259200E+06   0.190167E+03  -0.999900E+04  -0.999900E+04  -0.999900E+04  -0.999900E+04   0.190167E+03  -0.999900E+04  -0.999900E+04  -0.999900E+04  -0.999900E+04   0.190244E+03   0.603785E+03   0.149406E+01   0.399166E+02   0.200000E+02  -0.762371E-01  -0.999900E+04  -0.999900E+04  -0.999900E+04  -0.999900E+04  -0.334323E+00  -0.999900E+04  -0.999900E+04  -0.999900E+04  -0.999900E+04
   0.200000E+01   0.100000E+01   0.461000E+05   0.259200E+06   0.200000E+01   0.100000E+01   0.461000E+05   0.259200E+06   0.190174E+03  -0.999900E+04  -0.999900E+04  -0.999900E+04  -0.999900E+04   0.190174E+03  -0.999900E+04  -0.999900E+04  -0.999900E+04  -0.999900E+04   0.190264E+03   0.604002E+03   0.147652E+01   0.399166E+02   0.200000E+02  -0.896686E-01  -0.999900E+04  -0.999900E+04  -0.999900E+04  -0.999900E+04  -0.393224E+00  -0.999900E+04  -0.999900E+04  -0.999900E+04  -0.999900E+04
   0.200000E+01   0.100000E+01   0.461500E+05   0.259200E+06   0.200000E+01   0.100000E+01   0.461500E+05   0.259200E+06   0.190167E+03  -0.999900E+04  -0.999900E+04  -0.999900E+04  -0.999900E+04   0.190167E+03  -0.999900E+04  -0.999900E+04  -0.999900E+04  -0.999900E+04   0.190284E+03   0.604216E+03   0.145634E+01   0.399166E+02   0.200000E+02  -0.116961E+00  -0.999900E+04  -0.999900E+04  -0.999900E+04  -0.999900E+04  -0.512909E+00  -0.999900E+04  -0.999900E+04  -0.999900E+04  -0.999900E+04
   0.200000E+01   0.100000E+01   0.462000E+05   0.259200E+06   0.200000E+01   0.100000E+01   0.462000E+05   0.259200E+06   0.190189E+03  -0.999900E+04  -0.999900E+04  -0.999900E+04  -0.999900E+04   0.190189E+03  -0.999900E+04  -0.999900E+04  -0.999900E+04  -0.999900E+04   0.190302E+03   0.604427E+03   0.143474E+01   0.399166E+02   0.200000E+02  -0.113163E+00  -0.999900E+04  -0.999900E+04  -0.999900E+04  -0.999900E+04  -0.496254E+00  -0.999900E+04  -0.999900E+04  -0.999900E+04  -0.999900E+04
   0.200000E+01   0.100000E+01   0.462500E+05   0.259200E+06   0.200000E+01   0.100000E+01   0.462500E+05   0.259200E+06   0.190186E+03  -0.999900E+04  -0.999900E+04  -0.999900E+04  -0.999900E+04   0.190186E+03  -0.999900E+04  -0.999900E+04  -0.999900E+04  -0.999900E+04   0.190319E+03   0.604633E+03   0.141249E+01   0.399166E+02   0.200000E+02  -0.133721E+00  -0.999900E+04  -0.999900E+04  -0.999900E+04  -0.999900E+04  -0.586405E+00  -0.999900E+04  -0.999900E+04  -0.999900E+04  -0.999900E+04
   0.200000E+01   0.100000E+01   0.463000E+05   0.259200E+06   0.200000E+01   0.100000E+01   0.463000E+05   0.259200E+06   0.190186E+03  -0.999900E+04  -0.999900E+04  -0.999900E+04  -0.999900E+04   0.190186E+03  -0.999900E+04  -0.999900E+04  -0.999900E+04  -0.999900E+04   0.190336E+03   0.604835E+03   0.139038E+01   0.399166E+02   0.200000E+02  -0.149326E+00  -0.999900E+04  -0.999900E+04  -0.999900E+04  -0.999900E+04  -0.654837E+00  -0.999900E+04  -0.999900E+04  -0.999900E+04  -0.999900E+04
   0.200000E+01   0.100000E+01   0.463500E+05   0.259200E+06   0.200000E+01   0.100000E+01   0.463500E+05   0.259200E+06   0.190236E+03  -0.999900E+04  -0.999900E+04  -0.999900E+04  -0.999900E+04   0.190236E+03  -0.999900E+04  -0.999900E+04  -0.999900E+04  -0.999900E+04   0.190351E+03   0.605035E+03   0.136950E+01   0.399166E+02   0.200000E+02  -0.114747E+00  -0.999900E+04  -0.999900E+04  -0.999900E+04  -0.999900E+04  -0.503200E+00  -0.999900E+04  -0.999900E+04  -0.999900E+04  -0.999900E+04
   0.200000E+01   0.100000E+01   0.464500E+05   0.259200E+06   0.200000E+01   0.100000E+01   0.464500E+05   0.259200E+06   0.190254E+03  -0.999900E+04  -0.999900E+04  -0.999900E+04  -0.999900E+04   0.190254E+03  -0.999900E+04  -0.999900E+04  -0.999900E+04  -0.999900E+04   0.190377E+03   0.605427E+03   0.133752E+01   0.399166E+02   0.200000E+02  -0.123496E+00  -0.999900E+04  -0.999900E+04  -0.999900E+04  -0.999900E+04  -0.541565E+00  -0.999900E+04  -0.999900E+04  -0.999900E+04  -0.999900E+04
   0.200000E+01   0.100000E+01   0.465000E+05   0.259200E+06   0.200000E+01   0.100000E+01   0.465000E+05   0.259200E+06   0.190272E+03  -0.999900E+04  -0.999900E+04  -0.999900E+04  -0.999900E+04   0.190272E+03  -0.999900E+04  -0.999900E+04  -0.999900E+04  -0.999900E+04   0.190389E+03   0.605622E+03   0.133008E+01   0.399166E+02   0.200000E+02  -0.117362E+00  -0.999900E+04  -0.999900E+04  -0.999900E+04  -0.999900E+04  -0.514667E+00  -0.999900E+04  -0.999900E+04  -0.999900E+04  -0.999900E+04
   0.200000E+01   0.100000E+01   0.470000E+05   0.259200E+06   0.200000E+01   0.100000E+01   0.470000E+05   0.259200E+06   0.190443E+03  -0.999900E+04  -0.999900E+04  -0.999900E+04  -0.999900E+04   0.190443E+03  -0.999900E+04  -0.999900E+04  -0.999900E+04  -0.999900E+04   0.190496E+03   0.607554E+03   0.121270E+01   0.399166E+02   0.200000E+02  -0.535548E-01  -0.999900E+04  -0.999900E+04  -0.999900E+04  -0.999900E+04  -0.234854E+00  -0.999900E+04  -0.999900E+04  -0.999900E+04  -0.999900E+04
   0.200000E+01   0.100000E+01   0.470500E+05   0.259200E+06   0.200000E+01   0.100000E+01   0.470500E+05   0.259200E+06   0.190442E+03  -0.999900E+04  -0.999900E+04  -0.999900E+04  -0.999900E+04   0.190442E+03  -0.999900E+04  -0.999900E+04  -0.999900E+04  -0.999900E+04   0.190503E+03   0.607747E+03   0.121733E+01   0.399166E+02   0.200000E+02  -0.610586E-01  -0.999900E+04  -0.999900E+04  -0.999900E+04  -0.999900E+04  -0.267760E+00  -0.999900E+04  -0.999900E+04  -0.999900E+04  -0.999900E+04
   0.200000E+01   0.100000E+01   0.471000E+05   0.259200E+06   0.200000E+01   0.100000E+01   0.471000E+05   0.259200E+06   0.190456E+03  -0.999900E+04  -0.999900E+04  -0.999900E+04  -0.999900E+04   0.190456E+03  -0.999900E+04  -0.999900E+04  -0.999900E+04  -0.999900E+04   0.190509E+03   0.607937E+03   0.123318E+01   0.399166E+02   0.200000E+02  -0.524348E-01  -0.999900E+04  -0.999900E+04  -0.999900E+04  -0.999900E+04  -0.229943E+00  -0.999900E+04  -0.999900E+04  -0.999900E+04  -0.999900E+04
   0.200000E+01   0.100000E+01   0.471500E+05   0.259200E+06   0.200000E+01   0.100000E+01   0.471500E+05   0.259200E+06   0.190468E+03  -0.999900E+04  -0.999900E+04  -0.999900E+04  -0.999900E+04   0.190468E+03  -0.999900E+04  -0.999900E+04  -0.999900E+04  -0.999900E+04   0.190514E+03   0.608123E+03   0.125695E+01   0.399166E+02   0.200000E+02  -0.452566E-01  -0.999900E+04  -0.999900E+04  -0.999900E+04  -0.999900E+04  -0.198464E+00  -0.999900E+04  -0.999900E+04  -0.999900E+04  -0.999900E+04
   0.200000E+01   0.100000E+01   0.472500E+05   0.259200E+06   0.200000E+01   0.100000E+01   0.472500E+05   0.259200E+06   0.190528E+03  -0.999900E+04  -0.999900E+04  -0.999900E+04  -0.999900E+04   0.190528E+03  -0.999900E+04  -0.999900E+04  -0.999900E+04  -0.999900E+04   0.190522E+03   0.608476E+03   0.131448E+01   0.399166E+02   0.200000E+02   0.568484E-02  -0.999900E+04  -0.999900E+04  -0.999900E+04  -0.999900E+04   0.249297E-01  -0.999900E+04  -0.999900E+04  -0.999900E+04  -0.999900E+04
   0.200000E+01   0.100000E+01   0.473000E+05   0.259200E+06   0.200000E+01   0.100000E+01   0.473000E+05   0.259200E+06   0.190534E+03  -0.999900E+04  -0.999900E+04  -0.999900E+04  -0.999900E+04   0.190534E+03  -0.999900E+04  -0.999900E+04  -0.999900E+04  -0.999900E+04   0.190527E+03   0.608642E+03   0.134173E+01   0.399166E+02   0.200000E+02   0.635461E-02  -0.999900E+04  -0.999900E+04  -0.999900E+04  -0.999900E+04   0.278669E-01  -0.999900E+04  -0.999900E+04  -0.999900E+04  -0.999900E+04
   0.200000E+01   0.100000E+01   0.473500E+05   0.259200E+06   0.200000E+01   0.100000E+01   0.473500E+05   0.259200E+06   0.190560E+03  -0.999900E+04  -0.999900E+04  -0.999900E+04  -0.999900E+04   0.190560E+03  -0.999900E+04  -0.999900E+04  -0.999900E+04  -0.999900E+04   0.190533E+03   0.608801E+03   0.136448E+01   0.399166E+02   0.200000E+02   0.269988E-01  -0.999900E+04  -0.999900E+04  -0.999900E+04  -0.999900E+04   0.118398E+00  -0.999900E+04  -0.999900E+04  -0.999900E+04  -0.999900E+04
   0.200000E+01   0.100000E+01   0.474000E+05   0.259200E+06   0.200000E+01   0.100000E+01   0.474000E+05   0.259200E+06   0.190548E+03  -0.999900E+04  -0.999900E+04  -0.999900E+04  -0.999900E+04   0.190548E+03  -0.999900E+04  -0.999900E+04  -0.999900E+04  -0.999900E+04   0.190539E+03   0.608954E+03   0.138104E+01   0.399166E+02   0.200000E+02   0.940371E-02  -0.999900E+04  -0.999900E+04  -0.999900E+04  -0.999900E+04   0.412381E-01  -0.999900E+04  -0.999900E+04  -0.999900E+04  -0.999900E+04
   0.200000E+01   0.100000E+01   0.475000E+05   0.259200E+06   0.200000E+01   0.100000E+01   0.475000E+05   0.259200E+06   0.190569E+03  -0.999900E+04  -0.999900E+04  -0.999900E+04  -0.999900E+04   0.190569E+03  -0.999900E+04  -0.999900E+04  -0.999900E+04  -0.999900E+04   0.190554E+03   0.609249E+03   0.139232E+01   0.399166E+02   0.200000E+02   0.146602E-01  -0.999900E+04  -0.999900E+04  -0.999900E+04  -0.999900E+04   0.642893E-01  -0.999900E+04  -0.999900E+04  -0.999900E+04  -0.999900E+04
   0.200000E+01   0.100000E+01   0.475500E+05   0.259200E+06   0.200000E+01   0.100000E+01   0.475500E+05   0.259200E+06   0.190576E+03  -0.999900E+04  -0.999900E+04  -0.999900E+04  -0.999900E+04   0.190576E+03  -0.999900E+04  -0.999900E+04  -0.999900E+04  -0.999900E+04   0.190562E+03   0.609396E+03   0.139326E+01   0.399166E+02   0.200000E+02   0.135747E-01  -0.999900E+04  -0.999900E+04  -0.999900E+04  -0.999900E+04   0.595290E-01  -0.999900E+04  -0.999900E+04  -0.999900E+04  -0.999900E+04
   0.200000E+01   0.100000E+01   0.477000E+05   0.259200E+06   0.200000E+01   0.100000E+01   0.477000E+05   0.259200E+06   0.190633E+03  -0.999900E+04  -0.999900E+04  -0.999900E+04  -0.999900E+04   0.190633E+03  -0.999900E+04  -0.999900E+04  -0.999900E+04  -0.999900E+04   0.190585E+03   0.609856E+03   0.142553E+01   0.399166E+02   0.200000E+02   0.480780E-01  -0.999900E+04  -0.999900E+04  -0.999900E+04  -0.999900E+04   0.210837E+00  -0.999900E+04  -0.999900E+04  -0.999900E+04  -0.999900E+04
   0.200000E+01   0.100000E+01   0.477500E+05   0.259200E+06   0.200000E+01   0.100000E+01   0.477500E+05   0.259200E+06   0.190634E+03  -0.999900E+04  -0.999900E+04  -0.999900E+04  -0.999900E+04   0.190634E+03  -0.999900E+04  -0.999900E+04  -0.999900E+04  -0.999900E+04   0.190593E+03   0.610018E+03   0.144365E+01   0.399166E+02   0.200000E+02   0.414876E-01  -0.999900E+04  -0.999900E+04  -0.999900E+04  -0.999900E+04   0.181936E+00  -0.999900E+04  -0.999900E+04  -0.999900E+04  -0.999900E+04
   0.200000E+01   0.100000E+01   0.478000E+05   0.259200E+06   0.200000E+01   0.100000E+01   0.478000E+05   0.259200E+06   0.190624E+03  -0.999900E+04  -0.999900E+04  -0.999900E+04  -0.999900E+04   0.190624E+03  -0.999900E+04  -0.999900E+04  -0.999900E+04  -0.999900E+04   0.190601E+03   0.610183E+03   0.146365E+01   0.399166E+02   0.200000E+02   0.230241E-01  -0.999900E+04  -0.999900E+04  -0.999900E+04  -0.999900E+04   0.100968E+00  -0.999900E+04  -0.999900E+04  -0.999900E+04  -0.999900E+04
   0.200000E+01   0.100000E+01   0.478500E+05   0.259200E+06   0.200000E+01   0.100000E+01   0.478500E+05   0.259200E+06   0.190632E+03  -0.999900E+04  -0.999900E+04  -0.999900E+04  -0.999900E+04   0.190632E+03  -0.999900E+04  -0.999900E+04  -0.999900E+04  -0.999900E+04   0.190610E+03   0.610352E+03   0.148341E+01   0.399166E+02   0.200000E+02   0.219215E-01  -0.999900E+04  -0.999900E+04  -0.999900E+04  -0.999900E+04   0.961322E-01  -0.999900E+04  -0.999900E+04  -0.999900E+04  -0.999900E+04
   0.200000E+01   0.100000E+01   0.479500E+05   0.259200E+06   0.200000E+01   0.100000E+01   0.479500E+05   0.259200E+06   0.190661E+03  -0.999900E+04  -0.999900E+04  -0.999900E+04  -0.999900E+04   0.190661E+03  -0.999900E+04  -0.999900E+04  -0.999900E+04  -0.999900E+04   0.190632E+03   0.610698E+03   0.151011E+01   0.399166E+02   0.200000E+02   0.290810E-01  -0.999900E+04  -0.999900E+04  -0.999900E+04  -0.999900E+04   0.127529E+00  -0.999900E+04  -0.999900E+04  -0.999900E+04  -0.999900E+04
   0.200000E+01   0.100000E+01   0.480000E+05   0.259200E+06   0.200000E+01   0.100000E+01   0.480000E+05   0.259200E+06   0.190640E+03  -0.999900E+04  -0.999900E+04  -0.999900E+04  -0.999900E+04   0.190640E+03  -0.999900E+04  -0.999900E+04  -0.999900E+04  -0.999900E+04   0.190646E+03   0.610873E+03   0.151018E+01   0.399166E+02   0.200000E+02  -0.546721E-02  -0.999900E+04  -0.999900E+04  -0.999900E+04  -0.999900E+04  -0.239754E-01  -0.999900E+04  -0.999900E+04  -0.999900E+04  -0.999900E+04
   0.200000E+01   0.100000E+01   0.481000E+05   0.259200E+06   0.200000E+01   0.100000E+01   0.481000E+05   0.259200E+06   0.190644E+03  -0.999900E+04  -0.999900E+04  -0.999900E+04  -0.999900E+04   0.190644E+03  -0.999900E+04  -0.999900E+04  -0.999900E+04  -0.999900E+04   0.190669E+03   0.611224E+03   0.154390E+01   0.399166E+02   0.200000E+02  -0.243843E-01  -0.999900E+04  -0.999900E+04  -0.999900E+04  -0.999900E+04  -0.106932E+00  -0.999900E+04  -0.999900E+04  -0.999900E+04  -0.999900E+04
   0.200000E+01   0.100000E+01   0.481500E+05   0.259200E+06   0.200000E+01   0.100000E+01   0.481500E+05   0.259200E+06   0.190709E+03  -0.999900E+04  -0.999900E+04  -0.999900E+04  -0.999900E+04   0.190709E+03  -0.999900E+04  -0.999900E+04  -0.999900E+04  -0.999900E+04   0.190678E+03   0.611400E+03   0.158419E+01   0.399166E+02   0.200000E+02   0.312910E-01  -0.999900E+04  -0.999900E+04  -0.999900E+04  -0.999900E+04   0.137220E+00  -0.999900E+04  -0.999900E+04  -0.999900E+04  -0.999900E+04
   0.200000E+01   0.100000E+01   0.482000E+05   0.259200E+06   0.200000E+01   0.100000E+01   0.482000E+05   0.259200E+06   0.190732E+03  -0.999900E+04  -0.999900E+04  -0.999900E+04  -0.999900E+04   0.190732E+03  -0.999900E+04  -0.999900E+04  -0.999900E+04  -0.999900E+04   0.190688E+03   0.611577E+03   0.163017E+01   0.399166E+02   0.200000E+02   0.447390E-01  -0.999900E+04  -0.999900E+04  -0.999900E+04  -0.999900E+04   0.196194E+00  -0.999900E+04  -0.999900E+04  -0.999900E+04  -0.999900E+04
   0.200000E+01   0.100000E+01   0.483000E+05   0.259200E+06   0.200000E+01   0.100000E+01   0.483000E+05   0.259200E+06   0.190753E+03  -0.999900E+04  -0.999900E+04  -0.999900E+04  -0.999900E+04   0.190753E+03  -0.999900E+04  -0.999900E+04  -0.999900E+04  -0.999900E+04   0.190713E+03   0.611935E+03   0.171039E+01   0.399166E+02   0.200000E+02   0.399295E-01  -0.999900E+04  -0.999900E+04  -0.999900E+04  -0.999900E+04   0.175103E+00  -0.999900E+04  -0.999900E+04  -0.999900E+04  -0.999900E+04
   0.200000E+01   0.100000E+01   0.483500E+05   0.259200E+06   0.200000E+01   0.100000E+01   0.483500E+05   0.259200E+06   0.190767E+03  -0.999900E+04  -0.999900E+04  -0.999900E+04  -0.999900E+04   0.190767E+03  -0.999900E+04  -0.999900E+04  -0.999900E+04  -0.999900E+04   0.190732E+03   0.612116E+03   0.173409E+01   0.399166E+02   0.200000E+02   0.356953E-01  -0.999900E+04  -0.999900E+04  -0.999900E+04  -0.999900E+04   0.156535E+00  -0.999900E+04  -0.999900E+04  -0.999900E+04  -0.999900E+04
   0.200000E+01   0.100000E+01   0.484000E+05   0.259200E+06   0.200000E+01   0.100000E+01   0.484000E+05   0.259200E+06   0.190777E+03  -0.999900E+04  -0.999900E+04  -0.999900E+04  -0.999900E+04   0.190777E+03  -0.999900E+04  -0.999900E+04  -0.999900E+04  -0.999900E+04   0.190754E+03   0.612300E+03   0.174436E+01   0.399166E+02   0.200000E+02   0.232752E-01  -0.999900E+04  -0.999900E+04  -0.999900E+04  -0.999900E+04   0.102069E+00  -0.999900E+04  -0.999900E+04  -0.999900E+04  -0.999900E+04
   0.200000E+01   0.100000E+01   0.484500E+05   0.259200E+06   0.200000E+01   0.100000E+01   0.484500E+05   0.259200E+06   0.190787E+03  -0.999900E+04  -0.999900E+04  -0.999900E+04  -0.999900E+04   0.190787E+03  -0.999900E+04  -0.999900E+04  -0.999900E+04  -0.999900E+04   0.190778E+03   0.612484E+03   0.174257E+01   0.399166E+02   0.200000E+02   0.847805E-02  -0.999900E+04  -0.999900E+04  -0.999900E+04  -0.999900E+04   0.371788E-01  -0.999900E+04  -0.999900E+04  -0.999900E+04  -0.999900E+04
   0.200000E+01   0.100000E+01   0.485000E+05   0.259200E+06   0.200000E+01   0.100000E+01   0.485000E+05   0.259200E+06   0.190792E+03  -0.999900E+04  -0.999900E+04  -0.999900E+04  -0.999900E+04   0.190792E+03  -0.999900E+04  -0.999900E+04  -0.999900E+04  -0.999900E+04   0.190804E+03   0.612668E+03   0.173095E+01   0.399166E+02   0.200000E+02  -0.124281E-01  -0.999900E+04  -0.999900E+04  -0.999900E+04  -0.999900E+04  -0.545010E-01  -0.999900E+04  -0.999900E+04  -0.999900E+04  -0.999900E+04
   0.200000E+01   0.100000E+01   0.485500E+05   0.259200E+06   0.200000E+01   0.100000E+01   0.485500E+05   0.259200E+06   0.190792E+03  -0.999900E+04  -0.999900E+04  -0.999900E+04  -0.999900E+04   0.190792E+03  -0.999900E+04  -0.999900E+04  -0.999900E+04  -0.999900E+04   0.190831E+03   0.612850E+03   0.171070E+01   0.399166E+02   0.200000E+02  -0.393819E-01  -0.999900E+04  -0.999900E+04  -0.999900E+04  -0.999900E+04  -0.172702E+00  -0.999900E+04  -0.999900E+04  -0.999900E+04  -0.999900E+04
   0.200000E+01   0.100000E+01   0.486000E+05   0.259200E+06   0.200000E+01   0.100000E+01   0.486000E+05   0.259200E+06   0.190835E+03  -0.999900E+04  -0.999900E+04  -0.999900E+04  -0.999900E+04   0.190835E+03  -0.999900E+04  -0.999900E+04  -0.999900E+04  -0.999900E+04   0.190858E+03   0.613028E+03   0.168514E+01   0.399166E+02   0.200000E+02  -0.228475E-01  -0.999900E+04  -0.999900E+04  -0.999900E+04  -0.999900E+04  -0.100193E+00  -0.999900E+04  -0.999900E+04  -0.999900E+04  -0.999900E+04
   0.200000E+01   0.100000E+01   0.486500E+05   0.259200E+06   0.200000E+01   0.100000E+01   0.486500E+05   0.259200E+06   0.190858E+03  -0.999900E+04  -0.999900E+04  -0.999900E+04  -0.999900E+04   0.190858E+03  -0.999900E+04  -0.999900E+04  -0.999900E+04  -0.999900E+04   0.190883E+03   0.613200E+03   0.165879E+01   0.399166E+02   0.200000E+02  -0.245109E-01  -0.999900E+04  -0.999900E+04  -0.999900E+04  -0.999900E+04  -0.107488E+00  -0.999900E+04  -0.999900E+04  -0.999900E+04  -0.999900E+04
   0.200000E+01   0.100000E+01   0.487000E+05   0.259200E+06   0.200000E+01   0.100000E+01   0.487000E+05   0.259200E+06   0.190864E+03  -0.999900E+04  -0.999900E+04  -0.999900E+04  -0.999900E+04   0.190864E+03  -0.999900E+04  -0.999900E+04  -0.999900E+04  -0.999900E+04   0.190906E+03   0.613366E+03   0.163513E+01   0.399166E+02   0.200000E+02  -0.414465E-01  -0.999900E+04  -0.999900E+04  -0.999900E+04  -0.999900E+04  -0.181755E+00  -0.999900E+04  -0.999900E+04  -0.999900E+04  -0.999900E+04
   0.200000E+01   0.100000E+01   0.487500E+05   0.259200E+06   0.200000E+01   0.100000E+01   0.487500E+05   0.259200E+06   0.190882E+03  -0.999900E+04  -0.999900E+04  -0.999900E+04  -0.999900E+04   0.190882E+03  -0.999900E+04  -0.999900E+04  -0.999900E+04  -0.999900E+04   0.190926E+03   0.613525E+03   0.161624E+01   0.399166E+02   0.200000E+02  -0.439712E-01  -0.999900E+04  -0.999900E+04  -0.999900E+04  -0.999900E+04  -0.192827E+00  -0.999900E+04  -0.999900E+04  -0.999900E+04  -0.999900E+04
   0.200000E+01   0.100000E+01   0.488000E+05   0.259200E+06   0.200000E+01   0.100000E+01   0.488000E+05   0.259200E+06   0.190886E+03  -0.999900E+04  -0.999900E+04  -0.999900E+04  -0.999900E+04   0.190886E+03  -0.999900E+04  -0.999900E+04  -0.999900E+04  -0.999900E+04   0.190944E+03   0.613678E+03   0.160282E+01   0.399166E+02   0.200000E+02  -0.578376E-01  -0.999900E+04  -0.999900E+04  -0.999900E+04  -0.999900E+04  -0.253635E+00  -0.999900E+04  -0.999900E+04  -0.999900E+04  -0.999900E+04
   0.200000E+01   0.100000E+01   0.488500E+05   0.259200E+06   0.200000E+01   0.100000E+01   0.488500E+05   0.259200E+06   0.190951E+03  -0.999900E+04  -0.999900E+04  -0.999900E+04  -0.999900E+04   0.190951E+03  -0.999900E+04  -0.999900E+04  -0.999900E+04  -0.999900E+04   0.190960E+03   0.613824E+03   0.159438E+01   0.399166E+02   0.200000E+02  -0.912715E-02  -0.999900E+04  -0.999900E+04  -0.999900E+04  -0.999900E+04  -0.400253E-01  -0.999900E+04  -0.999900E+04  -0.999900E+04  -0.999900E+04
   0.200000E+01   0.100000E+01   0.489000E+05   0.259200E+06   0.200000E+01   0.100000E+01   0.489000E+05   0.259200E+06   0.190958E+03  -0.999900E+04  -0.999900E+04  -0.999900E+04  -0.999900E+04   0.190958E+03  -0.999900E+04  -0.999900E+04  -0.999900E+04  -0.999900E+04   0.190975E+03   0.613965E+03   0.158944E+01   0.399166E+02   0.200000E+02  -0.167587E-01  -0.999900E+04  -0.999900E+04  -0.999900E+04  -0.999900E+04  -0.734919E-01  -0.999900E+04  -0.999900E+04  -0.999900E+04  -0.999900E+04
   0.200000E+01   0.100000E+01   0.489500E+05   0.259200E+06   0.200000E+01   0.100000E+01   0.489500E+05   0.259200E+06   0.190991E+03  -0.999900E+04  -0.999900E+04  -0.999900E+04  -0.999900E+04   0.190991E+03  -0.999900E+04  -0.999900E+04  -0.999900E+04  -0.999900E+04   0.190989E+03   0.614102E+03   0.158591E+01   0.399166E+02   0.200000E+02   0.211848E-02  -0.999900E+04  -0.999900E+04  -0.999900E+04  -0.999900E+04   0.929018E-02  -0.999900E+04  -0.999900E+04  -0.999900E+04  -0.999900E+04
   0.200000E+01   0.100000E+01   0.490500E+05   0.259200E+06   0.200000E+01   0.100000E+01   0.490500E+05   0.259200E+06   0.191022E+03  -0.999900E+04  -0.999900E+04  -0.999900E+04  -0.999900E+04   0.191022E+03  -0.999900E+04  -0.999900E+04  -0.999900E+04  -0.999900E+04   0.191019E+03   0.614398E+03   0.157773E+01   0.399166E+02   0.200000E+02   0.369109E-02  -0.999900E+04  -0.999900E+04  -0.999900E+04  -0.999900E+04   0.161865E-01  -0.999900E+04  -0.999900E+04  -0.999900E+04  -0.999900E+04
   0.200000E+01   0.100000E+01   0.491000E+05   0.259200E+06   0.200000E+01   0.100000E+01   0.491000E+05   0.259200E+06   0.191013E+03  -0.999900E+04  -0.999900E+04  -0.999900E+04  -0.999900E+04   0.191013E+03  -0.999900E+04  -0.999900E+04  -0.999900E+04  -0.999900E+04   0.191032E+03   0.614559E+03   0.157293E+01   0.399166E+02   0.200000E+02  -0.191960E-01  -0.999900E+04  -0.999900E+04  -0.999900E+04  -0.999900E+04  -0.841804E-01  -0.999900E+04  -0.999900E+04  -0.999900E+04  -0.999900E+04
   0.200000E+01   0.100000E+01   0.491500E+05   0.259200E+06   0.200000E+01   0.100000E+01   0.491500E+05   0.259200E+06   0.191045E+03  -0.999900E+04  -0.999900E+04  -0.999900E+04  -0.999900E+04   0.191045E+03  -0.999900E+04  -0.999900E+04  -0.999900E+04  -0.999900E+04   0.191048E+03   0.614722E+03   0.155583E+01   0.399166E+02   0.200000E+02  -0.247527E-02  -0.999900E+04  -0.999900E+04  -0.999900E+04  -0.999900E+04  -0.108548E-01  -0.999900E+04  -0.999900E+04  -0.999900E+04  -0.999900E+04
   0.200000E+01   0.100000E+01   0.492000E+05   0.259200E+06   0.200000E+01   0.100000E+01   0.492000E+05   0.259200E+06   0.191059E+03  -0.999900E+04  -0.999900E+04  -0.999900E+04  -0.999900E+04   0.191059E+03  -0.999900E+04  -0.999900E+04  -0.999900E+04  -0.999900E+04   0.191066E+03   0.614889E+03   0.152068E+01   0.399166E+02   0.200000E+02  -0.687219E-02  -0.999900E+04  -0.999900E+04  -0.999900E+04  -0.999900E+04  -0.301366E-01  -0.999900E+04  -0.999900E+04  -0.999900E+04  -0.999900E+04
   0.200000E+01   0.100000E+01   0.492500E+05   0.259200E+06   0.200000E+01   0.100000E+01   0.492500E+05   0.259200E+06   0.191072E+03  -0.999900E+04  -0.999900E+04  -0.999900E+04  -0.999900E+04   0.191072E+03  -0.999900E+04  -0.999900E+04  -0.999900E+04  -0.999900E+04   0.191086E+03   0.615064E+03   0.147050E+01   0.399166E+02   0.200000E+02  -0.134865E-01  -0.999900E+04  -0.999900E+04  -0.999900E+04  -0.999900E+04  -0.591426E-01  -0.999900E+04  -0.999900E+04  -0.999900E+04  -0.999900E+04
   0.200000E+01   0.100000E+01   0.493000E+05   0.259200E+06   0.200000E+01   0.100000E+01   0.493000E+05   0.259200E+06   0.191163E+03  -0.999900E+04  -0.999900E+04  -0.999900E+04  -0.999900E+04   0.191163E+03  -0.999900E+04  -0.999900E+04  -0.999900E+04  -0.999900E+04   0.191105E+03   0.615247E+03   0.141426E+01   0.399166E+02   0.200000E+02   0.574296E-01  -0.999900E+04  -0.999900E+04  -0.999900E+04  -0.999900E+04   0.251846E+00  -0.999900E+04  -0.999900E+04  -0.999900E+04  -0.999900E+04
   0.200000E+01   0.100000E+01   0.493500E+05   0.259200E+06   0.200000E+01   0.100000E+01   0.493500E+05   0.259200E+06   0.191154E+03  -0.999900E+04  -0.999900E+04  -0.999900E+04  -0.999900E+04   0.191154E+03  -0.999900E+04  -0.999900E+04  -0.999900E+04  -0.999900E+04   0.191124E+03   0.615439E+03   0.136112E+01   0.399166E+02   0.200000E+02   0.308801E-01  -0.999900E+04  -0.999900E+04  -0.999900E+04  -0.999900E+04   0.135419E+00  -0.999900E+04  -0.999900E+04  -0.999900E+04  -0.999900E+04
   0.200000E+01   0.100000E+01   0.494000E+05   0.259200E+06   0.200000E+01   0.100000E+01   0.494000E+05   0.259200E+06   0.191172E+03  -0.999900E+04  -0.999900E+04  -0.999900E+04  -0.999900E+04   0.191172E+03  -0.999900E+04  -0.999900E+04  -0.999900E+04  -0.999900E+04   0.191140E+03   0.615640E+03   0.131755E+01   0.399166E+02   0.200000E+02   0.327431E-01  -0.999900E+04  -0.999900E+04  -0.999900E+04  -0.999900E+04   0.143588E+00  -0.999900E+04  -0.999900E+04  -0.999900E+04  -0.999900E+04
   0.200000E+01   0.100000E+01   0.495000E+05   0.259200E+06   0.200000E+01   0.100000E+01   0.495000E+05   0.259200E+06   0.191230E+03  -0.999900E+04  -0.999900E+04  -0.999900E+04  -0.999900E+04   0.191230E+03  -0.999900E+04  -0.999900E+04  -0.999900E+04  -0.999900E+04   0.191164E+03   0.616056E+03   0.127501E+01   0.399166E+02   0.200000E+02   0.655833E-01  -0.999900E+04  -0.999900E+04  -0.999900E+04  -0.999900E+04   0.287602E+00  -0.999900E+04  -0.999900E+04  -0.999900E+04  -0.999900E+04
   0.200000E+01   0.100000E+01   0.500000E+05   0.259200E+06   0.200000E+01   0.100000E+01   0.500000E+05   0.259200E+06   0.191323E+03  -0.999900E+04  -0.999900E+04  -0.999900E+04  -0.999900E+04   0.191323E+03  -0.999900E+04  -0.999900E+04  -0.999900E+04  -0.999900E+04   0.191262E+03   0.618272E+03   0.137559E+01   0.399166E+02   0.200000E+02   0.610793E-01  -0.999900E+04  -0.999900E+04  -0.999900E+04  -0.999900E+04   0.267851E+00  -0.999900E+04  -0.999900E+04  -0.999900E+04  -0.999900E+04
   0.200000E+01   0.100000E+01   0.500800E+05   0.259200E+06   0.200000E+01   0.100000E+01   0.500800E+05   0.259200E+06   0.191363E+03  -0.999900E+04  -0.999900E+04  -0.999900E+04  -0.999900E+04   0.191363E+03  -0.999900E+04  -0.999900E+04  -0.999900E+04  -0.999900E+04   0.191290E+03   0.618638E+03   0.132989E+01   0.399166E+02   0.200000E+02   0.737645E-01  -0.999900E+04  -0.999900E+04  -0.999900E+04  -0.999900E+04   0.323479E+00  -0.999900E+04  -0.999900E+04  -0.999900E+04  -0.999900E+04
   0.200000E+01   0.100000E+01   0.501200E+05   0.259200E+06   0.200000E+01   0.100000E+01   0.501200E+05   0.259200E+06   0.191381E+03  -0.999900E+04  -0.999900E+04  -0.999900E+04  -0.999900E+04   0.191381E+03  -0.999900E+04  -0.999900E+04  -0.999900E+04  -0.999900E+04   0.191303E+03   0.618814E+03   0.129484E+01   0.399166E+02   0.200000E+02   0.782384E-01  -0.999900E+04  -0.999900E+04  -0.999900E+04  -0.999900E+04   0.343099E+00  -0.999900E+04  -0.999900E+04  -0.999900E+04  -0.999900E+04
   0.200000E+01   0.100000E+01   0.501600E+05   0.259200E+06   0.200000E+01   0.100000E+01   0.501600E+05   0.259200E+06   0.191402E+03  -0.999900E+04  -0.999900E+04  -0.999900E+04  -0.999900E+04   0.191402E+03  -0.999900E+04  -0.999900E+04  -0.999900E+04  -0.999900E+04   0.191315E+03   0.618983E+03   0.126266E+01   0.399166E+02   0.200000E+02   0.870687E-01  -0.999900E+04  -0.999900E+04  -0.999900E+04  -0.999900E+04   0.381822E+00  -0.999900E+04  -0.999900E+04  -0.999900E+04  -0.999900E+04
   0.200000E+01   0.100000E+01   0.502400E+05   0.259200E+06   0.200000E+01   0.100000E+01   0.502400E+05   0.259200E+06   0.191430E+03  -0.999900E+04  -0.999900E+04  -0.999900E+04  -0.999900E+04   0.191430E+03  -0.999900E+04  -0.999900E+04  -0.999900E+04  -0.999900E+04   0.191334E+03   0.619301E+03   0.122081E+01   0.399166E+02   0.200000E+02   0.965361E-01  -0.999900E+04  -0.999900E+04  -0.999900E+04  -0.999900E+04   0.423340E+00  -0.999900E+04  -0.999900E+04  -0.999900E+04  -0.999900E+04
   0.200000E+01   0.100000E+01   0.502800E+05   0.259200E+06   0.200000E+01   0.100000E+01   0.502800E+05   0.259200E+06   0.191437E+03  -0.999900E+04  -0.999900E+04  -0.999900E+04  -0.999900E+04   0.191437E+03  -0.999900E+04  -0.999900E+04  -0.999900E+04  -0.999900E+04   0.191341E+03   0.619450E+03   0.121129E+01   0.399166E+02   0.200000E+02   0.962696E-01  -0.999900E+04  -0.999900E+04  -0.999900E+04  -0.999900E+04   0.422171E+00  -0.999900E+04  -0.999900E+04  -0.999900E+04  -0.999900E+04
   0.200000E+01   0.100000E+01   0.503600E+05   0.259200E+06   0.200000E+01   0.100000E+01   0.503600E+05   0.259200E+06   0.191465E+03  -0.999900E+04  -0.999900E+04  -0.999900E+04  -0.999900E+04   0.191465E+03  -0.999900E+04  -0.999900E+04  -0.999900E+04  -0.999900E+04   0.191352E+03   0.619734E+03   0.120508E+01   0.399166E+02   0.200000E+02   0.113193E+00  -0.999900E+04  -0.999900E+04  -0.999900E+04  -0.999900E+04   0.496387E+00  -0.999900E+04  -0.999900E+04  -0.999900E+04  -0.999900E+04
   0.200000E+01   0.100000E+01   0.505000E+05   0.259200E+06   0.200000E+01   0.100000E+01   0.505000E+05   0.259200E+06   0.191497E+03  -0.999900E+04  -0.999900E+04  -0.999900E+04  -0.999900E+04   0.191497E+03  -0.999900E+04  -0.999900E+04  -0.999900E+04  -0.999900E+04   0.191371E+03   0.620238E+03   0.120211E+01   0.399166E+02   0.200000E+02   0.125896E+00  -0.999900E+04  -0.999900E+04  -0.999900E+04  -0.999900E+04   0.552093E+00  -0.999900E+04  -0.999900E+04  -0.999900E+04  -0.999900E+04
   0.200000E+01   0.100000E+01   0.510000E+05   0.259200E+06   0.200000E+01   0.100000E+01   0.510000E+05   0.259200E+06   0.191703E+03  -0.999900E+04  -0.999900E+04  -0.999900E+04  -0.999900E+04   0.191703E+03  -0.999900E+04  -0.999900E+04  -0.999900E+04  -0.999900E+04   0.191437E+03   0.622230E+03   0.135652E+01   0.399166E+02   0.200000E+02   0.266198E+00  -0.999900E+04  -0.999900E+04  -0.999900E+04  -0.999900E+04   0.116736E+01  -0.999900E+04  -0.999900E+04  -0.999900E+04  -0.999900E+04
   0.200000E+01   0.100000E+01   0.515000E+05   0.259200E+06   0.200000E+01   0.100000E+01   0.515000E+05   0.259200E+06   0.191792E+03  -0.999900E+04  -0.999900E+04  -0.999900E+04  -0.999900E+04   0.191792E+03  -0.999900E+04  -0.999900E+04  -0.999900E+04  -0.999900E+04   0.191597E+03   0.624362E+03   0.161707E+01   0.399166E+02   0.200000E+02   0.194846E+00  -0.999900E+04  -0.999900E+04  -0.999900E+04  -0.999900E+04   0.854457E+00  -0.999900E+04  -0.999900E+04  -0.999900E+04  -0.999900E+04
   0.200000E+01   0.100000E+01   0.516000E+05   0.259200E+06   0.200000E+01   0.100000E+01   0.516000E+05   0.259200E+06   0.191839E+03  -0.999900E+04  -0.999900E+04  -0.999900E+04  -0.999900E+04   0.191839E+03  -0.999900E+04  -0.999900E+04  -0.999900E+04  -0.999900E+04   0.191655E+03   0.624775E+03   0.154920E+01   0.399166E+02   0.200000E+02   0.184898E+00  -0.999900E+04  -0.999900E+04  -0.999900E+04  -0.999900E+04   0.810833E+00  -0.999900E+04  -0.999900E+04  -0.999900E+04  -0.999900E+04
   0.200000E+01   0.100000E+01   0.517500E+05   0.259200E+06   0.200000E+01   0.100000E+01   0.517500E+05   0.259200E+06   0.191885E+03  -0.999900E+04  -0.999900E+04  -0.999900E+04  -0.999900E+04   0.191885E+03  -0.999900E+04  -0.999900E+04  -0.999900E+04  -0.999900E+04   0.191725E+03   0.625353E+03   0.142806E+01   0.399166E+02   0.200000E+02   0.160038E+00  -0.999900E+04  -0.999900E+04  -0.999900E+04  -0.999900E+04   0.701815E+00  -0.999900E+04  -0.999900E+04  -0.999900E+04  -0.999900E+04
   0.200000E+01   0.100000E+01   0.519500E+05   0.259200E+06   0.200000E+01   0.100000E+01   0.519500E+05   0.259200E+06   0.191997E+03  -0.999900E+04  -0.999900E+04  -0.999900E+04  -0.999900E+04   0.191997E+03  -0.999900E+04  -0.999900E+04  -0.999900E+04  -0.999900E+04   0.191782E+03   0.626051E+03   0.135912E+01   0.399166E+02   0.200000E+02   0.215207E+00  -0.999900E+04  -0.999900E+04  -0.999900E+04  -0.999900E+04   0.943750E+00  -0.999900E+04  -0.999900E+04  -0.999900E+04  -0.999900E+04
   0.200000E+01   0.100000E+01   0.520000E+05   0.259200E+06   0.200000E+01   0.100000E+01   0.520000E+05   0.259200E+06   0.192015E+03  -0.999900E+04  -0.999900E+04  -0.999900E+04  -0.999900E+04   0.192015E+03  -0.999900E+04  -0.999900E+04  -0.999900E+04  -0.999900E+04   0.191793E+03   0.626218E+03   0.135409E+01   0.399166E+02   0.200000E+02   0.222245E+00  -0.999900E+04  -0.999900E+04  -0.999900E+04  -0.999900E+04   0.974611E+00  -0.999900E+04  -0.999900E+04  -0.999900E+04  -0.999900E+04
   0.200000E+01   0.100000E+01   0.525000E+05   0.259200E+06   0.200000E+01   0.100000E+01   0.525000E+05   0.259200E+06   0.192108E+03  -0.999900E+04  -0.999900E+04  -0.999900E+04  -0.999900E+04   0.192108E+03  -0.999900E+04  -0.999900E+04  -0.999900E+04  -0.999900E+04   0.191915E+03   0.628140E+03   0.129182E+01   0.399166E+02   0.200000E+02   0.193120E+00  -0.999900E+04  -0.999900E+04  -0.999900E+04  -0.999900E+04   0.846891E+00  -0.999900E+04  -0.999900E+04  -0.999900E+04  -0.999900E+04
   0.200000E+01   0.100000E+01   0.526000E+05   0.259200E+06   0.200000E+01   0.100000E+01   0.526000E+05   0.259200E+06   0.192117E+03  -0.999900E+04  -0.999900E+04  -0.999900E+04  -0.999900E+04   0.192117E+03  -0.999900E+04  -0.999900E+04  -0.999900E+04  -0.999900E+04   0.191937E+03   0.628558E+03   0.130561E+01   0.399166E+02   0.200000E+02   0.180093E+00  -0.999900E+04  -0.999900E+04  -0.999900E+04  -0.999900E+04   0.789764E+00  -0.999900E+04  -0.999900E+04  -0.999900E+04  -0.999900E+04
   0.200000E+01   0.100000E+01   0.526500E+05   0.259200E+06   0.200000E+01   0.100000E+01   0.526500E+05   0.259200E+06   0.192132E+03  -0.999900E+04  -0.999900E+04  -0.999900E+04  -0.999900E+04   0.192132E+03  -0.999900E+04  -0.999900E+04  -0.999900E+04  -0.999900E+04   0.191946E+03   0.628764E+03   0.132711E+01   0.399166E+02   0.200000E+02   0.186394E+00  -0.999900E+04  -0.999900E+04  -0.999900E+04  -0.999900E+04   0.817394E+00  -0.999900E+04  -0.999900E+04  -0.999900E+04  -0.999900E+04
   0.200000E+01   0.100000E+01   0.527000E+05   0.259200E+06   0.200000E+01   0.100000E+01   0.527000E+05   0.259200E+06   0.192123E+03  -0.999900E+04  -0.999900E+04  -0.999900E+04  -0.999900E+04   0.192123E+03  -0.999900E+04  -0.999900E+04  -0.999900E+04  -0.999900E+04   0.191955E+03   0.628966E+03   0.135608E+01   0.399166E+02   0.200000E+02   0.168413E+00  -0.999900E+04  -0.999900E+04  -0.999900E+04  -0.999900E+04   0.738543E+00  -0.999900E+04  -0.999900E+04  -0.999900E+04  -0.999900E+04
   0.200000E+01   0.100000E+01   0.527500E+05   0.259200E+06   0.200000E+01   0.100000E+01   0.527500E+05   0.259200E+06   0.192147E+03  -0.999900E+04  -0.999900E+04  -0.999900E+04  -0.999900E+04   0.192147E+03  -0.999900E+04  -0.999900E+04  -0.999900E+04  -0.999900E+04   0.191964E+03   0.629165E+03   0.139039E+01   0.399166E+02   0.200000E+02   0.183394E+00  -0.999900E+04  -0.999900E+04  -0.999900E+04  -0.999900E+04   0.804237E+00  -0.999900E+04  -0.999900E+04  -0.999900E+04  -0.999900E+04
   0.200000E+01   0.100000E+01   0.528000E+05   0.259200E+06   0.200000E+01   0.100000E+01   0.528000E+05   0.259200E+06   0.192148E+03  -0.999900E+04  -0.999900E+04  -0.999900E+04  -0.999900E+04   0.192148E+03  -0.999900E+04  -0.999900E+04  -0.999900E+04  -0.999900E+04   0.191973E+03   0.629361E+03   0.142761E+01   0.399166E+02   0.200000E+02   0.175308E+00  -0.999900E+04  -0.999900E+04  -0.999900E+04  -0.999900E+04   0.768778E+00  -0.999900E+04  -0.999900E+04  -0.999900E+04  -0.999900E+04
   0.200000E+01   0.100000E+01   0.529000E+05   0.259200E+06   0.200000E+01   0.100000E+01   0.529000E+05   0.259200E+06   0.192165E+03  -0.999900E+04  -0.999900E+04  -0.999900E+04  -0.999900E+04   0.192165E+03  -0.999900E+04  -0.999900E+04  -0.999900E+04  -0.999900E+04   0.191994E+03   0.629737E+03   0.149783E+01   0.399166E+02   0.200000E+02   0.171175E+00  -0.999900E+04  -0.999900E+04  -0.999900E+04  -0.999900E+04   0.750652E+00  -0.999900E+04  -0.999900E+04  -0.999900E+04  -0.999900E+04
   0.200000E+01   0.100000E+01   0.530000E+05   0.259200E+06   0.200000E+01   0.100000E+01   0.530000E+05   0.259200E+06   0.192162E+03  -0.999900E+04  -0.999900E+04  -0.999900E+04  -0.999900E+04   0.192162E+03  -0.999900E+04  -0.999900E+04  -0.999900E+04  -0.999900E+04   0.192024E+03   0.630098E+03   0.152164E+01   0.399166E+02   0.200000E+02   0.137839E+00  -0.999900E+04  -0.999900E+04  -0.999900E+04  -0.999900E+04   0.604463E+00  -0.999900E+04  -0.999900E+04  -0.999900E+04  -0.999900E+04
   0.200000E+01   0.100000E+01   0.530500E+05   0.259200E+06   0.200000E+01   0.100000E+01   0.530500E+05   0.259200E+06   0.192169E+03  -0.999900E+04  -0.999900E+04  -0.999900E+04  -0.999900E+04   0.192169E+03  -0.999900E+04  -0.999900E+04  -0.999900E+04  -0.999900E+04   0.192042E+03   0.630276E+03   0.151725E+01   0.399166E+02   0.200000E+02   0.127145E+00  -0.999900E+04  -0.999900E+04  -0.999900E+04  -0.999900E+04   0.557570E+00  -0.999900E+04  -0.999900E+04  -0.999900E+04  -0.999900E+04
   0.200000E+01   0.100000E+01   0.531000E+05   0.259200E+06   0.200000E+01   0.100000E+01   0.531000E+05   0.259200E+06   0.192162E+03  -0.999900E+04  -0.999900E+04  -0.999900E+04  -0.999900E+04   0.192162E+03  -0.999900E+04  -0.999900E+04  -0.999900E+04  -0.999900E+04   0.192058E+03   0.630452E+03   0.152093E+01   0.399166E+02   0.200000E+02   0.103540E+00  -0.999900E+04  -0.999900E+04  -0.999900E+04  -0.999900E+04   0.454055E+00  -0.999900E+04  -0.999900E+04  -0.999900E+04  -0.999900E+04
   0.200000E+01   0.100000E+01   0.531500E+05   0.259200E+06   0.200000E+01   0.100000E+01   0.531500E+05   0.259200E+06   0.192194E+03  -0.999900E+04  -0.999900E+04  -0.999900E+04  -0.999900E+04   0.192194E+03  -0.999900E+04  -0.999900E+04  -0.999900E+04  -0.999900E+04   0.192073E+03   0.630626E+03   0.153155E+01   0.399166E+02   0.200000E+02   0.120643E+00  -0.999900E+04  -0.999900E+04  -0.999900E+04  -0.999900E+04   0.529054E+00  -0.999900E+04  -0.999900E+04  -0.999900E+04  -0.999900E+04
   0.200000E+01   0.100000E+01   0.532500E+05   0.259200E+06   0.200000E+01   0.100000E+01   0.532500E+05   0.259200E+06   0.192209E+03  -0.999900E+04  -0.999900E+04  -0.999900E+04  -0.999900E+04   0.192209E+03  -0.999900E+04  -0.999900E+04  -0.999900E+04  -0.999900E+04   0.192102E+03   0.630967E+03   0.156908E+01   0.399166E+02   0.200000E+02   0.107441E+00  -0.999900E+04  -0.999900E+04  -0.999900E+04  -0.999900E+04   0.471160E+00  -0.999900E+04  -0.999900E+04  -0.999900E+04  -0.999900E+04
   0.200000E+01   0.100000E+01   0.533000E+05   0.259200E+06   0.200000E+01   0.100000E+01   0.533000E+05   0.259200E+06   0.192223E+03  -0.999900E+04  -0.999900E+04  -0.999900E+04  -0.999900E+04   0.192223E+03  -0.999900E+04  -0.999900E+04  -0.999900E+04  -0.999900E+04   0.192116E+03   0.631134E+03   0.159258E+01   0.399166E+02   0.200000E+02   0.106413E+00  -0.999900E+04  -0.999900E+04  -0.999900E+04  -0.999900E+04   0.466652E+00  -0.999900E+04  -0.999900E+04  -0.999900E+04  -0.999900E+04
   0.200000E+01   0.100000E+01   0.535000E+05   0.259200E+06   0.200000E+01   0.100000E+01   0.535000E+05   0.259200E+06   0.192332E+03  -0.999900E+04  -0.999900E+04  -0.999900E+04  -0.999900E+04   0.192332E+03  -0.999900E+04  -0.999900E+04  -0.999900E+04  -0.999900E+04   0.192187E+03   0.631784E+03   0.164044E+01   0.399166E+02   0.200000E+02   0.145031E+00  -0.999900E+04  -0.999900E+04  -0.999900E+04  -0.999900E+04   0.636004E+00  -0.999900E+04  -0.999900E+04  -0.999900E+04  -0.999900E+04
   0.200000E+01   0.100000E+01   0.536750E+05   0.259200E+06   0.200000E+01   0.100000E+01   0.536750E+05   0.259200E+06   0.192424E+03  -0.999900E+04  -0.999900E+04  -0.999900E+04  -0.999900E+04   0.192424E+03  -0.999900E+04  -0.999900E+04  -0.999900E+04  -0.999900E+04   0.192258E+03   0.632355E+03   0.164065E+01   0.399166E+02   0.200000E+02   0.166401E+00  -0.999900E+04  -0.999900E+04  -0.999900E+04  -0.999900E+04   0.729719E+00  -0.999900E+04  -0.999900E+04  -0.999900E+04  -0.999900E+04
   0.200000E+01   0.100000E+01   0.538500E+05   0.259200E+06   0.200000E+01   0.100000E+01   0.538500E+05   0.259200E+06   0.192522E+03  -0.999900E+04  -0.999900E+04  -0.999900E+04  -0.999900E+04   0.192522E+03  -0.999900E+04  -0.999900E+04  -0.999900E+04  -0.999900E+04   0.192341E+03   0.632992E+03   0.164400E+01   0.399166E+02   0.200000E+02   0.180775E+00  -0.999900E+04  -0.999900E+04  -0.999900E+04  -0.999900E+04   0.792751E+00  -0.999900E+04  -0.999900E+04  -0.999900E+04  -0.999900E+04
   0.200000E+01   0.100000E+01   0.540250E+05   0.259200E+06   0.200000E+01   0.100000E+01   0.540250E+05   0.259200E+06   0.192557E+03  -0.999900E+04  -0.999900E+04  -0.999900E+04  -0.999900E+04   0.192557E+03  -0.999900E+04  -0.999900E+04  -0.999900E+04  -0.999900E+04   0.192446E+03   0.633719E+03   0.160787E+01   0.399166E+02   0.200000E+02   0.110158E+00  -0.999900E+04  -0.999900E+04  -0.999900E+04  -0.999900E+04   0.483077E+00  -0.999900E+04  -0.999900E+04  -0.999900E+04  -0.999900E+04
   0.200000E+01   0.100000E+01   0.542000E+05   0.259200E+06   0.200000E+01   0.100000E+01   0.542000E+05   0.259200E+06   0.192647E+03  -0.999900E+04  -0.999900E+04  -0.999900E+04  -0.999900E+04   0.192647E+03  -0.999900E+04  -0.999900E+04  -0.999900E+04  -0.999900E+04   0.192559E+03   0.634481E+03   0.154239E+01   0.399166E+02   0.200000E+02   0.883910E-01  -0.999900E+04  -0.999900E+04  -0.999900E+04  -0.999900E+04   0.387621E+00  -0.999900E+04  -0.999900E+04  -0.999900E+04  -0.999900E+04
   0.200000E+01   0.100000E+01   0.542300E+05   0.259200E+06   0.200000E+01   0.100000E+01   0.542300E+05   0.259200E+06   0.192655E+03  -0.999900E+04  -0.999900E+04  -0.999900E+04  -0.999900E+04   0.192655E+03  -0.999900E+04  -0.999900E+04  -0.999900E+04  -0.999900E+04   0.192575E+03   0.634610E+03   0.154081E+01   0.399166E+02   0.200000E+02   0.790911E-01  -0.999900E+04  -0.999900E+04  -0.999900E+04  -0.999900E+04   0.346838E+00  -0.999900E+04  -0.999900E+04  -0.999900E+04  -0.999900E+04
   0.200000E+01   0.100000E+01   0.542600E+05   0.259200E+06   0.200000E+01   0.100000E+01   0.542600E+05   0.259200E+06   0.192671E+03  -0.999900E+04  -0.999900E+04  -0.999900E+04  -0.999900E+04   0.192671E+03  -0.999900E+04  -0.999900E+04  -0.999900E+04  -0.999900E+04   0.192589E+03   0.634737E+03   0.156091E+01   0.399166E+02   0.200000E+02   0.816565E-01  -0.999900E+04  -0.999900E+04  -0.999900E+04  -0.999900E+04   0.358088E+00  -0.999900E+04  -0.999900E+04  -0.999900E+04  -0.999900E+04
   0.200000E+01   0.100000E+01   0.542900E+05   0.259200E+06   0.200000E+01   0.100000E+01   0.542900E+05   0.259200E+06   0.192695E+03  -0.999900E+04  -0.999900E+04  -0.999900E+04  -0.999900E+04   0.192695E+03  -0.999900E+04  -0.999900E+04  -0.999900E+04  -0.999900E+04   0.192600E+03   0.634861E+03   0.160139E+01   0.399166E+02   0.200000E+02   0.945702E-01  -0.999900E+04  -0.999900E+04  -0.999900E+04  -0.999900E+04   0.414719E+00  -0.999900E+04  -0.999900E+04  -0.999900E+04  -0.999900E+04
   0.200000E+01   0.100000E+01   0.543500E+05   0.259200E+06   0.200000E+01   0.100000E+01   0.543500E+05   0.259200E+06   0.192700E+03  -0.999900E+04  -0.999900E+04  -0.999900E+04  -0.999900E+04   0.192700E+03  -0.999900E+04  -0.999900E+04  -0.999900E+04  -0.999900E+04   0.192617E+03   0.635101E+03   0.173816E+01   0.399166E+02   0.200000E+02   0.826583E-01  -0.999900E+04  -0.999900E+04  -0.999900E+04  -0.999900E+04   0.362481E+00  -0.999900E+04  -0.999900E+04  -0.999900E+04  -0.999900E+04
   0.200000E+01   0.100000E+01   0.544100E+05   0.259200E+06   0.200000E+01   0.100000E+01   0.544100E+05   0.259200E+06   0.192746E+03  -0.999900E+04  -0.999900E+04  -0.999900E+04  -0.999900E+04   0.192746E+03  -0.999900E+04  -0.999900E+04  -0.999900E+04  -0.999900E+04   0.192634E+03   0.635326E+03   0.192899E+01   0.399166E+02   0.200000E+02   0.112543E+00  -0.999900E+04  -0.999900E+04  -0.999900E+04  -0.999900E+04   0.493535E+00  -0.999900E+04  -0.999900E+04  -0.999900E+04  -0.999900E+04
   0.200000E+01   0.100000E+01   0.546000E+05   0.259200E+06   0.200000E+01   0.100000E+01   0.546000E+05   0.259200E+06   0.192890E+03  -0.999900E+04  -0.999900E+04  -0.999900E+04  -0.999900E+04   0.192890E+03  -0.999900E+04  -0.999900E+04  -0.999900E+04  -0.999900E+04   0.192877E+03   0.635962E+03   0.165168E+01   0.399166E+02   0.200000E+02   0.126943E-01  -0.999900E+04  -0.999900E+04  -0.999900E+04  -0.999900E+04   0.556683E-01  -0.999900E+04  -0.999900E+04  -0.999900E+04  -0.999900E+04
   0.200000E+01   0.100000E+01   0.547000E+05   0.259200E+06   0.200000E+01   0.100000E+01   0.547000E+05   0.259200E+06   0.192897E+03  -0.999900E+04  -0.999900E+04  -0.999900E+04  -0.999900E+04   0.192897E+03  -0.999900E+04  -0.999900E+04  -0.999900E+04  -0.999900E+04   0.192922E+03   0.636293E+03   0.186532E+01   0.399166E+02   0.200000E+02  -0.257548E-01  -0.999900E+04  -0.999900E+04  -0.999900E+04  -0.999900E+04  -0.112943E+00  -0.999900E+04  -0.999900E+04  -0.999900E+04  -0.999900E+04
   0.200000E+01   0.100000E+01   0.547500E+05   0.259200E+06   0.200000E+01   0.100000E+01   0.547500E+05   0.259200E+06   0.192896E+03  -0.999900E+04  -0.999900E+04  -0.999900E+04  -0.999900E+04   0.192896E+03  -0.999900E+04  -0.999900E+04  -0.999900E+04  -0.999900E+04   0.192973E+03   0.636449E+03   0.184517E+01   0.399166E+02   0.200000E+02  -0.770666E-01  -0.999900E+04  -0.999900E+04  -0.999900E+04  -0.999900E+04  -0.337960E+00  -0.999900E+04  -0.999900E+04  -0.999900E+04  -0.999900E+04
   0.200000E+01   0.100000E+01   0.548000E+05   0.259200E+06   0.200000E+01   0.100000E+01   0.548000E+05   0.259200E+06   0.192891E+03  -0.999900E+04  -0.999900E+04  -0.999900E+04  -0.999900E+04   0.192891E+03  -0.999900E+04  -0.999900E+04  -0.999900E+04  -0.999900E+04   0.193018E+03   0.636600E+03   0.185248E+01   0.399166E+02   0.200000E+02  -0.127012E+00  -0.999900E+04  -0.999900E+04  -0.999900E+04  -0.999900E+04  -0.556987E+00  -0.999900E+04  -0.999900E+04  -0.999900E+04  -0.999900E+04
   0.200000E+01   0.100000E+01   0.548500E+05   0.259200E+06   0.200000E+01   0.100000E+01   0.548500E+05   0.259200E+06   0.192915E+03  -0.999900E+04  -0.999900E+04  -0.999900E+04  -0.999900E+04   0.192915E+03  -0.999900E+04  -0.999900E+04  -0.999900E+04  -0.999900E+04   0.193069E+03   0.636747E+03   0.181983E+01   0.399166E+02   0.200000E+02  -0.154107E+00  -0.999900E+04  -0.999900E+04  -0.999900E+04  -0.999900E+04  -0.675806E+00  -0.999900E+04  -0.999900E+04  -0.999900E+04  -0.999900E+04
   0.200000E+01   0.100000E+01   0.549000E+05   0.259200E+06   0.200000E+01   0.100000E+01   0.549000E+05   0.259200E+06   0.192920E+03  -0.999900E+04  -0.999900E+04  -0.999900E+04  -0.999900E+04   0.192920E+03  -0.999900E+04  -0.999900E+04  -0.999900E+04  -0.999900E+04   0.193125E+03   0.636891E+03   0.173316E+01   0.399166E+02   0.200000E+02  -0.204808E+00  -0.999900E+04  -0.999900E+04  -0.999900E+04  -0.999900E+04  -0.898147E+00  -0.999900E+04  -0.999900E+04  -0.999900E+04  -0.999900E+04
   0.200000E+01   0.100000E+01   0.550000E+05   0.259200E+06   0.200000E+01   0.100000E+01   0.550000E+05   0.259200E+06   0.192983E+03  -0.999900E+04  -0.999900E+04  -0.999900E+04  -0.999900E+04   0.192983E+03  -0.999900E+04  -0.999900E+04  -0.999900E+04  -0.999900E+04   0.193212E+03   0.637174E+03   0.158030E+01   0.399166E+02   0.200000E+02  -0.229733E+00  -0.999900E+04  -0.999900E+04  -0.999900E+04  -0.999900E+04  -0.100745E+01  -0.999900E+04  -0.999900E+04  -0.999900E+04  -0.999900E+04
   0.200000E+01   0.100000E+01   0.553000E+05   0.259200E+06   0.200000E+01   0.100000E+01   0.553000E+05   0.259200E+06   0.193144E+03  -0.999900E+04  -0.999900E+04  -0.999900E+04  -0.999900E+04   0.193144E+03  -0.999900E+04  -0.999900E+04  -0.999900E+04  -0.999900E+04   0.193372E+03   0.638050E+03   0.131880E+01   0.399166E+02   0.200000E+02  -0.228452E+00  -0.999900E+04  -0.999900E+04  -0.999900E+04  -0.999900E+04  -0.100183E+01  -0.999900E+04  -0.999900E+04  -0.999900E+04  -0.999900E+04
   0.200000E+01   0.100000E+01   0.554500E+05   0.259200E+06   0.200000E+01   0.100000E+01   0.554500E+05   0.259200E+06   0.193223E+03  -0.999900E+04  -0.999900E+04  -0.999900E+04  -0.999900E+04   0.193223E+03  -0.999900E+04  -0.999900E+04  -0.999900E+04  -0.999900E+04   0.193418E+03   0.638466E+03   0.124188E+01   0.399166E+02   0.200000E+02  -0.194523E+00  -0.999900E+04  -0.999900E+04  -0.999900E+04  -0.999900E+04  -0.853042E+00  -0.999900E+04  -0.999900E+04  -0.999900E+04  -0.999900E+04
   0.200000E+01   0.100000E+01   0.555000E+05   0.259200E+06   0.200000E+01   0.100000E+01   0.555000E+05   0.259200E+06   0.193238E+03  -0.999900E+04  -0.999900E+04  -0.999900E+04  -0.999900E+04   0.193238E+03  -0.999900E+04  -0.999900E+04  -0.999900E+04  -0.999900E+04   0.193429E+03   0.638603E+03   0.123321E+01   0.399166E+02   0.200000E+02  -0.190882E+00  -0.999900E+04  -0.999900E+04  -0.999900E+04  -0.999900E+04  -0.837076E+00  -0.999900E+04  -0.999900E+04  -0.999900E+04  -0.999900E+04
   0.200000E+01   0.100000E+01   0.555500E+05   0.259200E+06   0.200000E+01   0.100000E+01   0.555500E+05   0.259200E+06   0.193243E+03  -0.999900E+04  -0.999900E+04  -0.999900E+04  -0.999900E+04   0.193243E+03  -0.999900E+04  -0.999900E+04  -0.999900E+04  -0.999900E+04   0.193439E+03   0.638740E+03   0.124221E+01   0.399166E+02   0.200000E+02  -0.195468E+00  -0.999900E+04  -0.999900E+04  -0.999900E+04  -0.999900E+04  -0.857186E+00  -0.999900E+04  -0.999900E+04  -0.999900E+04  -0.999900E+04
   0.200000E+01   0.100000E+01   0.556000E+05   0.259200E+06   0.200000E+01   0.100000E+01   0.556000E+05   0.259200E+06   0.193254E+03  -0.999900E+04  -0.999900E+04  -0.999900E+04  -0.999900E+04   0.193254E+03  -0.999900E+04  -0.999900E+04  -0.999900E+04  -0.999900E+04   0.193445E+03   0.638876E+03   0.126994E+01   0.399166E+02   0.200000E+02  -0.191650E+00  -0.999900E+04  -0.999900E+04  -0.999900E+04  -0.999900E+04  -0.840442E+00  -0.999900E+04  -0.999900E+04  -0.999900E+04  -0.999900E+04
   0.200000E+01   0.100000E+01   0.556500E+05   0.259200E+06   0.200000E+01   0.100000E+01   0.556500E+05   0.259200E+06   0.193269E+03  -0.999900E+04  -0.999900E+04  -0.999900E+04  -0.999900E+04   0.193269E+03  -0.999900E+04  -0.999900E+04  -0.999900E+04  -0.999900E+04   0.193451E+03   0.639012E+03   0.130481E+01   0.399166E+02   0.200000E+02  -0.182216E+00  -0.999900E+04  -0.999900E+04  -0.999900E+04  -0.999900E+04  -0.799072E+00  -0.999900E+04  -0.999900E+04  -0.999900E+04  -0.999900E+04
   0.200000E+01   0.100000E+01   0.558000E+05   0.259200E+06   0.200000E+01   0.100000E+01   0.558000E+05   0.259200E+06   0.193265E+03  -0.999900E+04  -0.999900E+04  -0.999900E+04  -0.999900E+04   0.193265E+03  -0.999900E+04  -0.999900E+04  -0.999900E+04  -0.999900E+04   0.193478E+03   0.639406E+03   0.146124E+01   0.399166E+02   0.200000E+02  -0.212737E+00  -0.999900E+04  -0.999900E+04  -0.999900E+04  -0.999900E+04  -0.932918E+00  -0.999900E+04  -0.999900E+04  -0.999900E+04  -0.999900E+04
   0.200000E+01   0.100000E+01   0.558500E+05   0.259200E+06   0.200000E+01   0.100000E+01   0.558500E+05   0.259200E+06   0.193287E+03  -0.999900E+04  -0.999900E+04  -0.999900E+04  -0.999900E+04   0.193287E+03  -0.999900E+04  -0.999900E+04  -0.999900E+04  -0.999900E+04   0.193492E+03   0.639533E+03   0.148704E+01   0.399166E+02   0.200000E+02  -0.205442E+00  -0.999900E+04  -0.999900E+04  -0.999900E+04  -0.999900E+04  -0.900924E+00  -0.999900E+04  -0.999900E+04  -0.999900E+04  -0.999900E+04
