Km_SU1_Rh_a0   Km_SU2_Rh_a0   Km_SU1_Ai_a0   Y1_intercept   Y2_intercept   Y3_intercept   Y4_intercept   Y5_intercept   LogPost        
   0.360000E+02   0.310000E+02   0.190000E+02   0.100000E+00   0.100000E-01   0.100000E-01   0.100000E-01   0.100000E-01  -0.135961E+04
   0.388636E+02   0.327216E+02   0.190000E+02   0.100000E+00   0.100518E-01   0.939983E-02   0.891986E-02   0.100550E-01  -0.981523E+03
   0.388615E+02   0.347570E+02   0.190000E+02   0.101344E+00   0.936315E-02   0.939983E-02   0.965683E-02   0.995434E-02  -0.872289E+03
   0.388615E+02   0.398651E+02   0.190000E+02   0.101344E+00   0.937563E-02   0.806654E-02   0.778932E-02   0.120406E-01  -0.818237E+03
   0.388615E+02   0.397172E+02   0.190000E+02   0.101673E+00   0.994042E-02   0.658954E-02   0.644151E-02   0.118484E-01  -0.810337E+03
   0.388615E+02   0.397172E+02   0.190000E+02   0.103908E+00   0.109907E-01   0.756916E-02   0.644151E-02   0.118256E-01  -0.763317E+03
   0.388615E+02   0.398678E+02   0.190000E+02   0.103908E+00   0.114804E-01   0.819995E-02   0.651289E-02   0.127731E-01  -0.763942E+03
   0.388615E+02   0.398678E+02   0.190000E+02   0.103908E+00   0.121836E-01   0.692750E-02   0.702307E-02   0.138095E-01  -0.764040E+03
   0.398249E+02   0.398678E+02   0.197020E+02   0.105266E+00   0.107727E-01   0.787123E-02   0.789059E-02   0.127231E-01  -0.636034E+03
   0.398249E+02   0.398678E+02   0.197020E+02   0.105266E+00   0.941653E-02   0.659348E-02   0.821685E-02   0.127231E-01  -0.635803E+03
   0.398249E+02   0.398678E+02   0.208001E+02   0.105930E+00   0.106657E-01   0.699034E-02   0.765101E-02   0.123798E-01  -0.522423E+03
   0.398249E+02   0.398678E+02   0.212588E+02   0.106099E+00   0.124493E-01   0.780858E-02   0.740332E-02   0.133394E-01  -0.489227E+03
   0.398249E+02   0.398678E+02   0.232515E+02   0.106099E+00   0.126763E-01   0.527876E-02   0.687063E-02   0.133394E-01  -0.412782E+03
   0.398249E+02   0.398678E+02   0.232515E+02   0.107319E+00   0.124250E-01   0.474622E-02   0.775883E-02   0.135932E-01  -0.396498E+03
   0.396256E+02   0.398678E+02   0.232515E+02   0.108188E+00   0.120871E-01   0.359109E-02   0.759477E-02   0.122271E-01  -0.385641E+03
   0.396256E+02   0.398678E+02   0.232515E+02   0.108188E+00   0.137529E-01   0.287117E-02   0.724432E-02   0.152796E-01  -0.386006E+03
   0.401034E+02   0.398678E+02   0.232515E+02   0.108188E+00   0.136832E-01   0.184360E-02   0.595669E-02   0.154916E-01  -0.385743E+03
   0.401034E+02   0.398678E+02   0.232515E+02   0.108188E+00   0.119767E-01   0.228329E-02   0.549324E-02   0.159901E-01  -0.385620E+03
   0.401034E+02   0.398678E+02   0.232515E+02   0.108188E+00   0.127365E-01   0.132947E-02   0.623708E-02   0.161402E-01  -0.385690E+03
   0.401034E+02   0.398678E+02   0.232515E+02   0.108848E+00   0.136354E-01   0.229270E-02   0.510829E-02   0.178990E-01  -0.377586E+03
   0.401034E+02   0.398678E+02   0.258624E+02   0.108848E+00   0.139241E-01   0.195384E-02   0.513243E-02   0.186557E-01  -0.373729E+03
   0.403016E+02   0.398678E+02   0.235720E+02   0.108848E+00   0.129927E-01   0.135533E-02   0.433561E-02   0.188802E-01  -0.375005E+03
   0.403016E+02   0.390450E+02   0.239529E+02   0.109493E+00   0.130466E-01   0.460296E-03   0.314772E-02   0.208441E-01  -0.361595E+03
   0.403016E+02   0.390450E+02   0.239529E+02   0.109493E+00   0.145138E-01   0.460296E-03   0.411716E-02   0.210053E-01  -0.361855E+03
   0.403016E+02   0.390450E+02   0.239529E+02   0.110841E+00   0.158827E-01   0.101661E-02   0.454664E-02   0.224738E-01  -0.346200E+03
   0.403016E+02   0.393195E+02   0.239529E+02   0.110841E+00   0.135322E-01   0.101661E-02   0.382168E-02   0.245694E-01  -0.345911E+03
   0.403016E+02   0.393195E+02   0.244751E+02   0.112127E+00   0.134967E-01   0.128620E-02   0.404775E-02   0.230102E-01  -0.328180E+03
   0.403016E+02   0.393195E+02   0.244751E+02   0.112127E+00   0.129115E-01   0.992289E-03   0.457816E-02   0.231428E-01  -0.328159E+03
   0.399688E+02   0.393195E+02   0.244751E+02   0.112554E+00   0.133691E-01   0.100313E-02   0.677196E-02   0.233382E-01  -0.321549E+03
   0.399688E+02   0.393195E+02   0.244751E+02   0.112554E+00   0.111571E-01   0.514844E-04   0.509569E-02   0.233500E-01  -0.321067E+03
   0.399688E+02   0.393195E+02   0.244751E+02   0.112554E+00   0.124284E-01   0.514844E-04   0.497751E-02   0.226540E-01  -0.321112E+03
   0.399688E+02   0.393195E+02   0.244751E+02   0.112554E+00   0.109642E-01   0.994727E-03   0.386606E-02   0.236065E-01  -0.321044E+03
   0.399688E+02   0.393195E+02   0.244751E+02   0.112554E+00   0.114248E-01   0.256755E-03   0.333221E-02   0.227836E-01  -0.320880E+03
   0.399688E+02   0.393195E+02   0.244751E+02   0.112554E+00   0.105927E-01   0.219458E-03   0.203124E-02   0.232270E-01  -0.320708E+03
   0.399688E+02   0.393195E+02   0.244751E+02   0.112545E+00   0.966787E-02   0.549876E-03   0.583550E-03   0.237697E-01  -0.320647E+03
   0.399688E+02   0.393195E+02   0.244751E+02   0.113493E+00   0.866131E-02   0.900444E-03   0.583550E-03   0.218210E-01  -0.310144E+03
   0.399688E+02   0.393195E+02   0.241643E+02   0.114617E+00   0.958153E-02   0.187742E-02   0.542323E-03   0.206419E-01  -0.299615E+03
   0.399688E+02   0.385236E+02   0.241643E+02   0.115004E+00   0.103383E-01   0.354321E-03   0.542323E-03   0.204006E-01  -0.296917E+03
   0.399688E+02   0.385236E+02   0.241643E+02   0.115439E+00   0.966173E-02   0.364746E-03   0.542323E-03   0.194685E-01  -0.292335E+03
   0.399688E+02   0.385236E+02   0.241643E+02   0.116376E+00   0.851563E-02   0.360481E-03   0.542323E-03   0.191860E-01  -0.282877E+03
   0.396218E+02   0.382340E+02   0.241643E+02   0.116267E+00   0.962233E-02   0.360481E-03   0.542323E-03   0.191860E-01  -0.285931E+03
   0.396218E+02   0.400559E+02   0.241643E+02   0.116255E+00   0.939696E-02   0.108524E-02   0.487897E-03   0.185376E-01  -0.284317E+03
   0.396218E+02   0.400559E+02   0.241643E+02   0.116461E+00   0.939696E-02   0.510035E-03   0.487897E-03   0.193816E-01  -0.282325E+03
   0.396218E+02   0.400559E+02   0.241643E+02   0.116461E+00   0.100193E-01   0.510035E-03   0.150616E-02   0.191621E-01  -0.282468E+03
   0.396218E+02   0.400457E+02   0.249535E+02   0.116461E+00   0.806496E-02   0.510035E-03   0.119450E-02   0.203147E-01  -0.282151E+03
   0.396218E+02   0.400457E+02   0.242684E+02   0.116461E+00   0.913457E-02   0.234415E-02   0.119450E-02   0.202901E-01  -0.281943E+03
   0.396218E+02   0.400457E+02   0.242684E+02   0.117033E+00   0.873833E-02   0.118239E-02   0.103039E-02   0.185045E-01  -0.276042E+03
   0.396218E+02   0.400457E+02   0.242684E+02   0.117766E+00   0.873833E-02   0.118239E-02   0.178675E-02   0.167641E-01  -0.268983E+03
   0.396218E+02   0.400457E+02   0.242684E+02   0.119050E+00   0.849806E-02   0.144601E-02   0.159265E-02   0.141889E-01  -0.256865E+03
   0.396218E+02   0.400457E+02   0.242684E+02   0.120686E+00   0.966322E-02   0.640385E-03   0.159265E-02   0.142206E-01  -0.242459E+03
   0.396218E+02   0.400457E+02   0.242684E+02   0.120686E+00   0.999478E-02   0.842530E-03   0.295425E-02   0.157275E-01  -0.242799E+03
   0.396218E+02   0.400457E+02   0.242684E+02   0.120686E+00   0.895495E-02   0.140162E-02   0.304524E-02   0.155833E-01  -0.242746E+03
   0.396218E+02   0.400457E+02   0.242684E+02   0.120686E+00   0.764339E-02   0.135399E-02   0.101911E-02   0.144899E-01  -0.242298E+03
   0.396218E+02   0.400457E+02   0.242684E+02   0.121457E+00   0.731723E-02   0.132736E-02   0.424019E-03   0.128919E-01  -0.235477E+03
   0.396218E+02   0.400457E+02   0.242684E+02   0.121496E+00   0.759418E-02   0.117454E-02   0.424019E-03   0.113437E-01  -0.235008E+03
   0.396218E+02   0.400457E+02   0.242684E+02   0.123111E+00   0.889767E-02   0.117454E-02   0.776888E-03   0.126320E-01  -0.222030E+03
   0.396218E+02   0.397973E+02   0.247897E+02   0.124800E+00   0.727610E-02   0.103171E-02   0.776888E-03   0.139167E-01  -0.208017E+03
   0.396218E+02   0.399053E+02   0.247897E+02   0.126483E+00   0.507472E-02   0.103171E-02   0.166317E-02   0.151934E-01  -0.195646E+03
   0.396644E+02   0.389649E+02   0.247897E+02   0.126835E+00   0.478855E-02   0.591657E-03   0.260372E-03   0.169762E-01  -0.192902E+03
   0.396644E+02   0.389649E+02   0.246048E+02   0.127323E+00   0.447115E-02   0.591657E-03   0.260372E-03   0.163007E-01  -0.189113E+03
   0.400770E+02   0.389649E+02   0.246048E+02   0.127323E+00   0.397360E-02   0.591657E-03   0.260372E-03   0.157300E-01  -0.188909E+03
   0.400770E+02   0.389649E+02   0.246048E+02   0.129302E+00   0.485594E-02   0.591657E-03   0.260372E-03   0.163475E-01  -0.175456E+03
   0.400770E+02   0.392072E+02   0.246048E+02   0.129302E+00   0.485594E-02   0.591657E-03   0.260372E-03   0.165214E-01  -0.175243E+03
   0.400770E+02   0.405976E+02   0.246048E+02   0.131057E+00   0.536452E-02   0.591657E-03   0.260372E-03   0.159009E-01  -0.165744E+03
   0.397367E+02   0.409183E+02   0.251411E+02   0.131634E+00   0.453841E-02   0.671782E-04   0.260372E-03   0.138848E-01  -0.164110E+03
   0.397367E+02   0.413281E+02   0.251411E+02   0.133834E+00   0.642455E-02   0.185850E-03   0.795932E-03   0.146922E-01  -0.152731E+03
   0.397367E+02   0.393359E+02   0.251411E+02   0.133855E+00   0.620109E-02   0.185850E-03   0.106712E-02   0.132030E-01  -0.147871E+03
   0.397367E+02   0.393359E+02   0.251411E+02   0.133855E+00   0.649435E-02   0.185850E-03   0.106712E-02   0.118620E-01  -0.147766E+03
   0.397367E+02   0.393359E+02   0.251411E+02   0.134158E+00   0.555380E-02   0.185850E-03   0.151515E-02   0.100211E-01  -0.145765E+03
   0.397367E+02   0.393359E+02   0.249182E+02   0.134481E+00   0.666674E-02   0.185850E-03   0.246088E-02   0.739927E-02  -0.143223E+03
   0.397367E+02   0.393359E+02   0.251918E+02   0.135069E+00   0.822420E-02   0.269920E-04   0.246088E-02   0.866578E-02  -0.140953E+03
   0.397367E+02   0.400768E+02   0.251918E+02   0.135069E+00   0.108077E-01   0.475279E-03   0.607650E-03   0.603550E-02  -0.141358E+03
   0.397367E+02   0.400768E+02   0.251918E+02   0.135069E+00   0.981218E-02   0.475279E-03   0.607650E-03   0.777261E-02  -0.141432E+03
   0.397367E+02   0.400768E+02   0.252627E+02   0.135358E+00   0.105273E-01   0.545229E-03   0.607650E-03   0.895991E-02  -0.140302E+03
   0.397367E+02   0.400768E+02   0.252627E+02   0.137428E+00   0.912957E-02   0.279457E-02   0.789377E-03   0.852667E-02  -0.129046E+03
   0.397367E+02   0.400768E+02   0.252627E+02   0.137629E+00   0.804201E-02   0.262201E-02   0.187810E-02   0.896047E-02  -0.128007E+03
   0.397367E+02   0.392846E+02   0.252627E+02   0.137629E+00   0.948934E-02   0.476791E-02   0.280617E-02   0.809391E-02  -0.127865E+03
   0.397367E+02   0.390388E+02   0.252627E+02   0.138993E+00   0.893431E-02   0.709978E-02   0.324398E-02   0.724952E-02  -0.121120E+03
   0.397367E+02   0.390388E+02   0.240736E+02   0.138993E+00   0.690707E-02   0.711038E-02   0.370168E-02   0.724952E-02  -0.120365E+03
   0.397367E+02   0.390388E+02   0.240736E+02   0.140516E+00   0.841129E-02   0.608337E-02   0.314229E-02   0.709997E-02  -0.112805E+03
   0.397367E+02   0.387376E+02   0.249778E+02   0.142655E+00   0.925781E-02   0.498574E-02   0.401653E-02   0.686718E-02  -0.102850E+03
   0.397367E+02   0.387376E+02   0.249778E+02   0.144298E+00   0.849347E-02   0.211882E-02   0.342447E-02   0.933240E-02  -0.953635E+02
   0.397367E+02   0.387376E+02   0.249778E+02   0.146086E+00   0.515552E-02   0.211639E-02   0.284543E-02   0.662607E-02  -0.871293E+02
   0.397367E+02   0.387376E+02   0.246394E+02   0.146623E+00   0.530629E-02   0.211639E-02   0.243734E-02   0.670564E-02  -0.840917E+02
   0.397367E+02   0.387376E+02   0.240166E+02   0.147418E+00   0.564084E-02   0.389422E-02   0.280378E-02   0.721431E-02  -0.825609E+02
   0.397367E+02   0.387376E+02   0.253385E+02   0.147418E+00   0.567948E-02   0.411011E-02   0.308119E-02   0.646143E-02  -0.831098E+02
   0.397367E+02   0.386510E+02   0.253385E+02   0.147418E+00   0.309647E-02   0.402073E-02   0.400875E-02   0.495103E-02  -0.829366E+02
   0.397367E+02   0.386510E+02   0.243490E+02   0.147418E+00   0.317043E-02   0.562131E-02   0.371879E-02   0.685894E-02  -0.815218E+02
   0.397367E+02   0.386510E+02   0.243490E+02   0.147544E+00   0.458504E-02   0.625914E-02   0.395904E-02   0.652786E-02  -0.812179E+02
   0.400745E+02   0.386510E+02   0.243490E+02   0.147877E+00   0.312795E-02   0.575334E-02   0.503010E-02   0.545213E-02  -0.798002E+02
   0.400745E+02   0.386510E+02   0.243490E+02   0.147877E+00   0.312795E-02   0.478838E-02   0.557645E-02   0.651919E-02  -0.798651E+02
   0.400420E+02   0.386510E+02   0.243490E+02   0.148244E+00   0.460416E-02   0.614271E-02   0.557645E-02   0.626429E-02  -0.786211E+02
   0.400420E+02   0.397735E+02   0.243490E+02   0.150667E+00   0.466603E-02   0.678845E-02   0.382892E-02   0.632685E-02  -0.690291E+02
   0.397935E+02   0.397735E+02   0.243490E+02   0.150667E+00   0.640596E-02   0.560216E-02   0.670870E-02   0.632685E-02  -0.692589E+02
   0.397935E+02   0.397735E+02   0.243490E+02   0.150667E+00   0.560790E-02   0.382624E-02   0.556570E-02   0.621725E-02  -0.688762E+02
   0.397935E+02   0.397735E+02   0.243490E+02   0.150459E+00   0.668968E-02   0.398045E-02   0.491903E-02   0.469826E-02  -0.695325E+02
   0.394113E+02   0.397735E+02   0.243490E+02   0.151164E+00   0.611738E-02   0.309421E-02   0.576873E-02   0.546223E-02  -0.685437E+02
   0.394113E+02   0.387425E+02   0.247330E+02   0.150961E+00   0.540159E-02   0.256775E-02   0.744457E-02   0.471700E-02  -0.694784E+02
   0.394113E+02   0.398394E+02   0.247330E+02   0.150961E+00   0.724336E-02   0.318266E-02   0.628287E-02   0.367479E-02  -0.691923E+02
   0.394113E+02   0.398394E+02   0.243277E+02   0.150961E+00   0.821212E-02   0.465815E-02   0.686173E-02   0.368650E-02  -0.696837E+02
   0.394113E+02   0.398987E+02   0.243277E+02   0.151752E+00   0.706483E-02   0.488638E-02   0.612829E-02   0.419448E-02  -0.668180E+02
   0.394113E+02   0.398987E+02   0.243277E+02   0.152945E+00   0.893448E-02   0.314402E-02   0.380149E-02   0.578794E-02  -0.626367E+02
   0.394113E+02   0.398987E+02   0.243277E+02   0.152945E+00   0.676365E-02   0.318452E-02   0.259488E-02   0.572739E-02  -0.622970E+02
   0.394113E+02   0.398987E+02   0.253421E+02   0.152945E+00   0.614214E-02   0.318358E-02   0.307660E-02   0.496710E-02  -0.637041E+02
   0.394113E+02   0.389300E+02   0.253421E+02   0.152945E+00   0.501196E-02   0.217894E-02   0.370586E-02   0.500665E-02  -0.636223E+02
   0.399861E+02   0.389300E+02   0.253421E+02   0.158105E+00   0.685730E-02   0.174375E-02   0.710233E-02   0.664829E-02  -0.464413E+02
   0.399861E+02   0.383843E+02   0.253421E+02   0.158105E+00   0.599717E-02   0.174375E-02   0.710233E-02   0.621828E-02  -0.471626E+02
   0.399861E+02   0.380255E+02   0.253421E+02   0.158849E+00   0.493485E-02   0.164839E-02   0.857835E-02   0.586453E-02  -0.458902E+02
   0.399861E+02   0.380255E+02   0.253421E+02   0.158371E+00   0.566105E-02   0.407529E-02   0.102925E-01   0.718922E-02  -0.478942E+02
   0.399861E+02   0.380255E+02   0.253421E+02   0.158197E+00   0.583530E-02   0.289140E-02   0.894067E-02   0.718922E-02  -0.481689E+02
   0.399861E+02   0.380255E+02   0.253421E+02   0.158473E+00   0.299910E-02   0.662310E-02   0.775525E-02   0.700762E-02  -0.473147E+02
   0.395491E+02   0.380255E+02   0.253421E+02   0.158473E+00   0.496973E-02   0.854990E-02   0.719451E-02   0.697918E-02  -0.483195E+02
   0.395491E+02   0.384052E+02   0.253421E+02   0.159752E+00   0.534474E-02   0.850326E-02   0.818895E-02   0.686902E-02  -0.438279E+02
   0.395491E+02   0.406310E+02   0.253421E+02   0.161237E+00   0.584471E-02   0.950847E-02   0.103605E-01   0.101717E-01  -0.407315E+02
   0.395491E+02   0.406310E+02   0.253421E+02   0.162103E+00   0.537003E-02   0.621389E-02   0.781152E-02   0.120297E-01  -0.379918E+02
   0.395491E+02   0.406310E+02   0.253421E+02   0.161947E+00   0.559844E-02   0.603686E-02   0.592051E-02   0.109830E-01  -0.381134E+02
   0.395491E+02   0.406310E+02   0.253421E+02   0.161947E+00   0.742683E-02   0.763606E-02   0.580245E-02   0.137121E-01  -0.387173E+02
   0.395491E+02   0.402265E+02   0.253421E+02   0.161947E+00   0.631504E-02   0.104879E-01   0.657182E-02   0.152418E-01  -0.384161E+02
   0.395491E+02   0.402265E+02   0.253421E+02   0.162614E+00   0.602287E-02   0.100234E-01   0.537107E-02   0.165500E-01  -0.366203E+02
   0.400644E+02   0.393961E+02   0.254571E+02   0.162074E+00   0.520610E-02   0.843351E-02   0.570678E-02   0.170356E-01  -0.372817E+02
   0.401977E+02   0.393961E+02   0.240824E+02   0.163565E+00   0.643892E-02   0.563346E-02   0.486168E-02   0.213196E-01  -0.329905E+02
   0.401977E+02   0.393961E+02   0.240824E+02   0.163565E+00   0.109580E-01   0.622008E-02   0.624835E-02   0.209725E-01  -0.336051E+02
   0.401977E+02   0.390476E+02   0.240824E+02   0.163373E+00   0.109580E-01   0.588539E-02   0.543788E-02   0.209725E-01  -0.340651E+02
   0.401977E+02   0.411311E+02   0.240824E+02   0.166179E+00   0.773832E-02   0.401580E-02   0.811780E-02   0.201557E-01  -0.295303E+02
   0.401977E+02   0.385311E+02   0.240824E+02   0.166306E+00   0.704104E-02   0.368769E-02   0.709893E-02   0.200135E-01  -0.270664E+02
   0.401977E+02   0.385311E+02   0.250506E+02   0.167563E+00   0.628615E-02   0.503198E-02   0.505809E-02   0.202398E-01  -0.240621E+02
   0.401977E+02   0.385311E+02   0.250506E+02   0.168008E+00   0.731857E-02   0.244315E-02   0.720116E-02   0.199146E-01  -0.231142E+02
   0.401977E+02   0.385311E+02   0.250506E+02   0.168008E+00   0.115646E-01   0.563511E-03   0.830672E-02   0.239177E-01  -0.238617E+02
   0.401977E+02   0.396930E+02   0.250209E+02   0.168008E+00   0.115646E-01   0.563511E-03   0.643961E-02   0.254970E-01  -0.231664E+02
   0.401977E+02   0.396930E+02   0.250209E+02   0.168999E+00   0.105808E-01   0.243806E-03   0.480197E-02   0.241895E-01  -0.206247E+02
   0.401977E+02   0.392090E+02   0.250209E+02   0.168983E+00   0.105808E-01   0.243806E-03   0.250444E-02   0.215731E-01  -0.201293E+02
   0.401977E+02   0.392090E+02   0.250209E+02   0.168983E+00   0.108419E-01   0.548966E-03   0.237779E-02   0.222490E-01  -0.202408E+02
   0.401977E+02   0.392090E+02   0.257042E+02   0.168983E+00   0.759552E-02   0.548966E-03   0.366033E-02   0.222490E-01  -0.222859E+02
   0.399389E+02   0.392090E+02   0.249438E+02   0.171588E+00   0.964897E-02   0.182901E-02   0.419715E-02   0.221629E-01  -0.144774E+02
   0.399389E+02   0.399968E+02   0.249438E+02   0.170177E+00   0.116555E-01   0.318574E-02   0.802842E-02   0.213730E-01  -0.181626E+02
   0.393416E+02   0.399968E+02   0.249438E+02   0.169602E+00   0.151409E-01   0.351151E-02   0.625421E-02   0.213730E-01  -0.212243E+02
   0.393416E+02   0.399968E+02   0.249438E+02   0.169436E+00   0.151317E-01   0.526226E-02   0.389064E-02   0.213730E-01  -0.215071E+02
   0.393416E+02   0.399968E+02   0.249438E+02   0.170629E+00   0.147860E-01   0.767754E-02   0.641556E-02   0.249590E-01  -0.198783E+02
   0.393416E+02   0.399968E+02   0.249438E+02   0.170629E+00   0.152286E-01   0.101698E-01   0.646956E-02   0.255302E-01  -0.202343E+02
   0.394975E+02   0.399968E+02   0.249438E+02   0.170629E+00   0.187127E-01   0.892077E-02   0.497915E-02   0.255302E-01  -0.194475E+02
   0.394975E+02   0.399968E+02   0.249438E+02   0.170573E+00   0.181629E-01   0.797607E-02   0.876085E-02   0.253542E-01  -0.197721E+02
   0.394975E+02   0.395553E+02   0.249438E+02   0.170573E+00   0.175318E-01   0.842081E-02   0.758685E-02   0.266694E-01  -0.195074E+02
   0.394975E+02   0.395553E+02   0.241964E+02   0.170317E+00   0.129524E-01   0.107632E-01   0.729399E-02   0.271850E-01  -0.197457E+02
   0.394975E+02   0.395553E+02   0.241964E+02   0.170317E+00   0.129524E-01   0.107632E-01   0.609387E-02   0.270887E-01  -0.196161E+02
   0.394975E+02   0.395553E+02   0.241964E+02   0.175312E+00   0.105257E-01   0.748086E-02   0.412677E-02   0.269398E-01  -0.949259E+01
   0.394975E+02   0.395553E+02   0.243247E+02   0.178607E+00   0.935771E-02   0.866001E-02   0.412677E-02   0.269398E-01  -0.385744E+01
   0.394975E+02   0.395553E+02   0.243247E+02   0.178607E+00   0.120287E-01   0.656000E-02   0.249046E-02   0.241349E-01  -0.347042E+01
   0.394975E+02   0.395553E+02   0.243247E+02   0.179728E+00   0.103091E-01   0.656000E-02   0.388670E-02   0.229506E-01  -0.161405E+01
   0.394975E+02   0.395553E+02   0.243247E+02   0.180240E+00   0.934698E-02   0.576924E-02   0.142301E-02   0.242783E-01  -0.566070E+00
   0.394975E+02   0.395553E+02   0.243247E+02   0.180240E+00   0.104470E-01   0.576924E-02   0.210806E-03   0.240004E-01  -0.527061E+00
   0.394975E+02   0.395553E+02   0.243247E+02   0.180240E+00   0.831075E-02   0.747490E-02   0.348830E-02   0.247184E-01  -0.883553E+00
   0.394975E+02   0.381961E+02   0.243247E+02   0.180240E+00   0.811857E-02   0.451605E-02   0.406385E-02   0.254659E-01  -0.181740E+01
   0.394975E+02   0.381961E+02   0.243247E+02   0.180497E+00   0.794896E-02   0.304755E-02   0.368095E-02   0.269103E-01  -0.138154E+01
   0.394975E+02   0.374589E+02   0.243247E+02   0.179529E+00   0.577722E-02   0.111294E-02   0.320161E-02   0.282425E-01  -0.447255E+01
   0.402416E+02   0.402414E+02   0.250634E+02   0.179529E+00   0.120341E-01   0.121319E-02   0.705838E-03   0.283255E-01  -0.267259E+01
   0.402416E+02   0.401845E+02   0.250634E+02   0.184472E+00   0.117023E-01   0.104679E-02   0.243820E-02   0.280326E-01   0.419656E+01
   0.402416E+02   0.404206E+02   0.250634E+02   0.185146E+00   0.102382E-01   0.104679E-02   0.395865E-02   0.288275E-01   0.467018E+01
   0.402416E+02   0.400947E+02   0.250634E+02   0.186924E+00   0.897987E-02   0.104679E-02   0.383594E-02   0.295060E-01   0.728130E+01
   0.402416E+02   0.400947E+02   0.242167E+02   0.186924E+00   0.112536E-01   0.232497E-02   0.410732E-02   0.295661E-01   0.715239E+01
   0.402416E+02   0.400947E+02   0.242167E+02   0.186924E+00   0.124139E-01   0.137389E-02   0.320205E-02   0.298700E-01   0.719160E+01
   0.395208E+02   0.400947E+02   0.242167E+02   0.187770E+00   0.116491E-01   0.247326E-02   0.556044E-02   0.296866E-01   0.791851E+01
   0.395208E+02   0.400947E+02   0.242167E+02   0.187512E+00   0.102118E-01   0.247326E-02   0.915961E-02   0.290747E-01   0.746926E+01
   0.395208E+02   0.400947E+02   0.242167E+02   0.187512E+00   0.122136E-01   0.180903E-02   0.869144E-02   0.292973E-01   0.736006E+01
   0.395208E+02   0.400947E+02   0.242167E+02   0.188837E+00   0.106673E-01   0.391603E-02   0.104242E-01   0.282840E-01   0.871679E+01
   0.395208E+02   0.400947E+02   0.242167E+02   0.189135E+00   0.912742E-02   0.391603E-02   0.111176E-01   0.280390E-01   0.915034E+01
   0.404479E+02   0.400947E+02   0.242167E+02   0.191631E+00   0.633754E-02   0.297850E-02   0.132885E-01   0.271004E-01   0.110827E+02
   0.404479E+02   0.396739E+02   0.242167E+02   0.191631E+00   0.412354E-02   0.729017E-02   0.120141E-01   0.272333E-01   0.112713E+02
   0.404479E+02   0.396739E+02   0.249396E+02   0.191631E+00   0.357953E-03   0.837406E-02   0.112085E-01   0.305656E-01   0.111728E+02
   0.404479E+02   0.396739E+02   0.249396E+02   0.191631E+00   0.357953E-03   0.917763E-02   0.139342E-01   0.329455E-01   0.105819E+02
   0.404479E+02   0.396739E+02   0.249396E+02   0.193425E+00   0.357953E-03   0.628041E-02   0.102460E-01   0.324088E-01   0.130183E+02
   0.404479E+02   0.396739E+02   0.252821E+02   0.194766E+00   0.357953E-03   0.560383E-02   0.123388E-01   0.324088E-01   0.135229E+02
   0.404479E+02   0.392718E+02   0.243371E+02   0.194766E+00   0.171482E-02   0.417032E-02   0.117373E-01   0.339771E-01   0.143308E+02
   0.404479E+02   0.392718E+02   0.245573E+02   0.195574E+00   0.985311E-03   0.580796E-02   0.169231E-01   0.321768E-01   0.147300E+02
   0.404479E+02   0.392718E+02   0.245573E+02   0.193295E+00   0.985311E-03   0.440780E-02   0.149969E-01   0.307538E-01   0.131820E+02
   0.404479E+02   0.392718E+02   0.238433E+02   0.196045E+00   0.273339E-02   0.281368E-02   0.137198E-01   0.283316E-01   0.145286E+02
   0.404479E+02   0.392718E+02   0.238433E+02   0.195314E+00   0.349767E-02   0.181621E-02   0.175048E-01   0.276132E-01   0.136178E+02
   0.404479E+02   0.392718E+02   0.254383E+02   0.194904E+00   0.271231E-02   0.181621E-02   0.171394E-01   0.280883E-01   0.134135E+02
   0.404479E+02   0.392718E+02   0.240191E+02   0.196445E+00   0.388466E-02   0.438890E-02   0.164846E-01   0.254285E-01   0.153945E+02
   0.404479E+02   0.392718E+02   0.240191E+02   0.198454E+00   0.228445E-02   0.262287E-02   0.124686E-01   0.257080E-01   0.176962E+02
   0.404479E+02   0.392718E+02   0.240191E+02   0.198454E+00   0.213310E-02   0.288549E-02   0.133064E-01   0.257080E-01   0.176013E+02
   0.404479E+02   0.392718E+02   0.240191E+02   0.198650E+00   0.100279E-02   0.394806E-02   0.131321E-01   0.279509E-01   0.175492E+02
   0.404479E+02   0.392718E+02   0.243397E+02   0.198650E+00   0.100279E-02   0.699635E-02   0.120810E-01   0.254435E-01   0.180922E+02
   0.404479E+02   0.403967E+02   0.243397E+02   0.199387E+00   0.415242E-03   0.763049E-02   0.130016E-01   0.295264E-01   0.174986E+02
   0.404479E+02   0.385175E+02   0.243397E+02   0.202347E+00   0.415242E-03   0.714614E-02   0.106467E-01   0.295264E-01   0.199893E+02
   0.404479E+02   0.385175E+02   0.246815E+02   0.202019E+00   0.415242E-03   0.637612E-02   0.983077E-02   0.302818E-01   0.199581E+02
   0.404479E+02   0.385175E+02   0.246815E+02   0.202019E+00   0.269080E-02   0.946737E-02   0.925177E-02   0.288201E-01   0.196255E+02
   0.404479E+02   0.385175E+02   0.246815E+02   0.203597E+00   0.340264E-02   0.104251E-01   0.770856E-02   0.305662E-01   0.204256E+02
   0.404479E+02   0.385175E+02   0.246815E+02   0.203597E+00   0.236419E-02   0.857878E-02   0.770856E-02   0.332710E-01   0.204436E+02
   0.404479E+02   0.385175E+02   0.244090E+02   0.203468E+00   0.136227E-02   0.758590E-02   0.770856E-02   0.332710E-01   0.205341E+02
   0.404479E+02   0.385175E+02   0.239181E+02   0.203468E+00   0.103488E-02   0.897386E-02   0.770856E-02   0.359816E-01   0.191854E+02
   0.404479E+02   0.385175E+02   0.239181E+02   0.203468E+00   0.240884E-02   0.677173E-02   0.572036E-02   0.359816E-01   0.194671E+02
   0.404479E+02   0.385175E+02   0.239181E+02   0.205612E+00   0.172456E-02   0.897125E-02   0.247826E-02   0.362908E-01   0.208659E+02
   0.404479E+02   0.390204E+02   0.241262E+02   0.205612E+00   0.112471E-02   0.862508E-02   0.390789E-02   0.369785E-01   0.216651E+02
   0.404479E+02   0.390204E+02   0.241262E+02   0.208054E+00   0.314168E-03   0.909494E-02   0.618294E-02   0.374664E-01   0.226810E+02
   0.402520E+02   0.390204E+02   0.241262E+02   0.207860E+00   0.314168E-03   0.632281E-02   0.383048E-02   0.377246E-01   0.237993E+02
   0.402520E+02   0.378134E+02   0.241262E+02   0.207860E+00   0.314168E-03   0.104918E-01   0.383048E-02   0.393927E-01   0.218026E+02
   0.402520E+02   0.370119E+02   0.247165E+02   0.208304E+00   0.314168E-03   0.747216E-02   0.669918E-02   0.392848E-01   0.203686E+02
   0.407838E+02   0.370119E+02   0.247165E+02   0.211171E+00   0.314168E-03   0.777336E-02   0.384628E-02   0.383170E-01   0.195988E+02
   0.407838E+02   0.370119E+02   0.247165E+02   0.213592E+00   0.250486E-02   0.835926E-02   0.597319E-02   0.334393E-01   0.206150E+02
   0.407838E+02   0.370119E+02   0.247165E+02   0.217511E+00   0.223488E-02   0.835926E-02   0.131983E-02   0.328849E-01   0.225242E+02
   0.394238E+02   0.381211E+02   0.247165E+02   0.220125E+00   0.213392E-02   0.112655E-01   0.462654E-02   0.328849E-01   0.269111E+02
   0.394238E+02   0.374712E+02   0.247165E+02   0.223481E+00   0.213392E-02   0.102222E-01   0.477185E-02   0.325460E-01   0.264721E+02
   0.402244E+02   0.419234E+02   0.247165E+02   0.222578E+00   0.243462E-02   0.178213E-01   0.477185E-02   0.297382E-01   0.252798E+02
   0.396897E+02   0.405552E+02   0.247165E+02   0.222578E+00   0.243462E-02   0.143774E-01   0.314314E-02   0.257001E-01   0.287518E+02
   0.396897E+02   0.405552E+02   0.247165E+02   0.222086E+00   0.362252E-02   0.109393E-01   0.314314E-02   0.220265E-01   0.292649E+02
   0.396897E+02   0.383801E+02   0.247165E+02   0.223096E+00   0.584088E-02   0.109393E-01   0.932930E-02   0.223597E-01   0.286434E+02
   0.396897E+02   0.383801E+02   0.247165E+02   0.226155E+00   0.739393E-02   0.977837E-02   0.633293E-02   0.196402E-01   0.295382E+02
   0.396897E+02   0.383801E+02   0.247165E+02   0.226391E+00   0.104502E-01   0.919132E-02   0.803523E-02   0.202459E-01   0.290816E+02
   0.396897E+02   0.383801E+02   0.247165E+02   0.224261E+00   0.970581E-02   0.111202E-01   0.595046E-02   0.215770E-01   0.288127E+02
   0.397812E+02   0.383801E+02   0.247165E+02   0.226858E+00   0.104640E-01   0.113235E-01   0.443661E-02   0.206865E-01   0.293017E+02
   0.397812E+02   0.383801E+02   0.247165E+02   0.228383E+00   0.116985E-01   0.660059E-02   0.365097E-02   0.237840E-01   0.295198E+02
   0.397812E+02   0.380362E+02   0.247165E+02   0.227232E+00   0.116985E-01   0.966133E-02   0.521883E-02   0.217206E-01   0.287710E+02
   0.397812E+02   0.385097E+02   0.247165E+02   0.224916E+00   0.117577E-01   0.805728E-02   0.723396E-02   0.202503E-01   0.292030E+02
   0.397812E+02   0.386272E+02   0.247165E+02   0.224916E+00   0.903852E-02   0.494375E-02   0.596221E-02   0.227642E-01   0.297651E+02
   0.397812E+02   0.386272E+02   0.247165E+02   0.224375E+00   0.128206E-01   0.364196E-02   0.324396E-02   0.247633E-01   0.295266E+02
   0.397812E+02   0.386272E+02   0.254403E+02   0.222861E+00   0.806451E-02   0.192036E-02   0.334711E-02   0.238745E-01   0.290173E+02
   0.397812E+02   0.386272E+02   0.254403E+02   0.223444E+00   0.104821E-01   0.579072E-02   0.601248E-03   0.257043E-01   0.285684E+02
   0.399222E+02   0.394230E+02   0.254403E+02   0.223444E+00   0.128697E-01   0.335156E-02   0.601248E-03   0.266452E-01   0.288466E+02
   0.399222E+02   0.394230E+02   0.242253E+02   0.220131E+00   0.117475E-01   0.303489E-02   0.324916E-02   0.306943E-01   0.285773E+02
   0.399222E+02   0.394230E+02   0.249763E+02   0.219795E+00   0.133924E-01   0.395442E-02   0.129752E-02   0.324088E-01   0.281460E+02
   0.398782E+02   0.397571E+02   0.249763E+02   0.219654E+00   0.102784E-01   0.395442E-02   0.140186E-02   0.348354E-01   0.281159E+02
   0.398782E+02   0.397571E+02   0.249763E+02   0.220389E+00   0.114696E-01   0.119781E-02   0.166862E-02   0.309728E-01   0.287807E+02
   0.398782E+02   0.388346E+02   0.249763E+02   0.220389E+00   0.122273E-01   0.119781E-02   0.457423E-02   0.263001E-01   0.287634E+02
   0.398782E+02   0.394456E+02   0.250799E+02   0.224197E+00   0.277037E-02   0.119781E-02   0.313328E-02   0.227607E-01   0.308865E+02
   0.398782E+02   0.394456E+02   0.252529E+02   0.219633E+00   0.277037E-02   0.213954E-02   0.486563E-02   0.227607E-01   0.295977E+02
   0.398782E+02   0.394456E+02   0.243833E+02   0.219633E+00   0.431478E-03   0.378972E-02   0.324669E-02   0.150620E-01   0.312398E+02
   0.398782E+02   0.394456E+02   0.243833E+02   0.219516E+00   0.389867E-03   0.467447E-02   0.339758E-02   0.140621E-01   0.312160E+02
   0.398782E+02   0.394456E+02   0.243833E+02   0.221333E+00   0.389867E-03   0.605590E-02   0.361638E-02   0.120073E-01   0.316091E+02
   0.398782E+02   0.394456E+02   0.243833E+02   0.222692E+00   0.389867E-03   0.593516E-02   0.361638E-02   0.104739E-01   0.319930E+02
   0.398782E+02   0.394456E+02   0.243833E+02   0.222818E+00   0.391118E-02   0.609412E-02   0.740552E-03   0.673786E-02   0.323047E+02
   0.398782E+02   0.394456E+02   0.243833E+02   0.221544E+00   0.317462E-02   0.567452E-02   0.740552E-03   0.862398E-02   0.320308E+02
   0.398782E+02   0.383189E+02   0.243833E+02   0.226969E+00   0.489318E-02   0.226663E-02   0.740552E-03   0.523360E-02   0.326219E+02
   0.396159E+02   0.383189E+02   0.243134E+02   0.226515E+00   0.520000E-02   0.224987E-02   0.740552E-03   0.493981E-02   0.323346E+02
   0.396159E+02   0.384222E+02   0.245723E+02   0.222911E+00   0.727903E-02   0.224987E-02   0.100242E-02   0.763051E-02   0.316332E+02
   0.396159E+02   0.384222E+02   0.245723E+02   0.222911E+00   0.466775E-02   0.565890E-02   0.377094E-02   0.788802E-02   0.312508E+02
   0.396159E+02   0.384222E+02   0.245723E+02   0.222911E+00   0.602550E-02   0.881397E-02   0.382897E-02   0.496434E-02   0.310861E+02
   0.396159E+02   0.395580E+02   0.245723E+02   0.223968E+00   0.435817E-02   0.129905E-01   0.382897E-02   0.474399E-02   0.314855E+02
   0.396159E+02   0.395580E+02   0.245723E+02   0.224064E+00   0.684610E-02   0.114697E-01   0.442414E-02   0.885845E-02   0.309299E+02
   0.396159E+02   0.395580E+02   0.244823E+02   0.225292E+00   0.844316E-02   0.128541E-01   0.637960E-02   0.448404E-02   0.309952E+02
   0.401053E+02   0.395580E+02   0.242483E+02   0.225737E+00   0.249451E-02   0.106325E-01   0.253449E-02   0.502106E-02   0.320294E+02
   0.389921E+02   0.379756E+02   0.242483E+02   0.225744E+00   0.249451E-02   0.120669E-01   0.722152E-02   0.892320E-02   0.274030E+02
   0.389921E+02   0.386068E+02   0.242483E+02   0.224300E+00   0.409235E-02   0.120669E-01   0.824457E-02   0.357144E-02   0.282150E+02
   0.389921E+02   0.389495E+02   0.243884E+02   0.224300E+00   0.417380E-02   0.178482E-01   0.374470E-02   0.320439E-02   0.284521E+02
   0.389921E+02   0.389495E+02   0.243884E+02   0.223210E+00   0.159549E-03   0.130561E-01   0.227428E-02   0.746241E-03   0.295572E+02
   0.389921E+02   0.394139E+02   0.243884E+02   0.222581E+00   0.475805E-03   0.153979E-01   0.377132E-02   0.263452E-02   0.289620E+02
   0.389921E+02   0.395405E+02   0.243884E+02   0.223447E+00   0.837019E-03   0.170797E-01   0.377132E-02   0.263452E-02   0.288958E+02
   0.389921E+02   0.395405E+02   0.243884E+02   0.218124E+00   0.837019E-03   0.167408E-01   0.675818E-02   0.263452E-02   0.275107E+02
   0.393561E+02   0.395405E+02   0.243884E+02   0.218124E+00   0.837019E-03   0.166803E-01   0.595279E-02   0.263452E-02   0.295773E+02
   0.393561E+02   0.396656E+02   0.246246E+02   0.218124E+00   0.348991E-02   0.152754E-01   0.976085E-02   0.263452E-02   0.290999E+02
   0.393561E+02   0.396656E+02   0.243948E+02   0.219254E+00   0.588631E-02   0.122488E-01   0.902550E-02   0.482610E-02   0.292283E+02
   0.404739E+02   0.409530E+02   0.243948E+02   0.219901E+00   0.588631E-02   0.128573E-01   0.727572E-02   0.394262E-02   0.281717E+02
   0.404739E+02   0.402561E+02   0.243948E+02   0.220734E+00   0.101584E-01   0.793464E-02   0.458535E-02   0.116742E-01   0.287231E+02
   0.404739E+02   0.402561E+02   0.241518E+02   0.223517E+00   0.819438E-02   0.867478E-02   0.458535E-02   0.115794E-01   0.290232E+02
   0.398859E+02   0.396035E+02   0.241518E+02   0.223517E+00   0.897407E-02   0.122776E-01   0.107920E-01   0.701578E-02   0.299558E+02
   0.398859E+02   0.397818E+02   0.241518E+02   0.221365E+00   0.683814E-02   0.119749E-01   0.107920E-01   0.428971E-03   0.304679E+02
   0.398859E+02   0.397818E+02   0.241518E+02   0.218578E+00   0.605043E-02   0.842277E-02   0.992334E-02   0.389559E-02   0.300754E+02
   0.407490E+02   0.397818E+02   0.242992E+02   0.215447E+00   0.432666E-02   0.103587E-01   0.168286E-01   0.381162E-02   0.260551E+02
   0.407490E+02   0.409810E+02   0.242992E+02   0.215447E+00   0.586789E-03   0.142631E-01   0.207551E-01   0.292231E-02   0.244993E+02
   0.407354E+02   0.409810E+02   0.249726E+02   0.218697E+00   0.262305E-02   0.145923E-01   0.190695E-01   0.365608E-02   0.252076E+02
   0.407354E+02   0.409810E+02   0.249726E+02   0.226045E+00   0.520111E-02   0.133684E-01   0.153376E-01   0.658239E-02   0.265502E+02
   0.406829E+02   0.409810E+02   0.249726E+02   0.225929E+00   0.532727E-02   0.122107E-01   0.132956E-01   0.949858E-02   0.268780E+02
   0.406829E+02   0.388058E+02   0.249726E+02   0.225908E+00   0.598293E-02   0.128603E-01   0.180805E-01   0.869230E-02   0.273549E+02
   0.400291E+02   0.388058E+02   0.249726E+02   0.224006E+00   0.541186E-02   0.151259E-01   0.210651E-01   0.458741E-02   0.290771E+02
   0.397029E+02   0.388058E+02   0.243677E+02   0.227209E+00   0.690775E-02   0.118260E-01   0.261211E-01   0.277447E-02   0.294829E+02
   0.402113E+02   0.401838E+02   0.252613E+02   0.234089E+00   0.261761E-02   0.118260E-01   0.261211E-01   0.518496E-02   0.288623E+02
   0.402113E+02   0.401838E+02   0.251691E+02   0.230045E+00   0.104149E-02   0.126476E-01   0.270136E-01   0.418154E-02   0.290791E+02
   0.403851E+02   0.380583E+02   0.251691E+02   0.231213E+00   0.805805E-02   0.126476E-01   0.225674E-01   0.331959E-02   0.278594E+02
   0.403851E+02   0.392406E+02   0.253160E+02   0.233277E+00   0.669638E-02   0.626808E-02   0.193811E-01   0.158843E-02   0.297654E+02
   0.398761E+02   0.392406E+02   0.253160E+02   0.233559E+00   0.410439E-02   0.108082E-01   0.185370E-01   0.706124E-02   0.299008E+02
   0.398761E+02   0.392406E+02   0.253082E+02   0.232902E+00   0.410439E-02   0.680066E-02   0.173618E-01   0.523823E-02   0.306284E+02
   0.398761E+02   0.392858E+02   0.253082E+02   0.231683E+00   0.856818E-02   0.680066E-02   0.163873E-01   0.523823E-02   0.302952E+02
   0.398761E+02   0.392858E+02   0.253082E+02   0.237548E+00   0.926352E-02   0.144872E-02   0.163647E-01   0.851233E-02   0.301961E+02
   0.398897E+02   0.405626E+02   0.242488E+02   0.237548E+00   0.652212E-02   0.144872E-02   0.134300E-01   0.667735E-02   0.309060E+02
   0.398897E+02   0.405626E+02   0.250445E+02   0.235636E+00   0.735867E-02   0.144872E-02   0.173518E-01   0.439994E-02   0.306246E+02
   0.398897E+02   0.405626E+02   0.250445E+02   0.230256E+00   0.735867E-02   0.144872E-02   0.130247E-01   0.251529E-02   0.313241E+02
   0.398897E+02   0.405626E+02   0.250445E+02   0.228868E+00   0.181421E-02   0.144872E-02   0.137159E-01   0.251529E-02   0.317572E+02
   0.398897E+02   0.426935E+02   0.250445E+02   0.230860E+00   0.991269E-02   0.130337E-02   0.189761E-01   0.251529E-02   0.266562E+02
   0.398877E+02   0.371165E+02   0.250445E+02   0.234067E+00   0.721482E-02   0.130337E-02   0.159201E-01   0.251529E-02   0.290095E+02
   0.405887E+02   0.371165E+02   0.250445E+02   0.242501E+00   0.186809E-02   0.130337E-02   0.170351E-01   0.251529E-02   0.274351E+02
   0.405887E+02   0.393293E+02   0.250445E+02   0.243959E+00   0.152797E-02   0.130337E-02   0.170351E-01   0.761293E-03   0.298148E+02
   0.405887E+02   0.394279E+02   0.250445E+02   0.244215E+00   0.152797E-02   0.130337E-02   0.166772E-01   0.652057E-03   0.298216E+02
   0.405887E+02   0.394279E+02   0.250445E+02   0.247493E+00   0.152797E-02   0.158475E-02   0.157261E-01   0.429459E-02   0.289436E+02
   0.405887E+02   0.394279E+02   0.250445E+02   0.243638E+00   0.152797E-02   0.158475E-02   0.134521E-01   0.103397E-01   0.292364E+02
   0.405887E+02   0.394279E+02   0.250445E+02   0.242921E+00   0.288232E-03   0.366613E-02   0.283401E-02   0.909778E-02   0.304434E+02
   0.405887E+02   0.394279E+02   0.249280E+02   0.241799E+00   0.550183E-03   0.406796E-03   0.410390E-02   0.894189E-02   0.308659E+02
   0.405887E+02   0.394279E+02   0.249280E+02   0.237686E+00   0.550183E-03   0.631875E-03   0.239210E-02   0.587827E-02   0.317432E+02
   0.405887E+02   0.394279E+02   0.245324E+02   0.237261E+00   0.550183E-03   0.631875E-03   0.436289E-02   0.127890E-02   0.323096E+02
   0.405887E+02   0.394279E+02   0.245324E+02   0.241588E+00   0.550183E-03   0.520112E-02   0.106920E-01   0.127890E-02   0.307840E+02
   0.405887E+02   0.409857E+02   0.245324E+02   0.239454E+00   0.263551E-02   0.631227E-02   0.101376E-01   0.127890E-02   0.296928E+02
   0.405887E+02   0.409857E+02   0.245324E+02   0.242149E+00   0.263551E-02   0.535687E-02   0.509794E-02   0.127890E-02   0.299961E+02
   0.405887E+02   0.409857E+02   0.245324E+02   0.245633E+00   0.602140E-02   0.494811E-02   0.323798E-02   0.127890E-02   0.293674E+02
   0.403810E+02   0.409857E+02   0.245324E+02   0.241095E+00   0.949386E-02   0.858686E-02   0.503706E-02   0.748254E-03   0.299061E+02
   0.403810E+02   0.409857E+02   0.245324E+02   0.244409E+00   0.136291E-01   0.858686E-02   0.897155E-02   0.556590E-02   0.281521E+02
   0.403810E+02   0.409420E+02   0.246965E+02   0.240749E+00   0.862647E-02   0.692621E-02   0.178606E-01   0.689705E-02   0.283618E+02
   0.403810E+02   0.405981E+02   0.246965E+02   0.246145E+00   0.649979E-02   0.692621E-02   0.184864E-01   0.689705E-02   0.280668E+02
   0.403810E+02   0.396354E+02   0.246965E+02   0.251375E+00   0.635140E-02   0.803751E-02   0.180323E-01   0.562178E-02   0.275641E+02
   0.403810E+02   0.384376E+02   0.246965E+02   0.246804E+00   0.806694E-02   0.252451E-02   0.136615E-01   0.926290E-02   0.286823E+02
   0.403810E+02   0.384376E+02   0.246965E+02   0.246804E+00   0.306839E-02   0.252451E-02   0.173746E-01   0.140545E-01   0.283316E+02
   0.403810E+02   0.402213E+02   0.244413E+02   0.246555E+00   0.177056E-02   0.117189E-01   0.200142E-01   0.129402E-01   0.275111E+02
   0.403810E+02   0.402213E+02   0.244413E+02   0.242799E+00   0.139806E-02   0.117114E-01   0.176592E-01   0.160778E-01   0.281066E+02
   0.403810E+02   0.387728E+02   0.244413E+02   0.243150E+00   0.971520E-03   0.121282E-01   0.150622E-01   0.160778E-01   0.284534E+02
   0.410942E+02   0.402290E+02   0.244413E+02   0.243354E+00   0.251270E-02   0.149764E-01   0.913365E-02   0.346634E-02   0.262959E+02
   0.410942E+02   0.384118E+02   0.244413E+02   0.242266E+00   0.251270E-02   0.155305E-01   0.152843E-01   0.322029E-02   0.257167E+02
   0.410942E+02   0.397180E+02   0.244413E+02   0.242266E+00   0.251270E-02   0.165257E-01   0.207289E-01   0.476109E-02   0.252428E+02
   0.410942E+02   0.397180E+02   0.249303E+02   0.245513E+00   0.251270E-02   0.151943E-01   0.198597E-01   0.695655E-02   0.245805E+02
   0.404922E+02   0.376432E+02   0.249303E+02   0.246217E+00   0.251270E-02   0.151943E-01   0.154766E-01   0.795694E-02   0.264898E+02
   0.404922E+02   0.378438E+02   0.249303E+02   0.246217E+00   0.443510E-02   0.166593E-01   0.139472E-01   0.540857E-03   0.273484E+02
   0.406941E+02   0.378438E+02   0.249303E+02   0.246808E+00   0.497966E-02   0.166593E-01   0.112066E-01   0.540857E-03   0.266926E+02
   0.406941E+02   0.396103E+02   0.249303E+02   0.249000E+00   0.463877E-02   0.187131E-01   0.110770E-01   0.204213E-02   0.269522E+02
   0.390285E+02   0.392533E+02   0.249303E+02   0.244532E+00   0.463877E-02   0.215798E-01   0.586245E-02   0.856581E-04   0.278980E+02
   0.390285E+02   0.392533E+02   0.249303E+02   0.243103E+00   0.630486E-02   0.206222E-01   0.945288E-02   0.241033E-02   0.274469E+02
   0.402093E+02   0.392533E+02   0.249303E+02   0.244684E+00   0.115513E-01   0.171496E-01   0.945288E-02   0.510530E-02   0.286100E+02
   0.402093E+02   0.392533E+02   0.249303E+02   0.239252E+00   0.148223E-01   0.130148E-01   0.848591E-02   0.450698E-02   0.296141E+02
   0.402093E+02   0.392533E+02   0.249303E+02   0.241699E+00   0.166667E-01   0.130148E-01   0.200245E-02   0.320548E-02   0.299105E+02
   0.402093E+02   0.392533E+02   0.249303E+02   0.240832E+00   0.160687E-01   0.136545E-01   0.621903E-02   0.472023E-02   0.294474E+02
   0.402186E+02   0.388883E+02   0.242687E+02   0.240958E+00   0.161657E-01   0.136545E-01   0.753978E-02   0.472023E-02   0.292965E+02
   0.396213E+02   0.388920E+02   0.242687E+02   0.242592E+00   0.161657E-01   0.771786E-02   0.564263E-02   0.866976E-02   0.296042E+02
   0.399772E+02   0.388920E+02   0.242687E+02   0.242592E+00   0.182364E-01   0.563938E-02   0.621594E-02   0.100754E-01   0.295638E+02
   0.399772E+02   0.388920E+02   0.242687E+02   0.237367E+00   0.132405E-01   0.339719E-02   0.290905E-02   0.800520E-02   0.314400E+02
   0.399772E+02   0.382742E+02   0.241063E+02   0.237302E+00   0.132773E-01   0.224768E-02   0.284711E-02   0.540804E-02   0.311534E+02
   0.399772E+02   0.382742E+02   0.252356E+02   0.240072E+00   0.992565E-02   0.170405E-02   0.284711E-02   0.857433E-03   0.314642E+02
   0.399772E+02   0.382742E+02   0.241901E+02   0.244382E+00   0.109646E-01   0.542805E-02   0.629615E-02   0.968403E-03   0.304049E+02
   0.399772E+02   0.410040E+02   0.241901E+02   0.244380E+00   0.171171E-01   0.354089E-02   0.614859E-02   0.968403E-03   0.294983E+02
   0.396097E+02   0.397507E+02   0.241901E+02   0.239693E+00   0.171171E-01   0.431844E-02   0.410191E-02   0.968403E-03   0.310801E+02
   0.396097E+02   0.392490E+02   0.241901E+02   0.238961E+00   0.171171E-01   0.375163E-02   0.410191E-02   0.968403E-03   0.312601E+02
   0.396097E+02   0.374286E+02   0.241901E+02   0.235975E+00   0.253081E-01   0.188841E-02   0.410191E-02   0.968403E-03   0.290211E+02
   0.396097E+02   0.395153E+02   0.237103E+02   0.238275E+00   0.247595E-01   0.748155E-03   0.173397E-02   0.968403E-03   0.300035E+02
   0.396097E+02   0.399099E+02   0.247292E+02   0.234076E+00   0.219307E-01   0.748155E-03   0.768871E-02   0.406396E-02   0.309029E+02
   0.396097E+02   0.381418E+02   0.247292E+02   0.234076E+00   0.185753E-01   0.748155E-03   0.211379E-02   0.932615E-02   0.306201E+02
   0.396097E+02   0.381561E+02   0.247292E+02   0.240629E+00   0.206919E-01   0.478403E-02   0.211379E-02   0.842904E-03   0.303718E+02
   0.406803E+02   0.381561E+02   0.247292E+02   0.234562E+00   0.152267E-01   0.478403E-02   0.211379E-02   0.243806E-02   0.295567E+02
   0.406803E+02   0.380947E+02   0.247292E+02   0.228262E+00   0.439045E-02   0.596826E-02   0.576058E-03   0.967952E-02   0.297100E+02
   0.406803E+02   0.403897E+02   0.247292E+02   0.228757E+00   0.114577E-03   0.596826E-02   0.576058E-03   0.799804E-02   0.306871E+02
   0.406803E+02   0.409498E+02   0.242409E+02   0.228648E+00   0.114577E-03   0.942690E-02   0.576058E-03   0.680552E-02   0.296233E+02
   0.404544E+02   0.389997E+02   0.242409E+02   0.235319E+00   0.175595E-03   0.115223E-01   0.576058E-03   0.905210E-02   0.312670E+02
   0.399857E+02   0.389997E+02   0.242409E+02   0.233447E+00   0.175595E-03   0.170920E-01   0.576058E-03   0.838930E-02   0.317982E+02
   0.399857E+02   0.390524E+02   0.242409E+02   0.230887E+00   0.347081E-02   0.129535E-01   0.109621E-02   0.130254E-01   0.314055E+02
   0.399857E+02   0.390524E+02   0.242409E+02   0.232617E+00   0.470101E-02   0.102407E-01   0.109621E-02   0.123143E-01   0.316203E+02
   0.399857E+02   0.392166E+02   0.242409E+02   0.231456E+00   0.967418E-02   0.124015E-01   0.109621E-02   0.151017E-01   0.306770E+02
   0.399857E+02   0.392166E+02   0.242409E+02   0.239715E+00   0.967418E-02   0.264499E-02   0.109621E-02   0.132297E-01   0.313572E+02
   0.399857E+02   0.392194E+02   0.250147E+02   0.239715E+00   0.128761E-01   0.264499E-02   0.649083E-02   0.120930E-01   0.304636E+02
   0.399857E+02   0.400342E+02   0.250147E+02   0.231868E+00   0.119435E-01   0.253618E-02   0.172497E-02   0.149104E-01   0.310762E+02
   0.399857E+02   0.400342E+02   0.250147E+02   0.227143E+00   0.119435E-01   0.908846E-02   0.172497E-02   0.111022E-01   0.306353E+02
   0.399857E+02   0.400342E+02   0.245573E+02   0.216949E+00   0.119435E-01   0.582180E-02   0.172497E-02   0.111894E-01   0.296447E+02
   0.396747E+02   0.400342E+02   0.245573E+02   0.220144E+00   0.170513E-01   0.582180E-02   0.349919E-02   0.631157E-02   0.300618E+02
   0.396747E+02   0.414114E+02   0.245573E+02   0.220144E+00   0.153089E-01   0.118606E-01   0.349919E-02   0.139476E-01   0.271451E+02
   0.396747E+02   0.414114E+02   0.245573E+02   0.220144E+00   0.127587E-01   0.638131E-02   0.189953E-02   0.414948E-02   0.290879E+02
   0.397059E+02   0.381725E+02   0.245573E+02   0.220586E+00   0.113203E-01   0.755307E-02   0.189953E-02   0.414948E-02   0.303754E+02
   0.397059E+02   0.388759E+02   0.245573E+02   0.224829E+00   0.598079E-02   0.985482E-02   0.189953E-02   0.548794E-02   0.318405E+02
   0.397059E+02   0.388759E+02   0.238927E+02   0.231085E+00   0.598079E-02   0.127648E-02   0.138517E-02   0.548794E-02   0.322286E+02
   0.397059E+02   0.388759E+02   0.233886E+02   0.237962E+00   0.984555E-02   0.127648E-02   0.138517E-02   0.112126E-01   0.295722E+02
   0.398264E+02   0.398894E+02   0.233886E+02   0.233811E+00   0.838787E-02   0.127648E-02   0.138517E-02   0.858363E-02   0.302286E+02
   0.398264E+02   0.398894E+02   0.252506E+02   0.237818E+00   0.958917E-02   0.127648E-02   0.138517E-02   0.863549E-02   0.316267E+02
   0.398264E+02   0.398894E+02   0.252506E+02   0.235536E+00   0.110604E-01   0.127648E-02   0.138517E-02   0.704977E-02   0.317983E+02
   0.398264E+02   0.398894E+02   0.247261E+02   0.229798E+00   0.110604E-01   0.511641E-02   0.138517E-02   0.704977E-02   0.321145E+02
   0.398264E+02   0.398894E+02   0.244855E+02   0.227851E+00   0.868623E-02   0.511641E-02   0.466504E-02   0.704977E-02   0.319526E+02
   0.398264E+02   0.398894E+02   0.244855E+02   0.228851E+00   0.200685E-02   0.669755E-02   0.618507E-02   0.704977E-02   0.323604E+02
   0.398264E+02   0.385124E+02   0.249077E+02   0.230050E+00   0.304789E-02   0.125647E-01   0.527241E-02   0.108877E-01   0.308757E+02
   0.398264E+02   0.385124E+02   0.249077E+02   0.228594E+00   0.127879E-02   0.152766E-01   0.527241E-02   0.172712E-01   0.300864E+02
   0.398264E+02   0.385124E+02   0.249077E+02   0.224581E+00   0.127879E-02   0.135087E-01   0.527241E-02   0.161361E-01   0.300375E+02
   0.398264E+02   0.385124E+02   0.249077E+02   0.230086E+00   0.127879E-02   0.135952E-01   0.527241E-02   0.187022E-01   0.301691E+02
   0.398264E+02   0.385124E+02   0.243986E+02   0.230086E+00   0.127879E-02   0.154041E-01   0.133856E-02   0.214152E-01   0.303367E+02
   0.398264E+02   0.385124E+02   0.247939E+02   0.228117E+00   0.127879E-02   0.212863E-01   0.133856E-02   0.214152E-01   0.296563E+02
   0.398264E+02   0.403245E+02   0.247939E+02   0.228117E+00   0.492877E-02   0.220542E-01   0.133856E-02   0.242880E-01   0.289369E+02
   0.398264E+02   0.403245E+02   0.247939E+02   0.236518E+00   0.492877E-02   0.194131E-01   0.133856E-02   0.128676E-01   0.302682E+02
   0.398264E+02   0.403245E+02   0.252656E+02   0.236518E+00   0.139091E-02   0.110584E-01   0.133856E-02   0.128676E-01   0.308717E+02
   0.398264E+02   0.403245E+02   0.243659E+02   0.231624E+00   0.139091E-02   0.720566E-02   0.133856E-02   0.128676E-01   0.319894E+02
   0.398264E+02   0.394649E+02   0.245830E+02   0.240501E+00   0.506698E-02   0.720566E-02   0.133856E-02   0.134745E-01   0.314303E+02
   0.402195E+02   0.394649E+02   0.245830E+02   0.239787E+00   0.506698E-02   0.162755E-01   0.133856E-02   0.134745E-01   0.302833E+02
   0.402195E+02   0.394649E+02   0.248104E+02   0.245034E+00   0.765006E-02   0.202079E-01   0.622414E-02   0.134745E-01   0.283034E+02
   0.402195E+02   0.394649E+02   0.248104E+02   0.247821E+00   0.116291E-01   0.194156E-01   0.399529E-02   0.217115E-01   0.268419E+02
   0.402195E+02   0.394649E+02   0.244521E+02   0.251158E+00   0.713501E-02   0.194156E-01   0.474786E-02   0.217115E-01   0.264933E+02
   0.402195E+02   0.394649E+02   0.244521E+02   0.243457E+00   0.443622E-02   0.298912E-01   0.125350E-02   0.213429E-01   0.276737E+02
   0.402195E+02   0.394649E+02   0.244521E+02   0.243457E+00   0.443622E-02   0.298912E-01   0.927650E-03   0.133744E-01   0.285032E+02
   0.402195E+02   0.394649E+02   0.253605E+02   0.243457E+00   0.443622E-02   0.300312E-01   0.927650E-03   0.167180E-01   0.274478E+02
   0.402195E+02   0.394649E+02   0.253605E+02   0.236376E+00   0.546045E-02   0.300312E-01   0.927650E-03   0.199027E-01   0.278050E+02
   0.402195E+02   0.390087E+02   0.253605E+02   0.236376E+00   0.546045E-02   0.251338E-01   0.927650E-03   0.235307E-01   0.278569E+02
   0.402195E+02   0.372273E+02   0.243660E+02   0.229488E+00   0.494026E-02   0.316897E-01   0.927650E-03   0.179449E-01   0.263531E+02
   0.399065E+02   0.372273E+02   0.243660E+02   0.231989E+00   0.261823E-02   0.288411E-01   0.927650E-03   0.109898E-01   0.279766E+02
   0.399065E+02   0.372273E+02   0.243660E+02   0.232516E+00   0.211975E-02   0.151882E-01   0.927650E-03   0.485362E-02   0.300095E+02
   0.398330E+02   0.396930E+02   0.248702E+02   0.234339E+00   0.211975E-02   0.159904E-01   0.326563E-02   0.485362E-02   0.317722E+02
   0.398330E+02   0.396930E+02   0.251691E+02   0.247588E+00   0.211975E-02   0.246193E-01   0.326563E-02   0.485362E-02   0.289525E+02
   0.398330E+02   0.396930E+02   0.251691E+02   0.243635E+00   0.211975E-02   0.279530E-01   0.192963E-03   0.485362E-02   0.296542E+02
   0.398330E+02   0.396930E+02   0.251691E+02   0.241953E+00   0.376203E-03   0.279530E-01   0.192963E-03   0.485362E-02   0.300824E+02
   0.399453E+02   0.389170E+02   0.246098E+02   0.241953E+00   0.180451E-02   0.233341E-01   0.192963E-03   0.166183E-02   0.311440E+02
   0.399453E+02   0.389170E+02   0.246098E+02   0.241953E+00   0.180451E-02   0.257700E-01   0.100581E-02   0.166183E-02   0.308191E+02
   0.398360E+02   0.389170E+02   0.246098E+02   0.241953E+00   0.180451E-02   0.257700E-01   0.100581E-02   0.166183E-02   0.308199E+02
   0.398360E+02   0.389170E+02   0.246098E+02   0.239838E+00   0.180451E-02   0.257700E-01   0.100581E-02   0.180323E-02   0.310828E+02
   0.395397E+02   0.389170E+02   0.246098E+02   0.233977E+00   0.180451E-02   0.206933E-01   0.100581E-02   0.426824E-02   0.314590E+02
   0.396848E+02   0.389170E+02   0.246098E+02   0.235352E+00   0.180451E-02   0.235094E-01   0.353021E-02   0.127263E-01   0.302397E+02
   0.396848E+02   0.389170E+02   0.246098E+02   0.228586E+00   0.151769E-02   0.256697E-01   0.353021E-02   0.127263E-01   0.300909E+02
   0.398124E+02   0.389170E+02   0.246098E+02   0.227370E+00   0.289460E-03   0.237814E-01   0.214349E-02   0.111827E-01   0.307387E+02
   0.398124E+02   0.404458E+02   0.246098E+02   0.226652E+00   0.289460E-03   0.276333E-01   0.214349E-02   0.147555E-01   0.295488E+02
   0.398124E+02   0.401188E+02   0.237181E+02   0.225327E+00   0.188450E-02   0.312062E-01   0.228926E-02   0.181585E-01   0.273159E+02
   0.404642E+02   0.401188E+02   0.253403E+02   0.223839E+00   0.188450E-02   0.260784E-01   0.228926E-02   0.145907E-01   0.275842E+02
   0.399399E+02   0.401188E+02   0.251070E+02   0.234343E+00   0.188450E-02   0.323052E-01   0.228926E-02   0.135495E-01   0.290064E+02
   0.399399E+02   0.401188E+02   0.251070E+02   0.229863E+00   0.188450E-02   0.366532E-01   0.182064E-02   0.186009E-01   0.281325E+02
   0.399399E+02   0.401188E+02   0.251070E+02   0.227657E+00   0.510231E-02   0.313171E-01   0.182064E-02   0.171129E-01   0.283868E+02
   0.399399E+02   0.401188E+02   0.251070E+02   0.232930E+00   0.824525E-02   0.314582E-01   0.255300E-02   0.200782E-01   0.278146E+02
   0.399399E+02   0.405707E+02   0.251568E+02   0.231623E+00   0.425734E-02   0.404598E-01   0.255300E-02   0.247187E-01   0.264264E+02
   0.397455E+02   0.399728E+02   0.251568E+02   0.227514E+00   0.425734E-02   0.393623E-01   0.753363E-02   0.312738E-01   0.256327E+02
   0.407006E+02   0.399728E+02   0.251568E+02   0.226206E+00   0.160414E-02   0.393623E-01   0.972610E-02   0.312738E-01   0.234359E+02
   0.407006E+02   0.385655E+02   0.237285E+02   0.229178E+00   0.160414E-02   0.393623E-01   0.972610E-02   0.320908E-01   0.226025E+02
   0.400756E+02   0.384408E+02   0.242971E+02   0.242512E+00   0.160414E-02   0.492543E-01   0.535150E-02   0.223520E-01   0.253881E+02
   0.395428E+02   0.382336E+02   0.242971E+02   0.240301E+00   0.160414E-02   0.532993E-01   0.634144E-02   0.191512E-01   0.250740E+02
   0.395428E+02   0.413717E+02   0.240159E+02   0.235120E+00   0.160414E-02   0.492940E-01   0.362453E-02   0.166443E-01   0.249789E+02
   0.395428E+02   0.411980E+02   0.232336E+02   0.242786E+00   0.160414E-02   0.585127E-01   0.188170E-02   0.163907E-01   0.216496E+02
   0.398579E+02   0.411980E+02   0.232336E+02   0.242786E+00   0.160414E-02   0.622189E-01   0.188170E-02   0.146736E-01   0.217616E+02
   0.398579E+02   0.411980E+02   0.232336E+02   0.234254E+00   0.160414E-02   0.536173E-01   0.188170E-02   0.710931E-02   0.239394E+02
   0.398291E+02   0.411980E+02   0.232336E+02   0.240368E+00   0.127326E-02   0.495937E-01   0.188170E-02   0.710931E-02   0.240651E+02
   0.398291E+02   0.411980E+02   0.232336E+02   0.230409E+00   0.127326E-02   0.445164E-01   0.200357E-02   0.710931E-02   0.247712E+02
   0.395685E+02   0.411980E+02   0.232336E+02   0.232983E+00   0.415427E-02   0.461287E-01   0.799031E-02   0.375342E-02   0.238800E+02
   0.395685E+02   0.412218E+02   0.232336E+02   0.242963E+00   0.427238E-02   0.518446E-01   0.912257E-02   0.224866E-02   0.227493E+02
   0.395685E+02   0.404849E+02   0.232336E+02   0.242963E+00   0.427238E-02   0.610621E-01   0.958686E-02   0.554837E-03   0.228059E+02
   0.395685E+02   0.404849E+02   0.244935E+02   0.240415E+00   0.427238E-02   0.595412E-01   0.705845E-02   0.554837E-03   0.262567E+02
   0.395685E+02   0.404849E+02   0.244935E+02   0.240415E+00   0.427238E-02   0.566446E-01   0.705845E-02   0.554837E-03   0.265463E+02
   0.395685E+02   0.404849E+02   0.255786E+02   0.232770E+00   0.108464E-02   0.473741E-01   0.221649E-02   0.480782E-02   0.271678E+02
   0.395685E+02   0.404849E+02   0.231935E+02   0.232770E+00   0.108464E-02   0.473741E-01   0.221649E-02   0.480782E-02   0.252814E+02
   0.395685E+02   0.416750E+02   0.231785E+02   0.239368E+00   0.108464E-02   0.473741E-01   0.404717E-02   0.480782E-02   0.232009E+02
   0.395685E+02   0.399114E+02   0.231785E+02   0.236000E+00   0.419397E-02   0.419397E-01   0.404717E-02   0.221596E-02   0.259193E+02
   0.395685E+02   0.399114E+02   0.263239E+02   0.225778E+00   0.419397E-02   0.404917E-01   0.404717E-02   0.184387E-02   0.251880E+02
   0.395685E+02   0.399114E+02   0.263239E+02   0.225398E+00   0.419397E-02   0.449239E-01   0.404717E-02   0.740391E-03   0.248048E+02
   0.395685E+02   0.388384E+02   0.248110E+02   0.221369E+00   0.126906E-01   0.491341E-01   0.988385E-02   0.740391E-03   0.260992E+02
   0.395685E+02   0.388384E+02   0.240545E+02   0.227318E+00   0.562745E-03   0.450106E-01   0.110643E-01   0.740391E-03   0.278907E+02
   0.395685E+02   0.388384E+02   0.240545E+02   0.222496E+00   0.562745E-03   0.391579E-01   0.710422E-02   0.740391E-03   0.283100E+02
   0.395685E+02   0.387432E+02   0.245622E+02   0.222496E+00   0.562745E-03   0.391579E-01   0.813674E-02   0.740391E-03   0.286946E+02
   0.395685E+02   0.416048E+02   0.245622E+02   0.222496E+00   0.206572E-02   0.305772E-01   0.165630E-01   0.847317E-02   0.257798E+02
   0.395685E+02   0.416048E+02   0.245622E+02   0.225735E+00   0.813352E-02   0.409017E-01   0.900812E-02   0.818203E-02   0.253907E+02
   0.397228E+02   0.414282E+02   0.245622E+02   0.225735E+00   0.813352E-02   0.427676E-01   0.297038E-02   0.818203E-02   0.263138E+02
   0.400967E+02   0.378105E+02   0.249921E+02   0.225735E+00   0.990701E-02   0.377984E-01   0.825178E-02   0.348184E-03   0.270172E+02
   0.400967E+02   0.385320E+02   0.249921E+02   0.225735E+00   0.276983E-02   0.417464E-01   0.825178E-02   0.624769E-02   0.276835E+02
   0.400967E+02   0.385320E+02   0.237610E+02   0.228060E+00   0.276983E-02   0.341330E-01   0.825178E-02   0.624769E-02   0.276972E+02
   0.400967E+02   0.385320E+02   0.237610E+02   0.231647E+00   0.616774E-02   0.306937E-01   0.133576E-01   0.624769E-02   0.273345E+02
   0.403743E+02   0.390831E+02   0.237610E+02   0.227758E+00   0.148619E-02   0.410236E-01   0.138790E-01   0.624769E-02   0.262451E+02
   0.403743E+02   0.388919E+02   0.237610E+02   0.226313E+00   0.310266E-02   0.410236E-01   0.129472E-01   0.544613E-02   0.260569E+02
   0.403743E+02   0.388919E+02   0.237610E+02   0.226852E+00   0.310266E-02   0.269081E-01   0.198174E-01   0.453209E-03   0.273334E+02
   0.403743E+02   0.378244E+02   0.237610E+02   0.229721E+00   0.310266E-02   0.307195E-01   0.214801E-01   0.453209E-03   0.259082E+02
   0.403743E+02   0.395362E+02   0.250995E+02   0.229721E+00   0.310266E-02   0.120250E-01   0.214773E-01   0.453209E-03   0.297918E+02
   0.403743E+02   0.399640E+02   0.252224E+02   0.225647E+00   0.310266E-02   0.120250E-01   0.200469E-01   0.453209E-03   0.293320E+02
   0.403743E+02   0.399640E+02   0.252224E+02   0.221182E+00   0.318788E-02   0.155396E-01   0.148175E-01   0.926652E-02   0.279497E+02
   0.403743E+02   0.399640E+02   0.252224E+02   0.222926E+00   0.318788E-02   0.829883E-02   0.522054E-02   0.110564E-01   0.297576E+02
   0.403743E+02   0.382105E+02   0.252224E+02   0.222926E+00   0.971315E-02   0.829883E-02   0.698731E-02   0.169825E-01   0.277558E+02
   0.403743E+02   0.382105E+02   0.252224E+02   0.222570E+00   0.834815E-02   0.870496E-02   0.638557E-02   0.169825E-01   0.278528E+02
   0.403743E+02   0.382105E+02   0.251205E+02   0.222570E+00   0.834815E-02   0.687485E-02   0.312494E-02   0.187886E-01   0.283371E+02
   0.403743E+02   0.417847E+02   0.251205E+02   0.227099E+00   0.792207E-02   0.367647E-02   0.292146E-03   0.187886E-01   0.277535E+02
   0.403743E+02   0.417847E+02   0.251205E+02   0.217546E+00   0.136514E-01   0.873502E-02   0.425520E-02   0.888566E-02   0.254460E+02
   0.400525E+02   0.372680E+02   0.241722E+02   0.216665E+00   0.135805E-01   0.487376E-02   0.362875E-03   0.888566E-02   0.270978E+02
   0.400525E+02   0.380618E+02   0.241722E+02   0.223889E+00   0.135805E-01   0.284122E-02   0.362875E-03   0.124171E-02   0.311521E+02
   0.400525E+02   0.380618E+02   0.241722E+02   0.222529E+00   0.196933E-01   0.284122E-02   0.362875E-03   0.124171E-02   0.303372E+02
   0.400525E+02   0.389741E+02   0.241722E+02   0.220117E+00   0.196933E-01   0.150792E-02   0.362875E-03   0.124171E-02   0.308690E+02
   0.400525E+02   0.389741E+02   0.251114E+02   0.221744E+00   0.212927E-01   0.150792E-02   0.362875E-03   0.961971E-03   0.308583E+02
   0.400525E+02   0.382785E+02   0.248325E+02   0.224754E+00   0.121843E-01   0.181551E-02   0.362875E-03   0.961971E-03   0.320198E+02
   0.400525E+02   0.382785E+02   0.241848E+02   0.228443E+00   0.154447E-01   0.206300E-03   0.537463E-02   0.961971E-03   0.314892E+02
   0.400525E+02   0.382489E+02   0.241848E+02   0.236564E+00   0.152078E-01   0.206300E-03   0.537463E-02   0.438676E-03   0.314728E+02
   0.400525E+02   0.371067E+02   0.257499E+02   0.243467E+00   0.152078E-01   0.206300E-03   0.537463E-02   0.474835E-02   0.270634E+02
   0.400525E+02   0.371067E+02   0.253186E+02   0.241869E+00   0.193033E-01   0.330496E-02   0.165330E-01   0.474835E-02   0.263063E+02
   0.400525E+02   0.366394E+02   0.253186E+02   0.243854E+00   0.113535E-01   0.330496E-02   0.130626E-01   0.420139E-02   0.260630E+02
   0.400525E+02   0.366394E+02   0.253186E+02   0.247796E+00   0.694756E-02   0.330496E-02   0.410831E-02   0.420139E-02   0.267848E+02
   0.400525E+02   0.366394E+02   0.241484E+02   0.246196E+00   0.694756E-02   0.952954E-04   0.410831E-02   0.602206E-02   0.276739E+02
   0.400525E+02   0.366394E+02   0.241484E+02   0.230178E+00   0.645459E-02   0.952954E-04   0.410831E-02   0.683780E-02   0.285984E+02
   0.400525E+02   0.366394E+02   0.244708E+02   0.230198E+00   0.645459E-02   0.952954E-04   0.920336E-02   0.667495E-02   0.283893E+02
   0.400525E+02   0.391896E+02   0.253392E+02   0.229888E+00   0.117969E-02   0.952954E-04   0.748087E-02   0.172609E-02   0.327604E+02
   0.400525E+02   0.391896E+02   0.241035E+02   0.233530E+00   0.186548E-02   0.952954E-04   0.748087E-02   0.172609E-02   0.330797E+02
   0.400525E+02   0.399242E+02   0.251064E+02   0.236989E+00   0.186548E-02   0.521735E-02   0.748087E-02   0.172609E-02   0.322443E+02
   0.400525E+02   0.374793E+02   0.251064E+02   0.232987E+00   0.186548E-02   0.521735E-02   0.874645E-02   0.589914E-03   0.306944E+02
   0.401698E+02   0.399618E+02   0.251064E+02   0.223666E+00   0.359801E-02   0.521735E-02   0.874645E-02   0.402808E-02   0.311734E+02
   0.401698E+02   0.399172E+02   0.251064E+02   0.223666E+00   0.231029E-02   0.698518E-02   0.531685E-02   0.874305E-04   0.318830E+02
   0.401698E+02   0.399172E+02   0.254622E+02   0.231655E+00   0.482624E-02   0.125143E-01   0.118030E-01   0.874305E-04   0.304380E+02
   0.401698E+02   0.399172E+02   0.238952E+02   0.238928E+00   0.482624E-02   0.996409E-02   0.118030E-01   0.874305E-04   0.304742E+02
   0.396038E+02   0.399172E+02   0.238952E+02   0.238928E+00   0.238144E-04   0.279287E-02   0.116203E-01   0.874305E-04   0.317329E+02
   0.396038E+02   0.399172E+02   0.238952E+02   0.238717E+00   0.238144E-04   0.444613E-02   0.116203E-01   0.874305E-04   0.315877E+02
   0.396038E+02   0.399172E+02   0.243600E+02   0.239767E+00   0.238144E-04   0.444613E-02   0.164948E-01   0.874305E-04   0.317183E+02
   0.396038E+02   0.390788E+02   0.243600E+02   0.245413E+00   0.238144E-04   0.535710E-02   0.164948E-01   0.342671E-02   0.305162E+02
   0.396170E+02   0.385710E+02   0.243600E+02   0.245413E+00   0.238144E-04   0.535710E-02   0.176663E-01   0.671148E-02   0.298596E+02
   0.396170E+02   0.383952E+02   0.246164E+02   0.240807E+00   0.238144E-04   0.535710E-02   0.132515E-01   0.553294E-03   0.315676E+02
   0.399184E+02   0.403606E+02   0.246164E+02   0.240414E+00   0.123445E-02   0.200952E-01   0.187958E-01   0.738516E-03   0.296887E+02
   0.399184E+02   0.403606E+02   0.243469E+02   0.238557E+00   0.471368E-03   0.120164E-01   0.277324E-01   0.213117E-02   0.296453E+02
   0.394377E+02   0.403606E+02   0.243469E+02   0.240450E+00   0.471368E-03   0.694397E-03   0.104545E-01   0.213117E-02   0.317462E+02
   0.394377E+02   0.403606E+02   0.243469E+02   0.235566E+00   0.258039E-02   0.694397E-03   0.127085E-01   0.271151E-02   0.316689E+02
   0.394377E+02   0.386559E+02   0.243469E+02   0.240587E+00   0.258039E-02   0.694397E-03   0.127085E-01   0.271151E-02   0.313718E+02
   0.399550E+02   0.386559E+02   0.243469E+02   0.240587E+00   0.315404E-02   0.232067E-02   0.127085E-01   0.271151E-02   0.317084E+02
   0.399550E+02   0.406270E+02   0.243469E+02   0.240587E+00   0.179506E-02   0.232067E-02   0.103963E-01   0.271151E-02   0.316748E+02
   0.395035E+02   0.404985E+02   0.244294E+02   0.243906E+00   0.179506E-02   0.232067E-02   0.134149E-01   0.271151E-02   0.306958E+02
   0.395035E+02   0.398886E+02   0.244384E+02   0.243074E+00   0.114897E-02   0.172019E-02   0.162000E-01   0.271151E-02   0.310659E+02
   0.398985E+02   0.385100E+02   0.250415E+02   0.241667E+00   0.114897E-02   0.476868E-03   0.152246E-01   0.271151E-02   0.313303E+02
   0.398985E+02   0.388196E+02   0.250415E+02   0.249443E+00   0.308106E-02   0.760392E-03   0.399669E-02   0.271151E-02   0.310114E+02
   0.404718E+02   0.388196E+02   0.250415E+02   0.253848E+00   0.292237E-02   0.467781E-02   0.532685E-02   0.991947E-02   0.277869E+02
   0.404718E+02   0.388421E+02   0.250415E+02   0.252307E+00   0.292237E-02   0.467781E-02   0.456504E-02   0.711640E-02   0.285478E+02
   0.404718E+02   0.388421E+02   0.250415E+02   0.252307E+00   0.292237E-02   0.461209E-02   0.809110E-02   0.125526E-01   0.276582E+02
   0.404718E+02   0.388421E+02   0.243683E+02   0.252307E+00   0.292237E-02   0.461209E-02   0.839880E-02   0.159958E-01   0.275605E+02
   0.404718E+02   0.388421E+02   0.241959E+02   0.252307E+00   0.327806E-02   0.461209E-02   0.381096E-03   0.112086E-01   0.286591E+02
   0.404718E+02   0.388421E+02   0.241959E+02   0.247009E+00   0.327806E-02   0.461209E-02   0.381096E-03   0.135334E-01   0.296051E+02
   0.404718E+02   0.388421E+02   0.241959E+02   0.247841E+00   0.327806E-02   0.461209E-02   0.381096E-03   0.923173E-02   0.298702E+02
   0.404718E+02   0.388421E+02   0.245966E+02   0.242072E+00   0.327806E-02   0.564277E-02   0.504502E-03   0.588162E-02   0.312854E+02
   0.392696E+02   0.388421E+02   0.245966E+02   0.237559E+00   0.824238E-03   0.564277E-02   0.504502E-03   0.406300E-02   0.320616E+02
   0.399683E+02   0.388421E+02   0.245966E+02   0.237559E+00   0.824238E-03   0.916508E-02   0.504502E-03   0.406300E-02   0.328546E+02
   0.399298E+02   0.388421E+02   0.245966E+02   0.228088E+00   0.824238E-03   0.916508E-02   0.637920E-02   0.262847E-02   0.326022E+02
   0.399298E+02   0.388421E+02   0.245966E+02   0.223486E+00   0.215971E-02   0.230446E-01   0.195777E-02   0.262847E-02   0.310918E+02
   0.399298E+02   0.400245E+02   0.245966E+02   0.223486E+00   0.281244E-02   0.168141E-01   0.195777E-02   0.262847E-02   0.316189E+02
   0.399298E+02   0.382297E+02   0.245966E+02   0.230211E+00   0.569161E-02   0.159350E-01   0.195777E-02   0.262847E-02   0.314467E+02
   0.399298E+02   0.382297E+02   0.245966E+02   0.234223E+00   0.569161E-02   0.159350E-01   0.195777E-02   0.262847E-02   0.314213E+02
   0.400107E+02   0.419862E+02   0.245966E+02   0.234223E+00   0.569161E-02   0.239380E-02   0.195777E-02   0.262847E-02   0.305773E+02
   0.400107E+02   0.413041E+02   0.250026E+02   0.251605E+00   0.278045E-02   0.239380E-02   0.195777E-02   0.262847E-02   0.293780E+02
   0.400107E+02   0.413041E+02   0.250026E+02   0.251605E+00   0.459756E-02   0.239380E-02   0.195777E-02   0.546525E-02   0.289126E+02
   0.400107E+02   0.388076E+02   0.250026E+02   0.251081E+00   0.459756E-02   0.356422E-02   0.195777E-02   0.141273E-01   0.292330E+02
   0.400107E+02   0.388076E+02   0.250026E+02   0.251081E+00   0.459756E-02   0.620467E-02   0.783136E-02   0.144388E-01   0.283504E+02
   0.400107E+02   0.388076E+02   0.250026E+02   0.238071E+00   0.843047E-03   0.109805E-01   0.171696E-01   0.164084E-01   0.293368E+02
   0.400107E+02   0.409496E+02   0.250026E+02   0.237982E+00   0.231090E-02   0.136329E-01   0.831195E-02   0.164084E-01   0.289888E+02
   0.400107E+02   0.409496E+02   0.252293E+02   0.237982E+00   0.231090E-02   0.136329E-01   0.831195E-02   0.207483E-01   0.282997E+02
   0.400107E+02   0.409496E+02   0.243490E+02   0.239459E+00   0.231090E-02   0.136329E-01   0.831195E-02   0.162878E-01   0.290778E+02
   0.400107E+02   0.400325E+02   0.243490E+02   0.238878E+00   0.231090E-02   0.868777E-02   0.271357E-01   0.629839E-02   0.295790E+02
   0.400107E+02   0.400325E+02   0.243490E+02   0.238878E+00   0.231090E-02   0.374069E-02   0.276849E-01   0.414885E-02   0.302338E+02
   0.400107E+02   0.403741E+02   0.241421E+02   0.229398E+00   0.231090E-02   0.422452E-02   0.255231E-01   0.120435E-01   0.294423E+02
   0.400107E+02   0.403741E+02   0.241421E+02   0.233494E+00   0.206902E-02   0.422452E-02   0.288158E-01   0.120435E-01   0.291662E+02
   0.400107E+02   0.403741E+02   0.241421E+02   0.229977E+00   0.489060E-02   0.422452E-02   0.359952E-01   0.105171E-01   0.283098E+02
   0.398363E+02   0.403741E+02   0.250105E+02   0.229977E+00   0.489060E-02   0.566287E-02   0.364690E-01   0.132970E-01   0.279187E+02
   0.398363E+02   0.403741E+02   0.252006E+02   0.245502E+00   0.489060E-02   0.566287E-02   0.364690E-01   0.224836E-01   0.255290E+02
   0.398363E+02   0.391752E+02   0.252006E+02   0.232601E+00   0.541273E-02   0.584244E-02   0.264616E-01   0.273020E-01   0.276227E+02
   0.398363E+02   0.381511E+02   0.250744E+02   0.232601E+00   0.541273E-02   0.807337E-02   0.274837E-01   0.273020E-01   0.267237E+02
   0.398363E+02   0.399947E+02   0.250744E+02   0.229997E+00   0.714988E-02   0.109451E-01   0.354165E-01   0.273020E-01   0.260696E+02
   0.398363E+02   0.378632E+02   0.235954E+02   0.229997E+00   0.567346E-03   0.109451E-01   0.272644E-01   0.830752E-02   0.270361E+02
   0.398363E+02   0.378025E+02   0.235954E+02   0.229997E+00   0.567346E-03   0.109451E-01   0.294709E-01   0.492530E-03   0.275005E+02
   0.398363E+02   0.378025E+02   0.235954E+02   0.229997E+00   0.206679E-02   0.109451E-01   0.263926E-01   0.492530E-03   0.276584E+02
   0.398363E+02   0.394336E+02   0.238854E+02   0.221957E+00   0.206679E-02   0.112267E-01   0.183390E-01   0.492530E-03   0.298191E+02
   0.397298E+02   0.394946E+02   0.238854E+02   0.221957E+00   0.206679E-02   0.112267E-01   0.745372E-02   0.855241E-02   0.300124E+02
   0.397298E+02   0.394946E+02   0.238854E+02   0.221957E+00   0.102137E-01   0.874124E-02   0.745372E-02   0.816020E-03   0.302199E+02
   0.395386E+02   0.399839E+02   0.238854E+02   0.220815E+00   0.783639E-02   0.617791E-02   0.705319E-03   0.586327E-02   0.302103E+02
   0.395386E+02   0.399839E+02   0.238854E+02   0.234091E+00   0.129002E-01   0.617791E-02   0.556676E-02   0.125168E-01   0.295999E+02
   0.395386E+02   0.399839E+02   0.238295E+02   0.235051E+00   0.129002E-01   0.617791E-02   0.119559E-02   0.125828E-01   0.298236E+02
   0.395386E+02   0.399839E+02   0.238295E+02   0.224986E+00   0.127771E-01   0.124994E-01   0.119559E-02   0.118253E-01   0.289062E+02
   0.396525E+02   0.399839E+02   0.238295E+02   0.224986E+00   0.127771E-01   0.124994E-01   0.119559E-02   0.986306E-02   0.292963E+02
   0.396525E+02   0.399839E+02   0.248622E+02   0.221111E+00   0.127771E-01   0.122622E-01   0.119559E-02   0.428827E-04   0.306267E+02
   0.395257E+02   0.399839E+02   0.248622E+02   0.230737E+00   0.121846E-01   0.122622E-01   0.876274E-02   0.334202E-03   0.306193E+02
   0.395257E+02   0.388280E+02   0.257121E+02   0.245481E+00   0.121846E-01   0.122622E-01   0.876274E-02   0.334202E-03   0.281014E+02
   0.396532E+02   0.388280E+02   0.257121E+02   0.245481E+00   0.374030E-02   0.931155E-02   0.106506E-01   0.334202E-03   0.292377E+02
   0.396532E+02   0.391704E+02   0.257140E+02   0.245327E+00   0.100308E-01   0.307390E-02   0.106506E-01   0.228031E-02   0.291906E+02
   0.396532E+02   0.391704E+02   0.253000E+02   0.236563E+00   0.686184E-02   0.307390E-02   0.106506E-01   0.228031E-02   0.313675E+02
   0.396532E+02   0.391704E+02   0.253000E+02   0.213924E+00   0.713009E-02   0.554310E-02   0.106506E-01   0.102669E-01   0.276201E+02
   0.396532E+02   0.391704E+02   0.253000E+02   0.213924E+00   0.713009E-02   0.554310E-02   0.106506E-01   0.102669E-01   0.276201E+02
   0.396532E+02   0.414629E+02   0.253000E+02   0.214558E+00   0.124879E-01   0.640658E-02   0.784423E-02   0.120012E-01   0.252896E+02
   0.396532E+02   0.389881E+02   0.253000E+02   0.213176E+00   0.124879E-01   0.565051E-02   0.137911E-01   0.120012E-01   0.262573E+02
   0.396532E+02   0.404850E+02   0.253000E+02   0.221795E+00   0.108202E-01   0.745745E-02   0.166348E-01   0.956724E-02   0.280198E+02
   0.396532E+02   0.388216E+02   0.253000E+02   0.221795E+00   0.603011E-02   0.100059E-01   0.309769E-02   0.956724E-02   0.299403E+02
   0.396532E+02   0.388216E+02   0.247072E+02   0.221795E+00   0.603011E-02   0.100059E-01   0.115972E-02   0.956724E-02   0.309181E+02
   0.396532E+02   0.388216E+02   0.251248E+02   0.221795E+00   0.178962E-02   0.100059E-01   0.115972E-02   0.351625E-02   0.314520E+02
   0.403062E+02   0.382458E+02   0.251248E+02   0.230797E+00   0.178962E-02   0.105323E-01   0.133384E-01   0.351625E-02   0.301312E+02
   0.403062E+02   0.382458E+02   0.251248E+02   0.230797E+00   0.178962E-02   0.576448E-02   0.556982E-02   0.197147E-02   0.315393E+02
   0.403062E+02   0.382458E+02   0.251248E+02   0.230797E+00   0.178962E-02   0.644555E-03   0.556982E-02   0.858273E-02   0.313901E+02
   0.403062E+02   0.389279E+02   0.257534E+02   0.230797E+00   0.178962E-02   0.372721E-02   0.556982E-02   0.858273E-02   0.303761E+02
   0.403062E+02   0.378657E+02   0.257534E+02   0.230797E+00   0.178962E-02   0.372721E-02   0.556982E-02   0.769552E-02   0.293890E+02
   0.403062E+02   0.378657E+02   0.245910E+02   0.228557E+00   0.243511E-02   0.207116E-02   0.556982E-02   0.769552E-02   0.311586E+02
   0.403062E+02   0.378657E+02   0.240462E+02   0.228557E+00   0.243511E-02   0.207116E-02   0.556982E-02   0.204042E-02   0.312261E+02
   0.405178E+02   0.394865E+02   0.240462E+02   0.228557E+00   0.464874E-02   0.207116E-02   0.119294E-02   0.966987E-02   0.310882E+02
   0.397719E+02   0.394865E+02   0.244352E+02   0.228557E+00   0.315015E-02   0.207116E-02   0.647743E-02   0.114822E-01   0.322777E+02
   0.397719E+02   0.416380E+02   0.244352E+02   0.228557E+00   0.315015E-02   0.214618E-02   0.647743E-02   0.660517E-02   0.305535E+02
   0.397719E+02   0.411205E+02   0.246449E+02   0.228557E+00   0.315015E-02   0.214618E-02   0.647743E-02   0.249264E-02   0.318841E+02
   0.396356E+02   0.411205E+02   0.248331E+02   0.234222E+00   0.315015E-02   0.330611E-02   0.100064E-01   0.249264E-02   0.312794E+02
   0.396356E+02   0.384480E+02   0.248331E+02   0.229687E+00   0.574609E-02   0.330611E-02   0.501871E-03   0.249264E-02   0.327883E+02
   0.396356E+02   0.408446E+02   0.248331E+02   0.229687E+00   0.574609E-02   0.330611E-02   0.864251E-02   0.313018E-02   0.314488E+02
   0.397942E+02   0.401542E+02   0.248331E+02   0.229687E+00   0.826199E-02   0.330611E-02   0.564470E-02   0.313018E-02   0.323133E+02
   0.398737E+02   0.401542E+02   0.248331E+02   0.229687E+00   0.302562E-02   0.330611E-02   0.116541E-01   0.331350E-02   0.322487E+02
   0.400430E+02   0.401542E+02   0.248331E+02   0.231905E+00   0.103088E-01   0.330611E-02   0.648765E-02   0.331350E-02   0.319734E+02
   0.400430E+02   0.409856E+02   0.246813E+02   0.237210E+00   0.834862E-02   0.330611E-02   0.417147E-02   0.221837E-02   0.315359E+02
   0.400430E+02   0.393615E+02   0.246813E+02   0.237210E+00   0.116555E-01   0.330611E-02   0.417147E-02   0.221837E-02   0.322665E+02
   0.400430E+02   0.393615E+02   0.251221E+02   0.235826E+00   0.116555E-01   0.289989E-02   0.417147E-02   0.221837E-02   0.319683E+02
   0.400430E+02   0.393615E+02   0.251221E+02   0.235826E+00   0.110259E-01   0.688976E-02   0.417147E-02   0.221837E-02   0.316322E+02
   0.400430E+02   0.393615E+02   0.251221E+02   0.235826E+00   0.491856E-02   0.492689E-02   0.685164E-02   0.221837E-02   0.321712E+02
   0.400430E+02   0.393615E+02   0.251221E+02   0.228804E+00   0.373977E-02   0.722285E-02   0.257819E-02   0.673626E-03   0.326990E+02
   0.400430E+02   0.393615E+02   0.251221E+02   0.236522E+00   0.259397E-02   0.722285E-02   0.257819E-02   0.673626E-03   0.327107E+02
   0.400430E+02   0.393615E+02   0.240322E+02   0.239677E+00   0.112559E-01   0.109547E-01   0.257819E-02   0.673626E-03   0.311069E+02
   0.400430E+02   0.393615E+02   0.240322E+02   0.242718E+00   0.160050E-01   0.109547E-01   0.424549E-02   0.673626E-03   0.300676E+02
   0.403218E+02   0.393615E+02   0.244552E+02   0.242718E+00   0.974991E-02   0.109547E-01   0.409526E-03   0.673626E-03   0.310855E+02
   0.399588E+02   0.393979E+02   0.244552E+02   0.242718E+00   0.119705E-01   0.109547E-01   0.188235E-02   0.673626E-03   0.312550E+02
   0.399588E+02   0.393979E+02   0.244552E+02   0.240169E+00   0.125667E-01   0.836229E-02   0.188235E-02   0.673626E-03   0.318075E+02
   0.400188E+02   0.393979E+02   0.245942E+02   0.240169E+00   0.887894E-02   0.836229E-02   0.188235E-02   0.673626E-03   0.321476E+02
   0.400188E+02   0.393979E+02   0.245942E+02   0.240169E+00   0.962108E-02   0.836229E-02   0.188235E-02   0.673626E-03   0.320734E+02
   0.397236E+02   0.394924E+02   0.245942E+02   0.229797E+00   0.962108E-02   0.836229E-02   0.188235E-02   0.673626E-03   0.325700E+02
   0.397236E+02   0.394924E+02   0.241631E+02   0.239368E+00   0.137097E-01   0.377392E-02   0.188235E-02   0.673626E-03   0.318866E+02
   0.406792E+02   0.395144E+02   0.248021E+02   0.239772E+00   0.858210E-02   0.870486E-02   0.188235E-02   0.914345E-02   0.294789E+02
   0.391611E+02   0.394000E+02   0.245881E+02   0.245088E+00   0.198457E-02   0.454572E-02   0.188235E-02   0.914345E-02   0.301732E+02
   0.391611E+02   0.394000E+02   0.245881E+02   0.245088E+00   0.239160E-02   0.292898E-02   0.188235E-02   0.676634E-02   0.305318E+02
   0.391611E+02   0.394000E+02   0.255972E+02   0.243588E+00   0.376926E-02   0.292898E-02   0.188235E-02   0.722503E-02   0.293992E+02
   0.394106E+02   0.399907E+02   0.255972E+02   0.243588E+00   0.376926E-02   0.217173E-02   0.188235E-02   0.722503E-02   0.302392E+02
   0.394106E+02   0.399907E+02   0.255972E+02   0.243588E+00   0.656746E-02   0.217173E-02   0.188235E-02   0.722503E-02   0.299594E+02
   0.394106E+02   0.399907E+02   0.253353E+02   0.243588E+00   0.152300E-01   0.441632E-02   0.860918E-02   0.722503E-02   0.286741E+02
   0.394106E+02   0.399907E+02   0.253353E+02   0.242312E+00   0.168719E-01   0.441632E-02   0.902073E-02   0.619545E-03   0.293144E+02
   0.395344E+02   0.382267E+02   0.253353E+02   0.242312E+00   0.135019E-01   0.123325E-01   0.902073E-02   0.619545E-03   0.286550E+02
   0.395344E+02   0.382267E+02   0.253353E+02   0.226621E+00   0.778679E-02   0.123325E-01   0.167198E-01   0.132373E-02   0.288077E+02
   0.395344E+02   0.392485E+02   0.253353E+02   0.226621E+00   0.778679E-02   0.182869E-01   0.560684E-02   0.196997E-02   0.299687E+02
   0.395344E+02   0.392485E+02   0.253353E+02   0.236328E+00   0.123584E-01   0.263835E-02   0.700071E-02   0.233693E-01   0.288993E+02
   0.395186E+02   0.374086E+02   0.258564E+02   0.236328E+00   0.123584E-01   0.144740E-01   0.891252E-02   0.811784E-02   0.258533E+02
   0.395186E+02   0.374086E+02   0.258564E+02   0.237260E+00   0.240314E-01   0.140451E-01   0.891252E-02   0.811784E-02   0.246898E+02
   0.395186E+02   0.374086E+02   0.258564E+02   0.227497E+00   0.230440E-01   0.186711E-02   0.742351E-02   0.341360E-02   0.263834E+02
   0.395186E+02   0.415238E+02   0.258564E+02   0.227497E+00   0.191173E-01   0.186711E-02   0.152256E-01   0.341360E-02   0.262620E+02
   0.404601E+02   0.415238E+02   0.258564E+02   0.227001E+00   0.197558E-01   0.186711E-02   0.308363E-01   0.149876E-02   0.240417E+02
   0.404601E+02   0.415238E+02   0.253776E+02   0.227353E+00   0.208227E-01   0.186711E-02   0.308363E-01   0.149876E-02   0.251476E+02
   0.404601E+02   0.415238E+02   0.253776E+02   0.227353E+00   0.236366E-01   0.186711E-02   0.308393E-01   0.221872E-01   0.227970E+02
   0.404601E+02   0.415238E+02   0.245699E+02   0.227353E+00   0.160816E-01   0.186711E-02   0.293559E-01   0.163322E-01   0.251088E+02
   0.404601E+02   0.399049E+02   0.245699E+02   0.227353E+00   0.128578E-01   0.186711E-02   0.284237E-01   0.292652E-02   0.287846E+02
   0.404601E+02   0.399049E+02   0.245699E+02   0.226588E+00   0.127832E-01   0.186711E-02   0.290812E-01   0.338373E-02   0.286176E+02
   0.398951E+02   0.399049E+02   0.247828E+02   0.226588E+00   0.146865E-01   0.186711E-02   0.309166E-01   0.338373E-02   0.292984E+02
   0.398951E+02   0.399049E+02   0.247828E+02   0.233237E+00   0.155837E-01   0.186711E-02   0.309166E-01   0.338373E-02   0.293791E+02
   0.403727E+02   0.388455E+02   0.247828E+02   0.240766E+00   0.124217E-01   0.149023E-02   0.378002E-01   0.338373E-02   0.277354E+02
   0.397291E+02   0.388455E+02   0.247828E+02   0.240766E+00   0.700762E-02   0.149023E-02   0.226741E-01   0.725153E-03   0.306588E+02
   0.397291E+02   0.399280E+02   0.243026E+02   0.240645E+00   0.700762E-02   0.149023E-02   0.373348E-01   0.725153E-03   0.291542E+02
   0.397291E+02   0.399280E+02   0.243026E+02   0.240645E+00   0.700762E-02   0.149023E-02   0.374718E-01   0.725153E-03   0.291405E+02
   0.397291E+02   0.399280E+02   0.243026E+02   0.232143E+00   0.858331E-03   0.743024E-02   0.374718E-01   0.725153E-03   0.297467E+02
   0.396248E+02   0.399280E+02   0.247246E+02   0.240932E+00   0.894240E-02   0.743024E-02   0.374718E-01   0.725153E-03   0.283234E+02
   0.396248E+02   0.403371E+02   0.247246E+02   0.240851E+00   0.680510E-03   0.939593E-02   0.279046E-01   0.725153E-03   0.296766E+02
   0.396248E+02   0.403371E+02   0.247246E+02   0.242632E+00   0.680510E-03   0.784027E-02   0.279046E-01   0.725153E-03   0.295866E+02
   0.401984E+02   0.403371E+02   0.247246E+02   0.244330E+00   0.680510E-03   0.253113E-02   0.296359E-01   0.778845E-02   0.288377E+02
   0.401984E+02   0.401821E+02   0.249335E+02   0.244330E+00   0.240865E-02   0.253113E-02   0.252980E-01   0.133762E-01   0.284162E+02
   0.389975E+02   0.401821E+02   0.249335E+02   0.245067E+00   0.932683E-02   0.253113E-02   0.240103E-01   0.133762E-01   0.257402E+02
   0.400412E+02   0.401821E+02   0.250501E+02   0.231924E+00   0.932683E-02   0.897712E-03   0.240103E-01   0.863880E-02   0.297087E+02
   0.400412E+02   0.401821E+02   0.250501E+02   0.235864E+00   0.115823E-01   0.897712E-03   0.202518E-01   0.863880E-02   0.297385E+02
   0.400412E+02   0.412606E+02   0.256550E+02   0.235864E+00   0.947263E-02   0.876640E-02   0.227721E-01   0.863880E-02   0.267645E+02
   0.400412E+02   0.414513E+02   0.242503E+02   0.239796E+00   0.841474E-02   0.479543E-02   0.230594E-01   0.235504E-01   0.262780E+02
   0.400412E+02   0.417779E+02   0.249545E+02   0.225926E+00   0.841474E-02   0.479543E-02   0.230594E-01   0.124489E-01   0.266969E+02
   0.400412E+02   0.389856E+02   0.253065E+02   0.225926E+00   0.215739E-01   0.680594E-02   0.230594E-01   0.124489E-01   0.271512E+02
   0.397314E+02   0.389856E+02   0.242208E+02   0.223427E+00   0.109760E-01   0.680594E-02   0.290205E-01   0.705662E-02   0.284262E+02
   0.397314E+02   0.389856E+02   0.242208E+02   0.240502E+00   0.291295E-02   0.190435E-02   0.371823E-01   0.556675E-02   0.290367E+02
   0.397314E+02   0.399488E+02   0.242104E+02   0.240502E+00   0.291295E-02   0.190435E-02   0.949662E-02   0.604490E-02   0.316863E+02
   0.397314E+02   0.399488E+02   0.253876E+02   0.240502E+00   0.291295E-02   0.190435E-02   0.798150E-02   0.415310E-02   0.314597E+02
   0.397314E+02   0.399488E+02   0.253876E+02   0.240502E+00   0.265673E-02   0.190435E-02   0.798150E-02   0.415310E-02   0.314853E+02
   0.395788E+02   0.419589E+02   0.253876E+02   0.240502E+00   0.265673E-02   0.190435E-02   0.798150E-02   0.415310E-02   0.289320E+02
   0.395788E+02   0.419589E+02   0.253876E+02   0.232847E+00   0.265673E-02   0.190435E-02   0.798150E-02   0.415310E-02   0.292768E+02
   0.395788E+02   0.419589E+02   0.253876E+02   0.230025E+00   0.265673E-02   0.463793E-02   0.798150E-02   0.298629E-02   0.290282E+02
   0.395788E+02   0.419589E+02   0.253876E+02   0.230025E+00   0.727654E-02   0.463793E-02   0.798150E-02   0.394288E-02   0.284705E+02
   0.398407E+02   0.419589E+02   0.253876E+02   0.230025E+00   0.214012E-01   0.463793E-02   0.161693E-01   0.394288E-02   0.264879E+02
   0.398407E+02   0.419589E+02   0.253876E+02   0.248345E+00   0.223152E-01   0.463793E-02   0.132595E-01   0.394288E-02   0.252528E+02
   0.399103E+02   0.419589E+02   0.253876E+02   0.232977E+00   0.223152E-01   0.463793E-02   0.132595E-01   0.101746E-01   0.261525E+02
   0.399103E+02   0.419589E+02   0.253876E+02   0.232977E+00   0.223152E-01   0.495613E-02   0.710646E-02   0.101746E-01   0.267359E+02
   0.399408E+02   0.382863E+02   0.258263E+02   0.228103E+00   0.863093E-02   0.495613E-02   0.249429E-02   0.101746E-01   0.293988E+02
   0.399408E+02   0.382863E+02   0.258263E+02   0.232650E+00   0.734132E-02   0.495613E-02   0.249429E-02   0.101746E-01   0.297037E+02
   0.399389E+02   0.409616E+02   0.258263E+02   0.232650E+00   0.838324E-02   0.341014E-02   0.249429E-02   0.101746E-01   0.293767E+02
   0.399389E+02   0.409616E+02   0.258263E+02   0.240535E+00   0.106761E-01   0.341014E-02   0.249429E-02   0.569540E-02   0.291937E+02
   0.399389E+02   0.398413E+02   0.252249E+02   0.227251E+00   0.120867E-01   0.341014E-02   0.249429E-02   0.569540E-02   0.315148E+02
   0.399389E+02   0.376942E+02   0.252249E+02   0.242109E+00   0.120867E-01   0.121455E-02   0.249429E-02   0.569540E-02   0.298627E+02
   0.399389E+02   0.384780E+02   0.252249E+02   0.242109E+00   0.254077E-01   0.121455E-02   0.249429E-02   0.635527E-02   0.294363E+02
   0.399389E+02   0.384780E+02   0.249614E+02   0.242109E+00   0.312587E-01   0.121455E-02   0.249429E-02   0.467326E-02   0.292966E+02
   0.399389E+02   0.384780E+02   0.249614E+02   0.248531E+00   0.204939E-01   0.121455E-02   0.249429E-02   0.467326E-02   0.292209E+02
   0.399389E+02   0.402450E+02   0.249614E+02   0.245778E+00   0.204939E-01   0.121455E-02   0.249429E-02   0.467326E-02   0.298634E+02
   0.399389E+02   0.394111E+02   0.250700E+02   0.245778E+00   0.204939E-01   0.121455E-02   0.151447E-02   0.467326E-02   0.301476E+02
   0.399389E+02   0.390654E+02   0.240170E+02   0.254923E+00   0.205022E-01   0.121455E-02   0.367356E-02   0.277366E-02   0.277901E+02
   0.399389E+02   0.390654E+02   0.240170E+02   0.254923E+00   0.109588E-01   0.538694E-02   0.367356E-02   0.277366E-02   0.283272E+02
   0.399389E+02   0.390654E+02   0.240170E+02   0.238646E+00   0.128865E-01   0.538694E-02   0.367356E-02   0.277366E-02   0.313027E+02
   0.399389E+02   0.391209E+02   0.249289E+02   0.239907E+00   0.128865E-01   0.197805E-01   0.367356E-02   0.277366E-02   0.299972E+02
   0.399389E+02   0.391209E+02   0.241303E+02   0.233255E+00   0.290647E-02   0.197342E-01   0.160903E-01   0.132537E-01   0.291301E+02
   0.399389E+02   0.391209E+02   0.241303E+02   0.239313E+00   0.290647E-02   0.102378E-01   0.160903E-01   0.132537E-01   0.296717E+02
   0.404087E+02   0.391209E+02   0.242190E+02   0.239313E+00   0.290647E-02   0.106731E-01   0.445696E-03   0.274822E-01   0.290905E+02
   0.397414E+02   0.391209E+02   0.242190E+02   0.239313E+00   0.145514E-02   0.106731E-01   0.445696E-03   0.274822E-01   0.299743E+02
   0.397414E+02   0.391209E+02   0.240781E+02   0.239313E+00   0.999683E-03   0.106731E-01   0.445696E-03   0.287587E-01   0.296835E+02
   0.397593E+02   0.391209E+02   0.240781E+02   0.239313E+00   0.999683E-03   0.170628E-01   0.445696E-03   0.132365E-01   0.306149E+02
   0.397593E+02   0.391209E+02   0.240781E+02   0.239313E+00   0.999683E-03   0.170628E-01   0.445696E-03   0.132365E-01   0.306149E+02
   0.404061E+02   0.399559E+02   0.240781E+02   0.239313E+00   0.999683E-03   0.131994E-01   0.445696E-03   0.479528E-02   0.309524E+02
   0.404517E+02   0.400061E+02   0.240781E+02   0.235654E+00   0.999683E-03   0.497616E-02   0.329643E-02   0.782964E-02   0.313015E+02
   0.404517E+02   0.400061E+02   0.240781E+02   0.239201E+00   0.999683E-03   0.999495E-02   0.329643E-02   0.782964E-02   0.305394E+02
   0.404517E+02   0.400061E+02   0.244687E+02   0.239201E+00   0.999683E-03   0.685777E-02   0.329643E-02   0.782964E-02   0.312613E+02
   0.399166E+02   0.400061E+02   0.247815E+02   0.226660E+00   0.999683E-03   0.858030E-03   0.149145E-02   0.429095E-02   0.335662E+02
   0.397796E+02   0.402046E+02   0.242420E+02   0.237605E+00   0.999683E-03   0.858030E-03   0.127367E-01   0.263470E-02   0.322343E+02
   0.397796E+02   0.402046E+02   0.242420E+02   0.237605E+00   0.999683E-03   0.858030E-03   0.104837E-01   0.299091E-02   0.324240E+02
   0.397796E+02   0.402046E+02   0.250582E+02   0.240396E+00   0.999683E-03   0.858030E-03   0.104837E-01   0.299091E-02   0.319644E+02
   0.397796E+02   0.402046E+02   0.250582E+02   0.240479E+00   0.999683E-03   0.858030E-03   0.104949E-01   0.151396E-02   0.321010E+02
   0.397796E+02   0.389335E+02   0.250582E+02   0.237578E+00   0.138138E-02   0.858030E-03   0.104949E-01   0.151396E-02   0.325144E+02
   0.397796E+02   0.389335E+02   0.250582E+02   0.237578E+00   0.741130E-03   0.806804E-02   0.977867E-02   0.151396E-02   0.319291E+02
   0.397796E+02   0.405249E+02   0.242210E+02   0.234455E+00   0.169187E-02   0.535850E-03   0.903723E-02   0.151396E-02   0.325888E+02
   0.397796E+02   0.390448E+02   0.242210E+02   0.234455E+00   0.169187E-02   0.535850E-03   0.815697E-02   0.151396E-02   0.331732E+02
   0.391547E+02   0.390448E+02   0.242210E+02   0.234455E+00   0.151420E-01   0.535850E-03   0.815697E-02   0.151396E-02   0.301599E+02
   0.392025E+02   0.390448E+02   0.242210E+02   0.225248E+00   0.486344E-02   0.637384E-03   0.815697E-02   0.151396E-02   0.310324E+02
   0.392025E+02   0.390448E+02   0.242210E+02   0.225248E+00   0.147704E-01   0.637384E-03   0.873699E-02   0.469947E-03   0.300881E+02
   0.392025E+02   0.390448E+02   0.242210E+02   0.232087E+00   0.147704E-01   0.102692E-01   0.191956E-01   0.469947E-03   0.284901E+02
   0.392025E+02   0.402586E+02   0.242210E+02   0.232087E+00   0.102751E-01   0.102692E-01   0.191956E-01   0.469947E-03   0.286804E+02
   0.405242E+02   0.402586E+02   0.242210E+02   0.232087E+00   0.883072E-02   0.160355E-02   0.197567E-01   0.469947E-03   0.298344E+02
   0.391201E+02   0.402586E+02   0.247980E+02   0.232087E+00   0.883072E-02   0.160355E-02   0.167491E-01   0.760316E-02   0.290017E+02
   0.391415E+02   0.402586E+02   0.247980E+02   0.232087E+00   0.783155E-02   0.168950E-01   0.609835E-02   0.760316E-02   0.287405E+02
   0.391415E+02   0.402586E+02   0.247980E+02   0.232087E+00   0.799706E-02   0.904002E-02   0.609835E-02   0.882169E-02   0.293876E+02
   0.391415E+02   0.402586E+02   0.244517E+02   0.232087E+00   0.907634E-02   0.121991E-01   0.855671E-02   0.882169E-02   0.287500E+02
   0.396317E+02   0.381603E+02   0.244517E+02   0.227739E+00   0.383067E-02   0.961743E-02   0.855671E-02   0.882169E-02   0.305807E+02
   0.396317E+02   0.381603E+02   0.244517E+02   0.230215E+00   0.383067E-02   0.961743E-02   0.855671E-02   0.882169E-02   0.306969E+02
   0.396317E+02   0.388062E+02   0.244517E+02   0.238350E+00   0.383067E-02   0.961743E-02   0.460875E-02   0.882169E-02   0.313592E+02
   0.396317E+02   0.393650E+02   0.244517E+02   0.238350E+00   0.383067E-02   0.961743E-02   0.753177E-02   0.910782E-03   0.320124E+02
   0.395271E+02   0.395741E+02   0.244517E+02   0.234486E+00   0.383067E-02   0.961743E-02   0.753177E-02   0.910782E-03   0.320761E+02
   0.395271E+02   0.395741E+02   0.244517E+02   0.234486E+00   0.383067E-02   0.615295E-02   0.517835E-02   0.910782E-03   0.326579E+02
   0.397052E+02   0.405283E+02   0.244517E+02   0.244439E+00   0.383067E-02   0.615295E-02   0.374393E-03   0.910782E-03   0.318113E+02
   0.397052E+02   0.405283E+02   0.244517E+02   0.245384E+00   0.157362E-02   0.615295E-02   0.374393E-03   0.910782E-03   0.318712E+02
   0.407708E+02   0.409590E+02   0.248302E+02   0.228435E+00   0.157362E-02   0.991227E-04   0.519132E-02   0.910782E-03   0.301514E+02
   0.407708E+02   0.409590E+02   0.248302E+02   0.228435E+00   0.652586E-02   0.991227E-04   0.519132E-02   0.910782E-03   0.296561E+02
   0.404426E+02   0.409590E+02   0.253171E+02   0.252383E+00   0.200514E-02   0.991227E-04   0.519132E-02   0.293717E-02   0.284330E+02
   0.396495E+02   0.400700E+02   0.253171E+02   0.252383E+00   0.200514E-02   0.991227E-04   0.519132E-02   0.293717E-02   0.298555E+02
   0.396495E+02   0.374981E+02   0.233101E+02   0.252383E+00   0.200514E-02   0.113707E-02   0.519132E-02   0.105043E-01   0.260671E+02
   0.404879E+02   0.376020E+02   0.233101E+02   0.253153E+00   0.175095E-01   0.113707E-02   0.519132E-02   0.751331E-02   0.240111E+02
   0.404879E+02   0.376020E+02   0.256778E+02   0.245730E+00   0.175095E-01   0.113707E-02   0.728726E-02   0.751331E-02   0.261463E+02
   0.404879E+02   0.376020E+02   0.256778E+02   0.242637E+00   0.538210E-02   0.113707E-02   0.633575E-02   0.751331E-02   0.278883E+02
   0.404879E+02   0.383818E+02   0.256778E+02   0.229516E+00   0.107751E-01   0.113707E-02   0.633575E-02   0.751331E-02   0.289106E+02
   0.404879E+02   0.388500E+02   0.246997E+02   0.229516E+00   0.107751E-01   0.117743E-01   0.633575E-02   0.128215E-01   0.292186E+02
   0.403240E+02   0.388500E+02   0.246997E+02   0.232485E+00   0.363589E-02   0.117743E-01   0.194796E-01   0.128215E-01   0.292144E+02
   0.401948E+02   0.388500E+02   0.246997E+02   0.232485E+00   0.231226E-02   0.161130E-01   0.194796E-01   0.128215E-01   0.292128E+02
   0.401948E+02   0.389993E+02   0.246997E+02   0.215001E+00   0.231226E-02   0.161130E-01   0.297538E-01   0.904464E-02   0.262343E+02
   0.401948E+02   0.389189E+02   0.248731E+02   0.215001E+00   0.231226E-02   0.107158E-01   0.330448E-01   0.904464E-02   0.261415E+02
   0.401948E+02   0.389189E+02   0.241611E+02   0.215001E+00   0.110830E-01   0.107158E-01   0.330448E-01   0.904464E-02   0.251933E+02
   0.401948E+02   0.389189E+02   0.240844E+02   0.215001E+00   0.318177E-02   0.246832E-01   0.343009E-01   0.171750E-01   0.234966E+02
   0.401948E+02   0.389189E+02   0.240844E+02   0.218289E+00   0.318177E-02   0.312682E-01   0.246912E-01   0.162458E-01   0.247995E+02
   0.401948E+02   0.389189E+02   0.243733E+02   0.230433E+00   0.318177E-02   0.312682E-01   0.306310E-01   0.162458E-01   0.261237E+02
   0.401948E+02   0.389189E+02   0.243733E+02   0.230433E+00   0.318177E-02   0.192579E-01   0.351208E-01   0.204923E-01   0.264511E+02
   0.401948E+02   0.389189E+02   0.243733E+02   0.219575E+00   0.318177E-02   0.572977E-02   0.111554E-01   0.204923E-01   0.289853E+02
   0.401948E+02   0.389189E+02   0.243733E+02   0.219575E+00   0.318177E-02   0.572977E-02   0.111554E-01   0.831469E-02   0.302031E+02
   0.403499E+02   0.389189E+02   0.241859E+02   0.221749E+00   0.318177E-02   0.572977E-02   0.117599E-01   0.831469E-02   0.299344E+02
   0.403499E+02   0.389189E+02   0.241859E+02   0.221749E+00   0.318177E-02   0.587393E-02   0.227052E-02   0.962623E-02   0.307378E+02
   0.397043E+02   0.389990E+02   0.241859E+02   0.223188E+00   0.102888E-02   0.587393E-02   0.227052E-02   0.962623E-02   0.318343E+02
   0.397043E+02   0.389990E+02   0.241859E+02   0.233756E+00   0.102888E-02   0.344502E-02   0.227052E-02   0.962623E-02   0.326303E+02
   0.397043E+02   0.389990E+02   0.241859E+02   0.222638E+00   0.126272E-01   0.736542E-02   0.227052E-02   0.604211E-02   0.308025E+02
   0.397043E+02   0.389990E+02   0.241859E+02   0.222638E+00   0.249213E-01   0.736542E-02   0.227052E-02   0.342030E-02   0.298353E+02
   0.397043E+02   0.405400E+02   0.250484E+02   0.222638E+00   0.193555E-01   0.736542E-02   0.227052E-02   0.931449E-02   0.291457E+02
   0.396226E+02   0.401324E+02   0.250484E+02   0.222638E+00   0.279658E-01   0.300399E-02   0.227052E-02   0.931449E-02   0.289809E+02
   0.396226E+02   0.380816E+02   0.254841E+02   0.222638E+00   0.313678E-01   0.280265E-03   0.227052E-02   0.104381E-01   0.273780E+02
   0.396226E+02   0.384167E+02   0.250883E+02   0.241943E+00   0.187373E-01   0.280265E-03   0.227052E-02   0.111844E-02   0.307008E+02
   0.397279E+02   0.394868E+02   0.250883E+02   0.241943E+00   0.200781E-01   0.280265E-03   0.227052E-02   0.111844E-02   0.311018E+02
   0.397279E+02   0.394868E+02   0.250883E+02   0.241943E+00   0.268853E-01   0.280265E-03   0.227052E-02   0.111844E-02   0.304211E+02
   0.399112E+02   0.394868E+02   0.250883E+02   0.246863E+00   0.264028E-01   0.280265E-03   0.227052E-02   0.111844E-02   0.297056E+02
   0.400002E+02   0.394868E+02   0.244662E+02   0.246863E+00   0.372728E-01   0.280265E-03   0.227052E-02   0.111844E-02   0.289327E+02
   0.391481E+02   0.423594E+02   0.248145E+02   0.245308E+00   0.372728E-01   0.280265E-03   0.227052E-02   0.111844E-02   0.245071E+02
   0.402373E+02   0.423594E+02   0.248145E+02   0.245308E+00   0.236091E-01   0.280265E-03   0.227052E-02   0.408100E-02   0.266805E+02
   0.402373E+02   0.423594E+02   0.248145E+02   0.245308E+00   0.236091E-01   0.280265E-03   0.718486E-02   0.408100E-02   0.261891E+02
   0.395063E+02   0.423594E+02   0.248145E+02   0.247585E+00   0.236091E-01   0.280265E-03   0.326060E-03   0.408100E-02   0.265273E+02
   0.395063E+02   0.423594E+02   0.249752E+02   0.236535E+00   0.236091E-01   0.280265E-03   0.326060E-03   0.338034E-02   0.276332E+02
   0.395063E+02   0.423594E+02   0.250674E+02   0.236535E+00   0.179363E-01   0.280265E-03   0.146443E-01   0.338034E-02   0.266934E+02
   0.395063E+02   0.423594E+02   0.246225E+02   0.236535E+00   0.179363E-01   0.529165E-02   0.933636E-02   0.338034E-02   0.270812E+02
   0.395063E+02   0.423594E+02   0.243770E+02   0.236535E+00   0.164261E-01   0.529165E-02   0.933636E-02   0.338034E-02   0.271486E+02
   0.400318E+02   0.420936E+02   0.243770E+02   0.236535E+00   0.590705E-02   0.529165E-02   0.933636E-02   0.148110E-01   0.279284E+02
   0.400318E+02   0.418943E+02   0.243770E+02   0.239623E+00   0.670070E-02   0.529165E-02   0.933636E-02   0.148110E-01   0.280250E+02
   0.400385E+02   0.425348E+02   0.242973E+02   0.226730E+00   0.743293E-02   0.529165E-02   0.145632E-01   0.148110E-01   0.258749E+02
   0.401167E+02   0.425348E+02   0.249361E+02   0.235549E+00   0.743293E-02   0.577241E-02   0.178589E-01   0.148110E-01   0.256596E+02
   0.401167E+02   0.387307E+02   0.249361E+02   0.238930E+00   0.743293E-02   0.577241E-02   0.468635E-02   0.861908E-02   0.310295E+02
   0.401167E+02   0.387307E+02   0.249361E+02   0.238930E+00   0.743293E-02   0.577241E-02   0.468635E-02   0.102003E-01   0.308714E+02
   0.403498E+02   0.393359E+02   0.249361E+02   0.238930E+00   0.124425E-01   0.577241E-02   0.908772E-02   0.141681E-01   0.292562E+02
   0.399151E+02   0.393359E+02   0.238700E+02   0.249538E+00   0.175889E-01   0.577241E-02   0.238341E-02   0.141681E-01   0.277065E+02
   0.399151E+02   0.393359E+02   0.243479E+02   0.249538E+00   0.222368E-01   0.577241E-02   0.238341E-02   0.141681E-01   0.279697E+02
   0.399151E+02   0.398039E+02   0.243479E+02   0.249538E+00   0.522703E-02   0.577241E-02   0.238341E-02   0.141681E-01   0.296064E+02
   0.399151E+02   0.394234E+02   0.243479E+02   0.249538E+00   0.522703E-02   0.577241E-02   0.238341E-02   0.141681E-01   0.296712E+02
   0.399151E+02   0.394234E+02   0.243479E+02   0.249538E+00   0.107155E-02   0.194327E-01   0.261056E-02   0.104347E-01   0.290713E+02
   0.399151E+02   0.394234E+02   0.243479E+02   0.243518E+00   0.107155E-02   0.231835E-01   0.261056E-02   0.104347E-01   0.298863E+02
   0.399151E+02   0.394234E+02   0.243479E+02   0.243518E+00   0.403074E-02   0.910948E-02   0.261056E-02   0.105180E-01   0.309894E+02
   0.399151E+02   0.394234E+02   0.243479E+02   0.234065E+00   0.403074E-02   0.910948E-02   0.261056E-02   0.105180E-01   0.319631E+02
   0.399151E+02   0.375942E+02   0.243479E+02   0.234102E+00   0.110647E-01   0.910948E-02   0.249155E-02   0.102554E-01   0.297161E+02
   0.394681E+02   0.427612E+02   0.243479E+02   0.234102E+00   0.629020E-02   0.910948E-02   0.125667E-01   0.424916E-02   0.263549E+02
   0.394681E+02   0.387471E+02   0.243479E+02   0.242477E+00   0.629020E-02   0.169191E-01   0.636285E-02   0.603129E-03   0.301079E+02
   0.394681E+02   0.387471E+02   0.240510E+02   0.242957E+00   0.629020E-02   0.169191E-01   0.666889E-02   0.603129E-03   0.296215E+02
   0.394681E+02   0.392144E+02   0.245429E+02   0.242957E+00   0.230357E-01   0.169191E-01   0.666889E-02   0.993184E-03   0.285349E+02
   0.394681E+02   0.392144E+02   0.248004E+02   0.228555E+00   0.230357E-01   0.200622E-01   0.974220E-02   0.148312E-01   0.272751E+02
   0.399910E+02   0.412883E+02   0.248004E+02   0.230425E+00   0.232763E-01   0.214015E-01   0.116616E-01   0.143967E-01   0.260019E+02
   0.399910E+02   0.412883E+02   0.248004E+02   0.244404E+00   0.317867E-01   0.889730E-02   0.116616E-01   0.102555E-01   0.258218E+02
   0.397557E+02   0.420965E+02   0.248004E+02   0.234244E+00   0.236714E-01   0.540391E-02   0.116616E-01   0.156173E-01   0.259571E+02
   0.394335E+02   0.420965E+02   0.248004E+02   0.234244E+00   0.236714E-01   0.911978E-02   0.116616E-01   0.257415E-01   0.240117E+02
   0.394335E+02   0.399280E+02   0.248777E+02   0.238431E+00   0.465176E-02   0.911978E-02   0.499452E-02   0.226178E-01   0.292832E+02
   0.394335E+02   0.399280E+02   0.248777E+02   0.238431E+00   0.465176E-02   0.911978E-02   0.468205E-02   0.282290E-01   0.287533E+02
   0.388755E+02   0.399280E+02   0.248777E+02   0.242758E+00   0.465176E-02   0.618881E-02   0.468205E-02   0.282290E-01   0.260958E+02
   0.388755E+02   0.399280E+02   0.248777E+02   0.243509E+00   0.129427E-02   0.618881E-02   0.468205E-02   0.245769E-01   0.266977E+02
   0.386021E+02   0.399280E+02   0.248777E+02   0.243509E+00   0.129427E-02   0.618881E-02   0.468205E-02   0.173696E-01   0.254315E+02
   0.406184E+02   0.404404E+02   0.252254E+02   0.243509E+00   0.556353E-02   0.611347E-02   0.468205E-02   0.155027E-01   0.279780E+02
   0.401843E+02   0.394428E+02   0.252254E+02   0.221680E+00   0.556353E-02   0.611347E-02   0.468205E-02   0.167208E-01   0.296613E+02
   0.401843E+02   0.396900E+02   0.252254E+02   0.237004E+00   0.556353E-02   0.611347E-02   0.833582E-02   0.225740E-01   0.293512E+02
   0.401843E+02   0.396900E+02   0.252254E+02   0.237004E+00   0.824891E-02   0.611347E-02   0.708680E-02   0.225740E-01   0.292076E+02
   0.398203E+02   0.396900E+02   0.252254E+02   0.237004E+00   0.824891E-02   0.176394E-01   0.708680E-02   0.130130E-01   0.292717E+02
   0.398203E+02   0.396900E+02   0.257093E+02   0.240440E+00   0.106807E-01   0.153880E-01   0.708680E-02   0.185653E-01   0.274716E+02
   0.398203E+02   0.396900E+02   0.248093E+02   0.226239E+00   0.106807E-01   0.153880E-01   0.708680E-02   0.185653E-01   0.292268E+02
   0.398203E+02   0.388160E+02   0.248093E+02   0.226239E+00   0.972855E-03   0.333757E-01   0.982959E-02   0.518665E-02   0.293311E+02
   0.398203E+02   0.402468E+02   0.248093E+02   0.234584E+00   0.972855E-03   0.282612E-01   0.200332E-01   0.518665E-02   0.288273E+02
   0.398203E+02   0.402468E+02   0.248093E+02   0.234584E+00   0.359614E-02   0.206183E-01   0.130127E-01   0.518665E-02   0.300313E+02
   0.398203E+02   0.402468E+02   0.248093E+02   0.234584E+00   0.359614E-02   0.207946E-01   0.130127E-01   0.518665E-02   0.300137E+02
   0.398203E+02   0.402468E+02   0.245179E+02   0.234584E+00   0.359614E-02   0.207946E-01   0.176781E-02   0.518665E-02   0.311956E+02
   0.398203E+02   0.402468E+02   0.245179E+02   0.247051E+00   0.359614E-02   0.207946E-01   0.176781E-02   0.518665E-02   0.296179E+02
   0.397963E+02   0.402468E+02   0.245179E+02   0.231515E+00   0.359614E-02   0.839527E-02   0.176781E-02   0.518665E-02   0.324917E+02
   0.397963E+02   0.402468E+02   0.245179E+02   0.231515E+00   0.359614E-02   0.839527E-02   0.176781E-02   0.511855E-02   0.324985E+02
   0.397963E+02   0.402468E+02   0.245179E+02   0.227143E+00   0.359614E-02   0.839527E-02   0.215560E-03   0.511855E-02   0.324951E+02
   0.397963E+02   0.399190E+02   0.245179E+02   0.230349E+00   0.359614E-02   0.213277E-01   0.215560E-03   0.393878E-02   0.316696E+02
   0.397963E+02   0.399190E+02   0.247198E+02   0.237493E+00   0.359614E-02   0.166982E-01   0.215560E-03   0.432619E-02   0.318268E+02
   0.397963E+02   0.399190E+02   0.238503E+02   0.237493E+00   0.866574E-02   0.113590E-01   0.215560E-03   0.432619E-02   0.309092E+02
   0.397963E+02   0.411925E+02   0.238503E+02   0.237493E+00   0.216429E-02   0.772364E-02   0.445664E-02   0.432619E-02   0.302687E+02
   0.397963E+02   0.411925E+02   0.238503E+02   0.235274E+00   0.216429E-02   0.142207E-01   0.445664E-02   0.432619E-02   0.297357E+02
   0.397963E+02   0.401650E+02   0.245566E+02   0.235274E+00   0.216429E-02   0.365301E-02   0.445664E-02   0.432619E-02   0.328961E+02
   0.403486E+02   0.401650E+02   0.245566E+02   0.235274E+00   0.216429E-02   0.365301E-02   0.445664E-02   0.432619E-02   0.322367E+02
   0.403486E+02   0.402529E+02   0.245566E+02   0.235274E+00   0.216429E-02   0.365301E-02   0.469960E-02   0.432619E-02   0.321487E+02
   0.403486E+02   0.402529E+02   0.245566E+02   0.234009E+00   0.585586E-02   0.365301E-02   0.469960E-02   0.432619E-02   0.318293E+02
   0.402188E+02   0.402529E+02   0.247918E+02   0.234009E+00   0.383607E-02   0.365301E-02   0.836056E-02   0.432619E-02   0.319374E+02
   0.402188E+02   0.402529E+02   0.247918E+02   0.234009E+00   0.383607E-02   0.314697E-02   0.836056E-02   0.472178E-02   0.319484E+02
   0.394456E+02   0.402529E+02   0.247918E+02   0.234009E+00   0.383607E-02   0.314697E-02   0.836056E-02   0.167928E-01   0.305361E+02
   0.403161E+02   0.402529E+02   0.238203E+02   0.236206E+00   0.383607E-02   0.314697E-02   0.263770E-02   0.421616E-02   0.312191E+02
   0.403161E+02   0.369969E+02   0.232159E+02   0.236206E+00   0.383607E-02   0.495373E-02   0.425614E-02   0.421616E-02   0.267111E+02
   0.403161E+02   0.369969E+02   0.232159E+02   0.236206E+00   0.120179E-02   0.169178E-01   0.502037E-02   0.421616E-02   0.257017E+02
   0.403161E+02   0.369969E+02   0.249967E+02   0.236206E+00   0.120179E-02   0.169178E-01   0.287500E-01   0.277748E-01   0.233702E+02
   0.399304E+02   0.371604E+02   0.249967E+02   0.236206E+00   0.120179E-02   0.169178E-01   0.361104E-01   0.277748E-01   0.235706E+02
   0.399304E+02   0.371604E+02   0.249967E+02   0.247857E+00   0.170782E-02   0.210520E-01   0.367448E-01   0.277748E-01   0.216136E+02
   0.399304E+02   0.371604E+02   0.249125E+02   0.247857E+00   0.170782E-02   0.210520E-01   0.361435E-01   0.166720E-01   0.228554E+02
   0.399304E+02   0.409047E+02   0.241032E+02   0.238242E+00   0.170782E-02   0.210520E-01   0.361435E-01   0.166720E-01   0.254981E+02
   0.399304E+02   0.417859E+02   0.241032E+02   0.240056E+00   0.170782E-02   0.163373E-01   0.196079E-01   0.166720E-01   0.260912E+02
   0.399304E+02   0.417942E+02   0.246023E+02   0.237403E+00   0.170782E-02   0.247777E-01   0.196079E-01   0.927312E-02   0.266215E+02
   0.399304E+02   0.378778E+02   0.246023E+02   0.237403E+00   0.532045E-02   0.183026E-01   0.202236E-01   0.927312E-02   0.280915E+02
   0.399304E+02   0.402324E+02   0.246023E+02   0.237403E+00   0.532045E-02   0.165860E-02   0.628041E-02   0.177928E-01   0.310764E+02
   0.399304E+02   0.393941E+02   0.240718E+02   0.250236E+00   0.532045E-02   0.165860E-02   0.628041E-02   0.440113E-02   0.301815E+02
   0.400652E+02   0.393941E+02   0.240718E+02   0.246521E+00   0.532045E-02   0.165860E-02   0.233283E-02   0.318469E-03   0.316833E+02
   0.400652E+02   0.394093E+02   0.255425E+02   0.227158E+00   0.532045E-02   0.165860E-02   0.233283E-02   0.314304E-03   0.322926E+02
