X1_obs         X2_obs         X3_obs         X4_obs         X1_true        X2_true        X3_true        X4_true        Y1_obs         Y2_obs         Y3_obs         Y4_obs         Y5_obs         Y1_unbiased    Y2_unbiased    Y3_unbiased    Y4_unbiased    Y5_unbiased    Y1_sim         Y2_sim         Y3_sim         Y4_sim         Y5_sim         Y1_res         Y2_res         Y3_res         Y4_res         Y5_res         Y1_stdres      Y2_stdres      Y3_stdres      Y4_stdres      Y5_stdres      
   0.100000E+01   0.600000E+01   0.224165E+05   0.259230E+06   0.100000E+01   0.600000E+01   0.224165E+05   0.259230E+06   0.210445E+03  -0.999900E+04  -0.999900E+04  -0.999900E+04  -0.999900E+04   0.210445E+03  -0.999900E+04  -0.999900E+04  -0.999900E+04  -0.999900E+04   0.210668E+03   0.948304E+02   0.939541E+00   0.278385E+02   0.150000E+02  -0.222796E+00  -0.999900E+04  -0.999900E+04  -0.999900E+04  -0.999900E+04  -0.801519E+00  -0.999900E+04  -0.999900E+04  -0.999900E+04  -0.999900E+04
   0.100000E+01   0.600000E+01   0.225000E+05   0.259266E+06   0.100000E+01   0.600000E+01   0.225000E+05   0.259266E+06   0.210387E+03  -0.999900E+04  -0.999900E+04  -0.999900E+04  -0.999900E+04   0.210387E+03  -0.999900E+04  -0.999900E+04  -0.999900E+04  -0.999900E+04   0.210593E+03   0.948297E+02   0.909034E+00   0.272018E+02   0.150000E+02  -0.205984E+00  -0.999900E+04  -0.999900E+04  -0.999900E+04  -0.999900E+04  -0.741034E+00  -0.999900E+04  -0.999900E+04  -0.999900E+04  -0.999900E+04
   0.100000E+01   0.600000E+01   0.226247E+05   0.259301E+06   0.100000E+01   0.600000E+01   0.226247E+05   0.259301E+06   0.210300E+03  -0.999900E+04  -0.999900E+04  -0.999900E+04  -0.999900E+04   0.210300E+03  -0.999900E+04  -0.999900E+04  -0.999900E+04  -0.999900E+04   0.210465E+03   0.948272E+02   0.909809E+00   0.260271E+02   0.150000E+02  -0.165353E+00  -0.999900E+04  -0.999900E+04  -0.999900E+04  -0.999900E+04  -0.594863E+00  -0.999900E+04  -0.999900E+04  -0.999900E+04  -0.999900E+04
   0.100000E+01   0.600000E+01   0.227493E+05   0.259343E+06   0.100000E+01   0.600000E+01   0.227493E+05   0.259343E+06   0.210170E+03  -0.999900E+04  -0.999900E+04  -0.999900E+04  -0.999900E+04   0.210170E+03  -0.999900E+04  -0.999900E+04  -0.999900E+04  -0.999900E+04   0.210339E+03   0.948251E+02   0.889377E+00   0.254875E+02   0.150000E+02  -0.169037E+00  -0.999900E+04  -0.999900E+04  -0.999900E+04  -0.999900E+04  -0.608116E+00  -0.999900E+04  -0.999900E+04  -0.999900E+04  -0.999900E+04
   0.100000E+01   0.600000E+01   0.228740E+05   0.259376E+06   0.100000E+01   0.600000E+01   0.228740E+05   0.259376E+06   0.210028E+03  -0.999900E+04  -0.999900E+04  -0.999900E+04  -0.999900E+04   0.210028E+03  -0.999900E+04  -0.999900E+04  -0.999900E+04  -0.999900E+04   0.210211E+03   0.948225E+02   0.879608E+00   0.249786E+02   0.150000E+02  -0.183821E+00  -0.999900E+04  -0.999900E+04  -0.999900E+04  -0.999900E+04  -0.661302E+00  -0.999900E+04  -0.999900E+04  -0.999900E+04  -0.999900E+04
   0.100000E+01   0.600000E+01   0.230015E+05   0.259413E+06   0.100000E+01   0.600000E+01   0.230015E+05   0.259413E+06   0.209945E+03  -0.999900E+04  -0.999900E+04  -0.999900E+04  -0.999900E+04   0.209945E+03  -0.999900E+04  -0.999900E+04  -0.999900E+04  -0.999900E+04   0.210057E+03   0.948201E+02   0.944246E+00   0.244997E+02   0.150000E+02  -0.112281E+00  -0.999900E+04  -0.999900E+04  -0.999900E+04  -0.999900E+04  -0.403936E+00  -0.999900E+04  -0.999900E+04  -0.999900E+04  -0.999900E+04
   0.100000E+01   0.600000E+01   0.231290E+05   0.259441E+06   0.100000E+01   0.600000E+01   0.231290E+05   0.259441E+06   0.209865E+03  -0.999900E+04  -0.999900E+04  -0.999900E+04  -0.999900E+04   0.209865E+03  -0.999900E+04  -0.999900E+04  -0.999900E+04  -0.999900E+04   0.209892E+03   0.948173E+02   0.922861E+00   0.236285E+02   0.150000E+02  -0.270994E-01  -0.999900E+04  -0.999900E+04  -0.999900E+04  -0.999900E+04  -0.974910E-01  -0.999900E+04  -0.999900E+04  -0.999900E+04  -0.999900E+04
   0.100000E+01   0.600000E+01   0.232280E+05   0.259478E+06   0.100000E+01   0.600000E+01   0.232280E+05   0.259478E+06   0.209765E+03  -0.999900E+04  -0.999900E+04  -0.999900E+04  -0.999900E+04   0.209765E+03  -0.999900E+04  -0.999900E+04  -0.999900E+04  -0.999900E+04   0.209794E+03   0.948161E+02   0.844245E+00   0.232347E+02   0.150000E+02  -0.290595E-01  -0.999900E+04  -0.999900E+04  -0.999900E+04  -0.999900E+04  -0.104543E+00  -0.999900E+04  -0.999900E+04  -0.999900E+04  -0.999900E+04
   0.100000E+01   0.600000E+01   0.233225E+05   0.259498E+06   0.100000E+01   0.600000E+01   0.233225E+05   0.259498E+06   0.209775E+03  -0.999900E+04  -0.999900E+04  -0.999900E+04  -0.999900E+04   0.209775E+03  -0.999900E+04  -0.999900E+04  -0.999900E+04  -0.999900E+04   0.209680E+03   0.948145E+02   0.947615E+00   0.228677E+02   0.150000E+02   0.950995E-01  -0.999900E+04  -0.999900E+04  -0.999900E+04  -0.999900E+04   0.342124E+00  -0.999900E+04  -0.999900E+04  -0.999900E+04  -0.999900E+04
   0.100000E+01   0.600000E+01   0.234170E+05   0.259528E+06   0.100000E+01   0.600000E+01   0.234170E+05   0.259528E+06   0.209762E+03  -0.999900E+04  -0.999900E+04  -0.999900E+04  -0.999900E+04   0.209762E+03  -0.999900E+04  -0.999900E+04  -0.999900E+04  -0.999900E+04   0.209496E+03   0.948131E+02   0.102329E+01   0.225267E+02   0.150000E+02   0.266618E+00  -0.999900E+04  -0.999900E+04  -0.999900E+04  -0.999900E+04   0.959170E+00  -0.999900E+04  -0.999900E+04  -0.999900E+04  -0.999900E+04
   0.100000E+01   0.600000E+01   0.235177E+05   0.259556E+06   0.100000E+01   0.600000E+01   0.235177E+05   0.259556E+06   0.209648E+03  -0.999900E+04  -0.999900E+04  -0.999900E+04  -0.999900E+04   0.209648E+03  -0.999900E+04  -0.999900E+04  -0.999900E+04  -0.999900E+04   0.209271E+03   0.948110E+02   0.101102E+01   0.222110E+02   0.150000E+02   0.376316E+00  -0.999900E+04  -0.999900E+04  -0.999900E+04  -0.999900E+04   0.135381E+01  -0.999900E+04  -0.999900E+04  -0.999900E+04  -0.999900E+04
   0.100000E+01   0.600000E+01   0.236184E+05   0.259586E+06   0.100000E+01   0.600000E+01   0.236184E+05   0.259586E+06   0.209627E+03  -0.999900E+04  -0.999900E+04  -0.999900E+04  -0.999900E+04   0.209627E+03  -0.999900E+04  -0.999900E+04  -0.999900E+04  -0.999900E+04   0.209066E+03   0.948089E+02   0.991980E+00   0.219198E+02   0.150000E+02   0.561999E+00  -0.999900E+04  -0.999900E+04  -0.999900E+04  -0.999900E+04   0.202182E+01  -0.999900E+04  -0.999900E+04  -0.999900E+04  -0.999900E+04
   0.100000E+01   0.600000E+01   0.237191E+05   0.259629E+06   0.100000E+01   0.600000E+01   0.237191E+05   0.259629E+06   0.209375E+03  -0.999900E+04  -0.999900E+04  -0.999900E+04  -0.999900E+04   0.209375E+03  -0.999900E+04  -0.999900E+04  -0.999900E+04  -0.999900E+04   0.208885E+03   0.948073E+02   0.962114E+00   0.216524E+02   0.150000E+02   0.490208E+00  -0.999900E+04  -0.999900E+04  -0.999900E+04  -0.999900E+04   0.176354E+01  -0.999900E+04  -0.999900E+04  -0.999900E+04  -0.999900E+04
   0.100000E+01   0.600000E+01   0.238199E+05   0.259669E+06   0.100000E+01   0.600000E+01   0.238199E+05   0.259669E+06   0.208798E+03  -0.999900E+04  -0.999900E+04  -0.999900E+04  -0.999900E+04   0.208798E+03  -0.999900E+04  -0.999900E+04  -0.999900E+04  -0.999900E+04   0.208727E+03   0.948057E+02   0.930679E+00   0.214081E+02   0.150000E+02   0.705330E-01  -0.999900E+04  -0.999900E+04  -0.999900E+04  -0.999900E+04   0.253745E+00  -0.999900E+04  -0.999900E+04  -0.999900E+04  -0.999900E+04
   0.100000E+01   0.600000E+01   0.239206E+05   0.259694E+06   0.100000E+01   0.600000E+01   0.239206E+05   0.259694E+06   0.208480E+03  -0.999900E+04  -0.999900E+04  -0.999900E+04  -0.999900E+04   0.208480E+03  -0.999900E+04  -0.999900E+04  -0.999900E+04  -0.999900E+04   0.208585E+03   0.948032E+02   0.905213E+00   0.211862E+02   0.150000E+02  -0.104579E+00  -0.999900E+04  -0.999900E+04  -0.999900E+04  -0.999900E+04  -0.376229E+00  -0.999900E+04  -0.999900E+04  -0.999900E+04  -0.999900E+04
   0.100000E+01   0.600000E+01   0.240213E+05   0.259724E+06   0.100000E+01   0.600000E+01   0.240213E+05   0.259724E+06   0.208365E+03  -0.999900E+04  -0.999900E+04  -0.999900E+04  -0.999900E+04   0.208365E+03  -0.999900E+04  -0.999900E+04  -0.999900E+04  -0.999900E+04   0.208451E+03   0.948010E+02   0.889693E+00   0.209859E+02   0.150000E+02  -0.859082E-01  -0.999900E+04  -0.999900E+04  -0.999900E+04  -0.999900E+04  -0.309058E+00  -0.999900E+04  -0.999900E+04  -0.999900E+04  -0.999900E+04
   0.100000E+01   0.600000E+01   0.241220E+05   0.259767E+06   0.100000E+01   0.600000E+01   0.241220E+05   0.259767E+06   0.208083E+03  -0.999900E+04  -0.999900E+04  -0.999900E+04  -0.999900E+04   0.208083E+03  -0.999900E+04  -0.999900E+04  -0.999900E+04  -0.999900E+04   0.208318E+03   0.947992E+02   0.887916E+00   0.208065E+02   0.150000E+02  -0.235966E+00  -0.999900E+04  -0.999900E+04  -0.999900E+04  -0.999900E+04  -0.848898E+00  -0.999900E+04  -0.999900E+04  -0.999900E+04  -0.999900E+04
   0.100000E+01   0.600000E+01   0.242135E+05   0.259794E+06   0.100000E+01   0.600000E+01   0.242135E+05   0.259794E+06   0.207875E+03  -0.999900E+04  -0.999900E+04  -0.999900E+04  -0.999900E+04   0.207875E+03  -0.999900E+04  -0.999900E+04  -0.999900E+04  -0.999900E+04   0.208198E+03   0.947971E+02   0.905374E+00   0.206474E+02   0.150000E+02  -0.323316E+00  -0.999900E+04  -0.999900E+04  -0.999900E+04  -0.999900E+04  -0.116314E+01  -0.999900E+04  -0.999900E+04  -0.999900E+04  -0.999900E+04
   0.100000E+01   0.600000E+01   0.243050E+05   0.259832E+06   0.100000E+01   0.600000E+01   0.243050E+05   0.259832E+06   0.207657E+03  -0.999900E+04  -0.999900E+04  -0.999900E+04  -0.999900E+04   0.207657E+03  -0.999900E+04  -0.999900E+04  -0.999900E+04  -0.999900E+04   0.208060E+03   0.947958E+02   0.957457E+00   0.205078E+02   0.150000E+02  -0.402679E+00  -0.999900E+04  -0.999900E+04  -0.999900E+04  -0.999900E+04  -0.144865E+01  -0.999900E+04  -0.999900E+04  -0.999900E+04  -0.999900E+04
   0.100000E+01   0.600000E+01   0.244303E+05   0.259864E+06   0.100000E+01   0.600000E+01   0.244303E+05   0.259864E+06   0.207577E+03  -0.999900E+04  -0.999900E+04  -0.999900E+04  -0.999900E+04   0.207577E+03  -0.999900E+04  -0.999900E+04  -0.999900E+04  -0.999900E+04   0.207846E+03   0.947933E+02   0.101740E+01   0.203871E+02   0.150000E+02  -0.268032E+00  -0.999900E+04  -0.999900E+04  -0.999900E+04  -0.999900E+04  -0.964257E+00  -0.999900E+04  -0.999900E+04  -0.999900E+04  -0.999900E+04
   0.100000E+01   0.600000E+01   0.245557E+05   0.259917E+06   0.100000E+01   0.600000E+01   0.245557E+05   0.259917E+06   0.207485E+03  -0.999900E+04  -0.999900E+04  -0.999900E+04  -0.999900E+04   0.207485E+03  -0.999900E+04  -0.999900E+04  -0.999900E+04  -0.999900E+04   0.207650E+03   0.947919E+02   0.955316E+00   0.201995E+02   0.150000E+02  -0.165487E+00  -0.999900E+04  -0.999900E+04  -0.999900E+04  -0.999900E+04  -0.595346E+00  -0.999900E+04  -0.999900E+04  -0.999900E+04  -0.999900E+04
   0.100000E+01   0.600000E+01   0.246810E+05   0.259954E+06   0.100000E+01   0.600000E+01   0.246810E+05   0.259954E+06   0.207370E+03  -0.999900E+04  -0.999900E+04  -0.999900E+04  -0.999900E+04   0.207370E+03  -0.999900E+04  -0.999900E+04  -0.999900E+04  -0.999900E+04   0.207484E+03   0.947894E+02   0.859964E+00   0.201314E+02   0.150000E+02  -0.113896E+00  -0.999900E+04  -0.999900E+04  -0.999900E+04  -0.999900E+04  -0.409746E+00  -0.999900E+04  -0.999900E+04  -0.999900E+04  -0.999900E+04
   0.100000E+01   0.600000E+01   0.247962E+05   0.259985E+06   0.100000E+01   0.600000E+01   0.247962E+05   0.259985E+06   0.207255E+03  -0.999900E+04  -0.999900E+04  -0.999900E+04  -0.999900E+04   0.207255E+03  -0.999900E+04  -0.999900E+04  -0.999900E+04  -0.999900E+04   0.207338E+03   0.947867E+02   0.869881E+00   0.200795E+02   0.150000E+02  -0.828380E-01  -0.999900E+04  -0.999900E+04  -0.999900E+04  -0.999900E+04  -0.298013E+00  -0.999900E+04  -0.999900E+04  -0.999900E+04  -0.999900E+04
   0.100000E+01   0.600000E+01   0.249115E+05   0.260020E+06   0.100000E+01   0.600000E+01   0.249115E+05   0.260020E+06   0.207100E+03  -0.999900E+04  -0.999900E+04  -0.999900E+04  -0.999900E+04   0.207100E+03  -0.999900E+04  -0.999900E+04  -0.999900E+04  -0.999900E+04   0.207204E+03   0.947843E+02   0.843300E+00   0.200432E+02   0.150000E+02  -0.103577E+00  -0.999900E+04  -0.999900E+04  -0.999900E+04  -0.999900E+04  -0.372621E+00  -0.999900E+04  -0.999900E+04  -0.999900E+04  -0.999900E+04
   0.100000E+01   0.600000E+01   0.250268E+05   0.260050E+06   0.100000E+01   0.600000E+01   0.250268E+05   0.260050E+06   0.206975E+03  -0.999900E+04  -0.999900E+04  -0.999900E+04  -0.999900E+04   0.206975E+03  -0.999900E+04  -0.999900E+04  -0.999900E+04  -0.999900E+04   0.207095E+03   0.947814E+02   0.751734E+00   0.200148E+02   0.150000E+02  -0.119636E+00  -0.999900E+04  -0.999900E+04  -0.999900E+04  -0.999900E+04  -0.430396E+00  -0.999900E+04  -0.999900E+04  -0.999900E+04  -0.999900E+04
   0.100000E+01   0.600000E+01   0.251420E+05   0.260085E+06   0.100000E+01   0.600000E+01   0.251420E+05   0.260085E+06   0.206768E+03  -0.999900E+04  -0.999900E+04  -0.999900E+04  -0.999900E+04   0.206768E+03  -0.999900E+04  -0.999900E+04  -0.999900E+04  -0.999900E+04   0.207028E+03   0.947783E+02   0.595178E+00   0.200215E+02   0.150000E+02  -0.260524E+00  -0.999900E+04  -0.999900E+04  -0.999900E+04  -0.999900E+04  -0.937244E+00  -0.999900E+04  -0.999900E+04  -0.999900E+04  -0.999900E+04
   0.100000E+01   0.600000E+01   0.252457E+05   0.260115E+06   0.100000E+01   0.600000E+01   0.252457E+05   0.260115E+06   0.206748E+03  -0.999900E+04  -0.999900E+04  -0.999900E+04  -0.999900E+04   0.206748E+03  -0.999900E+04  -0.999900E+04  -0.999900E+04  -0.999900E+04   0.206969E+03   0.947753E+02   0.644714E+00   0.200413E+02   0.150000E+02  -0.221691E+00  -0.999900E+04  -0.999900E+04  -0.999900E+04  -0.999900E+04  -0.797544E+00  -0.999900E+04  -0.999900E+04  -0.999900E+04  -0.999900E+04
   0.100000E+01   0.600000E+01   0.253493E+05   0.260145E+06   0.100000E+01   0.600000E+01   0.253493E+05   0.260145E+06   0.206670E+03  -0.999900E+04  -0.999900E+04  -0.999900E+04  -0.999900E+04   0.206670E+03  -0.999900E+04  -0.999900E+04  -0.999900E+04  -0.999900E+04   0.206899E+03   0.947727E+02   0.695330E+00   0.200737E+02   0.150000E+02  -0.228632E+00  -0.999900E+04  -0.999900E+04  -0.999900E+04  -0.999900E+04  -0.822514E+00  -0.999900E+04  -0.999900E+04  -0.999900E+04  -0.999900E+04
   0.100000E+01   0.600000E+01   0.254530E+05   0.260178E+06   0.100000E+01   0.600000E+01   0.254530E+05   0.260178E+06   0.206610E+03  -0.999900E+04  -0.999900E+04  -0.999900E+04  -0.999900E+04   0.206610E+03  -0.999900E+04  -0.999900E+04  -0.999900E+04  -0.999900E+04   0.206815E+03   0.947704E+02   0.742851E+00   0.201180E+02   0.150000E+02  -0.204637E+00  -0.999900E+04  -0.999900E+04  -0.999900E+04  -0.999900E+04  -0.736191E+00  -0.999900E+04  -0.999900E+04  -0.999900E+04  -0.999900E+04
   0.100000E+01   0.600000E+01   0.255567E+05   0.260220E+06   0.100000E+01   0.600000E+01   0.255567E+05   0.260220E+06   0.206482E+03  -0.999900E+04  -0.999900E+04  -0.999900E+04  -0.999900E+04   0.206482E+03  -0.999900E+04  -0.999900E+04  -0.999900E+04  -0.999900E+04   0.206717E+03   0.947686E+02   0.782404E+00   0.201736E+02   0.150000E+02  -0.234147E+00  -0.999900E+04  -0.999900E+04  -0.999900E+04  -0.999900E+04  -0.842354E+00  -0.999900E+04  -0.999900E+04  -0.999900E+04  -0.999900E+04
   0.100000E+01   0.600000E+01   0.256603E+05   0.260244E+06   0.100000E+01   0.600000E+01   0.256603E+05   0.260244E+06   0.206343E+03  -0.999900E+04  -0.999900E+04  -0.999900E+04  -0.999900E+04   0.206343E+03  -0.999900E+04  -0.999900E+04  -0.999900E+04  -0.999900E+04   0.206605E+03   0.947661E+02   0.811231E+00   0.202400E+02   0.150000E+02  -0.262890E+00  -0.999900E+04  -0.999900E+04  -0.999900E+04  -0.999900E+04  -0.945757E+00  -0.999900E+04  -0.999900E+04  -0.999900E+04  -0.999900E+04
   0.100000E+01   0.600000E+01   0.257640E+05   0.260286E+06   0.100000E+01   0.600000E+01   0.257640E+05   0.260286E+06   0.206183E+03  -0.999900E+04  -0.999900E+04  -0.999900E+04  -0.999900E+04   0.206183E+03  -0.999900E+04  -0.999900E+04  -0.999900E+04  -0.999900E+04   0.206482E+03   0.947644E+02   0.829467E+00   0.203166E+02   0.150000E+02  -0.299296E+00  -0.999900E+04  -0.999900E+04  -0.999900E+04  -0.999900E+04  -0.107673E+01  -0.999900E+04  -0.999900E+04  -0.999900E+04  -0.999900E+04
   0.100000E+01   0.600000E+01   0.258682E+05   0.260334E+06   0.100000E+01   0.600000E+01   0.258682E+05   0.260334E+06   0.206070E+03  -0.999900E+04  -0.999900E+04  -0.999900E+04  -0.999900E+04   0.206070E+03  -0.999900E+04  -0.999900E+04  -0.999900E+04  -0.999900E+04   0.206355E+03   0.947629E+02   0.829564E+00   0.204029E+02   0.150000E+02  -0.285152E+00  -0.999900E+04  -0.999900E+04  -0.999900E+04  -0.999900E+04  -0.102585E+01  -0.999900E+04  -0.999900E+04  -0.999900E+04  -0.999900E+04
   0.100000E+01   0.600000E+01   0.259724E+05   0.260381E+06   0.100000E+01   0.600000E+01   0.259724E+05   0.260381E+06   0.205903E+03  -0.999900E+04  -0.999900E+04  -0.999900E+04  -0.999900E+04   0.205903E+03  -0.999900E+04  -0.999900E+04  -0.999900E+04  -0.999900E+04   0.206234E+03   0.947615E+02   0.826759E+00   0.204983E+02   0.150000E+02  -0.331898E+00  -0.999900E+04  -0.999900E+04  -0.999900E+04  -0.999900E+04  -0.119402E+01  -0.999900E+04  -0.999900E+04  -0.999900E+04  -0.999900E+04
   0.100000E+01   0.600000E+01   0.260766E+05   0.260406E+06   0.100000E+01   0.600000E+01   0.260766E+05   0.260406E+06   0.205882E+03  -0.999900E+04  -0.999900E+04  -0.999900E+04  -0.999900E+04   0.205882E+03  -0.999900E+04  -0.999900E+04  -0.999900E+04  -0.999900E+04   0.206121E+03   0.947591E+02   0.820139E+00   0.207143E+02   0.150000E+02  -0.238886E+00  -0.999900E+04  -0.999900E+04  -0.999900E+04  -0.999900E+04  -0.859402E+00  -0.999900E+04  -0.999900E+04  -0.999900E+04  -0.999900E+04
   0.100000E+01   0.600000E+01   0.261808E+05   0.260439E+06   0.100000E+01   0.600000E+01   0.261808E+05   0.260439E+06   0.205805E+03  -0.999900E+04  -0.999900E+04  -0.999900E+04  -0.999900E+04   0.205805E+03  -0.999900E+04  -0.999900E+04  -0.999900E+04  -0.999900E+04   0.206017E+03   0.947573E+02   0.809288E+00   0.208339E+02   0.150000E+02  -0.212273E+00  -0.999900E+04  -0.999900E+04  -0.999900E+04  -0.999900E+04  -0.763659E+00  -0.999900E+04  -0.999900E+04  -0.999900E+04  -0.999900E+04
   0.100000E+01   0.600000E+01   0.262850E+05   0.260471E+06   0.100000E+01   0.600000E+01   0.262850E+05   0.260471E+06   0.205762E+03  -0.999900E+04  -0.999900E+04  -0.999900E+04  -0.999900E+04   0.205762E+03  -0.999900E+04  -0.999900E+04  -0.999900E+04  -0.999900E+04   0.205923E+03   0.947555E+02   0.794622E+00   0.209605E+02   0.150000E+02  -0.160087E+00  -0.999900E+04  -0.999900E+04  -0.999900E+04  -0.999900E+04  -0.575919E+00  -0.999900E+04  -0.999900E+04  -0.999900E+04  -0.999900E+04
   0.100000E+01   0.600000E+01   0.264097E+05   0.260516E+06   0.100000E+01   0.600000E+01   0.264097E+05   0.260516E+06   0.205708E+03  -0.999900E+04  -0.999900E+04  -0.999900E+04  -0.999900E+04   0.205708E+03  -0.999900E+04  -0.999900E+04  -0.999900E+04  -0.999900E+04   0.205808E+03   0.947539E+02   0.800514E+00   0.210935E+02   0.150000E+02  -0.100036E+00  -0.999900E+04  -0.999900E+04  -0.999900E+04  -0.999900E+04  -0.359885E+00  -0.999900E+04  -0.999900E+04  -0.999900E+04  -0.999900E+04
   0.100000E+01   0.600000E+01   0.265343E+05   0.260551E+06   0.100000E+01   0.600000E+01   0.265343E+05   0.260551E+06   0.205635E+03  -0.999900E+04  -0.999900E+04  -0.999900E+04  -0.999900E+04   0.205635E+03  -0.999900E+04  -0.999900E+04  -0.999900E+04  -0.999900E+04   0.205667E+03   0.947517E+02   0.838438E+00   0.212326E+02   0.150000E+02  -0.322901E-01  -0.999900E+04  -0.999900E+04  -0.999900E+04  -0.999900E+04  -0.116165E+00  -0.999900E+04  -0.999900E+04  -0.999900E+04  -0.999900E+04
   0.100000E+01   0.600000E+01   0.266590E+05   0.260590E+06   0.100000E+01   0.600000E+01   0.266590E+05   0.260590E+06   0.205213E+03  -0.999900E+04  -0.999900E+04  -0.999900E+04  -0.999900E+04   0.205213E+03  -0.999900E+04  -0.999900E+04  -0.999900E+04  -0.999900E+04   0.205434E+03   0.947494E+02   0.100170E+01   0.215268E+02   0.150000E+02  -0.221736E+00  -0.999900E+04  -0.999900E+04  -0.999900E+04  -0.999900E+04  -0.797706E+00  -0.999900E+04  -0.999900E+04  -0.999900E+04  -0.999900E+04
   0.100000E+01   0.600000E+01   0.267782E+05   0.260632E+06   0.100000E+01   0.600000E+01   0.267782E+05   0.260632E+06   0.205107E+03  -0.999900E+04  -0.999900E+04  -0.999900E+04  -0.999900E+04   0.205107E+03  -0.999900E+04  -0.999900E+04  -0.999900E+04  -0.999900E+04   0.205210E+03   0.947474E+02   0.915044E+00   0.216810E+02   0.150000E+02  -0.102254E+00  -0.999900E+04  -0.999900E+04  -0.999900E+04  -0.999900E+04  -0.367861E+00  -0.999900E+04  -0.999900E+04  -0.999900E+04  -0.999900E+04
   0.100000E+01   0.600000E+01   0.268975E+05   0.260677E+06   0.100000E+01   0.600000E+01   0.268975E+05   0.260677E+06   0.204940E+03  -0.999900E+04  -0.999900E+04  -0.999900E+04  -0.999900E+04   0.204940E+03  -0.999900E+04  -0.999900E+04  -0.999900E+04  -0.999900E+04   0.205085E+03   0.947457E+02   0.773378E+00   0.218393E+02   0.150000E+02  -0.144671E+00  -0.999900E+04  -0.999900E+04  -0.999900E+04  -0.999900E+04  -0.520460E+00  -0.999900E+04  -0.999900E+04  -0.999900E+04  -0.999900E+04
   0.100000E+01   0.600000E+01   0.270168E+05   0.260707E+06   0.100000E+01   0.600000E+01   0.270168E+05   0.260707E+06   0.204893E+03  -0.999900E+04  -0.999900E+04  -0.999900E+04  -0.999900E+04   0.204893E+03  -0.999900E+04  -0.999900E+04  -0.999900E+04  -0.999900E+04   0.205023E+03   0.947438E+02   0.658053E+00   0.220012E+02   0.150000E+02  -0.130185E+00  -0.999900E+04  -0.999900E+04  -0.999900E+04  -0.999900E+04  -0.468344E+00  -0.999900E+04  -0.999900E+04  -0.999900E+04  -0.999900E+04
   0.100000E+01   0.600000E+01   0.271360E+05   0.260750E+06   0.100000E+01   0.600000E+01   0.271360E+05   0.260750E+06   0.204850E+03  -0.999900E+04  -0.999900E+04  -0.999900E+04  -0.999900E+04   0.204850E+03  -0.999900E+04  -0.999900E+04  -0.999900E+04  -0.999900E+04   0.204987E+03   0.947427E+02   0.575708E+00   0.223343E+02   0.150000E+02  -0.137274E+00  -0.999900E+04  -0.999900E+04  -0.999900E+04  -0.999900E+04  -0.493849E+00  -0.999900E+04  -0.999900E+04  -0.999900E+04  -0.999900E+04
   0.100000E+01   0.600000E+01   0.272825E+05   0.260795E+06   0.100000E+01   0.600000E+01   0.272825E+05   0.260795E+06   0.204835E+03  -0.999900E+04  -0.999900E+04  -0.999900E+04  -0.999900E+04   0.204835E+03  -0.999900E+04  -0.999900E+04  -0.999900E+04  -0.999900E+04   0.204939E+03   0.947411E+02   0.610317E+00   0.225045E+02   0.150000E+02  -0.104136E+00  -0.999900E+04  -0.999900E+04  -0.999900E+04  -0.999900E+04  -0.374635E+00  -0.999900E+04  -0.999900E+04  -0.999900E+04  -0.999900E+04
   0.100000E+01   0.600000E+01   0.274290E+05   0.260851E+06   0.100000E+01   0.600000E+01   0.274290E+05   0.260851E+06   0.204620E+03  -0.999900E+04  -0.999900E+04  -0.999900E+04  -0.999900E+04   0.204620E+03  -0.999900E+04  -0.999900E+04  -0.999900E+04  -0.999900E+04   0.204695E+03   0.947398E+02   0.111147E+01   0.228502E+02   0.150000E+02  -0.747253E-01  -0.999900E+04  -0.999900E+04  -0.999900E+04  -0.999900E+04  -0.268827E+00  -0.999900E+04  -0.999900E+04  -0.999900E+04  -0.999900E+04
   0.100000E+01   0.600000E+01   0.275617E+05   0.260888E+06   0.100000E+01   0.600000E+01   0.275617E+05   0.260888E+06   0.204450E+03  -0.999900E+04  -0.999900E+04  -0.999900E+04  -0.999900E+04   0.204450E+03  -0.999900E+04  -0.999900E+04  -0.999900E+04  -0.999900E+04   0.204243E+03   0.947378E+02   0.119737E+01   0.230249E+02   0.150000E+02   0.207389E+00  -0.999900E+04  -0.999900E+04  -0.999900E+04  -0.999900E+04   0.746090E+00  -0.999900E+04  -0.999900E+04  -0.999900E+04  -0.999900E+04
   0.100000E+01   0.600000E+01   0.276943E+05   0.260926E+06   0.100000E+01   0.600000E+01   0.276943E+05   0.260926E+06   0.203840E+03  -0.999900E+04  -0.999900E+04  -0.999900E+04  -0.999900E+04   0.203840E+03  -0.999900E+04  -0.999900E+04  -0.999900E+04  -0.999900E+04   0.203819E+03   0.947358E+02   0.124882E+01   0.232003E+02   0.150000E+02   0.214076E-01  -0.999900E+04  -0.999900E+04  -0.999900E+04  -0.999900E+04   0.770146E-01  -0.999900E+04  -0.999900E+04  -0.999900E+04  -0.999900E+04
   0.100000E+01   0.600000E+01   0.278270E+05   0.260958E+06   0.100000E+01   0.600000E+01   0.278270E+05   0.260958E+06   0.203390E+03  -0.999900E+04  -0.999900E+04  -0.999900E+04  -0.999900E+04   0.203390E+03  -0.999900E+04  -0.999900E+04  -0.999900E+04  -0.999900E+04   0.203482E+03   0.947336E+02   0.121928E+01   0.235517E+02   0.150000E+02  -0.922217E-01  -0.999900E+04  -0.999900E+04  -0.999900E+04  -0.999900E+04  -0.331771E+00  -0.999900E+04  -0.999900E+04  -0.999900E+04  -0.999900E+04
   0.100000E+01   0.600000E+01   0.279570E+05   0.261001E+06   0.100000E+01   0.600000E+01   0.279570E+05   0.261001E+06   0.203197E+03  -0.999900E+04  -0.999900E+04  -0.999900E+04  -0.999900E+04   0.203197E+03  -0.999900E+04  -0.999900E+04  -0.999900E+04  -0.999900E+04   0.203264E+03   0.947318E+02   0.103419E+01   0.237268E+02   0.150000E+02  -0.666148E-01  -0.999900E+04  -0.999900E+04  -0.999900E+04  -0.999900E+04  -0.239649E+00  -0.999900E+04  -0.999900E+04  -0.999900E+04  -0.999900E+04
   0.100000E+01   0.600000E+01   0.281160E+05   0.261061E+06   0.100000E+01   0.600000E+01   0.281160E+05   0.261061E+06   0.203002E+03  -0.999900E+04  -0.999900E+04  -0.999900E+04  -0.999900E+04   0.203002E+03  -0.999900E+04  -0.999900E+04  -0.999900E+04  -0.999900E+04   0.203197E+03   0.947296E+02   0.559020E+00   0.240743E+02   0.150000E+02  -0.194121E+00  -0.999900E+04  -0.999900E+04  -0.999900E+04  -0.999900E+04  -0.698357E+00  -0.999900E+04  -0.999900E+04  -0.999900E+04  -0.999900E+04
   0.100000E+01   0.600000E+01   0.282232E+05   0.261106E+06   0.100000E+01   0.600000E+01   0.282232E+05   0.261106E+06   0.202920E+03  -0.999900E+04  -0.999900E+04  -0.999900E+04  -0.999900E+04   0.202920E+03  -0.999900E+04  -0.999900E+04  -0.999900E+04  -0.999900E+04   0.203176E+03   0.947282E+02   0.552108E+00   0.242460E+02   0.150000E+02  -0.256374E+00  -0.999900E+04  -0.999900E+04  -0.999900E+04  -0.999900E+04  -0.922315E+00  -0.999900E+04  -0.999900E+04  -0.999900E+04  -0.999900E+04
   0.100000E+01   0.600000E+01   0.283305E+05   0.261138E+06   0.100000E+01   0.600000E+01   0.283305E+05   0.261138E+06   0.202895E+03  -0.999900E+04  -0.999900E+04  -0.999900E+04  -0.999900E+04   0.202895E+03  -0.999900E+04  -0.999900E+04  -0.999900E+04  -0.999900E+04   0.203155E+03   0.947261E+02   0.548740E+00   0.244158E+02   0.150000E+02  -0.260497E+00  -0.999900E+04  -0.999900E+04  -0.999900E+04  -0.999900E+04  -0.937150E+00  -0.999900E+04  -0.999900E+04  -0.999900E+04  -0.999900E+04
   0.100000E+01   0.600000E+01   0.284378E+05   0.261161E+06   0.100000E+01   0.600000E+01   0.284378E+05   0.261161E+06   0.202873E+03  -0.999900E+04  -0.999900E+04  -0.999900E+04  -0.999900E+04   0.202873E+03  -0.999900E+04  -0.999900E+04  -0.999900E+04  -0.999900E+04   0.203134E+03   0.947234E+02   0.548853E+00   0.245834E+02   0.150000E+02  -0.261030E+00  -0.999900E+04  -0.999900E+04  -0.999900E+04  -0.999900E+04  -0.939066E+00  -0.999900E+04  -0.999900E+04  -0.999900E+04  -0.999900E+04
   0.100000E+01   0.600000E+01   0.285450E+05   0.261193E+06   0.100000E+01   0.600000E+01   0.285450E+05   0.261193E+06   0.202808E+03  -0.999900E+04  -0.999900E+04  -0.999900E+04  -0.999900E+04   0.202808E+03  -0.999900E+04  -0.999900E+04  -0.999900E+04  -0.999900E+04   0.203110E+03   0.947211E+02   0.552619E+00   0.247485E+02   0.150000E+02  -0.302452E+00  -0.999900E+04  -0.999900E+04  -0.999900E+04  -0.999900E+04  -0.108808E+01  -0.999900E+04  -0.999900E+04  -0.999900E+04  -0.999900E+04
   0.100000E+01   0.600000E+01   0.286522E+05   0.261233E+06   0.100000E+01   0.600000E+01   0.286522E+05   0.261233E+06   0.202750E+03  -0.999900E+04  -0.999900E+04  -0.999900E+04  -0.999900E+04   0.202750E+03  -0.999900E+04  -0.999900E+04  -0.999900E+04  -0.999900E+04   0.203084E+03   0.947190E+02   0.560419E+00   0.249107E+02   0.150000E+02  -0.334058E+00  -0.999900E+04  -0.999900E+04  -0.999900E+04  -0.999900E+04  -0.120179E+01  -0.999900E+04  -0.999900E+04  -0.999900E+04  -0.999900E+04
   0.100000E+01   0.600000E+01   0.287595E+05   0.261256E+06   0.100000E+01   0.600000E+01   0.287595E+05   0.261256E+06   0.202720E+03  -0.999900E+04  -0.999900E+04  -0.999900E+04  -0.999900E+04   0.202720E+03  -0.999900E+04  -0.999900E+04  -0.999900E+04  -0.999900E+04   0.203055E+03   0.947160E+02   0.573016E+00   0.250699E+02   0.150000E+02  -0.334870E+00  -0.999900E+04  -0.999900E+04  -0.999900E+04  -0.999900E+04  -0.120471E+01  -0.999900E+04  -0.999900E+04  -0.999900E+04  -0.999900E+04
   0.100000E+01   0.600000E+01   0.288668E+05   0.261298E+06   0.100000E+01   0.600000E+01   0.288668E+05   0.261298E+06   0.202662E+03  -0.999900E+04  -0.999900E+04  -0.999900E+04  -0.999900E+04   0.202662E+03  -0.999900E+04  -0.999900E+04  -0.999900E+04  -0.999900E+04   0.203021E+03   0.947138E+02   0.591836E+00   0.253775E+02   0.150000E+02  -0.358709E+00  -0.999900E+04  -0.999900E+04  -0.999900E+04  -0.999900E+04  -0.129047E+01  -0.999900E+04  -0.999900E+04  -0.999900E+04  -0.999900E+04
   0.100000E+01   0.600000E+01   0.289740E+05   0.261329E+06   0.100000E+01   0.600000E+01   0.289740E+05   0.261329E+06   0.202560E+03  -0.999900E+04  -0.999900E+04  -0.999900E+04  -0.999900E+04   0.202560E+03  -0.999900E+04  -0.999900E+04  -0.999900E+04  -0.999900E+04   0.202981E+03   0.947110E+02   0.619373E+00   0.255255E+02   0.150000E+02  -0.420632E+00  -0.999900E+04  -0.999900E+04  -0.999900E+04  -0.999900E+04  -0.151324E+01  -0.999900E+04  -0.999900E+04  -0.999900E+04  -0.999900E+04
   0.100000E+01   0.600000E+01   0.291210E+05   0.261377E+06   0.100000E+01   0.600000E+01   0.291210E+05   0.261377E+06   0.202360E+03  -0.999900E+04  -0.999900E+04  -0.999900E+04  -0.999900E+04   0.202360E+03  -0.999900E+04  -0.999900E+04  -0.999900E+04  -0.999900E+04   0.202676E+03   0.947089E+02   0.156643E+01   0.256692E+02   0.150000E+02  -0.316070E+00  -0.999900E+04  -0.999900E+04  -0.999900E+04  -0.999900E+04  -0.113707E+01  -0.999900E+04  -0.999900E+04  -0.999900E+04  -0.999900E+04
   0.100000E+01   0.600000E+01   0.292035E+05   0.261397E+06   0.100000E+01   0.600000E+01   0.292035E+05   0.261397E+06   0.202298E+03  -0.999900E+04  -0.999900E+04  -0.999900E+04  -0.999900E+04   0.202298E+03  -0.999900E+04  -0.999900E+04  -0.999900E+04  -0.999900E+04   0.202222E+03   0.947083E+02   0.169214E+01   0.258084E+02   0.150000E+02   0.757499E-01  -0.999900E+04  -0.999900E+04  -0.999900E+04  -0.999900E+04   0.272513E+00  -0.999900E+04  -0.999900E+04  -0.999900E+04  -0.999900E+04
   0.100000E+01   0.600000E+01   0.292860E+05   0.261424E+06   0.100000E+01   0.600000E+01   0.292860E+05   0.261424E+06   0.202225E+03  -0.999900E+04  -0.999900E+04  -0.999900E+04  -0.999900E+04   0.202225E+03  -0.999900E+04  -0.999900E+04  -0.999900E+04  -0.999900E+04   0.201892E+03   0.947078E+02   0.131546E+01   0.259427E+02   0.150000E+02   0.333280E+00  -0.999900E+04  -0.999900E+04  -0.999900E+04  -0.999900E+04   0.119899E+01  -0.999900E+04  -0.999900E+04  -0.999900E+04  -0.999900E+04
   0.100000E+01   0.600000E+01   0.293878E+05   0.261467E+06   0.100000E+01   0.600000E+01   0.293878E+05   0.261467E+06   0.202077E+03  -0.999900E+04  -0.999900E+04  -0.999900E+04  -0.999900E+04   0.202077E+03  -0.999900E+04  -0.999900E+04  -0.999900E+04  -0.999900E+04   0.201528E+03   0.947072E+02   0.140840E+01   0.260721E+02   0.150000E+02   0.549056E+00  -0.999900E+04  -0.999900E+04  -0.999900E+04  -0.999900E+04   0.197525E+01  -0.999900E+04  -0.999900E+04  -0.999900E+04  -0.999900E+04
   0.100000E+01   0.600000E+01   0.294895E+05   0.261489E+06   0.100000E+01   0.600000E+01   0.294895E+05   0.261489E+06   0.201657E+03  -0.999900E+04  -0.999900E+04  -0.999900E+04  -0.999900E+04   0.201657E+03  -0.999900E+04  -0.999900E+04  -0.999900E+04  -0.999900E+04   0.201201E+03   0.947054E+02   0.140029E+01   0.261961E+02   0.150000E+02   0.456358E+00  -0.999900E+04  -0.999900E+04  -0.999900E+04  -0.999900E+04   0.164177E+01  -0.999900E+04  -0.999900E+04  -0.999900E+04  -0.999900E+04
   0.100000E+01   0.600000E+01   0.295912E+05   0.261519E+06   0.100000E+01   0.600000E+01   0.295912E+05   0.261519E+06   0.201120E+03  -0.999900E+04  -0.999900E+04  -0.999900E+04  -0.999900E+04   0.201120E+03  -0.999900E+04  -0.999900E+04  -0.999900E+04  -0.999900E+04   0.200989E+03   0.947039E+02   0.123063E+01   0.263146E+02   0.150000E+02   0.131161E+00  -0.999900E+04  -0.999900E+04  -0.999900E+04  -0.999900E+04   0.471856E+00  -0.999900E+04  -0.999900E+04  -0.999900E+04  -0.999900E+04
   0.100000E+01   0.600000E+01   0.296930E+05   0.261552E+06   0.100000E+01   0.600000E+01   0.296930E+05   0.261552E+06   0.201110E+03  -0.999900E+04  -0.999900E+04  -0.999900E+04  -0.999900E+04   0.201110E+03  -0.999900E+04  -0.999900E+04  -0.999900E+04  -0.999900E+04   0.200885E+03   0.947025E+02   0.101381E+01   0.264274E+02   0.150000E+02   0.224814E+00  -0.999900E+04  -0.999900E+04  -0.999900E+04  -0.999900E+04   0.808777E+00  -0.999900E+04  -0.999900E+04  -0.999900E+04  -0.999900E+04
   0.100000E+01   0.600000E+01   0.298063E+05   0.261592E+06   0.100000E+01   0.600000E+01   0.298063E+05   0.261592E+06   0.201020E+03  -0.999900E+04  -0.999900E+04  -0.999900E+04  -0.999900E+04   0.201020E+03  -0.999900E+04  -0.999900E+04  -0.999900E+04  -0.999900E+04   0.200791E+03   0.947013E+02   0.994159E+00   0.265343E+02   0.150000E+02   0.229278E+00  -0.999900E+04  -0.999900E+04  -0.999900E+04  -0.999900E+04   0.824835E+00  -0.999900E+04  -0.999900E+04  -0.999900E+04  -0.999900E+04
   0.100000E+01   0.600000E+01   0.299197E+05   0.261617E+06   0.100000E+01   0.600000E+01   0.299197E+05   0.261617E+06   0.200820E+03  -0.999900E+04  -0.999900E+04  -0.999900E+04  -0.999900E+04   0.200820E+03  -0.999900E+04  -0.999900E+04  -0.999900E+04  -0.999900E+04   0.200688E+03   0.946994E+02   0.101522E+01   0.267293E+02   0.150000E+02   0.131547E+00  -0.999900E+04  -0.999900E+04  -0.999900E+04  -0.999900E+04   0.473244E+00  -0.999900E+04  -0.999900E+04  -0.999900E+04  -0.999900E+04
   0.100000E+01   0.600000E+01   0.300330E+05   0.261659E+06   0.100000E+01   0.600000E+01   0.300330E+05   0.261659E+06   0.200700E+03  -0.999900E+04  -0.999900E+04  -0.999900E+04  -0.999900E+04   0.200700E+03  -0.999900E+04  -0.999900E+04  -0.999900E+04  -0.999900E+04   0.200560E+03   0.946982E+02   0.109192E+01   0.268171E+02   0.150000E+02   0.139917E+00  -0.999900E+04  -0.999900E+04  -0.999900E+04  -0.999900E+04   0.503358E+00  -0.999900E+04  -0.999900E+04  -0.999900E+04  -0.999900E+04
   0.100000E+01   0.600000E+01   0.301240E+05   0.261688E+06   0.100000E+01   0.600000E+01   0.301240E+05   0.261688E+06   0.200623E+03  -0.999900E+04  -0.999900E+04  -0.999900E+04  -0.999900E+04   0.200623E+03  -0.999900E+04  -0.999900E+04  -0.999900E+04  -0.999900E+04   0.200459E+03   0.946972E+02   0.106367E+01   0.268982E+02   0.150000E+02   0.163146E+00  -0.999900E+04  -0.999900E+04  -0.999900E+04  -0.999900E+04   0.586926E+00  -0.999900E+04  -0.999900E+04  -0.999900E+04  -0.999900E+04
   0.100000E+01   0.600000E+01   0.302150E+05   0.261708E+06   0.100000E+01   0.600000E+01   0.302150E+05   0.261708E+06   0.200623E+03  -0.999900E+04  -0.999900E+04  -0.999900E+04  -0.999900E+04   0.200623E+03  -0.999900E+04  -0.999900E+04  -0.999900E+04  -0.999900E+04   0.200369E+03   0.946957E+02   0.102399E+01   0.269723E+02   0.150000E+02   0.253669E+00  -0.999900E+04  -0.999900E+04  -0.999900E+04  -0.999900E+04   0.912585E+00  -0.999900E+04  -0.999900E+04  -0.999900E+04  -0.999900E+04
   0.100000E+01   0.600000E+01   0.303213E+05   0.261740E+06   0.100000E+01   0.600000E+01   0.303213E+05   0.261740E+06   0.200540E+03  -0.999900E+04  -0.999900E+04  -0.999900E+04  -0.999900E+04   0.200540E+03  -0.999900E+04  -0.999900E+04  -0.999900E+04  -0.999900E+04   0.200262E+03   0.946945E+02   0.101268E+01   0.270394E+02   0.150000E+02   0.277972E+00  -0.999900E+04  -0.999900E+04  -0.999900E+04  -0.999900E+04   0.100002E+01  -0.999900E+04  -0.999900E+04  -0.999900E+04  -0.999900E+04
   0.100000E+01   0.600000E+01   0.304277E+05   0.261785E+06   0.100000E+01   0.600000E+01   0.304277E+05   0.261785E+06   0.200298E+03  -0.999900E+04  -0.999900E+04  -0.999900E+04  -0.999900E+04   0.200298E+03  -0.999900E+04  -0.999900E+04  -0.999900E+04  -0.999900E+04   0.200136E+03   0.946938E+02   0.105801E+01   0.270993E+02   0.150000E+02   0.161361E+00  -0.999900E+04  -0.999900E+04  -0.999900E+04  -0.999900E+04   0.580503E+00  -0.999900E+04  -0.999900E+04  -0.999900E+04  -0.999900E+04
   0.100000E+01   0.600000E+01   0.305340E+05   0.261813E+06   0.100000E+01   0.600000E+01   0.305340E+05   0.261813E+06   0.200012E+03  -0.999900E+04  -0.999900E+04  -0.999900E+04  -0.999900E+04   0.200012E+03  -0.999900E+04  -0.999900E+04  -0.999900E+04  -0.999900E+04   0.199919E+03   0.946923E+02   0.128808E+01   0.271519E+02   0.150000E+02   0.935246E-01  -0.999900E+04  -0.999900E+04  -0.999900E+04  -0.999900E+04   0.336459E+00  -0.999900E+04  -0.999900E+04  -0.999900E+04  -0.999900E+04
   0.100000E+01   0.600000E+01   0.306880E+05   0.261848E+06   0.100000E+01   0.600000E+01   0.306880E+05   0.261848E+06   0.199705E+03  -0.999900E+04  -0.999900E+04  -0.999900E+04  -0.999900E+04   0.199705E+03  -0.999900E+04  -0.999900E+04  -0.999900E+04  -0.999900E+04   0.199741E+03   0.946888E+02   0.851644E+00   0.272343E+02   0.150000E+02  -0.362050E-01  -0.999900E+04  -0.999900E+04  -0.999900E+04  -0.999900E+04  -0.130249E+00  -0.999900E+04  -0.999900E+04  -0.999900E+04  -0.999900E+04
   0.100000E+01   0.600000E+01   0.307710E+05   0.261873E+06   0.100000E+01   0.600000E+01   0.307710E+05   0.261873E+06   0.199585E+03  -0.999900E+04  -0.999900E+04  -0.999900E+04  -0.999900E+04   0.199585E+03  -0.999900E+04  -0.999900E+04  -0.999900E+04  -0.999900E+04   0.199647E+03   0.946872E+02   0.104504E+01   0.272343E+02   0.150000E+02  -0.619006E-01  -0.999900E+04  -0.999900E+04  -0.999900E+04  -0.999900E+04  -0.222690E+00  -0.999900E+04  -0.999900E+04  -0.999900E+04  -0.999900E+04
   0.100000E+01   0.600000E+01   0.308580E+05   0.261905E+06   0.100000E+01   0.600000E+01   0.308580E+05   0.261905E+06   0.199440E+03  -0.999900E+04  -0.999900E+04  -0.999900E+04  -0.999900E+04   0.199440E+03  -0.999900E+04  -0.999900E+04  -0.999900E+04  -0.999900E+04   0.199533E+03   0.946862E+02   0.112724E+01   0.272639E+02   0.150000E+02  -0.929458E-01  -0.999900E+04  -0.999900E+04  -0.999900E+04  -0.999900E+04  -0.334376E+00  -0.999900E+04  -0.999900E+04  -0.999900E+04  -0.999900E+04
   0.100000E+01   0.600000E+01   0.310990E+05   0.261973E+06   0.100000E+01   0.600000E+01   0.310990E+05   0.261973E+06   0.199295E+03  -0.999900E+04  -0.999900E+04  -0.999900E+04  -0.999900E+04   0.199295E+03  -0.999900E+04  -0.999900E+04  -0.999900E+04  -0.999900E+04   0.199387E+03   0.946828E+02   0.761488E+00   0.273051E+02   0.150000E+02  -0.918305E-01  -0.999900E+04  -0.999900E+04  -0.999900E+04  -0.999900E+04  -0.330364E+00  -0.999900E+04  -0.999900E+04  -0.999900E+04  -0.999900E+04
   0.100000E+01   0.600000E+01   0.312780E+05   0.262034E+06   0.100000E+01   0.600000E+01   0.312780E+05   0.262034E+06   0.199062E+03  -0.999900E+04  -0.999900E+04  -0.999900E+04  -0.999900E+04   0.199062E+03  -0.999900E+04  -0.999900E+04  -0.999900E+04  -0.999900E+04   0.199263E+03   0.946799E+02   0.906931E+00   0.272919E+02   0.150000E+02  -0.200860E+00  -0.999900E+04  -0.999900E+04  -0.999900E+04  -0.999900E+04  -0.722603E+00  -0.999900E+04  -0.999900E+04  -0.999900E+04  -0.999900E+04
   0.100000E+01   0.600000E+01   0.313495E+05   0.262044E+06   0.100000E+01   0.600000E+01   0.313495E+05   0.262044E+06   0.198988E+03  -0.999900E+04  -0.999900E+04  -0.999900E+04  -0.999900E+04   0.198988E+03  -0.999900E+04  -0.999900E+04  -0.999900E+04  -0.999900E+04   0.199190E+03   0.946776E+02   0.934847E+00   0.272919E+02   0.150000E+02  -0.202408E+00  -0.999900E+04  -0.999900E+04  -0.999900E+04  -0.999900E+04  -0.728172E+00  -0.999900E+04  -0.999900E+04  -0.999900E+04  -0.999900E+04
   0.100000E+01   0.600000E+01   0.314210E+05   0.262069E+06   0.100000E+01   0.600000E+01   0.314210E+05   0.262069E+06   0.198930E+03  -0.999900E+04  -0.999900E+04  -0.999900E+04  -0.999900E+04   0.198930E+03  -0.999900E+04  -0.999900E+04  -0.999900E+04  -0.999900E+04   0.199118E+03   0.946762E+02   0.945728E+00   0.272728E+02   0.150000E+02  -0.188355E+00  -0.999900E+04  -0.999900E+04  -0.999900E+04  -0.999900E+04  -0.677614E+00  -0.999900E+04  -0.999900E+04  -0.999900E+04  -0.999900E+04
   0.100000E+01   0.600000E+01   0.314940E+05   0.262079E+06   0.100000E+01   0.600000E+01   0.314940E+05   0.262079E+06   0.198875E+03  -0.999900E+04  -0.999900E+04  -0.999900E+04  -0.999900E+04   0.198875E+03  -0.999900E+04  -0.999900E+04  -0.999900E+04  -0.999900E+04   0.199058E+03   0.946741E+02   0.902478E+00   0.272454E+02   0.150000E+02  -0.183377E+00  -0.999900E+04  -0.999900E+04  -0.999900E+04  -0.999900E+04  -0.659705E+00  -0.999900E+04  -0.999900E+04  -0.999900E+04  -0.999900E+04
   0.100000E+01   0.600000E+01   0.315670E+05   0.262099E+06   0.100000E+01   0.600000E+01   0.315670E+05   0.262099E+06   0.198770E+03  -0.999900E+04  -0.999900E+04  -0.999900E+04  -0.999900E+04   0.198770E+03  -0.999900E+04  -0.999900E+04  -0.999900E+04  -0.999900E+04   0.199011E+03   0.946726E+02   0.838650E+00   0.272095E+02   0.150000E+02  -0.240655E+00  -0.999900E+04  -0.999900E+04  -0.999900E+04  -0.999900E+04  -0.865767E+00  -0.999900E+04  -0.999900E+04  -0.999900E+04  -0.999900E+04
   0.100000E+01   0.600000E+01   0.316400E+05   0.262121E+06   0.100000E+01   0.600000E+01   0.316400E+05   0.262121E+06   0.198780E+03  -0.999900E+04  -0.999900E+04  -0.999900E+04  -0.999900E+04   0.198780E+03  -0.999900E+04  -0.999900E+04  -0.999900E+04  -0.999900E+04   0.198975E+03   0.946712E+02   0.763175E+00   0.271652E+02   0.150000E+02  -0.194852E+00  -0.999900E+04  -0.999900E+04  -0.999900E+04  -0.999900E+04  -0.700987E+00  -0.999900E+04  -0.999900E+04  -0.999900E+04  -0.999900E+04
   0.100000E+01   0.600000E+01   0.317130E+05   0.262141E+06   0.100000E+01   0.600000E+01   0.317130E+05   0.262141E+06   0.198735E+03  -0.999900E+04  -0.999900E+04  -0.999900E+04  -0.999900E+04   0.198735E+03  -0.999900E+04  -0.999900E+04  -0.999900E+04  -0.999900E+04   0.198950E+03   0.946696E+02   0.689037E+00   0.271652E+02   0.150000E+02  -0.214546E+00  -0.999900E+04  -0.999900E+04  -0.999900E+04  -0.999900E+04  -0.771837E+00  -0.999900E+04  -0.999900E+04  -0.999900E+04  -0.999900E+04
   0.100000E+01   0.600000E+01   0.317692E+05   0.262159E+06   0.100000E+01   0.600000E+01   0.317692E+05   0.262159E+06   0.198705E+03  -0.999900E+04  -0.999900E+04  -0.999900E+04  -0.999900E+04   0.198705E+03  -0.999900E+04  -0.999900E+04  -0.999900E+04  -0.999900E+04   0.198911E+03   0.946688E+02   0.852193E+00   0.271122E+02   0.150000E+02  -0.206361E+00  -0.999900E+04  -0.999900E+04  -0.999900E+04  -0.999900E+04  -0.742393E+00  -0.999900E+04  -0.999900E+04  -0.999900E+04  -0.999900E+04
   0.100000E+01   0.600000E+01   0.318255E+05   0.262176E+06   0.100000E+01   0.600000E+01   0.318255E+05   0.262176E+06   0.198688E+03  -0.999900E+04  -0.999900E+04  -0.999900E+04  -0.999900E+04   0.198688E+03  -0.999900E+04  -0.999900E+04  -0.999900E+04  -0.999900E+04   0.198865E+03   0.946682E+02   0.964722E+00   0.271122E+02   0.150000E+02  -0.177833E+00  -0.999900E+04  -0.999900E+04  -0.999900E+04  -0.999900E+04  -0.639760E+00  -0.999900E+04  -0.999900E+04  -0.999900E+04  -0.999900E+04
   0.100000E+01   0.600000E+01   0.318818E+05   0.262201E+06   0.100000E+01   0.600000E+01   0.318818E+05   0.262201E+06   0.198655E+03  -0.999900E+04  -0.999900E+04  -0.999900E+04  -0.999900E+04   0.198655E+03  -0.999900E+04  -0.999900E+04  -0.999900E+04  -0.999900E+04   0.198824E+03   0.946679E+02   0.929287E+00   0.270508E+02   0.150000E+02  -0.168792E+00  -0.999900E+04  -0.999900E+04  -0.999900E+04  -0.999900E+04  -0.607235E+00  -0.999900E+04  -0.999900E+04  -0.999900E+04  -0.999900E+04
   0.100000E+01   0.600000E+01   0.319380E+05   0.262209E+06   0.100000E+01   0.600000E+01   0.319380E+05   0.262209E+06   0.198635E+03  -0.999900E+04  -0.999900E+04  -0.999900E+04  -0.999900E+04   0.198635E+03  -0.999900E+04  -0.999900E+04  -0.999900E+04  -0.999900E+04   0.198798E+03   0.946666E+02   0.766971E+00   0.269807E+02   0.150000E+02  -0.163343E+00  -0.999900E+04  -0.999900E+04  -0.999900E+04  -0.999900E+04  -0.587632E+00  -0.999900E+04  -0.999900E+04  -0.999900E+04  -0.999900E+04
   0.100000E+01   0.600000E+01   0.319925E+05   0.262224E+06   0.100000E+01   0.600000E+01   0.319925E+05   0.262224E+06   0.198595E+03  -0.999900E+04  -0.999900E+04  -0.999900E+04  -0.999900E+04   0.198595E+03  -0.999900E+04  -0.999900E+04  -0.999900E+04  -0.999900E+04   0.198764E+03   0.946657E+02   0.805534E+00   0.269807E+02   0.150000E+02  -0.168696E+00  -0.999900E+04  -0.999900E+04  -0.999900E+04  -0.999900E+04  -0.606889E+00  -0.999900E+04  -0.999900E+04  -0.999900E+04  -0.999900E+04
   0.100000E+01   0.600000E+01   0.320470E+05   0.262249E+06   0.100000E+01   0.600000E+01   0.320470E+05   0.262249E+06   0.198560E+03  -0.999900E+04  -0.999900E+04  -0.999900E+04  -0.999900E+04   0.198560E+03  -0.999900E+04  -0.999900E+04  -0.999900E+04  -0.999900E+04   0.198723E+03   0.946652E+02   0.849161E+00   0.269021E+02   0.150000E+02  -0.162810E+00  -0.999900E+04  -0.999900E+04  -0.999900E+04  -0.999900E+04  -0.585715E+00  -0.999900E+04  -0.999900E+04  -0.999900E+04  -0.999900E+04
   0.100000E+01   0.600000E+01   0.321015E+05   0.262264E+06   0.100000E+01   0.600000E+01   0.321015E+05   0.262264E+06   0.198537E+03  -0.999900E+04  -0.999900E+04  -0.999900E+04  -0.999900E+04   0.198537E+03  -0.999900E+04  -0.999900E+04  -0.999900E+04  -0.999900E+04   0.198675E+03   0.946642E+02   0.885484E+00   0.269021E+02   0.150000E+02  -0.137250E+00  -0.999900E+04  -0.999900E+04  -0.999900E+04  -0.999900E+04  -0.493761E+00  -0.999900E+04  -0.999900E+04  -0.999900E+04  -0.999900E+04
   0.100000E+01   0.600000E+01   0.321560E+05   0.262280E+06   0.100000E+01   0.600000E+01   0.321560E+05   0.262280E+06   0.198518E+03  -0.999900E+04  -0.999900E+04  -0.999900E+04  -0.999900E+04   0.198518E+03  -0.999900E+04  -0.999900E+04  -0.999900E+04  -0.999900E+04   0.198618E+03   0.946633E+02   0.912728E+00   0.268148E+02   0.150000E+02  -0.100752E+00  -0.999900E+04  -0.999900E+04  -0.999900E+04  -0.999900E+04  -0.362458E+00  -0.999900E+04  -0.999900E+04  -0.999900E+04  -0.999900E+04
   0.100000E+01   0.600000E+01   0.322105E+05   0.262287E+06   0.100000E+01   0.600000E+01   0.322105E+05   0.262287E+06   0.198455E+03  -0.999900E+04  -0.999900E+04  -0.999900E+04  -0.999900E+04   0.198455E+03  -0.999900E+04  -0.999900E+04  -0.999900E+04  -0.999900E+04   0.198556E+03   0.946618E+02   0.916160E+00   0.268148E+02   0.150000E+02  -0.101273E+00  -0.999900E+04  -0.999900E+04  -0.999900E+04  -0.999900E+04  -0.364332E+00  -0.999900E+04  -0.999900E+04  -0.999900E+04  -0.999900E+04
   0.100000E+01   0.600000E+01   0.322650E+05   0.262302E+06   0.100000E+01   0.600000E+01   0.322650E+05   0.262302E+06   0.198428E+03  -0.999900E+04  -0.999900E+04  -0.999900E+04  -0.999900E+04   0.198428E+03  -0.999900E+04  -0.999900E+04  -0.999900E+04  -0.999900E+04   0.198502E+03   0.946607E+02   0.880925E+00   0.267189E+02   0.150000E+02  -0.741359E-01  -0.999900E+04  -0.999900E+04  -0.999900E+04  -0.999900E+04  -0.266707E+00  -0.999900E+04  -0.999900E+04  -0.999900E+04  -0.999900E+04
   0.100000E+01   0.600000E+01   0.323160E+05   0.262325E+06   0.100000E+01   0.600000E+01   0.323160E+05   0.262325E+06   0.198398E+03  -0.999900E+04  -0.999900E+04  -0.999900E+04  -0.999900E+04   0.198398E+03  -0.999900E+04  -0.999900E+04  -0.999900E+04  -0.999900E+04   0.198452E+03   0.946600E+02   0.858697E+00   0.266144E+02   0.150000E+02  -0.542015E-01  -0.999900E+04  -0.999900E+04  -0.999900E+04  -0.999900E+04  -0.194992E+00  -0.999900E+04  -0.999900E+04  -0.999900E+04  -0.999900E+04
   0.100000E+01   0.600000E+01   0.324070E+05   0.262355E+06   0.100000E+01   0.600000E+01   0.324070E+05   0.262355E+06   0.198312E+03  -0.999900E+04  -0.999900E+04  -0.999900E+04  -0.999900E+04   0.198312E+03  -0.999900E+04  -0.999900E+04  -0.999900E+04  -0.999900E+04   0.198354E+03   0.946584E+02   0.869342E+00   0.265014E+02   0.150000E+02  -0.411963E-01  -0.999900E+04  -0.999900E+04  -0.999900E+04  -0.999900E+04  -0.148205E+00  -0.999900E+04  -0.999900E+04  -0.999900E+04  -0.999900E+04
   0.100000E+01   0.600000E+01   0.324860E+05   0.262367E+06   0.100000E+01   0.600000E+01   0.324860E+05   0.262367E+06   0.198235E+03  -0.999900E+04  -0.999900E+04  -0.999900E+04  -0.999900E+04   0.198235E+03  -0.999900E+04  -0.999900E+04  -0.999900E+04  -0.999900E+04   0.198258E+03   0.946565E+02   0.897668E+00   0.265014E+02   0.150000E+02  -0.233170E-01  -0.999900E+04  -0.999900E+04  -0.999900E+04  -0.999900E+04  -0.838838E-01  -0.999900E+04  -0.999900E+04  -0.999900E+04  -0.999900E+04
   0.100000E+01   0.600000E+01   0.325710E+05   0.262400E+06   0.100000E+01   0.600000E+01   0.325710E+05   0.262400E+06   0.198065E+03  -0.999900E+04  -0.999900E+04  -0.999900E+04  -0.999900E+04   0.198065E+03  -0.999900E+04  -0.999900E+04  -0.999900E+04  -0.999900E+04   0.198129E+03   0.946553E+02   0.955708E+00   0.263798E+02   0.150000E+02  -0.635807E-01  -0.999900E+04  -0.999900E+04  -0.999900E+04  -0.999900E+04  -0.228734E+00  -0.999900E+04  -0.999900E+04  -0.999900E+04  -0.999900E+04
   0.100000E+01   0.600000E+01   0.326400E+05   0.262420E+06   0.100000E+01   0.600000E+01   0.326400E+05   0.262420E+06   0.197912E+03  -0.999900E+04  -0.999900E+04  -0.999900E+04  -0.999900E+04   0.197912E+03  -0.999900E+04  -0.999900E+04  -0.999900E+04  -0.999900E+04   0.197993E+03   0.946541E+02   0.103860E+01   0.262497E+02   0.150000E+02  -0.805730E-01  -0.999900E+04  -0.999900E+04  -0.999900E+04  -0.999900E+04  -0.289865E+00  -0.999900E+04  -0.999900E+04  -0.999900E+04  -0.999900E+04
   0.100000E+01   0.600000E+01   0.327090E+05   0.262442E+06   0.100000E+01   0.600000E+01   0.327090E+05   0.262442E+06   0.197620E+03  -0.999900E+04  -0.999900E+04  -0.999900E+04  -0.999900E+04   0.197620E+03  -0.999900E+04  -0.999900E+04  -0.999900E+04  -0.999900E+04   0.197834E+03   0.946529E+02   0.110508E+01   0.261111E+02   0.150000E+02  -0.213951E+00  -0.999900E+04  -0.999900E+04  -0.999900E+04  -0.999900E+04  -0.769699E+00  -0.999900E+04  -0.999900E+04  -0.999900E+04  -0.999900E+04
   0.100000E+01   0.600000E+01   0.327660E+05   0.262460E+06   0.100000E+01   0.600000E+01   0.327660E+05   0.262460E+06   0.197477E+03  -0.999900E+04  -0.999900E+04  -0.999900E+04  -0.999900E+04   0.197477E+03  -0.999900E+04  -0.999900E+04  -0.999900E+04  -0.999900E+04   0.197706E+03   0.946519E+02   0.110070E+01   0.261111E+02   0.150000E+02  -0.228335E+00  -0.999900E+04  -0.999900E+04  -0.999900E+04  -0.999900E+04  -0.821446E+00  -0.999900E+04  -0.999900E+04  -0.999900E+04  -0.999900E+04
   0.100000E+01   0.600000E+01   0.328230E+05   0.262480E+06   0.100000E+01   0.600000E+01   0.328230E+05   0.262480E+06   0.197425E+03  -0.999900E+04  -0.999900E+04  -0.999900E+04  -0.999900E+04   0.197425E+03  -0.999900E+04  -0.999900E+04  -0.999900E+04  -0.999900E+04   0.197598E+03   0.946509E+02   0.105633E+01   0.259641E+02   0.150000E+02  -0.172909E+00  -0.999900E+04  -0.999900E+04  -0.999900E+04  -0.999900E+04  -0.622045E+00  -0.999900E+04  -0.999900E+04  -0.999900E+04  -0.999900E+04
   0.100000E+01   0.600000E+01   0.328800E+05   0.262490E+06   0.100000E+01   0.600000E+01   0.328800E+05   0.262490E+06   0.197368E+03  -0.999900E+04  -0.999900E+04  -0.999900E+04  -0.999900E+04   0.197368E+03  -0.999900E+04  -0.999900E+04  -0.999900E+04  -0.999900E+04   0.197517E+03   0.946495E+02   0.981758E+00   0.259641E+02   0.150000E+02  -0.149586E+00  -0.999900E+04  -0.999900E+04  -0.999900E+04  -0.999900E+04  -0.538143E+00  -0.999900E+04  -0.999900E+04  -0.999900E+04  -0.999900E+04
   0.100000E+01   0.600000E+01   0.329478E+05   0.262518E+06   0.100000E+01   0.600000E+01   0.329478E+05   0.262518E+06   0.197257E+03  -0.999900E+04  -0.999900E+04  -0.999900E+04  -0.999900E+04   0.197257E+03  -0.999900E+04  -0.999900E+04  -0.999900E+04  -0.999900E+04   0.197418E+03   0.946487E+02   0.105182E+01   0.258087E+02   0.150000E+02  -0.160277E+00  -0.999900E+04  -0.999900E+04  -0.999900E+04  -0.999900E+04  -0.576602E+00  -0.999900E+04  -0.999900E+04  -0.999900E+04  -0.999900E+04
   0.100000E+01   0.600000E+01   0.330155E+05   0.262538E+06   0.100000E+01   0.600000E+01   0.330155E+05   0.262538E+06   0.197183E+03  -0.999900E+04  -0.999900E+04  -0.999900E+04  -0.999900E+04   0.197183E+03  -0.999900E+04  -0.999900E+04  -0.999900E+04  -0.999900E+04   0.197322E+03   0.946478E+02   0.106458E+01   0.256451E+02   0.150000E+02  -0.139291E+00  -0.999900E+04  -0.999900E+04  -0.999900E+04  -0.999900E+04  -0.501104E+00  -0.999900E+04  -0.999900E+04  -0.999900E+04  -0.999900E+04
   0.100000E+01   0.600000E+01   0.330832E+05   0.262548E+06   0.100000E+01   0.600000E+01   0.330832E+05   0.262548E+06   0.197125E+03  -0.999900E+04  -0.999900E+04  -0.999900E+04  -0.999900E+04   0.197125E+03  -0.999900E+04  -0.999900E+04  -0.999900E+04  -0.999900E+04   0.197222E+03   0.946464E+02   0.107778E+01   0.254732E+02   0.150000E+02  -0.966510E-01  -0.999900E+04  -0.999900E+04  -0.999900E+04  -0.999900E+04  -0.347706E+00  -0.999900E+04  -0.999900E+04  -0.999900E+04  -0.999900E+04
   0.100000E+01   0.600000E+01   0.331510E+05   0.262566E+06   0.100000E+01   0.600000E+01   0.331510E+05   0.262566E+06   0.197045E+03  -0.999900E+04  -0.999900E+04  -0.999900E+04  -0.999900E+04   0.197045E+03  -0.999900E+04  -0.999900E+04  -0.999900E+04  -0.999900E+04   0.197107E+03   0.946454E+02   0.111393E+01   0.254732E+02   0.150000E+02  -0.617892E-01  -0.999900E+04  -0.999900E+04  -0.999900E+04  -0.999900E+04  -0.222289E+00  -0.999900E+04  -0.999900E+04  -0.999900E+04  -0.999900E+04
   0.100000E+01   0.600000E+01   0.332045E+05   0.262588E+06   0.100000E+01   0.600000E+01   0.332045E+05   0.262588E+06   0.197005E+03  -0.999900E+04  -0.999900E+04  -0.999900E+04  -0.999900E+04   0.197005E+03  -0.999900E+04  -0.999900E+04  -0.999900E+04  -0.999900E+04   0.197029E+03   0.946448E+02   0.103432E+01   0.252932E+02   0.150000E+02  -0.242160E-01  -0.999900E+04  -0.999900E+04  -0.999900E+04  -0.999900E+04  -0.871180E-01  -0.999900E+04  -0.999900E+04  -0.999900E+04  -0.999900E+04
   0.100000E+01   0.600000E+01   0.332580E+05   0.262603E+06   0.100000E+01   0.600000E+01   0.332580E+05   0.262603E+06   0.196982E+03  -0.999900E+04  -0.999900E+04  -0.999900E+04  -0.999900E+04   0.196982E+03  -0.999900E+04  -0.999900E+04  -0.999900E+04  -0.999900E+04   0.196973E+03   0.946440E+02   0.947663E+00   0.252932E+02   0.150000E+02   0.918648E-02  -0.999900E+04  -0.999900E+04  -0.999900E+04  -0.999900E+04   0.330487E-01  -0.999900E+04  -0.999900E+04  -0.999900E+04  -0.999900E+04
   0.100000E+01   0.600000E+01   0.333165E+05   0.262621E+06   0.100000E+01   0.600000E+01   0.333165E+05   0.262621E+06   0.196942E+03  -0.999900E+04  -0.999900E+04  -0.999900E+04  -0.999900E+04   0.196942E+03  -0.999900E+04  -0.999900E+04  -0.999900E+04  -0.999900E+04   0.196901E+03   0.946433E+02   0.102145E+01   0.251051E+02   0.150000E+02   0.419900E-01  -0.999900E+04  -0.999900E+04  -0.999900E+04  -0.999900E+04   0.151061E+00  -0.999900E+04  -0.999900E+04  -0.999900E+04  -0.999900E+04
   0.100000E+01   0.600000E+01   0.333750E+05   0.262628E+06   0.100000E+01   0.600000E+01   0.333750E+05   0.262628E+06   0.196800E+03  -0.999900E+04  -0.999900E+04  -0.999900E+04  -0.999900E+04   0.196800E+03  -0.999900E+04  -0.999900E+04  -0.999900E+04  -0.999900E+04   0.196802E+03   0.946420E+02   0.110672E+01   0.249091E+02   0.150000E+02  -0.244863E-02  -0.999900E+04  -0.999900E+04  -0.999900E+04  -0.999900E+04  -0.880904E-02  -0.999900E+04  -0.999900E+04  -0.999900E+04  -0.999900E+04
   0.100000E+01   0.600000E+01   0.334920E+05   0.262668E+06   0.100000E+01   0.600000E+01   0.334920E+05   0.262668E+06   0.196512E+03  -0.999900E+04  -0.999900E+04  -0.999900E+04  -0.999900E+04   0.196512E+03  -0.999900E+04  -0.999900E+04  -0.999900E+04  -0.999900E+04   0.196413E+03   0.946409E+02   0.151729E+01   0.247053E+02   0.150000E+02   0.994458E-01  -0.999900E+04  -0.999900E+04  -0.999900E+04  -0.999900E+04   0.357760E+00  -0.999900E+04  -0.999900E+04  -0.999900E+04  -0.999900E+04
   0.100000E+01   0.600000E+01   0.336640E+05   0.262701E+06   0.100000E+01   0.600000E+01   0.336640E+05   0.262701E+06   0.196180E+03  -0.999900E+04  -0.999900E+04  -0.999900E+04  -0.999900E+04   0.196180E+03  -0.999900E+04  -0.999900E+04  -0.999900E+04  -0.999900E+04   0.195979E+03   0.946364E+02   0.101827E+01   0.242747E+02   0.150000E+02   0.200510E+00  -0.999900E+04  -0.999900E+04  -0.999900E+04  -0.999900E+04   0.721342E+00  -0.999900E+04  -0.999900E+04  -0.999900E+04  -0.999900E+04
   0.100000E+01   0.600000E+01   0.337360E+05   0.262731E+06   0.100000E+01   0.600000E+01   0.337360E+05   0.262731E+06   0.195915E+03  -0.999900E+04  -0.999900E+04  -0.999900E+04  -0.999900E+04   0.195915E+03  -0.999900E+04  -0.999900E+04  -0.999900E+04  -0.999900E+04   0.195893E+03   0.946352E+02   0.987798E+00   0.242747E+02   0.150000E+02   0.221348E-01  -0.999900E+04  -0.999900E+04  -0.999900E+04  -0.999900E+04   0.796308E-01  -0.999900E+04  -0.999900E+04  -0.999900E+04  -0.999900E+04
   0.100000E+01   0.600000E+01   0.337590E+05   0.262731E+06   0.100000E+01   0.600000E+01   0.337590E+05   0.262731E+06   0.195805E+03  -0.999900E+04  -0.999900E+04  -0.999900E+04  -0.999900E+04   0.195805E+03  -0.999900E+04  -0.999900E+04  -0.999900E+04  -0.999900E+04   0.195865E+03   0.946344E+02   0.978063E+00   0.240481E+02   0.150000E+02  -0.601993E-01  -0.999900E+04  -0.999900E+04  -0.999900E+04  -0.999900E+04  -0.216569E+00  -0.999900E+04  -0.999900E+04  -0.999900E+04  -0.999900E+04
   0.100000E+01   0.600000E+01   0.338390E+05   0.262761E+06   0.100000E+01   0.600000E+01   0.338390E+05   0.262761E+06   0.195577E+03  -0.999900E+04  -0.999900E+04  -0.999900E+04  -0.999900E+04   0.195577E+03  -0.999900E+04  -0.999900E+04  -0.999900E+04  -0.999900E+04   0.195769E+03   0.946329E+02   0.944211E+00   0.240481E+02   0.150000E+02  -0.191447E+00  -0.999900E+04  -0.999900E+04  -0.999900E+04  -0.999900E+04  -0.688738E+00  -0.999900E+04  -0.999900E+04  -0.999900E+04  -0.999900E+04
   0.100000E+01   0.600000E+01   0.338935E+05   0.262778E+06   0.100000E+01   0.600000E+01   0.338935E+05   0.262778E+06   0.195550E+03  -0.999900E+04  -0.999900E+04  -0.999900E+04  -0.999900E+04   0.195550E+03  -0.999900E+04  -0.999900E+04  -0.999900E+04  -0.999900E+04   0.195711E+03   0.946323E+02   0.108058E+01   0.238143E+02   0.150000E+02  -0.160713E+00  -0.999900E+04  -0.999900E+04  -0.999900E+04  -0.999900E+04  -0.578172E+00  -0.999900E+04  -0.999900E+04  -0.999900E+04  -0.999900E+04
   0.100000E+01   0.600000E+01   0.339480E+05   0.262803E+06   0.100000E+01   0.600000E+01   0.339480E+05   0.262803E+06   0.195518E+03  -0.999900E+04  -0.999900E+04  -0.999900E+04  -0.999900E+04   0.195518E+03  -0.999900E+04  -0.999900E+04  -0.999900E+04  -0.999900E+04   0.195632E+03   0.946322E+02   0.120134E+01   0.235733E+02   0.150000E+02  -0.114032E+00  -0.999900E+04  -0.999900E+04  -0.999900E+04  -0.999900E+04  -0.410235E+00  -0.999900E+04  -0.999900E+04  -0.999900E+04  -0.999900E+04
   0.100000E+01   0.600000E+01   0.340025E+05   0.262811E+06   0.100000E+01   0.600000E+01   0.340025E+05   0.262811E+06   0.195450E+03  -0.999900E+04  -0.999900E+04  -0.999900E+04  -0.999900E+04   0.195450E+03  -0.999900E+04  -0.999900E+04  -0.999900E+04  -0.999900E+04   0.195541E+03   0.946314E+02   0.124145E+01   0.235733E+02   0.150000E+02  -0.906389E-01  -0.999900E+04  -0.999900E+04  -0.999900E+04  -0.999900E+04  -0.326077E+00  -0.999900E+04  -0.999900E+04  -0.999900E+04  -0.999900E+04
   0.100000E+01   0.600000E+01   0.340570E+05   0.262833E+06   0.100000E+01   0.600000E+01   0.340570E+05   0.262833E+06   0.195380E+03  -0.999900E+04  -0.999900E+04  -0.999900E+04  -0.999900E+04   0.195380E+03  -0.999900E+04  -0.999900E+04  -0.999900E+04  -0.999900E+04   0.195458E+03   0.946311E+02   0.115281E+01   0.233253E+02   0.150000E+02  -0.784646E-01  -0.999900E+04  -0.999900E+04  -0.999900E+04  -0.999900E+04  -0.282279E+00  -0.999900E+04  -0.999900E+04  -0.999900E+04  -0.999900E+04
   0.100000E+01   0.600000E+01   0.341225E+05   0.262851E+06   0.100000E+01   0.600000E+01   0.341225E+05   0.262851E+06   0.195290E+03  -0.999900E+04  -0.999900E+04  -0.999900E+04  -0.999900E+04   0.195290E+03  -0.999900E+04  -0.999900E+04  -0.999900E+04  -0.999900E+04   0.195414E+03   0.946300E+02   0.845035E+00   0.233253E+02   0.150000E+02  -0.124146E+00  -0.999900E+04  -0.999900E+04  -0.999900E+04  -0.999900E+04  -0.446619E+00  -0.999900E+04  -0.999900E+04  -0.999900E+04  -0.999900E+04
   0.100000E+01   0.600000E+01   0.341880E+05   0.262858E+06   0.100000E+01   0.600000E+01   0.341880E+05   0.262858E+06   0.195062E+03  -0.999900E+04  -0.999900E+04  -0.999900E+04  -0.999900E+04   0.195062E+03  -0.999900E+04  -0.999900E+04  -0.999900E+04  -0.999900E+04   0.195354E+03   0.946282E+02   0.880238E+00   0.230704E+02   0.150000E+02  -0.291773E+00  -0.999900E+04  -0.999900E+04  -0.999900E+04  -0.999900E+04  -0.104967E+01  -0.999900E+04  -0.999900E+04  -0.999900E+04  -0.999900E+04
   0.100000E+01   0.600000E+01   0.342410E+05   0.262871E+06   0.100000E+01   0.600000E+01   0.342410E+05   0.262871E+06   0.194947E+03  -0.999900E+04  -0.999900E+04  -0.999900E+04  -0.999900E+04   0.194947E+03  -0.999900E+04  -0.999900E+04  -0.999900E+04  -0.999900E+04   0.195300E+03   0.946269E+02   0.880268E+00   0.228090E+02   0.150000E+02  -0.352930E+00  -0.999900E+04  -0.999900E+04  -0.999900E+04  -0.999900E+04  -0.126968E+01  -0.999900E+04  -0.999900E+04  -0.999900E+04  -0.999900E+04
   0.100000E+01   0.600000E+01   0.342940E+05   0.262884E+06   0.100000E+01   0.600000E+01   0.342940E+05   0.262884E+06   0.194905E+03  -0.999900E+04  -0.999900E+04  -0.999900E+04  -0.999900E+04   0.194905E+03  -0.999900E+04  -0.999900E+04  -0.999900E+04  -0.999900E+04   0.195244E+03   0.946256E+02   0.883787E+00   0.228090E+02   0.150000E+02  -0.339162E+00  -0.999900E+04  -0.999900E+04  -0.999900E+04  -0.999900E+04  -0.122015E+01  -0.999900E+04  -0.999900E+04  -0.999900E+04  -0.999900E+04
   0.100000E+01   0.600000E+01   0.343470E+05   0.262897E+06   0.100000E+01   0.600000E+01   0.343470E+05   0.262897E+06   0.194868E+03  -0.999900E+04  -0.999900E+04  -0.999900E+04  -0.999900E+04   0.194868E+03  -0.999900E+04  -0.999900E+04  -0.999900E+04  -0.999900E+04   0.195185E+03   0.946243E+02   0.890697E+00   0.225410E+02   0.150000E+02  -0.317463E+00  -0.999900E+04  -0.999900E+04  -0.999900E+04  -0.999900E+04  -0.114209E+01  -0.999900E+04  -0.999900E+04  -0.999900E+04  -0.999900E+04
   0.100000E+01   0.600000E+01   0.344000E+05   0.262919E+06   0.100000E+01   0.600000E+01   0.344000E+05   0.262919E+06   0.194827E+03  -0.999900E+04  -0.999900E+04  -0.999900E+04  -0.999900E+04   0.194827E+03  -0.999900E+04  -0.999900E+04  -0.999900E+04  -0.999900E+04   0.195122E+03   0.946234E+02   0.900680E+00   0.225410E+02   0.150000E+02  -0.294561E+00  -0.999900E+04  -0.999900E+04  -0.999900E+04  -0.999900E+04  -0.105969E+01  -0.999900E+04  -0.999900E+04  -0.999900E+04  -0.999900E+04
   0.100000E+01   0.600000E+01   0.344530E+05   0.262934E+06   0.100000E+01   0.600000E+01   0.344530E+05   0.262934E+06   0.194768E+03  -0.999900E+04  -0.999900E+04  -0.999900E+04  -0.999900E+04   0.194768E+03  -0.999900E+04  -0.999900E+04  -0.999900E+04  -0.999900E+04   0.195055E+03   0.946221E+02   0.914308E+00   0.222668E+02   0.150000E+02  -0.287295E+00  -0.999900E+04  -0.999900E+04  -0.999900E+04  -0.999900E+04  -0.103355E+01  -0.999900E+04  -0.999900E+04  -0.999900E+04  -0.999900E+04
   0.100000E+01   0.600000E+01   0.345060E+05   0.262947E+06   0.100000E+01   0.600000E+01   0.345060E+05   0.262947E+06   0.194713E+03  -0.999900E+04  -0.999900E+04  -0.999900E+04  -0.999900E+04   0.194713E+03  -0.999900E+04  -0.999900E+04  -0.999900E+04  -0.999900E+04   0.194981E+03   0.946206E+02   0.931740E+00   0.222668E+02   0.150000E+02  -0.268082E+00  -0.999900E+04  -0.999900E+04  -0.999900E+04  -0.999900E+04  -0.964435E+00  -0.999900E+04  -0.999900E+04  -0.999900E+04  -0.999900E+04
   0.100000E+01   0.600000E+01   0.345590E+05   0.262952E+06   0.100000E+01   0.600000E+01   0.345590E+05   0.262952E+06   0.194570E+03  -0.999900E+04  -0.999900E+04  -0.999900E+04  -0.999900E+04   0.194570E+03  -0.999900E+04  -0.999900E+04  -0.999900E+04  -0.999900E+04   0.194900E+03   0.946186E+02   0.949611E+00   0.219866E+02   0.150000E+02  -0.329903E+00  -0.999900E+04  -0.999900E+04  -0.999900E+04  -0.999900E+04  -0.118684E+01  -0.999900E+04  -0.999900E+04  -0.999900E+04  -0.999900E+04
   0.100000E+01   0.600000E+01   0.346146E+05   0.262974E+06   0.100000E+01   0.600000E+01   0.346146E+05   0.262974E+06   0.194445E+03  -0.999900E+04  -0.999900E+04  -0.999900E+04  -0.999900E+04   0.194445E+03  -0.999900E+04  -0.999900E+04  -0.999900E+04  -0.999900E+04   0.194825E+03   0.946173E+02   0.920780E+00   0.217004E+02   0.150000E+02  -0.380269E+00  -0.999900E+04  -0.999900E+04  -0.999900E+04  -0.999900E+04  -0.136803E+01  -0.999900E+04  -0.999900E+04  -0.999900E+04  -0.999900E+04
   0.100000E+01   0.600000E+01   0.346702E+05   0.262979E+06   0.100000E+01   0.600000E+01   0.346702E+05   0.262979E+06   0.194420E+03  -0.999900E+04  -0.999900E+04  -0.999900E+04  -0.999900E+04   0.194420E+03  -0.999900E+04  -0.999900E+04  -0.999900E+04  -0.999900E+04   0.194769E+03   0.946154E+02   0.867688E+00   0.217004E+02   0.150000E+02  -0.349367E+00  -0.999900E+04  -0.999900E+04  -0.999900E+04  -0.999900E+04  -0.125686E+01  -0.999900E+04  -0.999900E+04  -0.999900E+04  -0.999900E+04
   0.100000E+01   0.600000E+01   0.347258E+05   0.262994E+06   0.100000E+01   0.600000E+01   0.347258E+05   0.262994E+06   0.194363E+03  -0.999900E+04  -0.999900E+04  -0.999900E+04  -0.999900E+04   0.194363E+03  -0.999900E+04  -0.999900E+04  -0.999900E+04  -0.999900E+04   0.194729E+03   0.946141E+02   0.802480E+00   0.214086E+02   0.150000E+02  -0.366923E+00  -0.999900E+04  -0.999900E+04  -0.999900E+04  -0.999900E+04  -0.132002E+01  -0.999900E+04  -0.999900E+04  -0.999900E+04  -0.999900E+04
   0.100000E+01   0.600000E+01   0.347814E+05   0.263019E+06   0.100000E+01   0.600000E+01   0.347814E+05   0.263019E+06   0.194350E+03  -0.999900E+04  -0.999900E+04  -0.999900E+04  -0.999900E+04   0.194350E+03  -0.999900E+04  -0.999900E+04  -0.999900E+04  -0.999900E+04   0.194702E+03   0.946133E+02   0.731278E+00   0.214086E+02   0.150000E+02  -0.351512E+00  -0.999900E+04  -0.999900E+04  -0.999900E+04  -0.999900E+04  -0.126458E+01  -0.999900E+04  -0.999900E+04  -0.999900E+04  -0.999900E+04
   0.100000E+01   0.600000E+01   0.348370E+05   0.263027E+06   0.100000E+01   0.600000E+01   0.348370E+05   0.263027E+06   0.194338E+03  -0.999900E+04  -0.999900E+04  -0.999900E+04  -0.999900E+04   0.194338E+03  -0.999900E+04  -0.999900E+04  -0.999900E+04  -0.999900E+04   0.194683E+03   0.946118E+02   0.657879E+00   0.211114E+02   0.150000E+02  -0.345111E+00  -0.999900E+04  -0.999900E+04  -0.999900E+04  -0.999900E+04  -0.124155E+01  -0.999900E+04  -0.999900E+04  -0.999900E+04  -0.999900E+04
   0.100000E+01   0.600000E+01   0.349027E+05   0.263047E+06   0.100000E+01   0.600000E+01   0.349027E+05   0.263047E+06   0.194317E+03  -0.999900E+04  -0.999900E+04  -0.999900E+04  -0.999900E+04   0.194317E+03  -0.999900E+04  -0.999900E+04  -0.999900E+04  -0.999900E+04   0.194654E+03   0.946103E+02   0.674801E+00   0.208091E+02   0.150000E+02  -0.336190E+00  -0.999900E+04  -0.999900E+04  -0.999900E+04  -0.999900E+04  -0.120946E+01  -0.999900E+04  -0.999900E+04  -0.999900E+04  -0.999900E+04
   0.100000E+01   0.600000E+01   0.349683E+05   0.263074E+06   0.100000E+01   0.600000E+01   0.349683E+05   0.263074E+06   0.194275E+03  -0.999900E+04  -0.999900E+04  -0.999900E+04  -0.999900E+04   0.194275E+03  -0.999900E+04  -0.999900E+04  -0.999900E+04  -0.999900E+04   0.194611E+03   0.946089E+02   0.726293E+00   0.208091E+02   0.150000E+02  -0.336361E+00  -0.999900E+04  -0.999900E+04  -0.999900E+04  -0.999900E+04  -0.121007E+01  -0.999900E+04  -0.999900E+04  -0.999900E+04  -0.999900E+04
   0.100000E+01   0.600000E+01   0.350340E+05   0.263082E+06   0.100000E+01   0.600000E+01   0.350340E+05   0.263082E+06   0.194222E+03  -0.999900E+04  -0.999900E+04  -0.999900E+04  -0.999900E+04   0.194222E+03  -0.999900E+04  -0.999900E+04  -0.999900E+04  -0.999900E+04   0.194553E+03   0.946065E+02   0.799191E+00   0.205018E+02   0.150000E+02  -0.330347E+00  -0.999900E+04  -0.999900E+04  -0.999900E+04  -0.999900E+04  -0.118844E+01  -0.999900E+04  -0.999900E+04  -0.999900E+04  -0.999900E+04
   0.100000E+01   0.600000E+01   0.351540E+05   0.263112E+06   0.100000E+01   0.600000E+01   0.351540E+05   0.263112E+06   0.194127E+03  -0.999900E+04  -0.999900E+04  -0.999900E+04  -0.999900E+04   0.194127E+03  -0.999900E+04  -0.999900E+04  -0.999900E+04  -0.999900E+04   0.194429E+03   0.946034E+02   0.844721E+00   0.201898E+02   0.150000E+02  -0.301384E+00  -0.999900E+04  -0.999900E+04  -0.999900E+04  -0.999900E+04  -0.108424E+01  -0.999900E+04  -0.999900E+04  -0.999900E+04  -0.999900E+04
   0.100000E+01   0.600000E+01   0.352740E+05   0.263155E+06   0.100000E+01   0.600000E+01   0.352740E+05   0.263155E+06   0.193945E+03  -0.999900E+04  -0.999900E+04  -0.999900E+04  -0.999900E+04   0.193945E+03  -0.999900E+04  -0.999900E+04  -0.999900E+04  -0.999900E+04   0.194300E+03   0.946014E+02   0.824673E+00   0.198733E+02   0.150000E+02  -0.354726E+00  -0.999900E+04  -0.999900E+04  -0.999900E+04  -0.999900E+04  -0.127614E+01  -0.999900E+04  -0.999900E+04  -0.999900E+04  -0.999900E+04
   0.100000E+01   0.600000E+01   0.353940E+05   0.263185E+06   0.100000E+01   0.600000E+01   0.353940E+05   0.263185E+06   0.193885E+03  -0.999900E+04  -0.999900E+04  -0.999900E+04  -0.999900E+04   0.193885E+03  -0.999900E+04  -0.999900E+04  -0.999900E+04  -0.999900E+04   0.194187E+03   0.945989E+02   0.750442E+00   0.192283E+02   0.150000E+02  -0.301975E+00  -0.999900E+04  -0.999900E+04  -0.999900E+04  -0.999900E+04  -0.108637E+01  -0.999900E+04  -0.999900E+04  -0.999900E+04  -0.999900E+04
   0.100000E+01   0.600000E+01   0.355140E+05   0.263208E+06   0.100000E+01   0.600000E+01   0.355140E+05   0.263208E+06   0.193808E+03  -0.999900E+04  -0.999900E+04  -0.999900E+04  -0.999900E+04   0.193808E+03  -0.999900E+04  -0.999900E+04  -0.999900E+04  -0.999900E+04   0.194102E+03   0.945960E+02   0.641830E+00   0.189002E+02   0.150000E+02  -0.294986E+00  -0.999900E+04  -0.999900E+04  -0.999900E+04  -0.999900E+04  -0.106122E+01  -0.999900E+04  -0.999900E+04  -0.999900E+04  -0.999900E+04
   0.100000E+01   0.600000E+01   0.356210E+05   0.263250E+06   0.100000E+01   0.600000E+01   0.356210E+05   0.263250E+06   0.193740E+03  -0.999900E+04  -0.999900E+04  -0.999900E+04  -0.999900E+04   0.193740E+03  -0.999900E+04  -0.999900E+04  -0.999900E+04  -0.999900E+04   0.194016E+03   0.945942E+02   0.680648E+00   0.185688E+02   0.150000E+02  -0.275770E+00  -0.999900E+04  -0.999900E+04  -0.999900E+04  -0.999900E+04  -0.992093E+00  -0.999900E+04  -0.999900E+04  -0.999900E+04  -0.999900E+04
   0.100000E+01   0.600000E+01   0.357280E+05   0.263460E+06   0.100000E+01   0.600000E+01   0.357280E+05   0.263460E+06   0.193630E+03  -0.999900E+04  -0.999900E+04  -0.999900E+04  -0.999900E+04   0.193630E+03  -0.999900E+04  -0.999900E+04  -0.999900E+04  -0.999900E+04   0.193872E+03   0.946002E+02   0.781987E+00   0.182345E+02   0.150000E+02  -0.242136E+00  -0.999900E+04  -0.999900E+04  -0.999900E+04  -0.999900E+04  -0.871094E+00  -0.999900E+04  -0.999900E+04  -0.999900E+04  -0.999900E+04
   0.100000E+01   0.600000E+01   0.358457E+05   0.263483E+06   0.100000E+01   0.600000E+01   0.358457E+05   0.263483E+06   0.193398E+03  -0.999900E+04  -0.999900E+04  -0.999900E+04  -0.999900E+04   0.193398E+03  -0.999900E+04  -0.999900E+04  -0.999900E+04  -0.999900E+04   0.193662E+03   0.945968E+02   0.789608E+00   0.178974E+02   0.150000E+02  -0.264850E+00  -0.999900E+04  -0.999900E+04  -0.999900E+04  -0.999900E+04  -0.952810E+00  -0.999900E+04  -0.999900E+04  -0.999900E+04  -0.999900E+04
   0.100000E+01   0.600000E+01   0.359633E+05   0.263515E+06   0.100000E+01   0.600000E+01   0.359633E+05   0.263515E+06   0.193155E+03  -0.999900E+04  -0.999900E+04  -0.999900E+04  -0.999900E+04   0.193155E+03  -0.999900E+04  -0.999900E+04  -0.999900E+04  -0.999900E+04   0.193432E+03   0.945938E+02   0.809235E+00   0.172165E+02   0.150000E+02  -0.276831E+00  -0.999900E+04  -0.999900E+04  -0.999900E+04  -0.999900E+04  -0.995911E+00  -0.999900E+04  -0.999900E+04  -0.999900E+04  -0.999900E+04
   0.100000E+01   0.600000E+01   0.360810E+05   0.263552E+06   0.100000E+01   0.600000E+01   0.360810E+05   0.263552E+06   0.192933E+03  -0.999900E+04  -0.999900E+04  -0.999900E+04  -0.999900E+04   0.192933E+03  -0.999900E+04  -0.999900E+04  -0.999900E+04  -0.999900E+04   0.193157E+03   0.945911E+02   0.863970E+00   0.168732E+02   0.150000E+02  -0.224582E+00  -0.999900E+04  -0.999900E+04  -0.999900E+04  -0.999900E+04  -0.807944E+00  -0.999900E+04  -0.999900E+04  -0.999900E+04  -0.999900E+04
   0.100000E+01   0.600000E+01   0.362130E+05   0.263590E+06   0.100000E+01   0.600000E+01   0.362130E+05   0.263590E+06   0.192570E+03  -0.999900E+04  -0.999900E+04  -0.999900E+04  -0.999900E+04   0.192570E+03  -0.999900E+04  -0.999900E+04  -0.999900E+04  -0.999900E+04   0.192842E+03   0.945867E+02   0.770436E+00   0.165286E+02   0.150000E+02  -0.272062E+00  -0.999900E+04  -0.999900E+04  -0.999900E+04  -0.999900E+04  -0.978754E+00  -0.999900E+04  -0.999900E+04  -0.999900E+04  -0.999900E+04
   0.100000E+01   0.600000E+01   0.362667E+05   0.263605E+06   0.100000E+01   0.600000E+01   0.362667E+05   0.263605E+06   0.192390E+03  -0.999900E+04  -0.999900E+04  -0.999900E+04  -0.999900E+04   0.192390E+03  -0.999900E+04  -0.999900E+04  -0.999900E+04  -0.999900E+04   0.192726E+03   0.945846E+02   0.782939E+00   0.161830E+02   0.150000E+02  -0.336244E+00  -0.999900E+04  -0.999900E+04  -0.999900E+04  -0.999900E+04  -0.120965E+01  -0.999900E+04  -0.999900E+04  -0.999900E+04  -0.999900E+04
   0.100000E+01   0.600000E+01   0.363203E+05   0.263620E+06   0.100000E+01   0.600000E+01   0.363203E+05   0.263620E+06   0.192235E+03  -0.999900E+04  -0.999900E+04  -0.999900E+04  -0.999900E+04   0.192235E+03  -0.999900E+04  -0.999900E+04  -0.999900E+04  -0.999900E+04   0.192645E+03   0.945827E+02   0.713084E+00   0.161830E+02   0.150000E+02  -0.410330E+00  -0.999900E+04  -0.999900E+04  -0.999900E+04  -0.999900E+04  -0.147618E+01  -0.999900E+04  -0.999900E+04  -0.999900E+04  -0.999900E+04
   0.100000E+01   0.600000E+01   0.363740E+05   0.263650E+06   0.100000E+01   0.600000E+01   0.363740E+05   0.263650E+06   0.192125E+03  -0.999900E+04  -0.999900E+04  -0.999900E+04  -0.999900E+04   0.192125E+03  -0.999900E+04  -0.999900E+04  -0.999900E+04  -0.999900E+04   0.192592E+03   0.945817E+02   0.653436E+00   0.158368E+02   0.150000E+02  -0.467498E+00  -0.999900E+04  -0.999900E+04  -0.999900E+04  -0.999900E+04  -0.168184E+01  -0.999900E+04  -0.999900E+04  -0.999900E+04  -0.999900E+04
   0.100000E+01   0.600000E+01   0.364275E+05   0.263675E+06   0.100000E+01   0.600000E+01   0.364275E+05   0.263675E+06   0.192143E+03  -0.999900E+04  -0.999900E+04  -0.999900E+04  -0.999900E+04   0.192143E+03  -0.999900E+04  -0.999900E+04  -0.999900E+04  -0.999900E+04   0.192499E+03   0.945806E+02   0.859919E+00   0.158368E+02   0.150000E+02  -0.356358E+00  -0.999900E+04  -0.999900E+04  -0.999900E+04  -0.999900E+04  -0.128201E+01  -0.999900E+04  -0.999900E+04  -0.999900E+04  -0.999900E+04
   0.100000E+01   0.600000E+01   0.364810E+05   0.263685E+06   0.100000E+01   0.600000E+01   0.364810E+05   0.263685E+06   0.192070E+03  -0.999900E+04  -0.999900E+04  -0.999900E+04  -0.999900E+04   0.192070E+03  -0.999900E+04  -0.999900E+04  -0.999900E+04  -0.999900E+04   0.192411E+03   0.945786E+02   0.726907E+00   0.154902E+02   0.150000E+02  -0.340988E+00  -0.999900E+04  -0.999900E+04  -0.999900E+04  -0.999900E+04  -0.122672E+01  -0.999900E+04  -0.999900E+04  -0.999900E+04  -0.999900E+04
   0.100000E+01   0.600000E+01   0.365925E+05   0.263727E+06   0.100000E+01   0.600000E+01   0.365925E+05   0.263727E+06   0.191730E+03  -0.999900E+04  -0.999900E+04  -0.999900E+04  -0.999900E+04   0.191730E+03  -0.999900E+04  -0.999900E+04  -0.999900E+04  -0.999900E+04   0.192228E+03   0.945750E+02   0.761049E+00   0.151437E+02   0.150000E+02  -0.498324E+00  -0.999900E+04  -0.999900E+04  -0.999900E+04  -0.999900E+04  -0.179274E+01  -0.999900E+04  -0.999900E+04  -0.999900E+04  -0.999900E+04
   0.100000E+01   0.600000E+01   0.367040E+05   0.263752E+06   0.100000E+01   0.600000E+01   0.367040E+05   0.263752E+06   0.191655E+03  -0.999900E+04  -0.999900E+04  -0.999900E+04  -0.999900E+04   0.191655E+03  -0.999900E+04  -0.999900E+04  -0.999900E+04  -0.999900E+04   0.192093E+03   0.945706E+02   0.637233E+00   0.147977E+02   0.150000E+02  -0.437534E+00  -0.999900E+04  -0.999900E+04  -0.999900E+04  -0.999900E+04  -0.157405E+01  -0.999900E+04  -0.999900E+04  -0.999900E+04  -0.999900E+04
   0.100000E+01   0.600000E+01   0.367765E+05   0.263783E+06   0.100000E+01   0.600000E+01   0.367765E+05   0.263783E+06   0.191610E+03  -0.999900E+04  -0.999900E+04  -0.999900E+04  -0.999900E+04   0.191610E+03  -0.999900E+04  -0.999900E+04  -0.999900E+04  -0.999900E+04   0.192019E+03   0.945686E+02   0.658202E+00   0.144525E+02   0.150000E+02  -0.408616E+00  -0.999900E+04  -0.999900E+04  -0.999900E+04  -0.999900E+04  -0.147001E+01  -0.999900E+04  -0.999900E+04  -0.999900E+04  -0.999900E+04
   0.100000E+01   0.600000E+01   0.368490E+05   0.263796E+06   0.100000E+01   0.600000E+01   0.368490E+05   0.263796E+06   0.191575E+03  -0.999900E+04  -0.999900E+04  -0.999900E+04  -0.999900E+04   0.191575E+03  -0.999900E+04  -0.999900E+04  -0.999900E+04  -0.999900E+04   0.191948E+03   0.945656E+02   0.609506E+00   0.141086E+02   0.150000E+02  -0.372899E+00  -0.999900E+04  -0.999900E+04  -0.999900E+04  -0.999900E+04  -0.134152E+01  -0.999900E+04  -0.999900E+04  -0.999900E+04  -0.999900E+04
   0.100000E+01   0.600000E+01   0.369440E+05   0.263831E+06   0.100000E+01   0.600000E+01   0.369440E+05   0.263831E+06   0.191438E+03  -0.999900E+04  -0.999900E+04  -0.999900E+04  -0.999900E+04   0.191438E+03  -0.999900E+04  -0.999900E+04  -0.999900E+04  -0.999900E+04   0.191794E+03   0.945618E+02   0.710244E+00   0.137663E+02   0.150000E+02  -0.356279E+00  -0.999900E+04  -0.999900E+04  -0.999900E+04  -0.999900E+04  -0.128173E+01  -0.999900E+04  -0.999900E+04  -0.999900E+04  -0.999900E+04
   0.100000E+01   0.600000E+01   0.370035E+05   0.263848E+06   0.100000E+01   0.600000E+01   0.370035E+05   0.263848E+06   0.191130E+03  -0.999900E+04  -0.999900E+04  -0.999900E+04  -0.999900E+04   0.191130E+03  -0.999900E+04  -0.999900E+04  -0.999900E+04  -0.999900E+04   0.191620E+03   0.945596E+02   0.876298E+00   0.137663E+02   0.150000E+02  -0.489563E+00  -0.999900E+04  -0.999900E+04  -0.999900E+04  -0.999900E+04  -0.176122E+01  -0.999900E+04  -0.999900E+04  -0.999900E+04  -0.999900E+04
   0.100000E+01   0.600000E+01   0.370630E+05   0.263863E+06   0.100000E+01   0.600000E+01   0.370630E+05   0.263863E+06   0.190850E+03  -0.999900E+04  -0.999900E+04  -0.999900E+04  -0.999900E+04   0.190850E+03  -0.999900E+04  -0.999900E+04  -0.999900E+04  -0.999900E+04   0.191405E+03   0.945575E+02   0.833950E+00   0.134262E+02   0.150000E+02  -0.554650E+00  -0.999900E+04  -0.999900E+04  -0.999900E+04  -0.999900E+04  -0.199537E+01  -0.999900E+04  -0.999900E+04  -0.999900E+04  -0.999900E+04
   0.100000E+01   0.600000E+01   0.371155E+05   0.263876E+06   0.100000E+01   0.600000E+01   0.371155E+05   0.263876E+06   0.190760E+03  -0.999900E+04  -0.999900E+04  -0.999900E+04  -0.999900E+04   0.190760E+03  -0.999900E+04  -0.999900E+04  -0.999900E+04  -0.999900E+04   0.191155E+03   0.945556E+02   0.982232E+00   0.130885E+02   0.150000E+02  -0.394936E+00  -0.999900E+04  -0.999900E+04  -0.999900E+04  -0.999900E+04  -0.142080E+01  -0.999900E+04  -0.999900E+04  -0.999900E+04  -0.999900E+04
   0.100000E+01   0.600000E+01   0.371680E+05   0.263888E+06   0.100000E+01   0.600000E+01   0.371680E+05   0.263888E+06   0.190688E+03  -0.999900E+04  -0.999900E+04  -0.999900E+04  -0.999900E+04   0.190688E+03  -0.999900E+04  -0.999900E+04  -0.999900E+04  -0.999900E+04   0.190830E+03   0.945540E+02   0.116829E+01   0.130885E+02   0.150000E+02  -0.142454E+00  -0.999900E+04  -0.999900E+04  -0.999900E+04  -0.999900E+04  -0.512486E+00  -0.999900E+04  -0.999900E+04  -0.999900E+04  -0.999900E+04
   0.100000E+01   0.600000E+01   0.372150E+05   0.263891E+06   0.100000E+01   0.600000E+01   0.372150E+05   0.263891E+06   0.190655E+03  -0.999900E+04  -0.999900E+04  -0.999900E+04  -0.999900E+04   0.190655E+03  -0.999900E+04  -0.999900E+04  -0.999900E+04  -0.999900E+04   0.190583E+03   0.945522E+02   0.992438E+00   0.127538E+02   0.150000E+02   0.720989E-01  -0.999900E+04  -0.999900E+04  -0.999900E+04  -0.999900E+04   0.259379E+00  -0.999900E+04  -0.999900E+04  -0.999900E+04  -0.999900E+04
   0.100000E+01   0.600000E+01   0.372610E+05   0.263921E+06   0.100000E+01   0.600000E+01   0.372610E+05   0.263921E+06   0.190645E+03  -0.999900E+04  -0.999900E+04  -0.999900E+04  -0.999900E+04   0.190645E+03  -0.999900E+04  -0.999900E+04  -0.999900E+04  -0.999900E+04   0.190240E+03   0.945517E+02   0.121522E+01   0.127538E+02   0.150000E+02   0.405250E+00  -0.999900E+04  -0.999900E+04  -0.999900E+04  -0.999900E+04   0.145790E+01  -0.999900E+04  -0.999900E+04  -0.999900E+04  -0.999900E+04
   0.100000E+01   0.600000E+01   0.372900E+05   0.263931E+06   0.100000E+01   0.600000E+01   0.372900E+05   0.263931E+06   0.190662E+03  -0.999900E+04  -0.999900E+04  -0.999900E+04  -0.999900E+04   0.190662E+03  -0.999900E+04  -0.999900E+04  -0.999900E+04  -0.999900E+04   0.190052E+03   0.945511E+02   0.113013E+01   0.127538E+02   0.150000E+02   0.610976E+00  -0.999900E+04  -0.999900E+04  -0.999900E+04  -0.999900E+04   0.219801E+01  -0.999900E+04  -0.999900E+04  -0.999900E+04  -0.999900E+04
   0.100000E+01   0.600000E+01   0.373280E+05   0.263953E+06   0.100000E+01   0.600000E+01   0.373280E+05   0.263953E+06   0.190625E+03  -0.999900E+04  -0.999900E+04  -0.999900E+04  -0.999900E+04   0.190625E+03  -0.999900E+04  -0.999900E+04  -0.999900E+04  -0.999900E+04   0.189805E+03   0.945507E+02   0.101864E+01   0.124225E+02   0.150000E+02   0.820106E+00  -0.999900E+04  -0.999900E+04  -0.999900E+04  -0.999900E+04   0.295037E+01  -0.999900E+04  -0.999900E+04  -0.999900E+04  -0.999900E+04
   0.100000E+01   0.600000E+01   0.373990E+05   0.263961E+06   0.100000E+01   0.600000E+01   0.373990E+05   0.263961E+06   0.190560E+03  -0.999900E+04  -0.999900E+04  -0.999900E+04  -0.999900E+04   0.190560E+03  -0.999900E+04  -0.999900E+04  -0.999900E+04  -0.999900E+04   0.189472E+03   0.945486E+02   0.102974E+01   0.120950E+02   0.150000E+02   0.108764E+01  -0.999900E+04  -0.999900E+04  -0.999900E+04  -0.999900E+04   0.391282E+01  -0.999900E+04  -0.999900E+04  -0.999900E+04  -0.999900E+04
   0.100000E+01   0.600000E+01   0.374440E+05   0.263983E+06   0.100000E+01   0.600000E+01   0.374440E+05   0.263983E+06   0.190455E+03  -0.999900E+04  -0.999900E+04  -0.999900E+04  -0.999900E+04   0.190455E+03  -0.999900E+04  -0.999900E+04  -0.999900E+04  -0.999900E+04   0.189262E+03   0.945482E+02   0.103677E+01   0.120950E+02   0.150000E+02   0.119337E+01  -0.999900E+04  -0.999900E+04  -0.999900E+04  -0.999900E+04   0.429318E+01  -0.999900E+04  -0.999900E+04  -0.999900E+04  -0.999900E+04
   0.100000E+01   0.400000E+01   0.375530E+05   0.264021E+06   0.100000E+01   0.400000E+01   0.375530E+05   0.264021E+06   0.190340E+03  -0.999900E+04  -0.999900E+04  -0.999900E+04  -0.999900E+04   0.190340E+03  -0.999900E+04  -0.999900E+04  -0.999900E+04  -0.999900E+04   0.189129E+03   0.945451E+02   0.514201E+00   0.117728E+02   0.150000E+02   0.121078E+01  -0.999900E+04  -0.999900E+04  -0.999900E+04  -0.999900E+04   0.435582E+01  -0.999900E+04  -0.999900E+04  -0.999900E+04  -0.999900E+04
   0.100000E+01   0.400000E+01   0.376160E+05   0.264032E+06   0.100000E+01   0.400000E+01   0.376160E+05   0.264032E+06   0.190248E+03  -0.999900E+04  -0.999900E+04  -0.999900E+04  -0.999900E+04   0.190248E+03  -0.999900E+04  -0.999900E+04  -0.999900E+04  -0.999900E+04   0.189083E+03   0.945421E+02   0.461544E+00   0.114561E+02   0.150000E+02   0.116480E+01  -0.999900E+04  -0.999900E+04  -0.999900E+04  -0.999900E+04   0.419040E+01  -0.999900E+04  -0.999900E+04  -0.999900E+04  -0.999900E+04
   0.100000E+01   0.400000E+01   0.376780E+05   0.264059E+06   0.100000E+01   0.400000E+01   0.376780E+05   0.264059E+06   0.189982E+03  -0.999900E+04  -0.999900E+04  -0.999900E+04  -0.999900E+04   0.189982E+03  -0.999900E+04  -0.999900E+04  -0.999900E+04  -0.999900E+04   0.189048E+03   0.945396E+02   0.401690E+00   0.114561E+02   0.150000E+02   0.934388E+00  -0.999900E+04  -0.999900E+04  -0.999900E+04  -0.999900E+04   0.336150E+01  -0.999900E+04  -0.999900E+04  -0.999900E+04  -0.999900E+04
   0.100000E+01   0.400000E+01   0.377410E+05   0.264072E+06   0.100000E+01   0.400000E+01   0.377410E+05   0.264072E+06   0.189968E+03  -0.999900E+04  -0.999900E+04  -0.999900E+04  -0.999900E+04   0.189968E+03  -0.999900E+04  -0.999900E+04  -0.999900E+04  -0.999900E+04   0.189025E+03   0.945363E+02   0.352785E+00   0.111447E+02   0.150000E+02   0.942986E+00  -0.999900E+04  -0.999900E+04  -0.999900E+04  -0.999900E+04   0.339243E+01  -0.999900E+04  -0.999900E+04  -0.999900E+04  -0.999900E+04
   0.100000E+01   0.400000E+01   0.377910E+05   0.264092E+06   0.100000E+01   0.400000E+01   0.377910E+05   0.264092E+06   0.189930E+03  -0.999900E+04  -0.999900E+04  -0.999900E+04  -0.999900E+04   0.189930E+03  -0.999900E+04  -0.999900E+04  -0.999900E+04  -0.999900E+04   0.189005E+03   0.945343E+02   0.374194E+00   0.108389E+02   0.150000E+02   0.925022E+00  -0.999900E+04  -0.999900E+04  -0.999900E+04  -0.999900E+04   0.332780E+01  -0.999900E+04  -0.999900E+04  -0.999900E+04  -0.999900E+04
   0.100000E+01   0.400000E+01   0.378410E+05   0.264119E+06   0.100000E+01   0.400000E+01   0.378410E+05   0.264119E+06   0.189905E+03  -0.999900E+04  -0.999900E+04  -0.999900E+04  -0.999900E+04   0.189905E+03  -0.999900E+04  -0.999900E+04  -0.999900E+04  -0.999900E+04   0.188982E+03   0.945327E+02   0.398521E+00   0.108389E+02   0.150000E+02   0.923387E+00  -0.999900E+04  -0.999900E+04  -0.999900E+04  -0.999900E+04   0.332192E+01  -0.999900E+04  -0.999900E+04  -0.999900E+04  -0.999900E+04
   0.100000E+01   0.400000E+01   0.378910E+05   0.264129E+06   0.100000E+01   0.400000E+01   0.378910E+05   0.264129E+06   0.189868E+03  -0.999900E+04  -0.999900E+04  -0.999900E+04  -0.999900E+04   0.189868E+03  -0.999900E+04  -0.999900E+04  -0.999900E+04  -0.999900E+04   0.188954E+03   0.945304E+02   0.420313E+00   0.105393E+02   0.150000E+02   0.913260E+00  -0.999900E+04  -0.999900E+04  -0.999900E+04  -0.999900E+04   0.328549E+01  -0.999900E+04  -0.999900E+04  -0.999900E+04  -0.999900E+04
   0.100000E+01   0.400000E+01   0.379410E+05   0.264144E+06   0.100000E+01   0.400000E+01   0.379410E+05   0.264144E+06   0.189833E+03  -0.999900E+04  -0.999900E+04  -0.999900E+04  -0.999900E+04   0.189833E+03  -0.999900E+04  -0.999900E+04  -0.999900E+04  -0.999900E+04   0.188922E+03   0.945283E+02   0.459218E+00   0.105393E+02   0.150000E+02   0.910784E+00  -0.999900E+04  -0.999900E+04  -0.999900E+04  -0.999900E+04   0.327658E+01  -0.999900E+04  -0.999900E+04  -0.999900E+04  -0.999900E+04
   0.100000E+01   0.400000E+01   0.387910E+05   0.264380E+06   0.100000E+01   0.400000E+01   0.387910E+05   0.264380E+06   0.188667E+03  -0.999900E+04  -0.999900E+04  -0.999900E+04  -0.999900E+04   0.188667E+03  -0.999900E+04  -0.999900E+04  -0.999900E+04  -0.999900E+04   0.187958E+03   0.944509E+02   0.594033E+00   0.820234E+01   0.150000E+02   0.709775E+00  -0.999900E+04  -0.999900E+04  -0.999900E+04  -0.999900E+04   0.255345E+01  -0.999900E+04  -0.999900E+04  -0.999900E+04  -0.999900E+04
   0.100000E+01   0.400000E+01   0.388410E+05   0.264390E+06   0.100000E+01   0.400000E+01   0.388410E+05   0.264390E+06   0.188627E+03  -0.999900E+04  -0.999900E+04  -0.999900E+04  -0.999900E+04   0.188627E+03  -0.999900E+04  -0.999900E+04  -0.999900E+04  -0.999900E+04   0.187914E+03   0.944461E+02   0.526362E+00   0.799244E+01   0.150000E+02   0.713152E+00  -0.999900E+04  -0.999900E+04  -0.999900E+04  -0.999900E+04   0.256559E+01  -0.999900E+04  -0.999900E+04  -0.999900E+04  -0.999900E+04
   0.100000E+01   0.400000E+01   0.395260E+05   0.264602E+06   0.100000E+01   0.400000E+01   0.395260E+05   0.264602E+06   0.187702E+03  -0.999900E+04  -0.999900E+04  -0.999900E+04  -0.999900E+04   0.187702E+03  -0.999900E+04  -0.999900E+04  -0.999900E+04  -0.999900E+04   0.187295E+03   0.943751E+02   0.384181E+00   0.689210E+01   0.150000E+02   0.407881E+00  -0.999900E+04  -0.999900E+04  -0.999900E+04  -0.999900E+04   0.146737E+01  -0.999900E+04  -0.999900E+04  -0.999900E+04  -0.999900E+04
   0.100000E+01   0.400000E+01   0.395860E+05   0.264629E+06   0.100000E+01   0.400000E+01   0.395860E+05   0.264629E+06   0.187460E+03  -0.999900E+04  -0.999900E+04  -0.999900E+04  -0.999900E+04   0.187460E+03  -0.999900E+04  -0.999900E+04  -0.999900E+04  -0.999900E+04   0.187237E+03   0.943692E+02   0.468985E+00   0.689210E+01   0.150000E+02   0.223198E+00  -0.999900E+04  -0.999900E+04  -0.999900E+04  -0.999900E+04   0.802963E+00  -0.999900E+04  -0.999900E+04  -0.999900E+04  -0.999900E+04
   0.100000E+01   0.400000E+01   0.396460E+05   0.264652E+06   0.100000E+01   0.400000E+01   0.396460E+05   0.264652E+06   0.187415E+03  -0.999900E+04  -0.999900E+04  -0.999900E+04  -0.999900E+04   0.187415E+03  -0.999900E+04  -0.999900E+04  -0.999900E+04  -0.999900E+04   0.187166E+03   0.943633E+02   0.527025E+00   0.679489E+01   0.150000E+02   0.249309E+00  -0.999900E+04  -0.999900E+04  -0.999900E+04  -0.999900E+04   0.896899E+00  -0.999900E+04  -0.999900E+04  -0.999900E+04  -0.999900E+04
   0.100000E+01   0.400000E+01   0.396920E+05   0.264657E+06   0.100000E+01   0.400000E+01   0.396920E+05   0.264657E+06   0.187430E+03  -0.999900E+04  -0.999900E+04  -0.999900E+04  -0.999900E+04   0.187430E+03  -0.999900E+04  -0.999900E+04  -0.999900E+04  -0.999900E+04   0.187112E+03   0.943583E+02   0.479280E+00   0.671455E+01   0.150000E+02   0.318272E+00  -0.999900E+04  -0.999900E+04  -0.999900E+04  -0.999900E+04   0.114500E+01  -0.999900E+04  -0.999900E+04  -0.999900E+04  -0.999900E+04
   0.100000E+01   0.400000E+01   0.397380E+05   0.264679E+06   0.100000E+01   0.400000E+01   0.397380E+05   0.264679E+06   0.187450E+03  -0.999900E+04  -0.999900E+04  -0.999900E+04  -0.999900E+04   0.187450E+03  -0.999900E+04  -0.999900E+04  -0.999900E+04  -0.999900E+04   0.187064E+03   0.943545E+02   0.441191E+00   0.671455E+01   0.150000E+02   0.386374E+00  -0.999900E+04  -0.999900E+04  -0.999900E+04  -0.999900E+04   0.139000E+01  -0.999900E+04  -0.999900E+04  -0.999900E+04  -0.999900E+04
   0.100000E+01   0.400000E+01   0.397840E+05   0.264689E+06   0.100000E+01   0.400000E+01   0.397840E+05   0.264689E+06   0.187423E+03  -0.999900E+04  -0.999900E+04  -0.999900E+04  -0.999900E+04   0.187423E+03  -0.999900E+04  -0.999900E+04  -0.999900E+04  -0.999900E+04   0.187022E+03   0.943501E+02   0.406379E+00   0.665172E+01   0.150000E+02   0.400262E+00  -0.999900E+04  -0.999900E+04  -0.999900E+04  -0.999900E+04   0.143996E+01  -0.999900E+04  -0.999900E+04  -0.999900E+04  -0.999900E+04
   0.100000E+01   0.400000E+01   0.398310E+05   0.264737E+06   0.100000E+01   0.400000E+01   0.398310E+05   0.264737E+06   0.187425E+03  -0.999900E+04  -0.999900E+04  -0.999900E+04  -0.999900E+04   0.187425E+03  -0.999900E+04  -0.999900E+04  -0.999900E+04  -0.999900E+04   0.186987E+03   0.943484E+02   0.374248E+00   0.665172E+01   0.150000E+02   0.437954E+00  -0.999900E+04  -0.999900E+04  -0.999900E+04  -0.999900E+04   0.157556E+01  -0.999900E+04  -0.999900E+04  -0.999900E+04  -0.999900E+04
   0.100000E+01   0.400000E+01   0.398870E+05   0.264749E+06   0.100000E+01   0.400000E+01   0.398870E+05   0.264749E+06   0.187368E+03  -0.999900E+04  -0.999900E+04  -0.999900E+04  -0.999900E+04   0.187368E+03  -0.999900E+04  -0.999900E+04  -0.999900E+04  -0.999900E+04   0.186949E+03   0.943434E+02   0.360984E+00   0.660707E+01   0.150000E+02   0.418607E+00  -0.999900E+04  -0.999900E+04  -0.999900E+04  -0.999900E+04   0.150595E+01  -0.999900E+04  -0.999900E+04  -0.999900E+04  -0.999900E+04
   0.100000E+01   0.400000E+01   0.399430E+05   0.264777E+06   0.100000E+01   0.400000E+01   0.399430E+05   0.264777E+06   0.187273E+03  -0.999900E+04  -0.999900E+04  -0.999900E+04  -0.999900E+04   0.187273E+03  -0.999900E+04  -0.999900E+04  -0.999900E+04  -0.999900E+04   0.186911E+03   0.943395E+02   0.354683E+00   0.660707E+01   0.150000E+02   0.361250E+00  -0.999900E+04  -0.999900E+04  -0.999900E+04  -0.999900E+04   0.129961E+01  -0.999900E+04  -0.999900E+04  -0.999900E+04  -0.999900E+04
   0.100000E+01   0.400000E+01   0.399620E+05   0.264779E+06   0.100000E+01   0.400000E+01   0.399620E+05   0.264779E+06   0.187265E+03  -0.999900E+04  -0.999900E+04  -0.999900E+04  -0.999900E+04   0.187265E+03  -0.999900E+04  -0.999900E+04  -0.999900E+04  -0.999900E+04   0.186899E+03   0.943374E+02   0.354085E+00   0.660707E+01   0.150000E+02   0.366199E+00  -0.999900E+04  -0.999900E+04  -0.999900E+04  -0.999900E+04   0.131742E+01  -0.999900E+04  -0.999900E+04  -0.999900E+04  -0.999900E+04
   0.100000E+01   0.400000E+01   0.399810E+05   0.264787E+06   0.100000E+01   0.400000E+01   0.399810E+05   0.264787E+06   0.187235E+03  -0.999900E+04  -0.999900E+04  -0.999900E+04  -0.999900E+04   0.187235E+03  -0.999900E+04  -0.999900E+04  -0.999900E+04  -0.999900E+04   0.186886E+03   0.943358E+02   0.351440E+00   0.658125E+01   0.150000E+02   0.349028E+00  -0.999900E+04  -0.999900E+04  -0.999900E+04  -0.999900E+04   0.125564E+01  -0.999900E+04  -0.999900E+04  -0.999900E+04  -0.999900E+04
   0.100000E+01   0.400000E+01   0.399990E+05   0.264794E+06   0.100000E+01   0.400000E+01   0.399990E+05   0.264794E+06   0.187197E+03  -0.999900E+04  -0.999900E+04  -0.999900E+04  -0.999900E+04   0.187197E+03  -0.999900E+04  -0.999900E+04  -0.999900E+04  -0.999900E+04   0.186873E+03   0.943342E+02   0.349534E+00   0.658125E+01   0.150000E+02   0.324378E+00  -0.999900E+04  -0.999900E+04  -0.999900E+04  -0.999900E+04   0.116696E+01  -0.999900E+04  -0.999900E+04  -0.999900E+04  -0.999900E+04
   0.100000E+01   0.400000E+01   0.400180E+05   0.264802E+06   0.100000E+01   0.400000E+01   0.400180E+05   0.264802E+06   0.187173E+03  -0.999900E+04  -0.999900E+04  -0.999900E+04  -0.999900E+04   0.187173E+03  -0.999900E+04  -0.999900E+04  -0.999900E+04  -0.999900E+04   0.186859E+03   0.943325E+02   0.350348E+00   0.658125E+01   0.150000E+02   0.313871E+00  -0.999900E+04  -0.999900E+04  -0.999900E+04  -0.999900E+04   0.112916E+01  -0.999900E+04  -0.999900E+04  -0.999900E+04  -0.999900E+04
   0.100000E+01   0.400000E+01   0.400370E+05   0.264799E+06   0.100000E+01   0.400000E+01   0.400370E+05   0.264799E+06   0.187170E+03  -0.999900E+04  -0.999900E+04  -0.999900E+04  -0.999900E+04   0.187170E+03  -0.999900E+04  -0.999900E+04  -0.999900E+04  -0.999900E+04   0.186843E+03   0.943300E+02   0.353394E+00   0.658125E+01   0.150000E+02   0.327045E+00  -0.999900E+04  -0.999900E+04  -0.999900E+04  -0.999900E+04   0.117656E+01  -0.999900E+04  -0.999900E+04  -0.999900E+04  -0.999900E+04
   0.100000E+01   0.400000E+01   0.400560E+05   0.264802E+06   0.100000E+01   0.400000E+01   0.400560E+05   0.264802E+06   0.187170E+03  -0.999900E+04  -0.999900E+04  -0.999900E+04  -0.999900E+04   0.187170E+03  -0.999900E+04  -0.999900E+04  -0.999900E+04  -0.999900E+04   0.186826E+03   0.943279E+02   0.356448E+00   0.658125E+01   0.150000E+02   0.343643E+00  -0.999900E+04  -0.999900E+04  -0.999900E+04  -0.999900E+04   0.123627E+01  -0.999900E+04  -0.999900E+04  -0.999900E+04  -0.999900E+04
   0.100000E+01   0.400000E+01   0.401060E+05   0.264817E+06   0.100000E+01   0.400000E+01   0.401060E+05   0.264817E+06   0.187155E+03  -0.999900E+04  -0.999900E+04  -0.999900E+04  -0.999900E+04   0.187155E+03  -0.999900E+04  -0.999900E+04  -0.999900E+04  -0.999900E+04   0.186781E+03   0.943228E+02   0.365474E+00   0.657494E+01   0.150000E+02   0.374031E+00  -0.999900E+04  -0.999900E+04  -0.999900E+04  -0.999900E+04   0.134559E+01  -0.999900E+04  -0.999900E+04  -0.999900E+04  -0.999900E+04
   0.100000E+01   0.400000E+01   0.401560E+05   0.264839E+06   0.100000E+01   0.400000E+01   0.401560E+05   0.264839E+06   0.187132E+03  -0.999900E+04  -0.999900E+04  -0.999900E+04  -0.999900E+04   0.187132E+03  -0.999900E+04  -0.999900E+04  -0.999900E+04  -0.999900E+04   0.186736E+03   0.943180E+02   0.379383E+00   0.657494E+01   0.150000E+02   0.396466E+00  -0.999900E+04  -0.999900E+04  -0.999900E+04  -0.999900E+04   0.142630E+01  -0.999900E+04  -0.999900E+04  -0.999900E+04  -0.999900E+04
   0.100000E+01   0.400000E+01   0.402060E+05   0.264854E+06   0.100000E+01   0.400000E+01   0.402060E+05   0.264854E+06   0.187120E+03  -0.999900E+04  -0.999900E+04  -0.999900E+04  -0.999900E+04   0.187120E+03  -0.999900E+04  -0.999900E+04  -0.999900E+04  -0.999900E+04   0.186690E+03   0.943123E+02   0.351128E+00   0.658881E+01   0.150000E+02   0.430330E+00  -0.999900E+04  -0.999900E+04  -0.999900E+04  -0.999900E+04   0.154813E+01  -0.999900E+04  -0.999900E+04  -0.999900E+04  -0.999900E+04
   0.100000E+01   0.400000E+01   0.402560E+05   0.264869E+06   0.100000E+01   0.400000E+01   0.402560E+05   0.264869E+06   0.187100E+03  -0.999900E+04  -0.999900E+04  -0.999900E+04  -0.999900E+04   0.187100E+03  -0.999900E+04  -0.999900E+04  -0.999900E+04  -0.999900E+04   0.186631E+03   0.943058E+02   0.356358E+00   0.658881E+01   0.150000E+02   0.469289E+00  -0.999900E+04  -0.999900E+04  -0.999900E+04  -0.999900E+04   0.168829E+01  -0.999900E+04  -0.999900E+04  -0.999900E+04  -0.999900E+04
   0.100000E+01   0.400000E+01   0.403060E+05   0.264885E+06   0.100000E+01   0.400000E+01   0.403060E+05   0.264885E+06   0.187062E+03  -0.999900E+04  -0.999900E+04  -0.999900E+04  -0.999900E+04   0.187062E+03  -0.999900E+04  -0.999900E+04  -0.999900E+04  -0.999900E+04   0.186565E+03   0.942989E+02   0.358137E+00   0.662356E+01   0.150000E+02   0.497522E+00  -0.999900E+04  -0.999900E+04  -0.999900E+04  -0.999900E+04   0.178985E+01  -0.999900E+04  -0.999900E+04  -0.999900E+04  -0.999900E+04
   0.100000E+01   0.400000E+01   0.403560E+05   0.264900E+06   0.100000E+01   0.400000E+01   0.403560E+05   0.264900E+06   0.187005E+03  -0.999900E+04  -0.999900E+04  -0.999900E+04  -0.999900E+04   0.187005E+03  -0.999900E+04  -0.999900E+04  -0.999900E+04  -0.999900E+04   0.186503E+03   0.942922E+02   0.360703E+00   0.667987E+01   0.150000E+02   0.502467E+00  -0.999900E+04  -0.999900E+04  -0.999900E+04  -0.999900E+04   0.180765E+01  -0.999900E+04  -0.999900E+04  -0.999900E+04  -0.999900E+04
   0.100000E+01   0.400000E+01   0.404060E+05   0.264905E+06   0.100000E+01   0.400000E+01   0.404060E+05   0.264905E+06   0.186963E+03  -0.999900E+04  -0.999900E+04  -0.999900E+04  -0.999900E+04   0.186963E+03  -0.999900E+04  -0.999900E+04  -0.999900E+04  -0.999900E+04   0.186445E+03   0.942850E+02   0.361378E+00   0.667987E+01   0.150000E+02   0.517998E+00  -0.999900E+04  -0.999900E+04  -0.999900E+04  -0.999900E+04   0.186352E+01  -0.999900E+04  -0.999900E+04  -0.999900E+04  -0.999900E+04
   0.100000E+01   0.400000E+01   0.404560E+05   0.264930E+06   0.100000E+01   0.400000E+01   0.404560E+05   0.264930E+06   0.186898E+03  -0.999900E+04  -0.999900E+04  -0.999900E+04  -0.999900E+04   0.186898E+03  -0.999900E+04  -0.999900E+04  -0.999900E+04  -0.999900E+04   0.186394E+03   0.942796E+02   0.376183E+00   0.675845E+01   0.150000E+02   0.503949E+00  -0.999900E+04  -0.999900E+04  -0.999900E+04  -0.999900E+04   0.181298E+01  -0.999900E+04  -0.999900E+04  -0.999900E+04  -0.999900E+04
   0.100000E+01   0.400000E+01   0.405130E+05   0.264945E+06   0.100000E+01   0.400000E+01   0.405130E+05   0.264945E+06   0.186805E+03  -0.999900E+04  -0.999900E+04  -0.999900E+04  -0.999900E+04   0.186805E+03  -0.999900E+04  -0.999900E+04  -0.999900E+04  -0.999900E+04   0.186345E+03   0.942726E+02   0.347334E+00   0.675845E+01   0.150000E+02   0.460221E+00  -0.999900E+04  -0.999900E+04  -0.999900E+04  -0.999900E+04   0.165566E+01  -0.999900E+04  -0.999900E+04  -0.999900E+04  -0.999900E+04
   0.100000E+01   0.400000E+01   0.405710E+05   0.264963E+06   0.100000E+01   0.400000E+01   0.405710E+05   0.264963E+06   0.186705E+03  -0.999900E+04  -0.999900E+04  -0.999900E+04  -0.999900E+04   0.186705E+03  -0.999900E+04  -0.999900E+04  -0.999900E+04  -0.999900E+04   0.186297E+03   0.942653E+02   0.334437E+00   0.686002E+01   0.150000E+02   0.407868E+00  -0.999900E+04  -0.999900E+04  -0.999900E+04  -0.999900E+04   0.146732E+01  -0.999900E+04  -0.999900E+04  -0.999900E+04  -0.999900E+04
   0.100000E+01   0.400000E+01   0.406280E+05   0.264968E+06   0.100000E+01   0.400000E+01   0.406280E+05   0.264968E+06   0.186648E+03  -0.999900E+04  -0.999900E+04  -0.999900E+04  -0.999900E+04   0.186648E+03  -0.999900E+04  -0.999900E+04  -0.999900E+04  -0.999900E+04   0.186253E+03   0.942567E+02   0.315165E+00   0.686002E+01   0.150000E+02   0.394048E+00  -0.999900E+04  -0.999900E+04  -0.999900E+04  -0.999900E+04   0.141760E+01  -0.999900E+04  -0.999900E+04  -0.999900E+04  -0.999900E+04
   0.100000E+01   0.400000E+01   0.406860E+05   0.264990E+06   0.100000E+01   0.400000E+01   0.406860E+05   0.264990E+06   0.186593E+03  -0.999900E+04  -0.999900E+04  -0.999900E+04  -0.999900E+04   0.186593E+03  -0.999900E+04  -0.999900E+04  -0.999900E+04  -0.999900E+04   0.186209E+03   0.942490E+02   0.318829E+00   0.698528E+01   0.150000E+02   0.383008E+00  -0.999900E+04  -0.999900E+04  -0.999900E+04  -0.999900E+04   0.137789E+01  -0.999900E+04  -0.999900E+04  -0.999900E+04  -0.999900E+04
   0.100000E+01   0.400000E+01   0.407480E+05   0.265010E+06   0.100000E+01   0.400000E+01   0.407480E+05   0.265010E+06   0.186560E+03  -0.999900E+04  -0.999900E+04  -0.999900E+04  -0.999900E+04   0.186560E+03  -0.999900E+04  -0.999900E+04  -0.999900E+04  -0.999900E+04   0.186160E+03   0.942402E+02   0.331583E+00   0.713498E+01   0.150000E+02   0.399822E+00  -0.999900E+04  -0.999900E+04  -0.999900E+04  -0.999900E+04   0.143838E+01  -0.999900E+04  -0.999900E+04  -0.999900E+04  -0.999900E+04
   0.100000E+01   0.400000E+01   0.408110E+05   0.265028E+06   0.100000E+01   0.400000E+01   0.408110E+05   0.265028E+06   0.186530E+03  -0.999900E+04  -0.999900E+04  -0.999900E+04  -0.999900E+04   0.186530E+03  -0.999900E+04  -0.999900E+04  -0.999900E+04  -0.999900E+04   0.186107E+03   0.942310E+02   0.345009E+00   0.713498E+01   0.150000E+02   0.422581E+00  -0.999900E+04  -0.999900E+04  -0.999900E+04  -0.999900E+04   0.152025E+01  -0.999900E+04  -0.999900E+04  -0.999900E+04  -0.999900E+04
   0.100000E+01   0.400000E+01   0.408420E+05   0.265033E+06   0.100000E+01   0.400000E+01   0.408420E+05   0.265033E+06   0.186515E+03  -0.999900E+04  -0.999900E+04  -0.999900E+04  -0.999900E+04   0.186515E+03  -0.999900E+04  -0.999900E+04  -0.999900E+04  -0.999900E+04   0.186081E+03   0.942261E+02   0.345514E+00   0.730984E+01   0.150000E+02   0.433870E+00  -0.999900E+04  -0.999900E+04  -0.999900E+04  -0.999900E+04   0.156087E+01  -0.999900E+04  -0.999900E+04  -0.999900E+04  -0.999900E+04
   0.100000E+01   0.400000E+01   0.408730E+05   0.265035E+06   0.100000E+01   0.400000E+01   0.408730E+05   0.265035E+06   0.186468E+03  -0.999900E+04  -0.999900E+04  -0.999900E+04  -0.999900E+04   0.186468E+03  -0.999900E+04  -0.999900E+04  -0.999900E+04  -0.999900E+04   0.186055E+03   0.942209E+02   0.342192E+00   0.730984E+01   0.150000E+02   0.412582E+00  -0.999900E+04  -0.999900E+04  -0.999900E+04  -0.999900E+04   0.148428E+01  -0.999900E+04  -0.999900E+04  -0.999900E+04  -0.999900E+04
   0.100000E+01   0.400000E+01   0.409040E+05   0.265058E+06   0.100000E+01   0.400000E+01   0.409040E+05   0.265058E+06   0.186423E+03  -0.999900E+04  -0.999900E+04  -0.999900E+04  -0.999900E+04   0.186423E+03  -0.999900E+04  -0.999900E+04  -0.999900E+04  -0.999900E+04   0.186028E+03   0.942174E+02   0.340524E+00   0.730984E+01   0.150000E+02   0.394346E+00  -0.999900E+04  -0.999900E+04  -0.999900E+04  -0.999900E+04   0.141867E+01  -0.999900E+04  -0.999900E+04  -0.999900E+04  -0.999900E+04
   0.100000E+01   0.400000E+01   0.409360E+05   0.265063E+06   0.100000E+01   0.400000E+01   0.409360E+05   0.265063E+06   0.186403E+03  -0.999900E+04  -0.999900E+04  -0.999900E+04  -0.999900E+04   0.186403E+03  -0.999900E+04  -0.999900E+04  -0.999900E+04  -0.999900E+04   0.186000E+03   0.942121E+02   0.342913E+00   0.751060E+01   0.150000E+02   0.402160E+00  -0.999900E+04  -0.999900E+04  -0.999900E+04  -0.999900E+04   0.144679E+01  -0.999900E+04  -0.999900E+04  -0.999900E+04  -0.999900E+04
   0.100000E+01   0.400000E+01   0.409570E+05   0.265068E+06   0.100000E+01   0.400000E+01   0.409570E+05   0.265068E+06   0.186377E+03  -0.999900E+04  -0.999900E+04  -0.999900E+04  -0.999900E+04   0.186377E+03  -0.999900E+04  -0.999900E+04  -0.999900E+04  -0.999900E+04   0.185983E+03   0.942089E+02   0.337513E+00   0.751060E+01   0.150000E+02   0.394656E+00  -0.999900E+04  -0.999900E+04  -0.999900E+04  -0.999900E+04   0.141979E+01  -0.999900E+04  -0.999900E+04  -0.999900E+04  -0.999900E+04
   0.100000E+01   0.400000E+01   0.409790E+05   0.265065E+06   0.100000E+01   0.400000E+01   0.409790E+05   0.265065E+06   0.186355E+03  -0.999900E+04  -0.999900E+04  -0.999900E+04  -0.999900E+04   0.186355E+03  -0.999900E+04  -0.999900E+04  -0.999900E+04  -0.999900E+04   0.185966E+03   0.942048E+02   0.324517E+00   0.751060E+01   0.150000E+02   0.388975E+00  -0.999900E+04  -0.999900E+04  -0.999900E+04  -0.999900E+04   0.139935E+01  -0.999900E+04  -0.999900E+04  -0.999900E+04  -0.999900E+04
   0.100000E+01   0.400000E+01   0.410010E+05   0.265083E+06   0.100000E+01   0.400000E+01   0.410010E+05   0.265083E+06   0.186315E+03  -0.999900E+04  -0.999900E+04  -0.999900E+04  -0.999900E+04   0.186315E+03  -0.999900E+04  -0.999900E+04  -0.999900E+04  -0.999900E+04   0.185951E+03   0.942023E+02   0.314501E+00   0.751060E+01   0.150000E+02   0.364395E+00  -0.999900E+04  -0.999900E+04  -0.999900E+04  -0.999900E+04   0.131093E+01  -0.999900E+04  -0.999900E+04  -0.999900E+04  -0.999900E+04
   0.100000E+01   0.400000E+01   0.410230E+05   0.265078E+06   0.100000E+01   0.400000E+01   0.410230E+05   0.265078E+06   0.186312E+03  -0.999900E+04  -0.999900E+04  -0.999900E+04  -0.999900E+04   0.186312E+03  -0.999900E+04  -0.999900E+04  -0.999900E+04  -0.999900E+04   0.185936E+03   0.941977E+02   0.312038E+00   0.773803E+01   0.150000E+02   0.376476E+00  -0.999900E+04  -0.999900E+04  -0.999900E+04  -0.999900E+04   0.135439E+01  -0.999900E+04  -0.999900E+04  -0.999900E+04  -0.999900E+04
   0.100000E+01   0.400000E+01   0.410670E+05   0.265090E+06   0.100000E+01   0.400000E+01   0.410670E+05   0.265090E+06   0.186303E+03  -0.999900E+04  -0.999900E+04  -0.999900E+04  -0.999900E+04   0.186303E+03  -0.999900E+04  -0.999900E+04  -0.999900E+04  -0.999900E+04   0.185909E+03   0.941902E+02   0.308011E+00   0.773803E+01   0.150000E+02   0.393604E+00  -0.999900E+04  -0.999900E+04  -0.999900E+04  -0.999900E+04   0.141601E+01  -0.999900E+04  -0.999900E+04  -0.999900E+04  -0.999900E+04
   0.100000E+01   0.400000E+01   0.411110E+05   0.265105E+06   0.100000E+01   0.400000E+01   0.411110E+05   0.265105E+06   0.186285E+03  -0.999900E+04  -0.999900E+04  -0.999900E+04  -0.999900E+04   0.186285E+03  -0.999900E+04  -0.999900E+04  -0.999900E+04  -0.999900E+04   0.185882E+03   0.941835E+02   0.311481E+00   0.773803E+01   0.150000E+02   0.402593E+00  -0.999900E+04  -0.999900E+04  -0.999900E+04  -0.999900E+04   0.144835E+01  -0.999900E+04  -0.999900E+04  -0.999900E+04  -0.999900E+04
   0.100000E+01   0.400000E+01   0.411440E+05   0.265115E+06   0.100000E+01   0.400000E+01   0.411440E+05   0.265115E+06   0.186275E+03  -0.999900E+04  -0.999900E+04  -0.999900E+04  -0.999900E+04   0.186275E+03  -0.999900E+04  -0.999900E+04  -0.999900E+04  -0.999900E+04   0.185865E+03   0.941783E+02   0.296084E+00   0.799287E+01   0.150000E+02   0.410432E+00  -0.999900E+04  -0.999900E+04  -0.999900E+04  -0.999900E+04   0.147654E+01  -0.999900E+04  -0.999900E+04  -0.999900E+04  -0.999900E+04
   0.100000E+01   0.400000E+01   0.411770E+05   0.265144E+06   0.100000E+01   0.400000E+01   0.411770E+05   0.265144E+06   0.186245E+03  -0.999900E+04  -0.999900E+04  -0.999900E+04  -0.999900E+04   0.186245E+03  -0.999900E+04  -0.999900E+04  -0.999900E+04  -0.999900E+04   0.185850E+03   0.941744E+02   0.274528E+00   0.799287E+01   0.150000E+02   0.395444E+00  -0.999900E+04  -0.999900E+04  -0.999900E+04  -0.999900E+04   0.142262E+01  -0.999900E+04  -0.999900E+04  -0.999900E+04  -0.999900E+04
   0.100000E+01   0.500000E+01   0.412270E+05   0.265156E+06   0.100000E+01   0.500000E+01   0.412270E+05   0.265156E+06   0.186202E+03  -0.999900E+04  -0.999900E+04  -0.999900E+04  -0.999900E+04   0.186202E+03  -0.999900E+04  -0.999900E+04  -0.999900E+04  -0.999900E+04   0.185829E+03   0.941647E+02   0.266184E+00   0.825718E+01   0.150000E+02   0.373910E+00  -0.999900E+04  -0.999900E+04  -0.999900E+04  -0.999900E+04   0.134516E+01  -0.999900E+04  -0.999900E+04  -0.999900E+04  -0.999900E+04
   0.100000E+01   0.500000E+01   0.412440E+05   0.265164E+06   0.100000E+01   0.500000E+01   0.412440E+05   0.265164E+06   0.186170E+03  -0.999900E+04  -0.999900E+04  -0.999900E+04  -0.999900E+04   0.186170E+03  -0.999900E+04  -0.999900E+04  -0.999900E+04  -0.999900E+04   0.185822E+03   0.941617E+02   0.262227E+00   0.825718E+01   0.150000E+02   0.348053E+00  -0.999900E+04  -0.999900E+04  -0.999900E+04  -0.999900E+04   0.125213E+01  -0.999900E+04  -0.999900E+04  -0.999900E+04  -0.999900E+04
   0.100000E+01   0.500000E+01   0.412610E+05   0.265164E+06   0.100000E+01   0.500000E+01   0.412610E+05   0.265164E+06   0.186115E+03  -0.999900E+04  -0.999900E+04  -0.999900E+04  -0.999900E+04   0.186115E+03  -0.999900E+04  -0.999900E+04  -0.999900E+04  -0.999900E+04   0.185815E+03   0.941579E+02   0.258845E+00   0.825718E+01   0.150000E+02   0.299660E+00  -0.999900E+04  -0.999900E+04  -0.999900E+04  -0.999900E+04   0.107804E+01  -0.999900E+04  -0.999900E+04  -0.999900E+04  -0.999900E+04
   0.100000E+01   0.500000E+01   0.412770E+05   0.265179E+06   0.100000E+01   0.500000E+01   0.412770E+05   0.265179E+06   0.186055E+03  -0.999900E+04  -0.999900E+04  -0.999900E+04  -0.999900E+04   0.186055E+03  -0.999900E+04  -0.999900E+04  -0.999900E+04  -0.999900E+04   0.185809E+03   0.941555E+02   0.257746E+00   0.825718E+01   0.150000E+02   0.245913E+00  -0.999900E+04  -0.999900E+04  -0.999900E+04  -0.999900E+04   0.884682E+00  -0.999900E+04  -0.999900E+04  -0.999900E+04  -0.999900E+04
   0.100000E+01   0.500000E+01   0.412940E+05   0.265176E+06   0.100000E+01   0.500000E+01   0.412940E+05   0.265176E+06   0.186012E+03  -0.999900E+04  -0.999900E+04  -0.999900E+04  -0.999900E+04   0.186012E+03  -0.999900E+04  -0.999900E+04  -0.999900E+04  -0.999900E+04   0.185802E+03   0.941513E+02   0.258462E+00   0.825718E+01   0.150000E+02   0.210054E+00  -0.999900E+04  -0.999900E+04  -0.999900E+04  -0.999900E+04   0.755679E+00  -0.999900E+04  -0.999900E+04  -0.999900E+04  -0.999900E+04
   0.100000E+01   0.500000E+01   0.413110E+05   0.265179E+06   0.100000E+01   0.500000E+01   0.413110E+05   0.265179E+06   0.185993E+03  -0.999900E+04  -0.999900E+04  -0.999900E+04  -0.999900E+04   0.185993E+03  -0.999900E+04  -0.999900E+04  -0.999900E+04  -0.999900E+04   0.185796E+03   0.941475E+02   0.259601E+00   0.852652E+01   0.150000E+02   0.196597E+00  -0.999900E+04  -0.999900E+04  -0.999900E+04  -0.999900E+04   0.707264E+00  -0.999900E+04  -0.999900E+04  -0.999900E+04  -0.999900E+04
   0.100000E+01   0.500000E+01   0.413270E+05   0.265189E+06   0.100000E+01   0.500000E+01   0.413270E+05   0.265189E+06   0.185970E+03  -0.999900E+04  -0.999900E+04  -0.999900E+04  -0.999900E+04   0.185970E+03  -0.999900E+04  -0.999900E+04  -0.999900E+04  -0.999900E+04   0.185790E+03   0.941446E+02   0.258661E+00   0.852652E+01   0.150000E+02   0.180112E+00  -0.999900E+04  -0.999900E+04  -0.999900E+04  -0.999900E+04   0.647959E+00  -0.999900E+04  -0.999900E+04  -0.999900E+04  -0.999900E+04
   0.100000E+01   0.500000E+01   0.413440E+05   0.265191E+06   0.100000E+01   0.500000E+01   0.413440E+05   0.265191E+06   0.185945E+03  -0.999900E+04  -0.999900E+04  -0.999900E+04  -0.999900E+04   0.185945E+03  -0.999900E+04  -0.999900E+04  -0.999900E+04  -0.999900E+04   0.185784E+03   0.941407E+02   0.255403E+00   0.852652E+01   0.150000E+02   0.161472E+00  -0.999900E+04  -0.999900E+04  -0.999900E+04  -0.999900E+04   0.580903E+00  -0.999900E+04  -0.999900E+04  -0.999900E+04  -0.999900E+04
   0.100000E+01   0.500000E+01   0.413610E+05   0.265196E+06   0.100000E+01   0.500000E+01   0.413610E+05   0.265196E+06   0.185893E+03  -0.999900E+04  -0.999900E+04  -0.999900E+04  -0.999900E+04   0.185893E+03  -0.999900E+04  -0.999900E+04  -0.999900E+04  -0.999900E+04   0.185777E+03   0.941371E+02   0.250943E+00   0.852652E+01   0.150000E+02   0.115024E+00  -0.999900E+04  -0.999900E+04  -0.999900E+04  -0.999900E+04   0.413803E+00  -0.999900E+04  -0.999900E+04  -0.999900E+04  -0.999900E+04
   0.100000E+01   0.500000E+01   0.413770E+05   0.265191E+06   0.100000E+01   0.500000E+01   0.413770E+05   0.265191E+06   0.185863E+03  -0.999900E+04  -0.999900E+04  -0.999900E+04  -0.999900E+04   0.185863E+03  -0.999900E+04  -0.999900E+04  -0.999900E+04  -0.999900E+04   0.185772E+03   0.941328E+02   0.245832E+00   0.852652E+01   0.150000E+02   0.904165E-01  -0.999900E+04  -0.999900E+04  -0.999900E+04  -0.999900E+04   0.325277E+00  -0.999900E+04  -0.999900E+04  -0.999900E+04  -0.999900E+04
   0.100000E+01   0.500000E+01   0.413940E+05   0.265196E+06   0.100000E+01   0.500000E+01   0.413940E+05   0.265196E+06   0.185812E+03  -0.999900E+04  -0.999900E+04  -0.999900E+04  -0.999900E+04   0.185812E+03  -0.999900E+04  -0.999900E+04  -0.999900E+04  -0.999900E+04   0.185767E+03   0.941292E+02   0.240569E+00   0.881845E+01   0.150000E+02   0.456134E-01  -0.999900E+04  -0.999900E+04  -0.999900E+04  -0.999900E+04   0.164096E+00  -0.999900E+04  -0.999900E+04  -0.999900E+04  -0.999900E+04
   0.100000E+01   0.500000E+01   0.414110E+05   0.265209E+06   0.100000E+01   0.500000E+01   0.414110E+05   0.265209E+06   0.185773E+03  -0.999900E+04  -0.999900E+04  -0.999900E+04  -0.999900E+04   0.185773E+03  -0.999900E+04  -0.999900E+04  -0.999900E+04  -0.999900E+04   0.185762E+03   0.941260E+02   0.235602E+00   0.881845E+01   0.150000E+02   0.102975E-01  -0.999900E+04  -0.999900E+04  -0.999900E+04  -0.999900E+04   0.370456E-01  -0.999900E+04  -0.999900E+04  -0.999900E+04  -0.999900E+04
   0.100000E+01   0.500000E+01   0.414270E+05   0.265204E+06   0.100000E+01   0.500000E+01   0.414270E+05   0.265204E+06   0.185740E+03  -0.999900E+04  -0.999900E+04  -0.999900E+04  -0.999900E+04   0.185740E+03  -0.999900E+04  -0.999900E+04  -0.999900E+04  -0.999900E+04   0.185758E+03   0.941210E+02   0.231392E+00   0.881845E+01   0.150000E+02  -0.180309E-01  -0.999900E+04  -0.999900E+04  -0.999900E+04  -0.999900E+04  -0.648669E-01  -0.999900E+04  -0.999900E+04  -0.999900E+04  -0.999900E+04
   0.100000E+01   0.500000E+01   0.414440E+05   0.265214E+06   0.100000E+01   0.500000E+01   0.414440E+05   0.265214E+06   0.185710E+03  -0.999900E+04  -0.999900E+04  -0.999900E+04  -0.999900E+04   0.185710E+03  -0.999900E+04  -0.999900E+04  -0.999900E+04  -0.999900E+04   0.185754E+03   0.941172E+02   0.228598E+00   0.881845E+01   0.150000E+02  -0.438162E-01  -0.999900E+04  -0.999900E+04  -0.999900E+04  -0.999900E+04  -0.157630E+00  -0.999900E+04  -0.999900E+04  -0.999900E+04  -0.999900E+04
   0.200000E+01   0.300000E+01   0.276000E+05   0.259200E+06   0.200000E+01   0.300000E+01   0.276000E+05   0.259200E+06   0.182620E+03  -0.999900E+04  -0.999900E+04  -0.999900E+04  -0.999900E+04   0.182620E+03  -0.999900E+04  -0.999900E+04  -0.999900E+04  -0.999900E+04   0.182696E+03   0.672921E+03   0.899003E+00   0.288803E+02   0.200000E+02  -0.758092E-01  -0.999900E+04  -0.999900E+04  -0.999900E+04  -0.999900E+04  -0.287012E+00  -0.999900E+04  -0.999900E+04  -0.999900E+04  -0.999900E+04
   0.200000E+01   0.300000E+01   0.276500E+05   0.259200E+06   0.200000E+01   0.300000E+01   0.276500E+05   0.259200E+06   0.182633E+03  -0.999900E+04  -0.999900E+04  -0.999900E+04  -0.999900E+04   0.182633E+03  -0.999900E+04  -0.999900E+04  -0.999900E+04  -0.999900E+04   0.182702E+03   0.672949E+03   0.909076E+00   0.298772E+02   0.200000E+02  -0.688196E-01  -0.999900E+04  -0.999900E+04  -0.999900E+04  -0.999900E+04  -0.260549E+00  -0.999900E+04  -0.999900E+04  -0.999900E+04  -0.999900E+04
   0.200000E+01   0.300000E+01   0.277000E+05   0.259200E+06   0.200000E+01   0.300000E+01   0.277000E+05   0.259200E+06   0.182627E+03  -0.999900E+04  -0.999900E+04  -0.999900E+04  -0.999900E+04   0.182627E+03  -0.999900E+04  -0.999900E+04  -0.999900E+04  -0.999900E+04   0.182708E+03   0.672979E+03   0.922954E+00   0.298772E+02   0.200000E+02  -0.800958E-01  -0.999900E+04  -0.999900E+04  -0.999900E+04  -0.999900E+04  -0.303241E+00  -0.999900E+04  -0.999900E+04  -0.999900E+04  -0.999900E+04
   0.200000E+01   0.300000E+01   0.277500E+05   0.259200E+06   0.200000E+01   0.300000E+01   0.277500E+05   0.259200E+06   0.182634E+03  -0.999900E+04  -0.999900E+04  -0.999900E+04  -0.999900E+04   0.182634E+03  -0.999900E+04  -0.999900E+04  -0.999900E+04  -0.999900E+04   0.182713E+03   0.673009E+03   0.939911E+00   0.298772E+02   0.200000E+02  -0.787432E-01  -0.999900E+04  -0.999900E+04  -0.999900E+04  -0.999900E+04  -0.298120E+00  -0.999900E+04  -0.999900E+04  -0.999900E+04  -0.999900E+04
   0.200000E+01   0.300000E+01   0.278000E+05   0.259200E+06   0.200000E+01   0.300000E+01   0.278000E+05   0.259200E+06   0.182642E+03  -0.999900E+04  -0.999900E+04  -0.999900E+04  -0.999900E+04   0.182642E+03  -0.999900E+04  -0.999900E+04  -0.999900E+04  -0.999900E+04   0.182718E+03   0.673040E+03   0.958897E+00   0.308296E+02   0.200000E+02  -0.758007E-01  -0.999900E+04  -0.999900E+04  -0.999900E+04  -0.999900E+04  -0.286980E+00  -0.999900E+04  -0.999900E+04  -0.999900E+04  -0.999900E+04
   0.200000E+01   0.300000E+01   0.279000E+05   0.259200E+06   0.200000E+01   0.300000E+01   0.279000E+05   0.259200E+06   0.182648E+03  -0.999900E+04  -0.999900E+04  -0.999900E+04  -0.999900E+04   0.182648E+03  -0.999900E+04  -0.999900E+04  -0.999900E+04  -0.999900E+04   0.182729E+03   0.673103E+03   0.995294E+00   0.308296E+02   0.200000E+02  -0.811224E-01  -0.999900E+04  -0.999900E+04  -0.999900E+04  -0.999900E+04  -0.307128E+00  -0.999900E+04  -0.999900E+04  -0.999900E+04  -0.999900E+04
   0.200000E+01   0.300000E+01   0.279500E+05   0.259200E+06   0.200000E+01   0.300000E+01   0.279500E+05   0.259200E+06   0.182655E+03  -0.999900E+04  -0.999900E+04  -0.999900E+04  -0.999900E+04   0.182655E+03  -0.999900E+04  -0.999900E+04  -0.999900E+04  -0.999900E+04   0.182734E+03   0.673136E+03   0.100722E+01   0.317376E+02   0.200000E+02  -0.796818E-01  -0.999900E+04  -0.999900E+04  -0.999900E+04  -0.999900E+04  -0.301673E+00  -0.999900E+04  -0.999900E+04  -0.999900E+04  -0.999900E+04
   0.200000E+01   0.300000E+01   0.285000E+05   0.259200E+06   0.200000E+01   0.300000E+01   0.285000E+05   0.259200E+06   0.182738E+03  -0.999900E+04  -0.999900E+04  -0.999900E+04  -0.999900E+04   0.182738E+03  -0.999900E+04  -0.999900E+04  -0.999900E+04  -0.999900E+04   0.182822E+03   0.673721E+03   0.102811E+01   0.341951E+02   0.200000E+02  -0.835485E-01  -0.999900E+04  -0.999900E+04  -0.999900E+04  -0.999900E+04  -0.316313E+00  -0.999900E+04  -0.999900E+04  -0.999900E+04  -0.999900E+04
   0.200000E+01   0.300000E+01   0.286250E+05   0.259200E+06   0.200000E+01   0.300000E+01   0.286250E+05   0.259200E+06   0.182741E+03  -0.999900E+04  -0.999900E+04  -0.999900E+04  -0.999900E+04   0.182741E+03  -0.999900E+04  -0.999900E+04  -0.999900E+04  -0.999900E+04   0.182846E+03   0.673932E+03   0.102216E+01   0.349254E+02   0.200000E+02  -0.105237E+00  -0.999900E+04  -0.999900E+04  -0.999900E+04  -0.999900E+04  -0.398426E+00  -0.999900E+04  -0.999900E+04  -0.999900E+04  -0.999900E+04
   0.200000E+01   0.300000E+01   0.287500E+05   0.259200E+06   0.200000E+01   0.300000E+01   0.287500E+05   0.259200E+06   0.182750E+03  -0.999900E+04  -0.999900E+04  -0.999900E+04  -0.999900E+04   0.182750E+03  -0.999900E+04  -0.999900E+04  -0.999900E+04  -0.999900E+04   0.182868E+03   0.674155E+03   0.101619E+01   0.356112E+02   0.200000E+02  -0.117405E+00  -0.999900E+04  -0.999900E+04  -0.999900E+04  -0.999900E+04  -0.444491E+00  -0.999900E+04  -0.999900E+04  -0.999900E+04  -0.999900E+04
   0.200000E+01   0.300000E+01   0.288750E+05   0.259200E+06   0.200000E+01   0.300000E+01   0.288750E+05   0.259200E+06   0.182783E+03  -0.999900E+04  -0.999900E+04  -0.999900E+04  -0.999900E+04   0.182783E+03  -0.999900E+04  -0.999900E+04  -0.999900E+04  -0.999900E+04   0.182887E+03   0.674377E+03   0.100597E+01   0.362526E+02   0.200000E+02  -0.103871E+00  -0.999900E+04  -0.999900E+04  -0.999900E+04  -0.999900E+04  -0.393254E+00  -0.999900E+04  -0.999900E+04  -0.999900E+04  -0.999900E+04
   0.200000E+01   0.300000E+01   0.290000E+05   0.259200E+06   0.200000E+01   0.300000E+01   0.290000E+05   0.259200E+06   0.182823E+03  -0.999900E+04  -0.999900E+04  -0.999900E+04  -0.999900E+04   0.182823E+03  -0.999900E+04  -0.999900E+04  -0.999900E+04  -0.999900E+04   0.182903E+03   0.674596E+03   0.997658E+00   0.368496E+02   0.200000E+02  -0.797067E-01  -0.999900E+04  -0.999900E+04  -0.999900E+04  -0.999900E+04  -0.301768E+00  -0.999900E+04  -0.999900E+04  -0.999900E+04  -0.999900E+04
   0.200000E+01   0.300000E+01   0.291250E+05   0.259200E+06   0.200000E+01   0.300000E+01   0.291250E+05   0.259200E+06   0.182872E+03  -0.999900E+04  -0.999900E+04  -0.999900E+04  -0.999900E+04   0.182872E+03  -0.999900E+04  -0.999900E+04  -0.999900E+04  -0.999900E+04   0.182913E+03   0.674830E+03   0.106588E+01   0.374022E+02   0.200000E+02  -0.405791E-01  -0.999900E+04  -0.999900E+04  -0.999900E+04  -0.999900E+04  -0.153632E+00  -0.999900E+04  -0.999900E+04  -0.999900E+04  -0.999900E+04
   0.200000E+01   0.300000E+01   0.295000E+05   0.259200E+06   0.200000E+01   0.300000E+01   0.295000E+05   0.259200E+06   0.182995E+03  -0.999900E+04  -0.999900E+04  -0.999900E+04  -0.999900E+04   0.182995E+03  -0.999900E+04  -0.999900E+04  -0.999900E+04  -0.999900E+04   0.182998E+03   0.675710E+03   0.123045E+01   0.383740E+02   0.200000E+02  -0.308420E-02  -0.999900E+04  -0.999900E+04  -0.999900E+04  -0.999900E+04  -0.116767E-01  -0.999900E+04  -0.999900E+04  -0.999900E+04  -0.999900E+04
   0.200000E+01   0.300000E+01   0.305000E+05   0.259200E+06   0.200000E+01   0.300000E+01   0.305000E+05   0.259200E+06   0.183182E+03  -0.999900E+04  -0.999900E+04  -0.999900E+04  -0.999900E+04   0.183182E+03  -0.999900E+04  -0.999900E+04  -0.999900E+04  -0.999900E+04   0.183236E+03   0.678883E+03   0.133118E+01   0.403756E+02   0.200000E+02  -0.543129E-01  -0.999900E+04  -0.999900E+04  -0.999900E+04  -0.999900E+04  -0.205627E+00  -0.999900E+04  -0.999900E+04  -0.999900E+04  -0.999900E+04
   0.200000E+01   0.300000E+01   0.305250E+05   0.259200E+06   0.200000E+01   0.300000E+01   0.305250E+05   0.259200E+06   0.183176E+03  -0.999900E+04  -0.999900E+04  -0.999900E+04  -0.999900E+04   0.183176E+03  -0.999900E+04  -0.999900E+04  -0.999900E+04  -0.999900E+04   0.183241E+03   0.678934E+03   0.132749E+01   0.403756E+02   0.200000E+02  -0.647769E-01  -0.999900E+04  -0.999900E+04  -0.999900E+04  -0.999900E+04  -0.245244E+00  -0.999900E+04  -0.999900E+04  -0.999900E+04  -0.999900E+04
   0.200000E+01   0.300000E+01   0.305500E+05   0.259200E+06   0.200000E+01   0.300000E+01   0.305500E+05   0.259200E+06   0.183202E+03  -0.999900E+04  -0.999900E+04  -0.999900E+04  -0.999900E+04   0.183202E+03  -0.999900E+04  -0.999900E+04  -0.999900E+04  -0.999900E+04   0.183246E+03   0.678986E+03   0.131992E+01   0.403756E+02   0.200000E+02  -0.430902E-01  -0.999900E+04  -0.999900E+04  -0.999900E+04  -0.999900E+04  -0.163139E+00  -0.999900E+04  -0.999900E+04  -0.999900E+04  -0.999900E+04
   0.200000E+01   0.300000E+01   0.306000E+05   0.259200E+06   0.200000E+01   0.300000E+01   0.306000E+05   0.259200E+06   0.183228E+03  -0.999900E+04  -0.999900E+04  -0.999900E+04  -0.999900E+04   0.183228E+03  -0.999900E+04  -0.999900E+04  -0.999900E+04  -0.999900E+04   0.183256E+03   0.679096E+03   0.130219E+01   0.404838E+02   0.200000E+02  -0.276052E-01  -0.999900E+04  -0.999900E+04  -0.999900E+04  -0.999900E+04  -0.104512E+00  -0.999900E+04  -0.999900E+04  -0.999900E+04  -0.999900E+04
   0.200000E+01   0.300000E+01   0.306500E+05   0.259200E+06   0.200000E+01   0.300000E+01   0.306500E+05   0.259200E+06   0.183220E+03  -0.999900E+04  -0.999900E+04  -0.999900E+04  -0.999900E+04   0.183220E+03  -0.999900E+04  -0.999900E+04  -0.999900E+04  -0.999900E+04   0.183266E+03   0.679218E+03   0.129248E+01   0.404838E+02   0.200000E+02  -0.454555E-01  -0.999900E+04  -0.999900E+04  -0.999900E+04  -0.999900E+04  -0.172094E+00  -0.999900E+04  -0.999900E+04  -0.999900E+04  -0.999900E+04
   0.200000E+01   0.300000E+01   0.307250E+05   0.259200E+06   0.200000E+01   0.300000E+01   0.307250E+05   0.259200E+06   0.183234E+03  -0.999900E+04  -0.999900E+04  -0.999900E+04  -0.999900E+04   0.183234E+03  -0.999900E+04  -0.999900E+04  -0.999900E+04  -0.999900E+04   0.183279E+03   0.679422E+03   0.129470E+01   0.405476E+02   0.200000E+02  -0.449427E-01  -0.999900E+04  -0.999900E+04  -0.999900E+04  -0.999900E+04  -0.170152E+00  -0.999900E+04  -0.999900E+04  -0.999900E+04  -0.999900E+04
   0.200000E+01   0.300000E+01   0.307500E+05   0.259200E+06   0.200000E+01   0.300000E+01   0.307500E+05   0.259200E+06   0.183231E+03  -0.999900E+04  -0.999900E+04  -0.999900E+04  -0.999900E+04   0.183231E+03  -0.999900E+04  -0.999900E+04  -0.999900E+04  -0.999900E+04   0.183284E+03   0.679493E+03   0.129435E+01   0.405476E+02   0.200000E+02  -0.537865E-01  -0.999900E+04  -0.999900E+04  -0.999900E+04  -0.999900E+04  -0.203634E+00  -0.999900E+04  -0.999900E+04  -0.999900E+04  -0.999900E+04
   0.200000E+01   0.300000E+01   0.310000E+05   0.259200E+06   0.200000E+01   0.300000E+01   0.310000E+05   0.259200E+06   0.183300E+03  -0.999900E+04  -0.999900E+04  -0.999900E+04  -0.999900E+04   0.183300E+03  -0.999900E+04  -0.999900E+04  -0.999900E+04  -0.999900E+04   0.183338E+03   0.680185E+03   0.141024E+01   0.405419E+02   0.200000E+02  -0.371923E-01  -0.999900E+04  -0.999900E+04  -0.999900E+04  -0.999900E+04  -0.140809E+00  -0.999900E+04  -0.999900E+04  -0.999900E+04  -0.999900E+04
   0.200000E+01   0.300000E+01   0.313500E+05   0.259200E+06   0.200000E+01   0.300000E+01   0.313500E+05   0.259200E+06   0.183382E+03  -0.999900E+04  -0.999900E+04  -0.999900E+04  -0.999900E+04   0.183382E+03  -0.999900E+04  -0.999900E+04  -0.999900E+04  -0.999900E+04   0.183388E+03   0.681057E+03   0.167354E+01   0.403584E+02   0.200000E+02  -0.664463E-02  -0.999900E+04  -0.999900E+04  -0.999900E+04  -0.999900E+04  -0.251564E-01  -0.999900E+04  -0.999900E+04  -0.999900E+04  -0.999900E+04
   0.200000E+01   0.300000E+01   0.314000E+05   0.259200E+06   0.200000E+01   0.300000E+01   0.314000E+05   0.259200E+06   0.183412E+03  -0.999900E+04  -0.999900E+04  -0.999900E+04  -0.999900E+04   0.183412E+03  -0.999900E+04  -0.999900E+04  -0.999900E+04  -0.999900E+04   0.183382E+03   0.681183E+03   0.181903E+01   0.403584E+02   0.200000E+02   0.301589E-01  -0.999900E+04  -0.999900E+04  -0.999900E+04  -0.999900E+04   0.114181E+00  -0.999900E+04  -0.999900E+04  -0.999900E+04  -0.999900E+04
   0.200000E+01   0.300000E+01   0.314500E+05   0.259200E+06   0.200000E+01   0.300000E+01   0.314500E+05   0.259200E+06   0.183470E+03  -0.999900E+04  -0.999900E+04  -0.999900E+04  -0.999900E+04   0.183470E+03  -0.999900E+04  -0.999900E+04  -0.999900E+04  -0.999900E+04   0.183378E+03   0.681311E+03   0.197617E+01   0.402001E+02   0.200000E+02   0.914041E-01  -0.999900E+04  -0.999900E+04  -0.999900E+04  -0.999900E+04   0.346054E+00  -0.999900E+04  -0.999900E+04  -0.999900E+04  -0.999900E+04
   0.200000E+01   0.300000E+01   0.316250E+05   0.259200E+06   0.200000E+01   0.300000E+01   0.316250E+05   0.259200E+06   0.183492E+03  -0.999900E+04  -0.999900E+04  -0.999900E+04  -0.999900E+04   0.183492E+03  -0.999900E+04  -0.999900E+04  -0.999900E+04  -0.999900E+04   0.183491E+03   0.681797E+03   0.201118E+01   0.399972E+02   0.200000E+02   0.116372E-02  -0.999900E+04  -0.999900E+04  -0.999900E+04  -0.999900E+04   0.440582E-02  -0.999900E+04  -0.999900E+04  -0.999900E+04  -0.999900E+04
   0.200000E+01   0.300000E+01   0.317500E+05   0.259200E+06   0.200000E+01   0.300000E+01   0.317500E+05   0.259200E+06   0.183515E+03  -0.999900E+04  -0.999900E+04  -0.999900E+04  -0.999900E+04   0.183515E+03  -0.999900E+04  -0.999900E+04  -0.999900E+04  -0.999900E+04   0.183596E+03   0.682210E+03   0.194001E+01   0.397500E+02   0.200000E+02  -0.804658E-01  -0.999900E+04  -0.999900E+04  -0.999900E+04  -0.999900E+04  -0.304642E+00  -0.999900E+04  -0.999900E+04  -0.999900E+04  -0.999900E+04
   0.200000E+01   0.300000E+01   0.318750E+05   0.259200E+06   0.200000E+01   0.300000E+01   0.318750E+05   0.259200E+06   0.183702E+03  -0.999900E+04  -0.999900E+04  -0.999900E+04  -0.999900E+04   0.183702E+03  -0.999900E+04  -0.999900E+04  -0.999900E+04  -0.999900E+04   0.183672E+03   0.682639E+03   0.200455E+01   0.394583E+02   0.200000E+02   0.308454E-01  -0.999900E+04  -0.999900E+04  -0.999900E+04  -0.999900E+04   0.116780E+00  -0.999900E+04  -0.999900E+04  -0.999900E+04  -0.999900E+04
   0.200000E+01   0.300000E+01   0.320000E+05   0.259200E+06   0.200000E+01   0.300000E+01   0.320000E+05   0.259200E+06   0.183876E+03  -0.999900E+04  -0.999900E+04  -0.999900E+04  -0.999900E+04   0.183876E+03  -0.999900E+04  -0.999900E+04  -0.999900E+04  -0.999900E+04   0.183761E+03   0.683042E+03   0.199047E+01   0.394583E+02   0.200000E+02   0.115422E+00  -0.999900E+04  -0.999900E+04  -0.999900E+04  -0.999900E+04   0.436985E+00  -0.999900E+04  -0.999900E+04  -0.999900E+04  -0.999900E+04
   0.200000E+01   0.300000E+01   0.321250E+05   0.259200E+06   0.200000E+01   0.300000E+01   0.321250E+05   0.259200E+06   0.183926E+03  -0.999900E+04  -0.999900E+04  -0.999900E+04  -0.999900E+04   0.183926E+03  -0.999900E+04  -0.999900E+04  -0.999900E+04  -0.999900E+04   0.183808E+03   0.683442E+03   0.219880E+01   0.391222E+02   0.200000E+02   0.117381E+00  -0.999900E+04  -0.999900E+04  -0.999900E+04  -0.999900E+04   0.444401E+00  -0.999900E+04  -0.999900E+04  -0.999900E+04  -0.999900E+04
   0.200000E+01   0.300000E+01   0.323750E+05   0.259200E+06   0.200000E+01   0.300000E+01   0.323750E+05   0.259200E+06   0.184131E+03  -0.999900E+04  -0.999900E+04  -0.999900E+04  -0.999900E+04   0.184131E+03  -0.999900E+04  -0.999900E+04  -0.999900E+04  -0.999900E+04   0.184081E+03   0.684277E+03   0.214051E+01   0.383167E+02   0.200000E+02   0.500641E-01  -0.999900E+04  -0.999900E+04  -0.999900E+04  -0.999900E+04   0.189542E+00  -0.999900E+04  -0.999900E+04  -0.999900E+04  -0.999900E+04
   0.200000E+01   0.300000E+01   0.325000E+05   0.259200E+06   0.200000E+01   0.300000E+01   0.325000E+05   0.259200E+06   0.184208E+03  -0.999900E+04  -0.999900E+04  -0.999900E+04  -0.999900E+04   0.184208E+03  -0.999900E+04  -0.999900E+04  -0.999900E+04  -0.999900E+04   0.184248E+03   0.684769E+03   0.168350E+01   0.378473E+02   0.200000E+02  -0.392128E-01  -0.999900E+04  -0.999900E+04  -0.999900E+04  -0.999900E+04  -0.148459E+00  -0.999900E+04  -0.999900E+04  -0.999900E+04  -0.999900E+04
   0.200000E+01   0.300000E+01   0.326250E+05   0.259200E+06   0.200000E+01   0.300000E+01   0.326250E+05   0.259200E+06   0.184345E+03  -0.999900E+04  -0.999900E+04  -0.999900E+04  -0.999900E+04   0.184345E+03  -0.999900E+04  -0.999900E+04  -0.999900E+04  -0.999900E+04   0.184280E+03   0.685294E+03   0.187740E+01   0.373334E+02   0.200000E+02   0.649385E-01  -0.999900E+04  -0.999900E+04  -0.999900E+04  -0.999900E+04   0.245856E+00  -0.999900E+04  -0.999900E+04  -0.999900E+04  -0.999900E+04
   0.200000E+01   0.300000E+01   0.327500E+05   0.259200E+06   0.200000E+01   0.300000E+01   0.327500E+05   0.259200E+06   0.184560E+03  -0.999900E+04  -0.999900E+04  -0.999900E+04  -0.999900E+04   0.184560E+03  -0.999900E+04  -0.999900E+04  -0.999900E+04  -0.999900E+04   0.184364E+03   0.685847E+03   0.197886E+01   0.367751E+02   0.200000E+02   0.196056E+00  -0.999900E+04  -0.999900E+04  -0.999900E+04  -0.999900E+04   0.742263E+00  -0.999900E+04  -0.999900E+04  -0.999900E+04  -0.999900E+04
   0.200000E+01   0.300000E+01   0.331250E+05   0.259200E+06   0.200000E+01   0.300000E+01   0.331250E+05   0.259200E+06   0.184730E+03  -0.999900E+04  -0.999900E+04  -0.999900E+04  -0.999900E+04   0.184730E+03  -0.999900E+04  -0.999900E+04  -0.999900E+04  -0.999900E+04   0.184674E+03   0.687767E+03   0.184882E+01   0.355253E+02   0.200000E+02   0.551226E-01  -0.999900E+04  -0.999900E+04  -0.999900E+04  -0.999900E+04   0.208693E+00  -0.999900E+04  -0.999900E+04  -0.999900E+04  -0.999900E+04
   0.200000E+01   0.300000E+01   0.333000E+05   0.259200E+06   0.200000E+01   0.300000E+01   0.333000E+05   0.259200E+06   0.184773E+03  -0.999900E+04  -0.999900E+04  -0.999900E+04  -0.999900E+04   0.184773E+03  -0.999900E+04  -0.999900E+04  -0.999900E+04  -0.999900E+04   0.184817E+03   0.688537E+03   0.210810E+01   0.348337E+02   0.200000E+02  -0.437588E-01  -0.999900E+04  -0.999900E+04  -0.999900E+04  -0.999900E+04  -0.165670E+00  -0.999900E+04  -0.999900E+04  -0.999900E+04  -0.999900E+04
   0.200000E+01   0.300000E+01   0.334000E+05   0.259200E+06   0.200000E+01   0.300000E+01   0.334000E+05   0.259200E+06   0.184860E+03  -0.999900E+04  -0.999900E+04  -0.999900E+04  -0.999900E+04   0.184860E+03  -0.999900E+04  -0.999900E+04  -0.999900E+04  -0.999900E+04   0.184944E+03   0.688951E+03   0.200940E+01   0.340977E+02   0.200000E+02  -0.838340E-01  -0.999900E+04  -0.999900E+04  -0.999900E+04  -0.999900E+04  -0.317394E+00  -0.999900E+04  -0.999900E+04  -0.999900E+04  -0.999900E+04
   0.200000E+01   0.300000E+01   0.336250E+05   0.259200E+06   0.200000E+01   0.300000E+01   0.336250E+05   0.259200E+06   0.184994E+03  -0.999900E+04  -0.999900E+04  -0.999900E+04  -0.999900E+04   0.184994E+03  -0.999900E+04  -0.999900E+04  -0.999900E+04  -0.999900E+04   0.185161E+03   0.689915E+03   0.193103E+01   0.324923E+02   0.200000E+02  -0.167294E+00  -0.999900E+04  -0.999900E+04  -0.999900E+04  -0.999900E+04  -0.633371E+00  -0.999900E+04  -0.999900E+04  -0.999900E+04  -0.999900E+04
   0.200000E+01   0.300000E+01   0.337500E+05   0.259200E+06   0.200000E+01   0.300000E+01   0.337500E+05   0.259200E+06   0.185105E+03  -0.999900E+04  -0.999900E+04  -0.999900E+04  -0.999900E+04   0.185105E+03  -0.999900E+04  -0.999900E+04  -0.999900E+04  -0.999900E+04   0.185269E+03   0.690488E+03   0.208390E+01   0.324923E+02   0.200000E+02  -0.164029E+00  -0.999900E+04  -0.999900E+04  -0.999900E+04  -0.999900E+04  -0.621011E+00  -0.999900E+04  -0.999900E+04  -0.999900E+04  -0.999900E+04
   0.200000E+01   0.300000E+01   0.338750E+05   0.259200E+06   0.200000E+01   0.300000E+01   0.338750E+05   0.259200E+06   0.185220E+03  -0.999900E+04  -0.999900E+04  -0.999900E+04  -0.999900E+04   0.185220E+03  -0.999900E+04  -0.999900E+04  -0.999900E+04  -0.999900E+04   0.185423E+03   0.691057E+03   0.223578E+01   0.316230E+02   0.200000E+02  -0.202743E+00  -0.999900E+04  -0.999900E+04  -0.999900E+04  -0.999900E+04  -0.767581E+00  -0.999900E+04  -0.999900E+04  -0.999900E+04  -0.999900E+04
   0.200000E+01   0.300000E+01   0.342000E+05   0.259200E+06   0.200000E+01   0.300000E+01   0.342000E+05   0.259200E+06   0.185304E+03  -0.999900E+04  -0.999900E+04  -0.999900E+04  -0.999900E+04   0.185304E+03  -0.999900E+04  -0.999900E+04  -0.999900E+04  -0.999900E+04   0.185958E+03   0.692390E+03   0.182057E+01   0.297511E+02   0.200000E+02  -0.654187E+00  -0.999900E+04  -0.999900E+04  -0.999900E+04  -0.999900E+04  -0.247674E+01  -0.999900E+04  -0.999900E+04  -0.999900E+04  -0.999900E+04
   0.200000E+01   0.300000E+01   0.342500E+05   0.259200E+06   0.200000E+01   0.300000E+01   0.342500E+05   0.259200E+06   0.185312E+03  -0.999900E+04  -0.999900E+04  -0.999900E+04  -0.999900E+04   0.185312E+03  -0.999900E+04  -0.999900E+04  -0.999900E+04  -0.999900E+04   0.186001E+03   0.692559E+03   0.177477E+01   0.287485E+02   0.200000E+02  -0.689383E+00  -0.999900E+04  -0.999900E+04  -0.999900E+04  -0.999900E+04  -0.260999E+01  -0.999900E+04  -0.999900E+04  -0.999900E+04  -0.999900E+04
   0.200000E+01   0.300000E+01   0.343500E+05   0.259200E+06   0.200000E+01   0.300000E+01   0.343500E+05   0.259200E+06   0.185424E+03  -0.999900E+04  -0.999900E+04  -0.999900E+04  -0.999900E+04   0.185424E+03  -0.999900E+04  -0.999900E+04  -0.999900E+04  -0.999900E+04   0.186056E+03   0.692902E+03   0.187570E+01   0.287485E+02   0.200000E+02  -0.632583E+00  -0.999900E+04  -0.999900E+04  -0.999900E+04  -0.999900E+04  -0.239494E+01  -0.999900E+04  -0.999900E+04  -0.999900E+04  -0.999900E+04
   0.200000E+01   0.300000E+01   0.344000E+05   0.259200E+06   0.200000E+01   0.300000E+01   0.344000E+05   0.259200E+06   0.185553E+03  -0.999900E+04  -0.999900E+04  -0.999900E+04  -0.999900E+04   0.185553E+03  -0.999900E+04  -0.999900E+04  -0.999900E+04  -0.999900E+04   0.186083E+03   0.693078E+03   0.198061E+01   0.277014E+02   0.200000E+02  -0.530713E+00  -0.999900E+04  -0.999900E+04  -0.999900E+04  -0.999900E+04  -0.200927E+01  -0.999900E+04  -0.999900E+04  -0.999900E+04  -0.999900E+04
   0.200000E+01   0.300000E+01   0.344500E+05   0.259200E+06   0.200000E+01   0.300000E+01   0.344500E+05   0.259200E+06   0.185589E+03  -0.999900E+04  -0.999900E+04  -0.999900E+04  -0.999900E+04   0.185589E+03  -0.999900E+04  -0.999900E+04  -0.999900E+04  -0.999900E+04   0.186124E+03   0.693253E+03   0.205924E+01   0.277014E+02   0.200000E+02  -0.534196E+00  -0.999900E+04  -0.999900E+04  -0.999900E+04  -0.999900E+04  -0.202245E+01  -0.999900E+04  -0.999900E+04  -0.999900E+04  -0.999900E+04
   0.200000E+01   0.200000E+01   0.346250E+05   0.259200E+06   0.200000E+01   0.200000E+01   0.346250E+05   0.259200E+06   0.185713E+03  -0.999900E+04  -0.999900E+04  -0.999900E+04  -0.999900E+04   0.185713E+03  -0.999900E+04  -0.999900E+04  -0.999900E+04  -0.999900E+04   0.186220E+03   0.567141E+03   0.162736E+01   0.525708E+02   0.200000E+02  -0.506966E+00  -0.999900E+04  -0.999900E+04  -0.999900E+04  -0.999900E+04  -0.191936E+01  -0.999900E+04  -0.999900E+04  -0.999900E+04  -0.999900E+04
   0.200000E+01   0.200000E+01   0.347500E+05   0.259200E+06   0.200000E+01   0.200000E+01   0.347500E+05   0.259200E+06   0.185817E+03  -0.999900E+04  -0.999900E+04  -0.999900E+04  -0.999900E+04   0.185817E+03  -0.999900E+04  -0.999900E+04  -0.999900E+04  -0.999900E+04   0.186258E+03   0.567668E+03   0.157189E+01   0.514156E+02   0.200000E+02  -0.440358E+00  -0.999900E+04  -0.999900E+04  -0.999900E+04  -0.999900E+04  -0.166719E+01  -0.999900E+04  -0.999900E+04  -0.999900E+04  -0.999900E+04
   0.200000E+01   0.200000E+01   0.348750E+05   0.259200E+06   0.200000E+01   0.200000E+01   0.348750E+05   0.259200E+06   0.185856E+03  -0.999900E+04  -0.999900E+04  -0.999900E+04  -0.999900E+04   0.185856E+03  -0.999900E+04  -0.999900E+04  -0.999900E+04  -0.999900E+04   0.186295E+03   0.568231E+03   0.152789E+01   0.503263E+02   0.200000E+02  -0.439039E+00  -0.999900E+04  -0.999900E+04  -0.999900E+04  -0.999900E+04  -0.166219E+01  -0.999900E+04  -0.999900E+04  -0.999900E+04  -0.999900E+04
   0.200000E+01   0.200000E+01   0.350000E+05   0.259200E+06   0.200000E+01   0.200000E+01   0.350000E+05   0.259200E+06   0.185898E+03  -0.999900E+04  -0.999900E+04  -0.999900E+04  -0.999900E+04   0.185898E+03  -0.999900E+04  -0.999900E+04  -0.999900E+04  -0.999900E+04   0.186337E+03   0.568834E+03   0.142458E+01   0.493008E+02   0.200000E+02  -0.439894E+00  -0.999900E+04  -0.999900E+04  -0.999900E+04  -0.999900E+04  -0.166543E+01  -0.999900E+04  -0.999900E+04  -0.999900E+04  -0.999900E+04
   0.200000E+01   0.200000E+01   0.351000E+05   0.259200E+06   0.200000E+01   0.200000E+01   0.351000E+05   0.259200E+06   0.185956E+03  -0.999900E+04  -0.999900E+04  -0.999900E+04  -0.999900E+04   0.185956E+03  -0.999900E+04  -0.999900E+04  -0.999900E+04  -0.999900E+04   0.186361E+03   0.569330E+03   0.140391E+01   0.483369E+02   0.200000E+02  -0.404815E+00  -0.999900E+04  -0.999900E+04  -0.999900E+04  -0.999900E+04  -0.153262E+01  -0.999900E+04  -0.999900E+04  -0.999900E+04  -0.999900E+04
   0.200000E+01   0.200000E+01   0.351500E+05   0.259200E+06   0.200000E+01   0.200000E+01   0.351500E+05   0.259200E+06   0.186026E+03  -0.999900E+04  -0.999900E+04  -0.999900E+04  -0.999900E+04   0.186026E+03  -0.999900E+04  -0.999900E+04  -0.999900E+04  -0.999900E+04   0.186370E+03   0.569576E+03   0.141367E+01   0.483369E+02   0.200000E+02  -0.343710E+00  -0.999900E+04  -0.999900E+04  -0.999900E+04  -0.999900E+04  -0.130128E+01  -0.999900E+04  -0.999900E+04  -0.999900E+04  -0.999900E+04
   0.200000E+01   0.200000E+01   0.352500E+05   0.259200E+06   0.200000E+01   0.200000E+01   0.352500E+05   0.259200E+06   0.186077E+03  -0.999900E+04  -0.999900E+04  -0.999900E+04  -0.999900E+04   0.186077E+03  -0.999900E+04  -0.999900E+04  -0.999900E+04  -0.999900E+04   0.186382E+03   0.570030E+03   0.147510E+01   0.474325E+02   0.200000E+02  -0.305214E+00  -0.999900E+04  -0.999900E+04  -0.999900E+04  -0.999900E+04  -0.115553E+01  -0.999900E+04  -0.999900E+04  -0.999900E+04  -0.999900E+04
   0.200000E+01   0.200000E+01   0.353000E+05   0.259200E+06   0.200000E+01   0.200000E+01   0.353000E+05   0.259200E+06   0.186117E+03  -0.999900E+04  -0.999900E+04  -0.999900E+04  -0.999900E+04   0.186117E+03  -0.999900E+04  -0.999900E+04  -0.999900E+04  -0.999900E+04   0.186394E+03   0.570255E+03   0.146892E+01   0.474325E+02   0.200000E+02  -0.276684E+00  -0.999900E+04  -0.999900E+04  -0.999900E+04  -0.999900E+04  -0.104752E+01  -0.999900E+04  -0.999900E+04  -0.999900E+04  -0.999900E+04
   0.200000E+01   0.200000E+01   0.353500E+05   0.259200E+06   0.200000E+01   0.200000E+01   0.353500E+05   0.259200E+06   0.186160E+03  -0.999900E+04  -0.999900E+04  -0.999900E+04  -0.999900E+04   0.186160E+03  -0.999900E+04  -0.999900E+04  -0.999900E+04  -0.999900E+04   0.186402E+03   0.570500E+03   0.149573E+01   0.474325E+02   0.200000E+02  -0.241974E+00  -0.999900E+04  -0.999900E+04  -0.999900E+04  -0.999900E+04  -0.916109E+00  -0.999900E+04  -0.999900E+04  -0.999900E+04  -0.999900E+04
   0.200000E+01   0.200000E+01   0.354000E+05   0.259200E+06   0.200000E+01   0.200000E+01   0.354000E+05   0.259200E+06   0.186201E+03  -0.999900E+04  -0.999900E+04  -0.999900E+04  -0.999900E+04   0.186201E+03  -0.999900E+04  -0.999900E+04  -0.999900E+04  -0.999900E+04   0.186403E+03   0.570776E+03   0.160165E+01   0.465855E+02   0.200000E+02  -0.202147E+00  -0.999900E+04  -0.999900E+04  -0.999900E+04  -0.999900E+04  -0.765325E+00  -0.999900E+04  -0.999900E+04  -0.999900E+04  -0.999900E+04
   0.200000E+01   0.200000E+01   0.354500E+05   0.259200E+06   0.200000E+01   0.200000E+01   0.354500E+05   0.259200E+06   0.186234E+03  -0.999900E+04  -0.999900E+04  -0.999900E+04  -0.999900E+04   0.186234E+03  -0.999900E+04  -0.999900E+04  -0.999900E+04  -0.999900E+04   0.186399E+03   0.571079E+03   0.177324E+01   0.465855E+02   0.200000E+02  -0.165814E+00  -0.999900E+04  -0.999900E+04  -0.999900E+04  -0.999900E+04  -0.627768E+00  -0.999900E+04  -0.999900E+04  -0.999900E+04  -0.999900E+04
   0.200000E+01   0.200000E+01   0.357500E+05   0.259200E+06   0.200000E+01   0.200000E+01   0.357500E+05   0.259200E+06   0.186538E+03  -0.999900E+04  -0.999900E+04  -0.999900E+04  -0.999900E+04   0.186538E+03  -0.999900E+04  -0.999900E+04  -0.999900E+04  -0.999900E+04   0.186624E+03   0.572863E+03   0.199729E+01   0.450556E+02   0.200000E+02  -0.858115E-01  -0.999900E+04  -0.999900E+04  -0.999900E+04  -0.999900E+04  -0.324880E+00  -0.999900E+04  -0.999900E+04  -0.999900E+04  -0.999900E+04
   0.200000E+01   0.200000E+01   0.358750E+05   0.259200E+06   0.200000E+01   0.200000E+01   0.358750E+05   0.259200E+06   0.186543E+03  -0.999900E+04  -0.999900E+04  -0.999900E+04  -0.999900E+04   0.186543E+03  -0.999900E+04  -0.999900E+04  -0.999900E+04  -0.999900E+04   0.186778E+03   0.573471E+03   0.176091E+01   0.443687E+02   0.200000E+02  -0.235018E+00  -0.999900E+04  -0.999900E+04  -0.999900E+04  -0.999900E+04  -0.889774E+00  -0.999900E+04  -0.999900E+04  -0.999900E+04  -0.999900E+04
   0.200000E+01   0.200000E+01   0.360000E+05   0.259200E+06   0.200000E+01   0.200000E+01   0.360000E+05   0.259200E+06   0.186682E+03  -0.999900E+04  -0.999900E+04  -0.999900E+04  -0.999900E+04   0.186682E+03  -0.999900E+04  -0.999900E+04  -0.999900E+04  -0.999900E+04   0.186863E+03   0.573974E+03   0.167188E+01   0.437312E+02   0.200000E+02  -0.180249E+00  -0.999900E+04  -0.999900E+04  -0.999900E+04  -0.999900E+04  -0.682418E+00  -0.999900E+04  -0.999900E+04  -0.999900E+04  -0.999900E+04
   0.200000E+01   0.200000E+01   0.361250E+05   0.259200E+06   0.200000E+01   0.200000E+01   0.361250E+05   0.259200E+06   0.186850E+03  -0.999900E+04  -0.999900E+04  -0.999900E+04  -0.999900E+04   0.186850E+03  -0.999900E+04  -0.999900E+04  -0.999900E+04  -0.999900E+04   0.186915E+03   0.574450E+03   0.173997E+01   0.431412E+02   0.200000E+02  -0.653205E-01  -0.999900E+04  -0.999900E+04  -0.999900E+04  -0.999900E+04  -0.247302E+00  -0.999900E+04  -0.999900E+04  -0.999900E+04  -0.999900E+04
   0.200000E+01   0.100000E+01   0.363000E+05   0.259200E+06   0.200000E+01   0.100000E+01   0.363000E+05   0.259200E+06   0.186929E+03  -0.999900E+04  -0.999900E+04  -0.999900E+04  -0.999900E+04   0.186929E+03  -0.999900E+04  -0.999900E+04  -0.999900E+04  -0.999900E+04   0.187011E+03   0.566069E+03   0.170854E+01   0.425953E+02   0.200000E+02  -0.818743E-01  -0.999900E+04  -0.999900E+04  -0.999900E+04  -0.999900E+04  -0.309974E+00  -0.999900E+04  -0.999900E+04  -0.999900E+04  -0.999900E+04
   0.200000E+01   0.100000E+01   0.363500E+05   0.259200E+06   0.200000E+01   0.100000E+01   0.363500E+05   0.259200E+06   0.186943E+03  -0.999900E+04  -0.999900E+04  -0.999900E+04  -0.999900E+04   0.186943E+03  -0.999900E+04  -0.999900E+04  -0.999900E+04  -0.999900E+04   0.187032E+03   0.566242E+03   0.173052E+01   0.425953E+02   0.200000E+02  -0.891960E-01  -0.999900E+04  -0.999900E+04  -0.999900E+04  -0.999900E+04  -0.337694E+00  -0.999900E+04  -0.999900E+04  -0.999900E+04  -0.999900E+04
   0.200000E+01   0.100000E+01   0.364000E+05   0.259200E+06   0.200000E+01   0.100000E+01   0.364000E+05   0.259200E+06   0.187055E+03  -0.999900E+04  -0.999900E+04  -0.999900E+04  -0.999900E+04   0.187055E+03  -0.999900E+04  -0.999900E+04  -0.999900E+04  -0.999900E+04   0.187057E+03   0.566402E+03   0.172853E+01   0.420920E+02   0.200000E+02  -0.191855E-02  -0.999900E+04  -0.999900E+04  -0.999900E+04  -0.999900E+04  -0.726360E-02  -0.999900E+04  -0.999900E+04  -0.999900E+04  -0.999900E+04
   0.200000E+01   0.100000E+01   0.364500E+05   0.259200E+06   0.200000E+01   0.100000E+01   0.364500E+05   0.259200E+06   0.187130E+03  -0.999900E+04  -0.999900E+04  -0.999900E+04  -0.999900E+04   0.187130E+03  -0.999900E+04  -0.999900E+04  -0.999900E+04  -0.999900E+04   0.187085E+03   0.566551E+03   0.168645E+01   0.420920E+02   0.200000E+02   0.444254E-01  -0.999900E+04  -0.999900E+04  -0.999900E+04  -0.999900E+04   0.168194E+00  -0.999900E+04  -0.999900E+04  -0.999900E+04  -0.999900E+04
   0.200000E+01   0.100000E+01   0.366250E+05   0.259200E+06   0.200000E+01   0.100000E+01   0.366250E+05   0.259200E+06   0.187233E+03  -0.999900E+04  -0.999900E+04  -0.999900E+04  -0.999900E+04   0.187233E+03  -0.999900E+04  -0.999900E+04  -0.999900E+04  -0.999900E+04   0.187150E+03   0.567083E+03   0.172778E+01   0.416311E+02   0.200000E+02   0.831740E-01  -0.999900E+04  -0.999900E+04  -0.999900E+04  -0.999900E+04   0.314895E+00  -0.999900E+04  -0.999900E+04  -0.999900E+04  -0.999900E+04
   0.200000E+01   0.100000E+01   0.367500E+05   0.259200E+06   0.200000E+01   0.100000E+01   0.367500E+05   0.259200E+06   0.187301E+03  -0.999900E+04  -0.999900E+04  -0.999900E+04  -0.999900E+04   0.187301E+03  -0.999900E+04  -0.999900E+04  -0.999900E+04  -0.999900E+04   0.187231E+03   0.567559E+03   0.164010E+01   0.412107E+02   0.200000E+02   0.696699E-01  -0.999900E+04  -0.999900E+04  -0.999900E+04  -0.999900E+04   0.263769E+00  -0.999900E+04  -0.999900E+04  -0.999900E+04  -0.999900E+04
   0.200000E+01   0.100000E+01   0.368000E+05   0.259200E+06   0.200000E+01   0.100000E+01   0.368000E+05   0.259200E+06   0.187317E+03  -0.999900E+04  -0.999900E+04  -0.999900E+04  -0.999900E+04   0.187317E+03  -0.999900E+04  -0.999900E+04  -0.999900E+04  -0.999900E+04   0.187266E+03   0.567759E+03   0.157912E+01   0.412107E+02   0.200000E+02   0.514393E-01  -0.999900E+04  -0.999900E+04  -0.999900E+04  -0.999900E+04   0.194748E+00  -0.999900E+04  -0.999900E+04  -0.999900E+04  -0.999900E+04
   0.200000E+01   0.100000E+01   0.368500E+05   0.259200E+06   0.200000E+01   0.100000E+01   0.368500E+05   0.259200E+06   0.187421E+03  -0.999900E+04  -0.999900E+04  -0.999900E+04  -0.999900E+04   0.187421E+03  -0.999900E+04  -0.999900E+04  -0.999900E+04  -0.999900E+04   0.187295E+03   0.567956E+03   0.152776E+01   0.408290E+02   0.200000E+02   0.125414E+00  -0.999900E+04  -0.999900E+04  -0.999900E+04  -0.999900E+04   0.474813E+00  -0.999900E+04  -0.999900E+04  -0.999900E+04  -0.999900E+04
   0.200000E+01   0.100000E+01   0.369000E+05   0.259200E+06   0.200000E+01   0.100000E+01   0.369000E+05   0.259200E+06   0.187439E+03  -0.999900E+04  -0.999900E+04  -0.999900E+04  -0.999900E+04   0.187439E+03  -0.999900E+04  -0.999900E+04  -0.999900E+04  -0.999900E+04   0.187308E+03   0.568148E+03   0.157684E+01   0.408290E+02   0.200000E+02   0.130844E+00  -0.999900E+04  -0.999900E+04  -0.999900E+04  -0.999900E+04   0.495371E+00  -0.999900E+04  -0.999900E+04  -0.999900E+04  -0.999900E+04
   0.200000E+01   0.100000E+01   0.369500E+05   0.259200E+06   0.200000E+01   0.100000E+01   0.369500E+05   0.259200E+06   0.187447E+03  -0.999900E+04  -0.999900E+04  -0.999900E+04  -0.999900E+04   0.187447E+03  -0.999900E+04  -0.999900E+04  -0.999900E+04  -0.999900E+04   0.187309E+03   0.568336E+03   0.172333E+01   0.408290E+02   0.200000E+02   0.138306E+00  -0.999900E+04  -0.999900E+04  -0.999900E+04  -0.999900E+04   0.523624E+00  -0.999900E+04  -0.999900E+04  -0.999900E+04  -0.999900E+04
   0.200000E+01   0.100000E+01   0.370500E+05   0.259200E+06   0.200000E+01   0.100000E+01   0.370500E+05   0.259200E+06   0.187493E+03  -0.999900E+04  -0.999900E+04  -0.999900E+04  -0.999900E+04   0.187493E+03  -0.999900E+04  -0.999900E+04  -0.999900E+04  -0.999900E+04   0.187358E+03   0.568704E+03   0.180581E+01   0.404843E+02   0.200000E+02   0.135130E+00  -0.999900E+04  -0.999900E+04  -0.999900E+04  -0.999900E+04   0.511601E+00  -0.999900E+04  -0.999900E+04  -0.999900E+04  -0.999900E+04
   0.200000E+01   0.100000E+01   0.371000E+05   0.259200E+06   0.200000E+01   0.100000E+01   0.371000E+05   0.259200E+06   0.187548E+03  -0.999900E+04  -0.999900E+04  -0.999900E+04  -0.999900E+04   0.187548E+03  -0.999900E+04  -0.999900E+04  -0.999900E+04  -0.999900E+04   0.187389E+03   0.568886E+03   0.181790E+01   0.404843E+02   0.200000E+02   0.158818E+00  -0.999900E+04  -0.999900E+04  -0.999900E+04  -0.999900E+04   0.601280E+00  -0.999900E+04  -0.999900E+04  -0.999900E+04  -0.999900E+04
   0.200000E+01   0.100000E+01   0.371500E+05   0.259200E+06   0.200000E+01   0.100000E+01   0.371500E+05   0.259200E+06   0.187577E+03  -0.999900E+04  -0.999900E+04  -0.999900E+04  -0.999900E+04   0.187577E+03  -0.999900E+04  -0.999900E+04  -0.999900E+04  -0.999900E+04   0.187424E+03   0.569065E+03   0.180769E+01   0.401749E+02   0.200000E+02   0.152329E+00  -0.999900E+04  -0.999900E+04  -0.999900E+04  -0.999900E+04   0.576715E+00  -0.999900E+04  -0.999900E+04  -0.999900E+04  -0.999900E+04
   0.200000E+01   0.100000E+01   0.372000E+05   0.259200E+06   0.200000E+01   0.100000E+01   0.372000E+05   0.259200E+06   0.187610E+03  -0.999900E+04  -0.999900E+04  -0.999900E+04  -0.999900E+04   0.187610E+03  -0.999900E+04  -0.999900E+04  -0.999900E+04  -0.999900E+04   0.187462E+03   0.569240E+03   0.177093E+01   0.401749E+02   0.200000E+02   0.147727E+00  -0.999900E+04  -0.999900E+04  -0.999900E+04  -0.999900E+04   0.559289E+00  -0.999900E+04  -0.999900E+04  -0.999900E+04  -0.999900E+04
   0.200000E+01   0.100000E+01   0.372500E+05   0.259200E+06   0.200000E+01   0.100000E+01   0.372500E+05   0.259200E+06   0.187590E+03  -0.999900E+04  -0.999900E+04  -0.999900E+04  -0.999900E+04   0.187590E+03  -0.999900E+04  -0.999900E+04  -0.999900E+04  -0.999900E+04   0.187497E+03   0.569412E+03   0.173640E+01   0.401749E+02   0.200000E+02   0.933264E-01  -0.999900E+04  -0.999900E+04  -0.999900E+04  -0.999900E+04   0.353332E+00  -0.999900E+04  -0.999900E+04  -0.999900E+04  -0.999900E+04
   0.200000E+01   0.100000E+01   0.373000E+05   0.259200E+06   0.200000E+01   0.100000E+01   0.373000E+05   0.259200E+06   0.187595E+03  -0.999900E+04  -0.999900E+04  -0.999900E+04  -0.999900E+04   0.187595E+03  -0.999900E+04  -0.999900E+04  -0.999900E+04  -0.999900E+04   0.187572E+03   0.569588E+03   0.138348E+01   0.398990E+02   0.200000E+02   0.233447E-01  -0.999900E+04  -0.999900E+04  -0.999900E+04  -0.999900E+04   0.883826E-01  -0.999900E+04  -0.999900E+04  -0.999900E+04  -0.999900E+04
   0.200000E+01   0.100000E+01   0.374000E+05   0.259200E+06   0.200000E+01   0.100000E+01   0.374000E+05   0.259200E+06   0.187602E+03  -0.999900E+04  -0.999900E+04  -0.999900E+04  -0.999900E+04   0.187602E+03  -0.999900E+04  -0.999900E+04  -0.999900E+04  -0.999900E+04   0.187653E+03   0.569986E+03   0.706803E+00   0.398990E+02   0.200000E+02  -0.501726E-01  -0.999900E+04  -0.999900E+04  -0.999900E+04  -0.999900E+04  -0.189952E+00  -0.999900E+04  -0.999900E+04  -0.999900E+04  -0.999900E+04
   0.200000E+01   0.100000E+01   0.374500E+05   0.259200E+06   0.200000E+01   0.100000E+01   0.374500E+05   0.259200E+06   0.187644E+03  -0.999900E+04  -0.999900E+04  -0.999900E+04  -0.999900E+04   0.187644E+03  -0.999900E+04  -0.999900E+04  -0.999900E+04  -0.999900E+04   0.187662E+03   0.570205E+03   0.581386E+00   0.396550E+02   0.200000E+02  -0.184483E-01  -0.999900E+04  -0.999900E+04  -0.999900E+04  -0.999900E+04  -0.698450E-01  -0.999900E+04  -0.999900E+04  -0.999900E+04  -0.999900E+04
   0.200000E+01   0.100000E+01   0.375500E+05   0.259200E+06   0.200000E+01   0.100000E+01   0.375500E+05   0.259200E+06   0.187705E+03  -0.999900E+04  -0.999900E+04  -0.999900E+04  -0.999900E+04   0.187705E+03  -0.999900E+04  -0.999900E+04  -0.999900E+04  -0.999900E+04   0.187663E+03   0.570659E+03   0.589238E+00   0.396550E+02   0.200000E+02   0.415936E-01  -0.999900E+04  -0.999900E+04  -0.999900E+04  -0.999900E+04   0.157473E+00  -0.999900E+04  -0.999900E+04  -0.999900E+04  -0.999900E+04
   0.200000E+01   0.100000E+01   0.376000E+05   0.259200E+06   0.200000E+01   0.100000E+01   0.376000E+05   0.259200E+06   0.187709E+03  -0.999900E+04  -0.999900E+04  -0.999900E+04  -0.999900E+04   0.187709E+03  -0.999900E+04  -0.999900E+04  -0.999900E+04  -0.999900E+04   0.187655E+03   0.570880E+03   0.737818E+00   0.394412E+02   0.200000E+02   0.541165E-01  -0.999900E+04  -0.999900E+04  -0.999900E+04  -0.999900E+04   0.204884E+00  -0.999900E+04  -0.999900E+04  -0.999900E+04  -0.999900E+04
   0.200000E+01   0.100000E+01   0.377000E+05   0.259200E+06   0.200000E+01   0.100000E+01   0.377000E+05   0.259200E+06   0.187737E+03  -0.999900E+04  -0.999900E+04  -0.999900E+04  -0.999900E+04   0.187737E+03  -0.999900E+04  -0.999900E+04  -0.999900E+04  -0.999900E+04   0.187581E+03   0.571290E+03   0.153690E+01   0.394412E+02   0.200000E+02   0.155715E+00  -0.999900E+04  -0.999900E+04  -0.999900E+04  -0.999900E+04   0.589533E+00  -0.999900E+04  -0.999900E+04  -0.999900E+04  -0.999900E+04
   0.200000E+01   0.100000E+01   0.377500E+05   0.259200E+06   0.200000E+01   0.100000E+01   0.377500E+05   0.259200E+06   0.187762E+03  -0.999900E+04  -0.999900E+04  -0.999900E+04  -0.999900E+04   0.187762E+03  -0.999900E+04  -0.999900E+04  -0.999900E+04  -0.999900E+04   0.187542E+03   0.571481E+03   0.193752E+01   0.392561E+02   0.200000E+02   0.220116E+00  -0.999900E+04  -0.999900E+04  -0.999900E+04  -0.999900E+04   0.833355E+00  -0.999900E+04  -0.999900E+04  -0.999900E+04  -0.999900E+04
   0.200000E+01   0.100000E+01   0.378000E+05   0.259200E+06   0.200000E+01   0.100000E+01   0.378000E+05   0.259200E+06   0.187774E+03  -0.999900E+04  -0.999900E+04  -0.999900E+04  -0.999900E+04   0.187774E+03  -0.999900E+04  -0.999900E+04  -0.999900E+04  -0.999900E+04   0.187605E+03   0.571671E+03   0.181470E+01   0.392561E+02   0.200000E+02   0.168792E+00  -0.999900E+04  -0.999900E+04  -0.999900E+04  -0.999900E+04   0.639044E+00  -0.999900E+04  -0.999900E+04  -0.999900E+04  -0.999900E+04
   0.200000E+01   0.100000E+01   0.378500E+05   0.259200E+06   0.200000E+01   0.100000E+01   0.378500E+05   0.259200E+06   0.187791E+03  -0.999900E+04  -0.999900E+04  -0.999900E+04  -0.999900E+04   0.187791E+03  -0.999900E+04  -0.999900E+04  -0.999900E+04  -0.999900E+04   0.187663E+03   0.571864E+03   0.167233E+01   0.392561E+02   0.200000E+02   0.127996E+00  -0.999900E+04  -0.999900E+04  -0.999900E+04  -0.999900E+04   0.484588E+00  -0.999900E+04  -0.999900E+04  -0.999900E+04  -0.999900E+04
   0.200000E+01   0.100000E+01   0.379000E+05   0.259200E+06   0.200000E+01   0.100000E+01   0.379000E+05   0.259200E+06   0.187794E+03  -0.999900E+04  -0.999900E+04  -0.999900E+04  -0.999900E+04   0.187794E+03  -0.999900E+04  -0.999900E+04  -0.999900E+04  -0.999900E+04   0.187700E+03   0.572063E+03   0.161371E+01   0.390982E+02   0.200000E+02   0.938556E-01  -0.999900E+04  -0.999900E+04  -0.999900E+04  -0.999900E+04   0.355335E+00  -0.999900E+04  -0.999900E+04  -0.999900E+04  -0.999900E+04
   0.200000E+01   0.100000E+01   0.380000E+05   0.259200E+06   0.200000E+01   0.100000E+01   0.380000E+05   0.259200E+06   0.187812E+03  -0.999900E+04  -0.999900E+04  -0.999900E+04  -0.999900E+04   0.187812E+03  -0.999900E+04  -0.999900E+04  -0.999900E+04  -0.999900E+04   0.187752E+03   0.572475E+03   0.163678E+01   0.390982E+02   0.200000E+02   0.607521E-01  -0.999900E+04  -0.999900E+04  -0.999900E+04  -0.999900E+04   0.230006E+00  -0.999900E+04  -0.999900E+04  -0.999900E+04  -0.999900E+04
   0.200000E+01   0.100000E+01   0.380500E+05   0.259200E+06   0.200000E+01   0.100000E+01   0.380500E+05   0.259200E+06   0.187844E+03  -0.999900E+04  -0.999900E+04  -0.999900E+04  -0.999900E+04   0.187844E+03  -0.999900E+04  -0.999900E+04  -0.999900E+04  -0.999900E+04   0.187782E+03   0.572683E+03   0.162896E+01   0.389658E+02   0.200000E+02   0.624990E-01  -0.999900E+04  -0.999900E+04  -0.999900E+04  -0.999900E+04   0.236620E+00  -0.999900E+04  -0.999900E+04  -0.999900E+04  -0.999900E+04
   0.200000E+01   0.100000E+01   0.381000E+05   0.259200E+06   0.200000E+01   0.100000E+01   0.381000E+05   0.259200E+06   0.187908E+03  -0.999900E+04  -0.999900E+04  -0.999900E+04  -0.999900E+04   0.187908E+03  -0.999900E+04  -0.999900E+04  -0.999900E+04  -0.999900E+04   0.187808E+03   0.572886E+03   0.163658E+01   0.389658E+02   0.200000E+02   0.992962E-01  -0.999900E+04  -0.999900E+04  -0.999900E+04  -0.999900E+04   0.375933E+00  -0.999900E+04  -0.999900E+04  -0.999900E+04  -0.999900E+04
   0.200000E+01   0.100000E+01   0.381500E+05   0.259200E+06   0.200000E+01   0.100000E+01   0.381500E+05   0.259200E+06   0.187981E+03  -0.999900E+04  -0.999900E+04  -0.999900E+04  -0.999900E+04   0.187981E+03  -0.999900E+04  -0.999900E+04  -0.999900E+04  -0.999900E+04   0.187836E+03   0.573083E+03   0.163549E+01   0.389658E+02   0.200000E+02   0.144869E+00  -0.999900E+04  -0.999900E+04  -0.999900E+04  -0.999900E+04   0.548472E+00  -0.999900E+04  -0.999900E+04  -0.999900E+04  -0.999900E+04
   0.200000E+01   0.100000E+01   0.382500E+05   0.259200E+06   0.200000E+01   0.100000E+01   0.382500E+05   0.259200E+06   0.187978E+03  -0.999900E+04  -0.999900E+04  -0.999900E+04  -0.999900E+04   0.187978E+03  -0.999900E+04  -0.999900E+04  -0.999900E+04  -0.999900E+04   0.187892E+03   0.573463E+03   0.160103E+01   0.388575E+02   0.200000E+02   0.854491E-01  -0.999900E+04  -0.999900E+04  -0.999900E+04  -0.999900E+04   0.323508E+00  -0.999900E+04  -0.999900E+04  -0.999900E+04  -0.999900E+04
   0.200000E+01   0.100000E+01   0.383000E+05   0.259200E+06   0.200000E+01   0.100000E+01   0.383000E+05   0.259200E+06   0.187946E+03  -0.999900E+04  -0.999900E+04  -0.999900E+04  -0.999900E+04   0.187946E+03  -0.999900E+04  -0.999900E+04  -0.999900E+04  -0.999900E+04   0.187913E+03   0.573650E+03   0.162545E+01   0.388575E+02   0.200000E+02   0.334260E-01  -0.999900E+04  -0.999900E+04  -0.999900E+04  -0.999900E+04   0.126550E+00  -0.999900E+04  -0.999900E+04  -0.999900E+04  -0.999900E+04
   0.200000E+01   0.100000E+01   0.384500E+05   0.259200E+06   0.200000E+01   0.100000E+01   0.384500E+05   0.259200E+06   0.187977E+03  -0.999900E+04  -0.999900E+04  -0.999900E+04  -0.999900E+04   0.187977E+03  -0.999900E+04  -0.999900E+04  -0.999900E+04  -0.999900E+04   0.187983E+03   0.574248E+03   0.179596E+01   0.387073E+02   0.200000E+02  -0.610007E-02  -0.999900E+04  -0.999900E+04  -0.999900E+04  -0.999900E+04  -0.230947E-01  -0.999900E+04  -0.999900E+04  -0.999900E+04  -0.999900E+04
   0.200000E+01   0.100000E+01   0.385000E+05   0.259200E+06   0.200000E+01   0.100000E+01   0.385000E+05   0.259200E+06   0.187988E+03  -0.999900E+04  -0.999900E+04  -0.999900E+04  -0.999900E+04   0.187988E+03  -0.999900E+04  -0.999900E+04  -0.999900E+04  -0.999900E+04   0.188027E+03   0.574460E+03   0.177702E+01   0.387073E+02   0.200000E+02  -0.395285E-01  -0.999900E+04  -0.999900E+04  -0.999900E+04  -0.999900E+04  -0.149654E+00  -0.999900E+04  -0.999900E+04  -0.999900E+04  -0.999900E+04
   0.200000E+01   0.100000E+01   0.390000E+05   0.259200E+06   0.200000E+01   0.100000E+01   0.390000E+05   0.259200E+06   0.188203E+03  -0.999900E+04  -0.999900E+04  -0.999900E+04  -0.999900E+04   0.188203E+03  -0.999900E+04  -0.999900E+04  -0.999900E+04  -0.999900E+04   0.188364E+03   0.576253E+03   0.158851E+01   0.386270E+02   0.200000E+02  -0.161887E+00  -0.999900E+04  -0.999900E+04  -0.999900E+04  -0.999900E+04  -0.612899E+00  -0.999900E+04  -0.999900E+04  -0.999900E+04  -0.999900E+04
   0.200000E+01   0.100000E+01   0.393000E+05   0.259200E+06   0.200000E+01   0.100000E+01   0.393000E+05   0.259200E+06   0.188342E+03  -0.999900E+04  -0.999900E+04  -0.999900E+04  -0.999900E+04   0.188342E+03  -0.999900E+04  -0.999900E+04  -0.999900E+04  -0.999900E+04   0.188486E+03   0.577199E+03   0.158095E+01   0.386547E+02   0.200000E+02  -0.144274E+00  -0.999900E+04  -0.999900E+04  -0.999900E+04  -0.999900E+04  -0.546218E+00  -0.999900E+04  -0.999900E+04  -0.999900E+04  -0.999900E+04
   0.200000E+01   0.100000E+01   0.393500E+05   0.259200E+06   0.200000E+01   0.100000E+01   0.393500E+05   0.259200E+06   0.188355E+03  -0.999900E+04  -0.999900E+04  -0.999900E+04  -0.999900E+04   0.188355E+03  -0.999900E+04  -0.999900E+04  -0.999900E+04  -0.999900E+04   0.188509E+03   0.577353E+03   0.154722E+01   0.386891E+02   0.200000E+02  -0.154416E+00  -0.999900E+04  -0.999900E+04  -0.999900E+04  -0.999900E+04  -0.584617E+00  -0.999900E+04  -0.999900E+04  -0.999900E+04  -0.999900E+04
   0.200000E+01   0.100000E+01   0.394000E+05   0.259200E+06   0.200000E+01   0.100000E+01   0.394000E+05   0.259200E+06   0.188383E+03  -0.999900E+04  -0.999900E+04  -0.999900E+04  -0.999900E+04   0.188383E+03  -0.999900E+04  -0.999900E+04  -0.999900E+04  -0.999900E+04   0.188536E+03   0.577512E+03   0.148035E+01   0.386891E+02   0.200000E+02  -0.152329E+00  -0.999900E+04  -0.999900E+04  -0.999900E+04  -0.999900E+04  -0.576715E+00  -0.999900E+04  -0.999900E+04  -0.999900E+04  -0.999900E+04
   0.200000E+01   0.100000E+01   0.394500E+05   0.259200E+06   0.200000E+01   0.100000E+01   0.394500E+05   0.259200E+06   0.188410E+03  -0.999900E+04  -0.999900E+04  -0.999900E+04  -0.999900E+04   0.188410E+03  -0.999900E+04  -0.999900E+04  -0.999900E+04  -0.999900E+04   0.188561E+03   0.577678E+03   0.140451E+01   0.386891E+02   0.200000E+02  -0.150881E+00  -0.999900E+04  -0.999900E+04  -0.999900E+04  -0.999900E+04  -0.571232E+00  -0.999900E+04  -0.999900E+04  -0.999900E+04  -0.999900E+04
   0.200000E+01   0.100000E+01   0.395950E+05   0.259200E+06   0.200000E+01   0.100000E+01   0.395950E+05   0.259200E+06   0.188530E+03  -0.999900E+04  -0.999900E+04  -0.999900E+04  -0.999900E+04   0.188530E+03  -0.999900E+04  -0.999900E+04  -0.999900E+04  -0.999900E+04   0.188608E+03   0.578192E+03   0.131985E+01   0.387357E+02   0.200000E+02  -0.780439E-01  -0.999900E+04  -0.999900E+04  -0.999900E+04  -0.999900E+04  -0.295473E+00  -0.999900E+04  -0.999900E+04  -0.999900E+04  -0.999900E+04
   0.200000E+01   0.100000E+01   0.396400E+05   0.259200E+06   0.200000E+01   0.100000E+01   0.396400E+05   0.259200E+06   0.188549E+03  -0.999900E+04  -0.999900E+04  -0.999900E+04  -0.999900E+04   0.188549E+03  -0.999900E+04  -0.999900E+04  -0.999900E+04  -0.999900E+04   0.188616E+03   0.578354E+03   0.133708E+01   0.387931E+02   0.200000E+02  -0.669379E-01  -0.999900E+04  -0.999900E+04  -0.999900E+04  -0.999900E+04  -0.253425E+00  -0.999900E+04  -0.999900E+04  -0.999900E+04  -0.999900E+04
   0.200000E+01   0.100000E+01   0.396850E+05   0.259200E+06   0.200000E+01   0.100000E+01   0.396850E+05   0.259200E+06   0.188566E+03  -0.999900E+04  -0.999900E+04  -0.999900E+04  -0.999900E+04   0.188566E+03  -0.999900E+04  -0.999900E+04  -0.999900E+04  -0.999900E+04   0.188624E+03   0.578516E+03   0.135837E+01   0.387931E+02   0.200000E+02  -0.576335E-01  -0.999900E+04  -0.999900E+04  -0.999900E+04  -0.999900E+04  -0.218199E+00  -0.999900E+04  -0.999900E+04  -0.999900E+04  -0.999900E+04
   0.200000E+01   0.100000E+01   0.397750E+05   0.259200E+06   0.200000E+01   0.100000E+01   0.397750E+05   0.259200E+06   0.188580E+03  -0.999900E+04  -0.999900E+04  -0.999900E+04  -0.999900E+04   0.188580E+03  -0.999900E+04  -0.999900E+04  -0.999900E+04  -0.999900E+04   0.188644E+03   0.578835E+03   0.137938E+01   0.388603E+02   0.200000E+02  -0.634394E-01  -0.999900E+04  -0.999900E+04  -0.999900E+04  -0.999900E+04  -0.240180E+00  -0.999900E+04  -0.999900E+04  -0.999900E+04  -0.999900E+04
   0.200000E+01   0.100000E+01   0.398200E+05   0.259200E+06   0.200000E+01   0.100000E+01   0.398200E+05   0.259200E+06   0.188578E+03  -0.999900E+04  -0.999900E+04  -0.999900E+04  -0.999900E+04   0.188578E+03  -0.999900E+04  -0.999900E+04  -0.999900E+04  -0.999900E+04   0.188656E+03   0.578992E+03   0.136966E+01   0.388603E+02   0.200000E+02  -0.775669E-01  -0.999900E+04  -0.999900E+04  -0.999900E+04  -0.999900E+04  -0.293666E+00  -0.999900E+04  -0.999900E+04  -0.999900E+04  -0.999900E+04
   0.200000E+01   0.100000E+01   0.399100E+05   0.259200E+06   0.200000E+01   0.100000E+01   0.399100E+05   0.259200E+06   0.188637E+03  -0.999900E+04  -0.999900E+04  -0.999900E+04  -0.999900E+04   0.188637E+03  -0.999900E+04  -0.999900E+04  -0.999900E+04  -0.999900E+04   0.188683E+03   0.579304E+03   0.132280E+01   0.388603E+02   0.200000E+02  -0.459750E-01  -0.999900E+04  -0.999900E+04  -0.999900E+04  -0.999900E+04  -0.174060E+00  -0.999900E+04  -0.999900E+04  -0.999900E+04  -0.999900E+04
   0.200000E+01   0.100000E+01   0.399550E+05   0.259200E+06   0.200000E+01   0.100000E+01   0.399550E+05   0.259200E+06   0.188667E+03  -0.999900E+04  -0.999900E+04  -0.999900E+04  -0.999900E+04   0.188667E+03  -0.999900E+04  -0.999900E+04  -0.999900E+04  -0.999900E+04   0.188695E+03   0.579460E+03   0.130099E+01   0.389362E+02   0.200000E+02  -0.285515E-01  -0.999900E+04  -0.999900E+04  -0.999900E+04  -0.999900E+04  -0.108095E+00  -0.999900E+04  -0.999900E+04  -0.999900E+04  -0.999900E+04
   0.200000E+01   0.100000E+01   0.400500E+05   0.259200E+06   0.200000E+01   0.100000E+01   0.400500E+05   0.259200E+06   0.188686E+03  -0.999900E+04  -0.999900E+04  -0.999900E+04  -0.999900E+04   0.188686E+03  -0.999900E+04  -0.999900E+04  -0.999900E+04  -0.999900E+04   0.188715E+03   0.579788E+03   0.129448E+01   0.389362E+02   0.200000E+02  -0.284912E-01  -0.999900E+04  -0.999900E+04  -0.999900E+04  -0.999900E+04  -0.107867E+00  -0.999900E+04  -0.999900E+04  -0.999900E+04  -0.999900E+04
   0.200000E+01   0.100000E+01   0.401000E+05   0.259200E+06   0.200000E+01   0.100000E+01   0.401000E+05   0.259200E+06   0.188695E+03  -0.999900E+04  -0.999900E+04  -0.999900E+04  -0.999900E+04   0.188695E+03  -0.999900E+04  -0.999900E+04  -0.999900E+04  -0.999900E+04   0.188723E+03   0.579961E+03   0.130896E+01   0.390198E+02   0.200000E+02  -0.279173E-01  -0.999900E+04  -0.999900E+04  -0.999900E+04  -0.999900E+04  -0.105694E+00  -0.999900E+04  -0.999900E+04  -0.999900E+04  -0.999900E+04
   0.200000E+01   0.100000E+01   0.401500E+05   0.259200E+06   0.200000E+01   0.100000E+01   0.401500E+05   0.259200E+06   0.188703E+03  -0.999900E+04  -0.999900E+04  -0.999900E+04  -0.999900E+04   0.188703E+03  -0.999900E+04  -0.999900E+04  -0.999900E+04  -0.999900E+04   0.188731E+03   0.580135E+03   0.132794E+01   0.390198E+02   0.200000E+02  -0.272145E-01  -0.999900E+04  -0.999900E+04  -0.999900E+04  -0.999900E+04  -0.103034E+00  -0.999900E+04  -0.999900E+04  -0.999900E+04  -0.999900E+04
   0.200000E+01   0.100000E+01   0.402500E+05   0.259200E+06   0.200000E+01   0.100000E+01   0.402500E+05   0.259200E+06   0.188712E+03  -0.999900E+04  -0.999900E+04  -0.999900E+04  -0.999900E+04   0.188712E+03  -0.999900E+04  -0.999900E+04  -0.999900E+04  -0.999900E+04   0.188749E+03   0.580485E+03   0.135529E+01   0.391099E+02   0.200000E+02  -0.366793E-01  -0.999900E+04  -0.999900E+04  -0.999900E+04  -0.999900E+04  -0.138867E+00  -0.999900E+04  -0.999900E+04  -0.999900E+04  -0.999900E+04
   0.200000E+01   0.100000E+01   0.403000E+05   0.259200E+06   0.200000E+01   0.100000E+01   0.403000E+05   0.259200E+06   0.188732E+03  -0.999900E+04  -0.999900E+04  -0.999900E+04  -0.999900E+04   0.188732E+03  -0.999900E+04  -0.999900E+04  -0.999900E+04  -0.999900E+04   0.188760E+03   0.580660E+03   0.135598E+01   0.391099E+02   0.200000E+02  -0.278792E-01  -0.999900E+04  -0.999900E+04  -0.999900E+04  -0.999900E+04  -0.105550E+00  -0.999900E+04  -0.999900E+04  -0.999900E+04  -0.999900E+04
   0.200000E+01   0.100000E+01   0.403500E+05   0.259200E+06   0.200000E+01   0.100000E+01   0.403500E+05   0.259200E+06   0.188747E+03  -0.999900E+04  -0.999900E+04  -0.999900E+04  -0.999900E+04   0.188747E+03  -0.999900E+04  -0.999900E+04  -0.999900E+04  -0.999900E+04   0.188772E+03   0.580836E+03   0.134799E+01   0.391099E+02   0.200000E+02  -0.250083E-01  -0.999900E+04  -0.999900E+04  -0.999900E+04  -0.999900E+04  -0.946810E-01  -0.999900E+04  -0.999900E+04  -0.999900E+04  -0.999900E+04
   0.200000E+01   0.100000E+01   0.404000E+05   0.259200E+06   0.200000E+01   0.100000E+01   0.404000E+05   0.259200E+06   0.188759E+03  -0.999900E+04  -0.999900E+04  -0.999900E+04  -0.999900E+04   0.188759E+03  -0.999900E+04  -0.999900E+04  -0.999900E+04  -0.999900E+04   0.188785E+03   0.581013E+03   0.133506E+01   0.392056E+02   0.200000E+02  -0.258731E-01  -0.999900E+04  -0.999900E+04  -0.999900E+04  -0.999900E+04  -0.979551E-01  -0.999900E+04  -0.999900E+04  -0.999900E+04  -0.999900E+04
   0.200000E+01   0.100000E+01   0.405000E+05   0.259200E+06   0.200000E+01   0.100000E+01   0.405000E+05   0.259200E+06   0.188783E+03  -0.999900E+04  -0.999900E+04  -0.999900E+04  -0.999900E+04   0.188783E+03  -0.999900E+04  -0.999900E+04  -0.999900E+04  -0.999900E+04   0.188809E+03   0.581368E+03   0.131510E+01   0.392056E+02   0.200000E+02  -0.259175E-01  -0.999900E+04  -0.999900E+04  -0.999900E+04  -0.999900E+04  -0.981229E-01  -0.999900E+04  -0.999900E+04  -0.999900E+04  -0.999900E+04
   0.200000E+01   0.100000E+01   0.406000E+05   0.259200E+06   0.200000E+01   0.100000E+01   0.406000E+05   0.259200E+06   0.188794E+03  -0.999900E+04  -0.999900E+04  -0.999900E+04  -0.999900E+04   0.188794E+03  -0.999900E+04  -0.999900E+04  -0.999900E+04  -0.999900E+04   0.188828E+03   0.581724E+03   0.132304E+01   0.393060E+02   0.200000E+02  -0.341198E-01  -0.999900E+04  -0.999900E+04  -0.999900E+04  -0.999900E+04  -0.129177E+00  -0.999900E+04  -0.999900E+04  -0.999900E+04  -0.999900E+04
   0.200000E+01   0.100000E+01   0.406500E+05   0.259200E+06   0.200000E+01   0.100000E+01   0.406500E+05   0.259200E+06   0.188803E+03  -0.999900E+04  -0.999900E+04  -0.999900E+04  -0.999900E+04   0.188803E+03  -0.999900E+04  -0.999900E+04  -0.999900E+04  -0.999900E+04   0.188837E+03   0.581901E+03   0.133493E+01   0.394100E+02   0.200000E+02  -0.333173E-01  -0.999900E+04  -0.999900E+04  -0.999900E+04  -0.999900E+04  -0.126139E+00  -0.999900E+04  -0.999900E+04  -0.999900E+04  -0.999900E+04
   0.200000E+01   0.100000E+01   0.407500E+05   0.259200E+06   0.200000E+01   0.100000E+01   0.407500E+05   0.259200E+06   0.188828E+03  -0.999900E+04  -0.999900E+04  -0.999900E+04  -0.999900E+04   0.188828E+03  -0.999900E+04  -0.999900E+04  -0.999900E+04  -0.999900E+04   0.188854E+03   0.582252E+03   0.136390E+01   0.394100E+02   0.200000E+02  -0.258987E-01  -0.999900E+04  -0.999900E+04  -0.999900E+04  -0.999900E+04  -0.980520E-01  -0.999900E+04  -0.999900E+04  -0.999900E+04  -0.999900E+04
   0.200000E+01   0.100000E+01   0.409000E+05   0.259200E+06   0.200000E+01   0.100000E+01   0.409000E+05   0.259200E+06   0.188871E+03  -0.999900E+04  -0.999900E+04  -0.999900E+04  -0.999900E+04   0.188871E+03  -0.999900E+04  -0.999900E+04  -0.999900E+04  -0.999900E+04   0.188882E+03   0.582764E+03   0.139517E+01   0.395168E+02   0.200000E+02  -0.107716E-01  -0.999900E+04  -0.999900E+04  -0.999900E+04  -0.999900E+04  -0.407811E-01  -0.999900E+04  -0.999900E+04  -0.999900E+04  -0.999900E+04
   0.200000E+01   0.100000E+01   0.410000E+05   0.259200E+06   0.200000E+01   0.100000E+01   0.410000E+05   0.259200E+06   0.188882E+03  -0.999900E+04  -0.999900E+04  -0.999900E+04  -0.999900E+04   0.188882E+03  -0.999900E+04  -0.999900E+04  -0.999900E+04  -0.999900E+04   0.188904E+03   0.583101E+03   0.139675E+01   0.396255E+02   0.200000E+02  -0.216001E-01  -0.999900E+04  -0.999900E+04  -0.999900E+04  -0.999900E+04  -0.817776E-01  -0.999900E+04  -0.999900E+04  -0.999900E+04  -0.999900E+04
   0.200000E+01   0.100000E+01   0.410850E+05   0.259200E+06   0.200000E+01   0.100000E+01   0.410850E+05   0.259200E+06   0.188906E+03  -0.999900E+04  -0.999900E+04  -0.999900E+04  -0.999900E+04   0.188906E+03  -0.999900E+04  -0.999900E+04  -0.999900E+04  -0.999900E+04   0.188908E+03   0.583382E+03   0.150500E+01   0.396255E+02   0.200000E+02  -0.198950E-02  -0.999900E+04  -0.999900E+04  -0.999900E+04  -0.999900E+04  -0.753221E-02  -0.999900E+04  -0.999900E+04  -0.999900E+04  -0.999900E+04
   0.200000E+01   0.100000E+01   0.415500E+05   0.259200E+06   0.200000E+01   0.100000E+01   0.415500E+05   0.259200E+06   0.189002E+03  -0.999900E+04  -0.999900E+04  -0.999900E+04  -0.999900E+04   0.189002E+03  -0.999900E+04  -0.999900E+04  -0.999900E+04  -0.999900E+04   0.189057E+03   0.584999E+03   0.139378E+01   0.400630E+02   0.200000E+02  -0.545932E-01  -0.999900E+04  -0.999900E+04  -0.999900E+04  -0.999900E+04  -0.206689E+00  -0.999900E+04  -0.999900E+04  -0.999900E+04  -0.999900E+04
   0.200000E+01   0.100000E+01   0.416000E+05   0.259200E+06   0.200000E+01   0.100000E+01   0.416000E+05   0.259200E+06   0.189002E+03  -0.999900E+04  -0.999900E+04  -0.999900E+04  -0.999900E+04   0.189002E+03  -0.999900E+04  -0.999900E+04  -0.999900E+04  -0.999900E+04   0.189068E+03   0.585193E+03   0.140067E+01   0.400630E+02   0.200000E+02  -0.661068E-01  -0.999900E+04  -0.999900E+04  -0.999900E+04  -0.999900E+04  -0.250279E+00  -0.999900E+04  -0.999900E+04  -0.999900E+04  -0.999900E+04
   0.200000E+01   0.100000E+01   0.416500E+05   0.259200E+06   0.200000E+01   0.100000E+01   0.416500E+05   0.259200E+06   0.188994E+03  -0.999900E+04  -0.999900E+04  -0.999900E+04  -0.999900E+04   0.188994E+03  -0.999900E+04  -0.999900E+04  -0.999900E+04  -0.999900E+04   0.189079E+03   0.585387E+03   0.141082E+01   0.400630E+02   0.200000E+02  -0.856610E-01  -0.999900E+04  -0.999900E+04  -0.999900E+04  -0.999900E+04  -0.324310E+00  -0.999900E+04  -0.999900E+04  -0.999900E+04  -0.999900E+04
   0.200000E+01   0.100000E+01   0.417000E+05   0.259200E+06   0.200000E+01   0.100000E+01   0.417000E+05   0.259200E+06   0.189010E+03  -0.999900E+04  -0.999900E+04  -0.999900E+04  -0.999900E+04   0.189010E+03  -0.999900E+04  -0.999900E+04  -0.999900E+04  -0.999900E+04   0.189091E+03   0.585580E+03   0.142029E+01   0.401692E+02   0.200000E+02  -0.805898E-01  -0.999900E+04  -0.999900E+04  -0.999900E+04  -0.999900E+04  -0.305111E+00  -0.999900E+04  -0.999900E+04  -0.999900E+04  -0.999900E+04
   0.200000E+01   0.100000E+01   0.418000E+05   0.259200E+06   0.200000E+01   0.100000E+01   0.418000E+05   0.259200E+06   0.189041E+03  -0.999900E+04  -0.999900E+04  -0.999900E+04  -0.999900E+04   0.189041E+03  -0.999900E+04  -0.999900E+04  -0.999900E+04  -0.999900E+04   0.189116E+03   0.585965E+03   0.142638E+01   0.401692E+02   0.200000E+02  -0.748837E-01  -0.999900E+04  -0.999900E+04  -0.999900E+04  -0.999900E+04  -0.283508E+00  -0.999900E+04  -0.999900E+04  -0.999900E+04  -0.999900E+04
   0.200000E+01   0.100000E+01   0.419000E+05   0.259200E+06   0.200000E+01   0.100000E+01   0.419000E+05   0.259200E+06   0.189053E+03  -0.999900E+04  -0.999900E+04  -0.999900E+04  -0.999900E+04   0.189053E+03  -0.999900E+04  -0.999900E+04  -0.999900E+04  -0.999900E+04   0.189143E+03   0.586349E+03   0.141360E+01   0.402729E+02   0.200000E+02  -0.898901E-01  -0.999900E+04  -0.999900E+04  -0.999900E+04  -0.999900E+04  -0.340322E+00  -0.999900E+04  -0.999900E+04  -0.999900E+04  -0.999900E+04
   0.200000E+01   0.100000E+01   0.420000E+05   0.259200E+06   0.200000E+01   0.100000E+01   0.420000E+05   0.259200E+06   0.189088E+03  -0.999900E+04  -0.999900E+04  -0.999900E+04  -0.999900E+04   0.189088E+03  -0.999900E+04  -0.999900E+04  -0.999900E+04  -0.999900E+04   0.189169E+03   0.586731E+03   0.139856E+01   0.403733E+02   0.200000E+02  -0.812641E-01  -0.999900E+04  -0.999900E+04  -0.999900E+04  -0.999900E+04  -0.307664E+00  -0.999900E+04  -0.999900E+04  -0.999900E+04  -0.999900E+04
   0.200000E+01   0.100000E+01   0.422000E+05   0.259200E+06   0.200000E+01   0.100000E+01   0.422000E+05   0.259200E+06   0.189121E+03  -0.999900E+04  -0.999900E+04  -0.999900E+04  -0.999900E+04   0.189121E+03  -0.999900E+04  -0.999900E+04  -0.999900E+04  -0.999900E+04   0.189218E+03   0.587500E+03   0.139114E+01   0.404698E+02   0.200000E+02  -0.963903E-01  -0.999900E+04  -0.999900E+04  -0.999900E+04  -0.999900E+04  -0.364932E+00  -0.999900E+04  -0.999900E+04  -0.999900E+04  -0.999900E+04
   0.200000E+01   0.100000E+01   0.424000E+05   0.259200E+06   0.200000E+01   0.100000E+01   0.424000E+05   0.259200E+06   0.189159E+03  -0.999900E+04  -0.999900E+04  -0.999900E+04  -0.999900E+04   0.189159E+03  -0.999900E+04  -0.999900E+04  -0.999900E+04  -0.999900E+04   0.189264E+03   0.588277E+03   0.139556E+01   0.405618E+02   0.200000E+02  -0.104824E+00  -0.999900E+04  -0.999900E+04  -0.999900E+04  -0.999900E+04  -0.396863E+00  -0.999900E+04  -0.999900E+04  -0.999900E+04  -0.999900E+04
   0.200000E+01   0.100000E+01   0.426000E+05   0.259200E+06   0.200000E+01   0.100000E+01   0.426000E+05   0.259200E+06   0.189210E+03  -0.999900E+04  -0.999900E+04  -0.999900E+04  -0.999900E+04   0.189210E+03  -0.999900E+04  -0.999900E+04  -0.999900E+04  -0.999900E+04   0.189311E+03   0.589061E+03   0.139790E+01   0.407304E+02   0.200000E+02  -0.101213E+00  -0.999900E+04  -0.999900E+04  -0.999900E+04  -0.999900E+04  -0.383190E+00  -0.999900E+04  -0.999900E+04  -0.999900E+04  -0.999900E+04
   0.200000E+01   0.100000E+01   0.428000E+05   0.259200E+06   0.200000E+01   0.100000E+01   0.428000E+05   0.259200E+06   0.189281E+03  -0.999900E+04  -0.999900E+04  -0.999900E+04  -0.999900E+04   0.189281E+03  -0.999900E+04  -0.999900E+04  -0.999900E+04  -0.999900E+04   0.189359E+03   0.589854E+03   0.139168E+01   0.408059E+02   0.200000E+02  -0.785072E-01  -0.999900E+04  -0.999900E+04  -0.999900E+04  -0.999900E+04  -0.297226E+00  -0.999900E+04  -0.999900E+04  -0.999900E+04  -0.999900E+04
   0.200000E+01   0.100000E+01   0.429000E+05   0.259200E+06   0.200000E+01   0.100000E+01   0.429000E+05   0.259200E+06   0.189283E+03  -0.999900E+04  -0.999900E+04  -0.999900E+04  -0.999900E+04   0.189283E+03  -0.999900E+04  -0.999900E+04  -0.999900E+04  -0.999900E+04   0.189383E+03   0.590253E+03   0.138538E+01   0.408750E+02   0.200000E+02  -0.100453E+00  -0.999900E+04  -0.999900E+04  -0.999900E+04  -0.999900E+04  -0.380314E+00  -0.999900E+04  -0.999900E+04  -0.999900E+04  -0.999900E+04
   0.200000E+01   0.100000E+01   0.431000E+05   0.259200E+06   0.200000E+01   0.100000E+01   0.431000E+05   0.259200E+06   0.189340E+03  -0.999900E+04  -0.999900E+04  -0.999900E+04  -0.999900E+04   0.189340E+03  -0.999900E+04  -0.999900E+04  -0.999900E+04  -0.999900E+04   0.189430E+03   0.591055E+03   0.138277E+01   0.409373E+02   0.200000E+02  -0.899197E-01  -0.999900E+04  -0.999900E+04  -0.999900E+04  -0.999900E+04  -0.340434E+00  -0.999900E+04  -0.999900E+04  -0.999900E+04  -0.999900E+04
   0.200000E+01   0.100000E+01   0.432000E+05   0.259200E+06   0.200000E+01   0.100000E+01   0.432000E+05   0.259200E+06   0.189387E+03  -0.999900E+04  -0.999900E+04  -0.999900E+04  -0.999900E+04   0.189387E+03  -0.999900E+04  -0.999900E+04  -0.999900E+04  -0.999900E+04   0.189450E+03   0.591454E+03   0.140625E+01   0.409923E+02   0.200000E+02  -0.626155E-01  -0.999900E+04  -0.999900E+04  -0.999900E+04  -0.999900E+04  -0.237061E+00  -0.999900E+04  -0.999900E+04  -0.999900E+04  -0.999900E+04
   0.200000E+01   0.100000E+01   0.432500E+05   0.259200E+06   0.200000E+01   0.100000E+01   0.432500E+05   0.259200E+06   0.189413E+03  -0.999900E+04  -0.999900E+04  -0.999900E+04  -0.999900E+04   0.189413E+03  -0.999900E+04  -0.999900E+04  -0.999900E+04  -0.999900E+04   0.189460E+03   0.591653E+03   0.141997E+01   0.409923E+02   0.200000E+02  -0.470389E-01  -0.999900E+04  -0.999900E+04  -0.999900E+04  -0.999900E+04  -0.178088E+00  -0.999900E+04  -0.999900E+04  -0.999900E+04  -0.999900E+04
   0.200000E+01   0.100000E+01   0.433500E+05   0.259200E+06   0.200000E+01   0.100000E+01   0.433500E+05   0.259200E+06   0.189436E+03  -0.999900E+04  -0.999900E+04  -0.999900E+04  -0.999900E+04   0.189436E+03  -0.999900E+04  -0.999900E+04  -0.999900E+04  -0.999900E+04   0.189482E+03   0.592050E+03   0.144321E+01   0.410398E+02   0.200000E+02  -0.460268E-01  -0.999900E+04  -0.999900E+04  -0.999900E+04  -0.999900E+04  -0.174256E+00  -0.999900E+04  -0.999900E+04  -0.999900E+04  -0.999900E+04
   0.200000E+01   0.100000E+01   0.436000E+05   0.259200E+06   0.200000E+01   0.100000E+01   0.436000E+05   0.259200E+06   0.189477E+03  -0.999900E+04  -0.999900E+04  -0.999900E+04  -0.999900E+04   0.189477E+03  -0.999900E+04  -0.999900E+04  -0.999900E+04  -0.999900E+04   0.189554E+03   0.593042E+03   0.131876E+01   0.411109E+02   0.200000E+02  -0.771823E-01  -0.999900E+04  -0.999900E+04  -0.999900E+04  -0.999900E+04  -0.292210E+00  -0.999900E+04  -0.999900E+04  -0.999900E+04  -0.999900E+04
   0.200000E+01   0.100000E+01   0.436500E+05   0.259200E+06   0.200000E+01   0.100000E+01   0.436500E+05   0.259200E+06   0.189514E+03  -0.999900E+04  -0.999900E+04  -0.999900E+04  -0.999900E+04   0.189514E+03  -0.999900E+04  -0.999900E+04  -0.999900E+04  -0.999900E+04   0.189573E+03   0.593241E+03   0.128569E+01   0.411109E+02   0.200000E+02  -0.583403E-01  -0.999900E+04  -0.999900E+04  -0.999900E+04  -0.999900E+04  -0.220875E+00  -0.999900E+04  -0.999900E+04  -0.999900E+04  -0.999900E+04
   0.200000E+01   0.100000E+01   0.437000E+05   0.259200E+06   0.200000E+01   0.100000E+01   0.437000E+05   0.259200E+06   0.189532E+03  -0.999900E+04  -0.999900E+04  -0.999900E+04  -0.999900E+04   0.189532E+03  -0.999900E+04  -0.999900E+04  -0.999900E+04  -0.999900E+04   0.189589E+03   0.593441E+03   0.125160E+01   0.411109E+02   0.200000E+02  -0.572519E-01  -0.999900E+04  -0.999900E+04  -0.999900E+04  -0.999900E+04  -0.216754E+00  -0.999900E+04  -0.999900E+04  -0.999900E+04  -0.999900E+04
   0.200000E+01   0.100000E+01   0.437500E+05   0.259200E+06   0.200000E+01   0.100000E+01   0.437500E+05   0.259200E+06   0.189545E+03  -0.999900E+04  -0.999900E+04  -0.999900E+04  -0.999900E+04   0.189545E+03  -0.999900E+04  -0.999900E+04  -0.999900E+04  -0.999900E+04   0.189603E+03   0.593644E+03   0.122043E+01   0.411339E+02   0.200000E+02  -0.576358E-01  -0.999900E+04  -0.999900E+04  -0.999900E+04  -0.999900E+04  -0.218208E+00  -0.999900E+04  -0.999900E+04  -0.999900E+04  -0.999900E+04
   0.200000E+01   0.100000E+01   0.438500E+05   0.259200E+06   0.200000E+01   0.100000E+01   0.438500E+05   0.259200E+06   0.189573E+03  -0.999900E+04  -0.999900E+04  -0.999900E+04  -0.999900E+04   0.189573E+03  -0.999900E+04  -0.999900E+04  -0.999900E+04  -0.999900E+04   0.189625E+03   0.594055E+03   0.117395E+01   0.411339E+02   0.200000E+02  -0.524747E-01  -0.999900E+04  -0.999900E+04  -0.999900E+04  -0.999900E+04  -0.198668E+00  -0.999900E+04  -0.999900E+04  -0.999900E+04  -0.999900E+04
   0.200000E+01   0.100000E+01   0.440000E+05   0.259200E+06   0.200000E+01   0.100000E+01   0.440000E+05   0.259200E+06   0.189618E+03  -0.999900E+04  -0.999900E+04  -0.999900E+04  -0.999900E+04   0.189618E+03  -0.999900E+04  -0.999900E+04  -0.999900E+04  -0.999900E+04   0.189651E+03   0.594688E+03   0.114278E+01   0.411484E+02   0.200000E+02  -0.325805E-01  -0.999900E+04  -0.999900E+04  -0.999900E+04  -0.999900E+04  -0.123349E+00  -0.999900E+04  -0.999900E+04  -0.999900E+04  -0.999900E+04
   0.200000E+01   0.100000E+01   0.443200E+05   0.259200E+06   0.200000E+01   0.100000E+01   0.443200E+05   0.259200E+06   0.189748E+03  -0.999900E+04  -0.999900E+04  -0.999900E+04  -0.999900E+04   0.189748E+03  -0.999900E+04  -0.999900E+04  -0.999900E+04  -0.999900E+04   0.189660E+03   0.596043E+03   0.165544E+01   0.411384E+02   0.200000E+02   0.888236E-01  -0.999900E+04  -0.999900E+04  -0.999900E+04  -0.999900E+04   0.336284E+00  -0.999900E+04  -0.999900E+04  -0.999900E+04  -0.999900E+04
   0.200000E+01   0.100000E+01   0.444800E+05   0.259200E+06   0.200000E+01   0.100000E+01   0.444800E+05   0.259200E+06   0.189766E+03  -0.999900E+04  -0.999900E+04  -0.999900E+04  -0.999900E+04   0.189766E+03  -0.999900E+04  -0.999900E+04  -0.999900E+04  -0.999900E+04   0.189712E+03   0.596701E+03   0.185208E+01   0.411169E+02   0.200000E+02   0.535554E-01  -0.999900E+04  -0.999900E+04  -0.999900E+04  -0.999900E+04   0.202760E+00  -0.999900E+04  -0.999900E+04  -0.999900E+04  -0.999900E+04
   0.200000E+01   0.100000E+01   0.451200E+05   0.259200E+06   0.200000E+01   0.100000E+01   0.451200E+05   0.259200E+06   0.189936E+03  -0.999900E+04  -0.999900E+04  -0.999900E+04  -0.999900E+04   0.189936E+03  -0.999900E+04  -0.999900E+04  -0.999900E+04  -0.999900E+04   0.190011E+03   0.599264E+03   0.129554E+01   0.409391E+02   0.200000E+02  -0.757831E-01  -0.999900E+04  -0.999900E+04  -0.999900E+04  -0.999900E+04  -0.286913E+00  -0.999900E+04  -0.999900E+04  -0.999900E+04  -0.999900E+04
   0.200000E+01   0.100000E+01   0.452150E+05   0.259200E+06   0.200000E+01   0.100000E+01   0.452150E+05   0.259200E+06   0.189952E+03  -0.999900E+04  -0.999900E+04  -0.999900E+04  -0.999900E+04   0.189952E+03  -0.999900E+04  -0.999900E+04  -0.999900E+04  -0.999900E+04   0.190028E+03   0.599633E+03   0.129630E+01   0.408718E+02   0.200000E+02  -0.763203E-01  -0.999900E+04  -0.999900E+04  -0.999900E+04  -0.999900E+04  -0.288947E+00  -0.999900E+04  -0.999900E+04  -0.999900E+04  -0.999900E+04
   0.200000E+01   0.100000E+01   0.453100E+05   0.259200E+06   0.200000E+01   0.100000E+01   0.453100E+05   0.259200E+06   0.190009E+03  -0.999900E+04  -0.999900E+04  -0.999900E+04  -0.999900E+04   0.190009E+03  -0.999900E+04  -0.999900E+04  -0.999900E+04  -0.999900E+04   0.190043E+03   0.599993E+03   0.131672E+01   0.408718E+02   0.200000E+02  -0.337110E-01  -0.999900E+04  -0.999900E+04  -0.999900E+04  -0.999900E+04  -0.127629E+00  -0.999900E+04  -0.999900E+04  -0.999900E+04  -0.999900E+04
   0.200000E+01   0.100000E+01   0.454050E+05   0.259200E+06   0.200000E+01   0.100000E+01   0.454050E+05   0.259200E+06   0.190048E+03  -0.999900E+04  -0.999900E+04  -0.999900E+04  -0.999900E+04   0.190048E+03  -0.999900E+04  -0.999900E+04  -0.999900E+04  -0.999900E+04   0.190055E+03   0.600339E+03   0.135300E+01   0.407956E+02   0.200000E+02  -0.736216E-02  -0.999900E+04  -0.999900E+04  -0.999900E+04  -0.999900E+04  -0.278730E-01  -0.999900E+04  -0.999900E+04  -0.999900E+04  -0.999900E+04
   0.200000E+01   0.100000E+01   0.455000E+05   0.259200E+06   0.200000E+01   0.100000E+01   0.455000E+05   0.259200E+06   0.190076E+03  -0.999900E+04  -0.999900E+04  -0.999900E+04  -0.999900E+04   0.190076E+03  -0.999900E+04  -0.999900E+04  -0.999900E+04  -0.999900E+04   0.190071E+03   0.600675E+03   0.137115E+01   0.407106E+02   0.200000E+02   0.507388E-02  -0.999900E+04  -0.999900E+04  -0.999900E+04  -0.999900E+04   0.192096E-01  -0.999900E+04  -0.999900E+04  -0.999900E+04  -0.999900E+04
   0.200000E+01   0.100000E+01   0.460000E+05   0.259200E+06   0.200000E+01   0.100000E+01   0.460000E+05   0.259200E+06   0.190163E+03  -0.999900E+04  -0.999900E+04  -0.999900E+04  -0.999900E+04   0.190163E+03  -0.999900E+04  -0.999900E+04  -0.999900E+04  -0.999900E+04   0.190194E+03   0.602663E+03   0.152096E+01   0.404049E+02   0.200000E+02  -0.308272E-01  -0.999900E+04  -0.999900E+04  -0.999900E+04  -0.999900E+04  -0.116711E+00  -0.999900E+04  -0.999900E+04  -0.999900E+04  -0.999900E+04
   0.200000E+01   0.100000E+01   0.460500E+05   0.259200E+06   0.200000E+01   0.100000E+01   0.460500E+05   0.259200E+06   0.190167E+03  -0.999900E+04  -0.999900E+04  -0.999900E+04  -0.999900E+04   0.190167E+03  -0.999900E+04  -0.999900E+04  -0.999900E+04  -0.999900E+04   0.190214E+03   0.602884E+03   0.150728E+01   0.404049E+02   0.200000E+02  -0.470318E-01  -0.999900E+04  -0.999900E+04  -0.999900E+04  -0.999900E+04  -0.178061E+00  -0.999900E+04  -0.999900E+04  -0.999900E+04  -0.999900E+04
   0.200000E+01   0.100000E+01   0.461000E+05   0.259200E+06   0.200000E+01   0.100000E+01   0.461000E+05   0.259200E+06   0.190174E+03  -0.999900E+04  -0.999900E+04  -0.999900E+04  -0.999900E+04   0.190174E+03  -0.999900E+04  -0.999900E+04  -0.999900E+04  -0.999900E+04   0.190235E+03   0.603104E+03   0.148915E+01   0.402868E+02   0.200000E+02  -0.607074E-01  -0.999900E+04  -0.999900E+04  -0.999900E+04  -0.999900E+04  -0.229837E+00  -0.999900E+04  -0.999900E+04  -0.999900E+04  -0.999900E+04
   0.200000E+01   0.100000E+01   0.461500E+05   0.259200E+06   0.200000E+01   0.100000E+01   0.461500E+05   0.259200E+06   0.190167E+03  -0.999900E+04  -0.999900E+04  -0.999900E+04  -0.999900E+04   0.190167E+03  -0.999900E+04  -0.999900E+04  -0.999900E+04  -0.999900E+04   0.190255E+03   0.603321E+03   0.146828E+01   0.402868E+02   0.200000E+02  -0.882591E-01  -0.999900E+04  -0.999900E+04  -0.999900E+04  -0.999900E+04  -0.334147E+00  -0.999900E+04  -0.999900E+04  -0.999900E+04  -0.999900E+04
   0.200000E+01   0.100000E+01   0.462000E+05   0.259200E+06   0.200000E+01   0.100000E+01   0.462000E+05   0.259200E+06   0.190189E+03  -0.999900E+04  -0.999900E+04  -0.999900E+04  -0.999900E+04   0.190189E+03  -0.999900E+04  -0.999900E+04  -0.999900E+04  -0.999900E+04   0.190274E+03   0.603534E+03   0.144596E+01   0.402868E+02   0.200000E+02  -0.847053E-01  -0.999900E+04  -0.999900E+04  -0.999900E+04  -0.999900E+04  -0.320692E+00  -0.999900E+04  -0.999900E+04  -0.999900E+04  -0.999900E+04
   0.200000E+01   0.100000E+01   0.462500E+05   0.259200E+06   0.200000E+01   0.100000E+01   0.462500E+05   0.259200E+06   0.190186E+03  -0.999900E+04  -0.999900E+04  -0.999900E+04  -0.999900E+04   0.190186E+03  -0.999900E+04  -0.999900E+04  -0.999900E+04  -0.999900E+04   0.190291E+03   0.603744E+03   0.142302E+01   0.401613E+02   0.200000E+02  -0.105507E+00  -0.999900E+04  -0.999900E+04  -0.999900E+04  -0.999900E+04  -0.399448E+00  -0.999900E+04  -0.999900E+04  -0.999900E+04  -0.999900E+04
   0.200000E+01   0.100000E+01   0.463000E+05   0.259200E+06   0.200000E+01   0.100000E+01   0.463000E+05   0.259200E+06   0.190186E+03  -0.999900E+04  -0.999900E+04  -0.999900E+04  -0.999900E+04   0.190186E+03  -0.999900E+04  -0.999900E+04  -0.999900E+04  -0.999900E+04   0.190308E+03   0.603951E+03   0.140026E+01   0.401613E+02   0.200000E+02  -0.121371E+00  -0.999900E+04  -0.999900E+04  -0.999900E+04  -0.999900E+04  -0.459509E+00  -0.999900E+04  -0.999900E+04  -0.999900E+04  -0.999900E+04
   0.200000E+01   0.100000E+01   0.463500E+05   0.259200E+06   0.200000E+01   0.100000E+01   0.463500E+05   0.259200E+06   0.190236E+03  -0.999900E+04  -0.999900E+04  -0.999900E+04  -0.999900E+04   0.190236E+03  -0.999900E+04  -0.999900E+04  -0.999900E+04  -0.999900E+04   0.190323E+03   0.604154E+03   0.137882E+01   0.401613E+02   0.200000E+02  -0.869912E-01  -0.999900E+04  -0.999900E+04  -0.999900E+04  -0.999900E+04  -0.329347E+00  -0.999900E+04  -0.999900E+04  -0.999900E+04  -0.999900E+04
   0.200000E+01   0.100000E+01   0.464500E+05   0.259200E+06   0.200000E+01   0.100000E+01   0.464500E+05   0.259200E+06   0.190254E+03  -0.999900E+04  -0.999900E+04  -0.999900E+04  -0.999900E+04   0.190254E+03  -0.999900E+04  -0.999900E+04  -0.999900E+04  -0.999900E+04   0.190350E+03   0.604555E+03   0.134604E+01   0.400285E+02   0.200000E+02  -0.961671E-01  -0.999900E+04  -0.999900E+04  -0.999900E+04  -0.999900E+04  -0.364087E+00  -0.999900E+04  -0.999900E+04  -0.999900E+04  -0.999900E+04
   0.200000E+01   0.100000E+01   0.465000E+05   0.259200E+06   0.200000E+01   0.100000E+01   0.465000E+05   0.259200E+06   0.190272E+03  -0.999900E+04  -0.999900E+04  -0.999900E+04  -0.999900E+04   0.190272E+03  -0.999900E+04  -0.999900E+04  -0.999900E+04  -0.999900E+04   0.190362E+03   0.604754E+03   0.133843E+01   0.400285E+02   0.200000E+02  -0.902164E-01  -0.999900E+04  -0.999900E+04  -0.999900E+04  -0.999900E+04  -0.341557E+00  -0.999900E+04  -0.999900E+04  -0.999900E+04  -0.999900E+04
   0.200000E+01   0.100000E+01   0.470000E+05   0.259200E+06   0.200000E+01   0.100000E+01   0.470000E+05   0.259200E+06   0.190443E+03  -0.999900E+04  -0.999900E+04  -0.999900E+04  -0.999900E+04   0.190443E+03  -0.999900E+04  -0.999900E+04  -0.999900E+04  -0.999900E+04   0.190472E+03   0.606732E+03   0.121854E+01   0.394334E+02   0.200000E+02  -0.293696E-01  -0.999900E+04  -0.999900E+04  -0.999900E+04  -0.999900E+04  -0.111193E+00  -0.999900E+04  -0.999900E+04  -0.999900E+04  -0.999900E+04
   0.200000E+01   0.100000E+01   0.470500E+05   0.259200E+06   0.200000E+01   0.100000E+01   0.470500E+05   0.259200E+06   0.190442E+03  -0.999900E+04  -0.999900E+04  -0.999900E+04  -0.999900E+04   0.190442E+03  -0.999900E+04  -0.999900E+04  -0.999900E+04  -0.999900E+04   0.190479E+03   0.606930E+03   0.122309E+01   0.394334E+02   0.200000E+02  -0.371938E-01  -0.999900E+04  -0.999900E+04  -0.999900E+04  -0.999900E+04  -0.140815E+00  -0.999900E+04  -0.999900E+04  -0.999900E+04  -0.999900E+04
   0.200000E+01   0.100000E+01   0.471000E+05   0.259200E+06   0.200000E+01   0.100000E+01   0.471000E+05   0.259200E+06   0.190456E+03  -0.999900E+04  -0.999900E+04  -0.999900E+04  -0.999900E+04   0.190456E+03  -0.999900E+04  -0.999900E+04  -0.999900E+04  -0.999900E+04   0.190485E+03   0.607125E+03   0.123888E+01   0.394334E+02   0.200000E+02  -0.288905E-01  -0.999900E+04  -0.999900E+04  -0.999900E+04  -0.999900E+04  -0.109379E+00  -0.999900E+04  -0.999900E+04  -0.999900E+04  -0.999900E+04
   0.200000E+01   0.100000E+01   0.471500E+05   0.259200E+06   0.200000E+01   0.100000E+01   0.471500E+05   0.259200E+06   0.190468E+03  -0.999900E+04  -0.999900E+04  -0.999900E+04  -0.999900E+04   0.190468E+03  -0.999900E+04  -0.999900E+04  -0.999900E+04  -0.999900E+04   0.190490E+03   0.607316E+03   0.126259E+01   0.392709E+02   0.200000E+02  -0.220633E-01  -0.999900E+04  -0.999900E+04  -0.999900E+04  -0.999900E+04  -0.835310E-01  -0.999900E+04  -0.999900E+04  -0.999900E+04  -0.999900E+04
   0.200000E+01   0.100000E+01   0.472500E+05   0.259200E+06   0.200000E+01   0.100000E+01   0.472500E+05   0.259200E+06   0.190528E+03  -0.999900E+04  -0.999900E+04  -0.999900E+04  -0.999900E+04   0.190528E+03  -0.999900E+04  -0.999900E+04  -0.999900E+04  -0.999900E+04   0.190500E+03   0.607679E+03   0.131991E+01   0.391039E+02   0.200000E+02   0.280542E-01  -0.999900E+04  -0.999900E+04  -0.999900E+04  -0.999900E+04   0.106213E+00  -0.999900E+04  -0.999900E+04  -0.999900E+04  -0.999900E+04
   0.200000E+01   0.100000E+01   0.473000E+05   0.259200E+06   0.200000E+01   0.100000E+01   0.473000E+05   0.259200E+06   0.190534E+03  -0.999900E+04  -0.999900E+04  -0.999900E+04  -0.999900E+04   0.190534E+03  -0.999900E+04  -0.999900E+04  -0.999900E+04  -0.999900E+04   0.190505E+03   0.607849E+03   0.134698E+01   0.391039E+02   0.200000E+02   0.282357E-01  -0.999900E+04  -0.999900E+04  -0.999900E+04  -0.999900E+04   0.106900E+00  -0.999900E+04  -0.999900E+04  -0.999900E+04  -0.999900E+04
   0.200000E+01   0.100000E+01   0.473500E+05   0.259200E+06   0.200000E+01   0.100000E+01   0.473500E+05   0.259200E+06   0.190560E+03  -0.999900E+04  -0.999900E+04  -0.999900E+04  -0.999900E+04   0.190560E+03  -0.999900E+04  -0.999900E+04  -0.999900E+04  -0.999900E+04   0.190511E+03   0.608013E+03   0.136951E+01   0.391039E+02   0.200000E+02   0.483763E-01  -0.999900E+04  -0.999900E+04  -0.999900E+04  -0.999900E+04   0.183152E+00  -0.999900E+04  -0.999900E+04  -0.999900E+04  -0.999900E+04
   0.200000E+01   0.100000E+01   0.474000E+05   0.259200E+06   0.200000E+01   0.100000E+01   0.474000E+05   0.259200E+06   0.190548E+03  -0.999900E+04  -0.999900E+04  -0.999900E+04  -0.999900E+04   0.190548E+03  -0.999900E+04  -0.999900E+04  -0.999900E+04  -0.999900E+04   0.190518E+03   0.608171E+03   0.138581E+01   0.389331E+02   0.200000E+02   0.302625E-01  -0.999900E+04  -0.999900E+04  -0.999900E+04  -0.999900E+04   0.114573E+00  -0.999900E+04  -0.999900E+04  -0.999900E+04  -0.999900E+04
   0.200000E+01   0.100000E+01   0.475000E+05   0.259200E+06   0.200000E+01   0.100000E+01   0.475000E+05   0.259200E+06   0.190569E+03  -0.999900E+04  -0.999900E+04  -0.999900E+04  -0.999900E+04   0.190569E+03  -0.999900E+04  -0.999900E+04  -0.999900E+04  -0.999900E+04   0.190534E+03   0.608474E+03   0.139663E+01   0.389331E+02   0.200000E+02   0.344203E-01  -0.999900E+04  -0.999900E+04  -0.999900E+04  -0.999900E+04   0.130314E+00  -0.999900E+04  -0.999900E+04  -0.999900E+04  -0.999900E+04
   0.200000E+01   0.100000E+01   0.475500E+05   0.259200E+06   0.200000E+01   0.100000E+01   0.475500E+05   0.259200E+06   0.190576E+03  -0.999900E+04  -0.999900E+04  -0.999900E+04  -0.999900E+04   0.190576E+03  -0.999900E+04  -0.999900E+04  -0.999900E+04  -0.999900E+04   0.190543E+03   0.608625E+03   0.139748E+01   0.387591E+02   0.200000E+02   0.327702E-01  -0.999900E+04  -0.999900E+04  -0.999900E+04  -0.999900E+04   0.124067E+00  -0.999900E+04  -0.999900E+04  -0.999900E+04  -0.999900E+04
   0.200000E+01   0.100000E+01   0.477000E+05   0.259200E+06   0.200000E+01   0.100000E+01   0.477000E+05   0.259200E+06   0.190633E+03  -0.999900E+04  -0.999900E+04  -0.999900E+04  -0.999900E+04   0.190633E+03  -0.999900E+04  -0.999900E+04  -0.999900E+04  -0.999900E+04   0.190568E+03   0.609101E+03   0.142978E+01   0.385824E+02   0.200000E+02   0.652899E-01  -0.999900E+04  -0.999900E+04  -0.999900E+04  -0.999900E+04   0.247186E+00  -0.999900E+04  -0.999900E+04  -0.999900E+04  -0.999900E+04
   0.200000E+01   0.100000E+01   0.477500E+05   0.259200E+06   0.200000E+01   0.100000E+01   0.477500E+05   0.259200E+06   0.190634E+03  -0.999900E+04  -0.999900E+04  -0.999900E+04  -0.999900E+04   0.190634E+03  -0.999900E+04  -0.999900E+04  -0.999900E+04  -0.999900E+04   0.190576E+03   0.609267E+03   0.144788E+01   0.385824E+02   0.200000E+02   0.578603E-01  -0.999900E+04  -0.999900E+04  -0.999900E+04  -0.999900E+04   0.219058E+00  -0.999900E+04  -0.999900E+04  -0.999900E+04  -0.999900E+04
   0.200000E+01   0.100000E+01   0.478000E+05   0.259200E+06   0.200000E+01   0.100000E+01   0.478000E+05   0.259200E+06   0.190624E+03  -0.999900E+04  -0.999900E+04  -0.999900E+04  -0.999900E+04   0.190624E+03  -0.999900E+04  -0.999900E+04  -0.999900E+04  -0.999900E+04   0.190585E+03   0.609438E+03   0.146782E+01   0.385824E+02   0.200000E+02   0.384813E-01  -0.999900E+04  -0.999900E+04  -0.999900E+04  -0.999900E+04   0.145689E+00  -0.999900E+04  -0.999900E+04  -0.999900E+04  -0.999900E+04
   0.200000E+01   0.100000E+01   0.478500E+05   0.259200E+06   0.200000E+01   0.100000E+01   0.478500E+05   0.259200E+06   0.190632E+03  -0.999900E+04  -0.999900E+04  -0.999900E+04  -0.999900E+04   0.190632E+03  -0.999900E+04  -0.999900E+04  -0.999900E+04  -0.999900E+04   0.190595E+03   0.609613E+03   0.148743E+01   0.384038E+02   0.200000E+02   0.363258E-01  -0.999900E+04  -0.999900E+04  -0.999900E+04  -0.999900E+04   0.137528E+00  -0.999900E+04  -0.999900E+04  -0.999900E+04  -0.999900E+04
   0.200000E+01   0.100000E+01   0.479500E+05   0.259200E+06   0.200000E+01   0.100000E+01   0.479500E+05   0.259200E+06   0.190661E+03  -0.999900E+04  -0.999900E+04  -0.999900E+04  -0.999900E+04   0.190661E+03  -0.999900E+04  -0.999900E+04  -0.999900E+04  -0.999900E+04   0.190620E+03   0.609972E+03   0.151343E+01   0.384038E+02   0.200000E+02   0.410133E-01  -0.999900E+04  -0.999900E+04  -0.999900E+04  -0.999900E+04   0.155276E+00  -0.999900E+04  -0.999900E+04  -0.999900E+04  -0.999900E+04
   0.200000E+01   0.100000E+01   0.480000E+05   0.259200E+06   0.200000E+01   0.100000E+01   0.480000E+05   0.259200E+06   0.190640E+03  -0.999900E+04  -0.999900E+04  -0.999900E+04  -0.999900E+04   0.190640E+03  -0.999900E+04  -0.999900E+04  -0.999900E+04  -0.999900E+04   0.190635E+03   0.610154E+03   0.151295E+01   0.382239E+02   0.200000E+02   0.507661E-02  -0.999900E+04  -0.999900E+04  -0.999900E+04  -0.999900E+04   0.192199E-01  -0.999900E+04  -0.999900E+04  -0.999900E+04  -0.999900E+04
   0.200000E+01   0.100000E+01   0.481000E+05   0.259200E+06   0.200000E+01   0.100000E+01   0.481000E+05   0.259200E+06   0.190644E+03  -0.999900E+04  -0.999900E+04  -0.999900E+04  -0.999900E+04   0.190644E+03  -0.999900E+04  -0.999900E+04  -0.999900E+04  -0.999900E+04   0.190661E+03   0.610520E+03   0.154556E+01   0.382239E+02   0.200000E+02  -0.167854E-01  -0.999900E+04  -0.999900E+04  -0.999900E+04  -0.999900E+04  -0.635491E-01  -0.999900E+04  -0.999900E+04  -0.999900E+04  -0.999900E+04
   0.200000E+01   0.100000E+01   0.481500E+05   0.259200E+06   0.200000E+01   0.100000E+01   0.481500E+05   0.259200E+06   0.190709E+03  -0.999900E+04  -0.999900E+04  -0.999900E+04  -0.999900E+04   0.190709E+03  -0.999900E+04  -0.999900E+04  -0.999900E+04  -0.999900E+04   0.190672E+03   0.610704E+03   0.158523E+01   0.380436E+02   0.200000E+02   0.372266E-01  -0.999900E+04  -0.999900E+04  -0.999900E+04  -0.999900E+04   0.140939E+00  -0.999900E+04  -0.999900E+04  -0.999900E+04  -0.999900E+04
   0.200000E+01   0.100000E+01   0.482000E+05   0.259200E+06   0.200000E+01   0.100000E+01   0.482000E+05   0.259200E+06   0.190732E+03  -0.999900E+04  -0.999900E+04  -0.999900E+04  -0.999900E+04   0.190732E+03  -0.999900E+04  -0.999900E+04  -0.999900E+04  -0.999900E+04   0.190684E+03   0.610888E+03   0.163038E+01   0.380436E+02   0.200000E+02   0.487520E-01  -0.999900E+04  -0.999900E+04  -0.999900E+04  -0.999900E+04   0.184574E+00  -0.999900E+04  -0.999900E+04  -0.999900E+04  -0.999900E+04
   0.200000E+01   0.100000E+01   0.483000E+05   0.259200E+06   0.200000E+01   0.100000E+01   0.483000E+05   0.259200E+06   0.190753E+03  -0.999900E+04  -0.999900E+04  -0.999900E+04  -0.999900E+04   0.190753E+03  -0.999900E+04  -0.999900E+04  -0.999900E+04  -0.999900E+04   0.190714E+03   0.611262E+03   0.170821E+01   0.378635E+02   0.200000E+02   0.394107E-01  -0.999900E+04  -0.999900E+04  -0.999900E+04  -0.999900E+04   0.149208E+00  -0.999900E+04  -0.999900E+04  -0.999900E+04  -0.999900E+04
   0.200000E+01   0.100000E+01   0.483500E+05   0.259200E+06   0.200000E+01   0.100000E+01   0.483500E+05   0.259200E+06   0.190767E+03  -0.999900E+04  -0.999900E+04  -0.999900E+04  -0.999900E+04   0.190767E+03  -0.999900E+04  -0.999900E+04  -0.999900E+04  -0.999900E+04   0.190735E+03   0.611452E+03   0.173028E+01   0.378635E+02   0.200000E+02   0.324757E-01  -0.999900E+04  -0.999900E+04  -0.999900E+04  -0.999900E+04   0.122952E+00  -0.999900E+04  -0.999900E+04  -0.999900E+04  -0.999900E+04
   0.200000E+01   0.100000E+01   0.484000E+05   0.259200E+06   0.200000E+01   0.100000E+01   0.484000E+05   0.259200E+06   0.190777E+03  -0.999900E+04  -0.999900E+04  -0.999900E+04  -0.999900E+04   0.190777E+03  -0.999900E+04  -0.999900E+04  -0.999900E+04  -0.999900E+04   0.190760E+03   0.611644E+03   0.173881E+01   0.378635E+02   0.200000E+02   0.172785E-01  -0.999900E+04  -0.999900E+04  -0.999900E+04  -0.999900E+04   0.654161E-01  -0.999900E+04  -0.999900E+04  -0.999900E+04  -0.999900E+04
   0.200000E+01   0.100000E+01   0.484500E+05   0.259200E+06   0.200000E+01   0.100000E+01   0.484500E+05   0.259200E+06   0.190787E+03  -0.999900E+04  -0.999900E+04  -0.999900E+04  -0.999900E+04   0.190787E+03  -0.999900E+04  -0.999900E+04  -0.999900E+04  -0.999900E+04   0.190787E+03   0.611838E+03   0.173524E+01   0.376845E+02   0.200000E+02  -0.402563E-03  -0.999900E+04  -0.999900E+04  -0.999900E+04  -0.999900E+04  -0.152410E-02  -0.999900E+04  -0.999900E+04  -0.999900E+04  -0.999900E+04
   0.200000E+01   0.100000E+01   0.485000E+05   0.259200E+06   0.200000E+01   0.100000E+01   0.485000E+05   0.259200E+06   0.190792E+03  -0.999900E+04  -0.999900E+04  -0.999900E+04  -0.999900E+04   0.190792E+03  -0.999900E+04  -0.999900E+04  -0.999900E+04  -0.999900E+04   0.190816E+03   0.612032E+03   0.172193E+01   0.376845E+02   0.200000E+02  -0.241926E-01  -0.999900E+04  -0.999900E+04  -0.999900E+04  -0.999900E+04  -0.915927E-01  -0.999900E+04  -0.999900E+04  -0.999900E+04  -0.999900E+04
   0.200000E+01   0.100000E+01   0.485500E+05   0.259200E+06   0.200000E+01   0.100000E+01   0.485500E+05   0.259200E+06   0.190792E+03  -0.999900E+04  -0.999900E+04  -0.999900E+04  -0.999900E+04   0.190792E+03  -0.999900E+04  -0.999900E+04  -0.999900E+04  -0.999900E+04   0.190846E+03   0.612224E+03   0.170037E+01   0.376845E+02   0.200000E+02  -0.538015E-01  -0.999900E+04  -0.999900E+04  -0.999900E+04  -0.999900E+04  -0.203691E+00  -0.999900E+04  -0.999900E+04  -0.999900E+04  -0.999900E+04
   0.200000E+01   0.100000E+01   0.486000E+05   0.259200E+06   0.200000E+01   0.100000E+01   0.486000E+05   0.259200E+06   0.190835E+03  -0.999900E+04  -0.999900E+04  -0.999900E+04  -0.999900E+04   0.190835E+03  -0.999900E+04  -0.999900E+04  -0.999900E+04  -0.999900E+04   0.190875E+03   0.612412E+03   0.167385E+01   0.375075E+02   0.200000E+02  -0.397695E-01  -0.999900E+04  -0.999900E+04  -0.999900E+04  -0.999900E+04  -0.150566E+00  -0.999900E+04  -0.999900E+04  -0.999900E+04  -0.999900E+04
   0.200000E+01   0.100000E+01   0.486500E+05   0.259200E+06   0.200000E+01   0.100000E+01   0.486500E+05   0.259200E+06   0.190858E+03  -0.999900E+04  -0.999900E+04  -0.999900E+04  -0.999900E+04   0.190858E+03  -0.999900E+04  -0.999900E+04  -0.999900E+04  -0.999900E+04   0.190902E+03   0.612595E+03   0.164685E+01   0.375075E+02   0.200000E+02  -0.437522E-01  -0.999900E+04  -0.999900E+04  -0.999900E+04  -0.999900E+04  -0.165645E+00  -0.999900E+04  -0.999900E+04  -0.999900E+04  -0.999900E+04
   0.200000E+01   0.100000E+01   0.487000E+05   0.259200E+06   0.200000E+01   0.100000E+01   0.487000E+05   0.259200E+06   0.190864E+03  -0.999900E+04  -0.999900E+04  -0.999900E+04  -0.999900E+04   0.190864E+03  -0.999900E+04  -0.999900E+04  -0.999900E+04  -0.999900E+04   0.190927E+03   0.612772E+03   0.162281E+01   0.375075E+02   0.200000E+02  -0.627477E-01  -0.999900E+04  -0.999900E+04  -0.999900E+04  -0.999900E+04  -0.237561E+00  -0.999900E+04  -0.999900E+04  -0.999900E+04  -0.999900E+04
   0.200000E+01   0.100000E+01   0.487500E+05   0.259200E+06   0.200000E+01   0.100000E+01   0.487500E+05   0.259200E+06   0.190882E+03  -0.999900E+04  -0.999900E+04  -0.999900E+04  -0.999900E+04   0.190882E+03  -0.999900E+04  -0.999900E+04  -0.999900E+04  -0.999900E+04   0.190949E+03   0.612942E+03   0.160366E+01   0.373332E+02   0.200000E+02  -0.672256E-01  -0.999900E+04  -0.999900E+04  -0.999900E+04  -0.999900E+04  -0.254514E+00  -0.999900E+04  -0.999900E+04  -0.999900E+04  -0.999900E+04
   0.200000E+01   0.100000E+01   0.488000E+05   0.259200E+06   0.200000E+01   0.100000E+01   0.488000E+05   0.259200E+06   0.190886E+03  -0.999900E+04  -0.999900E+04  -0.999900E+04  -0.999900E+04   0.190886E+03  -0.999900E+04  -0.999900E+04  -0.999900E+04  -0.999900E+04   0.190969E+03   0.613105E+03   0.159001E+01   0.373332E+02   0.200000E+02  -0.829688E-01  -0.999900E+04  -0.999900E+04  -0.999900E+04  -0.999900E+04  -0.314118E+00  -0.999900E+04  -0.999900E+04  -0.999900E+04  -0.999900E+04
   0.200000E+01   0.100000E+01   0.488500E+05   0.259200E+06   0.200000E+01   0.100000E+01   0.488500E+05   0.259200E+06   0.190951E+03  -0.999900E+04  -0.999900E+04  -0.999900E+04  -0.999900E+04   0.190951E+03  -0.999900E+04  -0.999900E+04  -0.999900E+04  -0.999900E+04   0.190987E+03   0.613262E+03   0.158136E+01   0.373332E+02   0.200000E+02  -0.359979E-01  -0.999900E+04  -0.999900E+04  -0.999900E+04  -0.999900E+04  -0.136287E+00  -0.999900E+04  -0.999900E+04  -0.999900E+04  -0.999900E+04
   0.200000E+01   0.100000E+01   0.489000E+05   0.259200E+06   0.200000E+01   0.100000E+01   0.489000E+05   0.259200E+06   0.190958E+03  -0.999900E+04  -0.999900E+04  -0.999900E+04  -0.999900E+04   0.190958E+03  -0.999900E+04  -0.999900E+04  -0.999900E+04  -0.999900E+04   0.191004E+03   0.613414E+03   0.157615E+01   0.371626E+02   0.200000E+02  -0.453537E-01  -0.999900E+04  -0.999900E+04  -0.999900E+04  -0.999900E+04  -0.171708E+00  -0.999900E+04  -0.999900E+04  -0.999900E+04  -0.999900E+04
   0.200000E+01   0.100000E+01   0.489500E+05   0.259200E+06   0.200000E+01   0.100000E+01   0.489500E+05   0.259200E+06   0.190991E+03  -0.999900E+04  -0.999900E+04  -0.999900E+04  -0.999900E+04   0.190991E+03  -0.999900E+04  -0.999900E+04  -0.999900E+04  -0.999900E+04   0.191020E+03   0.613562E+03   0.157224E+01   0.371626E+02   0.200000E+02  -0.282313E-01  -0.999900E+04  -0.999900E+04  -0.999900E+04  -0.999900E+04  -0.106883E+00  -0.999900E+04  -0.999900E+04  -0.999900E+04  -0.999900E+04
   0.200000E+01   0.100000E+01   0.490500E+05   0.259200E+06   0.200000E+01   0.100000E+01   0.490500E+05   0.259200E+06   0.191022E+03  -0.999900E+04  -0.999900E+04  -0.999900E+04  -0.999900E+04   0.191022E+03  -0.999900E+04  -0.999900E+04  -0.999900E+04  -0.999900E+04   0.191054E+03   0.613854E+03   0.144046E+01   0.369967E+02   0.200000E+02  -0.314804E-01  -0.999900E+04  -0.999900E+04  -0.999900E+04  -0.999900E+04  -0.119184E+00  -0.999900E+04  -0.999900E+04  -0.999900E+04  -0.999900E+04
   0.200000E+01   0.100000E+01   0.491000E+05   0.259200E+06   0.200000E+01   0.100000E+01   0.491000E+05   0.259200E+06   0.191013E+03  -0.999900E+04  -0.999900E+04  -0.999900E+04  -0.999900E+04   0.191013E+03  -0.999900E+04  -0.999900E+04  -0.999900E+04  -0.999900E+04   0.191070E+03   0.614002E+03   0.155632E+01   0.369967E+02   0.200000E+02  -0.572820E-01  -0.999900E+04  -0.999900E+04  -0.999900E+04  -0.999900E+04  -0.216868E+00  -0.999900E+04  -0.999900E+04  -0.999900E+04  -0.999900E+04
   0.200000E+01   0.100000E+01   0.491500E+05   0.259200E+06   0.200000E+01   0.100000E+01   0.491500E+05   0.259200E+06   0.191045E+03  -0.999900E+04  -0.999900E+04  -0.999900E+04  -0.999900E+04   0.191045E+03  -0.999900E+04  -0.999900E+04  -0.999900E+04  -0.999900E+04   0.191088E+03   0.614151E+03   0.153854E+01   0.369967E+02   0.200000E+02  -0.422702E-01  -0.999900E+04  -0.999900E+04  -0.999900E+04  -0.999900E+04  -0.160034E+00  -0.999900E+04  -0.999900E+04  -0.999900E+04  -0.999900E+04
   0.200000E+01   0.100000E+01   0.492000E+05   0.259200E+06   0.200000E+01   0.100000E+01   0.492000E+05   0.259200E+06   0.191059E+03  -0.999900E+04  -0.999900E+04  -0.999900E+04  -0.999900E+04   0.191059E+03  -0.999900E+04  -0.999900E+04  -0.999900E+04  -0.999900E+04   0.191107E+03   0.614306E+03   0.150290E+01   0.368364E+02   0.200000E+02  -0.483151E-01  -0.999900E+04  -0.999900E+04  -0.999900E+04  -0.999900E+04  -0.182920E+00  -0.999900E+04  -0.999900E+04  -0.999900E+04  -0.999900E+04
   0.200000E+01   0.100000E+01   0.492500E+05   0.259200E+06   0.200000E+01   0.100000E+01   0.492500E+05   0.259200E+06   0.191072E+03  -0.999900E+04  -0.999900E+04  -0.999900E+04  -0.999900E+04   0.191072E+03  -0.999900E+04  -0.999900E+04  -0.999900E+04  -0.999900E+04   0.191129E+03   0.614468E+03   0.145246E+01   0.368364E+02   0.200000E+02  -0.564858E-01  -0.999900E+04  -0.999900E+04  -0.999900E+04  -0.999900E+04  -0.213854E+00  -0.999900E+04  -0.999900E+04  -0.999900E+04  -0.999900E+04
   0.200000E+01   0.100000E+01   0.493000E+05   0.259200E+06   0.200000E+01   0.100000E+01   0.493000E+05   0.259200E+06   0.191163E+03  -0.999900E+04  -0.999900E+04  -0.999900E+04  -0.999900E+04   0.191163E+03  -0.999900E+04  -0.999900E+04  -0.999900E+04  -0.999900E+04   0.191150E+03   0.614640E+03   0.139612E+01   0.368364E+02   0.200000E+02   0.130113E-01  -0.999900E+04  -0.999900E+04  -0.999900E+04  -0.999900E+04   0.492604E-01  -0.999900E+04  -0.999900E+04  -0.999900E+04  -0.999900E+04
   0.200000E+01   0.100000E+01   0.493500E+05   0.259200E+06   0.200000E+01   0.100000E+01   0.493500E+05   0.259200E+06   0.191154E+03  -0.999900E+04  -0.999900E+04  -0.999900E+04  -0.999900E+04   0.191154E+03  -0.999900E+04  -0.999900E+04  -0.999900E+04  -0.999900E+04   0.191169E+03   0.614821E+03   0.134297E+01   0.366827E+02   0.200000E+02  -0.148810E-01  -0.999900E+04  -0.999900E+04  -0.999900E+04  -0.999900E+04  -0.563391E-01  -0.999900E+04  -0.999900E+04  -0.999900E+04  -0.999900E+04
   0.200000E+01   0.100000E+01   0.494000E+05   0.259200E+06   0.200000E+01   0.100000E+01   0.494000E+05   0.259200E+06   0.191172E+03  -0.999900E+04  -0.999900E+04  -0.999900E+04  -0.999900E+04   0.191172E+03  -0.999900E+04  -0.999900E+04  -0.999900E+04  -0.999900E+04   0.191187E+03   0.615011E+03   0.129940E+01   0.366827E+02   0.200000E+02  -0.143455E-01  -0.999900E+04  -0.999900E+04  -0.999900E+04  -0.999900E+04  -0.543118E-01  -0.999900E+04  -0.999900E+04  -0.999900E+04  -0.999900E+04
   0.200000E+01   0.100000E+01   0.495000E+05   0.259200E+06   0.200000E+01   0.100000E+01   0.495000E+05   0.259200E+06   0.191230E+03  -0.999900E+04  -0.999900E+04  -0.999900E+04  -0.999900E+04   0.191230E+03  -0.999900E+04  -0.999900E+04  -0.999900E+04  -0.999900E+04   0.191214E+03   0.615407E+03   0.125651E+01   0.365366E+02   0.200000E+02   0.158091E-01  -0.999900E+04  -0.999900E+04  -0.999900E+04  -0.999900E+04   0.598529E-01  -0.999900E+04  -0.999900E+04  -0.999900E+04  -0.999900E+04
   0.200000E+01   0.100000E+01   0.500000E+05   0.259200E+06   0.200000E+01   0.100000E+01   0.500000E+05   0.259200E+06   0.191323E+03  -0.999900E+04  -0.999900E+04  -0.999900E+04  -0.999900E+04   0.191323E+03  -0.999900E+04  -0.999900E+04  -0.999900E+04  -0.999900E+04   0.191330E+03   0.617551E+03   0.134362E+01   0.361552E+02   0.200000E+02  -0.670020E-02  -0.999900E+04  -0.999900E+04  -0.999900E+04  -0.999900E+04  -0.253668E-01  -0.999900E+04  -0.999900E+04  -0.999900E+04  -0.999900E+04
   0.200000E+01   0.100000E+01   0.500800E+05   0.259200E+06   0.200000E+01   0.100000E+01   0.500800E+05   0.259200E+06   0.191363E+03  -0.999900E+04  -0.999900E+04  -0.999900E+04  -0.999900E+04   0.191363E+03  -0.999900E+04  -0.999900E+04  -0.999900E+04  -0.999900E+04   0.191360E+03   0.617909E+03   0.129963E+01   0.360508E+02   0.200000E+02   0.342146E-02  -0.999900E+04  -0.999900E+04  -0.999900E+04  -0.999900E+04   0.129536E-01  -0.999900E+04  -0.999900E+04  -0.999900E+04  -0.999900E+04
   0.200000E+01   0.100000E+01   0.501200E+05   0.259200E+06   0.200000E+01   0.100000E+01   0.501200E+05   0.259200E+06   0.191381E+03  -0.999900E+04  -0.999900E+04  -0.999900E+04  -0.999900E+04   0.191381E+03  -0.999900E+04  -0.999900E+04  -0.999900E+04  -0.999900E+04   0.191374E+03   0.618082E+03   0.126653E+01   0.360508E+02   0.200000E+02   0.693406E-02  -0.999900E+04  -0.999900E+04  -0.999900E+04  -0.999900E+04   0.262522E-01  -0.999900E+04  -0.999900E+04  -0.999900E+04  -0.999900E+04
   0.200000E+01   0.100000E+01   0.501600E+05   0.259200E+06   0.200000E+01   0.100000E+01   0.501600E+05   0.259200E+06   0.191402E+03  -0.999900E+04  -0.999900E+04  -0.999900E+04  -0.999900E+04   0.191402E+03  -0.999900E+04  -0.999900E+04  -0.999900E+04  -0.999900E+04   0.191387E+03   0.618249E+03   0.123631E+01   0.360508E+02   0.200000E+02   0.149404E-01  -0.999900E+04  -0.999900E+04  -0.999900E+04  -0.999900E+04   0.565639E-01  -0.999900E+04  -0.999900E+04  -0.999900E+04  -0.999900E+04
   0.200000E+01   0.100000E+01   0.502400E+05   0.259200E+06   0.200000E+01   0.100000E+01   0.502400E+05   0.259200E+06   0.191430E+03  -0.999900E+04  -0.999900E+04  -0.999900E+04  -0.999900E+04   0.191430E+03  -0.999900E+04  -0.999900E+04  -0.999900E+04  -0.999900E+04   0.191407E+03   0.618563E+03   0.119746E+01   0.359597E+02   0.200000E+02   0.227903E-01  -0.999900E+04  -0.999900E+04  -0.999900E+04  -0.999900E+04   0.862837E-01  -0.999900E+04  -0.999900E+04  -0.999900E+04  -0.999900E+04
   0.200000E+01   0.100000E+01   0.502800E+05   0.259200E+06   0.200000E+01   0.100000E+01   0.502800E+05   0.259200E+06   0.191437E+03  -0.999900E+04  -0.999900E+04  -0.999900E+04  -0.999900E+04   0.191437E+03  -0.999900E+04  -0.999900E+04  -0.999900E+04  -0.999900E+04   0.191415E+03   0.618710E+03   0.118886E+01   0.359597E+02   0.200000E+02   0.216999E-01  -0.999900E+04  -0.999900E+04  -0.999900E+04  -0.999900E+04   0.821553E-01  -0.999900E+04  -0.999900E+04  -0.999900E+04  -0.999900E+04
   0.200000E+01   0.100000E+01   0.503600E+05   0.259200E+06   0.200000E+01   0.100000E+01   0.503600E+05   0.259200E+06   0.191465E+03  -0.999900E+04  -0.999900E+04  -0.999900E+04  -0.999900E+04   0.191465E+03  -0.999900E+04  -0.999900E+04  -0.999900E+04  -0.999900E+04   0.191428E+03   0.618991E+03   0.118342E+01   0.358831E+02   0.200000E+02   0.369604E-01  -0.999900E+04  -0.999900E+04  -0.999900E+04  -0.999900E+04   0.139931E+00  -0.999900E+04  -0.999900E+04  -0.999900E+04  -0.999900E+04
   0.200000E+01   0.100000E+01   0.505000E+05   0.259200E+06   0.200000E+01   0.100000E+01   0.505000E+05   0.259200E+06   0.191497E+03  -0.999900E+04  -0.999900E+04  -0.999900E+04  -0.999900E+04   0.191497E+03  -0.999900E+04  -0.999900E+04  -0.999900E+04  -0.999900E+04   0.191451E+03   0.619492E+03   0.117724E+01   0.358224E+02   0.200000E+02   0.461232E-01  -0.999900E+04  -0.999900E+04  -0.999900E+04  -0.999900E+04   0.174621E+00  -0.999900E+04  -0.999900E+04  -0.999900E+04  -0.999900E+04
   0.200000E+01   0.100000E+01   0.510000E+05   0.259200E+06   0.200000E+01   0.100000E+01   0.510000E+05   0.259200E+06   0.191703E+03  -0.999900E+04  -0.999900E+04  -0.999900E+04  -0.999900E+04   0.191703E+03  -0.999900E+04  -0.999900E+04  -0.999900E+04  -0.999900E+04   0.191533E+03   0.621481E+03   0.131698E+01   0.357484E+02   0.200000E+02   0.170526E+00  -0.999900E+04  -0.999900E+04  -0.999900E+04  -0.999900E+04   0.645607E+00  -0.999900E+04  -0.999900E+04  -0.999900E+04  -0.999900E+04
   0.200000E+01   0.100000E+01   0.515000E+05   0.259200E+06   0.200000E+01   0.100000E+01   0.515000E+05   0.259200E+06   0.191792E+03  -0.999900E+04  -0.999900E+04  -0.999900E+04  -0.999900E+04   0.191792E+03  -0.999900E+04  -0.999900E+04  -0.999900E+04  -0.999900E+04   0.191718E+03   0.623623E+03   0.154287E+01   0.358655E+02   0.200000E+02   0.741029E-01  -0.999900E+04  -0.999900E+04  -0.999900E+04  -0.999900E+04   0.280552E+00  -0.999900E+04  -0.999900E+04  -0.999900E+04  -0.999900E+04
   0.200000E+01   0.100000E+01   0.516000E+05   0.259200E+06   0.200000E+01   0.100000E+01   0.516000E+05   0.259200E+06   0.191839E+03  -0.999900E+04  -0.999900E+04  -0.999900E+04  -0.999900E+04   0.191839E+03  -0.999900E+04  -0.999900E+04  -0.999900E+04  -0.999900E+04   0.191777E+03   0.624042E+03   0.148113E+01   0.359538E+02   0.200000E+02   0.625225E-01  -0.999900E+04  -0.999900E+04  -0.999900E+04  -0.999900E+04   0.236709E+00  -0.999900E+04  -0.999900E+04  -0.999900E+04  -0.999900E+04
   0.200000E+01   0.100000E+01   0.517500E+05   0.259200E+06   0.200000E+01   0.100000E+01   0.517500E+05   0.259200E+06   0.191885E+03  -0.999900E+04  -0.999900E+04  -0.999900E+04  -0.999900E+04   0.191885E+03  -0.999900E+04  -0.999900E+04  -0.999900E+04  -0.999900E+04   0.191848E+03   0.624633E+03   0.137305E+01   0.360693E+02   0.200000E+02   0.365334E-01  -0.999900E+04  -0.999900E+04  -0.999900E+04  -0.999900E+04   0.138315E+00  -0.999900E+04  -0.999900E+04  -0.999900E+04  -0.999900E+04
   0.200000E+01   0.100000E+01   0.519500E+05   0.259200E+06   0.200000E+01   0.100000E+01   0.519500E+05   0.259200E+06   0.191997E+03  -0.999900E+04  -0.999900E+04  -0.999900E+04  -0.999900E+04   0.191997E+03  -0.999900E+04  -0.999900E+04  -0.999900E+04  -0.999900E+04   0.191908E+03   0.625357E+03   0.131219E+01   0.363878E+02   0.200000E+02   0.891394E-01  -0.999900E+04  -0.999900E+04  -0.999900E+04  -0.999900E+04   0.337480E+00  -0.999900E+04  -0.999900E+04  -0.999900E+04  -0.999900E+04
   0.200000E+01   0.100000E+01   0.520000E+05   0.259200E+06   0.200000E+01   0.100000E+01   0.520000E+05   0.259200E+06   0.192015E+03  -0.999900E+04  -0.999900E+04  -0.999900E+04  -0.999900E+04   0.192015E+03  -0.999900E+04  -0.999900E+04  -0.999900E+04  -0.999900E+04   0.191920E+03   0.625531E+03   0.130747E+01   0.363878E+02   0.200000E+02   0.953833E-01  -0.999900E+04  -0.999900E+04  -0.999900E+04  -0.999900E+04   0.361119E+00  -0.999900E+04  -0.999900E+04  -0.999900E+04  -0.999900E+04
   0.200000E+01   0.100000E+01   0.525000E+05   0.259200E+06   0.200000E+01   0.100000E+01   0.525000E+05   0.259200E+06   0.192108E+03  -0.999900E+04  -0.999900E+04  -0.999900E+04  -0.999900E+04   0.192108E+03  -0.999900E+04  -0.999900E+04  -0.999900E+04  -0.999900E+04   0.192047E+03   0.627543E+03   0.123708E+01   0.371094E+02   0.200000E+02   0.607351E-01  -0.999900E+04  -0.999900E+04  -0.999900E+04  -0.999900E+04   0.229942E+00  -0.999900E+04  -0.999900E+04  -0.999900E+04  -0.999900E+04
   0.200000E+01   0.100000E+01   0.526000E+05   0.259200E+06   0.200000E+01   0.100000E+01   0.526000E+05   0.259200E+06   0.192117E+03  -0.999900E+04  -0.999900E+04  -0.999900E+04  -0.999900E+04   0.192117E+03  -0.999900E+04  -0.999900E+04  -0.999900E+04  -0.999900E+04   0.192069E+03   0.627980E+03   0.125028E+01   0.374217E+02   0.200000E+02   0.475556E-01  -0.999900E+04  -0.999900E+04  -0.999900E+04  -0.999900E+04   0.180044E+00  -0.999900E+04  -0.999900E+04  -0.999900E+04  -0.999900E+04
   0.200000E+01   0.100000E+01   0.526500E+05   0.259200E+06   0.200000E+01   0.100000E+01   0.526500E+05   0.259200E+06   0.192132E+03  -0.999900E+04  -0.999900E+04  -0.999900E+04  -0.999900E+04   0.192132E+03  -0.999900E+04  -0.999900E+04  -0.999900E+04  -0.999900E+04   0.192079E+03   0.628195E+03   0.127059E+01   0.374217E+02   0.200000E+02   0.536273E-01  -0.999900E+04  -0.999900E+04  -0.999900E+04  -0.999900E+04   0.203032E+00  -0.999900E+04  -0.999900E+04  -0.999900E+04  -0.999900E+04
   0.200000E+01   0.100000E+01   0.527000E+05   0.259200E+06   0.200000E+01   0.100000E+01   0.527000E+05   0.259200E+06   0.192123E+03  -0.999900E+04  -0.999900E+04  -0.999900E+04  -0.999900E+04   0.192123E+03  -0.999900E+04  -0.999900E+04  -0.999900E+04  -0.999900E+04   0.192088E+03   0.628408E+03   0.129787E+01   0.377728E+02   0.200000E+02   0.354026E-01  -0.999900E+04  -0.999900E+04  -0.999900E+04  -0.999900E+04   0.134033E+00  -0.999900E+04  -0.999900E+04  -0.999900E+04  -0.999900E+04
   0.200000E+01   0.100000E+01   0.527500E+05   0.259200E+06   0.200000E+01   0.100000E+01   0.527500E+05   0.259200E+06   0.192147E+03  -0.999900E+04  -0.999900E+04  -0.999900E+04  -0.999900E+04   0.192147E+03  -0.999900E+04  -0.999900E+04  -0.999900E+04  -0.999900E+04   0.192097E+03   0.628618E+03   0.132974E+01   0.377728E+02   0.200000E+02   0.500931E-01  -0.999900E+04  -0.999900E+04  -0.999900E+04  -0.999900E+04   0.189651E+00  -0.999900E+04  -0.999900E+04  -0.999900E+04  -0.999900E+04
   0.200000E+01   0.100000E+01   0.528000E+05   0.259200E+06   0.200000E+01   0.100000E+01   0.528000E+05   0.259200E+06   0.192148E+03  -0.999900E+04  -0.999900E+04  -0.999900E+04  -0.999900E+04   0.192148E+03  -0.999900E+04  -0.999900E+04  -0.999900E+04  -0.999900E+04   0.192106E+03   0.628824E+03   0.136503E+01   0.377728E+02   0.200000E+02   0.418242E-01  -0.999900E+04  -0.999900E+04  -0.999900E+04  -0.999900E+04   0.158345E+00  -0.999900E+04  -0.999900E+04  -0.999900E+04  -0.999900E+04
   0.200000E+01   0.100000E+01   0.529000E+05   0.259200E+06   0.200000E+01   0.100000E+01   0.529000E+05   0.259200E+06   0.192165E+03  -0.999900E+04  -0.999900E+04  -0.999900E+04  -0.999900E+04   0.192165E+03  -0.999900E+04  -0.999900E+04  -0.999900E+04  -0.999900E+04   0.192127E+03   0.629219E+03   0.143238E+01   0.381644E+02   0.200000E+02   0.381790E-01  -0.999900E+04  -0.999900E+04  -0.999900E+04  -0.999900E+04   0.144545E+00  -0.999900E+04  -0.999900E+04  -0.999900E+04  -0.999900E+04
   0.200000E+01   0.100000E+01   0.530000E+05   0.259200E+06   0.200000E+01   0.100000E+01   0.530000E+05   0.259200E+06   0.192162E+03  -0.999900E+04  -0.999900E+04  -0.999900E+04  -0.999900E+04   0.192162E+03  -0.999900E+04  -0.999900E+04  -0.999900E+04  -0.999900E+04   0.192156E+03   0.629597E+03   0.145630E+01   0.385984E+02   0.200000E+02   0.646035E-02  -0.999900E+04  -0.999900E+04  -0.999900E+04  -0.999900E+04   0.244587E-01  -0.999900E+04  -0.999900E+04  -0.999900E+04  -0.999900E+04
   0.200000E+01   0.100000E+01   0.530500E+05   0.259200E+06   0.200000E+01   0.100000E+01   0.530500E+05   0.259200E+06   0.192169E+03  -0.999900E+04  -0.999900E+04  -0.999900E+04  -0.999900E+04   0.192169E+03  -0.999900E+04  -0.999900E+04  -0.999900E+04  -0.999900E+04   0.192172E+03   0.629783E+03   0.145304E+01   0.385984E+02   0.200000E+02  -0.289026E-02  -0.999900E+04  -0.999900E+04  -0.999900E+04  -0.999900E+04  -0.109425E-01  -0.999900E+04  -0.999900E+04  -0.999900E+04  -0.999900E+04
   0.200000E+01   0.100000E+01   0.531000E+05   0.259200E+06   0.200000E+01   0.100000E+01   0.531000E+05   0.259200E+06   0.192162E+03  -0.999900E+04  -0.999900E+04  -0.999900E+04  -0.999900E+04   0.192162E+03  -0.999900E+04  -0.999900E+04  -0.999900E+04  -0.999900E+04   0.192187E+03   0.629968E+03   0.145739E+01   0.385984E+02   0.200000E+02  -0.253507E-01  -0.999900E+04  -0.999900E+04  -0.999900E+04  -0.999900E+04  -0.959771E-01  -0.999900E+04  -0.999900E+04  -0.999900E+04  -0.999900E+04
   0.200000E+01   0.100000E+01   0.531500E+05   0.259200E+06   0.200000E+01   0.100000E+01   0.531500E+05   0.259200E+06   0.192194E+03  -0.999900E+04  -0.999900E+04  -0.999900E+04  -0.999900E+04   0.192194E+03  -0.999900E+04  -0.999900E+04  -0.999900E+04  -0.999900E+04   0.192201E+03   0.630151E+03   0.146833E+01   0.390766E+02   0.200000E+02  -0.701248E-02  -0.999900E+04  -0.999900E+04  -0.999900E+04  -0.999900E+04  -0.265491E-01  -0.999900E+04  -0.999900E+04  -0.999900E+04  -0.999900E+04
   0.200000E+01   0.100000E+01   0.532500E+05   0.259200E+06   0.200000E+01   0.100000E+01   0.532500E+05   0.259200E+06   0.192209E+03  -0.999900E+04  -0.999900E+04  -0.999900E+04  -0.999900E+04   0.192209E+03  -0.999900E+04  -0.999900E+04  -0.999900E+04  -0.999900E+04   0.192227E+03   0.630509E+03   0.150553E+01   0.390766E+02   0.200000E+02  -0.176203E-01  -0.999900E+04  -0.999900E+04  -0.999900E+04  -0.999900E+04  -0.667099E-01  -0.999900E+04  -0.999900E+04  -0.999900E+04  -0.999900E+04
   0.200000E+01   0.100000E+01   0.533000E+05   0.259200E+06   0.200000E+01   0.100000E+01   0.533000E+05   0.259200E+06   0.192223E+03  -0.999900E+04  -0.999900E+04  -0.999900E+04  -0.999900E+04   0.192223E+03  -0.999900E+04  -0.999900E+04  -0.999900E+04  -0.999900E+04   0.192240E+03   0.630684E+03   0.152858E+01   0.396010E+02   0.200000E+02  -0.171834E-01  -0.999900E+04  -0.999900E+04  -0.999900E+04  -0.999900E+04  -0.650560E-01  -0.999900E+04  -0.999900E+04  -0.999900E+04  -0.999900E+04
   0.200000E+01   0.100000E+01   0.535000E+05   0.259200E+06   0.200000E+01   0.100000E+01   0.535000E+05   0.259200E+06   0.192332E+03  -0.999900E+04  -0.999900E+04  -0.999900E+04  -0.999900E+04   0.192332E+03  -0.999900E+04  -0.999900E+04  -0.999900E+04  -0.999900E+04   0.192301E+03   0.631367E+03   0.157838E+01   0.401735E+02   0.200000E+02   0.302694E-01  -0.999900E+04  -0.999900E+04  -0.999900E+04  -0.999900E+04   0.114599E+00  -0.999900E+04  -0.999900E+04  -0.999900E+04  -0.999900E+04
   0.200000E+01   0.100000E+01   0.536750E+05   0.259200E+06   0.200000E+01   0.100000E+01   0.536750E+05   0.259200E+06   0.192424E+03  -0.999900E+04  -0.999900E+04  -0.999900E+04  -0.999900E+04   0.192424E+03  -0.999900E+04  -0.999900E+04  -0.999900E+04  -0.999900E+04   0.192362E+03   0.631968E+03   0.158080E+01   0.407960E+02   0.200000E+02   0.622141E-01  -0.999900E+04  -0.999900E+04  -0.999900E+04  -0.999900E+04   0.235541E+00  -0.999900E+04  -0.999900E+04  -0.999900E+04  -0.999900E+04
   0.200000E+01   0.100000E+01   0.538500E+05   0.259200E+06   0.200000E+01   0.100000E+01   0.538500E+05   0.259200E+06   0.192522E+03  -0.999900E+04  -0.999900E+04  -0.999900E+04  -0.999900E+04   0.192522E+03  -0.999900E+04  -0.999900E+04  -0.999900E+04  -0.999900E+04   0.192431E+03   0.632640E+03   0.158368E+01   0.421990E+02   0.200000E+02   0.912665E-01  -0.999900E+04  -0.999900E+04  -0.999900E+04  -0.999900E+04   0.345533E+00  -0.999900E+04  -0.999900E+04  -0.999900E+04  -0.999900E+04
   0.200000E+01   0.100000E+01   0.540250E+05   0.259200E+06   0.200000E+01   0.100000E+01   0.540250E+05   0.259200E+06   0.192557E+03  -0.999900E+04  -0.999900E+04  -0.999900E+04  -0.999900E+04   0.192557E+03  -0.999900E+04  -0.999900E+04  -0.999900E+04  -0.999900E+04   0.192514E+03   0.633409E+03   0.155766E+01   0.429837E+02   0.200000E+02   0.426077E-01  -0.999900E+04  -0.999900E+04  -0.999900E+04  -0.999900E+04   0.161312E+00  -0.999900E+04  -0.999900E+04  -0.999900E+04  -0.999900E+04
   0.200000E+01   0.100000E+01   0.542000E+05   0.259200E+06   0.200000E+01   0.100000E+01   0.542000E+05   0.259200E+06   0.192647E+03  -0.999900E+04  -0.999900E+04  -0.999900E+04  -0.999900E+04   0.192647E+03  -0.999900E+04  -0.999900E+04  -0.999900E+04  -0.999900E+04   0.192600E+03   0.634225E+03   0.151166E+01   0.438265E+02   0.200000E+02   0.465056E-01  -0.999900E+04  -0.999900E+04  -0.999900E+04  -0.999900E+04   0.176069E+00  -0.999900E+04  -0.999900E+04  -0.999900E+04  -0.999900E+04
   0.200000E+01   0.100000E+01   0.542300E+05   0.259200E+06   0.200000E+01   0.100000E+01   0.542300E+05   0.259200E+06   0.192655E+03  -0.999900E+04  -0.999900E+04  -0.999900E+04  -0.999900E+04   0.192655E+03  -0.999900E+04  -0.999900E+04  -0.999900E+04  -0.999900E+04   0.192613E+03   0.634363E+03   0.151315E+01   0.438265E+02   0.200000E+02   0.412798E-01  -0.999900E+04  -0.999900E+04  -0.999900E+04  -0.999900E+04   0.156284E+00  -0.999900E+04  -0.999900E+04  -0.999900E+04  -0.999900E+04
   0.200000E+01   0.100000E+01   0.542600E+05   0.259200E+06   0.200000E+01   0.100000E+01   0.542600E+05   0.259200E+06   0.192671E+03  -0.999900E+04  -0.999900E+04  -0.999900E+04  -0.999900E+04   0.192671E+03  -0.999900E+04  -0.999900E+04  -0.999900E+04  -0.999900E+04   0.192623E+03   0.634499E+03   0.153565E+01   0.438265E+02   0.200000E+02   0.477210E-01  -0.999900E+04  -0.999900E+04  -0.999900E+04  -0.999900E+04   0.180670E+00  -0.999900E+04  -0.999900E+04  -0.999900E+04  -0.999900E+04
   0.200000E+01   0.100000E+01   0.542900E+05   0.259200E+06   0.200000E+01   0.100000E+01   0.542900E+05   0.259200E+06   0.192695E+03  -0.999900E+04  -0.999900E+04  -0.999900E+04  -0.999900E+04   0.192695E+03  -0.999900E+04  -0.999900E+04  -0.999900E+04  -0.999900E+04   0.192630E+03   0.634633E+03   0.157834E+01   0.447296E+02   0.200000E+02   0.648156E-01  -0.999900E+04  -0.999900E+04  -0.999900E+04  -0.999900E+04   0.245390E+00  -0.999900E+04  -0.999900E+04  -0.999900E+04  -0.999900E+04
   0.200000E+01   0.100000E+01   0.543500E+05   0.259200E+06   0.200000E+01   0.100000E+01   0.543500E+05   0.259200E+06   0.192700E+03  -0.999900E+04  -0.999900E+04  -0.999900E+04  -0.999900E+04   0.192700E+03  -0.999900E+04  -0.999900E+04  -0.999900E+04  -0.999900E+04   0.192637E+03   0.634894E+03   0.172054E+01   0.447296E+02   0.200000E+02   0.629592E-01  -0.999900E+04  -0.999900E+04  -0.999900E+04  -0.999900E+04   0.238362E+00  -0.999900E+04  -0.999900E+04  -0.999900E+04  -0.999900E+04
   0.200000E+01   0.100000E+01   0.544100E+05   0.259200E+06   0.200000E+01   0.100000E+01   0.544100E+05   0.259200E+06   0.192746E+03  -0.999900E+04  -0.999900E+04  -0.999900E+04  -0.999900E+04   0.192746E+03  -0.999900E+04  -0.999900E+04  -0.999900E+04  -0.999900E+04   0.192640E+03   0.635139E+03   0.192191E+01   0.447296E+02   0.200000E+02   0.106134E+00  -0.999900E+04  -0.999900E+04  -0.999900E+04  -0.999900E+04   0.401822E+00  -0.999900E+04  -0.999900E+04  -0.999900E+04  -0.999900E+04
   0.200000E+01   0.100000E+01   0.546000E+05   0.259200E+06   0.200000E+01   0.100000E+01   0.546000E+05   0.259200E+06   0.192890E+03  -0.999900E+04  -0.999900E+04  -0.999900E+04  -0.999900E+04   0.192890E+03  -0.999900E+04  -0.999900E+04  -0.999900E+04  -0.999900E+04   0.192834E+03   0.635835E+03   0.168738E+01   0.467255E+02   0.200000E+02   0.554647E-01  -0.999900E+04  -0.999900E+04  -0.999900E+04  -0.999900E+04   0.209988E+00  -0.999900E+04  -0.999900E+04  -0.999900E+04  -0.999900E+04
   0.200000E+01   0.100000E+01   0.547000E+05   0.259200E+06   0.200000E+01   0.100000E+01   0.547000E+05   0.259200E+06   0.192897E+03  -0.999900E+04  -0.999900E+04  -0.999900E+04  -0.999900E+04   0.192897E+03  -0.999900E+04  -0.999900E+04  -0.999900E+04  -0.999900E+04   0.192856E+03   0.636196E+03   0.193420E+01   0.467255E+02   0.200000E+02   0.408650E-01  -0.999900E+04  -0.999900E+04  -0.999900E+04  -0.999900E+04   0.154714E+00  -0.999900E+04  -0.999900E+04  -0.999900E+04  -0.999900E+04
   0.200000E+01   0.100000E+01   0.547500E+05   0.259200E+06   0.200000E+01   0.100000E+01   0.547500E+05   0.259200E+06   0.192896E+03  -0.999900E+04  -0.999900E+04  -0.999900E+04  -0.999900E+04   0.192896E+03  -0.999900E+04  -0.999900E+04  -0.999900E+04  -0.999900E+04   0.192896E+03   0.636366E+03   0.192383E+01   0.478226E+02   0.200000E+02   0.325977E-03  -0.999900E+04  -0.999900E+04  -0.999900E+04  -0.999900E+04   0.123414E-02  -0.999900E+04  -0.999900E+04  -0.999900E+04  -0.999900E+04
   0.200000E+01   0.100000E+01   0.548000E+05   0.259200E+06   0.200000E+01   0.100000E+01   0.548000E+05   0.259200E+06   0.192891E+03  -0.999900E+04  -0.999900E+04  -0.999900E+04  -0.999900E+04   0.192891E+03  -0.999900E+04  -0.999900E+04  -0.999900E+04  -0.999900E+04   0.192929E+03   0.636530E+03   0.194376E+01   0.478226E+02   0.200000E+02  -0.380382E-01  -0.999900E+04  -0.999900E+04  -0.999900E+04  -0.999900E+04  -0.144012E+00  -0.999900E+04  -0.999900E+04  -0.999900E+04  -0.999900E+04
   0.200000E+01   0.100000E+01   0.548500E+05   0.259200E+06   0.200000E+01   0.100000E+01   0.548500E+05   0.259200E+06   0.192915E+03  -0.999900E+04  -0.999900E+04  -0.999900E+04  -0.999900E+04   0.192915E+03  -0.999900E+04  -0.999900E+04  -0.999900E+04  -0.999900E+04   0.192971E+03   0.636689E+03   0.191683E+01   0.478226E+02   0.200000E+02  -0.561304E-01  -0.999900E+04  -0.999900E+04  -0.999900E+04  -0.999900E+04  -0.212508E+00  -0.999900E+04  -0.999900E+04  -0.999900E+04  -0.999900E+04
   0.200000E+01   0.100000E+01   0.549000E+05   0.259200E+06   0.200000E+01   0.100000E+01   0.549000E+05   0.259200E+06   0.192920E+03  -0.999900E+04  -0.999900E+04  -0.999900E+04  -0.999900E+04   0.192920E+03  -0.999900E+04  -0.999900E+04  -0.999900E+04  -0.999900E+04   0.193021E+03   0.636844E+03   0.182696E+01   0.489888E+02   0.200000E+02  -0.100438E+00  -0.999900E+04  -0.999900E+04  -0.999900E+04  -0.999900E+04  -0.380257E+00  -0.999900E+04  -0.999900E+04  -0.999900E+04  -0.999900E+04
   0.200000E+01   0.100000E+01   0.550000E+05   0.259200E+06   0.200000E+01   0.100000E+01   0.550000E+05   0.259200E+06   0.192983E+03  -0.999900E+04  -0.999900E+04  -0.999900E+04  -0.999900E+04   0.192983E+03  -0.999900E+04  -0.999900E+04  -0.999900E+04  -0.999900E+04   0.193096E+03   0.637137E+03   0.166235E+01   0.489888E+02   0.200000E+02  -0.113568E+00  -0.999900E+04  -0.999900E+04  -0.999900E+04  -0.999900E+04  -0.429965E+00  -0.999900E+04  -0.999900E+04  -0.999900E+04  -0.999900E+04
   0.200000E+01   0.100000E+01   0.553000E+05   0.259200E+06   0.200000E+01   0.100000E+01   0.553000E+05   0.259200E+06   0.193144E+03  -0.999900E+04  -0.999900E+04  -0.999900E+04  -0.999900E+04   0.193144E+03  -0.999900E+04  -0.999900E+04  -0.999900E+04  -0.999900E+04   0.193227E+03   0.638016E+03   0.138957E+01   0.515378E+02   0.200000E+02  -0.830966E-01  -0.999900E+04  -0.999900E+04  -0.999900E+04  -0.999900E+04  -0.314602E+00  -0.999900E+04  -0.999900E+04  -0.999900E+04  -0.999900E+04
   0.200000E+01   0.100000E+01   0.554500E+05   0.259200E+06   0.200000E+01   0.100000E+01   0.554500E+05   0.259200E+06   0.193223E+03  -0.999900E+04  -0.999900E+04  -0.999900E+04  -0.999900E+04   0.193223E+03  -0.999900E+04  -0.999900E+04  -0.999900E+04  -0.999900E+04   0.193263E+03   0.638441E+03   0.130577E+01   0.529253E+02   0.200000E+02  -0.392343E-01  -0.999900E+04  -0.999900E+04  -0.999900E+04  -0.999900E+04  -0.148540E+00  -0.999900E+04  -0.999900E+04  -0.999900E+04  -0.999900E+04
   0.200000E+01   0.100000E+01   0.555000E+05   0.259200E+06   0.200000E+01   0.100000E+01   0.555000E+05   0.259200E+06   0.193238E+03  -0.999900E+04  -0.999900E+04  -0.999900E+04  -0.999900E+04   0.193238E+03  -0.999900E+04  -0.999900E+04  -0.999900E+04  -0.999900E+04   0.193271E+03   0.638580E+03   0.129742E+01   0.543912E+02   0.200000E+02  -0.320383E-01  -0.999900E+04  -0.999900E+04  -0.999900E+04  -0.999900E+04  -0.121296E+00  -0.999900E+04  -0.999900E+04  -0.999900E+04  -0.999900E+04
   0.200000E+01   0.100000E+01   0.555500E+05   0.259200E+06   0.200000E+01   0.100000E+01   0.555500E+05   0.259200E+06   0.193243E+03  -0.999900E+04  -0.999900E+04  -0.999900E+04  -0.999900E+04   0.193243E+03  -0.999900E+04  -0.999900E+04  -0.999900E+04  -0.999900E+04   0.193276E+03   0.638718E+03   0.130900E+01   0.543912E+02   0.200000E+02  -0.324585E-01  -0.999900E+04  -0.999900E+04  -0.999900E+04  -0.999900E+04  -0.122887E+00  -0.999900E+04  -0.999900E+04  -0.999900E+04  -0.999900E+04
   0.200000E+01   0.100000E+01   0.556000E+05   0.259200E+06   0.200000E+01   0.100000E+01   0.556000E+05   0.259200E+06   0.193254E+03  -0.999900E+04  -0.999900E+04  -0.999900E+04  -0.999900E+04   0.193254E+03  -0.999900E+04  -0.999900E+04  -0.999900E+04  -0.999900E+04   0.193278E+03   0.638855E+03   0.134169E+01   0.543912E+02   0.200000E+02  -0.238794E-01  -0.999900E+04  -0.999900E+04  -0.999900E+04  -0.999900E+04  -0.904070E-01  -0.999900E+04  -0.999900E+04  -0.999900E+04  -0.999900E+04
   0.200000E+01   0.100000E+01   0.556500E+05   0.259200E+06   0.200000E+01   0.100000E+01   0.556500E+05   0.259200E+06   0.193269E+03  -0.999900E+04  -0.999900E+04  -0.999900E+04  -0.999900E+04   0.193269E+03  -0.999900E+04  -0.999900E+04  -0.999900E+04  -0.999900E+04   0.193278E+03   0.638990E+03   0.139784E+01   0.559380E+02   0.200000E+02  -0.858625E-02  -0.999900E+04  -0.999900E+04  -0.999900E+04  -0.999900E+04  -0.325074E-01  -0.999900E+04  -0.999900E+04  -0.999900E+04  -0.999900E+04
   0.200000E+01   0.100000E+01   0.558000E+05   0.259200E+06   0.200000E+01   0.100000E+01   0.558000E+05   0.259200E+06   0.193265E+03  -0.999900E+04  -0.999900E+04  -0.999900E+04  -0.999900E+04   0.193265E+03  -0.999900E+04  -0.999900E+04  -0.999900E+04  -0.999900E+04   0.193279E+03   0.639392E+03   0.157507E+01   0.575681E+02   0.200000E+02  -0.140222E-01  -0.999900E+04  -0.999900E+04  -0.999900E+04  -0.999900E+04  -0.530878E-01  -0.999900E+04  -0.999900E+04  -0.999900E+04  -0.999900E+04
   0.200000E+01   0.100000E+01   0.558500E+05   0.259200E+06   0.200000E+01   0.100000E+01   0.558500E+05   0.259200E+06   0.193287E+03  -0.999900E+04  -0.999900E+04  -0.999900E+04  -0.999900E+04   0.193287E+03  -0.999900E+04  -0.999900E+04  -0.999900E+04  -0.999900E+04   0.193284E+03   0.639526E+03   0.161168E+01   0.575681E+02   0.200000E+02   0.242876E-02  -0.999900E+04  -0.999900E+04  -0.999900E+04  -0.999900E+04   0.919523E-02  -0.999900E+04  -0.999900E+04  -0.999900E+04  -0.999900E+04
