X Y Z label profile_id header_val
5064 39.94 14.22 rg 1 Eure
5064 41.94 11.77 NA 1 Eure
5064 61.91 10.84 NA 1 Eure
5064 74.89 6.4 NA 1 Eure
5064 103.85 6.42 NA 1 Eure
5064 115.83 9.16 NA 1 Eure
5064 121.82 11.83 NA 1 Eure
5064 156.77 10.47 NA 1 Eure
5064 169.75 8.34 NA 1 Eure
5064 183.73 9.7 NA 1 Eure
5064 193.72 8.95 NA 1 Eure
5064 207.69 11.4 NA 1 Eure
5064 221.67 9.83 NA 1 Eure
5064 240.65 8.97 NA 1 Eure
5064 262.61 11.08 NA 1 Eure
5064 286.58 11.47 NA 1 Eure
5064 289.57 7.42 NA 1 Eure
5064 306.55 5.66 NA 1 Eure
5064 323.52 0.97 NA 1 Eure
5064 382.44 1.08 NA 1 Eure
5064 408.4 1.8 NA 1 Eure
5064 421.38 5.68 NA 1 Eure
5064 442.35 9.32 NA 1 Eure
5064 453.33 12.62 rd 1 Eure
6504 34.7 13.9275 rg 2 6504.000000
6504 44.19 11.3975 NA 2 6504.000000
6504 61.415 9.785 NA 2 6504.000000
6504 73.8975 6.385 NA 2 6504.000000
6504 97.365 7.2825 NA 2 6504.000000
6504 114.84 9.66 NA 2 6504.000000
6504 143.3025 11.5525 NA 2 6504.000000
6504 174.76 10.435 NA 2 6504.000000
6504 199.7275 9.035 NA 2 6504.000000
6504 217.9525 9.83 NA 2 6504.000000
6504 228.94 9.41 NA 2 6504.000000
6504 242.665 11.6275 NA 2 6504.000000
6504 264.63 10.5225 NA 2 6504.000000
6504 283.35 9.5325 NA 2 6504.000000
6504 301.5625 10.6325 NA 2 6504.000000
6504 325.02 10.015 NA 2 6504.000000
6504 330.5025 6.6675 NA 2 6504.000000
6504 347.2225 5.2825 NA 2 6504.000000
6504 362.94 1.015 NA 2 6504.000000
6504 430.295 1.09 NA 2 6504.000000
6504 453.7525 2.7025 NA 2 6504.000000
6504 468.47 6.195 NA 2 6504.000000
6504 486.0325 9.7825 NA 2 6504.000000
6504 495.42 12.2925 rd 2 6504.000000
7944 29.46 13.635 rg 3 7944.000000
7944 46.44 11.025 NA 3 7944.000000
7944 60.92 8.73 NA 3 7944.000000
7944 72.905 6.37 NA 3 7944.000000
7944 90.88 8.145 NA 3 7944.000000
7944 113.85 10.16 NA 3 7944.000000
7944 164.785 11.275 NA 3 7944.000000
7944 192.75 10.4 NA 3 7944.000000
7944 229.705 9.73 NA 3 7944.000000
7944 252.175 9.96 NA 3 7944.000000
7944 264.16 9.87 NA 3 7944.000000
7944 277.64 11.855 NA 3 7944.000000
7944 307.59 11.215 NA 3 7944.000000
7944 326.05 10.095 NA 3 7944.000000
7944 340.515 10.185 NA 3 7944.000000
7944 363.46 8.56 NA 3 7944.000000
7944 371.435 5.915 NA 3 7944.000000
7944 387.895 4.905 NA 3 7944.000000
7944 402.36 1.06 NA 3 7944.000000
7944 478.15 1.1 NA 3 7944.000000
7944 499.105 3.605 NA 3 7944.000000
7944 515.56 6.71 NA 3 7944.000000
7944 529.715 10.245 NA 3 7944.000000
7944 537.51 11.965 rd 3 7944.000000
9384 24.22 13.3425 rg 4 9384.000000
9384 48.69 10.6525 NA 4 9384.000000
9384 60.425 7.675 NA 4 9384.000000
9384 71.9125 6.355 NA 4 9384.000000
9384 84.395 9.0075 NA 4 9384.000000
9384 112.86 10.66 NA 4 9384.000000
9384 186.2675 10.9975 NA 4 9384.000000
9384 210.74 10.365 NA 4 9384.000000
9384 259.6825 10.425 NA 4 9384.000000
9384 286.3975 10.09 NA 4 9384.000000
9384 299.38 10.33 NA 4 9384.000000
9384 312.615 12.0825 NA 4 9384.000000
9384 350.55 11.9075 NA 4 9384.000000
9384 368.75 10.6575 NA 4 9384.000000
9384 379.4675 9.7375 NA 4 9384.000000
9384 401.9 7.105 NA 4 9384.000000
9384 412.3675 5.1625 NA 4 9384.000000
9384 428.5675 4.5275 NA 4 9384.000000
9384 441.78 1.105 NA 4 9384.000000
9384 526.005 1.11 NA 4 9384.000000
9384 544.4575 4.5075 NA 4 9384.000000
9384 562.65 7.225 NA 4 9384.000000
9384 573.3975 10.7075 NA 4 9384.000000
9384 579.6 11.6375 rd 4 9384.000000
10824 18.98 13.05 rg 5 10824.000000
10824 50.94 10.28 NA 5 10824.000000
10824 59.93 6.62 NA 5 10824.000000
10824 70.92 6.34 NA 5 10824.000000
10824 77.91 9.87 NA 5 10824.000000
10824 111.87 11.16 NA 5 10824.000000
10824 207.75 10.72 NA 5 10824.000000
10824 228.73 10.33 NA 5 10824.000000
10824 289.66 11.12 NA 5 10824.000000
10824 320.62 10.22 NA 5 10824.000000
10824 334.6 10.79 NA 5 10824.000000
10824 347.59 12.31 NA 5 10824.000000
10824 393.51 12.6 NA 5 10824.000000
10824 411.45 11.22 NA 5 10824.000000
10824 418.42 9.29 NA 5 10824.000000
10824 440.34 5.65 NA 5 10824.000000
10824 453.3 4.41 NA 5 10824.000000
10824 469.24 4.15 NA 5 10824.000000
10824 481.2 1.15 NA 5 10824.000000
10824 573.86 1.12 NA 5 10824.000000
10824 589.81 5.41 NA 5 10824.000000
10824 609.74 7.74 NA 5 10824.000000
10824 617.08 11.17 NA 5 10824.000000
10824 621.69 11.31 rd 5 10824.000000
11937 146.92 11.925 rg 6 11937.000000
11937 167.395 10.185 NA 6 11937.000000
11937 175.39 7.64 NA 6 11937.000000
11937 187.88 7.765 NA 6 11937.000000
11937 193.875 8.07 NA 6 11937.000000
11937 217.85 8.45 NA 6 11937.000000
11937 270.29 10.065 NA 6 11937.000000
11937 285.775 9.945 NA 6 11937.000000
11937 323.235 9.005 NA 6 11937.000000
11937 344.715 7.68 NA 6 11937.000000
11937 356.2 7.735 NA 6 11937.000000
11937 374.19 8.33 NA 6 11937.000000
11937 404.645 7.89 NA 6 11937.000000
11937 415.615 6.585 NA 6 11937.000000
11937 426.595 4.99 NA 6 11937.000000
11937 446.05 3.08 NA 6 11937.000000
11937 469.525 2.805 NA 6 11937.000000
11937 488.985 2.53 NA 6 11937.000000
11937 502.465 1.4 NA 6 11937.000000
11937 554.29 1.3 NA 6 11937.000000
11937 567.765 5.52 NA 6 11937.000000
11937 580.225 7.015 NA 6 11937.000000
11937 585.395 10.585 NA 6 11937.000000
11937 588.945 11.05 rd 6 11937.000000
13050 274.86 10.8 rg 7 13050.000000
13050 283.85 10.09 NA 7 13050.000000
13050 290.85 8.66 NA 7 13050.000000
13050 304.84 9.19 NA 7 13050.000000
13050 309.84 6.27 NA 7 13050.000000
13050 323.83 5.74 NA 7 13050.000000
13050 332.83 9.41 NA 7 13050.000000
13050 342.82 9.56 NA 7 13050.000000
13050 356.81 6.89 NA 7 13050.000000
13050 368.81 5.14 NA 7 13050.000000
13050 377.8 4.68 NA 7 13050.000000
13050 400.79 4.35 NA 7 13050.000000
13050 415.78 3.18 NA 7 13050.000000
13050 419.78 1.95 NA 7 13050.000000
13050 434.77 0.69 NA 7 13050.000000
13050 451.76 0.51 NA 7 13050.000000
13050 485.75 1.2 NA 7 13050.000000
13050 508.73 0.91 NA 7 13050.000000
13050 523.73 1.65 NA 7 13050.000000
13050 534.72 1.48 NA 7 13050.000000
13050 545.72 5.63 NA 7 13050.000000
13050 550.71 6.29 NA 7 13050.000000
13050 553.71 10 NA 7 13050.000000
13050 556.2 10.79 rd 7 13050.000000
14074 244.91 12.11 rg 8 14074.000000
14074 264.33 10.32 NA 8 14074.000000
14074 271.9 5.74 NA 8 14074.000000
14074 282.89 6.98 NA 8 14074.000000
14074 308.88 6.33 NA 8 14074.000000
14074 327.88 10.19 NA 8 14074.000000
14074 362.86 8.38 NA 8 14074.000000
14074 427.84 8.08 NA 8 14074.000000
14074 490.82 10.45 NA 8 14074.000000
14074 498.81 8.18 NA 8 14074.000000
14074 544.8 2.63 NA 8 14074.000000
14074 549.79 1.15 NA 8 14074.000000
14074 573.78 1.31 NA 8 14074.000000
14074 603.77 -0.09 NA 8 14074.000000
14074 657.75 2.16 NA 8 14074.000000
14074 668.75 6.69 NA 8 14074.000000
14074 674.75 5.93 NA 8 14074.000000
14074 681.74 10.62 NA 8 14074.000000
14074 734.72 9.65 NA 8 14074.000000
14074 821.69 10.45 NA 8 14074.000000
14074 869.67 9.61 NA 8 14074.000000
14074 891.66 10.93 NA 8 14074.000000
14074 914.66 10.56 NA 8 14074.000000
14074 924.65 12.12 rd 8 14074.000000
14542 0 21.82 rg 9 14542.000000
14542 0 10.76 NA 9 14542.000000
14542 23.99 10.72 NA 9 14542.000000
14542 52.98 10.08 NA 9 14542.000000
14542 117.96 10.49 NA 9 14542.000000
14542 126.96 6.38 NA 9 14542.000000
14542 135.96 6.28 NA 9 14542.000000
14542 148.95 4.34 NA 9 14542.000000
14542 160.95 4.13 NA 9 14542.000000
14542 177.95 6.22 NA 9 14542.000000
14542 209.94 6.36 NA 9 14542.000000
14542 225.73 10.24 NA 9 14542.000000
14542 245.93 10.53 NA 9 14542.000000
14542 256.92 8.27 NA 9 14542.000000
14542 281.91 5.36 NA 9 14542.000000
14542 292.91 1.63 NA 9 14542.000000
14542 337.9 1.12 NA 9 14542.000000
14542 343.9 0.66 NA 9 14542.000000
14542 401.88 0.27 NA 9 14542.000000
14542 414.87 2.46 NA 9 14542.000000
14542 431.87 7.8 NA 9 14542.000000
14542 441.87 7.91 NA 9 14542.000000
14542 448.86 11.27 NA 9 14542.000000
14542 454.86 11.85 rd 9 14542.000000
15682.5 0 18.275 rg 10 15682.500000
15682.5 0 10.9 NA 10 15682.500000
15682.5 17.485 10.465 NA 10 15682.500000
15682.5 33.975 8.28 NA 10 15682.500000
15682.5 72.455 5.885 NA 10 15682.500000
15682.5 78.95 3.47 NA 10 15682.500000
15682.5 93.93 3.415 NA 10 15682.500000
15682.5 103.42 2.25 NA 10 15682.500000
15682.5 124.39 2.7 NA 10 15682.500000
15682.5 139.875 3.5 NA 10 15682.500000
15682.5 165.355 3.53 NA 10 15682.500000
15682.5 183.23 5.925 NA 10 15682.500000
15682.5 202.81 5.515 NA 10 15682.500000
15682.5 218.285 4.635 NA 10 15682.500000
15682.5 234.775 3.5 NA 10 15682.500000
15682.5 243.765 3.395 NA 10 15682.500000
15682.5 269.255 3.67 NA 10 15682.500000
15682.5 276.25 4.695 NA 10 15682.500000
15682.5 307.125 5.565 NA 10 15682.500000
15682.5 321.715 6.875 NA 10 15682.500000
15682.5 334.705 9.44 NA 10 15682.500000
15682.5 350.185 9.685 NA 10 15682.500000
15682.5 354.675 11.96 NA 10 15682.500000
15682.5 361.17 12.47 rd 10 15682.500000
16823 0 14.73 rg 11 16823.000000
16823 0 11.04 NA 11 16823.000000
16823 10.98 10.21 NA 11 16823.000000
16823 14.97 6.48 NA 11 16823.000000
16823 26.95 1.28 NA 11 16823.000000
16823 30.94 0.56 NA 11 16823.000000
16823 51.9 0.55 NA 11 16823.000000
16823 57.89 0.16 NA 11 16823.000000
16823 87.83 1.27 NA 11 16823.000000
16823 101.8 0.78 NA 11 16823.000000
16823 120.77 0.7 NA 11 16823.000000
16823 140.73 1.61 NA 11 16823.000000
16823 159.69 0.5 NA 11 16823.000000
16823 179.65 1 NA 11 16823.000000
16823 187.64 1.64 NA 11 16823.000000
16823 194.62 5.16 NA 11 16823.000000
16823 200.61 6.22 NA 11 16823.000000
16823 208.6 8.73 NA 11 16823.000000
16823 212.37 10.86 NA 11 16823.000000
16823 228.56 11.29 NA 11 16823.000000
16823 237.54 11.08 NA 11 16823.000000
16823 258.5 11.46 NA 11 16823.000000
16823 260.49 12.65 NA 11 16823.000000
16823 267.48 13.09 rd 11 16823.000000
18000.75 9.2375 14.1725 rg 12 18000.750000
18000.75 10.985 10.875 NA 12 18000.750000
18000.75 27.4575 9.8325 NA 12 18000.750000
18000.75 33.695 6.5325 NA 12 18000.750000
18000.75 44.4275 3.215 NA 12 18000.750000
18000.75 53.1625 2.5375 NA 12 18000.750000
18000.75 71.3775 2.895 NA 12 18000.750000
18000.75 84.11 2.61 NA 12 18000.750000
18000.75 109.31 3.0775 NA 12 18000.750000
18000.75 127.5275 3.2425 NA 12 18000.750000
18000.75 146.2475 3.0625 NA 12 18000.750000
18000.75 168.4575 2.585 NA 12 18000.750000
18000.75 191.415 1.47 NA 12 18000.750000
18000.75 211.6275 1.495 NA 12 18000.750000
18000.75 219.865 2.2175 NA 12 18000.750000
18000.75 233.09 4.41 NA 12 18000.750000
18000.75 240.3275 4.825 NA 12 18000.750000
18000.75 258.3025 6.5525 NA 12 18000.750000
18000.75 270.8675 8.4725 NA 12 18000.750000
18000.75 290.7475 8.925 NA 12 18000.750000
18000.75 300.9775 9.61 NA 12 18000.750000
18000.75 327.1825 11.02 NA 12 18000.750000
18000.75 369.885 11.865 NA 12 18000.750000
18000.75 383.625 12.86 rd 12 18000.750000
19178.5 18.475 13.615 rg 13 19178.500000
19178.5 21.97 10.71 NA 13 19178.500000
19178.5 43.935 9.455 NA 13 19178.500000
19178.5 52.42 6.585 NA 13 19178.500000
19178.5 61.905 5.15 NA 13 19178.500000
19178.5 75.385 4.515 NA 13 19178.500000
19178.5 90.855 5.24 NA 13 19178.500000
19178.5 110.33 5.06 NA 13 19178.500000
19178.5 130.79 4.885 NA 13 19178.500000
19178.5 153.255 5.705 NA 13 19178.500000
19178.5 171.725 5.425 NA 13 19178.500000
19178.5 196.185 3.56 NA 13 19178.500000
19178.5 223.14 2.44 NA 13 19178.500000
19178.5 243.605 1.99 NA 13 19178.500000
19178.5 252.09 2.795 NA 13 19178.500000
19178.5 271.56 3.66 NA 13 19178.500000
19178.5 280.045 3.43 NA 13 19178.500000
19178.5 308.005 4.375 NA 13 19178.500000
19178.5 329.365 6.085 NA 13 19178.500000
19178.5 352.935 6.56 NA 13 19178.500000
19178.5 364.415 8.14 NA 13 19178.500000
19178.5 395.865 10.58 NA 13 19178.500000
19178.5 479.28 11.08 NA 13 19178.500000
19178.5 499.77 12.63 rd 13 19178.500000
20356.25 27.7125 13.0575 rg 14 20356.250000
20356.25 32.955 10.545 NA 14 20356.250000
20356.25 60.4125 9.0775 NA 14 20356.250000
20356.25 71.145 6.6375 NA 14 20356.250000
20356.25 79.3825 7.085 NA 14 20356.250000
20356.25 97.6075 6.4925 NA 14 20356.250000
20356.25 110.3325 7.585 NA 14 20356.250000
20356.25 136.55 7.51 NA 14 20356.250000
20356.25 152.27 6.6925 NA 14 20356.250000
20356.25 178.9825 8.1675 NA 14 20356.250000
20356.25 197.2025 7.7875 NA 14 20356.250000
20356.25 223.9125 4.535 NA 14 20356.250000
20356.25 254.865 3.41 NA 14 20356.250000
20356.25 275.5825 2.485 NA 14 20356.250000
20356.25 284.315 3.3725 NA 14 20356.250000
20356.25 310.03 2.91 NA 14 20356.250000
20356.25 319.7625 2.035 NA 14 20356.250000
20356.25 357.7075 2.1975 NA 14 20356.250000
20356.25 387.8625 3.6975 NA 14 20356.250000
20356.25 415.1225 4.195 NA 14 20356.250000
20356.25 427.8525 6.67 NA 14 20356.250000
20356.25 464.5475 10.14 NA 14 20356.250000
20356.25 588.675 10.295 NA 14 20356.250000
20356.25 615.915 12.4 rd 14 20356.250000
21534 36.95 12.5 rg 15 21534.000000
21534 43.94 10.38 NA 15 21534.000000
21534 76.89 8.7 NA 15 21534.000000
21534 89.87 6.69 NA 15 21534.000000
21534 96.86 9.02 NA 15 21534.000000
21534 119.83 8.47 NA 15 21534.000000
21534 129.81 9.93 NA 15 21534.000000
21534 162.77 9.96 NA 15 21534.000000
21534 173.75 8.5 NA 15 21534.000000
21534 204.71 10.63 NA 15 21534.000000
21534 222.68 10.15 NA 15 21534.000000
21534 251.64 5.51 NA 15 21534.000000
21534 286.59 4.38 NA 15 21534.000000
21534 307.56 2.98 NA 15 21534.000000
21534 316.54 3.95 NA 15 21534.000000
21534 348.5 2.16 NA 15 21534.000000
21534 359.48 0.64 NA 15 21534.000000
21534 407.41 0.02 NA 15 21534.000000
21534 446.36 1.31 NA 15 21534.000000
21534 477.31 1.83 NA 15 21534.000000
21534 491.29 5.2 NA 15 21534.000000
21534 533.23 9.7 NA 15 21534.000000
21534 698.07 9.51 NA 15 21534.000000
21534 732.06 12.17 rd 15 21534.000000
23010.25 30.9625 12.1875 rg 16 23010.250000
23010.25 37.955 9.345 NA 16 23010.250000
23010.25 71.4175 7.7775 NA 16 23010.250000
23010.25 86.9025 5.355 NA 16 23010.250000
23010.25 95.895 7.16 NA 16 23010.250000
23010.25 126.8725 6.3525 NA 16 23010.250000
23010.25 139.8575 7.0075 NA 16 23010.250000
23010.25 178.0775 7.4425 NA 16 23010.250000
23010.25 187.3125 6.9475 NA 16 23010.250000
23010.25 215.7825 8.4425 NA 16 23010.250000
23010.25 235.26 8.4525 NA 16 23010.250000
23010.25 258.48 5.3275 NA 16 23010.250000
23010.25 293.1925 5.2275 NA 16 23010.250000
23010.25 312.17 4.2475 NA 16 23010.250000
23010.25 321.905 5.785 NA 16 23010.250000
23010.25 347.2975 4.0825 NA 16 23010.250000
23010.25 372.3575 3.025 NA 16 23010.250000
23010.25 410.555 1.555 NA 16 23010.250000
23010.25 449.7675 2.3225 NA 16 23010.250000
23010.25 478.23 3.8975 NA 16 23010.250000
23010.25 505.215 6.335 NA 16 23010.250000
23010.25 538.42 9.9625 NA 16 23010.250000
23010.25 665.55 9.6525 NA 16 23010.250000
23010.25 691.0425 11.8875 rd 16 23010.250000
24486.5 24.975 11.875 rg 17 24486.500000
24486.5 31.97 8.31 NA 17 24486.500000
24486.5 65.945 6.855 NA 17 24486.500000
24486.5 83.935 4.02 NA 17 24486.500000
24486.5 94.93 5.3 NA 17 24486.500000
24486.5 133.915 4.235 NA 17 24486.500000
24486.5 149.905 4.085 NA 17 24486.500000
24486.5 193.385 4.925 NA 17 24486.500000
24486.5 200.875 5.395 NA 17 24486.500000
24486.5 226.855 6.255 NA 17 24486.500000
24486.5 247.84 6.755 NA 17 24486.500000
24486.5 265.32 5.145 NA 17 24486.500000
24486.5 299.795 6.075 NA 17 24486.500000
24486.5 316.78 5.515 NA 17 24486.500000
24486.5 327.27 7.62 NA 17 24486.500000
24486.5 346.095 6.005 NA 17 24486.500000
24486.5 385.235 5.41 NA 17 24486.500000
24486.5 413.7 3.09 NA 17 24486.500000
24486.5 453.175 3.335 NA 17 24486.500000
24486.5 479.15 5.965 NA 17 24486.500000
24486.5 519.14 7.47 NA 17 24486.500000
24486.5 543.61 10.225 NA 17 24486.500000
24486.5 633.03 9.795 NA 17 24486.500000
24486.5 650.025 11.605 rd 17 24486.500000
25962.75 18.9875 11.5625 rg 18 25962.750000
25962.75 25.985 7.275 NA 18 25962.750000
25962.75 60.4725 5.9325 NA 18 25962.750000
25962.75 80.9675 2.685 NA 18 25962.750000
25962.75 93.965 3.44 NA 18 25962.750000
25962.75 140.9575 2.1175 NA 18 25962.750000
25962.75 159.9525 1.1625 NA 18 25962.750000
25962.75 208.6925 2.4075 NA 18 25962.750000
25962.75 214.4375 3.8425 NA 18 25962.750000
25962.75 237.9275 4.0675 NA 18 25962.750000
25962.75 260.42 5.0575 NA 18 25962.750000
25962.75 272.16 4.9625 NA 18 25962.750000
25962.75 306.3975 6.9225 NA 18 25962.750000
25962.75 321.39 6.7825 NA 18 25962.750000
25962.75 332.635 9.455 NA 18 25962.750000
25962.75 344.8925 7.9275 NA 18 25962.750000
25962.75 398.1125 7.795 NA 18 25962.750000
25962.75 416.845 4.625 NA 18 25962.750000
25962.75 456.5825 4.3475 NA 18 25962.750000
25962.75 480.07 8.0325 NA 18 25962.750000
25962.75 533.065 8.605 NA 18 25962.750000
25962.75 548.8 10.4875 NA 18 25962.750000
25962.75 600.51 9.9375 NA 18 25962.750000
25962.75 609.0075 11.3225 rd 18 25962.750000
27439 13 11.25 rg 19 27439.000000
27439 20 6.24 NA 19 27439.000000
27439 55 5.01 NA 19 27439.000000
27439 78 1.35 NA 19 27439.000000
27439 93 1.58 NA 19 27439.000000
27439 148 0 NA 19 27439.000000
27439 170 -1.76 NA 19 27439.000000
27439 224 -0.11 NA 19 27439.000000
27439 228 2.29 NA 19 27439.000000
27439 249 1.88 NA 19 27439.000000
27439 273 3.36 NA 19 27439.000000
27439 279 4.78 NA 19 27439.000000
27439 313 7.77 NA 19 27439.000000
27439 326 8.05 NA 19 27439.000000
27439 338 11.29 NA 19 27439.000000
27439 343.69 9.85 NA 19 27439.000000
27439 410.99 10.18 NA 19 27439.000000
27439 419.99 6.16 NA 19 27439.000000
27439 459.99 5.36 NA 19 27439.000000
27439 480.99 10.1 NA 19 27439.000000
27439 546.99 9.74 NA 19 27439.000000
27439 553.99 10.75 NA 19 27439.000000
27439 567.99 10.08 NA 19 27439.000000
27439 567.99 11.04 rd 19 27439.000000
27920 23.11 11.01 rg 20 27920.000000
27920 27.95 6.58 NA 20 27920.000000
27920 45.91 1.28 NA 20 27920.000000
27920 66.88 0.61 NA 20 27920.000000
27920 91.83 -1.77 NA 20 27920.000000
27920 113.79 0.49 NA 20 27920.000000
27920 154.71 0.15 NA 20 27920.000000
27920 164.69 0.63 NA 20 27920.000000
27920 176.67 4.99 NA 20 27920.000000
27920 197.63 8.13 NA 20 27920.000000
27920 200 9.38 NA 20 27920.000000
27920 289.46 9.41 NA 20 27920.000000
27920 317.41 9.99 NA 20 27920.000000
27920 350.35 9.3 NA 20 27920.000000
27920 421.24 9.86 NA 20 27920.000000
27920 430.24 5.29 NA 20 27920.000000
27920 436.24 6.09 NA 20 27920.000000
27920 452.24 3.82 NA 20 27920.000000
27920 481.23 2.11 NA 20 27920.000000
27920 500.23 4.8 NA 20 27920.000000
27920 520.23 4.59 NA 20 27920.000000
27920 560.23 9.71 NA 20 27920.000000
27920 581.22 9.43 NA 20 27920.000000
27920 581.22 11.3 rd 20 27920.000000
28883 10.98 12.24 rg 21 28883.000000
28883 26.95 11.82 NA 21 28883.000000
28883 59.88 0.19 NA 21 28883.000000
28883 73.85 -1.6 NA 21 28883.000000
28883 116.77 -2.14 NA 21 28883.000000
28883 122.76 -0.22 NA 21 28883.000000
28883 147.71 -1.71 NA 21 28883.000000
28883 156.7 -0.46 NA 21 28883.000000
28883 164.69 4.74 NA 21 28883.000000
28883 189.66 7.3 NA 21 28883.000000
28883 201.64 11.95 NA 21 28883.000000
28883 208.63 10.88 NA 21 28883.000000
28883 245.58 11.16 NA 21 28883.000000
28883 291.52 9.98 NA 21 28883.000000
28883 308.5 11.4 NA 21 28883.000000
28883 319.48 9.92 NA 21 28883.000000
28883 384.4 10.89 NA 21 28883.000000
28883 400.37 7.61 NA 21 28883.000000
28883 411.36 9.04 NA 21 28883.000000
28883 429.34 5.04 NA 21 28883.000000
28883 508.23 3.15 NA 21 28883.000000
28883 525.21 9.28 NA 21 28883.000000
28883 656.03 8.89 NA 21 28883.000000
28883 666.02 11.72 rd 21 28883.000000
29203 96.98 11.57 rg 22 29203.000000
29203 137.97 9.09 NA 22 29203.000000
29203 280.01 9.72 NA 22 29203.000000
29203 284.93 6.19 NA 22 29203.000000
29203 304.93 0.66 NA 22 29203.000000
29203 365.91 -1.87 NA 22 29203.000000
29203 398.91 -0.52 NA 22 29203.000000
29203 414.9 -1.36 NA 22 29203.000000
29203 432.9 1.29 NA 22 29203.000000
29203 463.89 8.73 NA 22 29203.000000
29203 500.88 8.01 NA 22 29203.000000
29203 526.88 3.67 NA 22 29203.000000
29203 543.87 3.03 NA 22 29203.000000
29203 562.87 9.28 NA 22 29203.000000
29203 583.85 10.58 NA 22 29203.000000
29203 627.8 10.27 NA 22 29203.000000
29203 678.74 11.58 NA 22 29203.000000
29203 699.72 9.67 NA 22 29203.000000
29203 726.33 9.25 NA 22 29203.000000
29203 748.66 2.7 NA 22 29203.000000
29203 788.62 3.01 NA 22 29203.000000
29203 802.6 9.49 NA 22 29203.000000
29203 819.58 9.72 NA 22 29203.000000
29203 828.57 12.44 rd 22 29203.000000
30382 294.59 12.215 rg 23 30382.000000
30382 317.58 9.95 NA 23 30382.000000
30382 410.565 9.865 NA 23 30382.000000
30382 415.52 7.585 NA 23 30382.000000
30382 446.985 4.99 NA 23 30382.000000
30382 486.47 1.66 NA 23 30382.000000
30382 512.965 -1.41 NA 23 30382.000000
30382 551.44 -1.92 NA 23 30382.000000
30382 568.935 0.445 NA 23 30382.000000
30382 591.93 4.27 NA 23 30382.000000
30382 615.42 5.94 NA 23 30382.000000
30382 634.915 4.775 NA 23 30382.000000
30382 647.91 6.23 NA 23 30382.000000
30382 669.9 9.125 NA 23 30382.000000
30382 682.39 9.155 NA 23 30382.000000
30382 732.85 8.885 NA 23 30382.000000
30382 766.815 10.46 NA 23 30382.000000
30382 823.28 9.46 NA 23 30382.000000
30382 840.58 6.96 NA 23 30382.000000
30382 852.745 4.62 NA 23 30382.000000
30382 877.72 2.09 NA 23 30382.000000
30382 905.2 4.86 NA 23 30382.000000
30382 918.69 9 NA 23 30382.000000
30382 931.18 11.335 rd 23 30382.000000
31561 492.2 12.86 rg 24 31561.000000
31561 497.19 10.81 NA 24 31561.000000
31561 541.12 10.01 NA 24 31561.000000
31561 546.11 8.98 NA 24 31561.000000
31561 589.04 9.32 NA 24 31561.000000
31561 607.03 5.19 NA 24 31561.000000
31561 627.02 -2.3 NA 24 31561.000000
31561 687.98 -2.48 NA 24 31561.000000
31561 704.97 -0.4 NA 24 31561.000000
31561 719.97 -0.19 NA 24 31561.000000
31561 729.96 3.87 NA 24 31561.000000
31561 742.95 5.88 NA 24 31561.000000
31561 751.95 9.43 NA 24 31561.000000
31561 776.93 8.97 NA 24 31561.000000
31561 780.93 7.73 NA 24 31561.000000
31561 837.9 7.5 NA 24 31561.000000
31561 854.89 9.34 NA 24 31561.000000
31561 946.84 9.25 NA 24 31561.000000
31561 954.83 4.67 NA 24 31561.000000
31561 956.83 6.54 NA 24 31561.000000
31561 966.82 1.17 NA 24 31561.000000
31561 1007.8 0.23 NA 24 31561.000000
31561 1017.8 8.28 NA 24 31561.000000
31561 1033.79 10.23 rd 24 31561.000000
31990 6.99 9.92 rg 25 31990.000000
31990 15.49 9.63 NA 25 31990.000000
31990 18.98 6.17 NA 25 31990.000000
31990 32.96 -0.11 NA 25 31990.000000
31990 58.93 -0.48 NA 25 31990.000000
31990 79.9 0.25 NA 25 31990.000000
31990 116.86 -0.68 NA 25 31990.000000
31990 123.85 0.29 NA 25 31990.000000
31990 147.82 0.44 NA 25 31990.000000
31990 157.81 3.41 NA 25 31990.000000
31990 173.79 4.61 NA 25 31990.000000
31990 253.7 4.83 NA 25 31990.000000
31990 275.67 5.22 NA 25 31990.000000
31990 307.63 7.63 NA 25 31990.000000
31990 321.62 9.76 NA 25 31990.000000
31990 331.61 9.01 NA 25 31990.000000
31990 405.52 8.87 NA 25 31990.000000
31990 421.5 4.88 NA 25 31990.000000
31990 467.44 3.87 NA 25 31990.000000
31990 476.43 1.7 NA 25 31990.000000
31990 498.41 2.59 NA 25 31990.000000
31990 507.4 5.29 NA 25 31990.000000
31990 510.36 8.88 NA 25 31990.000000
31990 528.37 9.68 rd 25 31990.000000
33114.5 56.965 10.41 rg 26 33114.500000
33114.5 153.66 9.65 NA 26 33114.500000
33114.5 168.395 5.31 NA 26 33114.500000
33114.5 183.88 -1.025 NA 26 33114.500000
33114.5 203.865 -1.595 NA 26 33114.500000
33114.5 237.835 -1.04 NA 26 33114.500000
33114.5 271.805 -0.805 NA 26 33114.500000
33114.5 282.795 1.53 NA 26 33114.500000
33114.5 299.78 2.1 NA 26 33114.500000
33114.5 334.255 3.915 NA 26 33114.500000
33114.5 350.74 2.96 NA 26 33114.500000
33114.5 410.185 1.795 NA 26 33114.500000
33114.5 435.66 3.45 NA 26 33114.500000
33114.5 456.64 6.215 NA 26 33114.500000
33114.5 471.13 7.74 NA 26 33114.500000
33114.5 487.615 7.3 NA 26 33114.500000
33114.5 542.06 5.15 NA 26 33114.500000
33114.5 558.045 3.395 NA 26 33114.500000
33114.5 587.015 2.425 NA 26 33114.500000
33114.5 595.505 3.645 NA 26 33114.500000
33114.5 608.495 3.935 NA 26 33114.500000
33114.5 618.485 7.665 NA 26 33114.500000
33114.5 638.955 10.24 NA 26 33114.500000
33114.5 654.955 11.835 rd 26 33114.500000
34239 106.94 10.9 rg 27 34239.000000
34239 291.83 9.67 NA 27 34239.000000
34239 317.81 4.45 NA 27 34239.000000
34239 334.8 -1.94 NA 27 34239.000000
34239 348.8 -2.71 NA 27 34239.000000
34239 395.77 -2.33 NA 27 34239.000000
34239 426.75 -0.93 NA 27 34239.000000
34239 441.74 2.77 NA 27 34239.000000
34239 451.74 3.76 NA 27 34239.000000
34239 510.7 4.42 NA 27 34239.000000
34239 527.69 1.31 NA 27 34239.000000
34239 566.67 -1.24 NA 27 34239.000000
34239 595.65 1.68 NA 27 34239.000000
34239 605.65 4.8 NA 27 34239.000000
34239 620.64 5.72 NA 27 34239.000000
34239 643.62 5.59 NA 27 34239.000000
34239 678.6 1.43 NA 27 34239.000000
34239 694.59 1.91 NA 27 34239.000000
34239 706.59 0.98 NA 27 34239.000000
34239 714.58 5.59 NA 27 34239.000000
34239 718.58 5.28 NA 27 34239.000000
34239 729.57 10.04 NA 27 34239.000000
34239 767.55 11.6 NA 27 34239.000000
34239 781.54 13.99 rd 27 34239.000000
35723.5 142.845 10.75 rg 28 35723.500000
35723.5 241.285 9.75 NA 28 35723.500000
35723.5 256.27 6.39 NA 28 35723.500000
35723.5 268.26 2.395 NA 28 35723.500000
35723.5 293.735 0.79 NA 28 35723.500000
35723.5 322.715 -0.495 NA 28 35723.500000
35723.5 345.195 -1.455 NA 28 35723.500000
35723.5 366.17 0.03 NA 28 35723.500000
35723.5 382.655 0.135 NA 28 35723.500000
35723.5 416.63 0.455 NA 28 35723.500000
35723.5 431.115 -1.375 NA 28 35723.500000
35723.5 454.1 -2.665 NA 28 35723.500000
35723.5 472.085 -1.5 NA 28 35723.500000
35723.5 479.085 0.515 NA 28 35723.500000
35723.5 488.575 1.865 NA 28 35723.500000
35723.5 507.555 2.2 NA 28 35723.500000
35723.5 530.535 -0.01 NA 28 35723.500000
35723.5 546.52 0.245 NA 28 35723.500000
35723.5 555.515 -0.095 NA 28 35723.500000
35723.5 562.51 3.22 NA 28 35723.500000
35723.5 568.005 4.78 NA 28 35723.500000
35723.5 576.495 8.35 NA 28 35723.500000
35723.5 596.98 10.43 NA 28 35723.500000
35723.5 610.97 11.855 rd 28 35723.500000
37208 178.75 10.6 rg 29 37208.000000
37208 190.74 9.83 NA 29 37208.000000
37208 194.73 8.33 NA 29 37208.000000
37208 201.72 6.73 NA 29 37208.000000
37208 238.67 4.29 NA 29 37208.000000
37208 249.66 1.34 NA 29 37208.000000
37208 263.64 -1.98 NA 29 37208.000000
37208 290.6 -2.71 NA 29 37208.000000
37208 313.57 -3.49 NA 29 37208.000000
37208 322.56 -3.51 NA 29 37208.000000
37208 334.54 -4.06 NA 29 37208.000000
37208 341.53 -4.09 NA 29 37208.000000
37208 348.52 -4.68 NA 29 37208.000000
37208 352.52 -3.77 NA 29 37208.000000
37208 356.51 -1.99 NA 29 37208.000000
37208 371.49 -1.19 NA 29 37208.000000
37208 382.47 -1.45 NA 29 37208.000000
37208 398.45 -1.42 NA 29 37208.000000
37208 404.44 -1.17 NA 29 37208.000000
37208 410.44 0.85 NA 29 37208.000000
37208 417.43 4.28 NA 29 37208.000000
37208 423.42 6.66 NA 29 37208.000000
37208 426.41 9.26 NA 29 37208.000000
37208 440.4 9.72 rd 29 37208.000000
37523 5.98 9.82 rg 30 37523.000000
37523 12.95 7.7 NA 30 37523.000000
37523 19.93 4.63 NA 30 37523.000000
37523 24.91 0.56 NA 30 37523.000000
37523 32.88 0.42 NA 30 37523.000000
37523 35.87 1.73 NA 30 37523.000000
37523 39.86 1.03 NA 30 37523.000000
37523 55.8 -2.94 NA 30 37523.000000
37523 72.74 -2.97 NA 30 37523.000000
37523 84.7 -3.32 NA 30 37523.000000
37523 120.57 -3.61 NA 30 37523.000000
37523 126.55 -3.8 NA 30 37523.000000
37523 134.52 -3.41 NA 30 37523.000000
37523 148.47 -1.63 NA 30 37523.000000
37523 159.43 -1.34 NA 30 37523.000000
37523 162.42 -0.77 NA 30 37523.000000
37523 196.3 -0.13 NA 30 37523.000000
37523 205.27 -0.31 NA 30 37523.000000
37523 214.24 0.58 NA 30 37523.000000
37523 220.21 1.75 NA 30 37523.000000
37523 224.2 4.21 NA 30 37523.000000
37523 230.18 5.82 NA 30 37523.000000
37523 234.2 9.32 NA 30 37523.000000
37523 238.15 9.74 rd 30 37523.000000
37777 101.97 10.24 rg 31 37777.000000
37777 121.97 10.13 NA 31 37777.000000
37777 132.56 9.68 NA 31 37777.000000
37777 138.97 6.93 NA 31 37777.000000
37777 141.96 6.62 NA 31 37777.000000
37777 144.96 0.23 NA 31 37777.000000
37777 162.96 -0.08 NA 31 37777.000000
37777 170.96 -0.91 NA 31 37777.000000
37777 188.95 0.7 NA 31 37777.000000
37777 194.95 -2.26 NA 31 37777.000000
37777 217.95 -3.19 NA 31 37777.000000
37777 223.94 -2.85 NA 31 37777.000000
37777 244.94 -3.3 NA 31 37777.000000
37777 250.94 -2.05 NA 31 37777.000000
37777 257.94 0.74 NA 31 37777.000000
37777 269.93 0.23 NA 31 37777.000000
37777 296.93 0.66 NA 31 37777.000000
37777 307.92 0.29 NA 31 37777.000000
37777 329.92 0.23 NA 31 37777.000000
37777 338.92 1.26 NA 31 37777.000000
37777 345.91 4.18 NA 31 37777.000000
37777 352.91 6.17 NA 31 37777.000000
37777 356.37 9.28 NA 31 37777.000000
37777 368.91 10.02 rd 31 37777.000000
39040.6667 67.98 10.1167 rg 32 39040.666667
39040.6667 81.48 9.7967 NA 32 39040.666667
39040.6667 90.3633 9.5033 NA 32 39040.666667
39040.6667 95.3 5.63 NA 32 39040.666667
39040.6667 97.6233 5.4 NA 32 39040.666667
39040.6667 99.9567 0.6367 NA 32 39040.666667
39040.6667 113.28 0.0833 NA 32 39040.666667
39040.6667 119.94 -1.3067 NA 32 39040.666667
39040.6667 132.2667 -0.2333 NA 32 39040.666667
39040.6667 137.26 -2.73 NA 32 39040.666667
39040.6667 153.92 -3.7567 NA 32 39040.666667
39040.6667 161.2267 -3.8533 NA 32 39040.666667
39040.6667 196.7767 -3.9833 NA 32 39040.666667
39040.6667 204.0933 -3.17 NA 32 39040.666667
39040.6667 212.4067 -1.1267 NA 32 39040.666667
39040.6667 223.3833 -1.0267 NA 32 39040.666667
39040.6667 243.04 -0.2067 NA 32 39040.666667
39040.6667 251.36 -0.0133 NA 32 39040.666667
39040.6667 266.69 0.0367 NA 32 39040.666667
39040.6667 273.0233 1.7167 NA 32 39040.666667
39040.6667 278.0133 5.2933 NA 32 39040.666667
39040.6667 283.0133 7.17 NA 32 39040.666667
39040.6667 289.2967 9.27 NA 32 39040.666667
39040.6667 297.9867 10.0033 rd 32 39040.666667
40304.3333 33.99 9.9933 rg 33 40304.333333
40304.3333 40.99 9.4633 NA 33 40304.333333
40304.3333 48.1667 9.3267 NA 33 40304.333333
40304.3333 51.63 4.33 NA 33 40304.333333
40304.3333 53.2867 4.18 NA 33 40304.333333
40304.3333 54.9533 1.0433 NA 33 40304.333333
40304.3333 63.6 0.2467 NA 33 40304.333333
40304.3333 68.92 -1.7033 NA 33 40304.333333
40304.3333 75.5833 -1.1667 NA 33 40304.333333
40304.3333 79.57 -3.2 NA 33 40304.333333
40304.3333 89.89 -4.3233 NA 33 40304.333333
40304.3333 98.5133 -4.8567 NA 33 40304.333333
40304.3333 148.6133 -4.6667 NA 33 40304.333333
40304.3333 157.2467 -4.29 NA 33 40304.333333
40304.3333 166.8733 -2.9933 NA 33 40304.333333
40304.3333 176.8367 -2.2833 NA 33 40304.333333
40304.3333 189.15 -1.0733 NA 33 40304.333333
40304.3333 194.8 -0.3167 NA 33 40304.333333
40304.3333 203.46 -0.1567 NA 33 40304.333333
40304.3333 207.1267 2.1733 NA 33 40304.333333
40304.3333 210.1167 6.4067 NA 33 40304.333333
40304.3333 213.1167 8.17 NA 33 40304.333333
40304.3333 222.2233 9.26 NA 33 40304.333333
40304.3333 227.0633 9.9867 rd 33 40304.333333
41568 0 9.87 rg 34 41568.000000
41568 0.5 9.13 NA 34 41568.000000
41568 5.97 9.15 NA 34 41568.000000
41568 7.96 3.03 NA 34 41568.000000
41568 8.95 2.96 NA 34 41568.000000
41568 9.95 1.45 NA 34 41568.000000
41568 13.92 0.41 NA 34 41568.000000
41568 17.9 -2.1 NA 34 41568.000000
41568 18.9 -2.1 NA 34 41568.000000
41568 21.88 -3.67 NA 34 41568.000000
41568 25.86 -4.89 NA 34 41568.000000
41568 35.8 -5.86 NA 34 41568.000000
41568 100.45 -5.35 NA 34 41568.000000
41568 110.4 -5.41 NA 34 41568.000000
41568 121.34 -4.86 NA 34 41568.000000
41568 130.29 -3.54 NA 34 41568.000000
41568 135.26 -1.94 NA 34 41568.000000
41568 138.24 -0.62 NA 34 41568.000000
41568 140.23 -0.35 NA 34 41568.000000
41568 141.23 2.63 NA 34 41568.000000
41568 142.22 7.52 NA 34 41568.000000
41568 143.22 9.17 NA 34 41568.000000
41568 155.15 9.25 NA 34 41568.000000
41568 156.14 9.97 rd 34 41568.000000
42590 1 9.785 rg 35 42590.000000
42590 8.095 9.3 NA 35 42590.000000
42590 10.985 9.08 NA 35 42590.000000
42590 12.975 -0.345 NA 35 42590.000000
42590 14.97 -0.65 NA 35 42590.000000
42590 22.97 -1.925 NA 35 42590.000000
42590 30.455 -2.45 NA 35 42590.000000
42590 41.44 -3.505 NA 35 42590.000000
42590 106.42 -3.44 NA 35 42590.000000
42590 115.91 -4.445 NA 35 42590.000000
42590 125.395 -5.375 NA 35 42590.000000
42590 138.365 -6.06 NA 35 42590.000000
42590 179.185 -5.765 NA 35 42590.000000
42590 186.66 -5.68 NA 35 42590.000000
42590 195.63 -5.06 NA 35 42590.000000
42590 206.6 -4.29 NA 35 42590.000000
42590 211.585 -3.355 NA 35 42590.000000
42590 216.075 -2.37 NA 35 42590.000000
42590 218.07 4.775 NA 35 42590.000000
42590 218.93 6.13 NA 35 42590.000000
42590 251.055 9.025 NA 35 42590.000000
42590 270.05 9.81 NA 35 42590.000000
42590 277.515 9.8 NA 35 42590.000000
42590 286.005 10.265 rd 35 42590.000000
43612 2 9.7 rg 36 43612.000000
43612 15.69 9.47 NA 36 43612.000000
43612 16 9.01 NA 36 43612.000000
43612 17.99 -3.72 NA 36 43612.000000
43612 20.99 -4.26 NA 36 43612.000000
43612 35.99 -5.3 NA 36 43612.000000
43612 46.99 -5.31 NA 36 43612.000000
43612 64.98 -4.91 NA 36 43612.000000
43612 193.94 -4.78 NA 36 43612.000000
43612 209.94 -5.22 NA 36 43612.000000
43612 224.93 -5.86 NA 36 43612.000000
43612 240.93 -6.26 NA 36 43612.000000
43612 257.92 -6.18 NA 36 43612.000000
43612 262.92 -5.95 NA 36 43612.000000
43612 269.92 -5.26 NA 36 43612.000000
43612 282.91 -5.04 NA 36 43612.000000
43612 287.91 -4.77 NA 36 43612.000000
43612 293.91 -4.12 NA 36 43612.000000
43612 295.91 9.9 NA 36 43612.000000
43612 296.63 9.63 NA 36 43612.000000
43612 359.89 10.53 NA 36 43612.000000
43612 396.88 10.45 NA 36 43612.000000
43612 399.88 10.35 NA 36 43612.000000
43612 415.87 10.56 rd 36 43612.000000
44690 4.6667 9.9 rg 37 44690.000000
44690 14.46 5.1467 NA 37 44690.000000
44690 16.3333 4.4667 NA 37 44690.000000
44690 19.3267 -4.1733 NA 37 44690.000000
44690 22.9933 -4.5833 NA 37 44690.000000
44690 64.99 -5.45 NA 37 44690.000000
44690 74.6567 -5.4267 NA 37 44690.000000
44690 91.6467 -5.1733 NA 37 44690.000000
44690 182.62 -5.2033 NA 37 44690.000000
44690 196.2867 -5.46 NA 37 44690.000000
44690 208.9467 -5.94 NA 37 44690.000000
44690 221.6133 -6.0067 NA 37 44690.000000
44690 234.6067 -5.5133 NA 37 44690.000000
44690 238.94 -4.87 NA 37 44690.000000
44690 245.6067 -3.0667 NA 37 44690.000000
44690 254.6 -2.92 NA 37 44690.000000
44690 259.2667 -1.8633 NA 37 44690.000000
44690 264.6 -0.82 NA 37 44690.000000
44690 266.6 9.0467 NA 37 44690.000000
44690 267.1667 8.6133 NA 37 44690.000000
44690 309.5867 9.8733 NA 37 44690.000000
44690 334.9133 10.0267 NA 37 44690.000000
44690 339.5767 10.06 NA 37 44690.000000
44690 350.57 10.3233 rd 37 44690.000000
45768 7.3333 10.1 rg 38 45768.000000
45768 13.23 0.8233 NA 38 45768.000000
45768 16.6667 -0.0767 NA 38 45768.000000
45768 20.6633 -4.6267 NA 38 45768.000000
45768 24.9967 -4.9067 NA 38 45768.000000
45768 93.99 -5.6 NA 38 45768.000000
45768 102.3233 -5.5433 NA 38 45768.000000
45768 118.3133 -5.4367 NA 38 45768.000000
45768 171.3 -5.6267 NA 38 45768.000000
45768 182.6333 -5.7 NA 38 45768.000000
45768 192.9633 -6.02 NA 38 45768.000000
45768 202.2967 -5.7533 NA 38 45768.000000
45768 211.2933 -4.8467 NA 38 45768.000000
45768 214.96 -3.79 NA 38 45768.000000
45768 221.2933 -0.8733 NA 38 45768.000000
45768 226.29 -0.8 NA 38 45768.000000
45768 230.6233 1.0433 NA 38 45768.000000
45768 235.29 2.48 NA 38 45768.000000
45768 237.29 8.1933 NA 38 45768.000000
45768 237.7033 7.5967 NA 38 45768.000000
45768 259.2833 9.2167 NA 38 45768.000000
45768 272.9467 9.6033 NA 38 45768.000000
45768 279.2733 9.77 NA 38 45768.000000
45768 285.27 10.0867 rd 38 45768.000000
46846 10 10.3 rg 39 46846.000000
46846 12 -3.5 NA 39 46846.000000
46846 17 -4.62 NA 39 46846.000000
46846 22 -5.08 NA 39 46846.000000
46846 27 -5.23 NA 39 46846.000000
46846 122.99 -5.75 NA 39 46846.000000
46846 129.99 -5.66 NA 39 46846.000000
46846 144.98 -5.7 NA 39 46846.000000
46846 159.98 -6.05 NA 39 46846.000000
46846 168.98 -5.94 NA 39 46846.000000
46846 176.98 -6.1 NA 39 46846.000000
46846 182.98 -5.5 NA 39 46846.000000
46846 187.98 -4.18 NA 39 46846.000000
46846 190.98 -2.71 NA 39 46846.000000
46846 196.98 1.32 NA 39 46846.000000
46846 197.98 1.32 NA 39 46846.000000
46846 201.98 3.95 NA 39 46846.000000
46846 205.98 5.78 NA 39 46846.000000
46846 207.98 7.34 NA 39 46846.000000
46846 208.24 6.58 NA 39 46846.000000
46846 208.98 8.56 NA 39 46846.000000
46846 210.98 9.18 NA 39 46846.000000
46846 218.97 9.48 NA 39 46846.000000
46846 219.97 9.85 rd 39 46846.000000
48341 191.935 10.325 rg 40 48341.000000
48341 195.935 3.2 NA 40 48341.000000
48341 211.43 2.65 NA 40 48341.000000
48341 221.93 1.945 NA 40 48341.000000
48341 230.755 2.07 NA 40 48341.000000
48341 282.42 -0.005 NA 40 48341.000000
48341 290.92 -0.725 NA 40 48341.000000
48341 300.91 -1.51 NA 40 48341.000000
48341 317.91 -5.585 NA 40 48341.000000
48341 325.41 -6.075 NA 40 48341.000000
48341 340.405 -6.155 NA 40 48341.000000
48341 349.9 -5.745 NA 40 48341.000000
48341 367.395 -5.335 NA 40 48341.000000
48341 385.89 -4.565 NA 40 48341.000000
48341 394.89 -2.17 NA 40 48341.000000
48341 407.885 -1.825 NA 40 48341.000000
48341 421.38 -0.015 NA 40 48341.000000
48341 425.88 1.57 NA 40 48341.000000
48341 430.38 3.865 NA 40 48341.000000
48341 433.505 5.32 NA 40 48341.000000
48341 435.375 6.815 NA 40 48341.000000
48341 439.375 9.085 NA 40 48341.000000
48341 444.87 9.135 NA 40 48341.000000
48341 451.87 9.755 rd 40 48341.000000
49836 373.87 10.35 rg 41 49836.000000
49836 379.87 9.9 NA 41 49836.000000
49836 405.86 9.92 NA 41 49836.000000
49836 421.86 8.97 NA 41 49836.000000
49836 434.51 9.37 NA 41 49836.000000
49836 441.85 5.74 NA 41 49836.000000
49836 451.85 4.21 NA 41 49836.000000
49836 456.84 2.68 NA 41 49836.000000
49836 475.84 -5.12 NA 41 49836.000000
49836 481.84 -6.21 NA 41 49836.000000
49836 503.83 -6.21 NA 41 49836.000000
49836 516.82 -5.99 NA 41 49836.000000
49836 546.81 -6.49 NA 41 49836.000000
49836 580.8 -6.42 NA 41 49836.000000
49836 592.8 -5.66 NA 41 49836.000000
49836 617.79 -4.97 NA 41 49836.000000
49836 640.78 -3.98 NA 41 49836.000000
49836 645.78 -2.64 NA 41 49836.000000
49836 652.78 0.39 NA 41 49836.000000
49836 658.77 4.06 NA 41 49836.000000
49836 661.77 5.07 NA 41 49836.000000
49836 667.77 8.99 NA 41 49836.000000
49836 670.77 8.79 NA 41 49836.000000
49836 683.77 9.66 rd 41 49836.000000
51186 17 9.82 rg 42 51186.000000
51186 19 9.61 NA 42 51186.000000
51186 24 6.41 NA 42 51186.000000
51186 26.99 5.09 NA 42 51186.000000
51186 32.99 4.21 NA 42 51186.000000
51186 37.99 2.03 NA 42 51186.000000
51186 52.99 0.64 NA 42 51186.000000
51186 58.99 -0.68 NA 42 51186.000000
51186 65.99 -2.65 NA 42 51186.000000
51186 82.98 -4.95 NA 42 51186.000000
51186 91.98 -5.65 NA 42 51186.000000
51186 200.96 -6.07 NA 42 51186.000000
51186 216.96 -5.94 NA 42 51186.000000
51186 225.95 -5.7 NA 42 51186.000000
51186 231.95 -5.27 NA 42 51186.000000
51186 240.95 -4.24 NA 42 51186.000000
51186 246.95 -2.9 NA 42 51186.000000
51186 251.95 -1.12 NA 42 51186.000000
51186 257.95 1.35 NA 42 51186.000000
51186 264.95 4.11 NA 42 51186.000000
51186 273.95 5.56 NA 42 51186.000000
51186 277.94 8.74 NA 42 51186.000000
51186 279.94 9.66 NA 42 51186.000000
51186 283.94 9.69 rd 42 51186.000000
52468 17.0817 9.8367 rg 43 52468.000000
52468 19.4933 8.9117 NA 43 52468.000000
52468 24.4917 6.065 NA 43 52468.000000
52468 27.4817 4.6317 NA 43 52468.000000
52468 33.98 3.72 NA 43 52468.000000
52468 39.31 1.5767 NA 43 52468.000000
52468 52.8083 -0.005 NA 43 52468.000000
52468 58.4733 -1.2217 NA 43 52468.000000
52468 66.8017 -2.975 NA 43 52468.000000
52468 82.4583 -5.125 NA 43 52468.000000
52468 92.62 -5.69 NA 43 52468.000000
52468 186.43 -6.145 NA 43 52468.000000
52468 204.4217 -5.9583 NA 43 52468.000000
52468 214.7417 -5.7933 NA 43 52468.000000
52468 221.9033 -5.39 NA 43 52468.000000
52468 232.73 -4.5317 NA 43 52468.000000
52468 242.055 -3.23 NA 43 52468.000000
52468 247.5533 -1.5767 NA 43 52468.000000
52468 254.715 1.0983 NA 43 52468.000000
52468 262.545 3.7017 NA 43 52468.000000
52468 272.8733 5.105 NA 43 52468.000000
52468 277.3617 7.9667 NA 43 52468.000000
52468 280.1933 8.745 NA 43 52468.000000
52468 284.785 9.6717 rd 43 52468.000000
53750 17.1633 9.8533 rg 44 53750.000000
53750 19.9867 8.2133 NA 44 53750.000000
53750 24.9833 5.72 NA 44 53750.000000
53750 27.9733 4.1733 NA 44 53750.000000
53750 34.97 3.23 NA 44 53750.000000
53750 40.63 1.1233 NA 44 53750.000000
53750 52.6267 -0.65 NA 44 53750.000000
53750 57.9567 -1.7633 NA 44 53750.000000
53750 67.6133 -3.3 NA 44 53750.000000
53750 81.9367 -5.3 NA 44 53750.000000
53750 93.26 -5.73 NA 44 53750.000000
53750 171.9 -6.22 NA 44 53750.000000
53750 191.8833 -5.9767 NA 44 53750.000000
53750 203.5333 -5.8867 NA 44 53750.000000
53750 211.8567 -5.51 NA 44 53750.000000
53750 224.51 -4.8233 NA 44 53750.000000
53750 237.16 -3.56 NA 44 53750.000000
53750 243.1567 -2.0333 NA 44 53750.000000
53750 251.48 0.8467 NA 44 53750.000000
53750 260.14 3.2933 NA 44 53750.000000
53750 271.7967 4.65 NA 44 53750.000000
53750 276.7833 7.1933 NA 44 53750.000000
53750 280.4467 7.83 NA 44 53750.000000
53750 285.63 9.6533 rd 44 53750.000000
55032 17.245 9.87 rg 45 55032.000000
55032 20.48 7.515 NA 45 55032.000000
55032 25.475 5.375 NA 45 55032.000000
55032 28.465 3.715 NA 45 55032.000000
55032 35.96 2.74 NA 45 55032.000000
55032 41.95 0.67 NA 45 55032.000000
55032 52.445 -1.295 NA 45 55032.000000
55032 57.44 -2.305 NA 45 55032.000000
55032 68.425 -3.625 NA 45 55032.000000
55032 81.415 -5.475 NA 45 55032.000000
55032 93.9 -5.77 NA 45 55032.000000
55032 157.37 -6.295 NA 45 55032.000000
55032 179.345 -5.995 NA 45 55032.000000
55032 192.325 -5.98 NA 45 55032.000000
55032 201.81 -5.63 NA 45 55032.000000
55032 216.29 -5.115 NA 45 55032.000000
55032 232.265 -3.89 NA 45 55032.000000
55032 238.76 -2.49 NA 45 55032.000000
55032 248.245 0.595 NA 45 55032.000000
55032 257.735 2.885 NA 45 55032.000000
55032 270.72 4.195 NA 45 55032.000000
55032 276.205 6.42 NA 45 55032.000000
55032 280.7 6.915 NA 45 55032.000000
55032 286.475 9.635 rd 45 55032.000000
56314 17.3267 9.8867 rg 46 56314.000000
56314 20.9733 6.8167 NA 46 56314.000000
56314 25.9667 5.03 NA 46 56314.000000
56314 28.9567 3.2567 NA 46 56314.000000
56314 36.95 2.25 NA 46 56314.000000
56314 43.27 0.2167 NA 46 56314.000000
56314 52.2633 -1.94 NA 46 56314.000000
56314 56.9233 -2.8467 NA 46 56314.000000
56314 69.2367 -3.95 NA 46 56314.000000
56314 80.8933 -5.65 NA 46 56314.000000
56314 94.54 -5.81 NA 46 56314.000000
56314 142.84 -6.37 NA 46 56314.000000
56314 166.8067 -6.0133 NA 46 56314.000000
56314 181.1167 -6.0733 NA 46 56314.000000
56314 191.7633 -5.75 NA 46 56314.000000
56314 208.07 -5.4067 NA 46 56314.000000
56314 227.37 -4.22 NA 46 56314.000000
56314 234.3633 -2.9467 NA 46 56314.000000
56314 245.01 0.3433 NA 46 56314.000000
56314 255.33 2.4767 NA 46 56314.000000
56314 269.6433 3.74 NA 46 56314.000000
56314 275.6267 5.6467 NA 46 56314.000000
56314 280.9533 6 NA 46 56314.000000
56314 287.32 9.6167 rd 46 56314.000000
57596 17.4083 9.9033 rg 47 57596.000000
57596 21.4667 6.1183 NA 47 57596.000000
57596 26.4583 4.685 NA 47 57596.000000
57596 29.4483 2.7983 NA 47 57596.000000
57596 37.94 1.76 NA 47 57596.000000
57596 44.59 -0.2367 NA 47 57596.000000
57596 52.0817 -2.585 NA 47 57596.000000
57596 56.4067 -3.3883 NA 47 57596.000000
57596 70.0483 -4.275 NA 47 57596.000000
57596 80.3717 -5.825 NA 47 57596.000000
57596 95.18 -5.85 NA 47 57596.000000
57596 128.31 -6.445 NA 47 57596.000000
57596 154.2683 -6.0317 NA 47 57596.000000
57596 169.9083 -6.1667 NA 47 57596.000000
57596 181.7167 -5.87 NA 47 57596.000000
57596 199.85 -5.6983 NA 47 57596.000000
57596 222.475 -4.55 NA 47 57596.000000
57596 229.9667 -3.4033 NA 47 57596.000000
57596 241.775 0.0917 NA 47 57596.000000
57596 252.925 2.0683 NA 47 57596.000000
57596 268.5667 3.285 NA 47 57596.000000
57596 275.0483 4.8733 NA 47 57596.000000
57596 281.2067 5.085 NA 47 57596.000000
57596 288.165 9.5983 rd 47 57596.000000
58878 17.49 9.92 rg 48 58878.000000
58878 21.96 5.42 NA 48 58878.000000
58878 26.95 4.34 NA 48 58878.000000
58878 29.94 2.34 NA 48 58878.000000
58878 38.93 1.27 NA 48 58878.000000
58878 45.91 -0.69 NA 48 58878.000000
58878 51.9 -3.23 NA 48 58878.000000
58878 55.89 -3.93 NA 48 58878.000000
58878 70.86 -4.6 NA 48 58878.000000
58878 79.85 -6 NA 48 58878.000000
58878 95.82 -5.89 NA 48 58878.000000
58878 113.78 -6.52 NA 48 58878.000000
58878 141.73 -6.05 NA 48 58878.000000
58878 158.7 -6.26 NA 48 58878.000000
58878 171.67 -5.99 NA 48 58878.000000
58878 191.63 -5.99 NA 48 58878.000000
58878 217.58 -4.88 NA 48 58878.000000
58878 225.57 -3.86 NA 48 58878.000000
58878 238.54 -0.16 NA 48 58878.000000
58878 250.52 1.66 NA 48 58878.000000
58878 267.49 2.83 NA 48 58878.000000
58878 274.47 4.1 NA 48 58878.000000
58878 281.46 4.17 NA 48 58878.000000
58878 289.01 9.58 rd 48 58878.000000
60275 117.435 9.94 rg 49 60275.000000
60275 120.9 6.135 NA 49 60275.000000
60275 125.895 4.425 NA 49 60275.000000
60275 131.885 2.32 NA 49 60275.000000
60275 142.375 -0.85 NA 49 60275.000000
60275 147.865 -2.525 NA 49 60275.000000
60275 155.855 -4.775 NA 49 60275.000000
60275 162.345 -5.485 NA 49 60275.000000
60275 176.325 -5.64 NA 49 60275.000000
60275 189.315 -6.515 NA 49 60275.000000
60275 204.295 -6.045 NA 49 60275.000000
60275 218.77 -6.21 NA 49 60275.000000
60275 244.74 -6.13 NA 49 60275.000000
60275 261.215 -6.25 NA 49 60275.000000
60275 274.695 -5.835 NA 49 60275.000000
60275 290.675 -5.29 NA 49 60275.000000
60275 312.14 -4.47 NA 49 60275.000000
60275 319.135 -3.54 NA 49 60275.000000
60275 327.62 -1.18 NA 49 60275.000000
60275 339.105 1.7 NA 49 60275.000000
60275 352.585 2.975 NA 49 60275.000000
60275 368.565 4.17 NA 49 60275.000000
60275 376.06 4.705 NA 49 60275.000000
60275 383.315 9.59 rd 49 60275.000000
61672 217.38 9.96 rg 50 61672.000000
61672 219.84 6.85 NA 50 61672.000000
61672 224.84 4.51 NA 50 61672.000000
61672 233.83 2.3 NA 50 61672.000000
61672 245.82 -2.97 NA 50 61672.000000
61672 249.82 -4.36 NA 50 61672.000000
61672 259.81 -6.32 NA 50 61672.000000
61672 268.8 -7.04 NA 50 61672.000000
61672 281.79 -6.68 NA 50 61672.000000
61672 298.78 -7.03 NA 50 61672.000000
61672 312.77 -6.2 NA 50 61672.000000
61672 323.76 -5.9 NA 50 61672.000000
61672 347.75 -6.21 NA 50 61672.000000
61672 363.73 -6.24 NA 50 61672.000000
61672 377.72 -5.68 NA 50 61672.000000
61672 389.72 -4.59 NA 50 61672.000000
61672 406.7 -4.06 NA 50 61672.000000
61672 412.7 -3.22 NA 50 61672.000000
61672 416.7 -2.2 NA 50 61672.000000
61672 427.69 1.74 NA 50 61672.000000
61672 437.68 3.12 NA 50 61672.000000
61672 462.66 4.24 NA 50 61672.000000
61672 470.66 5.24 NA 50 61672.000000
61672 477.62 9.6 rd 50 61672.000000
62799.6667 196.3533 9.7733 rg 51 62799.666667
62799.6667 198.3233 7.0333 NA 51 62799.666667
62799.6667 202.99 4.76 NA 51 62799.666667
62799.6667 211.31 2.9533 NA 51 62799.666667
62799.6667 224.2933 -1.0633 NA 51 62799.666667
62799.6667 230.62 -2.24 NA 51 62799.666667
62799.6667 240.2733 -4.1133 NA 51 62799.666667
62799.6667 252.2567 -5.1767 NA 51 62799.666667
62799.6667 264.5733 -6.07 NA 51 62799.666667
62799.6667 282.2233 -6.5667 NA 51 62799.666667
62799.6667 295.8733 -6.11 NA 51 62799.666667
62799.6667 304.8633 -6.1767 NA 51 62799.666667
62799.6667 323.5167 -6.46 NA 51 62799.666667
62799.6667 337.1667 -6.2867 NA 51 62799.666667
62799.6667 356.4733 -5.9667 NA 51 62799.666667
62799.6667 369.13 -5.0833 NA 51 62799.666667
62799.6667 393.4233 -4.7933 NA 51 62799.666667
62799.6667 403.7433 -3.9767 NA 51 62799.666667
62799.6667 413.73 -2.64 NA 51 62799.666667
62799.6667 423.7167 0.4633 NA 51 62799.666667
62799.6667 436.3667 3.4367 NA 51 62799.666667
62799.6667 456.3467 4.3833 NA 51 62799.666667
62799.6667 463.3433 5.4233 NA 51 62799.666667
62799.6667 469.8933 9.5667 rd 51 62799.666667
63927.3333 175.3267 9.5867 rg 52 63927.333333
63927.3333 176.8067 7.2167 NA 52 63927.333333
63927.3333 181.14 5.01 NA 52 63927.333333
63927.3333 188.79 3.6067 NA 52 63927.333333
63927.3333 202.7667 0.8433 NA 52 63927.333333
63927.3333 211.42 -0.12 NA 52 63927.333333
63927.3333 220.7367 -1.9067 NA 52 63927.333333
63927.3333 235.7133 -3.3133 NA 52 63927.333333
63927.3333 247.3567 -5.46 NA 52 63927.333333
63927.3333 265.6667 -6.1033 NA 52 63927.333333
63927.3333 278.9767 -6.02 NA 52 63927.333333
63927.3333 285.9667 -6.4533 NA 52 63927.333333
63927.3333 299.2833 -6.71 NA 52 63927.333333
63927.3333 310.6033 -6.3333 NA 52 63927.333333
63927.3333 335.2267 -6.2533 NA 52 63927.333333
63927.3333 348.54 -5.5767 NA 52 63927.333333
63927.3333 380.1467 -5.5267 NA 52 63927.333333
63927.3333 394.7867 -4.7333 NA 52 63927.333333
63927.3333 410.76 -3.08 NA 52 63927.333333
63927.3333 419.7433 -0.8133 NA 52 63927.333333
63927.3333 435.0533 3.7533 NA 52 63927.333333
63927.3333 450.0333 4.5267 NA 52 63927.333333
63927.3333 456.0267 5.6067 NA 52 63927.333333
63927.3333 462.1667 9.5333 rd 52 63927.333333
65055 154.3 9.4 rg 53 65055.000000
65055 155.29 7.4 NA 53 65055.000000
65055 159.29 5.26 NA 53 65055.000000
65055 166.27 4.26 NA 53 65055.000000
65055 181.24 2.75 NA 53 65055.000000
65055 192.22 2 NA 53 65055.000000
65055 201.2 0.3 NA 53 65055.000000
65055 219.17 -1.45 NA 53 65055.000000
65055 230.14 -4.85 NA 53 65055.000000
65055 249.11 -5.64 NA 53 65055.000000
65055 262.08 -5.93 NA 53 65055.000000
65055 267.07 -6.73 NA 53 65055.000000
65055 275.05 -6.96 NA 53 65055.000000
65055 284.04 -6.38 NA 53 65055.000000
65055 313.98 -6.54 NA 53 65055.000000
65055 327.95 -6.07 NA 53 65055.000000
65055 366.87 -6.26 NA 53 65055.000000
65055 385.83 -5.49 NA 53 65055.000000
65055 407.79 -3.52 NA 53 65055.000000
65055 415.77 -2.09 NA 53 65055.000000
65055 433.74 4.07 NA 53 65055.000000
65055 443.72 4.67 NA 53 65055.000000
65055 448.71 5.79 NA 53 65055.000000
65055 454.44 9.5 rd 53 65055.000000
66116 509.74 10.7 rg 54 66116.000000
66116 513.73 9.3 NA 54 66116.000000
66116 528.71 8.47 NA 54 66116.000000
66116 538.7 6.71 NA 54 66116.000000
66116 566.67 5.42 NA 54 66116.000000
66116 583.64 4.23 NA 54 66116.000000
66116 612.61 3.81 NA 54 66116.000000
66116 628.59 1.76 NA 54 66116.000000
66116 636.58 -1.02 NA 54 66116.000000
66116 649.56 -4.46 NA 54 66116.000000
66116 671.54 -6.55 NA 54 66116.000000
66116 712.49 -6.2 NA 54 66116.000000
66116 733.46 -6.79 NA 54 66116.000000
66116 746.44 -6.09 NA 54 66116.000000
66116 752.44 -6.43 NA 54 66116.000000
66116 776.41 -6.14 NA 54 66116.000000
66116 804.37 -4.79 NA 54 66116.000000
66116 816.36 -1.98 NA 54 66116.000000
66116 828.34 -0.14 NA 54 66116.000000
66116 832.34 2.21 NA 54 66116.000000
66116 838.33 3.65 NA 54 66116.000000
66116 860.31 4.76 NA 54 66116.000000
66116 879.28 7.86 NA 54 66116.000000
66116 884.28 10.66 rd 54 66116.000000
67369.25 408.83 10.4175 rg 55 67369.250000
67369.25 412.9475 8.6025 NA 55 67369.250000
67369.25 425.68 7.385 NA 55 67369.250000
67369.25 440.1575 5.48 NA 55 67369.250000
67369.25 464.63 3.6725 NA 55 67369.250000
67369.25 480.85 2.1325 NA 55 67369.250000
67369.25 505.3225 1.5125 NA 55 67369.250000
67369.25 520.3 -0.1725 NA 55 67369.250000
67369.25 530.285 -2.6125 NA 55 67369.250000
67369.25 543.7625 -5.1875 NA 55 67369.250000
67369.25 563.9925 -6.5275 NA 55 67369.250000
67369.25 601.94 -6.2775 NA 55 67369.250000
67369.25 624.405 -6.855 NA 55 67369.250000
67369.25 641.875 -6.1925 NA 55 67369.250000
67369.25 654.11 -6.1125 NA 55 67369.250000
67369.25 675.33 -5.19 NA 55 67369.250000
67369.25 698.2975 -3.53 NA 55 67369.250000
67369.25 709.535 -1.02 NA 55 67369.250000
67369.25 720.515 0.45 NA 55 67369.250000
67369.25 726.76 2.74 NA 55 67369.250000
67369.25 735.495 4.91 NA 55 67369.250000
67369.25 755.4725 5.89 NA 55 67369.250000
67369.25 771.4475 8.125 NA 55 67369.250000
67369.25 777.945 10.4125 rd 55 67369.250000
68622.5 307.92 10.135 rg 56 68622.500000
68622.5 312.165 7.905 NA 56 68622.500000
68622.5 322.65 6.3 NA 56 68622.500000
68622.5 341.615 4.25 NA 56 68622.500000
68622.5 362.59 1.925 NA 56 68622.500000
68622.5 378.06 0.035 NA 56 68622.500000
68622.5 398.035 -0.785 NA 56 68622.500000
68622.5 412.01 -2.105 NA 56 68622.500000
68622.5 423.99 -4.205 NA 56 68622.500000
68622.5 437.965 -5.915 NA 56 68622.500000
68622.5 456.445 -6.505 NA 56 68622.500000
68622.5 491.39 -6.355 NA 56 68622.500000
68622.5 515.35 -6.92 NA 56 68622.500000
68622.5 537.31 -6.295 NA 56 68622.500000
68622.5 555.78 -5.795 NA 56 68622.500000
68622.5 574.25 -4.24 NA 56 68622.500000
68622.5 592.225 -2.27 NA 56 68622.500000
68622.5 602.71 -0.06 NA 56 68622.500000
68622.5 612.69 1.04 NA 56 68622.500000
68622.5 621.18 3.27 NA 56 68622.500000
68622.5 632.66 6.17 NA 56 68622.500000
68622.5 650.635 7.02 NA 56 68622.500000
68622.5 663.615 8.39 NA 56 68622.500000
68622.5 671.61 10.165 rd 56 68622.500000
69875.75 207.01 9.8525 rg 57 69875.750000
69875.75 211.3825 7.2075 NA 57 69875.750000
69875.75 219.62 5.215 NA 57 69875.750000
69875.75 243.0725 3.02 NA 57 69875.750000
69875.75 260.55 0.1775 NA 57 69875.750000
69875.75 275.27 -2.0625 NA 57 69875.750000
69875.75 290.7475 -3.0825 NA 57 69875.750000
69875.75 303.72 -4.0375 NA 57 69875.750000
69875.75 317.695 -5.7975 NA 57 69875.750000
69875.75 332.1675 -6.6425 NA 57 69875.750000
69875.75 348.8975 -6.4825 NA 57 69875.750000
69875.75 380.84 -6.4325 NA 57 69875.750000
69875.75 406.295 -6.985 NA 57 69875.750000
69875.75 432.745 -6.3975 NA 57 69875.750000
69875.75 457.45 -5.4775 NA 57 69875.750000
69875.75 473.17 -3.29 NA 57 69875.750000
69875.75 486.1525 -1.01 NA 57 69875.750000
69875.75 495.885 0.9 NA 57 69875.750000
69875.75 504.865 1.63 NA 57 69875.750000
69875.75 515.6 3.8 NA 57 69875.750000
69875.75 529.825 7.43 NA 57 69875.750000
69875.75 545.7975 8.15 NA 57 69875.750000
69875.75 555.7825 8.655 NA 57 69875.750000
69875.75 565.275 9.9175 rd 57 69875.750000
71129 106.1 9.57 rg 58 71129.000000
71129 110.6 6.51 NA 58 71129.000000
71129 116.59 4.13 NA 58 71129.000000
71129 144.53 1.79 NA 58 71129.000000
71129 158.51 -1.57 NA 58 71129.000000
71129 172.48 -4.16 NA 58 71129.000000
71129 183.46 -5.38 NA 58 71129.000000
71129 195.43 -5.97 NA 58 71129.000000
71129 211.4 -7.39 NA 58 71129.000000
71129 226.37 -7.37 NA 58 71129.000000
71129 241.35 -6.46 NA 58 71129.000000
71129 270.29 -6.51 NA 58 71129.000000
71129 297.24 -7.05 NA 58 71129.000000
71129 328.18 -6.5 NA 58 71129.000000
71129 359.12 -5.16 NA 58 71129.000000
71129 372.09 -2.34 NA 58 71129.000000
71129 380.08 0.25 NA 58 71129.000000
71129 389.06 1.86 NA 58 71129.000000
71129 397.04 2.22 NA 58 71129.000000
71129 410.02 4.33 NA 58 71129.000000
71129 426.99 8.69 NA 58 71129.000000
71129 440.96 9.28 NA 58 71129.000000
71129 447.95 8.92 NA 58 71129.000000
71129 458.94 9.67 rd 58 71129.000000
72234 500.49 9.62 rg 59 72234.000000
72234 506.32 5.56 NA 59 72234.000000
72234 513.32 4.25 NA 59 72234.000000
72234 520.32 4.18 NA 59 72234.000000
72234 551.31 2.61 NA 59 72234.000000
72234 559.31 1.86 NA 59 72234.000000
72234 584.31 -1.92 NA 59 72234.000000
72234 596.31 -4.36 NA 59 72234.000000
72234 615.31 -5.65 NA 59 72234.000000
72234 635.31 -7.47 NA 59 72234.000000
72234 645.31 -7.78 NA 59 72234.000000
72234 671.31 -7.62 NA 59 72234.000000
72234 697.31 -8.52 NA 59 72234.000000
72234 713.31 -7.53 NA 59 72234.000000
72234 736.31 -6.51 NA 59 72234.000000
72234 756.31 -6.3 NA 59 72234.000000
72234 771.31 -5.31 NA 59 72234.000000
72234 778.31 -3.81 NA 59 72234.000000
72234 794.31 4.2 NA 59 72234.000000
72234 802.3 4.89 NA 59 72234.000000
72234 823.3 5.6 NA 59 72234.000000
72234 871.3 6.39 NA 59 72234.000000
72234 884.3 6.89 NA 59 72234.000000
72234 888.24 9.75 rd 59 72234.000000
73456 1250.6 9.31 rg 60 73456.000000
73456 1256.6 9.12 NA 60 73456.000000
73456 1262.59 5.65 NA 60 73456.000000
73456 1267.59 4.4 NA 60 73456.000000
73456 1301.51 0.89 NA 60 73456.000000
73456 1306.5 0.69 NA 60 73456.000000
73456 1330.45 -2.99 NA 60 73456.000000
73456 1344.42 -4.41 NA 60 73456.000000
73456 1370.36 -6.19 NA 60 73456.000000
73456 1386.33 -6.8 NA 60 73456.000000
73456 1397.3 -6.5 NA 60 73456.000000
73456 1412.27 -6.84 NA 60 73456.000000
73456 1426.24 -6.39 NA 60 73456.000000
73456 1455.18 -6.71 NA 60 73456.000000
73456 1480.12 -6.69 NA 60 73456.000000
73456 1497.09 -6.02 NA 60 73456.000000
73456 1507.06 -4.91 NA 60 73456.000000
73456 1517.04 -4.55 NA 60 73456.000000
73456 1526.02 -3.22 NA 60 73456.000000
73456 1536 0.84 NA 60 73456.000000
73456 1551.96 4.07 NA 60 73456.000000
73456 1578.91 4.12 NA 60 73456.000000
73456 1599.86 4.93 NA 60 73456.000000
73456 1609.84 9.29 rd 60 73456.000000
75067 2160.86 9.47 rg 61 75067.000000
75067 2166.85 8.74 NA 61 75067.000000
75067 2190.78 8.71 NA 61 75067.000000
75067 2192.78 6.39 NA 61 75067.000000
75067 2202.75 5.08 NA 61 75067.000000
75067 2217.71 4.01 NA 61 75067.000000
75067 2223.7 1.58 NA 61 75067.000000
75067 2238.65 -1.16 NA 61 75067.000000
75067 2253.61 -5.23 NA 61 75067.000000
75067 2263.59 -6.34 NA 61 75067.000000
75067 2271.57 -6.39 NA 61 75067.000000
75067 2281.54 -7.63 NA 61 75067.000000
75067 2293.51 -8.14 NA 61 75067.000000
75067 2313.45 -7.21 NA 61 75067.000000
75067 2324.42 -7.34 NA 61 75067.000000
75067 2331.4 -6.68 NA 61 75067.000000
75067 2351.35 -6.9 NA 61 75067.000000
75067 2381.27 -6.85 NA 61 75067.000000
75067 2387.25 -6.58 NA 61 75067.000000
75067 2394.23 -5.09 NA 61 75067.000000
75067 2410.19 0.38 NA 61 75067.000000
75067 2423.16 4.08 NA 61 75067.000000
75067 2434.13 5.66 NA 61 75067.000000
75067 2442 11.46 rd 61 75067.000000
76631 2150.69 9.54 rg 62 76631.000000
76631 2165.69 7.77 NA 62 76631.000000
76631 2179.69 7.82 NA 62 76631.000000
76631 2183.69 8.93 NA 62 76631.000000
76631 2192.69 8.85 NA 62 76631.000000
76631 2196.69 6.24 NA 62 76631.000000
76631 2203.69 5.08 NA 62 76631.000000
76631 2227.68 4.05 NA 62 76631.000000
76631 2245.68 -2.03 NA 62 76631.000000
76631 2267.67 -6.96 NA 62 76631.000000
76631 2294.66 -7.25 NA 62 76631.000000
76631 2310.66 -7.94 NA 62 76631.000000
76631 2330.66 -8.19 NA 62 76631.000000
76631 2347.65 -8.75 NA 62 76631.000000
76631 2367.65 -8.85 NA 62 76631.000000
76631 2378.64 -8.17 NA 62 76631.000000
76631 2392.64 -8.16 NA 62 76631.000000
76631 2403.64 -7.25 NA 62 76631.000000
76631 2411.64 -5.19 NA 62 76631.000000
76631 2423.63 -3.04 NA 62 76631.000000
76631 2429.63 -1.27 NA 62 76631.000000
76631 2436.63 2.08 NA 62 76631.000000
76631 2446.63 5.3 NA 62 76631.000000
76631 2452.21 9.35 rd 62 76631.000000
78482 2458.85 9.52 rg 63 78482.000000
78482 2462.85 9.27 NA 63 78482.000000
78482 2469.85 4.87 NA 63 78482.000000
78482 2476.84 3.76 NA 63 78482.000000
78482 2491.81 -1.64 NA 63 78482.000000
78482 2498.8 -3.46 NA 63 78482.000000
78482 2511.78 -4.8 NA 63 78482.000000
78482 2521.76 -6.32 NA 63 78482.000000
78482 2539.73 -7.05 NA 63 78482.000000
78482 2563.69 -6.75 NA 63 78482.000000
78482 2573.67 -6.4 NA 63 78482.000000
78482 2588.64 -6.82 NA 63 78482.000000
78482 2623.58 -6.86 NA 63 78482.000000
78482 2636.55 -8.43 NA 63 78482.000000
78482 2644.54 -8.39 NA 63 78482.000000
78482 2648.53 -7.83 NA 63 78482.000000
78482 2659.51 -5.04 NA 63 78482.000000
78482 2675.48 -3.98 NA 63 78482.000000
78482 2680.48 -2.68 NA 63 78482.000000
78482 2684.47 -0.41 NA 63 78482.000000
78482 2693.45 3.02 NA 63 78482.000000
78482 2714.41 5.16 NA 63 78482.000000
78482 2726.39 7.1 NA 63 78482.000000
78482 2729.26 9.78 rd 63 78482.000000
79557.3333 2594.3133 9.44 rg 64 79557.333333
79557.3333 2597.3133 9.2367 NA 64 79557.333333
79557.3333 2604.31 5.0367 NA 64 79557.333333
79557.3333 2612.3 3.8567 NA 64 79557.333333
79557.3333 2625.61 -0.6567 NA 64 79557.333333
79557.3333 2633.93 -3.3167 NA 64 79557.333333
79557.3333 2645.2467 -5.18 NA 64 79557.333333
79557.3333 2654.8967 -6.96 NA 64 79557.333333
79557.3333 2669.5367 -7.7767 NA 64 79557.333333
79557.3333 2688.5067 -7.66 NA 64 79557.333333
79557.3333 2700.1533 -7.2767 NA 64 79557.333333
79557.3333 2717.1233 -7.4633 NA 64 79557.333333
79557.3333 2744.7433 -7.5933 NA 64 79557.333333
79557.3333 2759.3833 -8.6067 NA 64 79557.333333
79557.3333 2771.7 -8.2767 NA 64 79557.333333
79557.3333 2777.3533 -7.6133 NA 64 79557.333333
79557.3333 2788.3367 -5.1833 NA 64 79557.333333
79557.3333 2803.6433 -3.5833 NA 64 79557.333333
79557.3333 2817.2933 -1.3967 NA 64 79557.333333
79557.3333 2823.95 0.1267 NA 64 79557.333333
79557.3333 2835.26 3.6133 NA 64 79557.333333
79557.3333 2852.8967 5.2033 NA 64 79557.333333
79557.3333 2862.5467 7.49 NA 64 79557.333333
79557.3333 2864.5733 9.7367 rd 64 79557.333333
80632.6667 2729.7767 9.36 rg 65 80632.666667
80632.6667 2731.7767 9.2033 NA 65 80632.666667
80632.6667 2738.77 5.2033 NA 65 80632.666667
80632.6667 2747.76 3.9533 NA 65 80632.666667
80632.6667 2759.41 0.3267 NA 65 80632.666667
80632.6667 2769.06 -3.1733 NA 65 80632.666667
80632.6667 2778.7133 -5.56 NA 65 80632.666667
80632.6667 2788.0333 -7.6 NA 65 80632.666667
80632.6667 2799.3433 -8.5033 NA 65 80632.666667
80632.6667 2813.3233 -8.57 NA 65 80632.666667
80632.6667 2826.6367 -8.1533 NA 65 80632.666667
80632.6667 2845.6067 -8.1067 NA 65 80632.666667
80632.6667 2865.9067 -8.3267 NA 65 80632.666667
80632.6667 2882.2167 -8.7833 NA 65 80632.666667
80632.6667 2898.86 -8.1633 NA 65 80632.666667
80632.6667 2906.1767 -7.3967 NA 65 80632.666667
80632.6667 2917.1633 -5.3267 NA 65 80632.666667
80632.6667 2931.8067 -3.1867 NA 65 80632.666667
80632.6667 2954.1067 -0.1133 NA 65 80632.666667
80632.6667 2963.43 0.6633 NA 65 80632.666667
80632.6667 2977.07 4.2067 NA 65 80632.666667
80632.6667 2991.3833 5.2467 NA 65 80632.666667
80632.6667 2998.7033 7.88 NA 65 80632.666667
80632.6667 2999.8867 9.6933 rd 65 80632.666667
81708 2865.24 9.28 rg 66 81708.000000
81708 2866.24 9.17 NA 66 81708.000000
81708 2873.23 5.37 NA 66 81708.000000
81708 2883.22 4.05 NA 66 81708.000000
81708 2893.21 1.31 NA 66 81708.000000
81708 2904.19 -3.03 NA 66 81708.000000
81708 2912.18 -5.94 NA 66 81708.000000
81708 2921.17 -8.24 NA 66 81708.000000
81708 2929.15 -9.23 NA 66 81708.000000
81708 2938.14 -9.48 NA 66 81708.000000
81708 2953.12 -9.03 NA 66 81708.000000
81708 2974.09 -8.75 NA 66 81708.000000
81708 2987.07 -9.06 NA 66 81708.000000
81708 3005.05 -8.96 NA 66 81708.000000
81708 3026.02 -8.05 NA 66 81708.000000
81708 3035 -7.18 NA 66 81708.000000
81708 3045.99 -5.47 NA 66 81708.000000
81708 3059.97 -2.79 NA 66 81708.000000
81708 3090.92 1.17 NA 66 81708.000000
81708 3102.91 1.2 NA 66 81708.000000
81708 3118.88 4.8 NA 66 81708.000000
81708 3129.87 5.29 NA 66 81708.000000
81708 3134.86 8.27 NA 66 81708.000000
81708 3135.2 9.65 rd 66 81708.000000
82856 2940.81 9.56 rg 67 82856.000000
82856 2944.305 8.55 NA 67 82856.000000
82856 2956.28 5.345 NA 67 82856.000000
82856 2969.755 4.04 NA 67 82856.000000
82856 2978.74 1.95 NA 67 82856.000000
82856 2989.22 -1.865 NA 67 82856.000000
82856 2998.205 -4.25 NA 67 82856.000000
82856 3007.19 -6.6 NA 67 82856.000000
82856 3014.675 -7.635 NA 67 82856.000000
82856 3024.16 -7.855 NA 67 82856.000000
82856 3036.635 -8.34 NA 67 82856.000000
82856 3054.105 -8.43 NA 67 82856.000000
82856 3092.03 -8.395 NA 67 82856.000000
82856 3117.98 -8.64 NA 67 82856.000000
82856 3137.45 -8.205 NA 67 82856.000000
82856 3153.415 -8.02 NA 67 82856.000000
82856 3163.4 -6.965 NA 67 82856.000000
82856 3174.38 -4.925 NA 67 82856.000000
82856 3197.34 -0.755 NA 67 82856.000000
82856 3208.32 1.77 NA 67 82856.000000
82856 3221.795 4.09 NA 67 82856.000000
82856 3237.27 5.085 NA 67 82856.000000
82856 3242.755 7.94 NA 67 82856.000000
82856 3243.84 9.6 rd 67 82856.000000
84004 3016.38 9.84 rg 68 84004.000000
84004 3022.37 7.93 NA 68 84004.000000
84004 3039.33 5.32 NA 68 84004.000000
84004 3056.29 4.03 NA 68 84004.000000
84004 3064.27 2.59 NA 68 84004.000000
84004 3074.25 -0.7 NA 68 84004.000000
84004 3084.23 -2.56 NA 68 84004.000000
84004 3093.21 -4.96 NA 68 84004.000000
84004 3100.2 -6.04 NA 68 84004.000000
84004 3110.18 -6.23 NA 68 84004.000000
84004 3120.15 -7.65 NA 68 84004.000000
84004 3134.12 -8.11 NA 68 84004.000000
84004 3196.99 -7.73 NA 68 84004.000000
84004 3230.91 -8.32 NA 68 84004.000000
84004 3248.88 -8.36 NA 68 84004.000000
84004 3271.83 -8.86 NA 68 84004.000000
84004 3280.81 -8.46 NA 68 84004.000000
84004 3288.79 -7.06 NA 68 84004.000000
84004 3303.76 -2.68 NA 68 84004.000000
84004 3313.73 2.34 NA 68 84004.000000
84004 3324.71 3.38 NA 68 84004.000000
84004 3344.67 4.88 NA 68 84004.000000
84004 3350.65 7.61 NA 68 84004.000000
84004 3352.48 9.55 rd 68 84004.000000
85014 2291.1 9.24 rg 69 85014.000000
85014 2298.1 7.62 NA 69 85014.000000
85014 2320.08 7.58 NA 69 85014.000000
85014 2335.06 6.22 NA 69 85014.000000
85014 2350.05 5.51 NA 69 85014.000000
85014 2361.04 4.23 NA 69 85014.000000
85014 2375.03 -0.36 NA 69 85014.000000
85014 2387.02 -3.84 NA 69 85014.000000
85014 2403 -5.68 NA 69 85014.000000
85014 2422.99 -5.97 NA 69 85014.000000
85014 2438.97 -7.82 NA 69 85014.000000
85014 2463.95 -7.66 NA 69 85014.000000
85014 2472.94 -8.15 NA 69 85014.000000
85014 2489.93 -7.59 NA 69 85014.000000
85014 2513.91 -8.13 NA 69 85014.000000
85014 2526.9 -8 NA 69 85014.000000
85014 2546.88 -8.46 NA 69 85014.000000
85014 2566.86 -8.09 NA 69 85014.000000
85014 2574.85 -7.42 NA 69 85014.000000
85014 2587.84 -4.61 NA 69 85014.000000
85014 2600.83 0.53 NA 69 85014.000000
85014 2609.82 3.12 NA 69 85014.000000
85014 2632.8 5.85 NA 69 85014.000000
85014 2637.48 9.75 rd 69 85014.000000
85420 1924.47 9.42 rg 70 85420.000000
85420 1941.47 9.26 NA 70 85420.000000
85420 1946.46 7.47 NA 70 85420.000000
85420 1967.45 5.08 NA 70 85420.000000
85420 1989.44 4.02 NA 70 85420.000000
85420 2000.44 1.14 NA 70 85420.000000
85420 2015.43 -3.19 NA 70 85420.000000
85420 2022.43 -4.29 NA 70 85420.000000
85420 2036.42 -4.71 NA 70 85420.000000
85420 2048.41 -6.7 NA 70 85420.000000
85420 2071.4 -7.04 NA 70 85420.000000
85420 2097.39 -6.99 NA 70 85420.000000
85420 2121.38 -6.47 NA 70 85420.000000
85420 2132.37 -6.78 NA 70 85420.000000
85420 2141.37 -8.16 NA 70 85420.000000
85420 2152.36 -8.15 NA 70 85420.000000
85420 2192.34 -5.74 NA 70 85420.000000
85420 2202.34 -4.44 NA 70 85420.000000
85420 2220.33 -3.27 NA 70 85420.000000
85420 2232.32 -1.79 NA 70 85420.000000
85420 2247.31 1.84 NA 70 85420.000000
85420 2257.31 3.41 NA 70 85420.000000
85420 2271.3 4.37 NA 70 85420.000000
85420 2279.59 9.5 rd 70 85420.000000
85578 1800.66 9.45 rg 71 85578.000000
85578 1807.97 6.14 NA 71 85578.000000
85578 1818.97 4.95 NA 71 85578.000000
85578 1834.97 4.91 NA 71 85578.000000
85578 1848.97 3.32 NA 71 85578.000000
85578 1854.97 3 NA 71 85578.000000
85578 1868.96 -0.42 NA 71 85578.000000
85578 1878.96 -3.6 NA 71 85578.000000
85578 1883.96 -4.43 NA 71 85578.000000
85578 1895.96 -5.12 NA 71 85578.000000
85578 1904.96 -6.36 NA 71 85578.000000
85578 1914.96 -6.84 NA 71 85578.000000
85578 1948.95 -6.72 NA 71 85578.000000
85578 1958.95 -6.51 NA 71 85578.000000
85578 2030.94 -6.83 NA 71 85578.000000
85578 2041.94 -7.02 NA 71 85578.000000
85578 2066.93 -5.86 NA 71 85578.000000
85578 2075.93 -4.29 NA 71 85578.000000
85578 2086.93 -3 NA 71 85578.000000
85578 2101.93 -1.9 NA 71 85578.000000
85578 2116.92 2.87 NA 71 85578.000000
85578 2130.92 4.19 NA 71 85578.000000
85578 2141.92 5.94 NA 71 85578.000000
85578 2146.92 9.45 rd 71 85578.000000
85823 1563.87 9.48 rg 72 85823.000000
85823 1565.87 8.33 NA 72 85823.000000
85823 1590.87 8.09 NA 72 85823.000000
85823 1594.87 8.85 NA 72 85823.000000
85823 1613.87 5.38 NA 72 85823.000000
85823 1642.86 1.47 NA 72 85823.000000
85823 1649.86 1.02 NA 72 85823.000000
85823 1654.86 -0.45 NA 72 85823.000000
85823 1662.86 -4.06 NA 72 85823.000000
85823 1670.86 -6.1 NA 72 85823.000000
85823 1702.86 -7.66 NA 72 85823.000000
85823 1714.86 -7.25 NA 72 85823.000000
85823 1771.85 -6.68 NA 72 85823.000000
85823 1807.85 -6.98 NA 72 85823.000000
85823 1824.84 -5.71 NA 72 85823.000000
85823 1845.84 -4.92 NA 72 85823.000000
85823 1865.84 -2.96 NA 72 85823.000000
85823 1874.84 -2.39 NA 72 85823.000000
85823 1882.84 -1.1 NA 72 85823.000000
85823 1900.84 3.55 NA 72 85823.000000
85823 1910.84 4.47 NA 72 85823.000000
85823 1924.83 4.21 NA 72 85823.000000
85823 1931.83 4.56 NA 72 85823.000000
85823 1939.76 9.75 rd 72 85823.000000
86736 488.94 9.72 rg 73 86736.000000
86736 490.94 8.82 NA 73 86736.000000
86736 505.94 6.75 NA 73 86736.000000
86736 534.93 4.26 NA 73 86736.000000
86736 556.93 3.5 NA 73 86736.000000
86736 560.93 2.62 NA 73 86736.000000
86736 564.93 0.68 NA 73 86736.000000
86736 571.93 -3.98 NA 73 86736.000000
86736 578.93 -6.74 NA 73 86736.000000
86736 584.93 -7.18 NA 73 86736.000000
86736 701.91 -6.82 NA 73 86736.000000
86736 711.91 -6.4 NA 73 86736.000000
86736 721.91 -6.53 NA 73 86736.000000
86736 736.91 -5.75 NA 73 86736.000000
86736 752.91 -5.11 NA 73 86736.000000
86736 765.91 -3.45 NA 73 86736.000000
86736 777.9 -2.17 NA 73 86736.000000
86736 786.9 -0.56 NA 73 86736.000000
86736 806.9 2.3 NA 73 86736.000000
86736 815.9 2.5 NA 73 86736.000000
86736 838.9 4.95 NA 73 86736.000000
86736 842.9 5.51 NA 73 86736.000000
86736 848.27 9.18 NA 73 86736.000000
86736 849.9 9.23 rd 73 86736.000000
87822 175.92 9.65 rg 74 87822.000000
87822 179.92 9.57 NA 74 87822.000000
87822 186.92 5.52 NA 74 87822.000000
87822 191.91 4.07 NA 74 87822.000000
87822 219.9 2.57 NA 74 87822.000000
87822 224.9 2.06 NA 74 87822.000000
87822 230.9 0.39 NA 74 87822.000000
87822 238.89 -3.39 NA 74 87822.000000
87822 253.89 -6.59 NA 74 87822.000000
87822 278.87 -7.83 NA 74 87822.000000
87822 290.87 -7.88 NA 74 87822.000000
87822 304.86 -6.95 NA 74 87822.000000
87822 330.85 -7.07 NA 74 87822.000000
87822 338.85 -8.66 NA 74 87822.000000
87822 347.84 -9.2 NA 74 87822.000000
87822 366.83 -9.05 NA 74 87822.000000
87822 374.83 -8.7 NA 74 87822.000000
87822 385.83 -7.57 NA 74 87822.000000
87822 390.82 -6.21 NA 74 87822.000000
87822 403.82 0.07 NA 74 87822.000000
87822 408.82 2.05 NA 74 87822.000000
87822 435.8 6.02 NA 74 87822.000000
87822 440.2 9.19 NA 74 87822.000000
87822 441.8 9.27 rd 74 87822.000000
89518 0 13.71 rg 75 89518.000000
89518 0.5 8.13 NA 75 89518.000000
89518 25.96 8.48 NA 75 89518.000000
89518 30.96 8.95 NA 75 89518.000000
89518 33.95 8.12 NA 75 89518.000000
89518 39.94 4.51 NA 75 89518.000000
89518 44.94 4.05 NA 75 89518.000000
89518 52.93 2.3 NA 75 89518.000000
89518 64.91 -2.26 NA 75 89518.000000
89518 71.9 -3.99 NA 75 89518.000000
89518 84.88 -6.37 NA 75 89518.000000
89518 92.87 -7.43 NA 75 89518.000000
89518 104.85 -8.34 NA 75 89518.000000
89518 111.84 -8.48 NA 75 89518.000000
89518 136.81 -8.27 NA 75 89518.000000
89518 156.78 -7.72 NA 75 89518.000000
89518 180.75 -7.57 NA 75 89518.000000
89518 197.72 -7.16 NA 75 89518.000000
89518 216.7 -7 NA 75 89518.000000
89518 227.68 -5.37 NA 75 89518.000000
89518 236.67 -2.41 NA 75 89518.000000
89518 246.65 1.78 NA 75 89518.000000
89518 255.64 4.14 NA 75 89518.000000
89518 263.16 9.23 rd 75 89518.000000
89640 59.98 10.67 rg 76 89640.000000
89640 63.98 9.93 NA 76 89640.000000
89640 83.97 9.1 NA 76 89640.000000
89640 89.97 5.65 NA 76 89640.000000
89640 92.97 4.44 NA 76 89640.000000
89640 99.97 3.26 NA 76 89640.000000
89640 104.96 1.87 NA 76 89640.000000
89640 116.96 -2.97 NA 76 89640.000000
89640 125.96 -5.47 NA 76 89640.000000
89640 134.95 -7.1 NA 76 89640.000000
89640 144.95 -7.89 NA 76 89640.000000
89640 155.95 -8.31 NA 76 89640.000000
89640 169.94 -8.48 NA 76 89640.000000
89640 213.93 -7.49 NA 76 89640.000000
89640 224.92 -7.47 NA 76 89640.000000
89640 249.91 -7 NA 76 89640.000000
89640 268.91 -7.14 NA 76 89640.000000
89640 275.9 -6.86 NA 76 89640.000000
89640 281.9 -5.31 NA 76 89640.000000
89640 289.9 -1.16 NA 76 89640.000000
89640 295.9 1.61 NA 76 89640.000000
89640 305.89 3.62 NA 76 89640.000000
89640 313.89 7.96 NA 76 89640.000000
89640 314.78 9.32 rd 76 89640.000000
90331 73.97 9.74 rg 77 90331.000000
90331 92.96 9.34 NA 77 90331.000000
90331 96.96 8.93 NA 77 90331.000000
90331 100.96 5.78 NA 77 90331.000000
90331 110.96 2.35 NA 77 90331.000000
90331 115.95 1.27 NA 77 90331.000000
90331 119.95 -0.62 NA 77 90331.000000
90331 130.95 -4.52 NA 77 90331.000000
90331 137.95 -5.68 NA 77 90331.000000
90331 160.94 -8.11 NA 77 90331.000000
90331 168.93 -8.65 NA 77 90331.000000
90331 175.93 -8.68 NA 77 90331.000000
90331 189.93 -8.13 NA 77 90331.000000
90331 207.92 -7.8 NA 77 90331.000000
90331 229.91 -8.13 NA 77 90331.000000
90331 267.9 -7.58 NA 77 90331.000000
90331 271.89 -7.18 NA 77 90331.000000
90331 276.89 -5.86 NA 77 90331.000000
90331 281.89 -3.98 NA 77 90331.000000
90331 290.89 1.3 NA 77 90331.000000
90331 296.88 3.08 NA 77 90331.000000
90331 302.88 3.41 NA 77 90331.000000
90331 309.88 8.02 NA 77 90331.000000
90331 311.02 9.42 rd 77 90331.000000
91353 22 10.51 rg 78 91353.000000
91353 25 9.56 NA 78 91353.000000
91353 38.99 9.12 NA 78 91353.000000
91353 42.99 8.03 NA 78 91353.000000
91353 48.99 4.13 NA 78 91353.000000
91353 60.99 1.17 NA 78 91353.000000
91353 69.99 -2.85 NA 78 91353.000000
91353 75.99 -4.13 NA 78 91353.000000
91353 106.98 -5.3 NA 78 91353.000000
91353 112.98 -6.01 NA 78 91353.000000
91353 118.98 -7.84 NA 78 91353.000000
91353 125.98 -9.05 NA 78 91353.000000
91353 133.98 -9.06 NA 78 91353.000000
91353 154.97 -8.21 NA 78 91353.000000
91353 162.97 -8.46 NA 78 91353.000000
91353 174.97 -9.77 NA 78 91353.000000
91353 188.97 -9.72 NA 78 91353.000000
91353 211.97 -8.8 NA 78 91353.000000
91353 217.96 -7.73 NA 78 91353.000000
91353 226.96 -2.95 NA 78 91353.000000
91353 236.96 1.8 NA 78 91353.000000
91353 240.96 2.54 NA 78 91353.000000
91353 247.96 5.17 NA 78 91353.000000
91353 254.28 9.5 rd 78 91353.000000
92685 112.4467 10.1733 rg 79 92685.000000
92685 116.2933 8.2233 NA 79 92685.000000
92685 127.62 7.27 NA 79 92685.000000
92685 131.9533 6.23 NA 79 92685.000000
92685 138.2867 2.2967 NA 79 92685.000000
92685 148.2833 -0.53 NA 79 92685.000000
92685 159.6167 -4.2133 NA 79 92685.000000
92685 166.28 -5.26 NA 79 92685.000000
92685 193.6067 -6.1233 NA 79 92685.000000
92685 200.9367 -6.9133 NA 79 92685.000000
92685 208.6033 -8.3633 NA 79 92685.000000
92685 215.27 -9.1967 NA 79 92685.000000
92685 227.6 -9.1167 NA 79 92685.000000
92685 244.9233 -8.2833 NA 79 92685.000000
92685 254.2567 -8.26 NA 79 92685.000000
92685 267.2533 -9.1833 NA 79 92685.000000
92685 282.5867 -8.9633 NA 79 92685.000000
92685 304.25 -7.8267 NA 79 92685.000000
92685 312.5733 -6.2767 NA 79 92685.000000
92685 323.9067 -1.5467 NA 79 92685.000000
92685 335.9033 2.49 NA 79 92685.000000
92685 341.9033 3.3567 NA 79 92685.000000
92685 348.5667 6.4133 NA 79 92685.000000
92685 353.35 9.4933 rd 79 92685.000000
94017 202.8933 9.8367 rg 80 94017.000000
94017 207.5867 6.8867 NA 80 94017.000000
94017 216.25 5.42 NA 80 94017.000000
94017 220.9167 4.43 NA 80 94017.000000
94017 227.5833 0.4633 NA 80 94017.000000
94017 235.5767 -2.23 NA 80 94017.000000
94017 249.2433 -5.5767 NA 80 94017.000000
94017 256.57 -6.39 NA 80 94017.000000
94017 280.2333 -6.9467 NA 80 94017.000000
94017 288.8933 -7.8167 NA 80 94017.000000
94017 298.2267 -8.8867 NA 80 94017.000000
94017 304.56 -9.3433 NA 80 94017.000000
94017 321.22 -9.1733 NA 80 94017.000000
94017 334.8767 -8.3567 NA 80 94017.000000
94017 345.5433 -8.06 NA 80 94017.000000
94017 359.5367 -8.5967 NA 80 94017.000000
94017 376.2033 -8.2067 NA 80 94017.000000
94017 396.53 -6.8533 NA 80 94017.000000
94017 407.1867 -4.8233 NA 80 94017.000000
94017 420.8533 -0.1433 NA 80 94017.000000
94017 434.8467 3.18 NA 80 94017.000000
94017 442.8467 4.1733 NA 80 94017.000000
94017 449.1733 7.6567 NA 80 94017.000000
94017 452.42 9.4867 rd 80 94017.000000
95349 293.34 9.5 rg 81 95349.000000
95349 298.88 5.55 NA 81 95349.000000
95349 304.88 3.57 NA 81 95349.000000
95349 309.88 2.63 NA 81 95349.000000
95349 316.88 -1.37 NA 81 95349.000000
95349 322.87 -3.93 NA 81 95349.000000
95349 338.87 -6.94 NA 81 95349.000000
95349 346.86 -7.52 NA 81 95349.000000
95349 366.86 -7.77 NA 81 95349.000000
95349 376.85 -8.72 NA 81 95349.000000
95349 387.85 -9.41 NA 81 95349.000000
95349 393.85 -9.49 NA 81 95349.000000
95349 414.84 -9.23 NA 81 95349.000000
95349 424.83 -8.43 NA 81 95349.000000
95349 436.83 -7.86 NA 81 95349.000000
95349 451.82 -8.01 NA 81 95349.000000
95349 469.82 -7.45 NA 81 95349.000000
95349 488.81 -5.88 NA 81 95349.000000
95349 501.8 -3.37 NA 81 95349.000000
95349 517.8 1.26 NA 81 95349.000000
95349 533.79 3.87 NA 81 95349.000000
95349 543.79 4.99 NA 81 95349.000000
95349 549.78 8.9 NA 81 95349.000000
95349 551.49 9.48 rd 81 95349.000000
96009 881.45 9.68 rg 82 96009.000000
96009 885.83 5.83 NA 82 96009.000000
96009 895.81 3.98 NA 82 96009.000000
96009 898.8 2.83 NA 82 96009.000000
96009 905.78 -1.45 NA 82 96009.000000
96009 914.76 -4.89 NA 82 96009.000000
96009 926.74 -8.19 NA 82 96009.000000
96009 943.7 -10.98 NA 82 96009.000000
96009 948.69 -11.2 NA 82 96009.000000
96009 984.61 -9.28 NA 82 96009.000000
96009 1003.56 -8.04 NA 82 96009.000000
96009 1011.54 -7.8 NA 82 96009.000000
96009 1023.52 -8.52 NA 82 96009.000000
96009 1036.51 -8.64 NA 82 96009.000000
96009 1044.5 -8.32 NA 82 96009.000000
96009 1072.47 -7.89 NA 82 96009.000000
96009 1084.46 -6.29 NA 82 96009.000000
96009 1091.45 -4.04 NA 82 96009.000000
96009 1096.45 -3.16 NA 82 96009.000000
96009 1108.43 1.12 NA 82 96009.000000
96009 1118.42 3.69 NA 82 96009.000000
96009 1137.41 6.77 NA 82 96009.000000
96009 1143.4 8.19 NA 82 96009.000000
96009 1143.84 9.56 rd 82 96009.000000
97091 1721.9 9.68 rg 83 97091.000000
97091 1724.57 6.99 NA 83 97091.000000
97091 1730.57 4.72 NA 83 97091.000000
97091 1742.57 2.78 NA 83 97091.000000
97091 1753.56 1.66 NA 83 97091.000000
97091 1763.56 -2.04 NA 83 97091.000000
97091 1775.56 -4.73 NA 83 97091.000000
97091 1794.56 -6.47 NA 83 97091.000000
97091 1808.55 -8.29 NA 83 97091.000000
97091 1868.54 -7.56 NA 83 97091.000000
97091 1881.54 -7.74 NA 83 97091.000000
97091 1920.54 -7.68 NA 83 97091.000000
97091 1933.53 -6.95 NA 83 97091.000000
97091 1943.53 -4.98 NA 83 97091.000000
97091 1954.53 -4.19 NA 83 97091.000000
97091 1962.53 -2.61 NA 83 97091.000000
97091 1968.53 0.13 NA 83 97091.000000
97091 1974.53 1.75 NA 83 97091.000000
97091 1982.52 2.16 NA 83 97091.000000
97091 1986.52 3.73 NA 83 97091.000000
97091 1995.52 4.32 NA 83 97091.000000
97091 2014.52 6.39 NA 83 97091.000000
97091 2022.52 9.23 NA 83 97091.000000
97091 2027.52 10.42 rd 83 97091.000000
98247 2146.82 9.7 rg 84 98247.000000
98247 2153.65 5.15 NA 84 98247.000000
98247 2175.65 2.52 NA 84 98247.000000
98247 2181.65 2.31 NA 84 98247.000000
98247 2193.64 0.28 NA 84 98247.000000
98247 2225.64 -2.78 NA 84 98247.000000
98247 2239.63 -5.08 NA 84 98247.000000
98247 2258.63 -5.77 NA 84 98247.000000
98247 2279.62 -7.58 NA 84 98247.000000
98247 2314.62 -8.92 NA 84 98247.000000
98247 2329.61 -10.07 NA 84 98247.000000
98247 2354.61 -10.82 NA 84 98247.000000
98247 2364.61 -11.48 NA 84 98247.000000
98247 2377.6 -10.9 NA 84 98247.000000
98247 2400.6 -7.48 NA 84 98247.000000
98247 2420.59 -4.12 NA 84 98247.000000
98247 2434.59 -3.11 NA 84 98247.000000
98247 2443.59 -1.14 NA 84 98247.000000
98247 2455.59 2.47 NA 84 98247.000000
98247 2463.58 4.08 NA 84 98247.000000
98247 2484.58 6.79 NA 84 98247.000000
98247 2492.58 8.31 NA 84 98247.000000
98247 2528.57 9.1 NA 84 98247.000000
98247 2540.57 10.31 rd 84 98247.000000
99624.5 1886.63 9.635 rg 85 99624.500000
99624.5 1894.545 5.07 NA 85 99624.500000
99624.5 1908.545 3.205 NA 85 99624.500000
99624.5 1932.045 1.7 NA 85 99624.500000
99624.5 1952.535 0.56 NA 85 99624.500000
99624.5 1981.035 -1.52 NA 85 99624.500000
99624.5 1995.53 -3.19 NA 85 99624.500000
99624.5 2010.025 -4.36 NA 85 99624.500000
99624.5 2028.02 -6.18 NA 85 99624.500000
99624.5 2069.015 -8.36 NA 85 99624.500000
99624.5 2085.51 -8.885 NA 85 99624.500000
99624.5 2123.505 -9.625 NA 85 99624.500000
99624.5 2135.005 -9.915 NA 85 99624.500000
99624.5 2150.5 -9.295 NA 85 99624.500000
99624.5 2166 -7.71 NA 85 99624.500000
99624.5 2188.99 -5.68 NA 85 99624.500000
99624.5 2202.49 -4.235 NA 85 99624.500000
99624.5 2214.99 -2.435 NA 85 99624.500000
99624.5 2226.99 0.615 NA 85 99624.500000
99624.5 2237.985 3.89 NA 85 99624.500000
99624.5 2258.48 5.885 NA 85 99624.500000
99624.5 2265.48 7.015 NA 85 99624.500000
99624.5 2285.095 9.215 NA 85 99624.500000
99624.5 2293.475 9.91 rd 85 99624.500000
101002 1626.44 9.57 rg 86 101002.00000
101002 1635.44 4.99 NA 86 101002.00000
101002 1641.44 3.89 NA 86 101002.00000
101002 1682.44 1.09 NA 86 101002.00000
101002 1711.43 0.84 NA 86 101002.00000
101002 1736.43 -0.26 NA 86 101002.00000
101002 1751.43 -1.3 NA 86 101002.00000
101002 1761.42 -2.95 NA 86 101002.00000
101002 1776.42 -4.78 NA 86 101002.00000
101002 1823.41 -7.8 NA 86 101002.00000
101002 1841.41 -7.7 NA 86 101002.00000
101002 1892.4 -8.43 NA 86 101002.00000
101002 1905.4 -8.35 NA 86 101002.00000
101002 1923.4 -7.69 NA 86 101002.00000
101002 1931.4 -7.94 NA 86 101002.00000
101002 1957.39 -7.24 NA 86 101002.00000
101002 1970.39 -5.36 NA 86 101002.00000
101002 1986.39 -3.73 NA 86 101002.00000
101002 1998.39 -1.24 NA 86 101002.00000
101002 2012.39 3.7 NA 86 101002.00000
101002 2032.38 4.98 NA 86 101002.00000
101002 2038.38 5.72 NA 86 101002.00000
101002 2041.62 9.33 NA 86 101002.00000
101002 2046.38 9.51 rd 86 101002.00000
101390 1159.47 9.63 rg 87 101390.00000
101390 1163.54 9.5 NA 87 101390.00000
101390 1172.46 5.53 NA 87 101390.00000
101390 1176.46 4.79 NA 87 101390.00000
101390 1196.44 3.89 NA 87 101390.00000
101390 1197.44 2.24 NA 87 101390.00000
101390 1230.41 0.55 NA 87 101390.00000
101390 1267.38 -0.81 NA 87 101390.00000
101390 1282.37 -1.68 NA 87 101390.00000
101390 1317.34 -5.1 NA 87 101390.00000
101390 1365.3 -7.37 NA 87 101390.00000
101390 1382.29 -7.76 NA 87 101390.00000
101390 1396.28 -8.77 NA 87 101390.00000
101390 1424.26 -10.14 NA 87 101390.00000
101390 1454.23 -10.64 NA 87 101390.00000
101390 1474.21 -10.47 NA 87 101390.00000
101390 1491.2 -8.71 NA 87 101390.00000
101390 1499.19 -7.31 NA 87 101390.00000
101390 1512.18 -6.54 NA 87 101390.00000
101390 1520.18 -5.22 NA 87 101390.00000
101390 1540.16 0.9 NA 87 101390.00000
101390 1562.14 4.47 NA 87 101390.00000
101390 1564.14 7.67 NA 87 101390.00000
101390 1568.14 9.88 rd 87 101390.00000
102979 23.54 9.32 rg 88 102979.00000
102979 26.99 5.2 NA 88 102979.00000
102979 31.98 3.46 NA 88 102979.00000
102979 35.98 3.72 NA 88 102979.00000
102979 41.98 2.23 NA 88 102979.00000
102979 65.97 -0.68 NA 88 102979.00000
102979 84.96 -1.58 NA 88 102979.00000
102979 90.95 -2.31 NA 88 102979.00000
102979 106.95 -6.02 NA 88 102979.00000
102979 117.94 -7.3 NA 88 102979.00000
102979 140.93 -7.77 NA 88 102979.00000
102979 173.91 -7.64 NA 88 102979.00000
102979 193.9 -8.23 NA 88 102979.00000
102979 225.89 -8.24 NA 88 102979.00000
102979 235.88 -8.5 NA 88 102979.00000
102979 267.87 -8.16 NA 88 102979.00000
102979 287.86 -6.28 NA 88 102979.00000
102979 296.85 -4.89 NA 88 102979.00000
102979 313.84 -3.13 NA 88 102979.00000
102979 327.84 0.41 NA 88 102979.00000
102979 344.83 4.91 NA 88 102979.00000
102979 349.82 7.99 NA 88 102979.00000
102979 362.82 9.68 NA 88 102979.00000
102979 380.81 9.9 rd 88 102979.00000
104117.5 573.59 9.385 rg 89 104117.50000
104117.5 577.025 5.955 NA 89 104117.50000
104117.5 584.015 2.515 NA 89 104117.50000
104117.5 592.015 1.145 NA 89 104117.50000
104117.5 604.005 -0.91 NA 89 104117.50000
104117.5 619.5 -2.645 NA 89 104117.50000
104117.5 637.99 -3.45 NA 89 104117.50000
104117.5 647.98 -4.605 NA 89 104117.50000
104117.5 662.475 -6.815 NA 89 104117.50000
104117.5 676.965 -7.605 NA 89 104117.50000
104117.5 701.955 -7.715 NA 89 104117.50000
104117.5 738.43 -8.345 NA 89 104117.50000
104117.5 759.42 -8.645 NA 89 104117.50000
104117.5 782.41 -7.95 NA 89 104117.50000
104117.5 793.905 -7.945 NA 89 104117.50000
104117.5 813.895 -7.23 NA 89 104117.50000
104117.5 828.885 -3.88 NA 89 104117.50000
104117.5 839.88 -2.465 NA 89 104117.50000
104117.5 853.37 -0.25 NA 89 104117.50000
104117.5 864.37 1.63 NA 89 104117.50000
104117.5 899.35 4.03 NA 89 104117.50000
104117.5 902.345 5.685 NA 89 104117.50000
104117.5 921.335 7.275 NA 89 104117.50000
104117.5 934.01 9.715 rd 89 104117.50000
105256 1123.64 9.45 rg 90 105256.00000
105256 1127.06 6.71 NA 90 105256.00000
105256 1136.05 1.57 NA 90 105256.00000
105256 1148.05 -1.43 NA 90 105256.00000
105256 1166.03 -4.05 NA 90 105256.00000
105256 1173.03 -4.61 NA 90 105256.00000
105256 1191.02 -5.32 NA 90 105256.00000
105256 1205.01 -6.9 NA 90 105256.00000
105256 1218 -7.61 NA 90 105256.00000
105256 1235.99 -7.91 NA 90 105256.00000
105256 1262.98 -7.66 NA 90 105256.00000
105256 1302.95 -9.05 NA 90 105256.00000
105256 1324.94 -9.06 NA 90 105256.00000
105256 1338.93 -7.66 NA 90 105256.00000
105256 1351.93 -7.39 NA 90 105256.00000
105256 1359.92 -6.3 NA 90 105256.00000
105256 1369.91 -1.48 NA 90 105256.00000
105256 1382.91 -0.04 NA 90 105256.00000
105256 1392.9 2.63 NA 90 105256.00000
105256 1400.9 2.85 NA 90 105256.00000
105256 1453.87 3.15 NA 90 105256.00000
105256 1454.87 3.38 NA 90 105256.00000
105256 1479.85 4.87 NA 90 105256.00000
105256 1487.21 9.53 rd 90 105256.00000
106527.6667 1113.4167 9.4667 rg 91 106527.66666
106527.6667 1117.9467 6.0833 NA 91 106527.66666
106527.6667 1128.6033 2.2867 NA 91 106527.66666
106527.6667 1139.6 -0.11 NA 91 106527.66666
106527.6667 1155.9167 -2.91 NA 91 106527.66666
106527.6667 1167.58 -4.49 NA 91 106527.66666
106527.6667 1182.2367 -5.1267 NA 91 106527.66666
106527.6667 1194.8967 -6.2333 NA 91 106527.66666
106527.6667 1217.21 -7.2533 NA 91 106527.66666
106527.6667 1234.8667 -7.51 NA 91 106527.66666
106527.6667 1257.8567 -7.68 NA 91 106527.66666
106527.6667 1292.4967 -8.7867 NA 91 106527.66666
106527.6667 1323.1467 -8.8767 NA 91 106527.66666
106527.6667 1347.46 -7.7367 NA 91 106527.66666
106527.6667 1358.46 -7.1233 NA 91 106527.66666
106527.6667 1366.1167 -5.3567 NA 91 106527.66666
106527.6667 1374.11 -1.7967 NA 91 106527.66666
106527.6667 1387.1067 -0.6267 NA 91 106527.66666
106527.6667 1401.4267 1.79 NA 91 106527.66666
106527.6667 1411.09 2.58 NA 91 106527.66666
106527.6667 1449.07 3.58 NA 91 106527.66666
106527.6667 1451.0667 3.9033 NA 91 106527.66666
106527.6667 1469.3867 5.9967 NA 91 106527.66666
106527.6667 1476.29 9.5733 rd 91 106527.66666
107799.3333 1103.1933 9.4833 rg 92 107799.33333
107799.3333 1108.8333 5.4567 NA 92 107799.33333
107799.3333 1121.1567 3.0033 NA 92 107799.33333
107799.3333 1131.15 1.21 NA 92 107799.33333
107799.3333 1145.8033 -1.77 NA 92 107799.33333
107799.3333 1162.13 -4.37 NA 92 107799.33333
107799.3333 1173.4533 -4.9333 NA 92 107799.33333
107799.3333 1184.7833 -5.5667 NA 92 107799.33333
107799.3333 1216.42 -6.8967 NA 92 107799.33333
107799.3333 1233.7433 -7.11 NA 92 107799.33333
107799.3333 1252.7333 -7.7 NA 92 107799.33333
107799.3333 1282.0433 -8.5233 NA 92 107799.33333
107799.3333 1321.3533 -8.6933 NA 92 107799.33333
107799.3333 1355.99 -7.8133 NA 92 107799.33333
107799.3333 1364.99 -6.8567 NA 92 107799.33333
107799.3333 1372.3133 -4.4133 NA 92 107799.33333
107799.3333 1378.31 -2.1133 NA 92 107799.33333
107799.3333 1391.3033 -1.2133 NA 92 107799.33333
107799.3333 1409.9533 0.95 NA 92 107799.33333
107799.3333 1421.28 2.31 NA 92 107799.33333
107799.3333 1444.27 4.01 NA 92 107799.33333
107799.3333 1447.2633 4.4267 NA 92 107799.33333
107799.3333 1458.9233 7.1233 NA 92 107799.33333
107799.3333 1465.37 9.6167 rd 92 107799.33333
109071 1092.97 9.5 rg 93 109071.00000
109071 1099.72 4.83 NA 93 109071.00000
109071 1113.71 3.72 NA 93 109071.00000
109071 1122.7 2.53 NA 93 109071.00000
109071 1135.69 -0.63 NA 93 109071.00000
109071 1156.68 -4.25 NA 93 109071.00000
109071 1164.67 -4.74 NA 93 109071.00000
109071 1174.67 -4.9 NA 93 109071.00000
109071 1215.63 -6.54 NA 93 109071.00000
109071 1232.62 -6.71 NA 93 109071.00000
109071 1247.61 -7.72 NA 93 109071.00000
109071 1271.59 -8.26 NA 93 109071.00000
109071 1319.56 -8.51 NA 93 109071.00000
109071 1364.52 -7.89 NA 93 109071.00000
109071 1371.52 -6.59 NA 93 109071.00000
109071 1378.51 -3.47 NA 93 109071.00000
109071 1382.51 -2.43 NA 93 109071.00000
109071 1395.5 -1.8 NA 93 109071.00000
109071 1418.48 0.11 NA 93 109071.00000
109071 1431.47 2.04 NA 93 109071.00000
109071 1439.47 4.44 NA 93 109071.00000
109071 1443.46 4.95 NA 93 109071.00000
109071 1448.46 8.25 NA 93 109071.00000
109071 1454.45 9.66 rd 93 109071.00000
110095 1368.91 9.63 rg 94 110095.00000
110095 1375.29 5.08 NA 94 110095.00000
110095 1379.29 4.59 NA 94 110095.00000
110095 1389.29 2.48 NA 94 110095.00000
110095 1411.29 -3.24 NA 94 110095.00000
110095 1427.28 -5.57 NA 94 110095.00000
110095 1446.28 -7.16 NA 94 110095.00000
110095 1454.28 -8.06 NA 94 110095.00000
110095 1463.28 -8.62 NA 94 110095.00000
110095 1505.28 -8.94 NA 94 110095.00000
110095 1525.28 -8.18 NA 94 110095.00000
110095 1595.28 -8.33 NA 94 110095.00000
110095 1606.28 -7.26 NA 94 110095.00000
110095 1618.28 -6.56 NA 94 110095.00000
110095 1633.28 -3.56 NA 94 110095.00000
110095 1644.27 -2.79 NA 94 110095.00000
110095 1659.27 -2.48 NA 94 110095.00000
110095 1667.27 -2.03 NA 94 110095.00000
110095 1673.27 -0.91 NA 94 110095.00000
110095 1683.27 2.13 NA 94 110095.00000
110095 1688.27 2.88 NA 94 110095.00000
110095 1708.27 4.64 NA 94 110095.00000
110095 1711.27 5.15 NA 94 110095.00000
110095 1718.28 9.48 rd 94 110095.00000
111227 1954.08 9.55 rg 95 111227.00000
111227 1960.48 5.32 NA 95 111227.00000
111227 1964.48 4.41 NA 95 111227.00000
111227 1983.48 -2.15 NA 95 111227.00000
111227 1997.48 -5.13 NA 95 111227.00000
111227 2002.48 -5.74 NA 95 111227.00000
111227 2016.47 -6.63 NA 95 111227.00000
111227 2030.47 -6.95 NA 95 111227.00000
111227 2043.47 -7.9 NA 95 111227.00000
111227 2075.47 -8.94 NA 95 111227.00000
111227 2169.46 -8.62 NA 95 111227.00000
111227 2196.46 -8.21 NA 95 111227.00000
111227 2203.46 -7.77 NA 95 111227.00000
111227 2212.46 -6.22 NA 95 111227.00000
111227 2222.46 -3.56 NA 95 111227.00000
111227 2227.46 -2.66 NA 95 111227.00000
111227 2237.45 -2.24 NA 95 111227.00000
111227 2249.45 -0.65 NA 95 111227.00000
111227 2260.45 1.74 NA 95 111227.00000
111227 2274.45 3.16 NA 95 111227.00000
111227 2276.45 4.54 NA 95 111227.00000
111227 2279.45 4.68 NA 95 111227.00000
111227 2284.45 7.83 NA 95 111227.00000
111227 2285.33 10.07 rd 95 111227.00000
111924 1673.99 9.42 rg 96 111924.00000
111924 1679.74 5.15 NA 96 111924.00000
111924 1684.74 4.28 NA 96 111924.00000
111924 1692.74 -0.21 NA 96 111924.00000
111924 1698.74 -2.52 NA 96 111924.00000
111924 1708.74 -3.47 NA 96 111924.00000
111924 1725.74 -6.35 NA 96 111924.00000
111924 1741.74 -9.32 NA 96 111924.00000
111924 1757.74 -9.55 NA 96 111924.00000
111924 1778.74 -8.65 NA 96 111924.00000
111924 1786.74 -8.72 NA 96 111924.00000
111924 1807.74 -9.83 NA 96 111924.00000
111924 1823.74 -9.85 NA 96 111924.00000
111924 1861.74 -9.29 NA 96 111924.00000
111924 1876.74 -8.22 NA 96 111924.00000
111924 1896.74 -4.86 NA 96 111924.00000
111924 1913.74 -1.61 NA 96 111924.00000
111924 1923.73 -0.37 NA 96 111924.00000
111924 1932.73 0.11 NA 96 111924.00000
111924 1947.73 2.81 NA 96 111924.00000
111924 1952.73 3.13 NA 96 111924.00000
111924 1967.73 7.14 NA 96 111924.00000
111924 1971.73 7.28 NA 96 111924.00000
111924 1977.73 9.82 rd 96 111924.00000
112071 1743.35 9.45 rg 97 112071.00000
112071 1759.35 6.92 NA 97 112071.00000
112071 1769.34 6.28 NA 97 112071.00000
112071 1781.34 4.27 NA 97 112071.00000
112071 1792.34 -1.6 NA 97 112071.00000
112071 1802.33 -4.47 NA 97 112071.00000
112071 1833.32 -8.19 NA 97 112071.00000
112071 1843.32 -8.98 NA 97 112071.00000
112071 1858.31 -9.59 NA 97 112071.00000
112071 1885.3 -9.78 NA 97 112071.00000
112071 1921.29 -11.37 NA 97 112071.00000
112071 1934.29 -11.32 NA 97 112071.00000
112071 1946.28 -10.73 NA 97 112071.00000
112071 1971.28 -5.96 NA 97 112071.00000
112071 1984.27 -5.48 NA 97 112071.00000
112071 1996.27 -2.26 NA 97 112071.00000
112071 2004.26 -0.98 NA 97 112071.00000
112071 2012.26 -0.63 NA 97 112071.00000
112071 2022.26 -0.91 NA 97 112071.00000
112071 2034.25 -0.39 NA 97 112071.00000
112071 2049.25 3.29 NA 97 112071.00000
112071 2051.25 4.73 NA 97 112071.00000
112071 2086.24 9.4 NA 97 112071.00000
112071 2092.23 9.9 rd 97 112071.00000
113049 1960.3 9.33 rg 98 113049.00000
113049 1968.3 7.89 NA 98 113049.00000
113049 1976.59 8.44 NA 98 113049.00000
113049 1993.29 5.93 NA 98 113049.00000
113049 2018.28 4.11 NA 98 113049.00000
113049 2027.28 2.95 NA 98 113049.00000
113049 2039.27 -0.2 NA 98 113049.00000
113049 2052.27 -6.28 NA 98 113049.00000
113049 2068.26 -10.78 NA 98 113049.00000
113049 2076.26 -11.74 NA 98 113049.00000
113049 2115.25 -14.31 NA 98 113049.00000
113049 2123.24 -14.29 NA 98 113049.00000
113049 2134.24 -12.35 NA 98 113049.00000
113049 2155.23 -9.69 NA 98 113049.00000
113049 2167.23 -9.78 NA 98 113049.00000
113049 2185.22 -7.24 NA 98 113049.00000
113049 2214.21 -5.46 NA 98 113049.00000
113049 2225.21 -3.67 NA 98 113049.00000
113049 2263.2 -2 NA 98 113049.00000
113049 2283.19 -0.02 NA 98 113049.00000
113049 2297.19 3.77 NA 98 113049.00000
113049 2307.18 5.71 NA 98 113049.00000
113049 2312.18 9.03 NA 98 113049.00000
113049 2312.2 10.03 rd 98 113049.00000
113131 1883.01 9.51 rg 99 113131.00000
113131 1891 9.24 NA 99 113131.00000
113131 1899 5.17 NA 99 113131.00000
113131 1916 4.57 NA 99 113131.00000
113131 1932 3.19 NA 99 113131.00000
113131 1946 -0.24 NA 99 113131.00000
113131 1956 -3.75 NA 99 113131.00000
113131 1971 -7.7 NA 99 113131.00000
113131 1985 -10.43 NA 99 113131.00000
113131 2001 -11.4 NA 99 113131.00000
113131 2015 -12.64 NA 99 113131.00000
113131 2041 -13.29 NA 99 113131.00000
113131 2051.99 -12.79 NA 99 113131.00000
113131 2061.99 -11.2 NA 99 113131.00000
113131 2075.99 -9.88 NA 99 113131.00000
113131 2092.99 -8.96 NA 99 113131.00000
113131 2102.99 -7.1 NA 99 113131.00000
113131 2128.99 -5.22 NA 99 113131.00000
113131 2158.99 -4.11 NA 99 113131.00000
113131 2184.99 -2.62 NA 99 113131.00000
113131 2195.99 -0.44 NA 99 113131.00000
113131 2206.99 2.57 NA 99 113131.00000
113131 2220.98 6.41 NA 99 113131.00000
113131 2225.55 9.5 rd 99 113131.00000
114615 1699.98 9.38 rg 100 114615.00000
114615 1706.7 5.04 NA 100 114615.00000
114615 1710.7 4.41 NA 100 114615.00000
114615 1719.69 1.11 NA 100 114615.00000
114615 1730.69 -4.7 NA 100 114615.00000
114615 1739.69 -7.56 NA 100 114615.00000
114615 1754.69 -8 NA 100 114615.00000
114615 1762.69 -8.79 NA 100 114615.00000
114615 1781.68 -10.04 NA 100 114615.00000
114615 1838.67 -10.62 NA 100 114615.00000
114615 1872.67 -10.17 NA 100 114615.00000
114615 1889.66 -10.21 NA 100 114615.00000
114615 1902.66 -9.86 NA 100 114615.00000
114615 1912.66 -9.07 NA 100 114615.00000
114615 1925.66 -7.54 NA 100 114615.00000
114615 1933.65 -5.98 NA 100 114615.00000
114615 1943.65 -4.68 NA 100 114615.00000
114615 1949.65 -3.51 NA 100 114615.00000
114615 1961.65 1.24 NA 100 114615.00000
114615 1968.65 2.62 NA 100 114615.00000
114615 1974.65 3.02 NA 100 114615.00000
114615 1987.64 4.9 NA 100 114615.00000
114615 1997.64 10.51 NA 100 114615.00000
114615 1997.96 11.52 rd 100 114615.00000
115603 878.94 9.36 rg 101 115603.00000
115603 885.94 4.84 NA 101 115603.00000
115603 892.94 4.16 NA 101 115603.00000
115603 898.93 2.54 NA 101 115603.00000
115603 906.92 -0.5 NA 101 115603.00000
115603 922.91 -5.34 NA 101 115603.00000
115603 927.91 -6.22 NA 101 115603.00000
115603 937.9 -7.07 NA 101 115603.00000
115603 963.88 -7.73 NA 101 115603.00000
115603 1002.85 -9.18 NA 101 115603.00000
115603 1038.82 -9.7 NA 101 115603.00000
115603 1056.81 -10.68 NA 101 115603.00000
115603 1063.81 -10.79 NA 101 115603.00000
115603 1090.78 -10.33 NA 101 115603.00000
115603 1119.76 -7.56 NA 101 115603.00000
115603 1131.75 -5.12 NA 101 115603.00000
115603 1139.75 -3.89 NA 101 115603.00000
115603 1153.74 -3.05 NA 101 115603.00000
115603 1158.73 -1.9 NA 101 115603.00000
115603 1172.72 2.75 NA 101 115603.00000
115603 1180.72 3.89 NA 101 115603.00000
115603 1184.71 5.28 NA 101 115603.00000
115603 1190.52 8.86 NA 101 115603.00000
115603 1201.7 10.19 rd 101 115603.00000
116862 626.36 9.45 rg 102 116862.00000
116862 634.36 5.27 NA 102 116862.00000
116862 643.35 2.7 NA 102 116862.00000
116862 647.35 2.35 NA 102 116862.00000
116862 656.35 0.01 NA 102 116862.00000
116862 672.35 -2.63 NA 102 116862.00000
116862 691.34 -4.6 NA 102 116862.00000
116862 705.34 -6.95 NA 102 116862.00000
116862 721.34 -7.15 NA 102 116862.00000
116862 736.33 -7.91 NA 102 116862.00000
116862 821.31 -7.84 NA 102 116862.00000
116862 834.31 -7.64 NA 102 116862.00000
116862 849.31 -7.73 NA 102 116862.00000
116862 864.3 -7.3 NA 102 116862.00000
116862 874.3 -6.45 NA 102 116862.00000
116862 894.29 -5.89 NA 102 116862.00000
116862 906.29 -5.32 NA 102 116862.00000
116862 918.29 -5.29 NA 102 116862.00000
116862 924.29 -4.95 NA 102 116862.00000
116862 932.29 -3.52 NA 102 116862.00000
116862 948.28 1.26 NA 102 116862.00000
116862 955.28 2.63 NA 102 116862.00000
116862 964.28 5.23 NA 102 116862.00000
116862 972.28 9.58 rd 102 116862.00000
117978.6667 522.965 9.5367 rg 103 117978.66666
117978.6667 531.9617 5.6383 NA 103 117978.66666
117978.6667 541.4483 3.305 NA 103 117978.66666
117978.6667 545.78 2.6983 NA 103 117978.66666
117978.6667 555.9433 0.2317 NA 103 117978.66666
117978.6667 573.2683 -3.0283 NA 103 117978.66666
117978.6667 593.9183 -4.9883 NA 103 117978.66666
117978.6667 608.58 -6.8867 NA 103 117978.66666
117978.6667 627.2383 -7.0933 NA 103 117978.66666
117978.6667 643.7233 -7.6617 NA 103 117978.66666
117978.6667 718.6983 -7.625 NA 103 117978.66666
117978.6667 734.19 -7.29 NA 103 117978.66666
117978.6667 752.8467 -7.2283 NA 103 117978.66666
117978.6667 767.5017 -6.6417 NA 103 117978.66666
117978.6667 779.3283 -5.4117 NA 103 117978.66666
117978.6667 797.8167 -4.84 NA 103 117978.66666
117978.6667 812.475 -4.4733 NA 103 117978.66666
117978.6667 825.6367 -4.47 NA 103 117978.66666
117978.6667 834.4633 -3.9833 NA 103 117978.66666
117978.6667 842.295 -2.5733 NA 103 117978.66666
117978.6667 862.7733 2.32 NA 103 117978.66666
117978.6667 869.605 3.435 NA 103 117978.66666
117978.6667 879.9333 5.7433 NA 103 117978.66666
117978.6667 887.765 9.7583 rd 103 117978.66666
119095.3333 419.57 9.6233 rg 104 119095.33333
119095.3333 429.5633 6.0067 NA 104 119095.33333
119095.3333 439.5467 3.91 NA 104 119095.33333
119095.3333 444.21 3.0467 NA 104 119095.33333
119095.3333 455.5367 0.4533 NA 104 119095.33333
119095.3333 474.1867 -3.4267 NA 104 119095.33333
119095.3333 496.4967 -5.3767 NA 104 119095.33333
119095.3333 511.82 -6.8233 NA 104 119095.33333
119095.3333 533.1367 -7.0367 NA 104 119095.33333
119095.3333 551.1167 -7.4133 NA 104 119095.33333
119095.3333 616.0867 -7.41 NA 104 119095.33333
119095.3333 634.07 -6.94 NA 104 119095.33333
119095.3333 656.3833 -6.7267 NA 104 119095.33333
119095.3333 670.7033 -5.9833 NA 104 119095.33333
119095.3333 684.3567 -4.3733 NA 104 119095.33333
119095.3333 701.3433 -3.79 NA 104 119095.33333
119095.3333 718.66 -3.6267 NA 104 119095.33333
119095.3333 732.9833 -3.65 NA 104 119095.33333
119095.3333 744.6367 -3.0167 NA 104 119095.33333
119095.3333 752.3 -1.6267 NA 104 119095.33333
119095.3333 777.2667 3.38 NA 104 119095.33333
119095.3333 783.93 4.24 NA 104 119095.33333
119095.3333 795.5867 6.2567 NA 104 119095.33333
119095.3333 803.25 9.9367 rd 104 119095.33333
120212 316.175 9.71 rg 105 120212.00000
120212 327.165 6.375 NA 105 120212.00000
120212 337.645 4.515 NA 105 120212.00000
120212 342.64 3.395 NA 105 120212.00000
120212 355.13 0.675 NA 105 120212.00000
120212 375.105 -3.825 NA 105 120212.00000
120212 399.075 -5.765 NA 105 120212.00000
120212 415.06 -6.76 NA 105 120212.00000
120212 439.035 -6.98 NA 105 120212.00000
120212 458.51 -7.165 NA 105 120212.00000
120212 513.475 -7.195 NA 105 120212.00000
120212 533.95 -6.59 NA 105 120212.00000
120212 559.92 -6.225 NA 105 120212.00000
120212 573.905 -5.325 NA 105 120212.00000
120212 589.385 -3.335 NA 105 120212.00000
120212 604.87 -2.74 NA 105 120212.00000
120212 624.845 -2.78 NA 105 120212.00000
120212 640.33 -2.83 NA 105 120212.00000
120212 654.81 -2.05 NA 105 120212.00000
120212 662.305 -0.68 NA 105 120212.00000
120212 691.76 4.44 NA 105 120212.00000
120212 698.255 5.045 NA 105 120212.00000
120212 711.24 6.77 NA 105 120212.00000
120212 718.735 10.115 rd 105 120212.00000
121328.6667 212.78 9.7967 rg 106 121328.66666
121328.6667 224.7667 6.7433 NA 106 121328.66666
121328.6667 235.7433 5.12 NA 106 121328.66666
121328.6667 241.07 3.7433 NA 106 121328.66666
121328.6667 254.7233 0.8967 NA 106 121328.66666
121328.6667 276.0233 -4.2233 NA 106 121328.66666
121328.6667 301.6533 -6.1533 NA 106 121328.66666
121328.6667 318.3 -6.6967 NA 106 121328.66666
121328.6667 344.9333 -6.9233 NA 106 121328.66666
121328.6667 365.9033 -6.9167 NA 106 121328.66666
121328.6667 410.8633 -6.98 NA 106 121328.66666
121328.6667 433.83 -6.24 NA 106 121328.66666
121328.6667 463.4567 -5.7233 NA 106 121328.66666
121328.6667 477.1067 -4.6667 NA 106 121328.66666
121328.6667 494.4133 -2.2967 NA 106 121328.66666
121328.6667 508.3967 -1.69 NA 106 121328.66666
121328.6667 531.03 -1.9333 NA 106 121328.66666
121328.6667 547.6767 -2.01 NA 106 121328.66666
121328.6667 564.9833 -1.0833 NA 106 121328.66666
121328.6667 572.31 0.2667 NA 106 121328.66666
121328.6667 606.2533 5.5 NA 106 121328.66666
121328.6667 612.58 5.85 NA 106 121328.66666
121328.6667 626.8933 7.2833 NA 106 121328.66666
121328.6667 634.22 10.2933 rd 106 121328.66666
122445.3333 109.385 9.8833 rg 107 122445.33333
122445.3333 122.3683 7.1117 NA 107 122445.33333
122445.3333 133.8417 5.725 NA 107 122445.33333
122445.3333 139.5 4.0917 NA 107 122445.33333
122445.3333 154.3167 1.1183 NA 107 122445.33333
122445.3333 176.9417 -4.6217 NA 107 122445.33333
122445.3333 204.2317 -6.5417 NA 107 122445.33333
122445.3333 221.54 -6.6333 NA 107 122445.33333
122445.3333 250.8317 -6.8667 NA 107 122445.33333
122445.3333 273.2967 -6.6683 NA 107 122445.33333
122445.3333 308.2517 -6.765 NA 107 122445.33333
122445.3333 333.71 -5.89 NA 107 122445.33333
122445.3333 366.9933 -5.2217 NA 107 122445.33333
122445.3333 380.3083 -4.0083 NA 107 122445.33333
122445.3333 399.4417 -1.2583 NA 107 122445.33333
122445.3333 411.9233 -0.64 NA 107 122445.33333
122445.3333 437.215 -1.0867 NA 107 122445.33333
122445.3333 455.0233 -1.19 NA 107 122445.33333
122445.3333 475.1567 -0.1167 NA 107 122445.33333
122445.3333 482.315 1.2133 NA 107 122445.33333
122445.3333 520.7467 6.56 NA 107 122445.33333
122445.3333 526.905 6.655 NA 107 122445.33333
122445.3333 542.5467 7.7967 NA 107 122445.33333
122445.3333 549.705 10.4717 rd 107 122445.33333
123562 5.99 9.97 rg 108 123562.00000
123562 19.97 7.48 NA 108 123562.00000
123562 31.94 6.33 NA 108 123562.00000
123562 37.93 4.44 NA 108 123562.00000
123562 53.91 1.34 NA 108 123562.00000
123562 77.86 -5.02 NA 108 123562.00000
123562 106.81 -6.93 NA 108 123562.00000
123562 124.78 -6.57 NA 108 123562.00000
123562 156.73 -6.81 NA 108 123562.00000
123562 180.69 -6.42 NA 108 123562.00000
123562 205.64 -6.55 NA 108 123562.00000
123562 233.59 -5.54 NA 108 123562.00000
123562 270.53 -4.72 NA 108 123562.00000
123562 283.51 -3.35 NA 108 123562.00000
123562 304.47 -0.22 NA 108 123562.00000
123562 315.45 0.41 NA 108 123562.00000
123562 343.4 -0.24 NA 108 123562.00000
123562 362.37 -0.37 NA 108 123562.00000
123562 385.33 0.85 NA 108 123562.00000
123562 392.32 2.16 NA 108 123562.00000
123562 435.24 7.62 NA 108 123562.00000
123562 441.23 7.46 NA 108 123562.00000
123562 458.2 8.31 NA 108 123562.00000
123562 465.19 10.65 rd 108 123562.00000
124738.8333 4.9917 11.1167 rg 109 124738.83333
124738.8333 16.725 7.6667 NA 109 124738.83333
124738.8333 29.45 6.7367 NA 109 124738.83333
124738.8333 37.1067 4.8517 NA 109 124738.83333
124738.8333 50.9233 2.0633 NA 109 124738.83333
124738.8333 74.3817 -3.7317 NA 109 124738.83333
124738.8333 100.5067 -6.0833 NA 109 124738.83333
124738.8333 117.9817 -6.2417 NA 109 124738.83333
124738.8333 151.2717 -6.7217 NA 109 124738.83333
124738.8333 180.7367 -6.54 NA 109 124738.83333
124738.8333 205.6933 -6.555 NA 109 124738.83333
124738.8333 232.6517 -5.75 NA 109 124738.83333
124738.8333 275.9333 -4.99 NA 109 124738.83333
124738.8333 292.2483 -3.89 NA 109 124738.83333
124738.8333 312.3817 -1.4217 NA 109 124738.83333
124738.8333 324.1983 -0.91 NA 109 124738.83333
124738.8333 349.9883 -1.3333 NA 109 124738.83333
124738.8333 368.13 -1.1117 NA 109 124738.83333
124738.8333 393.0967 0.2183 NA 109 124738.83333
124738.8333 400.5867 1.6117 NA 109 124738.83333
124738.8333 438.1867 6.84 NA 109 124738.83333
124738.8333 444.6783 7.0217 NA 109 124738.83333
124738.8333 460.1533 8.515 NA 109 124738.83333
124738.8333 466.8117 10.4667 rd 109 124738.83333
125915.6667 3.9933 12.2633 rg 110 125915.66666
125915.6667 13.48 7.8533 NA 110 125915.66666
125915.6667 26.96 7.1433 NA 110 125915.66666
125915.6667 36.2833 5.2633 NA 110 125915.66666
125915.6667 47.9367 2.7867 NA 110 125915.66666
125915.6667 70.9033 -2.4433 NA 110 125915.66666
125915.6667 94.2033 -5.2367 NA 110 125915.66666
125915.6667 111.1833 -5.9133 NA 110 125915.66666
125915.6667 145.8133 -6.6333 NA 110 125915.66666
125915.6667 180.7833 -6.66 NA 110 125915.66666
125915.6667 205.7467 -6.56 NA 110 125915.66666
125915.6667 231.7133 -5.96 NA 110 125915.66666
125915.6667 281.3367 -5.26 NA 110 125915.66666
125915.6667 300.9867 -4.43 NA 110 125915.66666
125915.6667 320.2933 -2.6233 NA 110 125915.66666
125915.6667 332.9467 -2.23 NA 110 125915.66666
125915.6667 356.5767 -2.4267 NA 110 125915.66666
125915.6667 373.89 -1.8533 NA 110 125915.66666
125915.6667 400.8633 -0.4133 NA 110 125915.66666
125915.6667 408.8533 1.0633 NA 110 125915.66666
125915.6667 441.1333 6.06 NA 110 125915.66666
125915.6667 448.1267 6.5833 NA 110 125915.66666
125915.6667 462.1067 8.72 NA 110 125915.66666
125915.6667 468.4333 10.2833 rd 110 125915.66666
127092.5 2.995 13.41 rg 111 127092.50000
127092.5 10.235 8.04 NA 111 127092.50000
127092.5 24.47 7.55 NA 111 127092.50000
127092.5 35.46 5.675 NA 111 127092.50000
127092.5 44.95 3.51 NA 111 127092.50000
127092.5 67.425 -1.155 NA 111 127092.50000
127092.5 87.9 -4.39 NA 111 127092.50000
127092.5 104.385 -5.585 NA 111 127092.50000
127092.5 140.355 -6.545 NA 111 127092.50000
127092.5 180.83 -6.78 NA 111 127092.50000
127092.5 205.8 -6.565 NA 111 127092.50000
127092.5 230.775 -6.17 NA 111 127092.50000
127092.5 286.74 -5.53 NA 111 127092.50000
127092.5 309.725 -4.97 NA 111 127092.50000
127092.5 328.205 -3.825 NA 111 127092.50000
127092.5 341.695 -3.55 NA 111 127092.50000
127092.5 363.165 -3.52 NA 111 127092.50000
127092.5 379.65 -2.595 NA 111 127092.50000
127092.5 408.63 -1.045 NA 111 127092.50000
127092.5 417.12 0.515 NA 111 127092.50000
127092.5 444.08 5.28 NA 111 127092.50000
127092.5 451.575 6.145 NA 111 127092.50000
127092.5 464.06 8.925 NA 111 127092.50000
127092.5 470.055 10.1 rd 111 127092.50000
128269.3333 1.9967 14.5567 rg 112 128269.33333
128269.3333 6.99 8.2267 NA 112 128269.33333
128269.3333 21.98 7.9567 NA 112 128269.33333
128269.3333 34.6367 6.0867 NA 112 128269.33333
128269.3333 41.9633 4.2333 NA 112 128269.33333
128269.3333 63.9467 0.1333 NA 112 128269.33333
128269.3333 81.5967 -3.5433 NA 112 128269.33333
128269.3333 97.5867 -5.2567 NA 112 128269.33333
128269.3333 134.8967 -6.4567 NA 112 128269.33333
128269.3333 180.8767 -6.9 NA 112 128269.33333
128269.3333 205.8533 -6.57 NA 112 128269.33333
128269.3333 229.8367 -6.38 NA 112 128269.33333
128269.3333 292.1433 -5.8 NA 112 128269.33333
128269.3333 318.4633 -5.51 NA 112 128269.33333
128269.3333 336.1167 -5.0267 NA 112 128269.33333
128269.3333 350.4433 -4.87 NA 112 128269.33333
128269.3333 369.7533 -4.6133 NA 112 128269.33333
128269.3333 385.41 -3.3367 NA 112 128269.33333
128269.3333 416.3967 -1.6767 NA 112 128269.33333
128269.3333 425.3867 -0.0333 NA 112 128269.33333
128269.3333 447.0267 4.5 NA 112 128269.33333
128269.3333 455.0233 5.7067 NA 112 128269.33333
128269.3333 466.0133 9.13 NA 112 128269.33333
128269.3333 471.6767 9.9167 rd 112 128269.33333
129446.1667 0.9983 15.7033 rg 113 129446.16666
129446.1667 3.745 8.4133 NA 113 129446.16666
129446.1667 19.49 8.3633 NA 113 129446.16666
129446.1667 33.8133 6.4983 NA 113 129446.16666
129446.1667 38.9767 4.9567 NA 113 129446.16666
129446.1667 60.4683 1.4217 NA 113 129446.16666
129446.1667 75.2933 -2.6967 NA 113 129446.16666
129446.1667 90.7883 -4.9283 NA 113 129446.16666
129446.1667 129.4383 -6.3683 NA 113 129446.16666
129446.1667 180.9233 -7.02 NA 113 129446.16666
129446.1667 205.9067 -6.575 NA 113 129446.16666
129446.1667 228.8983 -6.59 NA 113 129446.16666
129446.1667 297.5467 -6.07 NA 113 129446.16666
129446.1667 327.2017 -6.05 NA 113 129446.16666
129446.1667 344.0283 -6.2283 NA 113 129446.16666
129446.1667 359.1917 -6.19 NA 113 129446.16666
129446.1667 376.3417 -5.7067 NA 113 129446.16666
129446.1667 391.17 -4.0783 NA 113 129446.16666
129446.1667 424.1633 -2.3083 NA 113 129446.16666
129446.1667 433.6533 -0.5817 NA 113 129446.16666
129446.1667 449.9733 3.72 NA 113 129446.16666
129446.1667 458.4717 5.2683 NA 113 129446.16666
129446.1667 467.9667 9.335 NA 113 129446.16666
129446.1667 473.2983 9.7333 rd 113 129446.16666
130623 0 16.85 rg 114 130623.00000
130623 0.5 8.6 NA 114 130623.00000
130623 17 8.77 NA 114 130623.00000
130623 32.99 6.91 NA 114 130623.00000
130623 35.99 5.68 NA 114 130623.00000
130623 56.99 2.71 NA 114 130623.00000
130623 68.99 -1.85 NA 114 130623.00000
130623 83.99 -4.6 NA 114 130623.00000
130623 123.98 -6.28 NA 114 130623.00000
130623 180.97 -7.14 NA 114 130623.00000
130623 205.96 -6.58 NA 114 130623.00000
130623 227.96 -6.8 NA 114 130623.00000
130623 302.95 -6.34 NA 114 130623.00000
130623 335.94 -6.59 NA 114 130623.00000
130623 351.94 -7.43 NA 114 130623.00000
130623 367.94 -7.51 NA 114 130623.00000
130623 382.93 -6.8 NA 114 130623.00000
130623 396.93 -4.82 NA 114 130623.00000
130623 431.93 -2.94 NA 114 130623.00000
130623 441.92 -1.13 NA 114 130623.00000
130623 452.92 2.94 NA 114 130623.00000
130623 461.92 4.83 NA 114 130623.00000
130623 469.92 9.54 NA 114 130623.00000
130623 474.92 9.55 rd 114 130623.00000
131176.6667 0.0333 14.6367 rg 115 131176.66666
131176.6667 1 7.82 NA 115 131176.66666
131176.6667 13.6667 7.0867 NA 115 131176.66666
131176.6667 28.99 5.27 NA 115 131176.66666
131176.6667 36.99 4.18 NA 115 131176.66666
131176.6667 55.6567 1.76 NA 115 131176.66666
131176.6667 75.6533 -1.58 NA 115 131176.66666
131176.6667 89.65 -3.6733 NA 115 131176.66666
131176.6667 121.6433 -4.9067 NA 115 131176.66666
131176.6667 167.6333 -5.7733 NA 115 131176.66666
131176.6667 187.2933 -5.6433 NA 115 131176.66666
131176.6667 208.9567 -6.0967 NA 115 131176.66666
131176.6667 264.6167 -6.4367 NA 115 131176.66666
131176.6667 294.2733 -7.1333 NA 115 131176.66666
131176.6667 317.9367 -7.8067 NA 115 131176.66666
131176.6667 350.2633 -7.59 NA 115 131176.66666
131176.6667 365.59 -6.88 NA 115 131176.66666
131176.6667 380.92 -5.5867 NA 115 131176.66666
131176.6667 410.5867 -4.4767 NA 115 131176.66666
131176.6667 423.2433 -3.3133 NA 115 131176.66666
131176.6667 436.2433 -0.3267 NA 115 131176.66666
131176.6667 452.9067 4.4167 NA 115 131176.66666
131176.6667 459.5733 7.7733 NA 115 131176.66666
131176.6667 465.9033 9.5733 rd 115 131176.66666
131730.3333 0.0667 12.4233 rg 116 131730.33333
131730.3333 1.5 7.04 NA 116 131730.33333
131730.3333 10.3333 5.4033 NA 116 131730.33333
131730.3333 24.99 3.63 NA 116 131730.33333
131730.3333 37.99 2.68 NA 116 131730.33333
131730.3333 54.3233 0.81 NA 116 131730.33333
131730.3333 82.3167 -1.31 NA 116 131730.33333
131730.3333 95.31 -2.7467 NA 116 131730.33333
131730.3333 119.3067 -3.5333 NA 116 131730.33333
131730.3333 154.2967 -4.4067 NA 116 131730.33333
131730.3333 168.6267 -4.7067 NA 116 131730.33333
131730.3333 189.9533 -5.3933 NA 116 131730.33333
131730.3333 226.2833 -6.5333 NA 116 131730.33333
131730.3333 252.6067 -7.6767 NA 116 131730.33333
131730.3333 283.9333 -8.1833 NA 116 131730.33333
131730.3333 332.5867 -7.67 NA 116 131730.33333
131730.3333 348.25 -6.96 NA 116 131730.33333
131730.3333 364.91 -6.3533 NA 116 131730.33333
131730.3333 389.2433 -6.0133 NA 116 131730.33333
131730.3333 404.5667 -5.4967 NA 116 131730.33333
131730.3333 419.5667 -3.5933 NA 116 131730.33333
131730.3333 443.8933 4.0033 NA 116 131730.33333
131730.3333 449.2267 6.0067 NA 116 131730.33333
131730.3333 456.8867 9.5967 rd 116 131730.33333
132284 0.1 10.21 rg 117 132284.00000
132284 2 6.26 NA 117 132284.00000
132284 7 3.72 NA 117 132284.00000
132284 20.99 1.99 NA 117 132284.00000
132284 38.99 1.18 NA 117 132284.00000
132284 52.99 -0.14 NA 117 132284.00000
132284 88.98 -1.04 NA 117 132284.00000
132284 100.97 -1.82 NA 117 132284.00000
132284 116.97 -2.16 NA 117 132284.00000
132284 140.96 -3.04 NA 117 132284.00000
132284 149.96 -3.77 NA 117 132284.00000
132284 170.95 -4.69 NA 117 132284.00000
132284 187.95 -6.63 NA 117 132284.00000
132284 210.94 -8.22 NA 117 132284.00000
132284 249.93 -8.56 NA 117 132284.00000
132284 314.91 -7.75 NA 117 132284.00000
132284 330.91 -7.04 NA 117 132284.00000
132284 348.9 -7.12 NA 117 132284.00000
132284 367.9 -7.55 NA 117 132284.00000
132284 385.89 -7.68 NA 117 132284.00000
132284 402.89 -6.86 NA 117 132284.00000
132284 434.88 3.59 NA 117 132284.00000
132284 438.88 4.24 NA 117 132284.00000
132284 447.87 9.62 rd 117 132284.00000
132815.5 10.04 10.025 rg 118 132815.50000
132815.5 13.985 7.9 NA 118 132815.50000
132815.5 19.48 4.765 NA 118 132815.50000
132815.5 39.96 2.185 NA 118 132815.50000
132815.5 57.45 0.435 NA 118 132815.50000
132815.5 71.44 0.4 NA 118 132815.50000
132815.5 98.425 -0.59 NA 118 132815.50000
132815.5 112.905 -2.145 NA 118 132815.50000
132815.5 126.9 -2.49 NA 118 132815.50000
132815.5 153.875 -2.455 NA 118 132815.50000
132815.5 175.355 -2.84 NA 118 132815.50000
132815.5 201.33 -4.67 NA 118 132815.50000
132815.5 222.815 -5.78 NA 118 132815.50000
132815.5 254.285 -7.735 NA 118 132815.50000
132815.5 292.755 -8.535 NA 118 132815.50000
132815.5 352.21 -7.815 NA 118 132815.50000
132815.5 369.7 -6.935 NA 118 132815.50000
132815.5 383.19 -6.155 NA 118 132815.50000
132815.5 409.17 -5.825 NA 118 132815.50000
132815.5 421.66 -5.41 NA 118 132815.50000
132815.5 437.15 -2.685 NA 118 132815.50000
132815.5 460.635 4.32 NA 118 132815.50000
132815.5 465.635 6.69 NA 118 132815.50000
132815.5 474.62 10.975 rd 118 132815.50000
133347 19.98 9.84 rg 119 133347.00000
133347 25.97 9.54 NA 119 133347.00000
133347 31.96 5.81 NA 119 133347.00000
133347 58.93 2.38 NA 119 133347.00000
133347 75.91 -0.31 NA 119 133347.00000
133347 89.89 0.94 NA 119 133347.00000
133347 107.87 -0.14 NA 119 133347.00000
133347 124.84 -2.47 NA 119 133347.00000
133347 136.83 -2.82 NA 119 133347.00000
133347 166.79 -1.87 NA 119 133347.00000
133347 200.75 -1.91 NA 119 133347.00000
133347 231.71 -4.65 NA 119 133347.00000
133347 257.68 -4.93 NA 119 133347.00000
133347 297.63 -7.25 NA 119 133347.00000
133347 335.58 -8.51 NA 119 133347.00000
133347 389.51 -7.88 NA 119 133347.00000
133347 408.49 -6.83 NA 119 133347.00000
133347 417.48 -5.19 NA 119 133347.00000
133347 450.44 -4.1 NA 119 133347.00000
133347 457.43 -3.14 NA 119 133347.00000
133347 471.41 1.49 NA 119 133347.00000
133347 486.39 5.05 NA 119 133347.00000
133347 492.39 9.14 NA 119 133347.00000
133347 501.37 12.33 rd 119 133347.00000
133397 2402.69 9.69 rg 120 133397.00000
133397 2408.79 6.37 NA 120 133397.00000
133397 2429.78 4.33 NA 120 133397.00000
133397 2442.78 0.6 NA 120 133397.00000
133397 2454.77 1 NA 120 133397.00000
133397 2467.77 -0.24 NA 120 133397.00000
133397 2488.76 -0.55 NA 120 133397.00000
133397 2507.75 0.08 NA 120 133397.00000
133397 2516.75 -1.89 NA 120 133397.00000
133397 2543.74 -1.29 NA 120 133397.00000
133397 2576.72 -1.2 NA 120 133397.00000
133397 2608.71 -2.63 NA 120 133397.00000
133397 2622.7 -4.29 NA 120 133397.00000
133397 2676.68 -6.6 NA 120 133397.00000
133397 2705.67 -7.17 NA 120 133397.00000
133397 2733.66 -8.95 NA 120 133397.00000
133397 2781.64 -8.29 NA 120 133397.00000
133397 2792.64 -7.36 NA 120 133397.00000
133397 2811.63 -4.25 NA 120 133397.00000
133397 2838.62 -3.58 NA 120 133397.00000
133397 2855.61 1.59 NA 120 133397.00000
133397 2870.61 5.21 NA 120 133397.00000
133397 2875.61 9.21 NA 120 133397.00000
133397 2887.6 12.55 rd 120 133397.00000
133711 2461.78 9.84 rg 121 133711.00000
133711 2472.78 8.19 NA 121 133711.00000
133711 2506.77 6.4 NA 121 133711.00000
133711 2538.77 2.67 NA 121 133711.00000
133711 2549.76 2.76 NA 121 133711.00000
133711 2563.76 1.66 NA 121 133711.00000
133711 2585.76 -1.55 NA 121 133711.00000
133711 2614.75 -2.05 NA 121 133711.00000
133711 2640.74 -1.77 NA 121 133711.00000
133711 2697.73 -2.32 NA 121 133711.00000
133711 2715.73 -5.11 NA 121 133711.00000
133711 2731.72 -5.84 NA 121 133711.00000
133711 2752.72 -4.79 NA 121 133711.00000
133711 2778.71 -5.69 NA 121 133711.00000
133711 2815.7 -8.23 NA 121 133711.00000
133711 2842.7 -8.51 NA 121 133711.00000
133711 2875.69 -9.74 NA 121 133711.00000
133711 2897.68 -8.91 NA 121 133711.00000
133711 2912.68 -7.18 NA 121 133711.00000
133711 2940.67 -1.88 NA 121 133711.00000
133711 2954.67 3.12 NA 121 133711.00000
133711 2961.67 4.15 NA 121 133711.00000
133711 2969.38 8.65 NA 121 133711.00000
133711 2979.67 11.83 rd 121 133711.00000
134245 2246.6788 9.8525 rg 122 134245.00000
134245 2257.9275 7.9688 NA 122 134245.00000
134245 2292.04 5.92 NA 122 134245.00000
134245 2322.7888 2.75 NA 122 134245.00000
134245 2333.4038 2.7225 NA 122 134245.00000
134245 2352.6488 1.7675 NA 122 134245.00000
134245 2374.0225 -1.8438 NA 122 134245.00000
134245 2400.2625 -2.47 NA 122 134245.00000
134245 2428.375 -2.1575 NA 122 134245.00000
134245 2484.4875 -2.3425 NA 122 134245.00000
134245 2502.1112 -4.9888 NA 122 134245.00000
134245 2519.975 -5.84 NA 122 134245.00000
134245 2543.0962 -4.9175 NA 122 134245.00000
134245 2572.0825 -5.8625 NA 122 134245.00000
134245 2607.1975 -8.02 NA 122 134245.00000
134245 2634.695 -8.3413 NA 122 134245.00000
134245 2668.4325 -9.2562 NA 122 134245.00000
134245 2691.7962 -8.5412 NA 122 134245.00000
134245 2710.6662 -6.9362 NA 122 134245.00000
134245 2739.905 -1.5387 NA 122 134245.00000
134245 2754.6525 3.1025 NA 122 134245.00000
134245 2761.5275 4.2563 NA 122 134245.00000
134245 2768.8888 8.795 NA 122 134245.00000
134245 2779.0262 11.7012 rd 122 134245.00000
134779 2031.5775 9.865 rg 123 134779.00000
134779 2043.075 7.7475 NA 123 134779.00000
134779 2077.31 5.44 NA 123 134779.00000
134779 2106.8075 2.83 NA 123 134779.00000
134779 2117.0475 2.685 NA 123 134779.00000
134779 2141.5375 1.875 NA 123 134779.00000
134779 2162.285 -2.1375 NA 123 134779.00000
134779 2185.775 -2.89 NA 123 134779.00000
134779 2216.01 -2.545 NA 123 134779.00000
134779 2271.245 -2.365 NA 123 134779.00000
134779 2288.4925 -4.8675 NA 123 134779.00000
134779 2308.23 -5.84 NA 123 134779.00000
134779 2333.4725 -5.045 NA 123 134779.00000
134779 2365.455 -6.035 NA 123 134779.00000
134779 2398.695 -7.81 NA 123 134779.00000
134779 2426.69 -8.1725 NA 123 134779.00000
134779 2461.175 -8.7725 NA 123 134779.00000
134779 2485.9125 -8.1725 NA 123 134779.00000
134779 2508.6525 -6.6925 NA 123 134779.00000
134779 2539.14 -1.1975 NA 123 134779.00000
134779 2554.635 3.085 NA 123 134779.00000
134779 2561.385 4.3625 NA 123 134779.00000
134779 2568.3975 8.94 NA 123 134779.00000
134779 2578.3825 11.5725 rd 123 134779.00000
135313 1816.4763 9.8775 rg 124 135313.00000
135313 1828.2225 7.5262 NA 124 135313.00000
135313 1862.58 4.96 NA 124 135313.00000
135313 1890.8263 2.91 NA 124 135313.00000
135313 1900.6913 2.6475 NA 124 135313.00000
135313 1930.4262 1.9825 NA 124 135313.00000
135313 1950.5475 -2.4312 NA 124 135313.00000
135313 1971.2875 -3.31 NA 124 135313.00000
135313 2003.645 -2.9325 NA 124 135313.00000
135313 2058.0025 -2.3875 NA 124 135313.00000
135313 2074.8737 -4.7462 NA 124 135313.00000
135313 2096.485 -5.84 NA 124 135313.00000
135313 2123.8488 -5.1725 NA 124 135313.00000
135313 2158.8275 -6.2075 NA 124 135313.00000
135313 2190.1925 -7.6 NA 124 135313.00000
135313 2218.685 -8.0038 NA 124 135313.00000
135313 2253.9175 -8.2888 NA 124 135313.00000
135313 2280.0287 -7.8037 NA 124 135313.00000
135313 2306.6388 -6.4488 NA 124 135313.00000
135313 2338.375 -0.8562 NA 124 135313.00000
135313 2354.6175 3.0675 NA 124 135313.00000
135313 2361.2425 4.4688 NA 124 135313.00000
135313 2367.9062 9.085 NA 124 135313.00000
135313 2377.7387 11.4437 rd 124 135313.00000
135847 1601.375 9.89 rg 125 135847.00000
135847 1613.37 7.305 NA 125 135847.00000
135847 1647.85 4.48 NA 125 135847.00000
135847 1674.845 2.99 NA 125 135847.00000
135847 1684.335 2.61 NA 125 135847.00000
135847 1719.315 2.09 NA 125 135847.00000
135847 1738.81 -2.725 NA 125 135847.00000
135847 1756.8 -3.73 NA 125 135847.00000
135847 1791.28 -3.32 NA 125 135847.00000
135847 1844.76 -2.41 NA 125 135847.00000
135847 1861.255 -4.625 NA 125 135847.00000
135847 1884.74 -5.84 NA 125 135847.00000
135847 1914.225 -5.3 NA 125 135847.00000
135847 1952.2 -6.38 NA 125 135847.00000
135847 1981.69 -7.39 NA 125 135847.00000
135847 2010.68 -7.835 NA 125 135847.00000
135847 2046.66 -7.805 NA 125 135847.00000
135847 2074.145 -7.435 NA 125 135847.00000
135847 2104.625 -6.205 NA 125 135847.00000
135847 2137.61 -0.515 NA 125 135847.00000
135847 2154.6 3.05 NA 125 135847.00000
135847 2161.1 4.575 NA 125 135847.00000
135847 2167.415 9.23 NA 125 135847.00000
135847 2177.095 11.315 rd 125 135847.00000
136381 1386.2738 9.9025 rg 126 136381.00000
136381 1398.5175 7.0838 NA 126 136381.00000
136381 1433.12 4 NA 126 136381.00000
136381 1458.8637 3.07 NA 126 136381.00000
136381 1467.9787 2.5725 NA 126 136381.00000
136381 1508.2038 2.1975 NA 126 136381.00000
136381 1527.0725 -3.0187 NA 126 136381.00000
136381 1542.3125 -4.15 NA 126 136381.00000
136381 1578.915 -3.7075 NA 126 136381.00000
136381 1631.5175 -2.4325 NA 126 136381.00000
136381 1647.6363 -4.5038 NA 126 136381.00000
136381 1672.995 -5.84 NA 126 136381.00000
136381 1704.6012 -5.4275 NA 126 136381.00000
136381 1745.5725 -6.5525 NA 126 136381.00000
136381 1773.1875 -7.18 NA 126 136381.00000
136381 1802.675 -7.6662 NA 126 136381.00000
136381 1839.4025 -7.3213 NA 126 136381.00000
136381 1868.2612 -7.0663 NA 126 136381.00000
136381 1902.6112 -5.9612 NA 126 136381.00000
136381 1936.845 -0.1737 NA 126 136381.00000
136381 1954.5825 3.0325 NA 126 136381.00000
136381 1960.9575 4.6813 NA 126 136381.00000
136381 1966.9237 9.375 NA 126 136381.00000
136381 1976.4513 11.1863 rd 126 136381.00000
136915 1171.1725 9.915 rg 127 136915.00000
136915 1183.665 6.8625 NA 127 136915.00000
136915 1218.39 3.52 NA 127 136915.00000
136915 1242.8825 3.15 NA 127 136915.00000
136915 1251.6225 2.535 NA 127 136915.00000
136915 1297.0925 2.305 NA 127 136915.00000
136915 1315.335 -3.3125 NA 127 136915.00000
136915 1327.825 -4.57 NA 127 136915.00000
136915 1366.55 -4.095 NA 127 136915.00000
136915 1418.275 -2.455 NA 127 136915.00000
136915 1434.0175 -4.3825 NA 127 136915.00000
136915 1461.25 -5.84 NA 127 136915.00000
136915 1494.9775 -5.555 NA 127 136915.00000
136915 1538.945 -6.725 NA 127 136915.00000
136915 1564.685 -6.97 NA 127 136915.00000
136915 1594.67 -7.4975 NA 127 136915.00000
136915 1632.145 -6.8375 NA 127 136915.00000
136915 1662.3775 -6.6975 NA 127 136915.00000
136915 1700.5975 -5.7175 NA 127 136915.00000
136915 1736.08 0.1675 NA 127 136915.00000
136915 1754.565 3.015 NA 127 136915.00000
136915 1760.815 4.7875 NA 127 136915.00000
136915 1766.4325 9.52 NA 127 136915.00000
136915 1775.8075 11.0575 rd 127 136915.00000
137449 956.0712 9.9275 rg 128 137449.00000
137449 968.8125 6.6412 NA 128 137449.00000
137449 1003.66 3.04 NA 128 137449.00000
137449 1026.9013 3.23 NA 128 137449.00000
137449 1035.2662 2.4975 NA 128 137449.00000
137449 1085.9812 2.4125 NA 128 137449.00000
137449 1103.5975 -3.6062 NA 128 137449.00000
137449 1113.3375 -4.99 NA 128 137449.00000
137449 1154.185 -4.4825 NA 128 137449.00000
137449 1205.0325 -2.4775 NA 128 137449.00000
137449 1220.3988 -4.2612 NA 128 137449.00000
137449 1249.505 -5.84 NA 128 137449.00000
137449 1285.3537 -5.6825 NA 128 137449.00000
137449 1332.3175 -6.8975 NA 128 137449.00000
137449 1356.1825 -6.76 NA 128 137449.00000
137449 1386.665 -7.3288 NA 128 137449.00000
137449 1424.8875 -6.3537 NA 128 137449.00000
137449 1456.4937 -6.3287 NA 128 137449.00000
137449 1498.5838 -5.4738 NA 128 137449.00000
137449 1535.315 0.5088 NA 128 137449.00000
137449 1554.5475 2.9975 NA 128 137449.00000
137449 1560.6725 4.8937 NA 128 137449.00000
137449 1565.9413 9.665 NA 128 137449.00000
137449 1575.1637 10.9288 rd 128 137449.00000
137983 740.97 9.94 rg 129 137983.00000
137983 753.96 6.42 NA 129 137983.00000
137983 788.93 2.56 NA 129 137983.00000
137983 810.92 3.31 NA 129 137983.00000
137983 818.91 2.46 NA 129 137983.00000
137983 874.87 2.52 NA 129 137983.00000
137983 891.86 -3.9 NA 129 137983.00000
137983 898.85 -5.41 NA 129 137983.00000
137983 941.82 -4.87 NA 129 137983.00000
137983 991.79 -2.5 NA 129 137983.00000
137983 1006.78 -4.14 NA 129 137983.00000
137983 1037.76 -5.84 NA 129 137983.00000
137983 1075.73 -5.81 NA 129 137983.00000
137983 1125.69 -7.07 NA 129 137983.00000
137983 1147.68 -6.55 NA 129 137983.00000
137983 1178.66 -7.16 NA 129 137983.00000
137983 1217.63 -5.87 NA 129 137983.00000
137983 1250.61 -5.96 NA 129 137983.00000
137983 1296.57 -5.23 NA 129 137983.00000
137983 1334.55 0.85 NA 129 137983.00000
137983 1354.53 2.98 NA 129 137983.00000
137983 1360.53 5 NA 129 137983.00000
137983 1365.45 9.81 NA 129 137983.00000
137983 1374.52 10.8 rd 129 137983.00000
