X1_obs         X2_obs         X3_obs         X4_obs         X1_true        X2_true        X3_true        X4_true        Y1_obs         Y2_obs         Y3_obs         Y4_obs         Y5_obs         Y1_unbiased    Y2_unbiased    Y3_unbiased    Y4_unbiased    Y5_unbiased    Y1_sim         Y2_sim         Y3_sim         Y4_sim         Y5_sim         Y1_res         Y2_res         Y3_res         Y4_res         Y5_res         Y1_stdres      Y2_stdres      Y3_stdres      Y4_stdres      Y5_stdres      
   0.100000E+01   0.600000E+01   0.224165E+05   0.259230E+06   0.100000E+01   0.600000E+01   0.224165E+05   0.259230E+06   0.210445E+03  -0.999900E+04  -0.999900E+04  -0.999900E+04  -0.999900E+04   0.210445E+03  -0.999900E+04  -0.999900E+04  -0.999900E+04  -0.999900E+04   0.210867E+03   0.948300E+02   0.829325E+00   0.198557E+02   0.150000E+02  -0.421742E+00  -0.999900E+04  -0.999900E+04  -0.999900E+04  -0.999900E+04  -0.389147E+01  -0.999900E+04  -0.999900E+04  -0.999900E+04  -0.999900E+04
   0.100000E+01   0.600000E+01   0.225000E+05   0.259266E+06   0.100000E+01   0.600000E+01   0.225000E+05   0.259266E+06   0.210387E+03  -0.999900E+04  -0.999900E+04  -0.999900E+04  -0.999900E+04   0.210387E+03  -0.999900E+04  -0.999900E+04  -0.999900E+04  -0.999900E+04   0.210775E+03   0.948289E+02   0.777586E+00   0.198557E+02   0.150000E+02  -0.387933E+00  -0.999900E+04  -0.999900E+04  -0.999900E+04  -0.999900E+04  -0.357951E+01  -0.999900E+04  -0.999900E+04  -0.999900E+04  -0.999900E+04
   0.100000E+01   0.600000E+01   0.226247E+05   0.259301E+06   0.100000E+01   0.600000E+01   0.226247E+05   0.259301E+06   0.210300E+03  -0.999900E+04  -0.999900E+04  -0.999900E+04  -0.999900E+04   0.210300E+03  -0.999900E+04  -0.999900E+04  -0.999900E+04  -0.999900E+04   0.210630E+03   0.948259E+02   0.793808E+00   0.198557E+02   0.150000E+02  -0.329570E+00  -0.999900E+04  -0.999900E+04  -0.999900E+04  -0.999900E+04  -0.304099E+01  -0.999900E+04  -0.999900E+04  -0.999900E+04  -0.999900E+04
   0.100000E+01   0.600000E+01   0.227493E+05   0.259343E+06   0.100000E+01   0.600000E+01   0.227493E+05   0.259343E+06   0.210170E+03  -0.999900E+04  -0.999900E+04  -0.999900E+04  -0.999900E+04   0.210170E+03  -0.999900E+04  -0.999900E+04  -0.999900E+04  -0.999900E+04   0.210486E+03   0.948234E+02   0.788708E+00   0.198557E+02   0.150000E+02  -0.316295E+00  -0.999900E+04  -0.999900E+04  -0.999900E+04  -0.999900E+04  -0.291850E+01  -0.999900E+04  -0.999900E+04  -0.999900E+04  -0.999900E+04
   0.100000E+01   0.600000E+01   0.228740E+05   0.259376E+06   0.100000E+01   0.600000E+01   0.228740E+05   0.259376E+06   0.210028E+03  -0.999900E+04  -0.999900E+04  -0.999900E+04  -0.999900E+04   0.210028E+03  -0.999900E+04  -0.999900E+04  -0.999900E+04  -0.999900E+04   0.210343E+03   0.948205E+02   0.788342E+00   0.198557E+02   0.150000E+02  -0.315859E+00  -0.999900E+04  -0.999900E+04  -0.999900E+04  -0.999900E+04  -0.291448E+01  -0.999900E+04  -0.999900E+04  -0.999900E+04  -0.999900E+04
   0.100000E+01   0.600000E+01   0.230015E+05   0.259413E+06   0.100000E+01   0.600000E+01   0.230015E+05   0.259413E+06   0.209945E+03  -0.999900E+04  -0.999900E+04  -0.999900E+04  -0.999900E+04   0.209945E+03  -0.999900E+04  -0.999900E+04  -0.999900E+04  -0.999900E+04   0.210174E+03   0.948177E+02   0.854688E+00   0.198557E+02   0.150000E+02  -0.228904E+00  -0.999900E+04  -0.999900E+04  -0.999900E+04  -0.999900E+04  -0.211213E+01  -0.999900E+04  -0.999900E+04  -0.999900E+04  -0.999900E+04
   0.100000E+01   0.600000E+01   0.231290E+05   0.259441E+06   0.100000E+01   0.600000E+01   0.231290E+05   0.259441E+06   0.209865E+03  -0.999900E+04  -0.999900E+04  -0.999900E+04  -0.999900E+04   0.209865E+03  -0.999900E+04  -0.999900E+04  -0.999900E+04  -0.999900E+04   0.209993E+03   0.948146E+02   0.845569E+00   0.198557E+02   0.150000E+02  -0.127569E+00  -0.999900E+04  -0.999900E+04  -0.999900E+04  -0.999900E+04  -0.117710E+01  -0.999900E+04  -0.999900E+04  -0.999900E+04  -0.999900E+04
   0.100000E+01   0.600000E+01   0.232280E+05   0.259478E+06   0.100000E+01   0.600000E+01   0.232280E+05   0.259478E+06   0.209765E+03  -0.999900E+04  -0.999900E+04  -0.999900E+04  -0.999900E+04   0.209765E+03  -0.999900E+04  -0.999900E+04  -0.999900E+04  -0.999900E+04   0.209880E+03   0.948132E+02   0.796891E+00   0.198557E+02   0.150000E+02  -0.115325E+00  -0.999900E+04  -0.999900E+04  -0.999900E+04  -0.999900E+04  -0.106412E+01  -0.999900E+04  -0.999900E+04  -0.999900E+04  -0.999900E+04
   0.100000E+01   0.600000E+01   0.233225E+05   0.259498E+06   0.100000E+01   0.600000E+01   0.233225E+05   0.259498E+06   0.209775E+03  -0.999900E+04  -0.999900E+04  -0.999900E+04  -0.999900E+04   0.209775E+03  -0.999900E+04  -0.999900E+04  -0.999900E+04  -0.999900E+04   0.209756E+03   0.948114E+02   0.888428E+00   0.198557E+02   0.150000E+02   0.194846E-01  -0.999900E+04  -0.999900E+04  -0.999900E+04  -0.999900E+04   0.179787E+00  -0.999900E+04  -0.999900E+04  -0.999900E+04  -0.999900E+04
   0.100000E+01   0.600000E+01   0.234170E+05   0.259528E+06   0.100000E+01   0.600000E+01   0.234170E+05   0.259528E+06   0.209762E+03  -0.999900E+04  -0.999900E+04  -0.999900E+04  -0.999900E+04   0.209762E+03  -0.999900E+04  -0.999900E+04  -0.999900E+04  -0.999900E+04   0.209565E+03   0.948099E+02   0.952260E+00   0.198557E+02   0.150000E+02   0.197969E+00  -0.999900E+04  -0.999900E+04  -0.999900E+04  -0.999900E+04   0.182669E+01  -0.999900E+04  -0.999900E+04  -0.999900E+04  -0.999900E+04
   0.100000E+01   0.600000E+01   0.235177E+05   0.259556E+06   0.100000E+01   0.600000E+01   0.235177E+05   0.259556E+06   0.209648E+03  -0.999900E+04  -0.999900E+04  -0.999900E+04  -0.999900E+04   0.209648E+03  -0.999900E+04  -0.999900E+04  -0.999900E+04  -0.999900E+04   0.209335E+03   0.948078E+02   0.948585E+00   0.198557E+02   0.150000E+02   0.312672E+00  -0.999900E+04  -0.999900E+04  -0.999900E+04  -0.999900E+04   0.288507E+01  -0.999900E+04  -0.999900E+04  -0.999900E+04  -0.999900E+04
   0.100000E+01   0.600000E+01   0.236184E+05   0.259586E+06   0.100000E+01   0.600000E+01   0.236184E+05   0.259586E+06   0.209627E+03  -0.999900E+04  -0.999900E+04  -0.999900E+04  -0.999900E+04   0.209627E+03  -0.999900E+04  -0.999900E+04  -0.999900E+04  -0.999900E+04   0.209123E+03   0.948056E+02   0.939490E+00   0.198557E+02   0.150000E+02   0.504449E+00  -0.999900E+04  -0.999900E+04  -0.999900E+04  -0.999900E+04   0.465462E+01  -0.999900E+04  -0.999900E+04  -0.999900E+04  -0.999900E+04
   0.100000E+01   0.600000E+01   0.237191E+05   0.259629E+06   0.100000E+01   0.600000E+01   0.237191E+05   0.259629E+06   0.209375E+03  -0.999900E+04  -0.999900E+04  -0.999900E+04  -0.999900E+04   0.209375E+03  -0.999900E+04  -0.999900E+04  -0.999900E+04  -0.999900E+04   0.208935E+03   0.948040E+02   0.920926E+00   0.198557E+02   0.150000E+02   0.440133E+00  -0.999900E+04  -0.999900E+04  -0.999900E+04  -0.999900E+04   0.406117E+01  -0.999900E+04  -0.999900E+04  -0.999900E+04  -0.999900E+04
   0.100000E+01   0.600000E+01   0.238199E+05   0.259669E+06   0.100000E+01   0.600000E+01   0.238199E+05   0.259669E+06   0.208798E+03  -0.999900E+04  -0.999900E+04  -0.999900E+04  -0.999900E+04   0.208798E+03  -0.999900E+04  -0.999900E+04  -0.999900E+04  -0.999900E+04   0.208770E+03   0.948023E+02   0.898226E+00   0.198557E+02   0.150000E+02   0.276897E-01  -0.999900E+04  -0.999900E+04  -0.999900E+04  -0.999900E+04   0.255497E+00  -0.999900E+04  -0.999900E+04  -0.999900E+04  -0.999900E+04
   0.100000E+01   0.600000E+01   0.239206E+05   0.259694E+06   0.100000E+01   0.600000E+01   0.239206E+05   0.259694E+06   0.208480E+03  -0.999900E+04  -0.999900E+04  -0.999900E+04  -0.999900E+04   0.208480E+03  -0.999900E+04  -0.999900E+04  -0.999900E+04  -0.999900E+04   0.208621E+03   0.947997E+02   0.879401E+00   0.198557E+02   0.150000E+02  -0.140911E+00  -0.999900E+04  -0.999900E+04  -0.999900E+04  -0.999900E+04  -0.130020E+01  -0.999900E+04  -0.999900E+04  -0.999900E+04  -0.999900E+04
   0.100000E+01   0.600000E+01   0.240213E+05   0.259724E+06   0.100000E+01   0.600000E+01   0.240213E+05   0.259724E+06   0.208365E+03  -0.999900E+04  -0.999900E+04  -0.999900E+04  -0.999900E+04   0.208365E+03  -0.999900E+04  -0.999900E+04  -0.999900E+04  -0.999900E+04   0.208482E+03   0.947974E+02   0.868661E+00   0.198557E+02   0.150000E+02  -0.116596E+00  -0.999900E+04  -0.999900E+04  -0.999900E+04  -0.999900E+04  -0.107584E+01  -0.999900E+04  -0.999900E+04  -0.999900E+04  -0.999900E+04
   0.100000E+01   0.600000E+01   0.241220E+05   0.259767E+06   0.100000E+01   0.600000E+01   0.241220E+05   0.259767E+06   0.208083E+03  -0.999900E+04  -0.999900E+04  -0.999900E+04  -0.999900E+04   0.208083E+03  -0.999900E+04  -0.999900E+04  -0.999900E+04  -0.999900E+04   0.208345E+03   0.947956E+02   0.870095E+00   0.198557E+02   0.150000E+02  -0.262044E+00  -0.999900E+04  -0.999900E+04  -0.999900E+04  -0.999900E+04  -0.241791E+01  -0.999900E+04  -0.999900E+04  -0.999900E+04  -0.999900E+04
   0.100000E+01   0.600000E+01   0.242135E+05   0.259794E+06   0.100000E+01   0.600000E+01   0.242135E+05   0.259794E+06   0.207875E+03  -0.999900E+04  -0.999900E+04  -0.999900E+04  -0.999900E+04   0.207875E+03  -0.999900E+04  -0.999900E+04  -0.999900E+04  -0.999900E+04   0.208220E+03   0.947935E+02   0.891177E+00   0.198557E+02   0.150000E+02  -0.344998E+00  -0.999900E+04  -0.999900E+04  -0.999900E+04  -0.999900E+04  -0.318335E+01  -0.999900E+04  -0.999900E+04  -0.999900E+04  -0.999900E+04
   0.100000E+01   0.600000E+01   0.243050E+05   0.259832E+06   0.100000E+01   0.600000E+01   0.243050E+05   0.259832E+06   0.207657E+03  -0.999900E+04  -0.999900E+04  -0.999900E+04  -0.999900E+04   0.207657E+03  -0.999900E+04  -0.999900E+04  -0.999900E+04  -0.999900E+04   0.208079E+03   0.947921E+02   0.944105E+00   0.198557E+02   0.150000E+02  -0.421265E+00  -0.999900E+04  -0.999900E+04  -0.999900E+04  -0.999900E+04  -0.388708E+01  -0.999900E+04  -0.999900E+04  -0.999900E+04  -0.999900E+04
   0.100000E+01   0.600000E+01   0.244303E+05   0.259864E+06   0.100000E+01   0.600000E+01   0.244303E+05   0.259864E+06   0.207577E+03  -0.999900E+04  -0.999900E+04  -0.999900E+04  -0.999900E+04   0.207577E+03  -0.999900E+04  -0.999900E+04  -0.999900E+04  -0.999900E+04   0.207861E+03   0.947896E+02   0.100583E+01   0.198557E+02   0.150000E+02  -0.283413E+00  -0.999900E+04  -0.999900E+04  -0.999900E+04  -0.999900E+04  -0.261510E+01  -0.999900E+04  -0.999900E+04  -0.999900E+04  -0.999900E+04
   0.100000E+01   0.600000E+01   0.245557E+05   0.259917E+06   0.100000E+01   0.600000E+01   0.245557E+05   0.259917E+06   0.207485E+03  -0.999900E+04  -0.999900E+04  -0.999900E+04  -0.999900E+04   0.207485E+03  -0.999900E+04  -0.999900E+04  -0.999900E+04  -0.999900E+04   0.207663E+03   0.947882E+02   0.946231E+00   0.198557E+02   0.150000E+02  -0.178228E+00  -0.999900E+04  -0.999900E+04  -0.999900E+04  -0.999900E+04  -0.164454E+01  -0.999900E+04  -0.999900E+04  -0.999900E+04  -0.999900E+04
   0.100000E+01   0.600000E+01   0.246810E+05   0.259954E+06   0.100000E+01   0.600000E+01   0.246810E+05   0.259954E+06   0.207370E+03  -0.999900E+04  -0.999900E+04  -0.999900E+04  -0.999900E+04   0.207370E+03  -0.999900E+04  -0.999900E+04  -0.999900E+04  -0.999900E+04   0.207496E+03   0.947855E+02   0.851873E+00   0.198557E+02   0.150000E+02  -0.126282E+00  -0.999900E+04  -0.999900E+04  -0.999900E+04  -0.999900E+04  -0.116523E+01  -0.999900E+04  -0.999900E+04  -0.999900E+04  -0.999900E+04
   0.100000E+01   0.600000E+01   0.247962E+05   0.259985E+06   0.100000E+01   0.600000E+01   0.247962E+05   0.259985E+06   0.207255E+03  -0.999900E+04  -0.999900E+04  -0.999900E+04  -0.999900E+04   0.207255E+03  -0.999900E+04  -0.999900E+04  -0.999900E+04  -0.999900E+04   0.207351E+03   0.947828E+02   0.861530E+00   0.198557E+02   0.150000E+02  -0.960932E-01  -0.999900E+04  -0.999900E+04  -0.999900E+04  -0.999900E+04  -0.886665E+00  -0.999900E+04  -0.999900E+04  -0.999900E+04  -0.999900E+04
   0.100000E+01   0.600000E+01   0.249115E+05   0.260020E+06   0.100000E+01   0.600000E+01   0.249115E+05   0.260020E+06   0.207100E+03  -0.999900E+04  -0.999900E+04  -0.999900E+04  -0.999900E+04   0.207100E+03  -0.999900E+04  -0.999900E+04  -0.999900E+04  -0.999900E+04   0.207218E+03   0.947803E+02   0.834508E+00   0.198557E+02   0.150000E+02  -0.118311E+00  -0.999900E+04  -0.999900E+04  -0.999900E+04  -0.999900E+04  -0.109167E+01  -0.999900E+04  -0.999900E+04  -0.999900E+04  -0.999900E+04
   0.100000E+01   0.600000E+01   0.250268E+05   0.260050E+06   0.100000E+01   0.600000E+01   0.250268E+05   0.260050E+06   0.206975E+03  -0.999900E+04  -0.999900E+04  -0.999900E+04  -0.999900E+04   0.206975E+03  -0.999900E+04  -0.999900E+04  -0.999900E+04  -0.999900E+04   0.207111E+03   0.947774E+02   0.743008E+00   0.198557E+02   0.150000E+02  -0.136177E+00  -0.999900E+04  -0.999900E+04  -0.999900E+04  -0.999900E+04  -0.125652E+01  -0.999900E+04  -0.999900E+04  -0.999900E+04  -0.999900E+04
   0.100000E+01   0.600000E+01   0.251420E+05   0.260085E+06   0.100000E+01   0.600000E+01   0.251420E+05   0.260085E+06   0.206768E+03  -0.999900E+04  -0.999900E+04  -0.999900E+04  -0.999900E+04   0.206768E+03  -0.999900E+04  -0.999900E+04  -0.999900E+04  -0.999900E+04   0.207046E+03   0.947741E+02   0.588506E+00   0.198557E+02   0.150000E+02  -0.278323E+00  -0.999900E+04  -0.999900E+04  -0.999900E+04  -0.999900E+04  -0.256813E+01  -0.999900E+04  -0.999900E+04  -0.999900E+04  -0.999900E+04
   0.100000E+01   0.600000E+01   0.252457E+05   0.260115E+06   0.100000E+01   0.600000E+01   0.252457E+05   0.260115E+06   0.206748E+03  -0.999900E+04  -0.999900E+04  -0.999900E+04  -0.999900E+04   0.206748E+03  -0.999900E+04  -0.999900E+04  -0.999900E+04  -0.999900E+04   0.206988E+03   0.947711E+02   0.636805E+00   0.198557E+02   0.150000E+02  -0.240758E+00  -0.999900E+04  -0.999900E+04  -0.999900E+04  -0.999900E+04  -0.222151E+01  -0.999900E+04  -0.999900E+04  -0.999900E+04  -0.999900E+04
   0.100000E+01   0.600000E+01   0.253493E+05   0.260145E+06   0.100000E+01   0.600000E+01   0.253493E+05   0.260145E+06   0.206670E+03  -0.999900E+04  -0.999900E+04  -0.999900E+04  -0.999900E+04   0.206670E+03  -0.999900E+04  -0.999900E+04  -0.999900E+04  -0.999900E+04   0.206919E+03   0.947683E+02   0.685794E+00   0.198557E+02   0.150000E+02  -0.249354E+00  -0.999900E+04  -0.999900E+04  -0.999900E+04  -0.999900E+04  -0.230082E+01  -0.999900E+04  -0.999900E+04  -0.999900E+04  -0.999900E+04
   0.100000E+01   0.600000E+01   0.254530E+05   0.260178E+06   0.100000E+01   0.600000E+01   0.254530E+05   0.260178E+06   0.206610E+03  -0.999900E+04  -0.999900E+04  -0.999900E+04  -0.999900E+04   0.206610E+03  -0.999900E+04  -0.999900E+04  -0.999900E+04  -0.999900E+04   0.206837E+03   0.947659E+02   0.731187E+00   0.198557E+02   0.150000E+02  -0.227480E+00  -0.999900E+04  -0.999900E+04  -0.999900E+04  -0.999900E+04  -0.209899E+01  -0.999900E+04  -0.999900E+04  -0.999900E+04  -0.999900E+04
   0.100000E+01   0.600000E+01   0.255567E+05   0.260220E+06   0.100000E+01   0.600000E+01   0.255567E+05   0.260220E+06   0.206482E+03  -0.999900E+04  -0.999900E+04  -0.999900E+04  -0.999900E+04   0.206482E+03  -0.999900E+04  -0.999900E+04  -0.999900E+04  -0.999900E+04   0.206742E+03   0.947641E+02   0.768118E+00   0.198557E+02   0.150000E+02  -0.259736E+00  -0.999900E+04  -0.999900E+04  -0.999900E+04  -0.999900E+04  -0.239662E+01  -0.999900E+04  -0.999900E+04  -0.999900E+04  -0.999900E+04
   0.100000E+01   0.600000E+01   0.256603E+05   0.260244E+06   0.100000E+01   0.600000E+01   0.256603E+05   0.260244E+06   0.206343E+03  -0.999900E+04  -0.999900E+04  -0.999900E+04  -0.999900E+04   0.206343E+03  -0.999900E+04  -0.999900E+04  -0.999900E+04  -0.999900E+04   0.206635E+03   0.947615E+02   0.793644E+00   0.198557E+02   0.150000E+02  -0.292095E+00  -0.999900E+04  -0.999900E+04  -0.999900E+04  -0.999900E+04  -0.269521E+01  -0.999900E+04  -0.999900E+04  -0.999900E+04  -0.999900E+04
   0.100000E+01   0.600000E+01   0.257640E+05   0.260286E+06   0.100000E+01   0.600000E+01   0.257640E+05   0.260286E+06   0.206183E+03  -0.999900E+04  -0.999900E+04  -0.999900E+04  -0.999900E+04   0.206183E+03  -0.999900E+04  -0.999900E+04  -0.999900E+04  -0.999900E+04   0.206516E+03   0.947596E+02   0.807538E+00   0.198557E+02   0.150000E+02  -0.333369E+00  -0.999900E+04  -0.999900E+04  -0.999900E+04  -0.999900E+04  -0.307604E+01  -0.999900E+04  -0.999900E+04  -0.999900E+04  -0.999900E+04
   0.100000E+01   0.600000E+01   0.258682E+05   0.260334E+06   0.100000E+01   0.600000E+01   0.258682E+05   0.260334E+06   0.206070E+03  -0.999900E+04  -0.999900E+04  -0.999900E+04  -0.999900E+04   0.206070E+03  -0.999900E+04  -0.999900E+04  -0.999900E+04  -0.999900E+04   0.206395E+03   0.947580E+02   0.804702E+00   0.198557E+02   0.150000E+02  -0.324808E+00  -0.999900E+04  -0.999900E+04  -0.999900E+04  -0.999900E+04  -0.299705E+01  -0.999900E+04  -0.999900E+04  -0.999900E+04  -0.999900E+04
   0.100000E+01   0.600000E+01   0.259724E+05   0.260381E+06   0.100000E+01   0.600000E+01   0.259724E+05   0.260381E+06   0.205903E+03  -0.999900E+04  -0.999900E+04  -0.999900E+04  -0.999900E+04   0.205903E+03  -0.999900E+04  -0.999900E+04  -0.999900E+04  -0.999900E+04   0.206280E+03   0.947564E+02   0.799315E+00   0.198557E+02   0.150000E+02  -0.377125E+00  -0.999900E+04  -0.999900E+04  -0.999900E+04  -0.999900E+04  -0.347979E+01  -0.999900E+04  -0.999900E+04  -0.999900E+04  -0.999900E+04
   0.100000E+01   0.600000E+01   0.260766E+05   0.260406E+06   0.100000E+01   0.600000E+01   0.260766E+05   0.260406E+06   0.205882E+03  -0.999900E+04  -0.999900E+04  -0.999900E+04  -0.999900E+04   0.205882E+03  -0.999900E+04  -0.999900E+04  -0.999900E+04  -0.999900E+04   0.206171E+03   0.947539E+02   0.791157E+00   0.198557E+02   0.150000E+02  -0.288538E+00  -0.999900E+04  -0.999900E+04  -0.999900E+04  -0.999900E+04  -0.266238E+01  -0.999900E+04  -0.999900E+04  -0.999900E+04  -0.999900E+04
   0.100000E+01   0.600000E+01   0.261808E+05   0.260439E+06   0.100000E+01   0.600000E+01   0.261808E+05   0.260439E+06   0.205805E+03  -0.999900E+04  -0.999900E+04  -0.999900E+04  -0.999900E+04   0.205805E+03  -0.999900E+04  -0.999900E+04  -0.999900E+04  -0.999900E+04   0.206070E+03   0.947519E+02   0.780060E+00   0.198557E+02   0.150000E+02  -0.264810E+00  -0.999900E+04  -0.999900E+04  -0.999900E+04  -0.999900E+04  -0.244344E+01  -0.999900E+04  -0.999900E+04  -0.999900E+04  -0.999900E+04
   0.100000E+01   0.600000E+01   0.262850E+05   0.260471E+06   0.100000E+01   0.600000E+01   0.262850E+05   0.260471E+06   0.205762E+03  -0.999900E+04  -0.999900E+04  -0.999900E+04  -0.999900E+04   0.205762E+03  -0.999900E+04  -0.999900E+04  -0.999900E+04  -0.999900E+04   0.205977E+03   0.947500E+02   0.766235E+00   0.198557E+02   0.150000E+02  -0.214196E+00  -0.999900E+04  -0.999900E+04  -0.999900E+04  -0.999900E+04  -0.197642E+01  -0.999900E+04  -0.999900E+04  -0.999900E+04  -0.999900E+04
   0.100000E+01   0.600000E+01   0.264097E+05   0.260516E+06   0.100000E+01   0.600000E+01   0.264097E+05   0.260516E+06   0.205708E+03  -0.999900E+04  -0.999900E+04  -0.999900E+04  -0.999900E+04   0.205708E+03  -0.999900E+04  -0.999900E+04  -0.999900E+04  -0.999900E+04   0.205863E+03   0.947481E+02   0.769010E+00   0.198557E+02   0.150000E+02  -0.155414E+00  -0.999900E+04  -0.999900E+04  -0.999900E+04  -0.999900E+04  -0.143402E+01  -0.999900E+04  -0.999900E+04  -0.999900E+04  -0.999900E+04
   0.100000E+01   0.600000E+01   0.265343E+05   0.260551E+06   0.100000E+01   0.600000E+01   0.265343E+05   0.260551E+06   0.205635E+03  -0.999900E+04  -0.999900E+04  -0.999900E+04  -0.999900E+04   0.205635E+03  -0.999900E+04  -0.999900E+04  -0.999900E+04  -0.999900E+04   0.205725E+03   0.947455E+02   0.799440E+00   0.198557E+02   0.150000E+02  -0.901819E-01  -0.999900E+04  -0.999900E+04  -0.999900E+04  -0.999900E+04  -0.832122E+00  -0.999900E+04  -0.999900E+04  -0.999900E+04  -0.999900E+04
   0.100000E+01   0.600000E+01   0.266590E+05   0.260590E+06   0.100000E+01   0.600000E+01   0.266590E+05   0.260590E+06   0.205213E+03  -0.999900E+04  -0.999900E+04  -0.999900E+04  -0.999900E+04   0.205213E+03  -0.999900E+04  -0.999900E+04  -0.999900E+04  -0.999900E+04   0.205505E+03   0.947429E+02   0.931482E+00   0.198557E+02   0.150000E+02  -0.292450E+00  -0.999900E+04  -0.999900E+04  -0.999900E+04  -0.999900E+04  -0.269848E+01  -0.999900E+04  -0.999900E+04  -0.999900E+04  -0.999900E+04
   0.100000E+01   0.600000E+01   0.267782E+05   0.260632E+06   0.100000E+01   0.600000E+01   0.267782E+05   0.260632E+06   0.205107E+03  -0.999900E+04  -0.999900E+04  -0.999900E+04  -0.999900E+04   0.205107E+03  -0.999900E+04  -0.999900E+04  -0.999900E+04  -0.999900E+04   0.205294E+03   0.947405E+02   0.849198E+00   0.198557E+02   0.150000E+02  -0.186564E+00  -0.999900E+04  -0.999900E+04  -0.999900E+04  -0.999900E+04  -0.172146E+01  -0.999900E+04  -0.999900E+04  -0.999900E+04  -0.999900E+04
   0.100000E+01   0.600000E+01   0.268975E+05   0.260677E+06   0.100000E+01   0.600000E+01   0.268975E+05   0.260677E+06   0.204940E+03  -0.999900E+04  -0.999900E+04  -0.999900E+04  -0.999900E+04   0.204940E+03  -0.999900E+04  -0.999900E+04  -0.999900E+04  -0.999900E+04   0.205171E+03   0.947385E+02   0.729107E+00   0.198557E+02   0.150000E+02  -0.231126E+00  -0.999900E+04  -0.999900E+04  -0.999900E+04  -0.999900E+04  -0.213263E+01  -0.999900E+04  -0.999900E+04  -0.999900E+04  -0.999900E+04
   0.100000E+01   0.600000E+01   0.270168E+05   0.260707E+06   0.100000E+01   0.600000E+01   0.270168E+05   0.260707E+06   0.204893E+03  -0.999900E+04  -0.999900E+04  -0.999900E+04  -0.999900E+04   0.204893E+03  -0.999900E+04  -0.999900E+04  -0.999900E+04  -0.999900E+04   0.205106E+03   0.947363E+02   0.628089E+00   0.198557E+02   0.150000E+02  -0.213170E+00  -0.999900E+04  -0.999900E+04  -0.999900E+04  -0.999900E+04  -0.196695E+01  -0.999900E+04  -0.999900E+04  -0.999900E+04  -0.999900E+04
   0.100000E+01   0.600000E+01   0.271360E+05   0.260750E+06   0.100000E+01   0.600000E+01   0.271360E+05   0.260750E+06   0.204850E+03  -0.999900E+04  -0.999900E+04  -0.999900E+04  -0.999900E+04   0.204850E+03  -0.999900E+04  -0.999900E+04  -0.999900E+04  -0.999900E+04   0.205066E+03   0.947350E+02   0.554081E+00   0.198557E+02   0.150000E+02  -0.216049E+00  -0.999900E+04  -0.999900E+04  -0.999900E+04  -0.999900E+04  -0.199351E+01  -0.999900E+04  -0.999900E+04  -0.999900E+04  -0.999900E+04
   0.100000E+01   0.600000E+01   0.272825E+05   0.260795E+06   0.100000E+01   0.600000E+01   0.272825E+05   0.260795E+06   0.204835E+03  -0.999900E+04  -0.999900E+04  -0.999900E+04  -0.999900E+04   0.204835E+03  -0.999900E+04  -0.999900E+04  -0.999900E+04  -0.999900E+04   0.205013E+03   0.947330E+02   0.584701E+00   0.198557E+02   0.150000E+02  -0.177541E+00  -0.999900E+04  -0.999900E+04  -0.999900E+04  -0.999900E+04  -0.163820E+01  -0.999900E+04  -0.999900E+04  -0.999900E+04  -0.999900E+04
   0.100000E+01   0.600000E+01   0.274290E+05   0.260851E+06   0.100000E+01   0.600000E+01   0.274290E+05   0.260851E+06   0.204620E+03  -0.999900E+04  -0.999900E+04  -0.999900E+04  -0.999900E+04   0.204620E+03  -0.999900E+04  -0.999900E+04  -0.999900E+04  -0.999900E+04   0.204771E+03   0.947313E+02   0.101331E+01   0.198557E+02   0.150000E+02  -0.151027E+00  -0.999900E+04  -0.999900E+04  -0.999900E+04  -0.999900E+04  -0.139355E+01  -0.999900E+04  -0.999900E+04  -0.999900E+04  -0.999900E+04
   0.100000E+01   0.600000E+01   0.275617E+05   0.260888E+06   0.100000E+01   0.600000E+01   0.275617E+05   0.260888E+06   0.204450E+03  -0.999900E+04  -0.999900E+04  -0.999900E+04  -0.999900E+04   0.204450E+03  -0.999900E+04  -0.999900E+04  -0.999900E+04  -0.999900E+04   0.204348E+03   0.947288E+02   0.106349E+01   0.198557E+02   0.150000E+02   0.101575E+00  -0.999900E+04  -0.999900E+04  -0.999900E+04  -0.999900E+04   0.937246E+00  -0.999900E+04  -0.999900E+04  -0.999900E+04  -0.999900E+04
   0.100000E+01   0.600000E+01   0.276943E+05   0.260926E+06   0.100000E+01   0.600000E+01   0.276943E+05   0.260926E+06   0.203840E+03  -0.999900E+04  -0.999900E+04  -0.999900E+04  -0.999900E+04   0.203840E+03  -0.999900E+04  -0.999900E+04  -0.999900E+04  -0.999900E+04   0.203964E+03   0.947263E+02   0.108724E+01   0.198557E+02   0.150000E+02  -0.124005E+00  -0.999900E+04  -0.999900E+04  -0.999900E+04  -0.999900E+04  -0.114421E+01  -0.999900E+04  -0.999900E+04  -0.999900E+04  -0.999900E+04
   0.100000E+01   0.600000E+01   0.278270E+05   0.260958E+06   0.100000E+01   0.600000E+01   0.278270E+05   0.260958E+06   0.203390E+03  -0.999900E+04  -0.999900E+04  -0.999900E+04  -0.999900E+04   0.203390E+03  -0.999900E+04  -0.999900E+04  -0.999900E+04  -0.999900E+04   0.203658E+03   0.947236E+02   0.105423E+01   0.198557E+02   0.150000E+02  -0.268307E+00  -0.999900E+04  -0.999900E+04  -0.999900E+04  -0.999900E+04  -0.247571E+01  -0.999900E+04  -0.999900E+04  -0.999900E+04  -0.999900E+04
   0.100000E+01   0.600000E+01   0.279570E+05   0.261001E+06   0.100000E+01   0.600000E+01   0.279570E+05   0.261001E+06   0.203197E+03  -0.999900E+04  -0.999900E+04  -0.999900E+04  -0.999900E+04   0.203197E+03  -0.999900E+04  -0.999900E+04  -0.999900E+04  -0.999900E+04   0.203461E+03   0.947213E+02   0.887437E+00   0.198557E+02   0.150000E+02  -0.263118E+00  -0.999900E+04  -0.999900E+04  -0.999900E+04  -0.999900E+04  -0.242782E+01  -0.999900E+04  -0.999900E+04  -0.999900E+04  -0.999900E+04
   0.100000E+01   0.600000E+01   0.281160E+05   0.261061E+06   0.100000E+01   0.600000E+01   0.281160E+05   0.261061E+06   0.203002E+03  -0.999900E+04  -0.999900E+04  -0.999900E+04  -0.999900E+04   0.203002E+03  -0.999900E+04  -0.999900E+04  -0.999900E+04  -0.999900E+04   0.203386E+03   0.947185E+02   0.514368E+00   0.198557E+02   0.150000E+02  -0.383743E+00  -0.999900E+04  -0.999900E+04  -0.999900E+04  -0.999900E+04  -0.354085E+01  -0.999900E+04  -0.999900E+04  -0.999900E+04  -0.999900E+04
   0.100000E+01   0.600000E+01   0.282232E+05   0.261106E+06   0.100000E+01   0.600000E+01   0.282232E+05   0.261106E+06   0.202920E+03  -0.999900E+04  -0.999900E+04  -0.999900E+04  -0.999900E+04   0.202920E+03  -0.999900E+04  -0.999900E+04  -0.999900E+04  -0.999900E+04   0.203363E+03   0.947168E+02   0.506975E+00   0.198557E+02   0.150000E+02  -0.443269E+00  -0.999900E+04  -0.999900E+04  -0.999900E+04  -0.999900E+04  -0.409010E+01  -0.999900E+04  -0.999900E+04  -0.999900E+04  -0.999900E+04
   0.100000E+01   0.600000E+01   0.283305E+05   0.261138E+06   0.100000E+01   0.600000E+01   0.283305E+05   0.261138E+06   0.202895E+03  -0.999900E+04  -0.999900E+04  -0.999900E+04  -0.999900E+04   0.202895E+03  -0.999900E+04  -0.999900E+04  -0.999900E+04  -0.999900E+04   0.203339E+03   0.947143E+02   0.502652E+00   0.198557E+02   0.150000E+02  -0.444476E+00  -0.999900E+04  -0.999900E+04  -0.999900E+04  -0.999900E+04  -0.410125E+01  -0.999900E+04  -0.999900E+04  -0.999900E+04  -0.999900E+04
   0.100000E+01   0.600000E+01   0.284378E+05   0.261161E+06   0.100000E+01   0.600000E+01   0.284378E+05   0.261161E+06   0.202873E+03  -0.999900E+04  -0.999900E+04  -0.999900E+04  -0.999900E+04   0.202873E+03  -0.999900E+04  -0.999900E+04  -0.999900E+04  -0.999900E+04   0.203314E+03   0.947113E+02   0.501345E+00   0.198557E+02   0.150000E+02  -0.441851E+00  -0.999900E+04  -0.999900E+04  -0.999900E+04  -0.999900E+04  -0.407702E+01  -0.999900E+04  -0.999900E+04  -0.999900E+04  -0.999900E+04
   0.100000E+01   0.600000E+01   0.285450E+05   0.261193E+06   0.100000E+01   0.600000E+01   0.285450E+05   0.261193E+06   0.202808E+03  -0.999900E+04  -0.999900E+04  -0.999900E+04  -0.999900E+04   0.202808E+03  -0.999900E+04  -0.999900E+04  -0.999900E+04  -0.999900E+04   0.203287E+03   0.947087E+02   0.503132E+00   0.198557E+02   0.150000E+02  -0.479810E+00  -0.999900E+04  -0.999900E+04  -0.999900E+04  -0.999900E+04  -0.442728E+01  -0.999900E+04  -0.999900E+04  -0.999900E+04  -0.999900E+04
   0.100000E+01   0.600000E+01   0.286522E+05   0.261233E+06   0.100000E+01   0.600000E+01   0.286522E+05   0.261233E+06   0.202750E+03  -0.999900E+04  -0.999900E+04  -0.999900E+04  -0.999900E+04   0.202750E+03  -0.999900E+04  -0.999900E+04  -0.999900E+04  -0.999900E+04   0.203258E+03   0.947062E+02   0.508312E+00   0.198557E+02   0.150000E+02  -0.507556E+00  -0.999900E+04  -0.999900E+04  -0.999900E+04  -0.999900E+04  -0.468330E+01  -0.999900E+04  -0.999900E+04  -0.999900E+04  -0.999900E+04
   0.100000E+01   0.600000E+01   0.287595E+05   0.261256E+06   0.100000E+01   0.600000E+01   0.287595E+05   0.261256E+06   0.202720E+03  -0.999900E+04  -0.999900E+04  -0.999900E+04  -0.999900E+04   0.202720E+03  -0.999900E+04  -0.999900E+04  -0.999900E+04  -0.999900E+04   0.203224E+03   0.947029E+02   0.517541E+00   0.198557E+02   0.150000E+02  -0.504073E+00  -0.999900E+04  -0.999900E+04  -0.999900E+04  -0.999900E+04  -0.465115E+01  -0.999900E+04  -0.999900E+04  -0.999900E+04  -0.999900E+04
   0.100000E+01   0.600000E+01   0.288668E+05   0.261298E+06   0.100000E+01   0.600000E+01   0.288668E+05   0.261298E+06   0.202662E+03  -0.999900E+04  -0.999900E+04  -0.999900E+04  -0.999900E+04   0.202662E+03  -0.999900E+04  -0.999900E+04  -0.999900E+04  -0.999900E+04   0.203185E+03   0.947003E+02   0.531908E+00   0.198557E+02   0.150000E+02  -0.522749E+00  -0.999900E+04  -0.999900E+04  -0.999900E+04  -0.999900E+04  -0.482348E+01  -0.999900E+04  -0.999900E+04  -0.999900E+04  -0.999900E+04
   0.100000E+01   0.600000E+01   0.289740E+05   0.261329E+06   0.100000E+01   0.600000E+01   0.289740E+05   0.261329E+06   0.202560E+03  -0.999900E+04  -0.999900E+04  -0.999900E+04  -0.999900E+04   0.202560E+03  -0.999900E+04  -0.999900E+04  -0.999900E+04  -0.999900E+04   0.203137E+03   0.946971E+02   0.539359E+00   0.198557E+02   0.150000E+02  -0.576814E+00  -0.999900E+04  -0.999900E+04  -0.999900E+04  -0.999900E+04  -0.532234E+01  -0.999900E+04  -0.999900E+04  -0.999900E+04  -0.999900E+04
   0.100000E+01   0.600000E+01   0.291210E+05   0.261377E+06   0.100000E+01   0.600000E+01   0.291210E+05   0.261377E+06   0.202360E+03  -0.999900E+04  -0.999900E+04  -0.999900E+04  -0.999900E+04   0.202360E+03  -0.999900E+04  -0.999900E+04  -0.999900E+04  -0.999900E+04   0.202825E+03   0.946944E+02   0.133996E+01   0.198557E+02   0.150000E+02  -0.464725E+00  -0.999900E+04  -0.999900E+04  -0.999900E+04  -0.999900E+04  -0.428808E+01  -0.999900E+04  -0.999900E+04  -0.999900E+04  -0.999900E+04
   0.100000E+01   0.600000E+01   0.292035E+05   0.261397E+06   0.100000E+01   0.600000E+01   0.292035E+05   0.261397E+06   0.202298E+03  -0.999900E+04  -0.999900E+04  -0.999900E+04  -0.999900E+04   0.202298E+03  -0.999900E+04  -0.999900E+04  -0.999900E+04  -0.999900E+04   0.202391E+03   0.946934E+02   0.137044E+01   0.198557E+02   0.150000E+02  -0.935919E-01  -0.999900E+04  -0.999900E+04  -0.999900E+04  -0.999900E+04  -0.863586E+00  -0.999900E+04  -0.999900E+04  -0.999900E+04  -0.999900E+04
   0.100000E+01   0.600000E+01   0.292860E+05   0.261424E+06   0.100000E+01   0.600000E+01   0.292860E+05   0.261424E+06   0.202225E+03  -0.999900E+04  -0.999900E+04  -0.999900E+04  -0.999900E+04   0.202225E+03  -0.999900E+04  -0.999900E+04  -0.999900E+04  -0.999900E+04   0.202073E+03   0.946923E+02   0.107027E+01   0.198557E+02   0.150000E+02   0.152034E+00  -0.999900E+04  -0.999900E+04  -0.999900E+04  -0.999900E+04   0.140284E+01  -0.999900E+04  -0.999900E+04  -0.999900E+04  -0.999900E+04
   0.100000E+01   0.600000E+01   0.293878E+05   0.261467E+06   0.100000E+01   0.600000E+01   0.293878E+05   0.261467E+06   0.202077E+03  -0.999900E+04  -0.999900E+04  -0.999900E+04  -0.999900E+04   0.202077E+03  -0.999900E+04  -0.999900E+04  -0.999900E+04  -0.999900E+04   0.201753E+03   0.946908E+02   0.110965E+01   0.198557E+02   0.150000E+02   0.324716E+00  -0.999900E+04  -0.999900E+04  -0.999900E+04  -0.999900E+04   0.299620E+01  -0.999900E+04  -0.999900E+04  -0.999900E+04  -0.999900E+04
   0.100000E+01   0.600000E+01   0.294895E+05   0.261489E+06   0.100000E+01   0.600000E+01   0.294895E+05   0.261489E+06   0.201657E+03  -0.999900E+04  -0.999900E+04  -0.999900E+04  -0.999900E+04   0.201657E+03  -0.999900E+04  -0.999900E+04  -0.999900E+04  -0.999900E+04   0.201476E+03   0.946882E+02   0.108331E+01   0.198557E+02   0.150000E+02   0.181601E+00  -0.999900E+04  -0.999900E+04  -0.999900E+04  -0.999900E+04   0.167566E+01  -0.999900E+04  -0.999900E+04  -0.999900E+04  -0.999900E+04
   0.100000E+01   0.600000E+01   0.295912E+05   0.261519E+06   0.100000E+01   0.600000E+01   0.295912E+05   0.261519E+06   0.201120E+03  -0.999900E+04  -0.999900E+04  -0.999900E+04  -0.999900E+04   0.201120E+03  -0.999900E+04  -0.999900E+04  -0.999900E+04  -0.999900E+04   0.201287E+03   0.946859E+02   0.974950E+00   0.198557E+02   0.150000E+02  -0.166822E+00  -0.999900E+04  -0.999900E+04  -0.999900E+04  -0.999900E+04  -0.153929E+01  -0.999900E+04  -0.999900E+04  -0.999900E+04  -0.999900E+04
   0.100000E+01   0.600000E+01   0.296930E+05   0.261552E+06   0.100000E+01   0.600000E+01   0.296930E+05   0.261552E+06   0.201110E+03  -0.999900E+04  -0.999900E+04  -0.999900E+04  -0.999900E+04   0.201110E+03  -0.999900E+04  -0.999900E+04  -0.999900E+04  -0.999900E+04   0.201174E+03   0.946838E+02   0.842496E+00   0.198557E+02   0.150000E+02  -0.637885E-01  -0.999900E+04  -0.999900E+04  -0.999900E+04  -0.999900E+04  -0.588585E+00  -0.999900E+04  -0.999900E+04  -0.999900E+04  -0.999900E+04
   0.100000E+01   0.600000E+01   0.298063E+05   0.261592E+06   0.100000E+01   0.600000E+01   0.298063E+05   0.261592E+06   0.201020E+03  -0.999900E+04  -0.999900E+04  -0.999900E+04  -0.999900E+04   0.201020E+03  -0.999900E+04  -0.999900E+04  -0.999900E+04  -0.999900E+04   0.201071E+03   0.946816E+02   0.831629E+00   0.198557E+02   0.150000E+02  -0.510256E-01  -0.999900E+04  -0.999900E+04  -0.999900E+04  -0.999900E+04  -0.470820E+00  -0.999900E+04  -0.999900E+04  -0.999900E+04  -0.999900E+04
   0.100000E+01   0.600000E+01   0.299197E+05   0.261617E+06   0.100000E+01   0.600000E+01   0.299197E+05   0.261617E+06   0.200820E+03  -0.999900E+04  -0.999900E+04  -0.999900E+04  -0.999900E+04   0.200820E+03  -0.999900E+04  -0.999900E+04  -0.999900E+04  -0.999900E+04   0.200964E+03   0.946787E+02   0.842740E+00   0.198557E+02   0.150000E+02  -0.143556E+00  -0.999900E+04  -0.999900E+04  -0.999900E+04  -0.999900E+04  -0.132461E+01  -0.999900E+04  -0.999900E+04  -0.999900E+04  -0.999900E+04
   0.100000E+01   0.600000E+01   0.300330E+05   0.261659E+06   0.100000E+01   0.600000E+01   0.300330E+05   0.261659E+06   0.200700E+03  -0.999900E+04  -0.999900E+04  -0.999900E+04  -0.999900E+04   0.200700E+03  -0.999900E+04  -0.999900E+04  -0.999900E+04  -0.999900E+04   0.200833E+03   0.946765E+02   0.896480E+00   0.198557E+02   0.150000E+02  -0.133113E+00  -0.999900E+04  -0.999900E+04  -0.999900E+04  -0.999900E+04  -0.122825E+01  -0.999900E+04  -0.999900E+04  -0.999900E+04  -0.999900E+04
   0.100000E+01   0.600000E+01   0.301240E+05   0.261688E+06   0.100000E+01   0.600000E+01   0.301240E+05   0.261688E+06   0.200623E+03  -0.999900E+04  -0.999900E+04  -0.999900E+04  -0.999900E+04   0.200623E+03  -0.999900E+04  -0.999900E+04  -0.999900E+04  -0.999900E+04   0.200724E+03   0.946746E+02   0.878028E+00   0.198557E+02   0.150000E+02  -0.101694E+00  -0.999900E+04  -0.999900E+04  -0.999900E+04  -0.999900E+04  -0.938346E+00  -0.999900E+04  -0.999900E+04  -0.999900E+04  -0.999900E+04
   0.100000E+01   0.600000E+01   0.302150E+05   0.261708E+06   0.100000E+01   0.600000E+01   0.302150E+05   0.261708E+06   0.200623E+03  -0.999900E+04  -0.999900E+04  -0.999900E+04  -0.999900E+04   0.200623E+03  -0.999900E+04  -0.999900E+04  -0.999900E+04  -0.999900E+04   0.200622E+03   0.946723E+02   0.855283E+00   0.198557E+02   0.150000E+02   0.316467E-03  -0.999900E+04  -0.999900E+04  -0.999900E+04  -0.999900E+04   0.292009E-02  -0.999900E+04  -0.999900E+04  -0.999900E+04  -0.999900E+04
   0.100000E+01   0.600000E+01   0.303213E+05   0.261740E+06   0.100000E+01   0.600000E+01   0.303213E+05   0.261740E+06   0.200540E+03  -0.999900E+04  -0.999900E+04  -0.999900E+04  -0.999900E+04   0.200540E+03  -0.999900E+04  -0.999900E+04  -0.999900E+04  -0.999900E+04   0.200505E+03   0.946700E+02   0.845307E+00   0.198557E+02   0.150000E+02   0.346564E-01  -0.999900E+04  -0.999900E+04  -0.999900E+04  -0.999900E+04   0.319779E+00  -0.999900E+04  -0.999900E+04  -0.999900E+04  -0.999900E+04
   0.100000E+01   0.600000E+01   0.304277E+05   0.261785E+06   0.100000E+01   0.600000E+01   0.304277E+05   0.261785E+06   0.200298E+03  -0.999900E+04  -0.999900E+04  -0.999900E+04  -0.999900E+04   0.200298E+03  -0.999900E+04  -0.999900E+04  -0.999900E+04  -0.999900E+04   0.200376E+03   0.946682E+02   0.875587E+00   0.198557E+02   0.150000E+02  -0.782303E-01  -0.999900E+04  -0.999900E+04  -0.999900E+04  -0.999900E+04  -0.721842E+00  -0.999900E+04  -0.999900E+04  -0.999900E+04  -0.999900E+04
   0.100000E+01   0.600000E+01   0.305340E+05   0.261813E+06   0.100000E+01   0.600000E+01   0.305340E+05   0.261813E+06   0.200012E+03  -0.999900E+04  -0.999900E+04  -0.999900E+04  -0.999900E+04   0.200012E+03  -0.999900E+04  -0.999900E+04  -0.999900E+04  -0.999900E+04   0.200192E+03   0.946654E+02   0.996664E+00   0.198557E+02   0.150000E+02  -0.179436E+00  -0.999900E+04  -0.999900E+04  -0.999900E+04  -0.999900E+04  -0.165569E+01  -0.999900E+04  -0.999900E+04  -0.999900E+04  -0.999900E+04
   0.100000E+01   0.600000E+01   0.306880E+05   0.261848E+06   0.100000E+01   0.600000E+01   0.306880E+05   0.261848E+06   0.199705E+03  -0.999900E+04  -0.999900E+04  -0.999900E+04  -0.999900E+04   0.199705E+03  -0.999900E+04  -0.999900E+04  -0.999900E+04  -0.999900E+04   0.200023E+03   0.946602E+02   0.685701E+00   0.198557E+02   0.150000E+02  -0.318213E+00  -0.999900E+04  -0.999900E+04  -0.999900E+04  -0.999900E+04  -0.293619E+01  -0.999900E+04  -0.999900E+04  -0.999900E+04  -0.999900E+04
   0.100000E+01   0.600000E+01   0.307710E+05   0.261873E+06   0.100000E+01   0.600000E+01   0.307710E+05   0.261873E+06   0.199585E+03  -0.999900E+04  -0.999900E+04  -0.999900E+04  -0.999900E+04   0.199585E+03  -0.999900E+04  -0.999900E+04  -0.999900E+04  -0.999900E+04   0.199938E+03   0.946578E+02   0.849826E+00   0.198557E+02   0.150000E+02  -0.352508E+00  -0.999900E+04  -0.999900E+04  -0.999900E+04  -0.999900E+04  -0.325265E+01  -0.999900E+04  -0.999900E+04  -0.999900E+04  -0.999900E+04
   0.100000E+01   0.600000E+01   0.308580E+05   0.261905E+06   0.100000E+01   0.600000E+01   0.308580E+05   0.261905E+06   0.199440E+03  -0.999900E+04  -0.999900E+04  -0.999900E+04  -0.999900E+04   0.199440E+03  -0.999900E+04  -0.999900E+04  -0.999900E+04  -0.999900E+04   0.199830E+03   0.946560E+02   0.896770E+00   0.198557E+02   0.150000E+02  -0.389699E+00  -0.999900E+04  -0.999900E+04  -0.999900E+04  -0.999900E+04  -0.359581E+01  -0.999900E+04  -0.999900E+04  -0.999900E+04  -0.999900E+04
   0.100000E+01   0.600000E+01   0.310990E+05   0.261973E+06   0.100000E+01   0.600000E+01   0.310990E+05   0.261973E+06   0.199295E+03  -0.999900E+04  -0.999900E+04  -0.999900E+04  -0.999900E+04   0.199295E+03  -0.999900E+04  -0.999900E+04  -0.999900E+04  -0.999900E+04   0.199650E+03   0.946507E+02   0.667848E+00   0.198557E+02   0.150000E+02  -0.355439E+00  -0.999900E+04  -0.999900E+04  -0.999900E+04  -0.999900E+04  -0.327969E+01  -0.999900E+04  -0.999900E+04  -0.999900E+04  -0.999900E+04
   0.100000E+01   0.600000E+01   0.312780E+05   0.262034E+06   0.100000E+01   0.600000E+01   0.312780E+05   0.262034E+06   0.199062E+03  -0.999900E+04  -0.999900E+04  -0.999900E+04  -0.999900E+04   0.199062E+03  -0.999900E+04  -0.999900E+04  -0.999900E+04  -0.999900E+04   0.199529E+03   0.946468E+02   0.730326E+00   0.198557E+02   0.150000E+02  -0.466427E+00  -0.999900E+04  -0.999900E+04  -0.999900E+04  -0.999900E+04  -0.430379E+01  -0.999900E+04  -0.999900E+04  -0.999900E+04  -0.999900E+04
   0.100000E+01   0.600000E+01   0.313495E+05   0.262044E+06   0.100000E+01   0.600000E+01   0.313495E+05   0.262044E+06   0.198988E+03  -0.999900E+04  -0.999900E+04  -0.999900E+04  -0.999900E+04   0.198988E+03  -0.999900E+04  -0.999900E+04  -0.999900E+04  -0.999900E+04   0.199461E+03   0.946441E+02   0.749714E+00   0.198557E+02   0.150000E+02  -0.473214E+00  -0.999900E+04  -0.999900E+04  -0.999900E+04  -0.999900E+04  -0.436641E+01  -0.999900E+04  -0.999900E+04  -0.999900E+04  -0.999900E+04
   0.100000E+01   0.600000E+01   0.314210E+05   0.262069E+06   0.100000E+01   0.600000E+01   0.314210E+05   0.262069E+06   0.198930E+03  -0.999900E+04  -0.999900E+04  -0.999900E+04  -0.999900E+04   0.198930E+03  -0.999900E+04  -0.999900E+04  -0.999900E+04  -0.999900E+04   0.199391E+03   0.946422E+02   0.762206E+00   0.198557E+02   0.150000E+02  -0.460989E+00  -0.999900E+04  -0.999900E+04  -0.999900E+04  -0.999900E+04  -0.425361E+01  -0.999900E+04  -0.999900E+04  -0.999900E+04  -0.999900E+04
   0.100000E+01   0.600000E+01   0.314940E+05   0.262079E+06   0.100000E+01   0.600000E+01   0.314940E+05   0.262079E+06   0.198875E+03  -0.999900E+04  -0.999900E+04  -0.999900E+04  -0.999900E+04   0.198875E+03  -0.999900E+04  -0.999900E+04  -0.999900E+04  -0.999900E+04   0.199325E+03   0.946395E+02   0.738652E+00   0.198557E+02   0.150000E+02  -0.450213E+00  -0.999900E+04  -0.999900E+04  -0.999900E+04  -0.999900E+04  -0.415418E+01  -0.999900E+04  -0.999900E+04  -0.999900E+04  -0.999900E+04
   0.100000E+01   0.600000E+01   0.315670E+05   0.262099E+06   0.100000E+01   0.600000E+01   0.315670E+05   0.262099E+06   0.198770E+03  -0.999900E+04  -0.999900E+04  -0.999900E+04  -0.999900E+04   0.198770E+03  -0.999900E+04  -0.999900E+04  -0.999900E+04  -0.999900E+04   0.199269E+03   0.946372E+02   0.696946E+00   0.198557E+02   0.150000E+02  -0.499101E+00  -0.999900E+04  -0.999900E+04  -0.999900E+04  -0.999900E+04  -0.460528E+01  -0.999900E+04  -0.999900E+04  -0.999900E+04  -0.999900E+04
   0.100000E+01   0.600000E+01   0.316400E+05   0.262121E+06   0.100000E+01   0.600000E+01   0.316400E+05   0.262121E+06   0.198780E+03  -0.999900E+04  -0.999900E+04  -0.999900E+04  -0.999900E+04   0.198780E+03  -0.999900E+04  -0.999900E+04  -0.999900E+04  -0.999900E+04   0.199225E+03   0.946350E+02   0.647297E+00   0.198557E+02   0.150000E+02  -0.445136E+00  -0.999900E+04  -0.999900E+04  -0.999900E+04  -0.999900E+04  -0.410733E+01  -0.999900E+04  -0.999900E+04  -0.999900E+04  -0.999900E+04
   0.100000E+01   0.600000E+01   0.317130E+05   0.262141E+06   0.100000E+01   0.600000E+01   0.317130E+05   0.262141E+06   0.198735E+03  -0.999900E+04  -0.999900E+04  -0.999900E+04  -0.999900E+04   0.198735E+03  -0.999900E+04  -0.999900E+04  -0.999900E+04  -0.999900E+04   0.199192E+03   0.946328E+02   0.595120E+00   0.198557E+02   0.150000E+02  -0.457051E+00  -0.999900E+04  -0.999900E+04  -0.999900E+04  -0.999900E+04  -0.421727E+01  -0.999900E+04  -0.999900E+04  -0.999900E+04  -0.999900E+04
   0.100000E+01   0.600000E+01   0.317692E+05   0.262159E+06   0.100000E+01   0.600000E+01   0.317692E+05   0.262159E+06   0.198705E+03  -0.999900E+04  -0.999900E+04  -0.999900E+04  -0.999900E+04   0.198705E+03  -0.999900E+04  -0.999900E+04  -0.999900E+04  -0.999900E+04   0.199152E+03   0.946315E+02   0.732182E+00   0.198557E+02   0.150000E+02  -0.447005E+00  -0.999900E+04  -0.999900E+04  -0.999900E+04  -0.999900E+04  -0.412458E+01  -0.999900E+04  -0.999900E+04  -0.999900E+04  -0.999900E+04
   0.100000E+01   0.600000E+01   0.318255E+05   0.262176E+06   0.100000E+01   0.600000E+01   0.318255E+05   0.262176E+06   0.198688E+03  -0.999900E+04  -0.999900E+04  -0.999900E+04  -0.999900E+04   0.198688E+03  -0.999900E+04  -0.999900E+04  -0.999900E+04  -0.999900E+04   0.199095E+03   0.946304E+02   0.835731E+00   0.198557E+02   0.150000E+02  -0.407704E+00  -0.999900E+04  -0.999900E+04  -0.999900E+04  -0.999900E+04  -0.376195E+01  -0.999900E+04  -0.999900E+04  -0.999900E+04  -0.999900E+04
   0.100000E+01   0.600000E+01   0.318818E+05   0.262201E+06   0.100000E+01   0.600000E+01   0.318818E+05   0.262201E+06   0.198655E+03  -0.999900E+04  -0.999900E+04  -0.999900E+04  -0.999900E+04   0.198655E+03  -0.999900E+04  -0.999900E+04  -0.999900E+04  -0.999900E+04   0.199042E+03   0.946297E+02   0.788372E+00   0.198557E+02   0.150000E+02  -0.386504E+00  -0.999900E+04  -0.999900E+04  -0.999900E+04  -0.999900E+04  -0.356633E+01  -0.999900E+04  -0.999900E+04  -0.999900E+04  -0.999900E+04
   0.100000E+01   0.600000E+01   0.319380E+05   0.262209E+06   0.100000E+01   0.600000E+01   0.319380E+05   0.262209E+06   0.198635E+03  -0.999900E+04  -0.999900E+04  -0.999900E+04  -0.999900E+04   0.198635E+03  -0.999900E+04  -0.999900E+04  -0.999900E+04  -0.999900E+04   0.199006E+03   0.946282E+02   0.668280E+00   0.198557E+02   0.150000E+02  -0.371153E+00  -0.999900E+04  -0.999900E+04  -0.999900E+04  -0.999900E+04  -0.342468E+01  -0.999900E+04  -0.999900E+04  -0.999900E+04  -0.999900E+04
   0.100000E+01   0.600000E+01   0.319925E+05   0.262224E+06   0.100000E+01   0.600000E+01   0.319925E+05   0.262224E+06   0.198595E+03  -0.999900E+04  -0.999900E+04  -0.999900E+04  -0.999900E+04   0.198595E+03  -0.999900E+04  -0.999900E+04  -0.999900E+04  -0.999900E+04   0.198968E+03   0.946270E+02   0.697533E+00   0.198557E+02   0.150000E+02  -0.372798E+00  -0.999900E+04  -0.999900E+04  -0.999900E+04  -0.999900E+04  -0.343986E+01  -0.999900E+04  -0.999900E+04  -0.999900E+04  -0.999900E+04
   0.100000E+01   0.600000E+01   0.320470E+05   0.262249E+06   0.100000E+01   0.600000E+01   0.320470E+05   0.262249E+06   0.198560E+03  -0.999900E+04  -0.999900E+04  -0.999900E+04  -0.999900E+04   0.198560E+03  -0.999900E+04  -0.999900E+04  -0.999900E+04  -0.999900E+04   0.198923E+03   0.946264E+02   0.724293E+00   0.198557E+02   0.150000E+02  -0.362900E+00  -0.999900E+04  -0.999900E+04  -0.999900E+04  -0.999900E+04  -0.334853E+01  -0.999900E+04  -0.999900E+04  -0.999900E+04  -0.999900E+04
   0.100000E+01   0.600000E+01   0.321015E+05   0.262264E+06   0.100000E+01   0.600000E+01   0.321015E+05   0.262264E+06   0.198537E+03  -0.999900E+04  -0.999900E+04  -0.999900E+04  -0.999900E+04   0.198537E+03  -0.999900E+04  -0.999900E+04  -0.999900E+04  -0.999900E+04   0.198870E+03   0.946253E+02   0.747416E+00   0.198557E+02   0.150000E+02  -0.332670E+00  -0.999900E+04  -0.999900E+04  -0.999900E+04  -0.999900E+04  -0.306960E+01  -0.999900E+04  -0.999900E+04  -0.999900E+04  -0.999900E+04
   0.100000E+01   0.600000E+01   0.321560E+05   0.262280E+06   0.100000E+01   0.600000E+01   0.321560E+05   0.262280E+06   0.198518E+03  -0.999900E+04  -0.999900E+04  -0.999900E+04  -0.999900E+04   0.198518E+03  -0.999900E+04  -0.999900E+04  -0.999900E+04  -0.999900E+04   0.198810E+03   0.946242E+02   0.770465E+00   0.198557E+02   0.150000E+02  -0.292465E+00  -0.999900E+04  -0.999900E+04  -0.999900E+04  -0.999900E+04  -0.269862E+01  -0.999900E+04  -0.999900E+04  -0.999900E+04  -0.999900E+04
   0.100000E+01   0.600000E+01   0.322105E+05   0.262287E+06   0.100000E+01   0.600000E+01   0.322105E+05   0.262287E+06   0.198455E+03  -0.999900E+04  -0.999900E+04  -0.999900E+04  -0.999900E+04   0.198455E+03  -0.999900E+04  -0.999900E+04  -0.999900E+04  -0.999900E+04   0.198746E+03   0.946225E+02   0.769216E+00   0.198557E+02   0.150000E+02  -0.290530E+00  -0.999900E+04  -0.999900E+04  -0.999900E+04  -0.999900E+04  -0.268076E+01  -0.999900E+04  -0.999900E+04  -0.999900E+04  -0.999900E+04
   0.100000E+01   0.600000E+01   0.322650E+05   0.262302E+06   0.100000E+01   0.600000E+01   0.322650E+05   0.262302E+06   0.198428E+03  -0.999900E+04  -0.999900E+04  -0.999900E+04  -0.999900E+04   0.198428E+03  -0.999900E+04  -0.999900E+04  -0.999900E+04  -0.999900E+04   0.198683E+03   0.946213E+02   0.750716E+00   0.198557E+02   0.150000E+02  -0.255062E+00  -0.999900E+04  -0.999900E+04  -0.999900E+04  -0.999900E+04  -0.235349E+01  -0.999900E+04  -0.999900E+04  -0.999900E+04  -0.999900E+04
   0.100000E+01   0.600000E+01   0.323160E+05   0.262325E+06   0.100000E+01   0.600000E+01   0.323160E+05   0.262325E+06   0.198398E+03  -0.999900E+04  -0.999900E+04  -0.999900E+04  -0.999900E+04   0.198398E+03  -0.999900E+04  -0.999900E+04  -0.999900E+04  -0.999900E+04   0.198626E+03   0.946204E+02   0.726734E+00   0.198557E+02   0.150000E+02  -0.228381E+00  -0.999900E+04  -0.999900E+04  -0.999900E+04  -0.999900E+04  -0.210730E+01  -0.999900E+04  -0.999900E+04  -0.999900E+04  -0.999900E+04
   0.100000E+01   0.600000E+01   0.324070E+05   0.262355E+06   0.100000E+01   0.600000E+01   0.324070E+05   0.262355E+06   0.198312E+03  -0.999900E+04  -0.999900E+04  -0.999900E+04  -0.999900E+04   0.198312E+03  -0.999900E+04  -0.999900E+04  -0.999900E+04  -0.999900E+04   0.198520E+03   0.946184E+02   0.745612E+00   0.198557E+02   0.150000E+02  -0.207189E+00  -0.999900E+04  -0.999900E+04  -0.999900E+04  -0.999900E+04  -0.191177E+01  -0.999900E+04  -0.999900E+04  -0.999900E+04  -0.999900E+04
   0.100000E+01   0.600000E+01   0.324860E+05   0.262367E+06   0.100000E+01   0.600000E+01   0.324860E+05   0.262367E+06   0.198235E+03  -0.999900E+04  -0.999900E+04  -0.999900E+04  -0.999900E+04   0.198235E+03  -0.999900E+04  -0.999900E+04  -0.999900E+04  -0.999900E+04   0.198419E+03   0.946161E+02   0.762446E+00   0.198557E+02   0.150000E+02  -0.183924E+00  -0.999900E+04  -0.999900E+04  -0.999900E+04  -0.999900E+04  -0.169710E+01  -0.999900E+04  -0.999900E+04  -0.999900E+04  -0.999900E+04
   0.100000E+01   0.600000E+01   0.325710E+05   0.262400E+06   0.100000E+01   0.600000E+01   0.325710E+05   0.262400E+06   0.198065E+03  -0.999900E+04  -0.999900E+04  -0.999900E+04  -0.999900E+04   0.198065E+03  -0.999900E+04  -0.999900E+04  -0.999900E+04  -0.999900E+04   0.198289E+03   0.946144E+02   0.803382E+00   0.198557E+02   0.150000E+02  -0.223946E+00  -0.999900E+04  -0.999900E+04  -0.999900E+04  -0.999900E+04  -0.206638E+01  -0.999900E+04  -0.999900E+04  -0.999900E+04  -0.999900E+04
   0.100000E+01   0.600000E+01   0.326400E+05   0.262420E+06   0.100000E+01   0.600000E+01   0.326400E+05   0.262420E+06   0.197912E+03  -0.999900E+04  -0.999900E+04  -0.999900E+04  -0.999900E+04   0.197912E+03  -0.999900E+04  -0.999900E+04  -0.999900E+04  -0.999900E+04   0.198159E+03   0.946126E+02   0.859484E+00   0.198557E+02   0.150000E+02  -0.246524E+00  -0.999900E+04  -0.999900E+04  -0.999900E+04  -0.999900E+04  -0.227471E+01  -0.999900E+04  -0.999900E+04  -0.999900E+04  -0.999900E+04
   0.100000E+01   0.600000E+01   0.327090E+05   0.262442E+06   0.100000E+01   0.600000E+01   0.327090E+05   0.262442E+06   0.197620E+03  -0.999900E+04  -0.999900E+04  -0.999900E+04  -0.999900E+04   0.197620E+03  -0.999900E+04  -0.999900E+04  -0.999900E+04  -0.999900E+04   0.198011E+03   0.946109E+02   0.906355E+00   0.198557E+02   0.150000E+02  -0.390859E+00  -0.999900E+04  -0.999900E+04  -0.999900E+04  -0.999900E+04  -0.360651E+01  -0.999900E+04  -0.999900E+04  -0.999900E+04  -0.999900E+04
   0.100000E+01   0.600000E+01   0.327660E+05   0.262460E+06   0.100000E+01   0.600000E+01   0.327660E+05   0.262460E+06   0.197477E+03  -0.999900E+04  -0.999900E+04  -0.999900E+04  -0.999900E+04   0.197477E+03  -0.999900E+04  -0.999900E+04  -0.999900E+04  -0.999900E+04   0.197892E+03   0.946095E+02   0.901968E+00   0.198557E+02   0.150000E+02  -0.414872E+00  -0.999900E+04  -0.999900E+04  -0.999900E+04  -0.999900E+04  -0.382808E+01  -0.999900E+04  -0.999900E+04  -0.999900E+04  -0.999900E+04
   0.100000E+01   0.600000E+01   0.328230E+05   0.262480E+06   0.100000E+01   0.600000E+01   0.328230E+05   0.262480E+06   0.197425E+03  -0.999900E+04  -0.999900E+04  -0.999900E+04  -0.999900E+04   0.197425E+03  -0.999900E+04  -0.999900E+04  -0.999900E+04  -0.999900E+04   0.197789E+03   0.946082E+02   0.875788E+00   0.198557E+02   0.150000E+02  -0.364131E+00  -0.999900E+04  -0.999900E+04  -0.999900E+04  -0.999900E+04  -0.335989E+01  -0.999900E+04  -0.999900E+04  -0.999900E+04  -0.999900E+04
   0.100000E+01   0.600000E+01   0.328800E+05   0.262490E+06   0.100000E+01   0.600000E+01   0.328800E+05   0.262490E+06   0.197368E+03  -0.999900E+04  -0.999900E+04  -0.999900E+04  -0.999900E+04   0.197368E+03  -0.999900E+04  -0.999900E+04  -0.999900E+04  -0.999900E+04   0.197706E+03   0.946064E+02   0.830864E+00   0.198557E+02   0.150000E+02  -0.338985E+00  -0.999900E+04  -0.999900E+04  -0.999900E+04  -0.999900E+04  -0.312787E+01  -0.999900E+04  -0.999900E+04  -0.999900E+04  -0.999900E+04
   0.100000E+01   0.600000E+01   0.329478E+05   0.262518E+06   0.100000E+01   0.600000E+01   0.329478E+05   0.262518E+06   0.197257E+03  -0.999900E+04  -0.999900E+04  -0.999900E+04  -0.999900E+04   0.197257E+03  -0.999900E+04  -0.999900E+04  -0.999900E+04  -0.999900E+04   0.197604E+03   0.946052E+02   0.901124E+00   0.198557E+02   0.150000E+02  -0.346092E+00  -0.999900E+04  -0.999900E+04  -0.999900E+04  -0.999900E+04  -0.319344E+01  -0.999900E+04  -0.999900E+04  -0.999900E+04  -0.999900E+04
   0.100000E+01   0.600000E+01   0.330155E+05   0.262538E+06   0.100000E+01   0.600000E+01   0.330155E+05   0.262538E+06   0.197183E+03  -0.999900E+04  -0.999900E+04  -0.999900E+04  -0.999900E+04   0.197183E+03  -0.999900E+04  -0.999900E+04  -0.999900E+04  -0.999900E+04   0.197499E+03   0.946039E+02   0.922629E+00   0.198557E+02   0.150000E+02  -0.316417E+00  -0.999900E+04  -0.999900E+04  -0.999900E+04  -0.999900E+04  -0.291962E+01  -0.999900E+04  -0.999900E+04  -0.999900E+04  -0.999900E+04
   0.100000E+01   0.600000E+01   0.330832E+05   0.262548E+06   0.100000E+01   0.600000E+01   0.330832E+05   0.262548E+06   0.197125E+03  -0.999900E+04  -0.999900E+04  -0.999900E+04  -0.999900E+04   0.197125E+03  -0.999900E+04  -0.999900E+04  -0.999900E+04  -0.999900E+04   0.197393E+03   0.946022E+02   0.935873E+00   0.198557E+02   0.150000E+02  -0.267766E+00  -0.999900E+04  -0.999900E+04  -0.999900E+04  -0.999900E+04  -0.247071E+01  -0.999900E+04  -0.999900E+04  -0.999900E+04  -0.999900E+04
   0.100000E+01   0.600000E+01   0.331510E+05   0.262566E+06   0.100000E+01   0.600000E+01   0.331510E+05   0.262566E+06   0.197045E+03  -0.999900E+04  -0.999900E+04  -0.999900E+04  -0.999900E+04   0.197045E+03  -0.999900E+04  -0.999900E+04  -0.999900E+04  -0.999900E+04   0.197276E+03   0.946009E+02   0.960858E+00   0.198557E+02   0.150000E+02  -0.230860E+00  -0.999900E+04  -0.999900E+04  -0.999900E+04  -0.999900E+04  -0.213018E+01  -0.999900E+04  -0.999900E+04  -0.999900E+04  -0.999900E+04
   0.100000E+01   0.600000E+01   0.332045E+05   0.262588E+06   0.100000E+01   0.600000E+01   0.332045E+05   0.262588E+06   0.197005E+03  -0.999900E+04  -0.999900E+04  -0.999900E+04  -0.999900E+04   0.197005E+03  -0.999900E+04  -0.999900E+04  -0.999900E+04  -0.999900E+04   0.197192E+03   0.946002E+02   0.899819E+00   0.198557E+02   0.150000E+02  -0.186762E+00  -0.999900E+04  -0.999900E+04  -0.999900E+04  -0.999900E+04  -0.172328E+01  -0.999900E+04  -0.999900E+04  -0.999900E+04  -0.999900E+04
   0.100000E+01   0.600000E+01   0.332580E+05   0.262603E+06   0.100000E+01   0.600000E+01   0.332580E+05   0.262603E+06   0.196982E+03  -0.999900E+04  -0.999900E+04  -0.999900E+04  -0.999900E+04   0.196982E+03  -0.999900E+04  -0.999900E+04  -0.999900E+04  -0.999900E+04   0.197125E+03   0.945992E+02   0.849753E+00   0.198557E+02   0.150000E+02  -0.142532E+00  -0.999900E+04  -0.999900E+04  -0.999900E+04  -0.999900E+04  -0.131516E+01  -0.999900E+04  -0.999900E+04  -0.999900E+04  -0.999900E+04
   0.100000E+01   0.600000E+01   0.333165E+05   0.262621E+06   0.100000E+01   0.600000E+01   0.333165E+05   0.262621E+06   0.196942E+03  -0.999900E+04  -0.999900E+04  -0.999900E+04  -0.999900E+04   0.196942E+03  -0.999900E+04  -0.999900E+04  -0.999900E+04  -0.999900E+04   0.197046E+03   0.945984E+02   0.911341E+00   0.198557E+02   0.150000E+02  -0.103101E+00  -0.999900E+04  -0.999900E+04  -0.999900E+04  -0.999900E+04  -0.951330E+00  -0.999900E+04  -0.999900E+04  -0.999900E+04  -0.999900E+04
   0.100000E+01   0.600000E+01   0.333750E+05   0.262628E+06   0.100000E+01   0.600000E+01   0.333750E+05   0.262628E+06   0.196800E+03  -0.999900E+04  -0.999900E+04  -0.999900E+04  -0.999900E+04   0.196800E+03  -0.999900E+04  -0.999900E+04  -0.999900E+04  -0.999900E+04   0.196942E+03   0.945970E+02   0.979312E+00   0.198557E+02   0.150000E+02  -0.141513E+00  -0.999900E+04  -0.999900E+04  -0.999900E+04  -0.999900E+04  -0.130576E+01  -0.999900E+04  -0.999900E+04  -0.999900E+04  -0.999900E+04
   0.100000E+01   0.600000E+01   0.334920E+05   0.262668E+06   0.100000E+01   0.600000E+01   0.334920E+05   0.262668E+06   0.196512E+03  -0.999900E+04  -0.999900E+04  -0.999900E+04  -0.999900E+04   0.196512E+03  -0.999900E+04  -0.999900E+04  -0.999900E+04  -0.999900E+04   0.196565E+03   0.945957E+02   0.129122E+01   0.198557E+02   0.150000E+02  -0.528064E-01  -0.999900E+04  -0.999900E+04  -0.999900E+04  -0.999900E+04  -0.487252E+00  -0.999900E+04  -0.999900E+04  -0.999900E+04  -0.999900E+04
   0.100000E+01   0.600000E+01   0.336640E+05   0.262701E+06   0.100000E+01   0.600000E+01   0.336640E+05   0.262701E+06   0.196180E+03  -0.999900E+04  -0.999900E+04  -0.999900E+04  -0.999900E+04   0.196180E+03  -0.999900E+04  -0.999900E+04  -0.999900E+04  -0.999900E+04   0.196138E+03   0.945906E+02   0.872494E+00   0.198557E+02   0.150000E+02   0.423550E-01  -0.999900E+04  -0.999900E+04  -0.999900E+04  -0.999900E+04   0.390816E+00  -0.999900E+04  -0.999900E+04  -0.999900E+04  -0.999900E+04
   0.100000E+01   0.600000E+01   0.337360E+05   0.262731E+06   0.100000E+01   0.600000E+01   0.337360E+05   0.262731E+06   0.195915E+03  -0.999900E+04  -0.999900E+04  -0.999900E+04  -0.999900E+04   0.195915E+03  -0.999900E+04  -0.999900E+04  -0.999900E+04  -0.999900E+04   0.196045E+03   0.945891E+02   0.874036E+00   0.198557E+02   0.150000E+02  -0.130222E+00  -0.999900E+04  -0.999900E+04  -0.999900E+04  -0.999900E+04  -0.120158E+01  -0.999900E+04  -0.999900E+04  -0.999900E+04  -0.999900E+04
   0.100000E+01   0.600000E+01   0.337590E+05   0.262731E+06   0.100000E+01   0.600000E+01   0.337590E+05   0.262731E+06   0.195805E+03  -0.999900E+04  -0.999900E+04  -0.999900E+04  -0.999900E+04   0.195805E+03  -0.999900E+04  -0.999900E+04  -0.999900E+04  -0.999900E+04   0.196016E+03   0.945882E+02   0.874529E+00   0.198557E+02   0.150000E+02  -0.210697E+00  -0.999900E+04  -0.999900E+04  -0.999900E+04  -0.999900E+04  -0.194413E+01  -0.999900E+04  -0.999900E+04  -0.999900E+04  -0.999900E+04
   0.100000E+01   0.600000E+01   0.338390E+05   0.262761E+06   0.100000E+01   0.600000E+01   0.338390E+05   0.262761E+06   0.195577E+03  -0.999900E+04  -0.999900E+04  -0.999900E+04  -0.999900E+04   0.195577E+03  -0.999900E+04  -0.999900E+04  -0.999900E+04  -0.999900E+04   0.195913E+03   0.945865E+02   0.876248E+00   0.198557E+02   0.150000E+02  -0.335505E+00  -0.999900E+04  -0.999900E+04  -0.999900E+04  -0.999900E+04  -0.309575E+01  -0.999900E+04  -0.999900E+04  -0.999900E+04  -0.999900E+04
   0.100000E+01   0.600000E+01   0.338935E+05   0.262778E+06   0.100000E+01   0.600000E+01   0.338935E+05   0.262778E+06   0.195550E+03  -0.999900E+04  -0.999900E+04  -0.999900E+04  -0.999900E+04   0.195550E+03  -0.999900E+04  -0.999900E+04  -0.999900E+04  -0.999900E+04   0.195848E+03   0.945858E+02   0.100030E+01   0.198557E+02   0.150000E+02  -0.297829E+00  -0.999900E+04  -0.999900E+04  -0.999900E+04  -0.999900E+04  -0.274811E+01  -0.999900E+04  -0.999900E+04  -0.999900E+04  -0.999900E+04
   0.100000E+01   0.600000E+01   0.339480E+05   0.262803E+06   0.100000E+01   0.600000E+01   0.339480E+05   0.262803E+06   0.195518E+03  -0.999900E+04  -0.999900E+04  -0.999900E+04  -0.999900E+04   0.195518E+03  -0.999900E+04  -0.999900E+04  -0.999900E+04  -0.999900E+04   0.195761E+03   0.945856E+02   0.110868E+01   0.198557E+02   0.150000E+02  -0.243152E+00  -0.999900E+04  -0.999900E+04  -0.999900E+04  -0.999900E+04  -0.224360E+01  -0.999900E+04  -0.999900E+04  -0.999900E+04  -0.999900E+04
   0.100000E+01   0.600000E+01   0.340025E+05   0.262811E+06   0.100000E+01   0.600000E+01   0.340025E+05   0.262811E+06   0.195450E+03  -0.999900E+04  -0.999900E+04  -0.999900E+04  -0.999900E+04   0.195450E+03  -0.999900E+04  -0.999900E+04  -0.999900E+04  -0.999900E+04   0.195659E+03   0.945847E+02   0.114544E+01   0.198557E+02   0.150000E+02  -0.209245E+00  -0.999900E+04  -0.999900E+04  -0.999900E+04  -0.999900E+04  -0.193074E+01  -0.999900E+04  -0.999900E+04  -0.999900E+04  -0.999900E+04
   0.100000E+01   0.600000E+01   0.340570E+05   0.262833E+06   0.100000E+01   0.600000E+01   0.340570E+05   0.262833E+06   0.195380E+03  -0.999900E+04  -0.999900E+04  -0.999900E+04  -0.999900E+04   0.195380E+03  -0.999900E+04  -0.999900E+04  -0.999900E+04  -0.999900E+04   0.195565E+03   0.945843E+02   0.106646E+01   0.198557E+02   0.150000E+02  -0.185291E+00  -0.999900E+04  -0.999900E+04  -0.999900E+04  -0.999900E+04  -0.170971E+01  -0.999900E+04  -0.999900E+04  -0.999900E+04  -0.999900E+04
   0.100000E+01   0.600000E+01   0.341225E+05   0.262851E+06   0.100000E+01   0.600000E+01   0.341225E+05   0.262851E+06   0.195290E+03  -0.999900E+04  -0.999900E+04  -0.999900E+04  -0.999900E+04   0.195290E+03  -0.999900E+04  -0.999900E+04  -0.999900E+04  -0.999900E+04   0.195507E+03   0.945832E+02   0.796174E+00   0.198557E+02   0.150000E+02  -0.216615E+00  -0.999900E+04  -0.999900E+04  -0.999900E+04  -0.999900E+04  -0.199874E+01  -0.999900E+04  -0.999900E+04  -0.999900E+04  -0.999900E+04
   0.100000E+01   0.600000E+01   0.341880E+05   0.262858E+06   0.100000E+01   0.600000E+01   0.341880E+05   0.262858E+06   0.195062E+03  -0.999900E+04  -0.999900E+04  -0.999900E+04  -0.999900E+04   0.195062E+03  -0.999900E+04  -0.999900E+04  -0.999900E+04  -0.999900E+04   0.195439E+03   0.945813E+02   0.826897E+00   0.198557E+02   0.150000E+02  -0.376765E+00  -0.999900E+04  -0.999900E+04  -0.999900E+04  -0.999900E+04  -0.347646E+01  -0.999900E+04  -0.999900E+04  -0.999900E+04  -0.999900E+04
   0.100000E+01   0.600000E+01   0.342410E+05   0.262871E+06   0.100000E+01   0.600000E+01   0.342410E+05   0.262871E+06   0.194947E+03  -0.999900E+04  -0.999900E+04  -0.999900E+04  -0.999900E+04   0.194947E+03  -0.999900E+04  -0.999900E+04  -0.999900E+04  -0.999900E+04   0.195379E+03   0.945800E+02   0.829957E+00   0.198557E+02   0.150000E+02  -0.431515E+00  -0.999900E+04  -0.999900E+04  -0.999900E+04  -0.999900E+04  -0.398165E+01  -0.999900E+04  -0.999900E+04  -0.999900E+04  -0.999900E+04
   0.100000E+01   0.600000E+01   0.342940E+05   0.262884E+06   0.100000E+01   0.600000E+01   0.342940E+05   0.262884E+06   0.194905E+03  -0.999900E+04  -0.999900E+04  -0.999900E+04  -0.999900E+04   0.194905E+03  -0.999900E+04  -0.999900E+04  -0.999900E+04  -0.999900E+04   0.195317E+03   0.945786E+02   0.836294E+00   0.198557E+02   0.150000E+02  -0.411658E+00  -0.999900E+04  -0.999900E+04  -0.999900E+04  -0.999900E+04  -0.379843E+01  -0.999900E+04  -0.999900E+04  -0.999900E+04  -0.999900E+04
   0.100000E+01   0.600000E+01   0.343470E+05   0.262897E+06   0.100000E+01   0.600000E+01   0.343470E+05   0.262897E+06   0.194868E+03  -0.999900E+04  -0.999900E+04  -0.999900E+04  -0.999900E+04   0.194868E+03  -0.999900E+04  -0.999900E+04  -0.999900E+04  -0.999900E+04   0.195251E+03   0.945773E+02   0.845975E+00   0.198557E+02   0.150000E+02  -0.383457E+00  -0.999900E+04  -0.999900E+04  -0.999900E+04  -0.999900E+04  -0.353822E+01  -0.999900E+04  -0.999900E+04  -0.999900E+04  -0.999900E+04
   0.100000E+01   0.600000E+01   0.344000E+05   0.262919E+06   0.100000E+01   0.600000E+01   0.344000E+05   0.262919E+06   0.194827E+03  -0.999900E+04  -0.999900E+04  -0.999900E+04  -0.999900E+04   0.194827E+03  -0.999900E+04  -0.999900E+04  -0.999900E+04  -0.999900E+04   0.195181E+03   0.945764E+02   0.859276E+00   0.198557E+02   0.150000E+02  -0.353536E+00  -0.999900E+04  -0.999900E+04  -0.999900E+04  -0.999900E+04  -0.326213E+01  -0.999900E+04  -0.999900E+04  -0.999900E+04  -0.999900E+04
   0.100000E+01   0.600000E+01   0.344530E+05   0.262934E+06   0.100000E+01   0.600000E+01   0.344530E+05   0.262934E+06   0.194768E+03  -0.999900E+04  -0.999900E+04  -0.999900E+04  -0.999900E+04   0.194768E+03  -0.999900E+04  -0.999900E+04  -0.999900E+04  -0.999900E+04   0.195106E+03   0.945751E+02   0.876878E+00   0.198557E+02   0.150000E+02  -0.338607E+00  -0.999900E+04  -0.999900E+04  -0.999900E+04  -0.999900E+04  -0.312437E+01  -0.999900E+04  -0.999900E+04  -0.999900E+04  -0.999900E+04
   0.100000E+01   0.600000E+01   0.345060E+05   0.262947E+06   0.100000E+01   0.600000E+01   0.345060E+05   0.262947E+06   0.194713E+03  -0.999900E+04  -0.999900E+04  -0.999900E+04  -0.999900E+04   0.194713E+03  -0.999900E+04  -0.999900E+04  -0.999900E+04  -0.999900E+04   0.195023E+03   0.945736E+02   0.898066E+00   0.198557E+02   0.150000E+02  -0.310623E+00  -0.999900E+04  -0.999900E+04  -0.999900E+04  -0.999900E+04  -0.286617E+01  -0.999900E+04  -0.999900E+04  -0.999900E+04  -0.999900E+04
   0.100000E+01   0.600000E+01   0.345590E+05   0.262952E+06   0.100000E+01   0.600000E+01   0.345590E+05   0.262952E+06   0.194570E+03  -0.999900E+04  -0.999900E+04  -0.999900E+04  -0.999900E+04   0.194570E+03  -0.999900E+04  -0.999900E+04  -0.999900E+04  -0.999900E+04   0.194932E+03   0.945717E+02   0.923652E+00   0.198557E+02   0.150000E+02  -0.361832E+00  -0.999900E+04  -0.999900E+04  -0.999900E+04  -0.999900E+04  -0.333868E+01  -0.999900E+04  -0.999900E+04  -0.999900E+04  -0.999900E+04
   0.100000E+01   0.600000E+01   0.346146E+05   0.262974E+06   0.100000E+01   0.600000E+01   0.346146E+05   0.262974E+06   0.194445E+03  -0.999900E+04  -0.999900E+04  -0.999900E+04  -0.999900E+04   0.194445E+03  -0.999900E+04  -0.999900E+04  -0.999900E+04  -0.999900E+04   0.194846E+03   0.945706E+02   0.906132E+00   0.198557E+02   0.150000E+02  -0.400818E+00  -0.999900E+04  -0.999900E+04  -0.999900E+04  -0.999900E+04  -0.369840E+01  -0.999900E+04  -0.999900E+04  -0.999900E+04  -0.999900E+04
   0.100000E+01   0.600000E+01   0.346702E+05   0.262979E+06   0.100000E+01   0.600000E+01   0.346702E+05   0.262979E+06   0.194420E+03  -0.999900E+04  -0.999900E+04  -0.999900E+04  -0.999900E+04   0.194420E+03  -0.999900E+04  -0.999900E+04  -0.999900E+04  -0.999900E+04   0.194780E+03   0.945688E+02   0.861173E+00   0.198557E+02   0.150000E+02  -0.359948E+00  -0.999900E+04  -0.999900E+04  -0.999900E+04  -0.999900E+04  -0.332129E+01  -0.999900E+04  -0.999900E+04  -0.999900E+04  -0.999900E+04
   0.100000E+01   0.600000E+01   0.347258E+05   0.262994E+06   0.100000E+01   0.600000E+01   0.347258E+05   0.262994E+06   0.194363E+03  -0.999900E+04  -0.999900E+04  -0.999900E+04  -0.999900E+04   0.194363E+03  -0.999900E+04  -0.999900E+04  -0.999900E+04  -0.999900E+04   0.194732E+03   0.945676E+02   0.800767E+00   0.198557E+02   0.150000E+02  -0.369695E+00  -0.999900E+04  -0.999900E+04  -0.999900E+04  -0.999900E+04  -0.341123E+01  -0.999900E+04  -0.999900E+04  -0.999900E+04  -0.999900E+04
   0.100000E+01   0.600000E+01   0.347814E+05   0.263019E+06   0.100000E+01   0.600000E+01   0.347814E+05   0.263019E+06   0.194350E+03  -0.999900E+04  -0.999900E+04  -0.999900E+04  -0.999900E+04   0.194350E+03  -0.999900E+04  -0.999900E+04  -0.999900E+04  -0.999900E+04   0.194699E+03   0.945669E+02   0.731997E+00   0.198557E+02   0.150000E+02  -0.348729E+00  -0.999900E+04  -0.999900E+04  -0.999900E+04  -0.999900E+04  -0.321778E+01  -0.999900E+04  -0.999900E+04  -0.999900E+04  -0.999900E+04
   0.100000E+01   0.600000E+01   0.348370E+05   0.263027E+06   0.100000E+01   0.600000E+01   0.348370E+05   0.263027E+06   0.194338E+03  -0.999900E+04  -0.999900E+04  -0.999900E+04  -0.999900E+04   0.194338E+03  -0.999900E+04  -0.999900E+04  -0.999900E+04  -0.999900E+04   0.194676E+03   0.945655E+02   0.659614E+00   0.198557E+02   0.150000E+02  -0.338538E+00  -0.999900E+04  -0.999900E+04  -0.999900E+04  -0.999900E+04  -0.312374E+01  -0.999900E+04  -0.999900E+04  -0.999900E+04  -0.999900E+04
   0.100000E+01   0.600000E+01   0.349027E+05   0.263047E+06   0.100000E+01   0.600000E+01   0.349027E+05   0.263047E+06   0.194317E+03  -0.999900E+04  -0.999900E+04  -0.999900E+04  -0.999900E+04   0.194317E+03  -0.999900E+04  -0.999900E+04  -0.999900E+04  -0.999900E+04   0.194643E+03   0.945642E+02   0.678275E+00   0.198557E+02   0.150000E+02  -0.325985E+00  -0.999900E+04  -0.999900E+04  -0.999900E+04  -0.999900E+04  -0.300791E+01  -0.999900E+04  -0.999900E+04  -0.999900E+04  -0.999900E+04
   0.100000E+01   0.600000E+01   0.349683E+05   0.263074E+06   0.100000E+01   0.600000E+01   0.349683E+05   0.263074E+06   0.194275E+03  -0.999900E+04  -0.999900E+04  -0.999900E+04  -0.999900E+04   0.194275E+03  -0.999900E+04  -0.999900E+04  -0.999900E+04  -0.999900E+04   0.194596E+03   0.945631E+02   0.733370E+00   0.198557E+02   0.150000E+02  -0.320981E+00  -0.999900E+04  -0.999900E+04  -0.999900E+04  -0.999900E+04  -0.296174E+01  -0.999900E+04  -0.999900E+04  -0.999900E+04  -0.999900E+04
   0.100000E+01   0.600000E+01   0.350340E+05   0.263082E+06   0.100000E+01   0.600000E+01   0.350340E+05   0.263082E+06   0.194222E+03  -0.999900E+04  -0.999900E+04  -0.999900E+04  -0.999900E+04   0.194222E+03  -0.999900E+04  -0.999900E+04  -0.999900E+04  -0.999900E+04   0.194531E+03   0.945610E+02   0.810999E+00   0.198557E+02   0.150000E+02  -0.308086E+00  -0.999900E+04  -0.999900E+04  -0.999900E+04  -0.999900E+04  -0.284275E+01  -0.999900E+04  -0.999900E+04  -0.999900E+04  -0.999900E+04
   0.100000E+01   0.600000E+01   0.351540E+05   0.263112E+06   0.100000E+01   0.600000E+01   0.351540E+05   0.263112E+06   0.194127E+03  -0.999900E+04  -0.999900E+04  -0.999900E+04  -0.999900E+04   0.194127E+03  -0.999900E+04  -0.999900E+04  -0.999900E+04  -0.999900E+04   0.194394E+03   0.945583E+02   0.864995E+00   0.198557E+02   0.150000E+02  -0.266708E+00  -0.999900E+04  -0.999900E+04  -0.999900E+04  -0.999900E+04  -0.246096E+01  -0.999900E+04  -0.999900E+04  -0.999900E+04  -0.999900E+04
   0.100000E+01   0.600000E+01   0.352740E+05   0.263155E+06   0.100000E+01   0.600000E+01   0.352740E+05   0.263155E+06   0.193945E+03  -0.999900E+04  -0.999900E+04  -0.999900E+04  -0.999900E+04   0.193945E+03  -0.999900E+04  -0.999900E+04  -0.999900E+04  -0.999900E+04   0.194251E+03   0.945566E+02   0.853298E+00   0.198557E+02   0.150000E+02  -0.306402E+00  -0.999900E+04  -0.999900E+04  -0.999900E+04  -0.999900E+04  -0.282721E+01  -0.999900E+04  -0.999900E+04  -0.999900E+04  -0.999900E+04
   0.100000E+01   0.600000E+01   0.353940E+05   0.263185E+06   0.100000E+01   0.600000E+01   0.353940E+05   0.263185E+06   0.193885E+03  -0.999900E+04  -0.999900E+04  -0.999900E+04  -0.999900E+04   0.193885E+03  -0.999900E+04  -0.999900E+04  -0.999900E+04  -0.999900E+04   0.194128E+03   0.945542E+02   0.780984E+00   0.198557E+02   0.150000E+02  -0.242924E+00  -0.999900E+04  -0.999900E+04  -0.999900E+04  -0.999900E+04  -0.224149E+01  -0.999900E+04  -0.999900E+04  -0.999900E+04  -0.999900E+04
   0.100000E+01   0.600000E+01   0.355140E+05   0.263208E+06   0.100000E+01   0.600000E+01   0.355140E+05   0.263208E+06   0.193808E+03  -0.999900E+04  -0.999900E+04  -0.999900E+04  -0.999900E+04   0.193808E+03  -0.999900E+04  -0.999900E+04  -0.999900E+04  -0.999900E+04   0.194040E+03   0.945515E+02   0.668687E+00   0.198557E+02   0.150000E+02  -0.232272E+00  -0.999900E+04  -0.999900E+04  -0.999900E+04  -0.999900E+04  -0.214321E+01  -0.999900E+04  -0.999900E+04  -0.999900E+04  -0.999900E+04
   0.100000E+01   0.600000E+01   0.356210E+05   0.263250E+06   0.100000E+01   0.600000E+01   0.356210E+05   0.263250E+06   0.193740E+03  -0.999900E+04  -0.999900E+04  -0.999900E+04  -0.999900E+04   0.193740E+03  -0.999900E+04  -0.999900E+04  -0.999900E+04  -0.999900E+04   0.193951E+03   0.945499E+02   0.715284E+00   0.198557E+02   0.150000E+02  -0.210649E+00  -0.999900E+04  -0.999900E+04  -0.999900E+04  -0.999900E+04  -0.194369E+01  -0.999900E+04  -0.999900E+04  -0.999900E+04  -0.999900E+04
   0.100000E+01   0.600000E+01   0.357280E+05   0.263460E+06   0.100000E+01   0.600000E+01   0.357280E+05   0.263460E+06   0.193630E+03  -0.999900E+04  -0.999900E+04  -0.999900E+04  -0.999900E+04   0.193630E+03  -0.999900E+04  -0.999900E+04  -0.999900E+04  -0.999900E+04   0.193799E+03   0.945563E+02   0.837978E+00   0.198557E+02   0.150000E+02  -0.169396E+00  -0.999900E+04  -0.999900E+04  -0.999900E+04  -0.999900E+04  -0.156304E+01  -0.999900E+04  -0.999900E+04  -0.999900E+04  -0.999900E+04
   0.100000E+01   0.600000E+01   0.358457E+05   0.263483E+06   0.100000E+01   0.600000E+01   0.358457E+05   0.263483E+06   0.193398E+03  -0.999900E+04  -0.999900E+04  -0.999900E+04  -0.999900E+04   0.193398E+03  -0.999900E+04  -0.999900E+04  -0.999900E+04  -0.999900E+04   0.193572E+03   0.945533E+02   0.864937E+00   0.198557E+02   0.150000E+02  -0.174730E+00  -0.999900E+04  -0.999900E+04  -0.999900E+04  -0.999900E+04  -0.161226E+01  -0.999900E+04  -0.999900E+04  -0.999900E+04  -0.999900E+04
   0.100000E+01   0.600000E+01   0.359633E+05   0.263515E+06   0.100000E+01   0.600000E+01   0.359633E+05   0.263515E+06   0.193155E+03  -0.999900E+04  -0.999900E+04  -0.999900E+04  -0.999900E+04   0.193155E+03  -0.999900E+04  -0.999900E+04  -0.999900E+04  -0.999900E+04   0.193329E+03   0.945508E+02   0.892924E+00   0.198557E+02   0.150000E+02  -0.174320E+00  -0.999900E+04  -0.999900E+04  -0.999900E+04  -0.999900E+04  -0.160847E+01  -0.999900E+04  -0.999900E+04  -0.999900E+04  -0.999900E+04
   0.100000E+01   0.600000E+01   0.360810E+05   0.263552E+06   0.100000E+01   0.600000E+01   0.360810E+05   0.263552E+06   0.192933E+03  -0.999900E+04  -0.999900E+04  -0.999900E+04  -0.999900E+04   0.192933E+03  -0.999900E+04  -0.999900E+04  -0.999900E+04  -0.999900E+04   0.193044E+03   0.945491E+02   0.971393E+00   0.198557E+02   0.150000E+02  -0.111835E+00  -0.999900E+04  -0.999900E+04  -0.999900E+04  -0.999900E+04  -0.103192E+01  -0.999900E+04  -0.999900E+04  -0.999900E+04  -0.999900E+04
   0.100000E+01   0.600000E+01   0.362130E+05   0.263590E+06   0.100000E+01   0.600000E+01   0.362130E+05   0.263590E+06   0.192570E+03  -0.999900E+04  -0.999900E+04  -0.999900E+04  -0.999900E+04   0.192570E+03  -0.999900E+04  -0.999900E+04  -0.999900E+04  -0.999900E+04   0.192656E+03   0.945462E+02   0.952551E+00   0.198557E+02   0.150000E+02  -0.863128E-01  -0.999900E+04  -0.999900E+04  -0.999900E+04  -0.999900E+04  -0.796421E+00  -0.999900E+04  -0.999900E+04  -0.999900E+04  -0.999900E+04
   0.100000E+01   0.600000E+01   0.362667E+05   0.263605E+06   0.100000E+01   0.600000E+01   0.362667E+05   0.263605E+06   0.192390E+03  -0.999900E+04  -0.999900E+04  -0.999900E+04  -0.999900E+04   0.192390E+03  -0.999900E+04  -0.999900E+04  -0.999900E+04  -0.999900E+04   0.192498E+03   0.945446E+02   0.973605E+00   0.198557E+02   0.150000E+02  -0.108359E+00  -0.999900E+04  -0.999900E+04  -0.999900E+04  -0.999900E+04  -0.999846E+00  -0.999900E+04  -0.999900E+04  -0.999900E+04  -0.999900E+04
   0.100000E+01   0.600000E+01   0.363203E+05   0.263620E+06   0.100000E+01   0.600000E+01   0.363203E+05   0.263620E+06   0.192235E+03  -0.999900E+04  -0.999900E+04  -0.999900E+04  -0.999900E+04   0.192235E+03  -0.999900E+04  -0.999900E+04  -0.999900E+04  -0.999900E+04   0.192398E+03   0.945431E+02   0.865288E+00   0.198557E+02   0.150000E+02  -0.163044E+00  -0.999900E+04  -0.999900E+04  -0.999900E+04  -0.999900E+04  -0.150443E+01  -0.999900E+04  -0.999900E+04  -0.999900E+04  -0.999900E+04
   0.100000E+01   0.600000E+01   0.363740E+05   0.263650E+06   0.100000E+01   0.600000E+01   0.363740E+05   0.263650E+06   0.192125E+03  -0.999900E+04  -0.999900E+04  -0.999900E+04  -0.999900E+04   0.192125E+03  -0.999900E+04  -0.999900E+04  -0.999900E+04  -0.999900E+04   0.192340E+03   0.945424E+02   0.767223E+00   0.198557E+02   0.150000E+02  -0.215477E+00  -0.999900E+04  -0.999900E+04  -0.999900E+04  -0.999900E+04  -0.198824E+01  -0.999900E+04  -0.999900E+04  -0.999900E+04  -0.999900E+04
   0.100000E+01   0.600000E+01   0.364275E+05   0.263675E+06   0.100000E+01   0.600000E+01   0.364275E+05   0.263675E+06   0.192143E+03  -0.999900E+04  -0.999900E+04  -0.999900E+04  -0.999900E+04   0.192143E+03  -0.999900E+04  -0.999900E+04  -0.999900E+04  -0.999900E+04   0.192231E+03   0.945418E+02   0.107605E+01   0.198557E+02   0.150000E+02  -0.881722E-01  -0.999900E+04  -0.999900E+04  -0.999900E+04  -0.999900E+04  -0.813578E+00  -0.999900E+04  -0.999900E+04  -0.999900E+04  -0.999900E+04
   0.100000E+01   0.600000E+01   0.364810E+05   0.263685E+06   0.100000E+01   0.600000E+01   0.364810E+05   0.263685E+06   0.192070E+03  -0.999900E+04  -0.999900E+04  -0.999900E+04  -0.999900E+04   0.192070E+03  -0.999900E+04  -0.999900E+04  -0.999900E+04  -0.999900E+04   0.192135E+03   0.945404E+02   0.912119E+00   0.198557E+02   0.150000E+02  -0.648743E-01  -0.999900E+04  -0.999900E+04  -0.999900E+04  -0.999900E+04  -0.598605E+00  -0.999900E+04  -0.999900E+04  -0.999900E+04  -0.999900E+04
   0.100000E+01   0.600000E+01   0.365925E+05   0.263727E+06   0.100000E+01   0.600000E+01   0.365925E+05   0.263727E+06   0.191730E+03  -0.999900E+04  -0.999900E+04  -0.999900E+04  -0.999900E+04   0.191730E+03  -0.999900E+04  -0.999900E+04  -0.999900E+04  -0.999900E+04   0.191918E+03   0.945385E+02   0.969627E+00   0.198557E+02   0.150000E+02  -0.188293E+00  -0.999900E+04  -0.999900E+04  -0.999900E+04  -0.999900E+04  -0.173741E+01  -0.999900E+04  -0.999900E+04  -0.999900E+04  -0.999900E+04
   0.100000E+01   0.600000E+01   0.367040E+05   0.263752E+06   0.100000E+01   0.600000E+01   0.367040E+05   0.263752E+06   0.191655E+03  -0.999900E+04  -0.999900E+04  -0.999900E+04  -0.999900E+04   0.191655E+03  -0.999900E+04  -0.999900E+04  -0.999900E+04  -0.999900E+04   0.191782E+03   0.945358E+02   0.777475E+00   0.198557E+02   0.150000E+02  -0.126531E+00  -0.999900E+04  -0.999900E+04  -0.999900E+04  -0.999900E+04  -0.116752E+01  -0.999900E+04  -0.999900E+04  -0.999900E+04  -0.999900E+04
   0.100000E+01   0.600000E+01   0.367765E+05   0.263783E+06   0.100000E+01   0.600000E+01   0.367765E+05   0.263783E+06   0.191610E+03  -0.999900E+04  -0.999900E+04  -0.999900E+04  -0.999900E+04   0.191610E+03  -0.999900E+04  -0.999900E+04  -0.999900E+04  -0.999900E+04   0.191706E+03   0.945349E+02   0.808323E+00   0.198557E+02   0.150000E+02  -0.960940E-01  -0.999900E+04  -0.999900E+04  -0.999900E+04  -0.999900E+04  -0.886673E+00  -0.999900E+04  -0.999900E+04  -0.999900E+04  -0.999900E+04
   0.100000E+01   0.600000E+01   0.368490E+05   0.263796E+06   0.100000E+01   0.600000E+01   0.368490E+05   0.263796E+06   0.191575E+03  -0.999900E+04  -0.999900E+04  -0.999900E+04  -0.999900E+04   0.191575E+03  -0.999900E+04  -0.999900E+04  -0.999900E+04  -0.999900E+04   0.191638E+03   0.945330E+02   0.749460E+00   0.198557E+02   0.150000E+02  -0.630295E-01  -0.999900E+04  -0.999900E+04  -0.999900E+04  -0.999900E+04  -0.581582E+00  -0.999900E+04  -0.999900E+04  -0.999900E+04  -0.999900E+04
   0.100000E+01   0.600000E+01   0.369440E+05   0.263831E+06   0.100000E+01   0.600000E+01   0.369440E+05   0.263831E+06   0.191438E+03  -0.999900E+04  -0.999900E+04  -0.999900E+04  -0.999900E+04   0.191438E+03  -0.999900E+04  -0.999900E+04  -0.999900E+04  -0.999900E+04   0.191459E+03   0.945309E+02   0.976753E+00   0.198557E+02   0.150000E+02  -0.212478E-01  -0.999900E+04  -0.999900E+04  -0.999900E+04  -0.999900E+04  -0.196056E+00  -0.999900E+04  -0.999900E+04  -0.999900E+04  -0.999900E+04
   0.100000E+01   0.600000E+01   0.370035E+05   0.263848E+06   0.100000E+01   0.600000E+01   0.370035E+05   0.263848E+06   0.191130E+03  -0.999900E+04  -0.999900E+04  -0.999900E+04  -0.999900E+04   0.191130E+03  -0.999900E+04  -0.999900E+04  -0.999900E+04  -0.999900E+04   0.191218E+03   0.945292E+02   0.127824E+01   0.198557E+02   0.150000E+02  -0.883942E-01  -0.999900E+04  -0.999900E+04  -0.999900E+04  -0.999900E+04  -0.815626E+00  -0.999900E+04  -0.999900E+04  -0.999900E+04  -0.999900E+04
   0.100000E+01   0.600000E+01   0.370630E+05   0.263863E+06   0.100000E+01   0.600000E+01   0.370630E+05   0.263863E+06   0.190850E+03  -0.999900E+04  -0.999900E+04  -0.999900E+04  -0.999900E+04   0.190850E+03  -0.999900E+04  -0.999900E+04  -0.999900E+04  -0.999900E+04   0.190975E+03   0.945275E+02   0.125174E+01   0.198557E+02   0.150000E+02  -0.124960E+00  -0.999900E+04  -0.999900E+04  -0.999900E+04  -0.999900E+04  -0.115302E+01  -0.999900E+04  -0.999900E+04  -0.999900E+04  -0.999900E+04
   0.100000E+01   0.600000E+01   0.371155E+05   0.263876E+06   0.100000E+01   0.600000E+01   0.371155E+05   0.263876E+06   0.190760E+03  -0.999900E+04  -0.999900E+04  -0.999900E+04  -0.999900E+04   0.190760E+03  -0.999900E+04  -0.999900E+04  -0.999900E+04  -0.999900E+04   0.190744E+03   0.945264E+02   0.142727E+01   0.198557E+02   0.150000E+02   0.157178E-01  -0.999900E+04  -0.999900E+04  -0.999900E+04  -0.999900E+04   0.145030E+00  -0.999900E+04  -0.999900E+04  -0.999900E+04  -0.999900E+04
   0.100000E+01   0.600000E+01   0.371680E+05   0.263888E+06   0.100000E+01   0.600000E+01   0.371680E+05   0.263888E+06   0.190688E+03  -0.999900E+04  -0.999900E+04  -0.999900E+04  -0.999900E+04   0.190688E+03  -0.999900E+04  -0.999900E+04  -0.999900E+04  -0.999900E+04   0.190444E+03   0.945257E+02   0.165046E+01   0.198557E+02   0.150000E+02   0.243359E+00  -0.999900E+04  -0.999900E+04  -0.999900E+04  -0.999900E+04   0.224551E+01  -0.999900E+04  -0.999900E+04  -0.999900E+04  -0.999900E+04
   0.100000E+01   0.600000E+01   0.372150E+05   0.263891E+06   0.100000E+01   0.600000E+01   0.372150E+05   0.263891E+06   0.190655E+03  -0.999900E+04  -0.999900E+04  -0.999900E+04  -0.999900E+04   0.190655E+03  -0.999900E+04  -0.999900E+04  -0.999900E+04  -0.999900E+04   0.190262E+03   0.945248E+02   0.131021E+01   0.198557E+02   0.150000E+02   0.393109E+00  -0.999900E+04  -0.999900E+04  -0.999900E+04  -0.999900E+04   0.362728E+01  -0.999900E+04  -0.999900E+04  -0.999900E+04  -0.999900E+04
   0.100000E+01   0.600000E+01   0.372610E+05   0.263921E+06   0.100000E+01   0.600000E+01   0.372610E+05   0.263921E+06   0.190645E+03  -0.999900E+04  -0.999900E+04  -0.999900E+04  -0.999900E+04   0.190645E+03  -0.999900E+04  -0.999900E+04  -0.999900E+04  -0.999900E+04   0.189813E+03   0.945252E+02   0.195661E+01   0.198557E+02   0.150000E+02   0.831750E+00  -0.999900E+04  -0.999900E+04  -0.999900E+04  -0.999900E+04   0.767468E+01  -0.999900E+04  -0.999900E+04  -0.999900E+04  -0.999900E+04
   0.100000E+01   0.600000E+01   0.372900E+05   0.263931E+06   0.100000E+01   0.600000E+01   0.372900E+05   0.263931E+06   0.190662E+03  -0.999900E+04  -0.999900E+04  -0.999900E+04  -0.999900E+04   0.190662E+03  -0.999900E+04  -0.999900E+04  -0.999900E+04  -0.999900E+04   0.189568E+03   0.945251E+02   0.181301E+01   0.198557E+02   0.150000E+02   0.109449E+01  -0.999900E+04  -0.999900E+04  -0.999900E+04  -0.999900E+04   0.100990E+02  -0.999900E+04  -0.999900E+04  -0.999900E+04  -0.999900E+04
   0.100000E+01   0.600000E+01   0.373280E+05   0.263953E+06   0.100000E+01   0.600000E+01   0.373280E+05   0.263953E+06   0.190625E+03  -0.999900E+04  -0.999900E+04  -0.999900E+04  -0.999900E+04   0.190625E+03  -0.999900E+04  -0.999900E+04  -0.999900E+04  -0.999900E+04   0.189247E+03   0.945253E+02   0.162485E+01   0.198557E+02   0.150000E+02   0.137833E+01  -0.999900E+04  -0.999900E+04  -0.999900E+04  -0.999900E+04   0.127181E+02  -0.999900E+04  -0.999900E+04  -0.999900E+04  -0.999900E+04
   0.100000E+01   0.600000E+01   0.373990E+05   0.263961E+06   0.100000E+01   0.600000E+01   0.373990E+05   0.263961E+06   0.190560E+03  -0.999900E+04  -0.999900E+04  -0.999900E+04  -0.999900E+04   0.190560E+03  -0.999900E+04  -0.999900E+04  -0.999900E+04  -0.999900E+04   0.188859E+03   0.945242E+02   0.162101E+01   0.198557E+02   0.150000E+02   0.170105E+01  -0.999900E+04  -0.999900E+04  -0.999900E+04  -0.999900E+04   0.156959E+02  -0.999900E+04  -0.999900E+04  -0.999900E+04  -0.999900E+04
   0.100000E+01   0.600000E+01   0.374440E+05   0.263983E+06   0.100000E+01   0.600000E+01   0.374440E+05   0.263983E+06   0.190455E+03  -0.999900E+04  -0.999900E+04  -0.999900E+04  -0.999900E+04   0.190455E+03  -0.999900E+04  -0.999900E+04  -0.999900E+04  -0.999900E+04   0.188613E+03   0.945243E+02   0.161859E+01   0.198557E+02   0.150000E+02   0.184179E+01  -0.999900E+04  -0.999900E+04  -0.999900E+04  -0.999900E+04   0.169944E+02  -0.999900E+04  -0.999900E+04  -0.999900E+04  -0.999900E+04
   0.200000E+01   0.300000E+01   0.270000E+05   0.259200E+06   0.200000E+01   0.300000E+01   0.270000E+05   0.259200E+06   0.182617E+03  -0.999900E+04  -0.999900E+04  -0.999900E+04  -0.999900E+04   0.182617E+03  -0.999900E+04  -0.999900E+04  -0.999900E+04  -0.999900E+04   0.182391E+03   0.675389E+03   0.807781E+00   0.398157E+02   0.200000E+02   0.225570E+00  -0.999900E+04  -0.999900E+04  -0.999900E+04  -0.999900E+04   0.208137E+01  -0.999900E+04  -0.999900E+04  -0.999900E+04  -0.999900E+04
   0.200000E+01   0.300000E+01   0.276000E+05   0.259200E+06   0.200000E+01   0.300000E+01   0.276000E+05   0.259200E+06   0.182620E+03  -0.999900E+04  -0.999900E+04  -0.999900E+04  -0.999900E+04   0.182620E+03  -0.999900E+04  -0.999900E+04  -0.999900E+04  -0.999900E+04   0.182426E+03   0.675403E+03   0.963906E+00   0.398157E+02   0.200000E+02   0.193844E+00  -0.999900E+04  -0.999900E+04  -0.999900E+04  -0.999900E+04   0.178863E+01  -0.999900E+04  -0.999900E+04  -0.999900E+04  -0.999900E+04
   0.200000E+01   0.300000E+01   0.276500E+05   0.259200E+06   0.200000E+01   0.300000E+01   0.276500E+05   0.259200E+06   0.182633E+03  -0.999900E+04  -0.999900E+04  -0.999900E+04  -0.999900E+04   0.182633E+03  -0.999900E+04  -0.999900E+04  -0.999900E+04  -0.999900E+04   0.182430E+03   0.675413E+03   0.974430E+00   0.398157E+02   0.200000E+02   0.203184E+00  -0.999900E+04  -0.999900E+04  -0.999900E+04  -0.999900E+04   0.187480E+01  -0.999900E+04  -0.999900E+04  -0.999900E+04  -0.999900E+04
   0.200000E+01   0.300000E+01   0.277000E+05   0.259200E+06   0.200000E+01   0.300000E+01   0.277000E+05   0.259200E+06   0.182627E+03  -0.999900E+04  -0.999900E+04  -0.999900E+04  -0.999900E+04   0.182627E+03  -0.999900E+04  -0.999900E+04  -0.999900E+04  -0.999900E+04   0.182433E+03   0.675423E+03   0.988865E+00   0.398157E+02   0.200000E+02   0.194105E+00  -0.999900E+04  -0.999900E+04  -0.999900E+04  -0.999900E+04   0.179103E+01  -0.999900E+04  -0.999900E+04  -0.999900E+04  -0.999900E+04
   0.200000E+01   0.300000E+01   0.277500E+05   0.259200E+06   0.200000E+01   0.300000E+01   0.277500E+05   0.259200E+06   0.182634E+03  -0.999900E+04  -0.999900E+04  -0.999900E+04  -0.999900E+04   0.182634E+03  -0.999900E+04  -0.999900E+04  -0.999900E+04  -0.999900E+04   0.182437E+03   0.675434E+03   0.100658E+01   0.398157E+02   0.200000E+02   0.197700E+00  -0.999900E+04  -0.999900E+04  -0.999900E+04  -0.999900E+04   0.182421E+01  -0.999900E+04  -0.999900E+04  -0.999900E+04  -0.999900E+04
   0.200000E+01   0.300000E+01   0.278000E+05   0.259200E+06   0.200000E+01   0.300000E+01   0.278000E+05   0.259200E+06   0.182642E+03  -0.999900E+04  -0.999900E+04  -0.999900E+04  -0.999900E+04   0.182642E+03  -0.999900E+04  -0.999900E+04  -0.999900E+04  -0.999900E+04   0.182440E+03   0.675446E+03   0.102647E+01   0.398157E+02   0.200000E+02   0.202779E+00  -0.999900E+04  -0.999900E+04  -0.999900E+04  -0.999900E+04   0.187107E+01  -0.999900E+04  -0.999900E+04  -0.999900E+04  -0.999900E+04
   0.200000E+01   0.300000E+01   0.279000E+05   0.259200E+06   0.200000E+01   0.300000E+01   0.279000E+05   0.259200E+06   0.182648E+03  -0.999900E+04  -0.999900E+04  -0.999900E+04  -0.999900E+04   0.182648E+03  -0.999900E+04  -0.999900E+04  -0.999900E+04  -0.999900E+04   0.182446E+03   0.675471E+03   0.106486E+01   0.398157E+02   0.200000E+02   0.201440E+00  -0.999900E+04  -0.999900E+04  -0.999900E+04  -0.999900E+04   0.185871E+01  -0.999900E+04  -0.999900E+04  -0.999900E+04  -0.999900E+04
   0.200000E+01   0.300000E+01   0.279500E+05   0.259200E+06   0.200000E+01   0.300000E+01   0.279500E+05   0.259200E+06   0.182655E+03  -0.999900E+04  -0.999900E+04  -0.999900E+04  -0.999900E+04   0.182655E+03  -0.999900E+04  -0.999900E+04  -0.999900E+04  -0.999900E+04   0.182450E+03   0.675485E+03   0.107756E+01   0.398157E+02   0.200000E+02   0.204681E+00  -0.999900E+04  -0.999900E+04  -0.999900E+04  -0.999900E+04   0.188862E+01  -0.999900E+04  -0.999900E+04  -0.999900E+04  -0.999900E+04
   0.200000E+01   0.300000E+01   0.285000E+05   0.259200E+06   0.200000E+01   0.300000E+01   0.285000E+05   0.259200E+06   0.182738E+03  -0.999900E+04  -0.999900E+04  -0.999900E+04  -0.999900E+04   0.182738E+03  -0.999900E+04  -0.999900E+04  -0.999900E+04  -0.999900E+04   0.182525E+03   0.675800E+03   0.114004E+01   0.398157E+02   0.200000E+02   0.212991E+00  -0.999900E+04  -0.999900E+04  -0.999900E+04  -0.999900E+04   0.196530E+01  -0.999900E+04  -0.999900E+04  -0.999900E+04  -0.999900E+04
   0.200000E+01   0.300000E+01   0.286250E+05   0.259200E+06   0.200000E+01   0.300000E+01   0.286250E+05   0.259200E+06   0.182741E+03  -0.999900E+04  -0.999900E+04  -0.999900E+04  -0.999900E+04   0.182741E+03  -0.999900E+04  -0.999900E+04  -0.999900E+04  -0.999900E+04   0.182552E+03   0.675938E+03   0.112777E+01   0.398157E+02   0.200000E+02   0.188968E+00  -0.999900E+04  -0.999900E+04  -0.999900E+04  -0.999900E+04   0.174363E+01  -0.999900E+04  -0.999900E+04  -0.999900E+04  -0.999900E+04
   0.200000E+01   0.300000E+01   0.287500E+05   0.259200E+06   0.200000E+01   0.300000E+01   0.287500E+05   0.259200E+06   0.182750E+03  -0.999900E+04  -0.999900E+04  -0.999900E+04  -0.999900E+04   0.182750E+03  -0.999900E+04  -0.999900E+04  -0.999900E+04  -0.999900E+04   0.182577E+03   0.676091E+03   0.111114E+01   0.398157E+02   0.200000E+02   0.173870E+00  -0.999900E+04  -0.999900E+04  -0.999900E+04  -0.999900E+04   0.160433E+01  -0.999900E+04  -0.999900E+04  -0.999900E+04  -0.999900E+04
   0.200000E+01   0.300000E+01   0.288750E+05   0.259200E+06   0.200000E+01   0.300000E+01   0.288750E+05   0.259200E+06   0.182783E+03  -0.999900E+04  -0.999900E+04  -0.999900E+04  -0.999900E+04   0.182783E+03  -0.999900E+04  -0.999900E+04  -0.999900E+04  -0.999900E+04   0.182598E+03   0.676250E+03   0.109038E+01   0.398157E+02   0.200000E+02   0.184825E+00  -0.999900E+04  -0.999900E+04  -0.999900E+04  -0.999900E+04   0.170541E+01  -0.999900E+04  -0.999900E+04  -0.999900E+04  -0.999900E+04
   0.200000E+01   0.300000E+01   0.290000E+05   0.259200E+06   0.200000E+01   0.300000E+01   0.290000E+05   0.259200E+06   0.182823E+03  -0.999900E+04  -0.999900E+04  -0.999900E+04  -0.999900E+04   0.182823E+03  -0.999900E+04  -0.999900E+04  -0.999900E+04  -0.999900E+04   0.182616E+03   0.676411E+03   0.107663E+01   0.398157E+02   0.200000E+02   0.207036E+00  -0.999900E+04  -0.999900E+04  -0.999900E+04  -0.999900E+04   0.191036E+01  -0.999900E+04  -0.999900E+04  -0.999900E+04  -0.999900E+04
   0.200000E+01   0.300000E+01   0.291250E+05   0.259200E+06   0.200000E+01   0.300000E+01   0.291250E+05   0.259200E+06   0.182872E+03  -0.999900E+04  -0.999900E+04  -0.999900E+04  -0.999900E+04   0.182872E+03  -0.999900E+04  -0.999900E+04  -0.999900E+04  -0.999900E+04   0.182625E+03   0.676590E+03   0.117143E+01   0.398157E+02   0.200000E+02   0.247812E+00  -0.999900E+04  -0.999900E+04  -0.999900E+04  -0.999900E+04   0.228660E+01  -0.999900E+04  -0.999900E+04  -0.999900E+04  -0.999900E+04
   0.200000E+01   0.300000E+01   0.295000E+05   0.259200E+06   0.200000E+01   0.300000E+01   0.295000E+05   0.259200E+06   0.182995E+03  -0.999900E+04  -0.999900E+04  -0.999900E+04  -0.999900E+04   0.182995E+03  -0.999900E+04  -0.999900E+04  -0.999900E+04  -0.999900E+04   0.182733E+03   0.677296E+03   0.136934E+01   0.398157E+02   0.200000E+02   0.262449E+00  -0.999900E+04  -0.999900E+04  -0.999900E+04  -0.999900E+04   0.242166E+01  -0.999900E+04  -0.999900E+04  -0.999900E+04  -0.999900E+04
   0.200000E+01   0.300000E+01   0.305000E+05   0.259200E+06   0.200000E+01   0.300000E+01   0.305000E+05   0.259200E+06   0.183182E+03  -0.999900E+04  -0.999900E+04  -0.999900E+04  -0.999900E+04   0.183182E+03  -0.999900E+04  -0.999900E+04  -0.999900E+04  -0.999900E+04   0.183059E+03   0.680322E+03   0.138921E+01   0.398157E+02   0.200000E+02   0.123254E+00  -0.999900E+04  -0.999900E+04  -0.999900E+04  -0.999900E+04   0.113728E+01  -0.999900E+04  -0.999900E+04  -0.999900E+04  -0.999900E+04
   0.200000E+01   0.300000E+01   0.305250E+05   0.259200E+06   0.200000E+01   0.300000E+01   0.305250E+05   0.259200E+06   0.183176E+03  -0.999900E+04  -0.999900E+04  -0.999900E+04  -0.999900E+04   0.183176E+03  -0.999900E+04  -0.999900E+04  -0.999900E+04  -0.999900E+04   0.183064E+03   0.680373E+03   0.138552E+01   0.398157E+02   0.200000E+02   0.112149E+00  -0.999900E+04  -0.999900E+04  -0.999900E+04  -0.999900E+04   0.103481E+01  -0.999900E+04  -0.999900E+04  -0.999900E+04  -0.999900E+04
   0.200000E+01   0.300000E+01   0.305500E+05   0.259200E+06   0.200000E+01   0.300000E+01   0.305500E+05   0.259200E+06   0.183202E+03  -0.999900E+04  -0.999900E+04  -0.999900E+04  -0.999900E+04   0.183202E+03  -0.999900E+04  -0.999900E+04  -0.999900E+04  -0.999900E+04   0.183069E+03   0.680425E+03   0.137847E+01   0.398157E+02   0.200000E+02   0.133225E+00  -0.999900E+04  -0.999900E+04  -0.999900E+04  -0.999900E+04   0.122929E+01  -0.999900E+04  -0.999900E+04  -0.999900E+04  -0.999900E+04
   0.200000E+01   0.300000E+01   0.306000E+05   0.259200E+06   0.200000E+01   0.300000E+01   0.306000E+05   0.259200E+06   0.183228E+03  -0.999900E+04  -0.999900E+04  -0.999900E+04  -0.999900E+04   0.183228E+03  -0.999900E+04  -0.999900E+04  -0.999900E+04  -0.999900E+04   0.183081E+03   0.680536E+03   0.136308E+01   0.398157E+02   0.200000E+02   0.147520E+00  -0.999900E+04  -0.999900E+04  -0.999900E+04  -0.999900E+04   0.136119E+01  -0.999900E+04  -0.999900E+04  -0.999900E+04  -0.999900E+04
   0.200000E+01   0.300000E+01   0.306500E+05   0.259200E+06   0.200000E+01   0.300000E+01   0.306500E+05   0.259200E+06   0.183220E+03  -0.999900E+04  -0.999900E+04  -0.999900E+04  -0.999900E+04   0.183220E+03  -0.999900E+04  -0.999900E+04  -0.999900E+04  -0.999900E+04   0.183092E+03   0.680659E+03   0.135717E+01   0.398157E+02   0.200000E+02   0.128556E+00  -0.999900E+04  -0.999900E+04  -0.999900E+04  -0.999900E+04   0.118620E+01  -0.999900E+04  -0.999900E+04  -0.999900E+04  -0.999900E+04
   0.200000E+01   0.300000E+01   0.307250E+05   0.259200E+06   0.200000E+01   0.300000E+01   0.307250E+05   0.259200E+06   0.183234E+03  -0.999900E+04  -0.999900E+04  -0.999900E+04  -0.999900E+04   0.183234E+03  -0.999900E+04  -0.999900E+04  -0.999900E+04  -0.999900E+04   0.183108E+03   0.680866E+03   0.136388E+01   0.398157E+02   0.200000E+02   0.126734E+00  -0.999900E+04  -0.999900E+04  -0.999900E+04  -0.999900E+04   0.116939E+01  -0.999900E+04  -0.999900E+04  -0.999900E+04  -0.999900E+04
   0.200000E+01   0.300000E+01   0.307500E+05   0.259200E+06   0.200000E+01   0.300000E+01   0.307500E+05   0.259200E+06   0.183231E+03  -0.999900E+04  -0.999900E+04  -0.999900E+04  -0.999900E+04   0.183231E+03  -0.999900E+04  -0.999900E+04  -0.999900E+04  -0.999900E+04   0.183114E+03   0.680939E+03   0.136344E+01   0.398157E+02   0.200000E+02   0.116792E+00  -0.999900E+04  -0.999900E+04  -0.999900E+04  -0.999900E+04   0.107765E+01  -0.999900E+04  -0.999900E+04  -0.999900E+04  -0.999900E+04
   0.200000E+01   0.300000E+01   0.310000E+05   0.259200E+06   0.200000E+01   0.300000E+01   0.310000E+05   0.259200E+06   0.183300E+03  -0.999900E+04  -0.999900E+04  -0.999900E+04  -0.999900E+04   0.183300E+03  -0.999900E+04  -0.999900E+04  -0.999900E+04  -0.999900E+04   0.183182E+03   0.681638E+03   0.147848E+01   0.398157E+02   0.200000E+02   0.118920E+00  -0.999900E+04  -0.999900E+04  -0.999900E+04  -0.999900E+04   0.109730E+01  -0.999900E+04  -0.999900E+04  -0.999900E+04  -0.999900E+04
   0.200000E+01   0.300000E+01   0.313500E+05   0.259200E+06   0.200000E+01   0.300000E+01   0.313500E+05   0.259200E+06   0.183382E+03  -0.999900E+04  -0.999900E+04  -0.999900E+04  -0.999900E+04   0.183382E+03  -0.999900E+04  -0.999900E+04  -0.999900E+04  -0.999900E+04   0.183244E+03   0.682532E+03   0.175018E+01   0.398157E+02   0.200000E+02   0.137246E+00  -0.999900E+04  -0.999900E+04  -0.999900E+04  -0.999900E+04   0.126639E+01  -0.999900E+04  -0.999900E+04  -0.999900E+04  -0.999900E+04
   0.200000E+01   0.300000E+01   0.314000E+05   0.259200E+06   0.200000E+01   0.300000E+01   0.314000E+05   0.259200E+06   0.183412E+03  -0.999900E+04  -0.999900E+04  -0.999900E+04  -0.999900E+04   0.183412E+03  -0.999900E+04  -0.999900E+04  -0.999900E+04  -0.999900E+04   0.183237E+03   0.682661E+03   0.191166E+01   0.398157E+02   0.200000E+02   0.174873E+00  -0.999900E+04  -0.999900E+04  -0.999900E+04  -0.999900E+04   0.161358E+01  -0.999900E+04  -0.999900E+04  -0.999900E+04  -0.999900E+04
   0.200000E+01   0.300000E+01   0.314500E+05   0.259200E+06   0.200000E+01   0.300000E+01   0.314500E+05   0.259200E+06   0.183470E+03  -0.999900E+04  -0.999900E+04  -0.999900E+04  -0.999900E+04   0.183470E+03  -0.999900E+04  -0.999900E+04  -0.999900E+04  -0.999900E+04   0.183233E+03   0.682792E+03   0.208638E+01   0.398157E+02   0.200000E+02   0.236454E+00  -0.999900E+04  -0.999900E+04  -0.999900E+04  -0.999900E+04   0.218180E+01  -0.999900E+04  -0.999900E+04  -0.999900E+04  -0.999900E+04
   0.200000E+01   0.300000E+01   0.316250E+05   0.259200E+06   0.200000E+01   0.300000E+01   0.316250E+05   0.259200E+06   0.183492E+03  -0.999900E+04  -0.999900E+04  -0.999900E+04  -0.999900E+04   0.183492E+03  -0.999900E+04  -0.999900E+04  -0.999900E+04  -0.999900E+04   0.183369E+03   0.683292E+03   0.211686E+01   0.398157E+02   0.200000E+02   0.123417E+00  -0.999900E+04  -0.999900E+04  -0.999900E+04  -0.999900E+04   0.113879E+01  -0.999900E+04  -0.999900E+04  -0.999900E+04  -0.999900E+04
   0.200000E+01   0.300000E+01   0.317500E+05   0.259200E+06   0.200000E+01   0.300000E+01   0.317500E+05   0.259200E+06   0.183515E+03  -0.999900E+04  -0.999900E+04  -0.999900E+04  -0.999900E+04   0.183515E+03  -0.999900E+04  -0.999900E+04  -0.999900E+04  -0.999900E+04   0.183493E+03   0.683720E+03   0.202709E+01   0.398157E+02   0.200000E+02   0.225005E-01  -0.999900E+04  -0.999900E+04  -0.999900E+04  -0.999900E+04   0.207615E+00  -0.999900E+04  -0.999900E+04  -0.999900E+04  -0.999900E+04
   0.200000E+01   0.300000E+01   0.318750E+05   0.259200E+06   0.200000E+01   0.300000E+01   0.318750E+05   0.259200E+06   0.183702E+03  -0.999900E+04  -0.999900E+04  -0.999900E+04  -0.999900E+04   0.183702E+03  -0.999900E+04  -0.999900E+04  -0.999900E+04  -0.999900E+04   0.183581E+03   0.684163E+03   0.208187E+01   0.398157E+02   0.200000E+02   0.121528E+00  -0.999900E+04  -0.999900E+04  -0.999900E+04  -0.999900E+04   0.112136E+01  -0.999900E+04  -0.999900E+04  -0.999900E+04  -0.999900E+04
   0.200000E+01   0.300000E+01   0.320000E+05   0.259200E+06   0.200000E+01   0.300000E+01   0.320000E+05   0.259200E+06   0.183876E+03  -0.999900E+04  -0.999900E+04  -0.999900E+04  -0.999900E+04   0.183876E+03  -0.999900E+04  -0.999900E+04  -0.999900E+04  -0.999900E+04   0.183681E+03   0.684574E+03   0.205310E+01   0.398157E+02   0.200000E+02   0.195836E+00  -0.999900E+04  -0.999900E+04  -0.999900E+04  -0.999900E+04   0.180701E+01  -0.999900E+04  -0.999900E+04  -0.999900E+04  -0.999900E+04
   0.200000E+01   0.300000E+01   0.321250E+05   0.259200E+06   0.200000E+01   0.300000E+01   0.321250E+05   0.259200E+06   0.183926E+03  -0.999900E+04  -0.999900E+04  -0.999900E+04  -0.999900E+04   0.183926E+03  -0.999900E+04  -0.999900E+04  -0.999900E+04  -0.999900E+04   0.183729E+03   0.684980E+03   0.227245E+01   0.398157E+02   0.200000E+02   0.196498E+00  -0.999900E+04  -0.999900E+04  -0.999900E+04  -0.999900E+04   0.181311E+01  -0.999900E+04  -0.999900E+04  -0.999900E+04  -0.999900E+04
   0.200000E+01   0.300000E+01   0.323750E+05   0.259200E+06   0.200000E+01   0.300000E+01   0.323750E+05   0.259200E+06   0.184131E+03  -0.999900E+04  -0.999900E+04  -0.999900E+04  -0.999900E+04   0.184131E+03  -0.999900E+04  -0.999900E+04  -0.999900E+04  -0.999900E+04   0.184015E+03   0.685825E+03   0.220186E+01   0.398157E+02   0.200000E+02   0.116028E+00  -0.999900E+04  -0.999900E+04  -0.999900E+04  -0.999900E+04   0.107061E+01  -0.999900E+04  -0.999900E+04  -0.999900E+04  -0.999900E+04
   0.200000E+01   0.300000E+01   0.325000E+05   0.259200E+06   0.200000E+01   0.300000E+01   0.325000E+05   0.259200E+06   0.184208E+03  -0.999900E+04  -0.999900E+04  -0.999900E+04  -0.999900E+04   0.184208E+03  -0.999900E+04  -0.999900E+04  -0.999900E+04  -0.999900E+04   0.184188E+03   0.686315E+03   0.172138E+01   0.398157E+02   0.200000E+02   0.207237E-01  -0.999900E+04  -0.999900E+04  -0.999900E+04  -0.999900E+04   0.191221E+00  -0.999900E+04  -0.999900E+04  -0.999900E+04  -0.999900E+04
   0.200000E+01   0.300000E+01   0.326250E+05   0.259200E+06   0.200000E+01   0.300000E+01   0.326250E+05   0.259200E+06   0.184345E+03  -0.999900E+04  -0.999900E+04  -0.999900E+04  -0.999900E+04   0.184345E+03  -0.999900E+04  -0.999900E+04  -0.999900E+04  -0.999900E+04   0.184214E+03   0.686837E+03   0.192955E+01   0.398157E+02   0.200000E+02   0.130750E+00  -0.999900E+04  -0.999900E+04  -0.999900E+04  -0.999900E+04   0.120645E+01  -0.999900E+04  -0.999900E+04  -0.999900E+04  -0.999900E+04
   0.200000E+01   0.300000E+01   0.327500E+05   0.259200E+06   0.200000E+01   0.300000E+01   0.327500E+05   0.259200E+06   0.184560E+03  -0.999900E+04  -0.999900E+04  -0.999900E+04  -0.999900E+04   0.184560E+03  -0.999900E+04  -0.999900E+04  -0.999900E+04  -0.999900E+04   0.184290E+03   0.687382E+03   0.204635E+01   0.398157E+02   0.200000E+02   0.270107E+00  -0.999900E+04  -0.999900E+04  -0.999900E+04  -0.999900E+04   0.249231E+01  -0.999900E+04  -0.999900E+04  -0.999900E+04  -0.999900E+04
   0.200000E+01   0.300000E+01   0.331250E+05   0.259200E+06   0.200000E+01   0.300000E+01   0.331250E+05   0.259200E+06   0.184730E+03  -0.999900E+04  -0.999900E+04  -0.999900E+04  -0.999900E+04   0.184730E+03  -0.999900E+04  -0.999900E+04  -0.999900E+04  -0.999900E+04   0.184576E+03   0.689246E+03   0.193204E+01   0.398157E+02   0.200000E+02   0.153542E+00  -0.999900E+04  -0.999900E+04  -0.999900E+04  -0.999900E+04   0.141675E+01  -0.999900E+04  -0.999900E+04  -0.999900E+04  -0.999900E+04
   0.200000E+01   0.300000E+01   0.333000E+05   0.259200E+06   0.200000E+01   0.300000E+01   0.333000E+05   0.259200E+06   0.184773E+03  -0.999900E+04  -0.999900E+04  -0.999900E+04  -0.999900E+04   0.184773E+03  -0.999900E+04  -0.999900E+04  -0.999900E+04  -0.999900E+04   0.184688E+03   0.689983E+03   0.222932E+01   0.398157E+02   0.200000E+02   0.846744E-01  -0.999900E+04  -0.999900E+04  -0.999900E+04  -0.999900E+04   0.781303E+00  -0.999900E+04  -0.999900E+04  -0.999900E+04  -0.999900E+04
   0.200000E+01   0.300000E+01   0.334000E+05   0.259200E+06   0.200000E+01   0.300000E+01   0.334000E+05   0.259200E+06   0.184860E+03  -0.999900E+04  -0.999900E+04  -0.999900E+04  -0.999900E+04   0.184860E+03  -0.999900E+04  -0.999900E+04  -0.999900E+04  -0.999900E+04   0.184804E+03   0.690373E+03   0.212693E+01   0.398157E+02   0.200000E+02   0.562417E-01  -0.999900E+04  -0.999900E+04  -0.999900E+04  -0.999900E+04   0.518950E+00  -0.999900E+04  -0.999900E+04  -0.999900E+04  -0.999900E+04
   0.200000E+01   0.300000E+01   0.336250E+05   0.259200E+06   0.200000E+01   0.300000E+01   0.336250E+05   0.259200E+06   0.184994E+03  -0.999900E+04  -0.999900E+04  -0.999900E+04  -0.999900E+04   0.184994E+03  -0.999900E+04  -0.999900E+04  -0.999900E+04  -0.999900E+04   0.184983E+03   0.691261E+03   0.207186E+01   0.398157E+02   0.200000E+02   0.108067E-01  -0.999900E+04  -0.999900E+04  -0.999900E+04  -0.999900E+04   0.997153E-01  -0.999900E+04  -0.999900E+04  -0.999900E+04  -0.999900E+04
   0.200000E+01   0.300000E+01   0.337500E+05   0.259200E+06   0.200000E+01   0.300000E+01   0.337500E+05   0.259200E+06   0.185105E+03  -0.999900E+04  -0.999900E+04  -0.999900E+04  -0.999900E+04   0.185105E+03  -0.999900E+04  -0.999900E+04  -0.999900E+04  -0.999900E+04   0.185050E+03   0.691777E+03   0.229037E+01   0.398157E+02   0.200000E+02   0.543239E-01  -0.999900E+04  -0.999900E+04  -0.999900E+04  -0.999900E+04   0.501255E+00  -0.999900E+04  -0.999900E+04  -0.999900E+04  -0.999900E+04
   0.200000E+01   0.300000E+01   0.338750E+05   0.259200E+06   0.200000E+01   0.300000E+01   0.338750E+05   0.259200E+06   0.185220E+03  -0.999900E+04  -0.999900E+04  -0.999900E+04  -0.999900E+04   0.185220E+03  -0.999900E+04  -0.999900E+04  -0.999900E+04  -0.999900E+04   0.185159E+03   0.692294E+03   0.253301E+01   0.398157E+02   0.200000E+02   0.616154E-01  -0.999900E+04  -0.999900E+04  -0.999900E+04  -0.999900E+04   0.568534E+00  -0.999900E+04  -0.999900E+04  -0.999900E+04  -0.999900E+04
   0.200000E+01   0.300000E+01   0.342000E+05   0.259200E+06   0.200000E+01   0.300000E+01   0.342000E+05   0.259200E+06   0.185304E+03  -0.999900E+04  -0.999900E+04  -0.999900E+04  -0.999900E+04   0.185304E+03  -0.999900E+04  -0.999900E+04  -0.999900E+04  -0.999900E+04   0.185671E+03   0.693460E+03   0.198462E+01   0.398157E+02   0.200000E+02  -0.367154E+00  -0.999900E+04  -0.999900E+04  -0.999900E+04  -0.999900E+04  -0.338779E+01  -0.999900E+04  -0.999900E+04  -0.999900E+04  -0.999900E+04
   0.200000E+01   0.300000E+01   0.342500E+05   0.259200E+06   0.200000E+01   0.300000E+01   0.342500E+05   0.259200E+06   0.185312E+03  -0.999900E+04  -0.999900E+04  -0.999900E+04  -0.999900E+04   0.185312E+03  -0.999900E+04  -0.999900E+04  -0.999900E+04  -0.999900E+04   0.185706E+03   0.693606E+03   0.193117E+01   0.398157E+02   0.200000E+02  -0.394233E+00  -0.999900E+04  -0.999900E+04  -0.999900E+04  -0.999900E+04  -0.363764E+01  -0.999900E+04  -0.999900E+04  -0.999900E+04  -0.999900E+04
   0.200000E+01   0.300000E+01   0.343500E+05   0.259200E+06   0.200000E+01   0.300000E+01   0.343500E+05   0.259200E+06   0.185424E+03  -0.999900E+04  -0.999900E+04  -0.999900E+04  -0.999900E+04   0.185424E+03  -0.999900E+04  -0.999900E+04  -0.999900E+04  -0.999900E+04   0.185727E+03   0.693899E+03   0.207567E+01   0.398157E+02   0.200000E+02  -0.303863E+00  -0.999900E+04  -0.999900E+04  -0.999900E+04  -0.999900E+04  -0.280379E+01  -0.999900E+04  -0.999900E+04  -0.999900E+04  -0.999900E+04
   0.200000E+01   0.300000E+01   0.344000E+05   0.259200E+06   0.200000E+01   0.300000E+01   0.344000E+05   0.259200E+06   0.185553E+03  -0.999900E+04  -0.999900E+04  -0.999900E+04  -0.999900E+04   0.185553E+03  -0.999900E+04  -0.999900E+04  -0.999900E+04  -0.999900E+04   0.185728E+03   0.694045E+03   0.222118E+01   0.398157E+02   0.200000E+02  -0.175748E+00  -0.999900E+04  -0.999900E+04  -0.999900E+04  -0.999900E+04  -0.162165E+01  -0.999900E+04  -0.999900E+04  -0.999900E+04  -0.999900E+04
   0.200000E+01   0.300000E+01   0.344500E+05   0.259200E+06   0.200000E+01   0.300000E+01   0.344500E+05   0.259200E+06   0.185589E+03  -0.999900E+04  -0.999900E+04  -0.999900E+04  -0.999900E+04   0.185589E+03  -0.999900E+04  -0.999900E+04  -0.999900E+04  -0.999900E+04   0.185740E+03   0.694188E+03   0.233612E+01   0.398157E+02   0.200000E+02  -0.150895E+00  -0.999900E+04  -0.999900E+04  -0.999900E+04  -0.999900E+04  -0.139233E+01  -0.999900E+04  -0.999900E+04  -0.999900E+04  -0.999900E+04
   0.200000E+01   0.200000E+01   0.346250E+05   0.259200E+06   0.200000E+01   0.200000E+01   0.346250E+05   0.259200E+06   0.185713E+03  -0.999900E+04  -0.999900E+04  -0.999900E+04  -0.999900E+04   0.185713E+03  -0.999900E+04  -0.999900E+04  -0.999900E+04  -0.999900E+04   0.185872E+03   0.564855E+03   0.182984E+01   0.374962E+02   0.200000E+02  -0.159264E+00  -0.999900E+04  -0.999900E+04  -0.999900E+04  -0.999900E+04  -0.146955E+01  -0.999900E+04  -0.999900E+04  -0.999900E+04  -0.999900E+04
   0.200000E+01   0.200000E+01   0.347500E+05   0.259200E+06   0.200000E+01   0.200000E+01   0.347500E+05   0.259200E+06   0.185817E+03  -0.999900E+04  -0.999900E+04  -0.999900E+04  -0.999900E+04   0.185817E+03  -0.999900E+04  -0.999900E+04  -0.999900E+04  -0.999900E+04   0.185966E+03   0.565299E+03   0.174024E+01   0.374962E+02   0.200000E+02  -0.148015E+00  -0.999900E+04  -0.999900E+04  -0.999900E+04  -0.999900E+04  -0.136576E+01  -0.999900E+04  -0.999900E+04  -0.999900E+04  -0.999900E+04
   0.200000E+01   0.200000E+01   0.348750E+05   0.259200E+06   0.200000E+01   0.200000E+01   0.348750E+05   0.259200E+06   0.185856E+03  -0.999900E+04  -0.999900E+04  -0.999900E+04  -0.999900E+04   0.185856E+03  -0.999900E+04  -0.999900E+04  -0.999900E+04  -0.999900E+04   0.186051E+03   0.565772E+03   0.166451E+01   0.374962E+02   0.200000E+02  -0.195097E+00  -0.999900E+04  -0.999900E+04  -0.999900E+04  -0.999900E+04  -0.180018E+01  -0.999900E+04  -0.999900E+04  -0.999900E+04  -0.999900E+04
   0.200000E+01   0.200000E+01   0.350000E+05   0.259200E+06   0.200000E+01   0.200000E+01   0.350000E+05   0.259200E+06   0.185898E+03  -0.999900E+04  -0.999900E+04  -0.999900E+04  -0.999900E+04   0.185898E+03  -0.999900E+04  -0.999900E+04  -0.999900E+04  -0.999900E+04   0.186134E+03   0.566282E+03   0.152523E+01   0.374962E+02   0.200000E+02  -0.236830E+00  -0.999900E+04  -0.999900E+04  -0.999900E+04  -0.999900E+04  -0.218526E+01  -0.999900E+04  -0.999900E+04  -0.999900E+04  -0.999900E+04
   0.200000E+01   0.200000E+01   0.351000E+05   0.259200E+06   0.200000E+01   0.200000E+01   0.351000E+05   0.259200E+06   0.185956E+03  -0.999900E+04  -0.999900E+04  -0.999900E+04  -0.999900E+04   0.185956E+03  -0.999900E+04  -0.999900E+04  -0.999900E+04  -0.999900E+04   0.186182E+03   0.566703E+03   0.148993E+01   0.374962E+02   0.200000E+02  -0.225966E+00  -0.999900E+04  -0.999900E+04  -0.999900E+04  -0.999900E+04  -0.208502E+01  -0.999900E+04  -0.999900E+04  -0.999900E+04  -0.999900E+04
   0.200000E+01   0.200000E+01   0.351500E+05   0.259200E+06   0.200000E+01   0.200000E+01   0.351500E+05   0.259200E+06   0.186026E+03  -0.999900E+04  -0.999900E+04  -0.999900E+04  -0.999900E+04   0.186026E+03  -0.999900E+04  -0.999900E+04  -0.999900E+04  -0.999900E+04   0.186202E+03   0.566914E+03   0.149058E+01   0.374962E+02   0.200000E+02  -0.176154E+00  -0.999900E+04  -0.999900E+04  -0.999900E+04  -0.999900E+04  -0.162539E+01  -0.999900E+04  -0.999900E+04  -0.999900E+04  -0.999900E+04
   0.200000E+01   0.200000E+01   0.352500E+05   0.259200E+06   0.200000E+01   0.200000E+01   0.352500E+05   0.259200E+06   0.186077E+03  -0.999900E+04  -0.999900E+04  -0.999900E+04  -0.999900E+04   0.186077E+03  -0.999900E+04  -0.999900E+04  -0.999900E+04  -0.999900E+04   0.186234E+03   0.567309E+03   0.154102E+01   0.374962E+02   0.200000E+02  -0.157936E+00  -0.999900E+04  -0.999900E+04  -0.999900E+04  -0.999900E+04  -0.145730E+01  -0.999900E+04  -0.999900E+04  -0.999900E+04  -0.999900E+04
   0.200000E+01   0.200000E+01   0.353000E+05   0.259200E+06   0.200000E+01   0.200000E+01   0.353000E+05   0.259200E+06   0.186117E+03  -0.999900E+04  -0.999900E+04  -0.999900E+04  -0.999900E+04   0.186117E+03  -0.999900E+04  -0.999900E+04  -0.999900E+04  -0.999900E+04   0.186256E+03   0.567506E+03   0.153276E+01   0.374962E+02   0.200000E+02  -0.139110E+00  -0.999900E+04  -0.999900E+04  -0.999900E+04  -0.999900E+04  -0.128359E+01  -0.999900E+04  -0.999900E+04  -0.999900E+04  -0.999900E+04
   0.200000E+01   0.200000E+01   0.353500E+05   0.259200E+06   0.200000E+01   0.200000E+01   0.353500E+05   0.259200E+06   0.186160E+03  -0.999900E+04  -0.999900E+04  -0.999900E+04  -0.999900E+04   0.186160E+03  -0.999900E+04  -0.999900E+04  -0.999900E+04  -0.999900E+04   0.186275E+03   0.567720E+03   0.156463E+01   0.374962E+02   0.200000E+02  -0.114121E+00  -0.999900E+04  -0.999900E+04  -0.999900E+04  -0.999900E+04  -0.105301E+01  -0.999900E+04  -0.999900E+04  -0.999900E+04  -0.999900E+04
   0.200000E+01   0.200000E+01   0.354000E+05   0.259200E+06   0.200000E+01   0.200000E+01   0.354000E+05   0.259200E+06   0.186201E+03  -0.999900E+04  -0.999900E+04  -0.999900E+04  -0.999900E+04   0.186201E+03  -0.999900E+04  -0.999900E+04  -0.999900E+04  -0.999900E+04   0.186286E+03   0.567960E+03   0.168200E+01   0.374962E+02   0.200000E+02  -0.857685E-01  -0.999900E+04  -0.999900E+04  -0.999900E+04  -0.999900E+04  -0.791398E+00  -0.999900E+04  -0.999900E+04  -0.999900E+04  -0.999900E+04
   0.200000E+01   0.200000E+01   0.354500E+05   0.259200E+06   0.200000E+01   0.200000E+01   0.354500E+05   0.259200E+06   0.186234E+03  -0.999900E+04  -0.999900E+04  -0.999900E+04  -0.999900E+04   0.186234E+03  -0.999900E+04  -0.999900E+04  -0.999900E+04  -0.999900E+04   0.186301E+03   0.568223E+03   0.186303E+01   0.374962E+02   0.200000E+02  -0.673338E-01  -0.999900E+04  -0.999900E+04  -0.999900E+04  -0.999900E+04  -0.621299E+00  -0.999900E+04  -0.999900E+04  -0.999900E+04  -0.999900E+04
   0.200000E+01   0.200000E+01   0.357500E+05   0.259200E+06   0.200000E+01   0.200000E+01   0.357500E+05   0.259200E+06   0.186538E+03  -0.999900E+04  -0.999900E+04  -0.999900E+04  -0.999900E+04   0.186538E+03  -0.999900E+04  -0.999900E+04  -0.999900E+04  -0.999900E+04   0.186688E+03   0.569715E+03   0.190642E+01   0.374962E+02   0.200000E+02  -0.150219E+00  -0.999900E+04  -0.999900E+04  -0.999900E+04  -0.999900E+04  -0.138609E+01  -0.999900E+04  -0.999900E+04  -0.999900E+04  -0.999900E+04
   0.200000E+01   0.200000E+01   0.358750E+05   0.259200E+06   0.200000E+01   0.200000E+01   0.358750E+05   0.259200E+06   0.186543E+03  -0.999900E+04  -0.999900E+04  -0.999900E+04  -0.999900E+04   0.186543E+03  -0.999900E+04  -0.999900E+04  -0.999900E+04  -0.999900E+04   0.186864E+03   0.570235E+03   0.167563E+01   0.374962E+02   0.200000E+02  -0.321078E+00  -0.999900E+04  -0.999900E+04  -0.999900E+04  -0.999900E+04  -0.296263E+01  -0.999900E+04  -0.999900E+04  -0.999900E+04  -0.999900E+04
   0.200000E+01   0.200000E+01   0.360000E+05   0.259200E+06   0.200000E+01   0.200000E+01   0.360000E+05   0.259200E+06   0.186682E+03  -0.999900E+04  -0.999900E+04  -0.999900E+04  -0.999900E+04   0.186682E+03  -0.999900E+04  -0.999900E+04  -0.999900E+04  -0.999900E+04   0.186962E+03   0.570683E+03   0.159141E+01   0.374962E+02   0.200000E+02  -0.279538E+00  -0.999900E+04  -0.999900E+04  -0.999900E+04  -0.999900E+04  -0.257934E+01  -0.999900E+04  -0.999900E+04  -0.999900E+04  -0.999900E+04
   0.200000E+01   0.200000E+01   0.361250E+05   0.259200E+06   0.200000E+01   0.200000E+01   0.361250E+05   0.259200E+06   0.186850E+03  -0.999900E+04  -0.999900E+04  -0.999900E+04  -0.999900E+04   0.186850E+03  -0.999900E+04  -0.999900E+04  -0.999900E+04  -0.999900E+04   0.187028E+03   0.571111E+03   0.164762E+01   0.374962E+02   0.200000E+02  -0.177610E+00  -0.999900E+04  -0.999900E+04  -0.999900E+04  -0.999900E+04  -0.163883E+01  -0.999900E+04  -0.999900E+04  -0.999900E+04  -0.999900E+04
   0.200000E+01   0.100000E+01   0.363000E+05   0.259200E+06   0.200000E+01   0.100000E+01   0.363000E+05   0.259200E+06   0.186929E+03  -0.999900E+04  -0.999900E+04  -0.999900E+04  -0.999900E+04   0.186929E+03  -0.999900E+04  -0.999900E+04  -0.999900E+04  -0.999900E+04   0.187134E+03   0.562672E+03   0.161446E+01   0.374962E+02   0.200000E+02  -0.204845E+00  -0.999900E+04  -0.999900E+04  -0.999900E+04  -0.999900E+04  -0.189013E+01  -0.999900E+04  -0.999900E+04  -0.999900E+04  -0.999900E+04
   0.200000E+01   0.100000E+01   0.363500E+05   0.259200E+06   0.200000E+01   0.100000E+01   0.363500E+05   0.259200E+06   0.186943E+03  -0.999900E+04  -0.999900E+04  -0.999900E+04  -0.999900E+04   0.186943E+03  -0.999900E+04  -0.999900E+04  -0.999900E+04  -0.999900E+04   0.187158E+03   0.562831E+03   0.163568E+01   0.374962E+02   0.200000E+02  -0.214837E+00  -0.999900E+04  -0.999900E+04  -0.999900E+04  -0.999900E+04  -0.198233E+01  -0.999900E+04  -0.999900E+04  -0.999900E+04  -0.999900E+04
   0.200000E+01   0.100000E+01   0.364000E+05   0.259200E+06   0.200000E+01   0.100000E+01   0.364000E+05   0.259200E+06   0.187055E+03  -0.999900E+04  -0.999900E+04  -0.999900E+04  -0.999900E+04   0.187055E+03  -0.999900E+04  -0.999900E+04  -0.999900E+04  -0.999900E+04   0.187184E+03   0.562984E+03   0.163776E+01   0.374962E+02   0.200000E+02  -0.129894E+00  -0.999900E+04  -0.999900E+04  -0.999900E+04  -0.999900E+04  -0.119855E+01  -0.999900E+04  -0.999900E+04  -0.999900E+04  -0.999900E+04
   0.200000E+01   0.100000E+01   0.364500E+05   0.259200E+06   0.200000E+01   0.100000E+01   0.364500E+05   0.259200E+06   0.187130E+03  -0.999900E+04  -0.999900E+04  -0.999900E+04  -0.999900E+04   0.187130E+03  -0.999900E+04  -0.999900E+04  -0.999900E+04  -0.999900E+04   0.187214E+03   0.563129E+03   0.160396E+01   0.374962E+02   0.200000E+02  -0.845418E-01  -0.999900E+04  -0.999900E+04  -0.999900E+04  -0.999900E+04  -0.780080E+00  -0.999900E+04  -0.999900E+04  -0.999900E+04  -0.999900E+04
   0.200000E+01   0.100000E+01   0.366250E+05   0.259200E+06   0.200000E+01   0.100000E+01   0.366250E+05   0.259200E+06   0.187233E+03  -0.999900E+04  -0.999900E+04  -0.999900E+04  -0.999900E+04   0.187233E+03  -0.999900E+04  -0.999900E+04  -0.999900E+04  -0.999900E+04   0.187289E+03   0.563642E+03   0.162636E+01   0.374962E+02   0.200000E+02  -0.557268E-01  -0.999900E+04  -0.999900E+04  -0.999900E+04  -0.999900E+04  -0.514199E+00  -0.999900E+04  -0.999900E+04  -0.999900E+04  -0.999900E+04
   0.200000E+01   0.100000E+01   0.367500E+05   0.259200E+06   0.200000E+01   0.100000E+01   0.367500E+05   0.259200E+06   0.187301E+03  -0.999900E+04  -0.999900E+04  -0.999900E+04  -0.999900E+04   0.187301E+03  -0.999900E+04  -0.999900E+04  -0.999900E+04  -0.999900E+04   0.187371E+03   0.564110E+03   0.153709E+01   0.374962E+02   0.200000E+02  -0.695970E-01  -0.999900E+04  -0.999900E+04  -0.999900E+04  -0.999900E+04  -0.642182E+00  -0.999900E+04  -0.999900E+04  -0.999900E+04  -0.999900E+04
   0.200000E+01   0.100000E+01   0.368000E+05   0.259200E+06   0.200000E+01   0.100000E+01   0.368000E+05   0.259200E+06   0.187317E+03  -0.999900E+04  -0.999900E+04  -0.999900E+04  -0.999900E+04   0.187317E+03  -0.999900E+04  -0.999900E+04  -0.999900E+04  -0.999900E+04   0.187403E+03   0.564306E+03   0.148525E+01   0.374962E+02   0.200000E+02  -0.856762E-01  -0.999900E+04  -0.999900E+04  -0.999900E+04  -0.999900E+04  -0.790546E+00  -0.999900E+04  -0.999900E+04  -0.999900E+04  -0.999900E+04
   0.200000E+01   0.100000E+01   0.368500E+05   0.259200E+06   0.200000E+01   0.100000E+01   0.368500E+05   0.259200E+06   0.187421E+03  -0.999900E+04  -0.999900E+04  -0.999900E+04  -0.999900E+04   0.187421E+03  -0.999900E+04  -0.999900E+04  -0.999900E+04  -0.999900E+04   0.187431E+03   0.564499E+03   0.144227E+01   0.374962E+02   0.200000E+02  -0.994717E-02  -0.999900E+04  -0.999900E+04  -0.999900E+04  -0.999900E+04  -0.917839E-01  -0.999900E+04  -0.999900E+04  -0.999900E+04  -0.999900E+04
   0.200000E+01   0.100000E+01   0.369000E+05   0.259200E+06   0.200000E+01   0.100000E+01   0.369000E+05   0.259200E+06   0.187439E+03  -0.999900E+04  -0.999900E+04  -0.999900E+04  -0.999900E+04   0.187439E+03  -0.999900E+04  -0.999900E+04  -0.999900E+04  -0.999900E+04   0.187445E+03   0.564687E+03   0.148762E+01   0.374962E+02   0.200000E+02  -0.543267E-02  -0.999900E+04  -0.999900E+04  -0.999900E+04  -0.999900E+04  -0.501280E-01  -0.999900E+04  -0.999900E+04  -0.999900E+04  -0.999900E+04
   0.200000E+01   0.100000E+01   0.369500E+05   0.259200E+06   0.200000E+01   0.100000E+01   0.369500E+05   0.259200E+06   0.187447E+03  -0.999900E+04  -0.999900E+04  -0.999900E+04  -0.999900E+04   0.187447E+03  -0.999900E+04  -0.999900E+04  -0.999900E+04  -0.999900E+04   0.187449E+03   0.564872E+03   0.161722E+01   0.374962E+02   0.200000E+02  -0.172366E-02  -0.999900E+04  -0.999900E+04  -0.999900E+04  -0.999900E+04  -0.159044E-01  -0.999900E+04  -0.999900E+04  -0.999900E+04  -0.999900E+04
   0.200000E+01   0.100000E+01   0.370500E+05   0.259200E+06   0.200000E+01   0.100000E+01   0.370500E+05   0.259200E+06   0.187493E+03  -0.999900E+04  -0.999900E+04  -0.999900E+04  -0.999900E+04   0.187493E+03  -0.999900E+04  -0.999900E+04  -0.999900E+04  -0.999900E+04   0.187498E+03   0.565235E+03   0.169125E+01   0.374962E+02   0.200000E+02  -0.454851E-02  -0.999900E+04  -0.999900E+04  -0.999900E+04  -0.999900E+04  -0.419698E-01  -0.999900E+04  -0.999900E+04  -0.999900E+04  -0.999900E+04
   0.200000E+01   0.100000E+01   0.371000E+05   0.259200E+06   0.200000E+01   0.100000E+01   0.371000E+05   0.259200E+06   0.187548E+03  -0.999900E+04  -0.999900E+04  -0.999900E+04  -0.999900E+04   0.187548E+03  -0.999900E+04  -0.999900E+04  -0.999900E+04  -0.999900E+04   0.187527E+03   0.565414E+03   0.170410E+01   0.374962E+02   0.200000E+02   0.206037E-01  -0.999900E+04  -0.999900E+04  -0.999900E+04  -0.999900E+04   0.190113E+00  -0.999900E+04  -0.999900E+04  -0.999900E+04  -0.999900E+04
   0.200000E+01   0.100000E+01   0.371500E+05   0.259200E+06   0.200000E+01   0.100000E+01   0.371500E+05   0.259200E+06   0.187577E+03  -0.999900E+04  -0.999900E+04  -0.999900E+04  -0.999900E+04   0.187577E+03  -0.999900E+04  -0.999900E+04  -0.999900E+04  -0.999900E+04   0.187560E+03   0.565592E+03   0.169814E+01   0.374962E+02   0.200000E+02   0.165109E-01  -0.999900E+04  -0.999900E+04  -0.999900E+04  -0.999900E+04   0.152348E+00  -0.999900E+04  -0.999900E+04  -0.999900E+04  -0.999900E+04
   0.200000E+01   0.100000E+01   0.372000E+05   0.259200E+06   0.200000E+01   0.100000E+01   0.372000E+05   0.259200E+06   0.187610E+03  -0.999900E+04  -0.999900E+04  -0.999900E+04  -0.999900E+04   0.187610E+03  -0.999900E+04  -0.999900E+04  -0.999900E+04  -0.999900E+04   0.187595E+03   0.565766E+03   0.166888E+01   0.374962E+02   0.200000E+02   0.148072E-01  -0.999900E+04  -0.999900E+04  -0.999900E+04  -0.999900E+04   0.136628E+00  -0.999900E+04  -0.999900E+04  -0.999900E+04  -0.999900E+04
   0.200000E+01   0.100000E+01   0.372500E+05   0.259200E+06   0.200000E+01   0.100000E+01   0.372500E+05   0.259200E+06   0.187590E+03  -0.999900E+04  -0.999900E+04  -0.999900E+04  -0.999900E+04   0.187590E+03  -0.999900E+04  -0.999900E+04  -0.999900E+04  -0.999900E+04   0.187628E+03   0.565940E+03   0.164062E+01   0.374962E+02   0.200000E+02  -0.377771E-01  -0.999900E+04  -0.999900E+04  -0.999900E+04  -0.999900E+04  -0.348575E+00  -0.999900E+04  -0.999900E+04  -0.999900E+04  -0.999900E+04
   0.200000E+01   0.100000E+01   0.373000E+05   0.259200E+06   0.200000E+01   0.100000E+01   0.373000E+05   0.259200E+06   0.187595E+03  -0.999900E+04  -0.999900E+04  -0.999900E+04  -0.999900E+04   0.187595E+03  -0.999900E+04  -0.999900E+04  -0.999900E+04  -0.999900E+04   0.187695E+03   0.566117E+03   0.132168E+01   0.374962E+02   0.200000E+02  -0.999463E-01  -0.999900E+04  -0.999900E+04  -0.999900E+04  -0.999900E+04  -0.922219E+00  -0.999900E+04  -0.999900E+04  -0.999900E+04  -0.999900E+04
   0.200000E+01   0.100000E+01   0.374000E+05   0.259200E+06   0.200000E+01   0.100000E+01   0.374000E+05   0.259200E+06   0.187602E+03  -0.999900E+04  -0.999900E+04  -0.999900E+04  -0.999900E+04   0.187602E+03  -0.999900E+04  -0.999900E+04  -0.999900E+04  -0.999900E+04   0.187769E+03   0.566510E+03   0.687605E+00   0.374962E+02   0.200000E+02  -0.166841E+00  -0.999900E+04  -0.999900E+04  -0.999900E+04  -0.999900E+04  -0.153947E+01  -0.999900E+04  -0.999900E+04  -0.999900E+04  -0.999900E+04
   0.200000E+01   0.100000E+01   0.374500E+05   0.259200E+06   0.200000E+01   0.100000E+01   0.374500E+05   0.259200E+06   0.187644E+03  -0.999900E+04  -0.999900E+04  -0.999900E+04  -0.999900E+04   0.187644E+03  -0.999900E+04  -0.999900E+04  -0.999900E+04  -0.999900E+04   0.187778E+03   0.566725E+03   0.567330E+00   0.374962E+02   0.200000E+02  -0.134644E+00  -0.999900E+04  -0.999900E+04  -0.999900E+04  -0.999900E+04  -0.124238E+01  -0.999900E+04  -0.999900E+04  -0.999900E+04  -0.999900E+04
   0.200000E+01   0.100000E+01   0.375500E+05   0.259200E+06   0.200000E+01   0.100000E+01   0.375500E+05   0.259200E+06   0.187705E+03  -0.999900E+04  -0.999900E+04  -0.999900E+04  -0.999900E+04   0.187705E+03  -0.999900E+04  -0.999900E+04  -0.999900E+04  -0.999900E+04   0.187780E+03   0.567171E+03   0.574814E+00   0.374962E+02   0.200000E+02  -0.747241E-01  -0.999900E+04  -0.999900E+04  -0.999900E+04  -0.999900E+04  -0.689490E+00  -0.999900E+04  -0.999900E+04  -0.999900E+04  -0.999900E+04
   0.200000E+01   0.100000E+01   0.376000E+05   0.259200E+06   0.200000E+01   0.100000E+01   0.376000E+05   0.259200E+06   0.187709E+03  -0.999900E+04  -0.999900E+04  -0.999900E+04  -0.999900E+04   0.187709E+03  -0.999900E+04  -0.999900E+04  -0.999900E+04  -0.999900E+04   0.187772E+03   0.567388E+03   0.716886E+00   0.374962E+02   0.200000E+02  -0.629184E-01  -0.999900E+04  -0.999900E+04  -0.999900E+04  -0.999900E+04  -0.580557E+00  -0.999900E+04  -0.999900E+04  -0.999900E+04  -0.999900E+04
   0.200000E+01   0.100000E+01   0.377000E+05   0.259200E+06   0.200000E+01   0.100000E+01   0.377000E+05   0.259200E+06   0.187737E+03  -0.999900E+04  -0.999900E+04  -0.999900E+04  -0.999900E+04   0.187737E+03  -0.999900E+04  -0.999900E+04  -0.999900E+04  -0.999900E+04   0.187708E+03   0.567793E+03   0.145783E+01   0.374962E+02   0.200000E+02   0.290821E-01  -0.999900E+04  -0.999900E+04  -0.999900E+04  -0.999900E+04   0.268345E+00  -0.999900E+04  -0.999900E+04  -0.999900E+04  -0.999900E+04
   0.200000E+01   0.100000E+01   0.377500E+05   0.259200E+06   0.200000E+01   0.100000E+01   0.377500E+05   0.259200E+06   0.187762E+03  -0.999900E+04  -0.999900E+04  -0.999900E+04  -0.999900E+04   0.187762E+03  -0.999900E+04  -0.999900E+04  -0.999900E+04  -0.999900E+04   0.187678E+03   0.567983E+03   0.181059E+01   0.374962E+02   0.200000E+02   0.840536E-01  -0.999900E+04  -0.999900E+04  -0.999900E+04  -0.999900E+04   0.775575E+00  -0.999900E+04  -0.999900E+04  -0.999900E+04  -0.999900E+04
   0.200000E+01   0.100000E+01   0.378000E+05   0.259200E+06   0.200000E+01   0.100000E+01   0.378000E+05   0.259200E+06   0.187774E+03  -0.999900E+04  -0.999900E+04  -0.999900E+04  -0.999900E+04   0.187774E+03  -0.999900E+04  -0.999900E+04  -0.999900E+04  -0.999900E+04   0.187733E+03   0.568172E+03   0.170703E+01   0.374962E+02   0.200000E+02   0.413356E-01  -0.999900E+04  -0.999900E+04  -0.999900E+04  -0.999900E+04   0.381410E+00  -0.999900E+04  -0.999900E+04  -0.999900E+04  -0.999900E+04
   0.200000E+01   0.100000E+01   0.378500E+05   0.259200E+06   0.200000E+01   0.100000E+01   0.378500E+05   0.259200E+06   0.187791E+03  -0.999900E+04  -0.999900E+04  -0.999900E+04  -0.999900E+04   0.187791E+03  -0.999900E+04  -0.999900E+04  -0.999900E+04  -0.999900E+04   0.187783E+03   0.568366E+03   0.158197E+01   0.374962E+02   0.200000E+02   0.723748E-02  -0.999900E+04  -0.999900E+04  -0.999900E+04  -0.999900E+04   0.667812E-01  -0.999900E+04  -0.999900E+04  -0.999900E+04  -0.999900E+04
   0.200000E+01   0.100000E+01   0.379000E+05   0.259200E+06   0.200000E+01   0.100000E+01   0.379000E+05   0.259200E+06   0.187794E+03  -0.999900E+04  -0.999900E+04  -0.999900E+04  -0.999900E+04   0.187794E+03  -0.999900E+04  -0.999900E+04  -0.999900E+04  -0.999900E+04   0.187817E+03   0.568565E+03   0.152934E+01   0.374962E+02   0.200000E+02  -0.235913E-01  -0.999900E+04  -0.999900E+04  -0.999900E+04  -0.999900E+04  -0.217680E+00  -0.999900E+04  -0.999900E+04  -0.999900E+04  -0.999900E+04
   0.200000E+01   0.100000E+01   0.380000E+05   0.259200E+06   0.200000E+01   0.100000E+01   0.380000E+05   0.259200E+06   0.187812E+03  -0.999900E+04  -0.999900E+04  -0.999900E+04  -0.999900E+04   0.187812E+03  -0.999900E+04  -0.999900E+04  -0.999900E+04  -0.999900E+04   0.187866E+03   0.568979E+03   0.154981E+01   0.374962E+02   0.200000E+02  -0.532006E-01  -0.999900E+04  -0.999900E+04  -0.999900E+04  -0.999900E+04  -0.490889E+00  -0.999900E+04  -0.999900E+04  -0.999900E+04  -0.999900E+04
   0.200000E+01   0.100000E+01   0.380500E+05   0.259200E+06   0.200000E+01   0.100000E+01   0.380500E+05   0.259200E+06   0.187844E+03  -0.999900E+04  -0.999900E+04  -0.999900E+04  -0.999900E+04   0.187844E+03  -0.999900E+04  -0.999900E+04  -0.999900E+04  -0.999900E+04   0.187893E+03   0.569188E+03   0.154539E+01   0.374962E+02   0.200000E+02  -0.486612E-01  -0.999900E+04  -0.999900E+04  -0.999900E+04  -0.999900E+04  -0.449004E+00  -0.999900E+04  -0.999900E+04  -0.999900E+04  -0.999900E+04
   0.200000E+01   0.100000E+01   0.381000E+05   0.259200E+06   0.200000E+01   0.100000E+01   0.381000E+05   0.259200E+06   0.187908E+03  -0.999900E+04  -0.999900E+04  -0.999900E+04  -0.999900E+04   0.187908E+03  -0.999900E+04  -0.999900E+04  -0.999900E+04  -0.999900E+04   0.187917E+03   0.569392E+03   0.155549E+01   0.374962E+02   0.200000E+02  -0.960581E-02  -0.999900E+04  -0.999900E+04  -0.999900E+04  -0.999900E+04  -0.886342E-01  -0.999900E+04  -0.999900E+04  -0.999900E+04  -0.999900E+04
   0.200000E+01   0.100000E+01   0.381500E+05   0.259200E+06   0.200000E+01   0.100000E+01   0.381500E+05   0.259200E+06   0.187981E+03  -0.999900E+04  -0.999900E+04  -0.999900E+04  -0.999900E+04   0.187981E+03  -0.999900E+04  -0.999900E+04  -0.999900E+04  -0.999900E+04   0.187943E+03   0.569592E+03   0.155727E+01   0.374962E+02   0.200000E+02   0.381799E-01  -0.999900E+04  -0.999900E+04  -0.999900E+04  -0.999900E+04   0.352291E+00  -0.999900E+04  -0.999900E+04  -0.999900E+04  -0.999900E+04
   0.200000E+01   0.100000E+01   0.382500E+05   0.259200E+06   0.200000E+01   0.100000E+01   0.382500E+05   0.259200E+06   0.187978E+03  -0.999900E+04  -0.999900E+04  -0.999900E+04  -0.999900E+04   0.187978E+03  -0.999900E+04  -0.999900E+04  -0.999900E+04  -0.999900E+04   0.187994E+03   0.569975E+03   0.153155E+01   0.374962E+02   0.200000E+02  -0.164338E-01  -0.999900E+04  -0.999900E+04  -0.999900E+04  -0.999900E+04  -0.151637E+00  -0.999900E+04  -0.999900E+04  -0.999900E+04  -0.999900E+04
   0.200000E+01   0.100000E+01   0.383000E+05   0.259200E+06   0.200000E+01   0.100000E+01   0.383000E+05   0.259200E+06   0.187946E+03  -0.999900E+04  -0.999900E+04  -0.999900E+04  -0.999900E+04   0.187946E+03  -0.999900E+04  -0.999900E+04  -0.999900E+04  -0.999900E+04   0.188014E+03   0.570164E+03   0.155404E+01   0.374962E+02   0.200000E+02  -0.675261E-01  -0.999900E+04  -0.999900E+04  -0.999900E+04  -0.999900E+04  -0.623073E+00  -0.999900E+04  -0.999900E+04  -0.999900E+04  -0.999900E+04
   0.200000E+01   0.100000E+01   0.384500E+05   0.259200E+06   0.200000E+01   0.100000E+01   0.384500E+05   0.259200E+06   0.187977E+03  -0.999900E+04  -0.999900E+04  -0.999900E+04  -0.999900E+04   0.187977E+03  -0.999900E+04  -0.999900E+04  -0.999900E+04  -0.999900E+04   0.188081E+03   0.570770E+03   0.170412E+01   0.374962E+02   0.200000E+02  -0.104123E+00  -0.999900E+04  -0.999900E+04  -0.999900E+04  -0.999900E+04  -0.960754E+00  -0.999900E+04  -0.999900E+04  -0.999900E+04  -0.999900E+04
   0.200000E+01   0.100000E+01   0.385000E+05   0.259200E+06   0.200000E+01   0.100000E+01   0.385000E+05   0.259200E+06   0.187988E+03  -0.999900E+04  -0.999900E+04  -0.999900E+04  -0.999900E+04   0.187988E+03  -0.999900E+04  -0.999900E+04  -0.999900E+04  -0.999900E+04   0.188121E+03   0.570985E+03   0.168917E+01   0.374962E+02   0.200000E+02  -0.133126E+00  -0.999900E+04  -0.999900E+04  -0.999900E+04  -0.999900E+04  -0.122837E+01  -0.999900E+04  -0.999900E+04  -0.999900E+04  -0.999900E+04
   0.200000E+01   0.100000E+01   0.390000E+05   0.259200E+06   0.200000E+01   0.100000E+01   0.390000E+05   0.259200E+06   0.188203E+03  -0.999900E+04  -0.999900E+04  -0.999900E+04  -0.999900E+04   0.188203E+03  -0.999900E+04  -0.999900E+04  -0.999900E+04  -0.999900E+04   0.188434E+03   0.572824E+03   0.154194E+01   0.374962E+02   0.200000E+02  -0.231146E+00  -0.999900E+04  -0.999900E+04  -0.999900E+04  -0.999900E+04  -0.213282E+01  -0.999900E+04  -0.999900E+04  -0.999900E+04  -0.999900E+04
   0.200000E+01   0.100000E+01   0.393000E+05   0.259200E+06   0.200000E+01   0.100000E+01   0.393000E+05   0.259200E+06   0.188342E+03  -0.999900E+04  -0.999900E+04  -0.999900E+04  -0.999900E+04   0.188342E+03  -0.999900E+04  -0.999900E+04  -0.999900E+04  -0.999900E+04   0.188552E+03   0.573793E+03   0.153999E+01   0.374962E+02   0.200000E+02  -0.210039E+00  -0.999900E+04  -0.999900E+04  -0.999900E+04  -0.999900E+04  -0.193806E+01  -0.999900E+04  -0.999900E+04  -0.999900E+04  -0.999900E+04
   0.200000E+01   0.100000E+01   0.393500E+05   0.259200E+06   0.200000E+01   0.100000E+01   0.393500E+05   0.259200E+06   0.188355E+03  -0.999900E+04  -0.999900E+04  -0.999900E+04  -0.999900E+04   0.188355E+03  -0.999900E+04  -0.999900E+04  -0.999900E+04  -0.999900E+04   0.188574E+03   0.573950E+03   0.150768E+01   0.374962E+02   0.200000E+02  -0.219602E+00  -0.999900E+04  -0.999900E+04  -0.999900E+04  -0.999900E+04  -0.202630E+01  -0.999900E+04  -0.999900E+04  -0.999900E+04  -0.999900E+04
   0.200000E+01   0.100000E+01   0.394000E+05   0.259200E+06   0.200000E+01   0.100000E+01   0.394000E+05   0.259200E+06   0.188383E+03  -0.999900E+04  -0.999900E+04  -0.999900E+04  -0.999900E+04   0.188383E+03  -0.999900E+04  -0.999900E+04  -0.999900E+04  -0.999900E+04   0.188600E+03   0.574112E+03   0.144328E+01   0.374962E+02   0.200000E+02  -0.216691E+00  -0.999900E+04  -0.999900E+04  -0.999900E+04  -0.999900E+04  -0.199944E+01  -0.999900E+04  -0.999900E+04  -0.999900E+04  -0.999900E+04
   0.200000E+01   0.100000E+01   0.394500E+05   0.259200E+06   0.200000E+01   0.100000E+01   0.394500E+05   0.259200E+06   0.188410E+03  -0.999900E+04  -0.999900E+04  -0.999900E+04  -0.999900E+04   0.188410E+03  -0.999900E+04  -0.999900E+04  -0.999900E+04  -0.999900E+04   0.188625E+03   0.574281E+03   0.137009E+01   0.374962E+02   0.200000E+02  -0.214464E+00  -0.999900E+04  -0.999900E+04  -0.999900E+04  -0.999900E+04  -0.197889E+01  -0.999900E+04  -0.999900E+04  -0.999900E+04  -0.999900E+04
   0.200000E+01   0.100000E+01   0.395950E+05   0.259200E+06   0.200000E+01   0.100000E+01   0.395950E+05   0.259200E+06   0.188530E+03  -0.999900E+04  -0.999900E+04  -0.999900E+04  -0.999900E+04   0.188530E+03  -0.999900E+04  -0.999900E+04  -0.999900E+04  -0.999900E+04   0.188670E+03   0.574803E+03   0.128835E+01   0.374962E+02   0.200000E+02  -0.140773E+00  -0.999900E+04  -0.999900E+04  -0.999900E+04  -0.999900E+04  -0.129893E+01  -0.999900E+04  -0.999900E+04  -0.999900E+04  -0.999900E+04
   0.200000E+01   0.100000E+01   0.396400E+05   0.259200E+06   0.200000E+01   0.100000E+01   0.396400E+05   0.259200E+06   0.188549E+03  -0.999900E+04  -0.999900E+04  -0.999900E+04  -0.999900E+04   0.188549E+03  -0.999900E+04  -0.999900E+04  -0.999900E+04  -0.999900E+04   0.188679E+03   0.574968E+03   0.130496E+01   0.374962E+02   0.200000E+02  -0.129758E+00  -0.999900E+04  -0.999900E+04  -0.999900E+04  -0.999900E+04  -0.119730E+01  -0.999900E+04  -0.999900E+04  -0.999900E+04  -0.999900E+04
   0.200000E+01   0.100000E+01   0.396850E+05   0.259200E+06   0.200000E+01   0.100000E+01   0.396850E+05   0.259200E+06   0.188566E+03  -0.999900E+04  -0.999900E+04  -0.999900E+04  -0.999900E+04   0.188566E+03  -0.999900E+04  -0.999900E+04  -0.999900E+04  -0.999900E+04   0.188687E+03   0.575131E+03   0.132550E+01   0.374962E+02   0.200000E+02  -0.120607E+00  -0.999900E+04  -0.999900E+04  -0.999900E+04  -0.999900E+04  -0.111285E+01  -0.999900E+04  -0.999900E+04  -0.999900E+04  -0.999900E+04
   0.200000E+01   0.100000E+01   0.397750E+05   0.259200E+06   0.200000E+01   0.100000E+01   0.397750E+05   0.259200E+06   0.188580E+03  -0.999900E+04  -0.999900E+04  -0.999900E+04  -0.999900E+04   0.188580E+03  -0.999900E+04  -0.999900E+04  -0.999900E+04  -0.999900E+04   0.188707E+03   0.575455E+03   0.134613E+01   0.374962E+02   0.200000E+02  -0.126489E+00  -0.999900E+04  -0.999900E+04  -0.999900E+04  -0.999900E+04  -0.116713E+01  -0.999900E+04  -0.999900E+04  -0.999900E+04  -0.999900E+04
   0.200000E+01   0.100000E+01   0.398200E+05   0.259200E+06   0.200000E+01   0.100000E+01   0.398200E+05   0.259200E+06   0.188578E+03  -0.999900E+04  -0.999900E+04  -0.999900E+04  -0.999900E+04   0.188578E+03  -0.999900E+04  -0.999900E+04  -0.999900E+04  -0.999900E+04   0.188719E+03   0.575615E+03   0.133714E+01   0.374962E+02   0.200000E+02  -0.140509E+00  -0.999900E+04  -0.999900E+04  -0.999900E+04  -0.999900E+04  -0.129650E+01  -0.999900E+04  -0.999900E+04  -0.999900E+04  -0.999900E+04
   0.200000E+01   0.100000E+01   0.399100E+05   0.259200E+06   0.200000E+01   0.100000E+01   0.399100E+05   0.259200E+06   0.188637E+03  -0.999900E+04  -0.999900E+04  -0.999900E+04  -0.999900E+04   0.188637E+03  -0.999900E+04  -0.999900E+04  -0.999900E+04  -0.999900E+04   0.188746E+03   0.575931E+03   0.129274E+01   0.374962E+02   0.200000E+02  -0.108490E+00  -0.999900E+04  -0.999900E+04  -0.999900E+04  -0.999900E+04  -0.100105E+01  -0.999900E+04  -0.999900E+04  -0.999900E+04  -0.999900E+04
   0.200000E+01   0.100000E+01   0.399550E+05   0.259200E+06   0.200000E+01   0.100000E+01   0.399550E+05   0.259200E+06   0.188667E+03  -0.999900E+04  -0.999900E+04  -0.999900E+04  -0.999900E+04   0.188667E+03  -0.999900E+04  -0.999900E+04  -0.999900E+04  -0.999900E+04   0.188758E+03   0.576088E+03   0.127195E+01   0.374962E+02   0.200000E+02  -0.909599E-01  -0.999900E+04  -0.999900E+04  -0.999900E+04  -0.999900E+04  -0.839300E+00  -0.999900E+04  -0.999900E+04  -0.999900E+04  -0.999900E+04
   0.200000E+01   0.100000E+01   0.400500E+05   0.259200E+06   0.200000E+01   0.100000E+01   0.400500E+05   0.259200E+06   0.188686E+03  -0.999900E+04  -0.999900E+04  -0.999900E+04  -0.999900E+04   0.188686E+03  -0.999900E+04  -0.999900E+04  -0.999900E+04  -0.999900E+04   0.188777E+03   0.576421E+03   0.126568E+01   0.374962E+02   0.200000E+02  -0.910369E-01  -0.999900E+04  -0.999900E+04  -0.999900E+04  -0.999900E+04  -0.840011E+00  -0.999900E+04  -0.999900E+04  -0.999900E+04  -0.999900E+04
   0.200000E+01   0.100000E+01   0.401000E+05   0.259200E+06   0.200000E+01   0.100000E+01   0.401000E+05   0.259200E+06   0.188695E+03  -0.999900E+04  -0.999900E+04  -0.999900E+04  -0.999900E+04   0.188695E+03  -0.999900E+04  -0.999900E+04  -0.999900E+04  -0.999900E+04   0.188786E+03   0.576596E+03   0.127952E+01   0.374962E+02   0.200000E+02  -0.907225E-01  -0.999900E+04  -0.999900E+04  -0.999900E+04  -0.999900E+04  -0.837109E+00  -0.999900E+04  -0.999900E+04  -0.999900E+04  -0.999900E+04
   0.200000E+01   0.100000E+01   0.401500E+05   0.259200E+06   0.200000E+01   0.100000E+01   0.401500E+05   0.259200E+06   0.188703E+03  -0.999900E+04  -0.999900E+04  -0.999900E+04  -0.999900E+04   0.188703E+03  -0.999900E+04  -0.999900E+04  -0.999900E+04  -0.999900E+04   0.188794E+03   0.576773E+03   0.129764E+01   0.374962E+02   0.200000E+02  -0.903249E-01  -0.999900E+04  -0.999900E+04  -0.999900E+04  -0.999900E+04  -0.833441E+00  -0.999900E+04  -0.999900E+04  -0.999900E+04  -0.999900E+04
   0.200000E+01   0.100000E+01   0.402500E+05   0.259200E+06   0.200000E+01   0.100000E+01   0.402500E+05   0.259200E+06   0.188712E+03  -0.999900E+04  -0.999900E+04  -0.999900E+04  -0.999900E+04   0.188712E+03  -0.999900E+04  -0.999900E+04  -0.999900E+04  -0.999900E+04   0.188812E+03   0.577127E+03   0.132370E+01   0.374962E+02   0.200000E+02  -0.100339E+00  -0.999900E+04  -0.999900E+04  -0.999900E+04  -0.999900E+04  -0.925842E+00  -0.999900E+04  -0.999900E+04  -0.999900E+04  -0.999900E+04
   0.200000E+01   0.100000E+01   0.403000E+05   0.259200E+06   0.200000E+01   0.100000E+01   0.403000E+05   0.259200E+06   0.188732E+03  -0.999900E+04  -0.999900E+04  -0.999900E+04  -0.999900E+04   0.188732E+03  -0.999900E+04  -0.999900E+04  -0.999900E+04  -0.999900E+04   0.188824E+03   0.577304E+03   0.132430E+01   0.374962E+02   0.200000E+02  -0.917373E-01  -0.999900E+04  -0.999900E+04  -0.999900E+04  -0.999900E+04  -0.846473E+00  -0.999900E+04  -0.999900E+04  -0.999900E+04  -0.999900E+04
   0.200000E+01   0.100000E+01   0.403500E+05   0.259200E+06   0.200000E+01   0.100000E+01   0.403500E+05   0.259200E+06   0.188747E+03  -0.999900E+04  -0.999900E+04  -0.999900E+04  -0.999900E+04   0.188747E+03  -0.999900E+04  -0.999900E+04  -0.999900E+04  -0.999900E+04   0.188836E+03   0.577483E+03   0.131659E+01   0.374962E+02   0.200000E+02  -0.889732E-01  -0.999900E+04  -0.999900E+04  -0.999900E+04  -0.999900E+04  -0.820968E+00  -0.999900E+04  -0.999900E+04  -0.999900E+04  -0.999900E+04
   0.200000E+01   0.100000E+01   0.404000E+05   0.259200E+06   0.200000E+01   0.100000E+01   0.404000E+05   0.259200E+06   0.188759E+03  -0.999900E+04  -0.999900E+04  -0.999900E+04  -0.999900E+04   0.188759E+03  -0.999900E+04  -0.999900E+04  -0.999900E+04  -0.999900E+04   0.188849E+03   0.577662E+03   0.130415E+01   0.374962E+02   0.200000E+02  -0.899448E-01  -0.999900E+04  -0.999900E+04  -0.999900E+04  -0.999900E+04  -0.829934E+00  -0.999900E+04  -0.999900E+04  -0.999900E+04  -0.999900E+04
   0.200000E+01   0.100000E+01   0.405000E+05   0.259200E+06   0.200000E+01   0.100000E+01   0.405000E+05   0.259200E+06   0.188783E+03  -0.999900E+04  -0.999900E+04  -0.999900E+04  -0.999900E+04   0.188783E+03  -0.999900E+04  -0.999900E+04  -0.999900E+04  -0.999900E+04   0.188873E+03   0.578022E+03   0.128490E+01   0.374962E+02   0.200000E+02  -0.902943E-01  -0.999900E+04  -0.999900E+04  -0.999900E+04  -0.999900E+04  -0.833158E+00  -0.999900E+04  -0.999900E+04  -0.999900E+04  -0.999900E+04
   0.200000E+01   0.100000E+01   0.406000E+05   0.259200E+06   0.200000E+01   0.100000E+01   0.406000E+05   0.259200E+06   0.188794E+03  -0.999900E+04  -0.999900E+04  -0.999900E+04  -0.999900E+04   0.188794E+03  -0.999900E+04  -0.999900E+04  -0.999900E+04  -0.999900E+04   0.188893E+03   0.578384E+03   0.129250E+01   0.374962E+02   0.200000E+02  -0.991070E-01  -0.999900E+04  -0.999900E+04  -0.999900E+04  -0.999900E+04  -0.914475E+00  -0.999900E+04  -0.999900E+04  -0.999900E+04  -0.999900E+04
   0.200000E+01   0.100000E+01   0.406500E+05   0.259200E+06   0.200000E+01   0.100000E+01   0.406500E+05   0.259200E+06   0.188803E+03  -0.999900E+04  -0.999900E+04  -0.999900E+04  -0.999900E+04   0.188803E+03  -0.999900E+04  -0.999900E+04  -0.999900E+04  -0.999900E+04   0.188902E+03   0.578563E+03   0.130396E+01   0.374962E+02   0.200000E+02  -0.987012E-01  -0.999900E+04  -0.999900E+04  -0.999900E+04  -0.999900E+04  -0.910731E+00  -0.999900E+04  -0.999900E+04  -0.999900E+04  -0.999900E+04
   0.200000E+01   0.100000E+01   0.407500E+05   0.259200E+06   0.200000E+01   0.100000E+01   0.407500E+05   0.259200E+06   0.188828E+03  -0.999900E+04  -0.999900E+04  -0.999900E+04  -0.999900E+04   0.188828E+03  -0.999900E+04  -0.999900E+04  -0.999900E+04  -0.999900E+04   0.188920E+03   0.578919E+03   0.133195E+01   0.374962E+02   0.200000E+02  -0.921982E-01  -0.999900E+04  -0.999900E+04  -0.999900E+04  -0.999900E+04  -0.850726E+00  -0.999900E+04  -0.999900E+04  -0.999900E+04  -0.999900E+04
   0.200000E+01   0.100000E+01   0.409000E+05   0.259200E+06   0.200000E+01   0.100000E+01   0.409000E+05   0.259200E+06   0.188871E+03  -0.999900E+04  -0.999900E+04  -0.999900E+04  -0.999900E+04   0.188871E+03  -0.999900E+04  -0.999900E+04  -0.999900E+04  -0.999900E+04   0.188950E+03   0.579440E+03   0.136221E+01   0.374962E+02   0.200000E+02  -0.785359E-01  -0.999900E+04  -0.999900E+04  -0.999900E+04  -0.999900E+04  -0.724662E+00  -0.999900E+04  -0.999900E+04  -0.999900E+04  -0.999900E+04
   0.200000E+01   0.100000E+01   0.410000E+05   0.259200E+06   0.200000E+01   0.100000E+01   0.410000E+05   0.259200E+06   0.188882E+03  -0.999900E+04  -0.999900E+04  -0.999900E+04  -0.999900E+04   0.188882E+03  -0.999900E+04  -0.999900E+04  -0.999900E+04  -0.999900E+04   0.188973E+03   0.579783E+03   0.136364E+01   0.374962E+02   0.200000E+02  -0.903410E-01  -0.999900E+04  -0.999900E+04  -0.999900E+04  -0.999900E+04  -0.833589E+00  -0.999900E+04  -0.999900E+04  -0.999900E+04  -0.999900E+04
   0.200000E+01   0.100000E+01   0.410850E+05   0.259200E+06   0.200000E+01   0.100000E+01   0.410850E+05   0.259200E+06   0.188906E+03  -0.999900E+04  -0.999900E+04  -0.999900E+04  -0.999900E+04   0.188906E+03  -0.999900E+04  -0.999900E+04  -0.999900E+04  -0.999900E+04   0.188979E+03   0.580070E+03   0.146762E+01   0.374962E+02   0.200000E+02  -0.726072E-01  -0.999900E+04  -0.999900E+04  -0.999900E+04  -0.999900E+04  -0.669957E+00  -0.999900E+04  -0.999900E+04  -0.999900E+04  -0.999900E+04
   0.200000E+01   0.100000E+01   0.415500E+05   0.259200E+06   0.200000E+01   0.100000E+01   0.415500E+05   0.259200E+06   0.189002E+03  -0.999900E+04  -0.999900E+04  -0.999900E+04  -0.999900E+04   0.189002E+03  -0.999900E+04  -0.999900E+04  -0.999900E+04  -0.999900E+04   0.189133E+03   0.581723E+03   0.135496E+01   0.374962E+02   0.200000E+02  -0.130857E+00  -0.999900E+04  -0.999900E+04  -0.999900E+04  -0.999900E+04  -0.120743E+01  -0.999900E+04  -0.999900E+04  -0.999900E+04  -0.999900E+04
   0.200000E+01   0.100000E+01   0.416000E+05   0.259200E+06   0.200000E+01   0.100000E+01   0.416000E+05   0.259200E+06   0.189002E+03  -0.999900E+04  -0.999900E+04  -0.999900E+04  -0.999900E+04   0.189002E+03  -0.999900E+04  -0.999900E+04  -0.999900E+04  -0.999900E+04   0.189145E+03   0.581922E+03   0.136129E+01   0.374962E+02   0.200000E+02  -0.143118E+00  -0.999900E+04  -0.999900E+04  -0.999900E+04  -0.999900E+04  -0.132057E+01  -0.999900E+04  -0.999900E+04  -0.999900E+04  -0.999900E+04
   0.200000E+01   0.100000E+01   0.416500E+05   0.259200E+06   0.200000E+01   0.100000E+01   0.416500E+05   0.259200E+06   0.188994E+03  -0.999900E+04  -0.999900E+04  -0.999900E+04  -0.999900E+04   0.188994E+03  -0.999900E+04  -0.999900E+04  -0.999900E+04  -0.999900E+04   0.189157E+03   0.582121E+03   0.137073E+01   0.374962E+02   0.200000E+02  -0.163435E+00  -0.999900E+04  -0.999900E+04  -0.999900E+04  -0.999900E+04  -0.150804E+01  -0.999900E+04  -0.999900E+04  -0.999900E+04  -0.999900E+04
   0.200000E+01   0.100000E+01   0.417000E+05   0.259200E+06   0.200000E+01   0.100000E+01   0.417000E+05   0.259200E+06   0.189010E+03  -0.999900E+04  -0.999900E+04  -0.999900E+04  -0.999900E+04   0.189010E+03  -0.999900E+04  -0.999900E+04  -0.999900E+04  -0.999900E+04   0.189169E+03   0.582319E+03   0.137953E+01   0.374962E+02   0.200000E+02  -0.159173E+00  -0.999900E+04  -0.999900E+04  -0.999900E+04  -0.999900E+04  -0.146871E+01  -0.999900E+04  -0.999900E+04  -0.999900E+04  -0.999900E+04
   0.200000E+01   0.100000E+01   0.418000E+05   0.259200E+06   0.200000E+01   0.100000E+01   0.418000E+05   0.259200E+06   0.189041E+03  -0.999900E+04  -0.999900E+04  -0.999900E+04  -0.999900E+04   0.189041E+03  -0.999900E+04  -0.999900E+04  -0.999900E+04  -0.999900E+04   0.189196E+03   0.582714E+03   0.138495E+01   0.374962E+02   0.200000E+02  -0.154992E+00  -0.999900E+04  -0.999900E+04  -0.999900E+04  -0.999900E+04  -0.143014E+01  -0.999900E+04  -0.999900E+04  -0.999900E+04  -0.999900E+04
   0.200000E+01   0.100000E+01   0.419000E+05   0.259200E+06   0.200000E+01   0.100000E+01   0.419000E+05   0.259200E+06   0.189053E+03  -0.999900E+04  -0.999900E+04  -0.999900E+04  -0.999900E+04   0.189053E+03  -0.999900E+04  -0.999900E+04  -0.999900E+04  -0.999900E+04   0.189224E+03   0.583108E+03   0.137250E+01   0.374962E+02   0.200000E+02  -0.171357E+00  -0.999900E+04  -0.999900E+04  -0.999900E+04  -0.999900E+04  -0.158113E+01  -0.999900E+04  -0.999900E+04  -0.999900E+04  -0.999900E+04
   0.200000E+01   0.100000E+01   0.420000E+05   0.259200E+06   0.200000E+01   0.100000E+01   0.420000E+05   0.259200E+06   0.189088E+03  -0.999900E+04  -0.999900E+04  -0.999900E+04  -0.999900E+04   0.189088E+03  -0.999900E+04  -0.999900E+04  -0.999900E+04  -0.999900E+04   0.189252E+03   0.583501E+03   0.135781E+01   0.374962E+02   0.200000E+02  -0.164074E+00  -0.999900E+04  -0.999900E+04  -0.999900E+04  -0.999900E+04  -0.151393E+01  -0.999900E+04  -0.999900E+04  -0.999900E+04  -0.999900E+04
   0.200000E+01   0.100000E+01   0.422000E+05   0.259200E+06   0.200000E+01   0.100000E+01   0.422000E+05   0.259200E+06   0.189121E+03  -0.999900E+04  -0.999900E+04  -0.999900E+04  -0.999900E+04   0.189121E+03  -0.999900E+04  -0.999900E+04  -0.999900E+04  -0.999900E+04   0.189303E+03   0.584293E+03   0.134955E+01   0.374962E+02   0.200000E+02  -0.182282E+00  -0.999900E+04  -0.999900E+04  -0.999900E+04  -0.999900E+04  -0.168194E+01  -0.999900E+04  -0.999900E+04  -0.999900E+04  -0.999900E+04
   0.200000E+01   0.100000E+01   0.424000E+05   0.259200E+06   0.200000E+01   0.100000E+01   0.424000E+05   0.259200E+06   0.189159E+03  -0.999900E+04  -0.999900E+04  -0.999900E+04  -0.999900E+04   0.189159E+03  -0.999900E+04  -0.999900E+04  -0.999900E+04  -0.999900E+04   0.189353E+03   0.585094E+03   0.135225E+01   0.374962E+02   0.200000E+02  -0.194180E+00  -0.999900E+04  -0.999900E+04  -0.999900E+04  -0.999900E+04  -0.179173E+01  -0.999900E+04  -0.999900E+04  -0.999900E+04  -0.999900E+04
   0.200000E+01   0.100000E+01   0.426000E+05   0.259200E+06   0.200000E+01   0.100000E+01   0.426000E+05   0.259200E+06   0.189210E+03  -0.999900E+04  -0.999900E+04  -0.999900E+04  -0.999900E+04   0.189210E+03  -0.999900E+04  -0.999900E+04  -0.999900E+04  -0.999900E+04   0.189404E+03   0.585907E+03   0.135287E+01   0.374962E+02   0.200000E+02  -0.194124E+00  -0.999900E+04  -0.999900E+04  -0.999900E+04  -0.999900E+04  -0.179121E+01  -0.999900E+04  -0.999900E+04  -0.999900E+04  -0.999900E+04
   0.200000E+01   0.100000E+01   0.428000E+05   0.259200E+06   0.200000E+01   0.100000E+01   0.428000E+05   0.259200E+06   0.189281E+03  -0.999900E+04  -0.999900E+04  -0.999900E+04  -0.999900E+04   0.189281E+03  -0.999900E+04  -0.999900E+04  -0.999900E+04  -0.999900E+04   0.189456E+03   0.586730E+03   0.134545E+01   0.374962E+02   0.200000E+02  -0.174912E+00  -0.999900E+04  -0.999900E+04  -0.999900E+04  -0.999900E+04  -0.161394E+01  -0.999900E+04  -0.999900E+04  -0.999900E+04  -0.999900E+04
   0.200000E+01   0.100000E+01   0.429000E+05   0.259200E+06   0.200000E+01   0.100000E+01   0.429000E+05   0.259200E+06   0.189283E+03  -0.999900E+04  -0.999900E+04  -0.999900E+04  -0.999900E+04   0.189283E+03  -0.999900E+04  -0.999900E+04  -0.999900E+04  -0.999900E+04   0.189482E+03   0.587145E+03   0.133881E+01   0.374962E+02   0.200000E+02  -0.198598E+00  -0.999900E+04  -0.999900E+04  -0.999900E+04  -0.999900E+04  -0.183249E+01  -0.999900E+04  -0.999900E+04  -0.999900E+04  -0.999900E+04
   0.200000E+01   0.100000E+01   0.431000E+05   0.259200E+06   0.200000E+01   0.100000E+01   0.431000E+05   0.259200E+06   0.189340E+03  -0.999900E+04  -0.999900E+04  -0.999900E+04  -0.999900E+04   0.189340E+03  -0.999900E+04  -0.999900E+04  -0.999900E+04  -0.999900E+04   0.189531E+03   0.587981E+03   0.133510E+01   0.374962E+02   0.200000E+02  -0.191665E+00  -0.999900E+04  -0.999900E+04  -0.999900E+04  -0.999900E+04  -0.176852E+01  -0.999900E+04  -0.999900E+04  -0.999900E+04  -0.999900E+04
   0.200000E+01   0.100000E+01   0.432000E+05   0.259200E+06   0.200000E+01   0.100000E+01   0.432000E+05   0.259200E+06   0.189387E+03  -0.999900E+04  -0.999900E+04  -0.999900E+04  -0.999900E+04   0.189387E+03  -0.999900E+04  -0.999900E+04  -0.999900E+04  -0.999900E+04   0.189554E+03   0.588398E+03   0.135650E+01   0.374962E+02   0.200000E+02  -0.166513E+00  -0.999900E+04  -0.999900E+04  -0.999900E+04  -0.999900E+04  -0.153644E+01  -0.999900E+04  -0.999900E+04  -0.999900E+04  -0.999900E+04
   0.200000E+01   0.100000E+01   0.432500E+05   0.259200E+06   0.200000E+01   0.100000E+01   0.432500E+05   0.259200E+06   0.189413E+03  -0.999900E+04  -0.999900E+04  -0.999900E+04  -0.999900E+04   0.189413E+03  -0.999900E+04  -0.999900E+04  -0.999900E+04  -0.999900E+04   0.189565E+03   0.588606E+03   0.136899E+01   0.374962E+02   0.200000E+02  -0.152065E+00  -0.999900E+04  -0.999900E+04  -0.999900E+04  -0.999900E+04  -0.140313E+01  -0.999900E+04  -0.999900E+04  -0.999900E+04  -0.999900E+04
   0.200000E+01   0.100000E+01   0.433500E+05   0.259200E+06   0.200000E+01   0.100000E+01   0.433500E+05   0.259200E+06   0.189436E+03  -0.999900E+04  -0.999900E+04  -0.999900E+04  -0.999900E+04   0.189436E+03  -0.999900E+04  -0.999900E+04  -0.999900E+04  -0.999900E+04   0.189589E+03   0.589021E+03   0.138993E+01   0.374962E+02   0.200000E+02  -0.153327E+00  -0.999900E+04  -0.999900E+04  -0.999900E+04  -0.999900E+04  -0.141477E+01  -0.999900E+04  -0.999900E+04  -0.999900E+04  -0.999900E+04
   0.200000E+01   0.100000E+01   0.436000E+05   0.259200E+06   0.200000E+01   0.100000E+01   0.436000E+05   0.259200E+06   0.189477E+03  -0.999900E+04  -0.999900E+04  -0.999900E+04  -0.999900E+04   0.189477E+03  -0.999900E+04  -0.999900E+04  -0.999900E+04  -0.999900E+04   0.189670E+03   0.590107E+03   0.126874E+01   0.374962E+02   0.200000E+02  -0.192920E+00  -0.999900E+04  -0.999900E+04  -0.999900E+04  -0.999900E+04  -0.178010E+01  -0.999900E+04  -0.999900E+04  -0.999900E+04  -0.999900E+04
   0.200000E+01   0.100000E+01   0.436500E+05   0.259200E+06   0.200000E+01   0.100000E+01   0.436500E+05   0.259200E+06   0.189514E+03  -0.999900E+04  -0.999900E+04  -0.999900E+04  -0.999900E+04   0.189514E+03  -0.999900E+04  -0.999900E+04  -0.999900E+04  -0.999900E+04   0.189688E+03   0.590326E+03   0.123834E+01   0.374962E+02   0.200000E+02  -0.174185E+00  -0.999900E+04  -0.999900E+04  -0.999900E+04  -0.999900E+04  -0.160723E+01  -0.999900E+04  -0.999900E+04  -0.999900E+04  -0.999900E+04
   0.200000E+01   0.100000E+01   0.437000E+05   0.259200E+06   0.200000E+01   0.100000E+01   0.437000E+05   0.259200E+06   0.189532E+03  -0.999900E+04  -0.999900E+04  -0.999900E+04  -0.999900E+04   0.189532E+03  -0.999900E+04  -0.999900E+04  -0.999900E+04  -0.999900E+04   0.189705E+03   0.590548E+03   0.120680E+01   0.374962E+02   0.200000E+02  -0.173234E+00  -0.999900E+04  -0.999900E+04  -0.999900E+04  -0.999900E+04  -0.159845E+01  -0.999900E+04  -0.999900E+04  -0.999900E+04  -0.999900E+04
   0.200000E+01   0.100000E+01   0.437500E+05   0.259200E+06   0.200000E+01   0.100000E+01   0.437500E+05   0.259200E+06   0.189545E+03  -0.999900E+04  -0.999900E+04  -0.999900E+04  -0.999900E+04   0.189545E+03  -0.999900E+04  -0.999900E+04  -0.999900E+04  -0.999900E+04   0.189719E+03   0.590771E+03   0.117776E+01   0.374962E+02   0.200000E+02  -0.173831E+00  -0.999900E+04  -0.999900E+04  -0.999900E+04  -0.999900E+04  -0.160397E+01  -0.999900E+04  -0.999900E+04  -0.999900E+04  -0.999900E+04
   0.200000E+01   0.100000E+01   0.438500E+05   0.259200E+06   0.200000E+01   0.100000E+01   0.438500E+05   0.259200E+06   0.189573E+03  -0.999900E+04  -0.999900E+04  -0.999900E+04  -0.999900E+04   0.189573E+03  -0.999900E+04  -0.999900E+04  -0.999900E+04  -0.999900E+04   0.189742E+03   0.591225E+03   0.113392E+01   0.374962E+02   0.200000E+02  -0.169418E+00  -0.999900E+04  -0.999900E+04  -0.999900E+04  -0.999900E+04  -0.156324E+01  -0.999900E+04  -0.999900E+04  -0.999900E+04  -0.999900E+04
   0.200000E+01   0.100000E+01   0.440000E+05   0.259200E+06   0.200000E+01   0.100000E+01   0.440000E+05   0.259200E+06   0.189618E+03  -0.999900E+04  -0.999900E+04  -0.999900E+04  -0.999900E+04   0.189618E+03  -0.999900E+04  -0.999900E+04  -0.999900E+04  -0.999900E+04   0.189769E+03   0.591923E+03   0.110394E+01   0.374962E+02   0.200000E+02  -0.151096E+00  -0.999900E+04  -0.999900E+04  -0.999900E+04  -0.999900E+04  -0.139418E+01  -0.999900E+04  -0.999900E+04  -0.999900E+04  -0.999900E+04
   0.200000E+01   0.100000E+01   0.443200E+05   0.259200E+06   0.200000E+01   0.100000E+01   0.443200E+05   0.259200E+06   0.189748E+03  -0.999900E+04  -0.999900E+04  -0.999900E+04  -0.999900E+04   0.189748E+03  -0.999900E+04  -0.999900E+04  -0.999900E+04  -0.999900E+04   0.189792E+03   0.593408E+03   0.157071E+01   0.374962E+02   0.200000E+02  -0.434854E-01  -0.999900E+04  -0.999900E+04  -0.999900E+04  -0.999900E+04  -0.401246E+00  -0.999900E+04  -0.999900E+04  -0.999900E+04  -0.999900E+04
   0.200000E+01   0.100000E+01   0.444800E+05   0.259200E+06   0.200000E+01   0.100000E+01   0.444800E+05   0.259200E+06   0.189766E+03  -0.999900E+04  -0.999900E+04  -0.999900E+04  -0.999900E+04   0.189766E+03  -0.999900E+04  -0.999900E+04  -0.999900E+04  -0.999900E+04   0.189853E+03   0.594127E+03   0.174491E+01   0.374962E+02   0.200000E+02  -0.870238E-01  -0.999900E+04  -0.999900E+04  -0.999900E+04  -0.999900E+04  -0.802981E+00  -0.999900E+04  -0.999900E+04  -0.999900E+04  -0.999900E+04
   0.200000E+01   0.100000E+01   0.451200E+05   0.259200E+06   0.200000E+01   0.100000E+01   0.451200E+05   0.259200E+06   0.189936E+03  -0.999900E+04  -0.999900E+04  -0.999900E+04  -0.999900E+04   0.189936E+03  -0.999900E+04  -0.999900E+04  -0.999900E+04  -0.999900E+04   0.190149E+03   0.596893E+03   0.116642E+01   0.374962E+02   0.200000E+02  -0.213661E+00  -0.999900E+04  -0.999900E+04  -0.999900E+04  -0.999900E+04  -0.197149E+01  -0.999900E+04  -0.999900E+04  -0.999900E+04  -0.999900E+04
   0.200000E+01   0.100000E+01   0.452150E+05   0.259200E+06   0.200000E+01   0.100000E+01   0.452150E+05   0.259200E+06   0.189952E+03  -0.999900E+04  -0.999900E+04  -0.999900E+04  -0.999900E+04   0.189952E+03  -0.999900E+04  -0.999900E+04  -0.999900E+04  -0.999900E+04   0.190168E+03   0.597316E+03   0.124426E+01   0.374962E+02   0.200000E+02  -0.216228E+00  -0.999900E+04  -0.999900E+04  -0.999900E+04  -0.999900E+04  -0.199517E+01  -0.999900E+04  -0.999900E+04  -0.999900E+04  -0.999900E+04
   0.200000E+01   0.100000E+01   0.453100E+05   0.259200E+06   0.200000E+01   0.100000E+01   0.453100E+05   0.259200E+06   0.190009E+03  -0.999900E+04  -0.999900E+04  -0.999900E+04  -0.999900E+04   0.190009E+03  -0.999900E+04  -0.999900E+04  -0.999900E+04  -0.999900E+04   0.190183E+03   0.597726E+03   0.126457E+01   0.374962E+02   0.200000E+02  -0.174595E+00  -0.999900E+04  -0.999900E+04  -0.999900E+04  -0.999900E+04  -0.161102E+01  -0.999900E+04  -0.999900E+04  -0.999900E+04  -0.999900E+04
   0.200000E+01   0.100000E+01   0.454050E+05   0.259200E+06   0.200000E+01   0.100000E+01   0.454050E+05   0.259200E+06   0.190048E+03  -0.999900E+04  -0.999900E+04  -0.999900E+04  -0.999900E+04   0.190048E+03  -0.999900E+04  -0.999900E+04  -0.999900E+04  -0.999900E+04   0.190197E+03   0.598119E+03   0.129963E+01   0.374962E+02   0.200000E+02  -0.149483E+00  -0.999900E+04  -0.999900E+04  -0.999900E+04  -0.999900E+04  -0.137930E+01  -0.999900E+04  -0.999900E+04  -0.999900E+04  -0.999900E+04
   0.200000E+01   0.100000E+01   0.455000E+05   0.259200E+06   0.200000E+01   0.100000E+01   0.455000E+05   0.259200E+06   0.190076E+03  -0.999900E+04  -0.999900E+04  -0.999900E+04  -0.999900E+04   0.190076E+03  -0.999900E+04  -0.999900E+04  -0.999900E+04  -0.999900E+04   0.190214E+03   0.598497E+03   0.131703E+01   0.374962E+02   0.200000E+02  -0.138160E+00  -0.999900E+04  -0.999900E+04  -0.999900E+04  -0.999900E+04  -0.127483E+01  -0.999900E+04  -0.999900E+04  -0.999900E+04  -0.999900E+04
   0.200000E+01   0.100000E+01   0.460000E+05   0.259200E+06   0.200000E+01   0.100000E+01   0.460000E+05   0.259200E+06   0.190163E+03  -0.999900E+04  -0.999900E+04  -0.999900E+04  -0.999900E+04   0.190163E+03  -0.999900E+04  -0.999900E+04  -0.999900E+04  -0.999900E+04   0.190343E+03   0.600703E+03   0.143840E+01   0.374962E+02   0.200000E+02  -0.180455E+00  -0.999900E+04  -0.999900E+04  -0.999900E+04  -0.999900E+04  -0.166508E+01  -0.999900E+04  -0.999900E+04  -0.999900E+04  -0.999900E+04
   0.200000E+01   0.100000E+01   0.460500E+05   0.259200E+06   0.200000E+01   0.100000E+01   0.460500E+05   0.259200E+06   0.190167E+03  -0.999900E+04  -0.999900E+04  -0.999900E+04  -0.999900E+04   0.190167E+03  -0.999900E+04  -0.999900E+04  -0.999900E+04  -0.999900E+04   0.190363E+03   0.600946E+03   0.142669E+01   0.374962E+02   0.200000E+02  -0.195958E+00  -0.999900E+04  -0.999900E+04  -0.999900E+04  -0.999900E+04  -0.180813E+01  -0.999900E+04  -0.999900E+04  -0.999900E+04  -0.999900E+04
   0.200000E+01   0.100000E+01   0.461000E+05   0.259200E+06   0.200000E+01   0.100000E+01   0.461000E+05   0.259200E+06   0.190174E+03  -0.999900E+04  -0.999900E+04  -0.999900E+04  -0.999900E+04   0.190174E+03  -0.999900E+04  -0.999900E+04  -0.999900E+04  -0.999900E+04   0.190383E+03   0.601187E+03   0.141146E+01   0.374962E+02   0.200000E+02  -0.208824E+00  -0.999900E+04  -0.999900E+04  -0.999900E+04  -0.999900E+04  -0.192685E+01  -0.999900E+04  -0.999900E+04  -0.999900E+04  -0.999900E+04
   0.200000E+01   0.100000E+01   0.461500E+05   0.259200E+06   0.200000E+01   0.100000E+01   0.461500E+05   0.259200E+06   0.190167E+03  -0.999900E+04  -0.999900E+04  -0.999900E+04  -0.999900E+04   0.190167E+03  -0.999900E+04  -0.999900E+04  -0.999900E+04  -0.999900E+04   0.190402E+03   0.601424E+03   0.139396E+01   0.374962E+02   0.200000E+02  -0.235537E+00  -0.999900E+04  -0.999900E+04  -0.999900E+04  -0.999900E+04  -0.217333E+01  -0.999900E+04  -0.999900E+04  -0.999900E+04  -0.999900E+04
   0.200000E+01   0.100000E+01   0.462000E+05   0.259200E+06   0.200000E+01   0.100000E+01   0.462000E+05   0.259200E+06   0.190189E+03  -0.999900E+04  -0.999900E+04  -0.999900E+04  -0.999900E+04   0.190189E+03  -0.999900E+04  -0.999900E+04  -0.999900E+04  -0.999900E+04   0.190420E+03   0.601658E+03   0.137515E+01   0.374962E+02   0.200000E+02  -0.231251E+00  -0.999900E+04  -0.999900E+04  -0.999900E+04  -0.999900E+04  -0.213378E+01  -0.999900E+04  -0.999900E+04  -0.999900E+04  -0.999900E+04
   0.200000E+01   0.100000E+01   0.462500E+05   0.259200E+06   0.200000E+01   0.100000E+01   0.462500E+05   0.259200E+06   0.190186E+03  -0.999900E+04  -0.999900E+04  -0.999900E+04  -0.999900E+04   0.190186E+03  -0.999900E+04  -0.999900E+04  -0.999900E+04  -0.999900E+04   0.190437E+03   0.601887E+03   0.135563E+01   0.374962E+02   0.200000E+02  -0.251396E+00  -0.999900E+04  -0.999900E+04  -0.999900E+04  -0.999900E+04  -0.231967E+01  -0.999900E+04  -0.999900E+04  -0.999900E+04  -0.999900E+04
   0.200000E+01   0.100000E+01   0.463000E+05   0.259200E+06   0.200000E+01   0.100000E+01   0.463000E+05   0.259200E+06   0.190186E+03  -0.999900E+04  -0.999900E+04  -0.999900E+04  -0.999900E+04   0.190186E+03  -0.999900E+04  -0.999900E+04  -0.999900E+04  -0.999900E+04   0.190453E+03   0.602112E+03   0.133605E+01   0.374962E+02   0.200000E+02  -0.266696E+00  -0.999900E+04  -0.999900E+04  -0.999900E+04  -0.999900E+04  -0.246084E+01  -0.999900E+04  -0.999900E+04  -0.999900E+04  -0.999900E+04
   0.200000E+01   0.100000E+01   0.463500E+05   0.259200E+06   0.200000E+01   0.100000E+01   0.463500E+05   0.259200E+06   0.190236E+03  -0.999900E+04  -0.999900E+04  -0.999900E+04  -0.999900E+04   0.190236E+03  -0.999900E+04  -0.999900E+04  -0.999900E+04  -0.999900E+04   0.190468E+03   0.602334E+03   0.131737E+01   0.374962E+02   0.200000E+02  -0.231889E+00  -0.999900E+04  -0.999900E+04  -0.999900E+04  -0.999900E+04  -0.213967E+01  -0.999900E+04  -0.999900E+04  -0.999900E+04  -0.999900E+04
   0.200000E+01   0.100000E+01   0.464500E+05   0.259200E+06   0.200000E+01   0.100000E+01   0.464500E+05   0.259200E+06   0.190254E+03  -0.999900E+04  -0.999900E+04  -0.999900E+04  -0.999900E+04   0.190254E+03  -0.999900E+04  -0.999900E+04  -0.999900E+04  -0.999900E+04   0.190494E+03   0.602772E+03   0.128841E+01   0.374962E+02   0.200000E+02  -0.240592E+00  -0.999900E+04  -0.999900E+04  -0.999900E+04  -0.999900E+04  -0.221997E+01  -0.999900E+04  -0.999900E+04  -0.999900E+04  -0.999900E+04
   0.200000E+01   0.100000E+01   0.465000E+05   0.259200E+06   0.200000E+01   0.100000E+01   0.465000E+05   0.259200E+06   0.190272E+03  -0.999900E+04  -0.999900E+04  -0.999900E+04  -0.999900E+04   0.190272E+03  -0.999900E+04  -0.999900E+04  -0.999900E+04  -0.999900E+04   0.190506E+03   0.602989E+03   0.128154E+01   0.374962E+02   0.200000E+02  -0.234626E+00  -0.999900E+04  -0.999900E+04  -0.999900E+04  -0.999900E+04  -0.216492E+01  -0.999900E+04  -0.999900E+04  -0.999900E+04  -0.999900E+04
   0.200000E+01   0.100000E+01   0.470000E+05   0.259200E+06   0.200000E+01   0.100000E+01   0.470000E+05   0.259200E+06   0.190443E+03  -0.999900E+04  -0.999900E+04  -0.999900E+04  -0.999900E+04   0.190443E+03  -0.999900E+04  -0.999900E+04  -0.999900E+04  -0.999900E+04   0.190614E+03   0.605143E+03   0.117261E+01   0.374962E+02   0.200000E+02  -0.171520E+00  -0.999900E+04  -0.999900E+04  -0.999900E+04  -0.999900E+04  -0.158264E+01  -0.999900E+04  -0.999900E+04  -0.999900E+04  -0.999900E+04
   0.200000E+01   0.100000E+01   0.470500E+05   0.259200E+06   0.200000E+01   0.100000E+01   0.470500E+05   0.259200E+06   0.190442E+03  -0.999900E+04  -0.999900E+04  -0.999900E+04  -0.999900E+04   0.190442E+03  -0.999900E+04  -0.999900E+04  -0.999900E+04  -0.999900E+04   0.190621E+03   0.605358E+03   0.117717E+01   0.374962E+02   0.200000E+02  -0.179268E+00  -0.999900E+04  -0.999900E+04  -0.999900E+04  -0.999900E+04  -0.165414E+01  -0.999900E+04  -0.999900E+04  -0.999900E+04  -0.999900E+04
   0.200000E+01   0.100000E+01   0.471000E+05   0.259200E+06   0.200000E+01   0.100000E+01   0.471000E+05   0.259200E+06   0.190456E+03  -0.999900E+04  -0.999900E+04  -0.999900E+04  -0.999900E+04   0.190456E+03  -0.999900E+04  -0.999900E+04  -0.999900E+04  -0.999900E+04   0.190627E+03   0.605570E+03   0.119264E+01   0.374962E+02   0.200000E+02  -0.170980E+00  -0.999900E+04  -0.999900E+04  -0.999900E+04  -0.999900E+04  -0.157766E+01  -0.999900E+04  -0.999900E+04  -0.999900E+04  -0.999900E+04
   0.200000E+01   0.100000E+01   0.471500E+05   0.259200E+06   0.200000E+01   0.100000E+01   0.471500E+05   0.259200E+06   0.190468E+03  -0.999900E+04  -0.999900E+04  -0.999900E+04  -0.999900E+04   0.190468E+03  -0.999900E+04  -0.999900E+04  -0.999900E+04  -0.999900E+04   0.190633E+03   0.605777E+03   0.121585E+01   0.374962E+02   0.200000E+02  -0.164184E+00  -0.999900E+04  -0.999900E+04  -0.999900E+04  -0.999900E+04  -0.151495E+01  -0.999900E+04  -0.999900E+04  -0.999900E+04  -0.999900E+04
   0.200000E+01   0.100000E+01   0.472500E+05   0.259200E+06   0.200000E+01   0.100000E+01   0.472500E+05   0.259200E+06   0.190528E+03  -0.999900E+04  -0.999900E+04  -0.999900E+04  -0.999900E+04   0.190528E+03  -0.999900E+04  -0.999900E+04  -0.999900E+04  -0.999900E+04   0.190642E+03   0.606172E+03   0.127236E+01   0.374962E+02   0.200000E+02  -0.114142E+00  -0.999900E+04  -0.999900E+04  -0.999900E+04  -0.999900E+04  -0.105321E+01  -0.999900E+04  -0.999900E+04  -0.999900E+04  -0.999900E+04
   0.200000E+01   0.100000E+01   0.473000E+05   0.259200E+06   0.200000E+01   0.100000E+01   0.473000E+05   0.259200E+06   0.190534E+03  -0.999900E+04  -0.999900E+04  -0.999900E+04  -0.999900E+04   0.190534E+03  -0.999900E+04  -0.999900E+04  -0.999900E+04  -0.999900E+04   0.190647E+03   0.606358E+03   0.129937E+01   0.374962E+02   0.200000E+02  -0.113915E+00  -0.999900E+04  -0.999900E+04  -0.999900E+04  -0.999900E+04  -0.105111E+01  -0.999900E+04  -0.999900E+04  -0.999900E+04  -0.999900E+04
   0.200000E+01   0.100000E+01   0.473500E+05   0.259200E+06   0.200000E+01   0.100000E+01   0.473500E+05   0.259200E+06   0.190560E+03  -0.999900E+04  -0.999900E+04  -0.999900E+04  -0.999900E+04   0.190560E+03  -0.999900E+04  -0.999900E+04  -0.999900E+04  -0.999900E+04   0.190653E+03   0.606537E+03   0.132211E+01   0.374962E+02   0.200000E+02  -0.937288E-01  -0.999900E+04  -0.999900E+04  -0.999900E+04  -0.999900E+04  -0.864849E+00  -0.999900E+04  -0.999900E+04  -0.999900E+04  -0.999900E+04
   0.200000E+01   0.100000E+01   0.474000E+05   0.259200E+06   0.200000E+01   0.100000E+01   0.474000E+05   0.259200E+06   0.190548E+03  -0.999900E+04  -0.999900E+04  -0.999900E+04  -0.999900E+04   0.190548E+03  -0.999900E+04  -0.999900E+04  -0.999900E+04  -0.999900E+04   0.190660E+03   0.606710E+03   0.133887E+01   0.374962E+02   0.200000E+02  -0.111736E+00  -0.999900E+04  -0.999900E+04  -0.999900E+04  -0.999900E+04  -0.103100E+01  -0.999900E+04  -0.999900E+04  -0.999900E+04  -0.999900E+04
   0.200000E+01   0.100000E+01   0.475000E+05   0.259200E+06   0.200000E+01   0.100000E+01   0.475000E+05   0.259200E+06   0.190569E+03  -0.999900E+04  -0.999900E+04  -0.999900E+04  -0.999900E+04   0.190569E+03  -0.999900E+04  -0.999900E+04  -0.999900E+04  -0.999900E+04   0.190676E+03   0.607044E+03   0.135055E+01   0.374962E+02   0.200000E+02  -0.107349E+00  -0.999900E+04  -0.999900E+04  -0.999900E+04  -0.999900E+04  -0.990526E+00  -0.999900E+04  -0.999900E+04  -0.999900E+04  -0.999900E+04
   0.200000E+01   0.100000E+01   0.475500E+05   0.259200E+06   0.200000E+01   0.100000E+01   0.475500E+05   0.259200E+06   0.190576E+03  -0.999900E+04  -0.999900E+04  -0.999900E+04  -0.999900E+04   0.190576E+03  -0.999900E+04  -0.999900E+04  -0.999900E+04  -0.999900E+04   0.190685E+03   0.607210E+03   0.135098E+01   0.374962E+02   0.200000E+02  -0.108953E+00  -0.999900E+04  -0.999900E+04  -0.999900E+04  -0.999900E+04  -0.100533E+01  -0.999900E+04  -0.999900E+04  -0.999900E+04  -0.999900E+04
   0.200000E+01   0.100000E+01   0.477000E+05   0.259200E+06   0.200000E+01   0.100000E+01   0.477000E+05   0.259200E+06   0.190633E+03  -0.999900E+04  -0.999900E+04  -0.999900E+04  -0.999900E+04   0.190633E+03  -0.999900E+04  -0.999900E+04  -0.999900E+04  -0.999900E+04   0.190709E+03   0.607729E+03   0.137839E+01   0.374962E+02   0.200000E+02  -0.763421E-01  -0.999900E+04  -0.999900E+04  -0.999900E+04  -0.999900E+04  -0.704420E+00  -0.999900E+04  -0.999900E+04  -0.999900E+04  -0.999900E+04
   0.200000E+01   0.100000E+01   0.477500E+05   0.259200E+06   0.200000E+01   0.100000E+01   0.477500E+05   0.259200E+06   0.190634E+03  -0.999900E+04  -0.999900E+04  -0.999900E+04  -0.999900E+04   0.190634E+03  -0.999900E+04  -0.999900E+04  -0.999900E+04  -0.999900E+04   0.190718E+03   0.607910E+03   0.139424E+01   0.374962E+02   0.200000E+02  -0.836345E-01  -0.999900E+04  -0.999900E+04  -0.999900E+04  -0.999900E+04  -0.771707E+00  -0.999900E+04  -0.999900E+04  -0.999900E+04  -0.999900E+04
   0.200000E+01   0.100000E+01   0.478000E+05   0.259200E+06   0.200000E+01   0.100000E+01   0.478000E+05   0.259200E+06   0.190624E+03  -0.999900E+04  -0.999900E+04  -0.999900E+04  -0.999900E+04   0.190624E+03  -0.999900E+04  -0.999900E+04  -0.999900E+04  -0.999900E+04   0.190727E+03   0.608095E+03   0.141179E+01   0.374962E+02   0.200000E+02  -0.102800E+00  -0.999900E+04  -0.999900E+04  -0.999900E+04  -0.999900E+04  -0.948549E+00  -0.999900E+04  -0.999900E+04  -0.999900E+04  -0.999900E+04
   0.200000E+01   0.100000E+01   0.478500E+05   0.259200E+06   0.200000E+01   0.100000E+01   0.478500E+05   0.259200E+06   0.190632E+03  -0.999900E+04  -0.999900E+04  -0.999900E+04  -0.999900E+04   0.190632E+03  -0.999900E+04  -0.999900E+04  -0.999900E+04  -0.999900E+04   0.190736E+03   0.608285E+03   0.142913E+01   0.374962E+02   0.200000E+02  -0.104589E+00  -0.999900E+04  -0.999900E+04  -0.999900E+04  -0.999900E+04  -0.965059E+00  -0.999900E+04  -0.999900E+04  -0.999900E+04  -0.999900E+04
   0.200000E+01   0.100000E+01   0.479500E+05   0.259200E+06   0.200000E+01   0.100000E+01   0.479500E+05   0.259200E+06   0.190661E+03  -0.999900E+04  -0.999900E+04  -0.999900E+04  -0.999900E+04   0.190661E+03  -0.999900E+04  -0.999900E+04  -0.999900E+04  -0.999900E+04   0.190760E+03   0.608674E+03   0.145238E+01   0.374962E+02   0.200000E+02  -0.984215E-01  -0.999900E+04  -0.999900E+04  -0.999900E+04  -0.999900E+04  -0.908149E+00  -0.999900E+04  -0.999900E+04  -0.999900E+04  -0.999900E+04
   0.200000E+01   0.100000E+01   0.480000E+05   0.259200E+06   0.200000E+01   0.100000E+01   0.480000E+05   0.259200E+06   0.190640E+03  -0.999900E+04  -0.999900E+04  -0.999900E+04  -0.999900E+04   0.190640E+03  -0.999900E+04  -0.999900E+04  -0.999900E+04  -0.999900E+04   0.190773E+03   0.608871E+03   0.145221E+01   0.374962E+02   0.200000E+02  -0.133153E+00  -0.999900E+04  -0.999900E+04  -0.999900E+04  -0.999900E+04  -0.122862E+01  -0.999900E+04  -0.999900E+04  -0.999900E+04  -0.999900E+04
   0.200000E+01   0.100000E+01   0.481000E+05   0.259200E+06   0.200000E+01   0.100000E+01   0.481000E+05   0.259200E+06   0.190644E+03  -0.999900E+04  -0.999900E+04  -0.999900E+04  -0.999900E+04   0.190644E+03  -0.999900E+04  -0.999900E+04  -0.999900E+04  -0.999900E+04   0.190797E+03   0.609267E+03   0.148300E+01   0.374962E+02   0.200000E+02  -0.152955E+00  -0.999900E+04  -0.999900E+04  -0.999900E+04  -0.999900E+04  -0.141134E+01  -0.999900E+04  -0.999900E+04  -0.999900E+04  -0.999900E+04
   0.200000E+01   0.100000E+01   0.481500E+05   0.259200E+06   0.200000E+01   0.100000E+01   0.481500E+05   0.259200E+06   0.190709E+03  -0.999900E+04  -0.999900E+04  -0.999900E+04  -0.999900E+04   0.190709E+03  -0.999900E+04  -0.999900E+04  -0.999900E+04  -0.999900E+04   0.190807E+03   0.609466E+03   0.151974E+01   0.374962E+02   0.200000E+02  -0.981188E-01  -0.999900E+04  -0.999900E+04  -0.999900E+04  -0.999900E+04  -0.905356E+00  -0.999900E+04  -0.999900E+04  -0.999900E+04  -0.999900E+04
   0.200000E+01   0.100000E+01   0.482000E+05   0.259200E+06   0.200000E+01   0.100000E+01   0.482000E+05   0.259200E+06   0.190732E+03  -0.999900E+04  -0.999900E+04  -0.999900E+04  -0.999900E+04   0.190732E+03  -0.999900E+04  -0.999900E+04  -0.999900E+04  -0.999900E+04   0.190818E+03   0.609665E+03   0.156139E+01   0.374962E+02   0.200000E+02  -0.855864E-01  -0.999900E+04  -0.999900E+04  -0.999900E+04  -0.999900E+04  -0.789718E+00  -0.999900E+04  -0.999900E+04  -0.999900E+04  -0.999900E+04
   0.200000E+01   0.100000E+01   0.483000E+05   0.259200E+06   0.200000E+01   0.100000E+01   0.483000E+05   0.259200E+06   0.190753E+03  -0.999900E+04  -0.999900E+04  -0.999900E+04  -0.999900E+04   0.190753E+03  -0.999900E+04  -0.999900E+04  -0.999900E+04  -0.999900E+04   0.190845E+03   0.610067E+03   0.163281E+01   0.374962E+02   0.200000E+02  -0.919064E-01  -0.999900E+04  -0.999900E+04  -0.999900E+04  -0.999900E+04  -0.848034E+00  -0.999900E+04  -0.999900E+04  -0.999900E+04  -0.999900E+04
   0.200000E+01   0.100000E+01   0.483500E+05   0.259200E+06   0.200000E+01   0.100000E+01   0.483500E+05   0.259200E+06   0.190767E+03  -0.999900E+04  -0.999900E+04  -0.999900E+04  -0.999900E+04   0.190767E+03  -0.999900E+04  -0.999900E+04  -0.999900E+04  -0.999900E+04   0.190864E+03   0.610271E+03   0.165326E+01   0.374962E+02   0.200000E+02  -0.963848E-01  -0.999900E+04  -0.999900E+04  -0.999900E+04  -0.999900E+04  -0.889356E+00  -0.999900E+04  -0.999900E+04  -0.999900E+04  -0.999900E+04
   0.200000E+01   0.100000E+01   0.484000E+05   0.259200E+06   0.200000E+01   0.100000E+01   0.484000E+05   0.259200E+06   0.190777E+03  -0.999900E+04  -0.999900E+04  -0.999900E+04  -0.999900E+04   0.190777E+03  -0.999900E+04  -0.999900E+04  -0.999900E+04  -0.999900E+04   0.190885E+03   0.610478E+03   0.166167E+01   0.374962E+02   0.200000E+02  -0.108606E+00  -0.999900E+04  -0.999900E+04  -0.999900E+04  -0.999900E+04  -0.100213E+01  -0.999900E+04  -0.999900E+04  -0.999900E+04  -0.999900E+04
   0.200000E+01   0.100000E+01   0.484500E+05   0.259200E+06   0.200000E+01   0.100000E+01   0.484500E+05   0.259200E+06   0.190787E+03  -0.999900E+04  -0.999900E+04  -0.999900E+04  -0.999900E+04   0.190787E+03  -0.999900E+04  -0.999900E+04  -0.999900E+04  -0.999900E+04   0.190909E+03   0.610686E+03   0.165962E+01   0.374962E+02   0.200000E+02  -0.122763E+00  -0.999900E+04  -0.999900E+04  -0.999900E+04  -0.999900E+04  -0.113275E+01  -0.999900E+04  -0.999900E+04  -0.999900E+04  -0.999900E+04
   0.200000E+01   0.100000E+01   0.485000E+05   0.259200E+06   0.200000E+01   0.100000E+01   0.485000E+05   0.259200E+06   0.190792E+03  -0.999900E+04  -0.999900E+04  -0.999900E+04  -0.999900E+04   0.190792E+03  -0.999900E+04  -0.999900E+04  -0.999900E+04  -0.999900E+04   0.190935E+03   0.610895E+03   0.164932E+01   0.374962E+02   0.200000E+02  -0.142677E+00  -0.999900E+04  -0.999900E+04  -0.999900E+04  -0.999900E+04  -0.131650E+01  -0.999900E+04  -0.999900E+04  -0.999900E+04  -0.999900E+04
   0.200000E+01   0.100000E+01   0.485500E+05   0.259200E+06   0.200000E+01   0.100000E+01   0.485500E+05   0.259200E+06   0.190792E+03  -0.999900E+04  -0.999900E+04  -0.999900E+04  -0.999900E+04   0.190792E+03  -0.999900E+04  -0.999900E+04  -0.999900E+04  -0.999900E+04   0.190960E+03   0.611101E+03   0.163205E+01   0.374962E+02   0.200000E+02  -0.168395E+00  -0.999900E+04  -0.999900E+04  -0.999900E+04  -0.999900E+04  -0.155380E+01  -0.999900E+04  -0.999900E+04  -0.999900E+04  -0.999900E+04
   0.200000E+01   0.100000E+01   0.486000E+05   0.259200E+06   0.200000E+01   0.100000E+01   0.486000E+05   0.259200E+06   0.190835E+03  -0.999900E+04  -0.999900E+04  -0.999900E+04  -0.999900E+04   0.190835E+03  -0.999900E+04  -0.999900E+04  -0.999900E+04  -0.999900E+04   0.190986E+03   0.611304E+03   0.161060E+01   0.374962E+02   0.200000E+02  -0.150548E+00  -0.999900E+04  -0.999900E+04  -0.999900E+04  -0.999900E+04  -0.138913E+01  -0.999900E+04  -0.999900E+04  -0.999900E+04  -0.999900E+04
   0.200000E+01   0.100000E+01   0.486500E+05   0.259200E+06   0.200000E+01   0.100000E+01   0.486500E+05   0.259200E+06   0.190858E+03  -0.999900E+04  -0.999900E+04  -0.999900E+04  -0.999900E+04   0.190858E+03  -0.999900E+04  -0.999900E+04  -0.999900E+04  -0.999900E+04   0.191010E+03   0.611501E+03   0.158874E+01   0.374962E+02   0.200000E+02  -0.151006E+00  -0.999900E+04  -0.999900E+04  -0.999900E+04  -0.999900E+04  -0.139336E+01  -0.999900E+04  -0.999900E+04  -0.999900E+04  -0.999900E+04
   0.200000E+01   0.100000E+01   0.487000E+05   0.259200E+06   0.200000E+01   0.100000E+01   0.487000E+05   0.259200E+06   0.190864E+03  -0.999900E+04  -0.999900E+04  -0.999900E+04  -0.999900E+04   0.190864E+03  -0.999900E+04  -0.999900E+04  -0.999900E+04  -0.999900E+04   0.191031E+03   0.611691E+03   0.156939E+01   0.374962E+02   0.200000E+02  -0.166965E+00  -0.999900E+04  -0.999900E+04  -0.999900E+04  -0.999900E+04  -0.154061E+01  -0.999900E+04  -0.999900E+04  -0.999900E+04  -0.999900E+04
   0.200000E+01   0.100000E+01   0.487500E+05   0.259200E+06   0.200000E+01   0.100000E+01   0.487500E+05   0.259200E+06   0.190882E+03  -0.999900E+04  -0.999900E+04  -0.999900E+04  -0.999900E+04   0.190882E+03  -0.999900E+04  -0.999900E+04  -0.999900E+04  -0.999900E+04   0.191051E+03   0.611873E+03   0.155435E+01   0.374962E+02   0.200000E+02  -0.168773E+00  -0.999900E+04  -0.999900E+04  -0.999900E+04  -0.999900E+04  -0.155729E+01  -0.999900E+04  -0.999900E+04  -0.999900E+04  -0.999900E+04
   0.200000E+01   0.100000E+01   0.488000E+05   0.259200E+06   0.200000E+01   0.100000E+01   0.488000E+05   0.259200E+06   0.190886E+03  -0.999900E+04  -0.999900E+04  -0.999900E+04  -0.999900E+04   0.190886E+03  -0.999900E+04  -0.999900E+04  -0.999900E+04  -0.999900E+04   0.191068E+03   0.612049E+03   0.154414E+01   0.374962E+02   0.200000E+02  -0.182166E+00  -0.999900E+04  -0.999900E+04  -0.999900E+04  -0.999900E+04  -0.168087E+01  -0.999900E+04  -0.999900E+04  -0.999900E+04  -0.999900E+04
   0.200000E+01   0.100000E+01   0.488500E+05   0.259200E+06   0.200000E+01   0.100000E+01   0.488500E+05   0.259200E+06   0.190951E+03  -0.999900E+04  -0.999900E+04  -0.999900E+04  -0.999900E+04   0.190951E+03  -0.999900E+04  -0.999900E+04  -0.999900E+04  -0.999900E+04   0.191084E+03   0.612217E+03   0.153825E+01   0.374962E+02   0.200000E+02  -0.133181E+00  -0.999900E+04  -0.999900E+04  -0.999900E+04  -0.999900E+04  -0.122888E+01  -0.999900E+04  -0.999900E+04  -0.999900E+04  -0.999900E+04
   0.200000E+01   0.100000E+01   0.489000E+05   0.259200E+06   0.200000E+01   0.100000E+01   0.489000E+05   0.259200E+06   0.190958E+03  -0.999900E+04  -0.999900E+04  -0.999900E+04  -0.999900E+04   0.190958E+03  -0.999900E+04  -0.999900E+04  -0.999900E+04  -0.999900E+04   0.191099E+03   0.612380E+03   0.153520E+01   0.374962E+02   0.200000E+02  -0.140721E+00  -0.999900E+04  -0.999900E+04  -0.999900E+04  -0.999900E+04  -0.129845E+01  -0.999900E+04  -0.999900E+04  -0.999900E+04  -0.999900E+04
   0.200000E+01   0.100000E+01   0.489500E+05   0.259200E+06   0.200000E+01   0.100000E+01   0.489500E+05   0.259200E+06   0.190991E+03  -0.999900E+04  -0.999900E+04  -0.999900E+04  -0.999900E+04   0.190991E+03  -0.999900E+04  -0.999900E+04  -0.999900E+04  -0.999900E+04   0.191114E+03   0.612538E+03   0.141355E+01   0.374962E+02   0.200000E+02  -0.122897E+00  -0.999900E+04  -0.999900E+04  -0.999900E+04  -0.999900E+04  -0.113399E+01  -0.999900E+04  -0.999900E+04  -0.999900E+04  -0.999900E+04
   0.200000E+01   0.100000E+01   0.490500E+05   0.259200E+06   0.200000E+01   0.100000E+01   0.490500E+05   0.259200E+06   0.191022E+03  -0.999900E+04  -0.999900E+04  -0.999900E+04  -0.999900E+04   0.191022E+03  -0.999900E+04  -0.999900E+04  -0.999900E+04  -0.999900E+04   0.191146E+03   0.612847E+03   0.140457E+01   0.374962E+02   0.200000E+02  -0.123705E+00  -0.999900E+04  -0.999900E+04  -0.999900E+04  -0.999900E+04  -0.114144E+01  -0.999900E+04  -0.999900E+04  -0.999900E+04  -0.999900E+04
   0.200000E+01   0.100000E+01   0.491000E+05   0.259200E+06   0.200000E+01   0.100000E+01   0.491000E+05   0.259200E+06   0.191013E+03  -0.999900E+04  -0.999900E+04  -0.999900E+04  -0.999900E+04   0.191013E+03  -0.999900E+04  -0.999900E+04  -0.999900E+04  -0.999900E+04   0.191162E+03   0.613003E+03   0.141655E+01   0.374962E+02   0.200000E+02  -0.148697E+00  -0.999900E+04  -0.999900E+04  -0.999900E+04  -0.999900E+04  -0.137205E+01  -0.999900E+04  -0.999900E+04  -0.999900E+04  -0.999900E+04
   0.200000E+01   0.100000E+01   0.491500E+05   0.259200E+06   0.200000E+01   0.100000E+01   0.491500E+05   0.259200E+06   0.191045E+03  -0.999900E+04  -0.999900E+04  -0.999900E+04  -0.999900E+04   0.191045E+03  -0.999900E+04  -0.999900E+04  -0.999900E+04  -0.999900E+04   0.191178E+03   0.613164E+03   0.150113E+01   0.374962E+02   0.200000E+02  -0.132953E+00  -0.999900E+04  -0.999900E+04  -0.999900E+04  -0.999900E+04  -0.122678E+01  -0.999900E+04  -0.999900E+04  -0.999900E+04  -0.999900E+04
   0.200000E+01   0.100000E+01   0.492000E+05   0.259200E+06   0.200000E+01   0.100000E+01   0.492000E+05   0.259200E+06   0.191059E+03  -0.999900E+04  -0.999900E+04  -0.999900E+04  -0.999900E+04   0.191059E+03  -0.999900E+04  -0.999900E+04  -0.999900E+04  -0.999900E+04   0.191196E+03   0.613331E+03   0.146661E+01   0.374962E+02   0.200000E+02  -0.137259E+00  -0.999900E+04  -0.999900E+04  -0.999900E+04  -0.999900E+04  -0.126650E+01  -0.999900E+04  -0.999900E+04  -0.999900E+04  -0.999900E+04
   0.200000E+01   0.100000E+01   0.492500E+05   0.259200E+06   0.200000E+01   0.100000E+01   0.492500E+05   0.259200E+06   0.191072E+03  -0.999900E+04  -0.999900E+04  -0.999900E+04  -0.999900E+04   0.191072E+03  -0.999900E+04  -0.999900E+04  -0.999900E+04  -0.999900E+04   0.191216E+03   0.613507E+03   0.141762E+01   0.374962E+02   0.200000E+02  -0.143598E+00  -0.999900E+04  -0.999900E+04  -0.999900E+04  -0.999900E+04  -0.132500E+01  -0.999900E+04  -0.999900E+04  -0.999900E+04  -0.999900E+04
   0.200000E+01   0.100000E+01   0.493000E+05   0.259200E+06   0.200000E+01   0.100000E+01   0.493000E+05   0.259200E+06   0.191163E+03  -0.999900E+04  -0.999900E+04  -0.999900E+04  -0.999900E+04   0.191163E+03  -0.999900E+04  -0.999900E+04  -0.999900E+04  -0.999900E+04   0.191235E+03   0.613691E+03   0.136285E+01   0.374962E+02   0.200000E+02  -0.723464E-01  -0.999900E+04  -0.999900E+04  -0.999900E+04  -0.999900E+04  -0.667551E+00  -0.999900E+04  -0.999900E+04  -0.999900E+04  -0.999900E+04
   0.200000E+01   0.100000E+01   0.493500E+05   0.259200E+06   0.200000E+01   0.100000E+01   0.493500E+05   0.259200E+06   0.191154E+03  -0.999900E+04  -0.999900E+04  -0.999900E+04  -0.999900E+04   0.191154E+03  -0.999900E+04  -0.999900E+04  -0.999900E+04  -0.999900E+04   0.191253E+03   0.613886E+03   0.131124E+01   0.374962E+02   0.200000E+02  -0.985602E-01  -0.999900E+04  -0.999900E+04  -0.999900E+04  -0.999900E+04  -0.909429E+00  -0.999900E+04  -0.999900E+04  -0.999900E+04  -0.999900E+04
   0.200000E+01   0.100000E+01   0.494000E+05   0.259200E+06   0.200000E+01   0.100000E+01   0.494000E+05   0.259200E+06   0.191172E+03  -0.999900E+04  -0.999900E+04  -0.999900E+04  -0.999900E+04   0.191172E+03  -0.999900E+04  -0.999900E+04  -0.999900E+04  -0.999900E+04   0.191269E+03   0.614090E+03   0.126909E+01   0.374962E+02   0.200000E+02  -0.964531E-01  -0.999900E+04  -0.999900E+04  -0.999900E+04  -0.999900E+04  -0.889986E+00  -0.999900E+04  -0.999900E+04  -0.999900E+04  -0.999900E+04
   0.200000E+01   0.100000E+01   0.495000E+05   0.259200E+06   0.200000E+01   0.100000E+01   0.495000E+05   0.259200E+06   0.191230E+03  -0.999900E+04  -0.999900E+04  -0.999900E+04  -0.999900E+04   0.191230E+03  -0.999900E+04  -0.999900E+04  -0.999900E+04  -0.999900E+04   0.191293E+03   0.614514E+03   0.122819E+01   0.374962E+02   0.200000E+02  -0.635213E-01  -0.999900E+04  -0.999900E+04  -0.999900E+04  -0.999900E+04  -0.586121E+00  -0.999900E+04  -0.999900E+04  -0.999900E+04  -0.999900E+04
   0.200000E+01   0.100000E+01   0.500000E+05   0.259200E+06   0.200000E+01   0.100000E+01   0.500000E+05   0.259200E+06   0.191323E+03  -0.999900E+04  -0.999900E+04  -0.999900E+04  -0.999900E+04   0.191323E+03  -0.999900E+04  -0.999900E+04  -0.999900E+04  -0.999900E+04   0.191394E+03   0.616786E+03   0.131444E+01   0.374962E+02   0.200000E+02  -0.706650E-01  -0.999900E+04  -0.999900E+04  -0.999900E+04  -0.999900E+04  -0.652036E+00  -0.999900E+04  -0.999900E+04  -0.999900E+04  -0.999900E+04
   0.200000E+01   0.100000E+01   0.500800E+05   0.259200E+06   0.200000E+01   0.100000E+01   0.500800E+05   0.259200E+06   0.191363E+03  -0.999900E+04  -0.999900E+04  -0.999900E+04  -0.999900E+04   0.191363E+03  -0.999900E+04  -0.999900E+04  -0.999900E+04  -0.999900E+04   0.191420E+03   0.617164E+03   0.127440E+01   0.374962E+02   0.200000E+02  -0.568050E-01  -0.999900E+04  -0.999900E+04  -0.999900E+04  -0.999900E+04  -0.524148E+00  -0.999900E+04  -0.999900E+04  -0.999900E+04  -0.999900E+04
   0.200000E+01   0.100000E+01   0.501200E+05   0.259200E+06   0.200000E+01   0.100000E+01   0.501200E+05   0.259200E+06   0.191381E+03  -0.999900E+04  -0.999900E+04  -0.999900E+04  -0.999900E+04   0.191381E+03  -0.999900E+04  -0.999900E+04  -0.999900E+04  -0.999900E+04   0.191433E+03   0.617346E+03   0.124379E+01   0.374962E+02   0.200000E+02  -0.515834E-01  -0.999900E+04  -0.999900E+04  -0.999900E+04  -0.999900E+04  -0.475967E+00  -0.999900E+04  -0.999900E+04  -0.999900E+04  -0.999900E+04
   0.200000E+01   0.100000E+01   0.501600E+05   0.259200E+06   0.200000E+01   0.100000E+01   0.501600E+05   0.259200E+06   0.191402E+03  -0.999900E+04  -0.999900E+04  -0.999900E+04  -0.999900E+04   0.191402E+03  -0.999900E+04  -0.999900E+04  -0.999900E+04  -0.999900E+04   0.191444E+03   0.617521E+03   0.121584E+01   0.374962E+02   0.200000E+02  -0.421122E-01  -0.999900E+04  -0.999900E+04  -0.999900E+04  -0.999900E+04  -0.388576E+00  -0.999900E+04  -0.999900E+04  -0.999900E+04  -0.999900E+04
   0.200000E+01   0.100000E+01   0.502400E+05   0.259200E+06   0.200000E+01   0.100000E+01   0.502400E+05   0.259200E+06   0.191430E+03  -0.999900E+04  -0.999900E+04  -0.999900E+04  -0.999900E+04   0.191430E+03  -0.999900E+04  -0.999900E+04  -0.999900E+04  -0.999900E+04   0.191462E+03   0.617850E+03   0.118030E+01   0.374962E+02   0.200000E+02  -0.319582E-01  -0.999900E+04  -0.999900E+04  -0.999900E+04  -0.999900E+04  -0.294883E+00  -0.999900E+04  -0.999900E+04  -0.999900E+04  -0.999900E+04
   0.200000E+01   0.100000E+01   0.502800E+05   0.259200E+06   0.200000E+01   0.100000E+01   0.502800E+05   0.259200E+06   0.191437E+03  -0.999900E+04  -0.999900E+04  -0.999900E+04  -0.999900E+04   0.191437E+03  -0.999900E+04  -0.999900E+04  -0.999900E+04  -0.999900E+04   0.191469E+03   0.618005E+03   0.117277E+01   0.374962E+02   0.200000E+02  -0.321178E-01  -0.999900E+04  -0.999900E+04  -0.999900E+04  -0.999900E+04  -0.296356E+00  -0.999900E+04  -0.999900E+04  -0.999900E+04  -0.999900E+04
   0.200000E+01   0.100000E+01   0.503600E+05   0.259200E+06   0.200000E+01   0.100000E+01   0.503600E+05   0.259200E+06   0.191465E+03  -0.999900E+04  -0.999900E+04  -0.999900E+04  -0.999900E+04   0.191465E+03  -0.999900E+04  -0.999900E+04  -0.999900E+04  -0.999900E+04   0.191480E+03   0.618300E+03   0.116861E+01   0.374962E+02   0.200000E+02  -0.152704E-01  -0.999900E+04  -0.999900E+04  -0.999900E+04  -0.999900E+04  -0.140902E+00  -0.999900E+04  -0.999900E+04  -0.999900E+04  -0.999900E+04
   0.200000E+01   0.100000E+01   0.505000E+05   0.259200E+06   0.200000E+01   0.100000E+01   0.505000E+05   0.259200E+06   0.191497E+03  -0.999900E+04  -0.999900E+04  -0.999900E+04  -0.999900E+04   0.191497E+03  -0.999900E+04  -0.999900E+04  -0.999900E+04  -0.999900E+04   0.191500E+03   0.618826E+03   0.116180E+01   0.374962E+02   0.200000E+02  -0.362043E-02  -0.999900E+04  -0.999900E+04  -0.999900E+04  -0.999900E+04  -0.334063E-01  -0.999900E+04  -0.999900E+04  -0.999900E+04  -0.999900E+04
   0.200000E+01   0.100000E+01   0.510000E+05   0.259200E+06   0.200000E+01   0.100000E+01   0.510000E+05   0.259200E+06   0.191703E+03  -0.999900E+04  -0.999900E+04  -0.999900E+04  -0.999900E+04   0.191703E+03  -0.999900E+04  -0.999900E+04  -0.999900E+04  -0.999900E+04   0.191571E+03   0.620906E+03   0.130139E+01   0.374962E+02   0.200000E+02   0.132867E+00  -0.999900E+04  -0.999900E+04  -0.999900E+04  -0.999900E+04   0.122598E+01  -0.999900E+04  -0.999900E+04  -0.999900E+04  -0.999900E+04
   0.200000E+01   0.100000E+01   0.515000E+05   0.259200E+06   0.200000E+01   0.100000E+01   0.515000E+05   0.259200E+06   0.191792E+03  -0.999900E+04  -0.999900E+04  -0.999900E+04  -0.999900E+04   0.191792E+03  -0.999900E+04  -0.999900E+04  -0.999900E+04  -0.999900E+04   0.191730E+03   0.623152E+03   0.153481E+01   0.374962E+02   0.200000E+02   0.620026E-01  -0.999900E+04  -0.999900E+04  -0.999900E+04  -0.999900E+04   0.572107E+00  -0.999900E+04  -0.999900E+04  -0.999900E+04  -0.999900E+04
   0.200000E+01   0.100000E+01   0.516000E+05   0.259200E+06   0.200000E+01   0.100000E+01   0.516000E+05   0.259200E+06   0.191839E+03  -0.999900E+04  -0.999900E+04  -0.999900E+04  -0.999900E+04   0.191839E+03  -0.999900E+04  -0.999900E+04  -0.999900E+04  -0.999900E+04   0.191784E+03   0.623593E+03   0.147651E+01   0.374962E+02   0.200000E+02   0.556407E-01  -0.999900E+04  -0.999900E+04  -0.999900E+04  -0.999900E+04   0.513405E+00  -0.999900E+04  -0.999900E+04  -0.999900E+04  -0.999900E+04
   0.200000E+01   0.100000E+01   0.517500E+05   0.259200E+06   0.200000E+01   0.100000E+01   0.517500E+05   0.259200E+06   0.191885E+03  -0.999900E+04  -0.999900E+04  -0.999900E+04  -0.999900E+04   0.191885E+03  -0.999900E+04  -0.999900E+04  -0.999900E+04  -0.999900E+04   0.191850E+03   0.624214E+03   0.137134E+01   0.374962E+02   0.200000E+02   0.346566E-01  -0.999900E+04  -0.999900E+04  -0.999900E+04  -0.999900E+04   0.319781E+00  -0.999900E+04  -0.999900E+04  -0.999900E+04  -0.999900E+04
   0.200000E+01   0.100000E+01   0.519500E+05   0.259200E+06   0.200000E+01   0.100000E+01   0.519500E+05   0.259200E+06   0.191997E+03  -0.999900E+04  -0.999900E+04  -0.999900E+04  -0.999900E+04   0.191997E+03  -0.999900E+04  -0.999900E+04  -0.999900E+04  -0.999900E+04   0.191906E+03   0.624967E+03   0.131202E+01   0.374962E+02   0.200000E+02   0.909857E-01  -0.999900E+04  -0.999900E+04  -0.999900E+04  -0.999900E+04   0.839538E+00  -0.999900E+04  -0.999900E+04  -0.999900E+04  -0.999900E+04
   0.200000E+01   0.100000E+01   0.520000E+05   0.259200E+06   0.200000E+01   0.100000E+01   0.520000E+05   0.259200E+06   0.192015E+03  -0.999900E+04  -0.999900E+04  -0.999900E+04  -0.999900E+04   0.192015E+03  -0.999900E+04  -0.999900E+04  -0.999900E+04  -0.999900E+04   0.191917E+03   0.625147E+03   0.130754E+01   0.374962E+02   0.200000E+02   0.979163E-01  -0.999900E+04  -0.999900E+04  -0.999900E+04  -0.999900E+04   0.903487E+00  -0.999900E+04  -0.999900E+04  -0.999900E+04  -0.999900E+04
   0.200000E+01   0.100000E+01   0.525000E+05   0.259200E+06   0.200000E+01   0.100000E+01   0.525000E+05   0.259200E+06   0.192108E+03  -0.999900E+04  -0.999900E+04  -0.999900E+04  -0.999900E+04   0.192108E+03  -0.999900E+04  -0.999900E+04  -0.999900E+04  -0.999900E+04   0.192040E+03   0.627226E+03   0.123917E+01   0.374962E+02   0.200000E+02   0.676931E-01  -0.999900E+04  -0.999900E+04  -0.999900E+04  -0.999900E+04   0.624614E+00  -0.999900E+04  -0.999900E+04  -0.999900E+04  -0.999900E+04
   0.200000E+01   0.100000E+01   0.526000E+05   0.259200E+06   0.200000E+01   0.100000E+01   0.526000E+05   0.259200E+06   0.192117E+03  -0.999900E+04  -0.999900E+04  -0.999900E+04  -0.999900E+04   0.192117E+03  -0.999900E+04  -0.999900E+04  -0.999900E+04  -0.999900E+04   0.192062E+03   0.627678E+03   0.125245E+01   0.374962E+02   0.200000E+02   0.545899E-01  -0.999900E+04  -0.999900E+04  -0.999900E+04  -0.999900E+04   0.503709E+00  -0.999900E+04  -0.999900E+04  -0.999900E+04  -0.999900E+04
   0.200000E+01   0.100000E+01   0.526500E+05   0.259200E+06   0.200000E+01   0.100000E+01   0.526500E+05   0.259200E+06   0.192132E+03  -0.999900E+04  -0.999900E+04  -0.999900E+04  -0.999900E+04   0.192132E+03  -0.999900E+04  -0.999900E+04  -0.999900E+04  -0.999900E+04   0.192072E+03   0.627901E+03   0.127281E+01   0.374962E+02   0.200000E+02   0.606464E-01  -0.999900E+04  -0.999900E+04  -0.999900E+04  -0.999900E+04   0.559593E+00  -0.999900E+04  -0.999900E+04  -0.999900E+04  -0.999900E+04
   0.200000E+01   0.100000E+01   0.527000E+05   0.259200E+06   0.200000E+01   0.100000E+01   0.527000E+05   0.259200E+06   0.192123E+03  -0.999900E+04  -0.999900E+04  -0.999900E+04  -0.999900E+04   0.192123E+03  -0.999900E+04  -0.999900E+04  -0.999900E+04  -0.999900E+04   0.192081E+03   0.628120E+03   0.130014E+01   0.374962E+02   0.200000E+02   0.422995E-01  -0.999900E+04  -0.999900E+04  -0.999900E+04  -0.999900E+04   0.390304E+00  -0.999900E+04  -0.999900E+04  -0.999900E+04  -0.999900E+04
   0.200000E+01   0.100000E+01   0.527500E+05   0.259200E+06   0.200000E+01   0.100000E+01   0.527500E+05   0.259200E+06   0.192147E+03  -0.999900E+04  -0.999900E+04  -0.999900E+04  -0.999900E+04   0.192147E+03  -0.999900E+04  -0.999900E+04  -0.999900E+04  -0.999900E+04   0.192090E+03   0.628337E+03   0.133201E+01   0.374962E+02   0.200000E+02   0.567306E-01  -0.999900E+04  -0.999900E+04  -0.999900E+04  -0.999900E+04   0.523462E+00  -0.999900E+04  -0.999900E+04  -0.999900E+04  -0.999900E+04
   0.200000E+01   0.100000E+01   0.528000E+05   0.259200E+06   0.200000E+01   0.100000E+01   0.528000E+05   0.259200E+06   0.192148E+03  -0.999900E+04  -0.999900E+04  -0.999900E+04  -0.999900E+04   0.192148E+03  -0.999900E+04  -0.999900E+04  -0.999900E+04  -0.999900E+04   0.192100E+03   0.628550E+03   0.136725E+01   0.374962E+02   0.200000E+02   0.481871E-01  -0.999900E+04  -0.999900E+04  -0.999900E+04  -0.999900E+04   0.444629E+00  -0.999900E+04  -0.999900E+04  -0.999900E+04  -0.999900E+04
   0.200000E+01   0.100000E+01   0.529000E+05   0.259200E+06   0.200000E+01   0.100000E+01   0.529000E+05   0.259200E+06   0.192165E+03  -0.999900E+04  -0.999900E+04  -0.999900E+04  -0.999900E+04   0.192165E+03  -0.999900E+04  -0.999900E+04  -0.999900E+04  -0.999900E+04   0.192122E+03   0.628958E+03   0.143423E+01   0.374962E+02   0.200000E+02   0.434281E-01  -0.999900E+04  -0.999900E+04  -0.999900E+04  -0.999900E+04   0.400717E+00  -0.999900E+04  -0.999900E+04  -0.999900E+04  -0.999900E+04
   0.200000E+01   0.100000E+01   0.530000E+05   0.259200E+06   0.200000E+01   0.100000E+01   0.530000E+05   0.259200E+06   0.192162E+03  -0.999900E+04  -0.999900E+04  -0.999900E+04  -0.999900E+04   0.192162E+03  -0.999900E+04  -0.999900E+04  -0.999900E+04  -0.999900E+04   0.192152E+03   0.629349E+03   0.145747E+01   0.374962E+02   0.200000E+02   0.101682E-01  -0.999900E+04  -0.999900E+04  -0.999900E+04  -0.999900E+04   0.938238E-01  -0.999900E+04  -0.999900E+04  -0.999900E+04  -0.999900E+04
   0.200000E+01   0.100000E+01   0.530500E+05   0.259200E+06   0.200000E+01   0.100000E+01   0.530500E+05   0.259200E+06   0.192169E+03  -0.999900E+04  -0.999900E+04  -0.999900E+04  -0.999900E+04   0.192169E+03  -0.999900E+04  -0.999900E+04  -0.999900E+04  -0.999900E+04   0.192169E+03   0.629542E+03   0.145372E+01   0.374962E+02   0.200000E+02  -0.235229E-03  -0.999900E+04  -0.999900E+04  -0.999900E+04  -0.999900E+04  -0.217050E-02  -0.999900E+04  -0.999900E+04  -0.999900E+04  -0.999900E+04
   0.200000E+01   0.100000E+01   0.531000E+05   0.259200E+06   0.200000E+01   0.100000E+01   0.531000E+05   0.259200E+06   0.192162E+03  -0.999900E+04  -0.999900E+04  -0.999900E+04  -0.999900E+04   0.192162E+03  -0.999900E+04  -0.999900E+04  -0.999900E+04  -0.999900E+04   0.192185E+03   0.629733E+03   0.145760E+01   0.374962E+02   0.200000E+02  -0.237180E-01  -0.999900E+04  -0.999900E+04  -0.999900E+04  -0.999900E+04  -0.218849E+00  -0.999900E+04  -0.999900E+04  -0.999900E+04  -0.999900E+04
   0.200000E+01   0.100000E+01   0.531500E+05   0.259200E+06   0.200000E+01   0.100000E+01   0.531500E+05   0.259200E+06   0.192194E+03  -0.999900E+04  -0.999900E+04  -0.999900E+04  -0.999900E+04   0.192194E+03  -0.999900E+04  -0.999900E+04  -0.999900E+04  -0.999900E+04   0.192201E+03   0.629922E+03   0.146799E+01   0.374962E+02   0.200000E+02  -0.660049E-02  -0.999900E+04  -0.999900E+04  -0.999900E+04  -0.999900E+04  -0.609037E-01  -0.999900E+04  -0.999900E+04  -0.999900E+04  -0.999900E+04
   0.200000E+01   0.100000E+01   0.532500E+05   0.259200E+06   0.200000E+01   0.100000E+01   0.532500E+05   0.259200E+06   0.192209E+03  -0.999900E+04  -0.999900E+04  -0.999900E+04  -0.999900E+04   0.192209E+03  -0.999900E+04  -0.999900E+04  -0.999900E+04  -0.999900E+04   0.192229E+03   0.630292E+03   0.150383E+01   0.374962E+02   0.200000E+02  -0.200922E-01  -0.999900E+04  -0.999900E+04  -0.999900E+04  -0.999900E+04  -0.185394E+00  -0.999900E+04  -0.999900E+04  -0.999900E+04  -0.999900E+04
   0.200000E+01   0.100000E+01   0.533000E+05   0.259200E+06   0.200000E+01   0.100000E+01   0.533000E+05   0.259200E+06   0.192223E+03  -0.999900E+04  -0.999900E+04  -0.999900E+04  -0.999900E+04   0.192223E+03  -0.999900E+04  -0.999900E+04  -0.999900E+04  -0.999900E+04   0.192244E+03   0.630473E+03   0.152602E+01   0.374962E+02   0.200000E+02  -0.213491E-01  -0.999900E+04  -0.999900E+04  -0.999900E+04  -0.999900E+04  -0.196991E+00  -0.999900E+04  -0.999900E+04  -0.999900E+04  -0.999900E+04
   0.200000E+01   0.100000E+01   0.535000E+05   0.259200E+06   0.200000E+01   0.100000E+01   0.535000E+05   0.259200E+06   0.192332E+03  -0.999900E+04  -0.999900E+04  -0.999900E+04  -0.999900E+04   0.192332E+03  -0.999900E+04  -0.999900E+04  -0.999900E+04  -0.999900E+04   0.192314E+03   0.631177E+03   0.157125E+01   0.374962E+02   0.200000E+02   0.172537E-01  -0.999900E+04  -0.999900E+04  -0.999900E+04  -0.999900E+04   0.159202E+00  -0.999900E+04  -0.999900E+04  -0.999900E+04  -0.999900E+04
   0.200000E+01   0.100000E+01   0.536750E+05   0.259200E+06   0.200000E+01   0.100000E+01   0.536750E+05   0.259200E+06   0.192424E+03  -0.999900E+04  -0.999900E+04  -0.999900E+04  -0.999900E+04   0.192424E+03  -0.999900E+04  -0.999900E+04  -0.999900E+04  -0.999900E+04   0.192385E+03   0.631796E+03   0.156766E+01   0.374962E+02   0.200000E+02   0.388071E-01  -0.999900E+04  -0.999900E+04  -0.999900E+04  -0.999900E+04   0.358079E+00  -0.999900E+04  -0.999900E+04  -0.999900E+04  -0.999900E+04
   0.200000E+01   0.100000E+01   0.538500E+05   0.259200E+06   0.200000E+01   0.100000E+01   0.538500E+05   0.259200E+06   0.192522E+03  -0.999900E+04  -0.999900E+04  -0.999900E+04  -0.999900E+04   0.192522E+03  -0.999900E+04  -0.999900E+04  -0.999900E+04  -0.999900E+04   0.192468E+03   0.632487E+03   0.155946E+01   0.374962E+02   0.200000E+02   0.535467E-01  -0.999900E+04  -0.999900E+04  -0.999900E+04  -0.999900E+04   0.494083E+00  -0.999900E+04  -0.999900E+04  -0.999900E+04  -0.999900E+04
   0.200000E+01   0.100000E+01   0.540250E+05   0.259200E+06   0.200000E+01   0.100000E+01   0.540250E+05   0.259200E+06   0.192557E+03  -0.999900E+04  -0.999900E+04  -0.999900E+04  -0.999900E+04   0.192557E+03  -0.999900E+04  -0.999900E+04  -0.999900E+04  -0.999900E+04   0.192569E+03   0.633274E+03   0.151879E+01   0.374962E+02   0.200000E+02  -0.128580E-01  -0.999900E+04  -0.999900E+04  -0.999900E+04  -0.999900E+04  -0.118643E+00  -0.999900E+04  -0.999900E+04  -0.999900E+04  -0.999900E+04
   0.200000E+01   0.100000E+01   0.542000E+05   0.259200E+06   0.200000E+01   0.100000E+01   0.542000E+05   0.259200E+06   0.192647E+03  -0.999900E+04  -0.999900E+04  -0.999900E+04  -0.999900E+04   0.192647E+03  -0.999900E+04  -0.999900E+04  -0.999900E+04  -0.999900E+04   0.192675E+03   0.634103E+03   0.146033E+01   0.374962E+02   0.200000E+02  -0.281251E-01  -0.999900E+04  -0.999900E+04  -0.999900E+04  -0.999900E+04  -0.259515E+00  -0.999900E+04  -0.999900E+04  -0.999900E+04  -0.999900E+04
   0.200000E+01   0.100000E+01   0.542300E+05   0.259200E+06   0.200000E+01   0.100000E+01   0.542300E+05   0.259200E+06   0.192655E+03  -0.999900E+04  -0.999900E+04  -0.999900E+04  -0.999900E+04   0.192655E+03  -0.999900E+04  -0.999900E+04  -0.999900E+04  -0.999900E+04   0.192691E+03   0.634244E+03   0.145977E+01   0.374962E+02   0.200000E+02  -0.365858E-01  -0.999900E+04  -0.999900E+04  -0.999900E+04  -0.999900E+04  -0.337583E+00  -0.999900E+04  -0.999900E+04  -0.999900E+04  -0.999900E+04
   0.200000E+01   0.100000E+01   0.542600E+05   0.259200E+06   0.200000E+01   0.100000E+01   0.542600E+05   0.259200E+06   0.192671E+03  -0.999900E+04  -0.999900E+04  -0.999900E+04  -0.999900E+04   0.192671E+03  -0.999900E+04  -0.999900E+04  -0.999900E+04  -0.999900E+04   0.192704E+03   0.634382E+03   0.147893E+01   0.374962E+02   0.200000E+02  -0.336694E-01  -0.999900E+04  -0.999900E+04  -0.999900E+04  -0.999900E+04  -0.310672E+00  -0.999900E+04  -0.999900E+04  -0.999900E+04  -0.999900E+04
   0.200000E+01   0.100000E+01   0.542900E+05   0.259200E+06   0.200000E+01   0.100000E+01   0.542900E+05   0.259200E+06   0.192695E+03  -0.999900E+04  -0.999900E+04  -0.999900E+04  -0.999900E+04   0.192695E+03  -0.999900E+04  -0.999900E+04  -0.999900E+04  -0.999900E+04   0.192715E+03   0.634518E+03   0.151624E+01   0.374962E+02   0.200000E+02  -0.209388E-01  -0.999900E+04  -0.999900E+04  -0.999900E+04  -0.999900E+04  -0.193206E+00  -0.999900E+04  -0.999900E+04  -0.999900E+04  -0.999900E+04
   0.200000E+01   0.100000E+01   0.543500E+05   0.259200E+06   0.200000E+01   0.100000E+01   0.543500E+05   0.259200E+06   0.192700E+03  -0.999900E+04  -0.999900E+04  -0.999900E+04  -0.999900E+04   0.192700E+03  -0.999900E+04  -0.999900E+04  -0.999900E+04  -0.999900E+04   0.192734E+03   0.634781E+03   0.164045E+01   0.374962E+02   0.200000E+02  -0.343003E-01  -0.999900E+04  -0.999900E+04  -0.999900E+04  -0.999900E+04  -0.316494E+00  -0.999900E+04  -0.999900E+04  -0.999900E+04  -0.999900E+04
   0.200000E+01   0.100000E+01   0.544100E+05   0.259200E+06   0.200000E+01   0.100000E+01   0.544100E+05   0.259200E+06   0.192746E+03  -0.999900E+04  -0.999900E+04  -0.999900E+04  -0.999900E+04   0.192746E+03  -0.999900E+04  -0.999900E+04  -0.999900E+04  -0.999900E+04   0.192753E+03   0.635026E+03   0.181369E+01   0.374962E+02   0.200000E+02  -0.629236E-02  -0.999900E+04  -0.999900E+04  -0.999900E+04  -0.999900E+04  -0.580605E-01  -0.999900E+04  -0.999900E+04  -0.999900E+04  -0.999900E+04
   0.200000E+01   0.100000E+01   0.546000E+05   0.259200E+06   0.200000E+01   0.100000E+01   0.546000E+05   0.259200E+06   0.192890E+03  -0.999900E+04  -0.999900E+04  -0.999900E+04  -0.999900E+04   0.192890E+03  -0.999900E+04  -0.999900E+04  -0.999900E+04  -0.999900E+04   0.192975E+03   0.635726E+03   0.157374E+01   0.374962E+02   0.200000E+02  -0.853434E-01  -0.999900E+04  -0.999900E+04  -0.999900E+04  -0.999900E+04  -0.787476E+00  -0.999900E+04  -0.999900E+04  -0.999900E+04  -0.999900E+04
   0.200000E+01   0.100000E+01   0.547000E+05   0.259200E+06   0.200000E+01   0.100000E+01   0.547000E+05   0.259200E+06   0.192897E+03  -0.999900E+04  -0.999900E+04  -0.999900E+04  -0.999900E+04   0.192897E+03  -0.999900E+04  -0.999900E+04  -0.999900E+04  -0.999900E+04   0.193022E+03   0.636092E+03   0.176961E+01   0.374962E+02   0.200000E+02  -0.125517E+00  -0.999900E+04  -0.999900E+04  -0.999900E+04  -0.999900E+04  -0.115816E+01  -0.999900E+04  -0.999900E+04  -0.999900E+04  -0.999900E+04
   0.200000E+01   0.100000E+01   0.547500E+05   0.259200E+06   0.200000E+01   0.100000E+01   0.547500E+05   0.259200E+06   0.192896E+03  -0.999900E+04  -0.999900E+04  -0.999900E+04  -0.999900E+04   0.192896E+03  -0.999900E+04  -0.999900E+04  -0.999900E+04  -0.999900E+04   0.193070E+03   0.636264E+03   0.175419E+01   0.374962E+02   0.200000E+02  -0.173929E+00  -0.999900E+04  -0.999900E+04  -0.999900E+04  -0.999900E+04  -0.160487E+01  -0.999900E+04  -0.999900E+04  -0.999900E+04  -0.999900E+04
   0.200000E+01   0.100000E+01   0.548000E+05   0.259200E+06   0.200000E+01   0.100000E+01   0.548000E+05   0.259200E+06   0.192891E+03  -0.999900E+04  -0.999900E+04  -0.999900E+04  -0.999900E+04   0.192891E+03  -0.999900E+04  -0.999900E+04  -0.999900E+04  -0.999900E+04   0.193113E+03   0.636431E+03   0.176284E+01   0.374962E+02   0.200000E+02  -0.222135E+00  -0.999900E+04  -0.999900E+04  -0.999900E+04  -0.999900E+04  -0.204968E+01  -0.999900E+04  -0.999900E+04  -0.999900E+04  -0.999900E+04
   0.200000E+01   0.100000E+01   0.548500E+05   0.259200E+06   0.200000E+01   0.100000E+01   0.548500E+05   0.259200E+06   0.192915E+03  -0.999900E+04  -0.999900E+04  -0.999900E+04  -0.999900E+04   0.192915E+03  -0.999900E+04  -0.999900E+04  -0.999900E+04  -0.999900E+04   0.193162E+03   0.636593E+03   0.173581E+01   0.374962E+02   0.200000E+02  -0.246667E+00  -0.999900E+04  -0.999900E+04  -0.999900E+04  -0.999900E+04  -0.227603E+01  -0.999900E+04  -0.999900E+04  -0.999900E+04  -0.999900E+04
   0.200000E+01   0.100000E+01   0.549000E+05   0.259200E+06   0.200000E+01   0.100000E+01   0.549000E+05   0.259200E+06   0.192920E+03  -0.999900E+04  -0.999900E+04  -0.999900E+04  -0.999900E+04   0.192920E+03  -0.999900E+04  -0.999900E+04  -0.999900E+04  -0.999900E+04   0.193214E+03   0.636753E+03   0.165933E+01   0.374962E+02   0.200000E+02  -0.294149E+00  -0.999900E+04  -0.999900E+04  -0.999900E+04  -0.999900E+04  -0.271415E+01  -0.999900E+04  -0.999900E+04  -0.999900E+04  -0.999900E+04
   0.200000E+01   0.100000E+01   0.550000E+05   0.259200E+06   0.200000E+01   0.100000E+01   0.550000E+05   0.259200E+06   0.192983E+03  -0.999900E+04  -0.999900E+04  -0.999900E+04  -0.999900E+04   0.192983E+03  -0.999900E+04  -0.999900E+04  -0.999900E+04  -0.999900E+04   0.193299E+03   0.637065E+03   0.152104E+01   0.374962E+02   0.200000E+02  -0.316250E+00  -0.999900E+04  -0.999900E+04  -0.999900E+04  -0.999900E+04  -0.291809E+01  -0.999900E+04  -0.999900E+04  -0.999900E+04  -0.999900E+04
   0.200000E+01   0.100000E+01   0.553000E+05   0.259200E+06   0.200000E+01   0.100000E+01   0.553000E+05   0.259200E+06   0.193144E+03  -0.999900E+04  -0.999900E+04  -0.999900E+04  -0.999900E+04   0.193144E+03  -0.999900E+04  -0.999900E+04  -0.999900E+04  -0.999900E+04   0.193457E+03   0.637976E+03   0.128046E+01   0.374962E+02   0.200000E+02  -0.313291E+00  -0.999900E+04  -0.999900E+04  -0.999900E+04  -0.999900E+04  -0.289078E+01  -0.999900E+04  -0.999900E+04  -0.999900E+04  -0.999900E+04
   0.200000E+01   0.100000E+01   0.554500E+05   0.259200E+06   0.200000E+01   0.100000E+01   0.554500E+05   0.259200E+06   0.193223E+03  -0.999900E+04  -0.999900E+04  -0.999900E+04  -0.999900E+04   0.193223E+03  -0.999900E+04  -0.999900E+04  -0.999900E+04  -0.999900E+04   0.193503E+03   0.638403E+03   0.120934E+01   0.374962E+02   0.200000E+02  -0.279545E+00  -0.999900E+04  -0.999900E+04  -0.999900E+04  -0.999900E+04  -0.257940E+01  -0.999900E+04  -0.999900E+04  -0.999900E+04  -0.999900E+04
   0.200000E+01   0.100000E+01   0.555000E+05   0.259200E+06   0.200000E+01   0.100000E+01   0.555000E+05   0.259200E+06   0.193238E+03  -0.999900E+04  -0.999900E+04  -0.999900E+04  -0.999900E+04   0.193238E+03  -0.999900E+04  -0.999900E+04  -0.999900E+04  -0.999900E+04   0.193515E+03   0.638544E+03   0.120114E+01   0.374962E+02   0.200000E+02  -0.276209E+00  -0.999900E+04  -0.999900E+04  -0.999900E+04  -0.999900E+04  -0.254862E+01  -0.999900E+04  -0.999900E+04  -0.999900E+04  -0.999900E+04
   0.200000E+01   0.100000E+01   0.555500E+05   0.259200E+06   0.200000E+01   0.100000E+01   0.555500E+05   0.259200E+06   0.193243E+03  -0.999900E+04  -0.999900E+04  -0.999900E+04  -0.999900E+04   0.193243E+03  -0.999900E+04  -0.999900E+04  -0.999900E+04  -0.999900E+04   0.193524E+03   0.638684E+03   0.120959E+01   0.374962E+02   0.200000E+02  -0.281299E+00  -0.999900E+04  -0.999900E+04  -0.999900E+04  -0.999900E+04  -0.259558E+01  -0.999900E+04  -0.999900E+04  -0.999900E+04  -0.999900E+04
   0.200000E+01   0.100000E+01   0.556000E+05   0.259200E+06   0.200000E+01   0.100000E+01   0.556000E+05   0.259200E+06   0.193254E+03  -0.999900E+04  -0.999900E+04  -0.999900E+04  -0.999900E+04   0.193254E+03  -0.999900E+04  -0.999900E+04  -0.999900E+04  -0.999900E+04   0.193532E+03   0.638824E+03   0.123571E+01   0.374962E+02   0.200000E+02  -0.278243E+00  -0.999900E+04  -0.999900E+04  -0.999900E+04  -0.999900E+04  -0.256739E+01  -0.999900E+04  -0.999900E+04  -0.999900E+04  -0.999900E+04
   0.200000E+01   0.100000E+01   0.556500E+05   0.259200E+06   0.200000E+01   0.100000E+01   0.556500E+05   0.259200E+06   0.193269E+03  -0.999900E+04  -0.999900E+04  -0.999900E+04  -0.999900E+04   0.193269E+03  -0.999900E+04  -0.999900E+04  -0.999900E+04  -0.999900E+04   0.193539E+03   0.638963E+03   0.126829E+01   0.374962E+02   0.200000E+02  -0.269695E+00  -0.999900E+04  -0.999900E+04  -0.999900E+04  -0.999900E+04  -0.248851E+01  -0.999900E+04  -0.999900E+04  -0.999900E+04  -0.999900E+04
   0.200000E+01   0.100000E+01   0.558000E+05   0.259200E+06   0.200000E+01   0.100000E+01   0.558000E+05   0.259200E+06   0.193265E+03  -0.999900E+04  -0.999900E+04  -0.999900E+04  -0.999900E+04   0.193265E+03  -0.999900E+04  -0.999900E+04  -0.999900E+04  -0.999900E+04   0.193569E+03   0.639378E+03   0.132607E+01   0.374962E+02   0.200000E+02  -0.304122E+00  -0.999900E+04  -0.999900E+04  -0.999900E+04  -0.999900E+04  -0.280618E+01  -0.999900E+04  -0.999900E+04  -0.999900E+04  -0.999900E+04
   0.200000E+01   0.100000E+01   0.558500E+05   0.259200E+06   0.200000E+01   0.100000E+01   0.558500E+05   0.259200E+06   0.193287E+03  -0.999900E+04  -0.999900E+04  -0.999900E+04  -0.999900E+04   0.193287E+03  -0.999900E+04  -0.999900E+04  -0.999900E+04  -0.999900E+04   0.193586E+03   0.639518E+03   0.132574E+01   0.374962E+02   0.200000E+02  -0.299482E+00  -0.999900E+04  -0.999900E+04  -0.999900E+04  -0.999900E+04  -0.276336E+01  -0.999900E+04  -0.999900E+04  -0.999900E+04  -0.999900E+04
