Kmin_MC_Up_a0  Kmin_MC_Up_a1  Kmin_MC_Up_a2  Kmin_MC_Up_a3  Kmin_TR_a0     Kmin_TR_a1     Kmin_TR_a2     Kmin_TR_a3     Y1_intercept   Y2_intercept   Y3_intercept   Y4_intercept   Y5_intercept   LogPost        LogPrior       LogHyper       LogLkh         Deviance       
   0.335660E+02  -0.238976E+01   0.107833E+01  -0.331569E+01   0.292091E+02  -0.356034E-01  -0.321459E+01   0.182266E+01   0.187734E-01   0.548935E-02   0.243307E-02   0.887359E-02   0.173765E-01  -0.427256E+02   0.150034E+02   0.000000E+00  -0.577290E+02   0.115458E+03
   0.333248E+02  -0.165243E+01   0.162046E+01  -0.304824E+00   0.259486E+02  -0.175973E+01   0.593775E+00   0.182266E+01   0.118814E-01   0.957767E-02   0.149196E-02   0.740787E-02   0.906950E-02  -0.414481E+02   0.156660E+02   0.000000E+00  -0.571141E+02   0.114228E+03
   0.318109E+02   0.864493E+00  -0.218578E+01  -0.261572E+01   0.274549E+02   0.902008E+00   0.319521E+01  -0.878141E+01   0.454015E-02   0.177444E-01   0.597917E-02   0.890952E-02   0.103112E-02  -0.441780E+02   0.150543E+02   0.000000E+00  -0.592323E+02   0.118465E+03
   0.342093E+02  -0.239885E+01  -0.330403E+01   0.130741E+01   0.274297E+02  -0.124982E+01  -0.301360E+01   0.119389E+02   0.113815E-01   0.143700E-01   0.479430E-02   0.902061E-02   0.143965E-02  -0.447672E+02   0.154582E+02   0.000000E+00  -0.602254E+02   0.120451E+03
   0.342964E+02  -0.239885E+01   0.108561E+01  -0.224204E+01   0.303415E+02   0.340218E+01  -0.168845E+01   0.596595E+01   0.244655E-01   0.113053E-01   0.165188E-01   0.101205E-01   0.471718E-02  -0.475897E+02   0.141545E+02   0.000000E+00  -0.617442E+02   0.123488E+03
   0.329340E+02  -0.239885E+01  -0.203833E+01   0.380540E+01   0.281976E+02   0.968597E+00  -0.586303E+01   0.340397E+01   0.291934E-01   0.556056E-02   0.764085E-04   0.115204E-03   0.338797E-03  -0.416265E+02   0.178116E+02   0.000000E+00  -0.594381E+02   0.118876E+03
   0.335211E+02   0.222343E+01  -0.550982E+01  -0.217133E+01   0.287677E+02  -0.801941E+01   0.179688E+01   0.146769E+01   0.318678E-01   0.158727E-01   0.764085E-04   0.992785E-02   0.338797E-03  -0.484818E+02   0.157991E+02   0.000000E+00  -0.642809E+02   0.128562E+03
   0.325659E+02  -0.148104E+00  -0.396030E+00   0.674388E+00   0.283977E+02   0.627370E+00   0.257365E+01   0.366521E+01   0.182202E-01   0.135040E-01   0.190397E-02   0.382039E-02   0.777360E-02  -0.413527E+02   0.157205E+02   0.000000E+00  -0.570732E+02   0.114146E+03
   0.325300E+02   0.117456E+01   0.218327E+01  -0.526260E+00   0.268829E+02   0.346800E+01  -0.675815E+01   0.147335E+00   0.208759E-01   0.783808E-02   0.314056E-02   0.285385E-02   0.158316E-01  -0.460883E+02   0.154543E+02   0.000000E+00  -0.615426E+02   0.123085E+03
   0.323705E+02   0.403873E+00   0.166225E+01   0.472153E+01   0.272818E+02  -0.302982E+01  -0.275832E+01  -0.739224E+01   0.524798E-02   0.527420E-03   0.229530E-01   0.917398E-03   0.123265E-01  -0.450962E+02   0.147482E+02   0.000000E+00  -0.598444E+02   0.119689E+03
   0.336316E+02  -0.182026E+01  -0.116167E+01  -0.611323E+00   0.251879E+02  -0.110196E+01  -0.274737E+01  -0.122067E+01   0.124045E-01   0.532326E-03   0.203141E-01   0.607381E-02   0.482569E-02  -0.423794E+02   0.152461E+02   0.000000E+00  -0.576255E+02   0.115251E+03
   0.317126E+02   0.148173E+01  -0.111104E+01   0.127372E+01   0.258024E+02   0.190178E+01  -0.542632E+00  -0.315084E+01   0.350356E-01   0.745797E-02   0.175005E-01   0.104283E-01   0.303604E-02  -0.461410E+02   0.145784E+02   0.000000E+00  -0.607194E+02   0.121439E+03
   0.331834E+02  -0.285831E+00  -0.126098E+01   0.372787E+01   0.288901E+02   0.385595E+01  -0.145065E+01  -0.198009E+01   0.354967E-02   0.735359E-02   0.137484E-01   0.155550E-02   0.176668E-02  -0.421142E+02   0.159783E+02   0.000000E+00  -0.580925E+02   0.116185E+03
   0.326292E+02  -0.285831E+00   0.381034E+00   0.383527E+01   0.280433E+02   0.284565E+01   0.546684E+01   0.325517E+01   0.604479E-02   0.940671E-03   0.510168E-04   0.133021E-01   0.550949E-02  -0.426913E+02   0.164404E+02   0.000000E+00  -0.591317E+02   0.118263E+03
   0.326292E+02  -0.285831E+00   0.381034E+00   0.447246E+00   0.278206E+02  -0.596972E+00  -0.100295E+01   0.694047E+01   0.604479E-02   0.499989E-01   0.819956E-02   0.138395E-01   0.175557E-02  -0.460049E+02   0.110413E+02   0.000000E+00  -0.570462E+02   0.114092E+03
   0.328648E+02  -0.163599E+01  -0.113783E+01   0.464600E+00   0.319619E+02   0.868090E+00   0.678155E+01  -0.184771E+01   0.914652E-02   0.137173E-01   0.102107E-01   0.184898E-01   0.960733E-02  -0.480145E+02   0.132182E+02   0.000000E+00  -0.612327E+02   0.122465E+03
   0.351308E+02  -0.296413E+01  -0.171510E+01   0.115771E-03   0.262718E+02   0.157176E+01  -0.391310E+01  -0.359940E+01   0.248043E-01   0.897971E-02   0.211812E-01   0.239706E-01   0.275670E-01  -0.500580E+02   0.102508E+02   0.000000E+00  -0.603088E+02   0.120618E+03
   0.343037E+02  -0.221368E+01  -0.171510E+01   0.133691E+01   0.298772E+02  -0.190137E+01  -0.552294E+01   0.651257E+01   0.112680E-01   0.998037E-02   0.484094E-01   0.568582E-02   0.137746E-02  -0.472406E+02   0.118754E+02   0.000000E+00  -0.591160E+02   0.118232E+03
   0.339932E+02  -0.371936E+01  -0.243783E+01  -0.223439E-01   0.282016E+02  -0.300858E+00  -0.135991E+01   0.492549E+01   0.235844E-01   0.160433E-01   0.146306E-01   0.768871E-03   0.790851E-03  -0.428187E+02   0.151973E+02   0.000000E+00  -0.580160E+02   0.116032E+03
   0.327038E+02  -0.275218E+01   0.222925E+01   0.118527E+01   0.272222E+02  -0.403601E+00  -0.560880E-01   0.439985E+01   0.165910E-02   0.198859E-02   0.143113E-02   0.140946E-01   0.171143E-01  -0.422613E+02   0.149578E+02   0.000000E+00  -0.572191E+02   0.114438E+03
   0.340361E+02  -0.275218E+01  -0.208368E+01  -0.100546E+01   0.300889E+02   0.107957E+01   0.204292E+01   0.279350E+01   0.110739E-01   0.686949E-02   0.143113E-02   0.756915E-02   0.223589E-02  -0.410398E+02   0.166101E+02   0.000000E+00  -0.576499E+02   0.115300E+03
   0.347371E+02  -0.275218E+01  -0.251311E+01  -0.446797E+00   0.295534E+02   0.303690E+01  -0.494680E+01  -0.427802E+00   0.126056E-01   0.645517E-02   0.758883E-02   0.177512E-01   0.154697E-02  -0.440708E+02   0.150865E+02   0.000000E+00  -0.591573E+02   0.118315E+03
   0.341691E+02  -0.146785E+01  -0.427067E+00  -0.340916E+01   0.289671E+02  -0.285841E+00   0.109045E+01  -0.505343E+01   0.183565E-01   0.111001E-01   0.808327E-02   0.100251E-01   0.195828E-01  -0.449435E+02   0.135416E+02   0.000000E+00  -0.584851E+02   0.116970E+03
   0.329859E+02   0.127461E+01  -0.240316E+01   0.317745E+01   0.262311E+02   0.362910E+01   0.194143E+01  -0.444646E+00   0.304511E-01   0.333044E-02   0.555548E-02   0.307025E-02   0.148469E-01  -0.449890E+02   0.157404E+02   0.000000E+00  -0.607294E+02   0.121459E+03
   0.325140E+02  -0.178428E+01   0.346016E+01  -0.277689E+01   0.302887E+02  -0.838626E+00   0.488498E+01   0.546593E+00   0.131108E-02   0.123668E-02   0.377785E-02   0.126276E-01   0.100814E-01  -0.445941E+02   0.156483E+02   0.000000E+00  -0.602424E+02   0.120485E+03
   0.337884E+02  -0.335470E+01   0.311386E+01  -0.154657E+01   0.276349E+02  -0.200479E+01   0.227330E+01   0.213854E-01   0.836261E-02   0.854620E-02   0.217209E-01   0.516480E-02   0.114997E-03  -0.434131E+02   0.148660E+02   0.000000E+00  -0.582791E+02   0.116558E+03
   0.318433E+02  -0.252365E+00  -0.281598E+01  -0.277367E+01   0.274355E+02   0.118868E+01   0.205893E+01  -0.345766E+01   0.255861E-01   0.978754E-03   0.111035E-02   0.551842E-02   0.885217E-02  -0.419710E+02   0.167747E+02   0.000000E+00  -0.587457E+02   0.117491E+03
   0.321129E+02  -0.935215E+00  -0.913328E-01   0.202028E+01   0.281209E+02  -0.444576E+01  -0.544759E+01   0.478345E+01   0.190917E-01   0.195654E-01   0.111035E-02   0.214131E-01   0.227398E-01  -0.470509E+02   0.119378E+02   0.000000E+00  -0.589887E+02   0.117977E+03
   0.312028E+02  -0.367671E+00   0.352180E+01   0.327570E+01   0.270846E+02   0.173825E+01   0.131367E+00   0.942180E+00   0.244633E-01   0.329725E-02   0.164834E-02   0.197423E-01   0.834503E-02  -0.454327E+02   0.151174E+02   0.000000E+00  -0.605501E+02   0.121100E+03
   0.334022E+02  -0.109060E+01  -0.313309E+01  -0.408391E+01   0.277832E+02  -0.885498E-01  -0.209935E+01   0.157156E+00   0.226995E-02   0.892368E-02   0.237083E-02   0.764731E-03   0.148069E-01  -0.403797E+02   0.157341E+02   0.000000E+00  -0.561138E+02   0.112228E+03
   0.324616E+02  -0.109060E+01  -0.486323E+01  -0.279272E+00   0.259388E+02  -0.205948E+01  -0.529403E+01   0.586131E+01   0.888459E-02   0.107600E-01   0.420396E-01   0.390421E-02   0.102026E-01  -0.490871E+02   0.117300E+02   0.000000E+00  -0.608171E+02   0.121634E+03
   0.329292E+02  -0.109658E+01   0.123075E+01   0.190776E+00   0.281022E+02  -0.222615E+01  -0.343330E+01   0.879004E+00   0.701450E-02   0.644762E-02   0.630274E-02   0.272623E-02   0.131263E-01  -0.409062E+02   0.155604E+02   0.000000E+00  -0.564666E+02   0.112933E+03
   0.317566E+02  -0.212334E+00   0.500594E-01  -0.246065E+01   0.310945E+02   0.210228E+01  -0.541182E+01   0.253807E+01   0.321260E-01   0.459349E-01   0.102234E-01   0.342011E-02   0.162522E-01  -0.505216E+02   0.108376E+02   0.000000E+00  -0.613592E+02   0.122718E+03
   0.328245E+02  -0.130718E+01  -0.307928E+01  -0.341403E+01   0.271475E+02  -0.497675E+01  -0.341736E+01   0.250484E+01   0.141929E-01   0.207902E-01   0.748072E-02   0.175768E-02   0.270112E-01  -0.460485E+02   0.127167E+02   0.000000E+00  -0.587652E+02   0.117530E+03
   0.348622E+02  -0.135583E+01  -0.942378E+00  -0.111538E+01   0.256789E+02  -0.767536E+01  -0.182704E+01  -0.118321E+01   0.141336E-01   0.293730E-02   0.597386E-02   0.493770E-02   0.258997E-02  -0.457060E+02   0.167768E+02   0.000000E+00  -0.624828E+02   0.124966E+03
   0.341465E+02   0.964252E+00  -0.265421E+00   0.887949E+01   0.258693E+02   0.267720E+01  -0.234622E+01  -0.173816E+01   0.142052E-01   0.928403E-02   0.201768E-02   0.706087E-02   0.154928E-01  -0.489237E+02   0.150351E+02   0.000000E+00  -0.639588E+02   0.127918E+03
   0.334399E+02   0.376199E+00  -0.627627E+01   0.333785E+01   0.307055E+02  -0.228441E+01  -0.755302E+01  -0.150631E+01   0.171770E-01   0.306833E-02   0.108333E-02   0.586960E-02   0.340166E-02  -0.448639E+02   0.170784E+02   0.000000E+00  -0.619423E+02   0.123885E+03
   0.336811E+02  -0.151793E+01  -0.126196E+01   0.239770E+01   0.297994E+02  -0.412040E+01  -0.700546E+01  -0.391409E+01   0.104734E-01   0.854706E-02   0.166460E-01   0.114310E-02   0.446039E-03  -0.435568E+02   0.157425E+02   0.000000E+00  -0.592993E+02   0.118599E+03
   0.331923E+02  -0.158847E+01  -0.611604E+01   0.808838E+00   0.300081E+02  -0.233775E+01   0.622234E+00   0.583219E+01   0.302094E-02   0.904646E-02   0.231193E-01   0.800947E-02   0.389142E-02  -0.451565E+02   0.140140E+02   0.000000E+00  -0.591705E+02   0.118341E+03
   0.331923E+02  -0.158847E+01  -0.118503E+01  -0.294481E+00   0.255953E+02   0.550490E+00   0.273462E+01   0.542351E+01   0.376764E-02   0.209426E-02   0.154727E-01   0.248950E-02   0.406564E-02  -0.415864E+02   0.160085E+02   0.000000E+00  -0.575949E+02   0.115190E+03
   0.332504E+02  -0.385360E+01  -0.112551E+00   0.271644E+01   0.267754E+02   0.105876E+01   0.552428E+01   0.128626E+00   0.139637E-01   0.959430E-02   0.232642E-02   0.129302E-03   0.943686E-02  -0.426441E+02   0.162720E+02   0.000000E+00  -0.589161E+02   0.117832E+03
   0.330131E+02  -0.479460E+00  -0.525292E+01  -0.447211E+00   0.296471E+02  -0.481789E+00   0.113966E+01   0.457158E+00   0.269996E-01   0.192859E-01   0.232642E-02   0.343796E-02   0.430690E-02  -0.429338E+02   0.154850E+02   0.000000E+00  -0.584188E+02   0.116838E+03
   0.325001E+02  -0.160798E+01   0.443156E-01  -0.705458E+01   0.293750E+02  -0.941674E-01   0.199893E+01   0.539606E+01   0.266408E-04   0.270445E-02   0.175823E-02   0.323292E-02   0.262182E-01  -0.443416E+02   0.150293E+02   0.000000E+00  -0.593709E+02   0.118742E+03
   0.318656E+02   0.103361E+00  -0.235473E+00  -0.312491E+01   0.268144E+02  -0.456466E+01   0.128273E+01   0.241306E+01   0.172976E-03   0.461653E-02   0.195565E-01   0.122175E-01   0.604885E-02  -0.438002E+02   0.141767E+02   0.000000E+00  -0.579769E+02   0.115954E+03
   0.321628E+02   0.759182E+00  -0.235473E+00  -0.447579E+01   0.266672E+02   0.334898E+01   0.283446E+01  -0.156992E+01   0.356128E-01   0.161372E-01   0.173495E-01   0.838462E-02   0.132297E-01  -0.476584E+02   0.129106E+02   0.000000E+00  -0.605690E+02   0.121138E+03
   0.336144E+02  -0.352695E+01  -0.550779E+01  -0.246914E+01   0.276139E+02   0.265435E+01  -0.725594E+00  -0.304964E+01   0.178007E-02   0.172935E-01   0.803071E-02   0.622770E-02   0.124264E-01  -0.469448E+02   0.140228E+02   0.000000E+00  -0.609676E+02   0.121935E+03
   0.334771E+02  -0.132284E+00  -0.585879E+01   0.533234E+01   0.289934E+02  -0.122485E+01  -0.312725E-02   0.614321E+00   0.122957E-02   0.304478E-01   0.441185E-02   0.705836E-04   0.131876E-01  -0.453476E+02   0.136089E+02   0.000000E+00  -0.589565E+02   0.117913E+03
   0.334771E+02   0.551624E+00  -0.522187E+01  -0.194315E+01   0.288623E+02   0.599617E+00   0.531404E+01  -0.928854E+01   0.122957E-02   0.109852E-01   0.487513E-02   0.883119E-02   0.323843E-02  -0.450759E+02   0.156277E+02   0.000000E+00  -0.607036E+02   0.121407E+03
   0.316423E+02   0.188920E+00   0.123908E+01  -0.227547E+01   0.283879E+02   0.261957E+01   0.442082E+01   0.658476E+01   0.971455E-03   0.219542E-01   0.117861E-01   0.975220E-02   0.956344E-02  -0.469566E+02   0.131151E+02   0.000000E+00  -0.600717E+02   0.120143E+03
   0.337208E+02  -0.172217E+01   0.286673E+00  -0.101489E+02   0.282247E+02  -0.103045E+00  -0.838523E+01   0.435845E+01   0.454757E-02   0.301115E-01   0.171233E-01   0.343924E-02   0.687088E-02  -0.500395E+02   0.126662E+02   0.000000E+00  -0.627057E+02   0.125411E+03
   0.316332E+02  -0.151515E+01  -0.678029E+00   0.318379E+01   0.284463E+02  -0.379619E+01  -0.446778E+00   0.637268E+01   0.126087E-01   0.111985E-02   0.100459E-01   0.437210E-02   0.751550E-02  -0.434417E+02   0.161153E+02   0.000000E+00  -0.595570E+02   0.119114E+03
   0.338602E+02  -0.162139E+01  -0.678029E+00   0.141020E+01   0.287089E+02   0.762834E+00   0.550483E+01   0.322108E+01   0.358084E-01   0.111985E-02   0.756995E-02   0.356124E-02   0.425367E-02  -0.434184E+02   0.167702E+02   0.000000E+00  -0.601886E+02   0.120377E+03
   0.329390E+02  -0.448727E+00  -0.267723E+01   0.178649E-01   0.281308E+02  -0.783578E+00  -0.160969E+01  -0.788537E+00   0.220787E-01   0.512916E-02   0.181655E-01   0.225308E-02   0.790013E-03  -0.406042E+02   0.157869E+02   0.000000E+00  -0.563911E+02   0.112782E+03
   0.322531E+02   0.342905E-01  -0.906230E+00  -0.128574E+00   0.267565E+02   0.582799E+01   0.176311E+01  -0.278683E+01   0.518640E-02   0.292496E-02   0.798167E-02   0.808145E-03   0.150616E-01  -0.431877E+02   0.157430E+02   0.000000E+00  -0.589307E+02   0.117861E+03
   0.324658E+02  -0.172542E+01   0.150400E+01   0.239720E+01   0.280556E+02   0.116517E+01   0.140061E+01  -0.174478E+01   0.110961E-01   0.274370E-03   0.186269E-01   0.141359E-02   0.204412E-01  -0.424380E+02   0.143451E+02   0.000000E+00  -0.567831E+02   0.113566E+03
   0.328908E+02  -0.158076E+01   0.219398E+01  -0.910440E+00   0.264767E+02  -0.159642E+01   0.252751E+01   0.724840E+00   0.145361E-01   0.909786E-03   0.410674E-02   0.141359E-02   0.256283E-01  -0.420533E+02   0.152148E+02   0.000000E+00  -0.572681E+02   0.114536E+03
   0.340432E+02  -0.267261E+01  -0.530066E+01   0.505645E+00   0.308211E+02  -0.277753E+01  -0.349685E+00  -0.161620E+01   0.154078E-01   0.317822E-02   0.212120E-03   0.133133E-01   0.354271E-02  -0.428120E+02   0.163960E+02   0.000000E+00  -0.592080E+02   0.118416E+03
   0.346757E+02  -0.557768E+01  -0.105605E+00  -0.230434E+01   0.280073E+02   0.891901E+00  -0.380494E+01   0.254200E+01   0.122948E-01   0.311090E-02   0.103882E-01   0.228013E-02   0.334260E-02  -0.435107E+02   0.165085E+02   0.000000E+00  -0.600192E+02   0.120038E+03
   0.347203E+02  -0.557768E+01  -0.509954E+01   0.294082E+01   0.279889E+02   0.446975E+01  -0.552462E+01   0.483474E+01   0.945842E-02   0.370357E-02   0.132405E-02   0.191814E-01   0.264028E-01  -0.505700E+02   0.133595E+02   0.000000E+00  -0.639295E+02   0.127859E+03
   0.329122E+02   0.167039E+01  -0.531634E+01  -0.499428E+01   0.292419E+02   0.214215E+01   0.624951E+00   0.918471E+01   0.255510E-01   0.267516E-01   0.323625E-01   0.173117E-02   0.177594E-02  -0.496653E+02   0.121586E+02   0.000000E+00  -0.618239E+02   0.123648E+03
   0.329816E+02  -0.189482E+01  -0.651104E+00   0.138734E+01   0.286479E+02   0.797176E+00  -0.244028E+01   0.814200E+01   0.327333E-02   0.153286E-01   0.343244E-01   0.558524E-02   0.899489E-03  -0.446751E+02   0.128069E+02   0.000000E+00  -0.574820E+02   0.114964E+03
   0.337574E+02  -0.319964E+00   0.690145E-01  -0.685689E+01   0.259129E+02  -0.314637E+01   0.439539E+01  -0.215503E+01   0.247791E-01   0.318487E-02   0.111252E-01   0.250373E-01   0.671301E-02  -0.469361E+02   0.138146E+02   0.000000E+00  -0.607507E+02   0.121501E+03
   0.332402E+02  -0.416027E+01   0.257096E+01   0.353758E+01   0.308919E+02   0.546978E+01   0.592460E+01  -0.274300E+01   0.359138E-02   0.174445E-01   0.283703E-02   0.197580E-03   0.161428E-02  -0.471359E+02   0.162113E+02   0.000000E+00  -0.633472E+02   0.126694E+03
   0.339865E+02  -0.152469E+01  -0.419213E+01   0.995747E+00   0.308782E+02  -0.275943E+01  -0.283632E+01   0.751966E+01   0.123603E-01   0.999693E-03   0.234146E-01   0.104949E-01   0.152550E-01  -0.461534E+02   0.134043E+02   0.000000E+00  -0.595577E+02   0.119115E+03
   0.342829E+02  -0.391304E+01  -0.123645E+00   0.101261E+02   0.263870E+02   0.197183E+01  -0.112072E+01   0.162379E+01   0.135460E-01   0.189162E-01   0.614271E-02   0.235542E-02   0.333335E-02  -0.459335E+02   0.153459E+02   0.000000E+00  -0.612794E+02   0.122559E+03
   0.342829E+02  -0.185742E+00  -0.321111E+01  -0.787015E+01   0.254169E+02  -0.548053E+01  -0.221446E+01  -0.273402E+01   0.239896E-02   0.580254E-03   0.782472E-02   0.395967E-03   0.545268E-02  -0.443627E+02   0.169953E+02   0.000000E+00  -0.613580E+02   0.122716E+03
   0.324771E+02  -0.146269E+01   0.168345E+01   0.576730E+01   0.270818E+02  -0.201075E+01  -0.241242E+00  -0.224432E+01   0.116485E-01   0.130157E-02   0.566538E-02   0.246923E-01   0.169712E-01  -0.446654E+02   0.135576E+02   0.000000E+00  -0.582230E+02   0.116446E+03
   0.344599E+02  -0.116696E+01  -0.531785E+01  -0.163404E+01   0.291414E+02   0.886620E+00   0.610273E+01  -0.165587E+01   0.621738E-02   0.420965E-02   0.763043E-02   0.666016E-03   0.655497E-02  -0.430895E+02   0.165146E+02   0.000000E+00  -0.596041E+02   0.119208E+03
   0.322664E+02   0.111695E+00  -0.436483E+00  -0.140756E+01   0.284944E+02   0.382917E+01   0.316230E+01  -0.625277E+01   0.287154E-01   0.821674E-02   0.144792E-02   0.131997E-01   0.612547E-02  -0.441749E+02   0.155217E+02   0.000000E+00  -0.596966E+02   0.119393E+03
   0.321516E+02  -0.167616E+00   0.257727E+01  -0.203388E+01   0.289816E+02  -0.133295E+01   0.188598E+01  -0.101909E+01   0.129607E-01   0.411262E-02   0.315095E-02   0.510782E-02   0.317901E-02  -0.412116E+02   0.168656E+02   0.000000E+00  -0.580772E+02   0.116154E+03
   0.337837E+02  -0.194912E+01  -0.185900E+01  -0.436530E+01   0.298723E+02   0.577526E+00   0.175148E+01  -0.134000E+00   0.142794E-01   0.617839E-02   0.223878E-01   0.293311E-02   0.277818E-02  -0.425235E+02   0.149929E+02   0.000000E+00  -0.575164E+02   0.115033E+03
   0.342554E+02  -0.165552E+01  -0.614498E+01   0.680265E+00   0.296255E+02  -0.438037E+01  -0.229251E+01   0.620197E+00   0.430566E-02   0.129698E-02   0.915972E-01   0.813958E-03   0.845172E-02  -0.507692E+02   0.820469E+01   0.000000E+00  -0.589739E+02   0.117948E+03
   0.335352E+02  -0.481393E+01   0.168868E+01   0.825876E+00   0.264251E+02   0.522753E+00  -0.219689E+01   0.318130E+01   0.131422E-01   0.330802E-01   0.241710E-01   0.418057E-02   0.612933E-02  -0.473769E+02   0.116646E+02   0.000000E+00  -0.590415E+02   0.118083E+03
   0.322210E+02  -0.309842E+01   0.168868E+01  -0.621885E+01   0.280409E+02  -0.517171E+01  -0.419783E+01   0.636353E+01   0.103240E-01   0.372098E-02   0.150261E-01   0.104096E-02   0.115338E-01  -0.477245E+02   0.152885E+02   0.000000E+00  -0.630130E+02   0.126026E+03
   0.342189E+02  -0.478981E+01   0.168868E+01   0.424591E+01   0.266115E+02   0.102548E+01   0.196318E+01   0.679112E+01   0.148374E-01   0.140985E-01   0.290663E-02   0.193327E-01   0.118609E-01  -0.465896E+02   0.136008E+02   0.000000E+00  -0.601904E+02   0.120381E+03
   0.333223E+02   0.323446E+01  -0.183593E+01  -0.520603E+01   0.252253E+02   0.102548E+01  -0.272229E+01   0.412020E+00   0.294758E-01   0.978080E-02   0.592846E-02   0.104426E-01   0.160203E-01  -0.486233E+02   0.142035E+02   0.000000E+00  -0.628268E+02   0.125654E+03
   0.308654E+02   0.183347E+01  -0.692946E-01  -0.651632E+00   0.274143E+02  -0.658507E+01  -0.253165E+01   0.164656E+01   0.864896E-02   0.155664E-01   0.142489E-01   0.645685E-02   0.218243E-02  -0.466891E+02   0.145752E+02   0.000000E+00  -0.612643E+02   0.122529E+03
   0.308801E+02   0.106621E+01  -0.147810E+01  -0.703163E+01   0.284669E+02   0.187176E+01  -0.574487E+00   0.497662E+01   0.239032E-01   0.537737E-02   0.240354E-02   0.669226E-02   0.175105E-01  -0.470878E+02   0.152223E+02   0.000000E+00  -0.623101E+02   0.124620E+03
   0.336947E+02   0.967839E+00  -0.604137E+01  -0.744550E+01   0.293326E+02  -0.843878E+00   0.576659E+01   0.400177E+01   0.232971E-01   0.500090E-02   0.653432E-02   0.282114E-01   0.141406E-01  -0.485450E+02   0.130320E+02   0.000000E+00  -0.615770E+02   0.123154E+03
   0.342205E+02  -0.290485E+01  -0.352794E+01   0.539586E+01   0.284183E+02   0.143612E+01  -0.134522E+01   0.109843E+01   0.142860E-02   0.180487E-01   0.192114E-01   0.647229E-03   0.130420E-02  -0.432378E+02   0.144995E+02   0.000000E+00  -0.577373E+02   0.115475E+03
   0.323618E+02  -0.135564E+01  -0.214357E+01  -0.290392E+01   0.284183E+02  -0.323438E+01  -0.446426E+00   0.257701E+01   0.162741E-01   0.802940E-02   0.179050E-01   0.674217E-02   0.122987E-01  -0.434922E+02   0.139232E+02   0.000000E+00  -0.574154E+02   0.114831E+03
   0.319084E+02   0.122003E+01  -0.391605E+01  -0.339437E+01   0.293160E+02  -0.212824E+01  -0.253495E+01   0.558363E+01   0.842989E-02   0.186562E-01   0.313619E-01   0.727154E-02   0.317242E-01  -0.489644E+02   0.951930E+01   0.000000E+00  -0.584837E+02   0.116967E+03
   0.312707E+02   0.144659E+01   0.423763E+01  -0.171424E+01   0.278513E+02  -0.354307E+00  -0.874549E+00   0.268340E+01   0.520883E-01   0.993658E-02   0.683313E-02   0.703377E-02   0.239411E-01  -0.511680E+02   0.136462E+02   0.000000E+00  -0.648142E+02   0.129628E+03
   0.332507E+02   0.137337E+01   0.531512E+01  -0.153922E+01   0.288935E+02  -0.792516E+00  -0.723622E+01  -0.520078E+01   0.142136E-01   0.139763E-01   0.500298E-02   0.163831E-01   0.218271E-01  -0.525605E+02   0.127017E+02   0.000000E+00  -0.652622E+02   0.130524E+03
   0.326150E+02  -0.129444E+00  -0.345999E+01  -0.244658E+01   0.282281E+02   0.395767E+01   0.358740E+01  -0.457731E+01   0.970564E-02   0.226775E-01   0.184882E-01   0.720404E-02   0.976936E-02  -0.456921E+02   0.126068E+02   0.000000E+00  -0.582989E+02   0.116598E+03
   0.322299E+02  -0.146532E+01   0.844954E-01  -0.330119E+01   0.274860E+02  -0.229319E+01   0.567621E+01   0.517560E+01   0.247839E-01   0.101023E-01   0.149832E-02   0.201221E-02   0.122556E-01  -0.438937E+02   0.158338E+02   0.000000E+00  -0.597275E+02   0.119455E+03
   0.322299E+02  -0.493468E+00  -0.584368E+01   0.281331E+01   0.264979E+02   0.184231E+01  -0.660212E-01  -0.655110E+01   0.841845E-02   0.263381E-01   0.492814E-02   0.201880E-02   0.727156E-02  -0.463533E+02   0.143650E+02   0.000000E+00  -0.607183E+02   0.121437E+03
   0.322155E+02  -0.493468E+00  -0.206523E+01  -0.529929E+01   0.308485E+02  -0.219680E+01  -0.496051E+01   0.529623E+01   0.275426E-01   0.448215E-02   0.479078E-03   0.292214E-01   0.282002E-01  -0.487359E+02   0.121824E+02   0.000000E+00  -0.609183E+02   0.121837E+03
   0.337854E+02  -0.327903E+01  -0.413066E+01   0.299085E+01   0.276709E+02  -0.696775E+00   0.452081E+01  -0.243370E+01   0.998872E-02   0.127738E-01   0.495195E-02   0.751356E-03   0.702857E-02  -0.427646E+02   0.158701E+02   0.000000E+00  -0.586347E+02   0.117269E+03
   0.330506E+02  -0.327903E+01  -0.256913E+01   0.772696E+01   0.276897E+02   0.110454E+01  -0.299767E+01   0.618087E+01   0.208473E-02   0.119680E-02   0.259665E-01   0.710338E-02   0.930500E-02  -0.467738E+02   0.140635E+02   0.000000E+00  -0.608373E+02   0.121675E+03
   0.322575E+02  -0.206270E+01  -0.141703E+00  -0.344880E+01   0.297001E+02   0.753618E+01  -0.441596E+01  -0.113987E+01   0.114857E-01   0.134121E-01   0.187508E-01   0.651207E-02   0.732711E-02  -0.480754E+02   0.138205E+02   0.000000E+00  -0.618959E+02   0.123792E+03
   0.322575E+02   0.768924E+00   0.199639E+01  -0.345202E+01   0.303833E+02  -0.371048E+01   0.318802E+01   0.603019E+01   0.305500E-01   0.135394E-02   0.953382E-03   0.153010E-01   0.291030E-02  -0.458921E+02   0.163688E+02   0.000000E+00  -0.622609E+02   0.124522E+03
   0.315947E+02   0.156858E+01  -0.129927E+01   0.197354E+01   0.299449E+02  -0.282762E+01  -0.714642E+01   0.411071E+01   0.863433E-02   0.239045E-01   0.942693E-02   0.443918E-02   0.675714E-02  -0.465066E+02   0.139679E+02   0.000000E+00  -0.604745E+02   0.120949E+03
   0.342002E+02  -0.528388E+01   0.249032E+01   0.379659E+01   0.286614E+02   0.844765E-01  -0.418195E+01  -0.860109E+01   0.302161E-02   0.486932E-02   0.518501E-03   0.100265E-01   0.185726E-01  -0.459704E+02   0.150220E+02   0.000000E+00  -0.609924E+02   0.121985E+03
   0.338381E+02  -0.122988E+01  -0.292344E+01  -0.722422E+01   0.295909E+02   0.158268E+01   0.342088E+01   0.413788E+01   0.185470E-01   0.151776E-02   0.116442E-01   0.209796E-01   0.462527E-02  -0.451938E+02   0.145440E+02   0.000000E+00  -0.597378E+02   0.119476E+03
   0.324823E+02  -0.722851E+00  -0.461944E+00   0.170868E+01   0.280990E+02  -0.271737E+00  -0.854310E-01  -0.172143E+01   0.241889E-01   0.139678E-01   0.631174E-02   0.369925E-01   0.806688E-02  -0.448015E+02   0.118868E+02   0.000000E+00  -0.566883E+02   0.113377E+03
   0.337242E+02  -0.265065E+01   0.602813E+00  -0.118629E+01   0.314459E+02   0.136726E-01  -0.730177E+01  -0.141070E+02   0.172269E-01   0.928897E-02   0.322421E-03   0.721904E-03   0.411095E-01  -0.509633E+02   0.132764E+02   0.000000E+00  -0.642397E+02   0.128479E+03
   0.335628E+02  -0.180448E+01  -0.303117E+01   0.284715E+01   0.259040E+02   0.538815E+01   0.138921E+01  -0.860305E+01   0.784024E-02   0.916293E-02   0.975704E-02   0.277264E-02   0.172931E-01  -0.463096E+02   0.145221E+02   0.000000E+00  -0.608317E+02   0.121663E+03
   0.316585E+02  -0.180448E+01   0.223966E+01  -0.276126E+01   0.262406E+02   0.350607E+01   0.416392E+01  -0.234818E+01   0.404217E-02   0.166617E-01   0.120009E-02   0.166546E-02   0.279960E-01  -0.469782E+02   0.136684E+02   0.000000E+00  -0.606466E+02   0.121293E+03
   0.333725E+02  -0.180448E+01  -0.129982E+01  -0.201615E+01   0.277313E+02   0.134935E+01   0.466672E+00  -0.613473E+00   0.256725E-01   0.166710E-02   0.402479E-02   0.307028E-02   0.241019E-02  -0.395392E+02   0.173034E+02   0.000000E+00  -0.568426E+02   0.113685E+03
   0.336773E+02  -0.103743E+01  -0.129982E+01  -0.861116E+01   0.288919E+02  -0.421821E+01  -0.366713E+01   0.842736E+01   0.161670E-01   0.640625E-02   0.402479E-02   0.749176E-02   0.199413E-02  -0.445865E+02   0.164290E+02   0.000000E+00  -0.610155E+02   0.122031E+03
   0.332389E+02  -0.158155E+01  -0.110107E+01  -0.983198E+01   0.281553E+02   0.123035E+01   0.378479E+01   0.102339E+01   0.954845E-02   0.371959E-02   0.748319E-03   0.214026E-02   0.423194E-03  -0.429737E+02   0.177175E+02   0.000000E+00  -0.606912E+02   0.121382E+03
   0.330573E+02  -0.190770E+01  -0.213709E+01   0.491527E+01   0.269936E+02  -0.121629E+01   0.327513E+01   0.102339E+01   0.119002E-02   0.211522E-02   0.661838E-02   0.574255E-02   0.709641E-02  -0.411828E+02   0.162634E+02   0.000000E+00  -0.574462E+02   0.114892E+03
   0.333179E+02  -0.132832E+01  -0.247536E+01  -0.629378E+01   0.256033E+02  -0.528434E+00  -0.102576E+01   0.167554E+01   0.104692E-01   0.455776E-02   0.171217E-01   0.127018E-01   0.178410E-01  -0.452140E+02   0.131985E+02   0.000000E+00  -0.584125E+02   0.116825E+03
   0.335278E+02  -0.169878E+01  -0.317690E+01   0.121741E+01   0.266746E+02   0.796607E-01   0.311087E+01  -0.828403E+01   0.104692E-01   0.544413E-02   0.692836E-02   0.181351E-01   0.110815E-01  -0.443044E+02   0.142618E+02   0.000000E+00  -0.585662E+02   0.117132E+03
   0.335278E+02  -0.347857E+01  -0.175437E+01  -0.110976E+01   0.313062E+02   0.108458E+01  -0.192757E+01  -0.322148E+01   0.742226E-02   0.763780E-02   0.129105E-01   0.180419E-03   0.711944E-02  -0.427861E+02   0.156359E+02   0.000000E+00  -0.584220E+02   0.116844E+03
   0.338944E+02  -0.280168E+01  -0.727306E+00  -0.490336E+00   0.278307E+02  -0.110364E+00  -0.241192E+01  -0.251493E+01   0.100462E-01   0.808737E-02   0.275981E-01   0.151691E-02   0.331541E-02  -0.419626E+02   0.143689E+02   0.000000E+00  -0.563315E+02   0.112663E+03
   0.329847E+02  -0.274798E+01   0.216690E+01  -0.490336E+00   0.268275E+02   0.768818E-01   0.439638E+01   0.106610E+01   0.198797E-01   0.757133E-02   0.236342E-02   0.850444E-03   0.295947E-01  -0.437444E+02   0.143827E+02   0.000000E+00  -0.581271E+02   0.116254E+03
   0.327248E+02   0.722291E+00  -0.223881E+00  -0.556212E+01   0.278165E+02  -0.909491E+00   0.552863E+01   0.529340E+01   0.261742E-01   0.298015E-02   0.690827E-02   0.270948E-01   0.457417E-02  -0.457760E+02   0.142649E+02   0.000000E+00  -0.600409E+02   0.120082E+03
   0.339838E+02  -0.175729E+01   0.369437E+00   0.227843E+01   0.247241E+02   0.640546E+00   0.908220E+01  -0.466266E+01   0.184568E-01   0.402122E-02   0.856745E-02   0.284590E-01   0.151954E-01  -0.499796E+02   0.127964E+02   0.000000E+00  -0.627760E+02   0.125552E+03
   0.330685E+02  -0.117420E+01  -0.678458E+00  -0.457876E+01   0.297663E+02   0.374829E+00  -0.849377E+01  -0.368645E+01   0.791342E-02   0.661030E-02   0.945016E-02   0.238200E-01   0.142944E-01  -0.461867E+02   0.130032E+02   0.000000E+00  -0.591899E+02   0.118380E+03
   0.331891E+02  -0.808267E+00   0.133267E+01  -0.700864E+01   0.259584E+02  -0.188465E+01  -0.587571E+00   0.226129E+01   0.219731E-02   0.644941E-02   0.125390E-01   0.150198E-01   0.837456E-03  -0.437822E+02   0.149361E+02   0.000000E+00  -0.587183E+02   0.117437E+03
   0.319109E+02   0.128112E+01  -0.347049E+01  -0.199450E+01   0.292668E+02  -0.384177E+01   0.114577E+01   0.680701E+00   0.270439E-01   0.280097E-03   0.567208E-02   0.610032E-02   0.149344E-01  -0.436871E+02   0.157220E+02   0.000000E+00  -0.594091E+02   0.118818E+03
   0.331778E+02  -0.576250E+00  -0.209762E+00   0.645315E+00   0.297208E+02   0.450645E+01  -0.236515E+00  -0.353537E+01   0.249162E-02   0.126855E-01   0.491307E-02   0.467994E-02   0.119301E-02  -0.424340E+02   0.160735E+02   0.000000E+00  -0.585075E+02   0.117015E+03
   0.328913E+02  -0.576250E+00  -0.217925E+01   0.131267E+01   0.282158E+02  -0.210741E+01   0.107828E+01  -0.306626E+01   0.380016E-01   0.126286E-02   0.495946E-02   0.141051E-01   0.119301E-02  -0.428239E+02   0.162686E+02   0.000000E+00  -0.590925E+02   0.118185E+03
   0.322291E+02   0.285845E+01  -0.374727E+01  -0.386088E+01   0.258528E+02  -0.150221E+00   0.485250E+01   0.111906E+02   0.119936E-01   0.177024E-01   0.734969E-02   0.301283E-04   0.220783E-02  -0.473034E+02   0.156917E+02   0.000000E+00  -0.629951E+02   0.125990E+03
   0.323689E+02  -0.274734E+01   0.188292E+01   0.231525E+01   0.263067E+02   0.648379E+00  -0.143305E+01   0.262755E+01   0.330357E-01   0.118600E-02   0.280322E-01   0.482977E-02   0.190912E-02  -0.449322E+02   0.148250E+02   0.000000E+00  -0.597572E+02   0.119514E+03
   0.329350E+02  -0.141435E+01  -0.832580E+00   0.988087E+01   0.271204E+02  -0.323532E+01  -0.409105E+01  -0.299069E+01   0.184153E-01   0.161505E-02   0.359966E-02   0.125958E-02   0.173017E-02  -0.442981E+02   0.176002E+02   0.000000E+00  -0.618983E+02   0.123797E+03
   0.329998E+02  -0.968453E+00  -0.404130E+01  -0.383460E+01   0.278098E+02   0.248357E+01   0.361094E+01   0.161507E+01   0.162763E-01   0.161505E-02   0.132590E-01   0.512827E-03   0.798073E-03  -0.413550E+02   0.168022E+02   0.000000E+00  -0.581572E+02   0.116314E+03
   0.328633E+02  -0.133213E+01  -0.608379E+00   0.195194E+01   0.309879E+02   0.333059E+01  -0.160884E+01  -0.629573E+01   0.386102E-02   0.691633E-02   0.330334E-03   0.644795E-02   0.152072E-02  -0.418935E+02   0.168991E+02   0.000000E+00  -0.587926E+02   0.117585E+03
   0.335764E+02  -0.289894E+01  -0.224236E+01   0.389434E+01   0.275029E+02   0.281126E+01  -0.665223E+01   0.349607E+01   0.127413E-01   0.491244E-02   0.518237E-02   0.117142E-01   0.354681E-02  -0.434519E+02   0.158851E+02   0.000000E+00  -0.593370E+02   0.118674E+03
   0.341066E+02  -0.289889E+01  -0.393360E+01  -0.153706E+01   0.285329E+02  -0.113085E+01  -0.357171E+01  -0.791084E+01   0.217323E-01   0.106500E-01   0.133188E-01   0.105431E-01   0.579236E-02  -0.451529E+02   0.143903E+02   0.000000E+00  -0.595432E+02   0.119086E+03
   0.335354E+02  -0.399772E+01   0.165143E+00   0.617686E+01   0.287835E+02   0.531885E+00   0.315646E+00  -0.236349E+01   0.241842E-01   0.991851E-02   0.248327E-02   0.426196E-02   0.154301E-01  -0.435334E+02   0.152113E+02   0.000000E+00  -0.587447E+02   0.117489E+03
   0.354153E+02  -0.154122E+01   0.182747E+01   0.338209E+00   0.265861E+02  -0.550780E+01  -0.284044E+01  -0.629822E+01   0.122665E-01   0.167840E-01   0.330070E-02   0.154578E-02   0.548526E-02  -0.487378E+02   0.157091E+02   0.000000E+00  -0.644469E+02   0.128894E+03
   0.336215E+02  -0.181289E+01  -0.271623E+01  -0.111529E+01   0.258504E+02  -0.803240E+00  -0.170238E+00   0.106318E+02   0.156425E-02   0.112092E-01   0.779931E-03   0.101417E-01   0.802736E-02  -0.439520E+02   0.154049E+02   0.000000E+00  -0.593569E+02   0.118714E+03
   0.333548E+02  -0.188115E+01  -0.455943E+01  -0.174482E+01   0.281029E+02   0.153209E+01  -0.708160E+01  -0.625198E+00   0.897570E-02   0.568121E-02   0.821726E-03   0.217247E-02   0.843200E-02  -0.418761E+02   0.167099E+02   0.000000E+00  -0.585860E+02   0.117172E+03
   0.334514E+02  -0.137154E+01  -0.920052E+00   0.430581E+01   0.284195E+02   0.753922E+00  -0.133489E+00   0.100618E+02   0.195740E-01   0.938057E-02   0.821726E-03   0.504870E-02   0.841466E-02  -0.434372E+02   0.160541E+02   0.000000E+00  -0.594913E+02   0.118983E+03
   0.324879E+02   0.281523E+00  -0.196565E+01   0.237311E+01   0.286071E+02  -0.385567E+01   0.319547E+01   0.523626E+01   0.337775E-02   0.967760E-04   0.434864E-02   0.598361E-02   0.692235E-02  -0.413727E+02   0.166855E+02   0.000000E+00  -0.580582E+02   0.116116E+03
   0.332271E+02   0.119603E+01  -0.477958E+01   0.312078E+00   0.275692E+02  -0.497936E+00   0.509217E+01   0.306037E+01   0.159503E-01   0.967760E-04   0.892715E-03   0.474434E-02   0.113411E-01  -0.423755E+02   0.167132E+02   0.000000E+00  -0.590887E+02   0.118177E+03
   0.323631E+02   0.119199E+01  -0.619786E+01   0.281715E+01   0.317880E+02   0.106944E+01  -0.363890E+01  -0.184639E+01   0.178652E-01   0.831298E-02   0.616428E-02   0.156488E-02   0.414485E-02  -0.456614E+02   0.164020E+02   0.000000E+00  -0.620634E+02   0.124127E+03
   0.333061E+02  -0.267182E+00  -0.267685E+01  -0.271530E+01   0.265774E+02   0.198668E+01  -0.733077E+01   0.362378E+01   0.728804E-02   0.921369E-02   0.591493E-02   0.124486E-01   0.335264E-01  -0.468107E+02   0.123103E+02   0.000000E+00  -0.591210E+02   0.118242E+03
   0.329999E+02  -0.242627E+01  -0.108599E+01  -0.359739E+01   0.287876E+02   0.363846E+01  -0.285165E+01  -0.664700E+01   0.261054E-01   0.727857E-02   0.222020E-01   0.570940E-02   0.225249E-01  -0.468701E+02   0.126492E+02   0.000000E+00  -0.595193E+02   0.119039E+03
   0.327569E+02   0.799244E+00  -0.287405E+01  -0.209065E+00   0.259919E+02  -0.135272E+01  -0.571085E+01   0.701623E-01   0.953583E-02   0.286321E-02   0.226432E-01   0.316212E-01   0.553875E-02  -0.460566E+02   0.121540E+02   0.000000E+00  -0.582106E+02   0.116421E+03
   0.347231E+02  -0.347010E+01  -0.615109E+00   0.684796E+01   0.259292E+02   0.973540E+00  -0.128875E+01  -0.432318E+01   0.142072E-01   0.256320E-02   0.487808E-02   0.329757E-03   0.252831E-02  -0.426424E+02   0.173907E+02   0.000000E+00  -0.600331E+02   0.120066E+03
   0.300429E+02   0.918713E+00   0.418086E+00  -0.488293E+01   0.296791E+02   0.245272E+01   0.170997E+01  -0.262012E+01   0.133302E-02   0.287177E-02   0.654557E-02   0.348360E-02   0.944830E-02  -0.474958E+02   0.161858E+02   0.000000E+00  -0.636816E+02   0.127363E+03
   0.311112E+02   0.918713E+00  -0.210197E+01  -0.327318E+01   0.256780E+02  -0.372300E+01   0.411637E+01  -0.540969E+01   0.357193E-02   0.137294E-01   0.183089E-01   0.788194E-02   0.944830E-02  -0.487157E+02   0.134838E+02   0.000000E+00  -0.621995E+02   0.124399E+03
   0.320151E+02  -0.240494E+00  -0.756226E+00  -0.167666E+01   0.285457E+02  -0.172698E+01   0.807909E+00  -0.582643E+01   0.134681E-01   0.519452E-02   0.265104E-01   0.803028E-02   0.110429E-02  -0.431224E+02   0.143367E+02   0.000000E+00  -0.574591E+02   0.114918E+03
   0.334240E+02  -0.193179E+00  -0.146696E+01  -0.222950E+01   0.270859E+02  -0.159810E+01  -0.506295E+01  -0.116854E+01   0.125412E-01   0.107802E-02   0.664564E-02   0.856773E-02   0.172235E-02  -0.405963E+02   0.166193E+02   0.000000E+00  -0.572156E+02   0.114431E+03
   0.331242E+02   0.266275E+01  -0.277023E+01  -0.113359E+02   0.282577E+02  -0.115628E+01   0.530040E+00   0.230751E+01   0.705908E-02   0.136150E-01   0.616464E-02   0.207092E-02   0.172235E-02  -0.447542E+02   0.160634E+02   0.000000E+00  -0.608176E+02   0.121635E+03
   0.327111E+02   0.266275E+01  -0.219536E+01   0.118744E+00   0.292987E+02  -0.303630E+01  -0.257525E+01   0.851919E+00   0.266678E-01   0.207041E-01   0.251052E-02   0.150446E-01   0.424687E-02  -0.464123E+02   0.141701E+02   0.000000E+00  -0.605824E+02   0.121165E+03
   0.334586E+02  -0.949750E+00   0.248107E+01   0.563895E+01   0.305668E+02   0.251346E+01  -0.100577E+01  -0.795649E+00   0.181543E-01   0.297679E-01   0.441659E-02   0.718193E-02   0.355946E-02  -0.466301E+02   0.139281E+02   0.000000E+00  -0.605582E+02   0.121116E+03
   0.319960E+02  -0.207752E+01   0.529138E+01  -0.536164E+01   0.262237E+02  -0.309634E+01   0.381075E+01   0.152073E+01   0.126187E-01   0.287957E-02   0.144704E-01   0.132818E-01   0.142014E-02  -0.474389E+02   0.152155E+02   0.000000E+00  -0.626544E+02   0.125309E+03
   0.338502E+02  -0.207752E+01  -0.125403E+01  -0.585881E+00   0.275918E+02  -0.239891E+01  -0.283060E+00   0.206413E+01   0.230322E-01   0.233853E-01   0.878287E-02   0.494293E-02   0.571873E-02  -0.426939E+02   0.141377E+02   0.000000E+00  -0.568316E+02   0.113663E+03
   0.345845E+02  -0.554951E+01  -0.817675E+00  -0.315027E+01   0.255113E+02   0.451347E+00  -0.154135E+00  -0.194883E+01   0.269712E-01   0.800925E-02   0.758487E-02   0.480873E-02   0.188042E-02  -0.461044E+02   0.161924E+02   0.000000E+00  -0.622968E+02   0.124594E+03
   0.345845E+02  -0.579859E+01  -0.151214E+01   0.387065E+01   0.316708E+02   0.174556E+01  -0.737626E+01  -0.228963E+01   0.240915E-01   0.245930E-01   0.167841E-02   0.581806E-03   0.188042E-02  -0.477111E+02   0.155473E+02   0.000000E+00  -0.632584E+02   0.126517E+03
   0.332860E+02  -0.371153E+01  -0.921820E+00  -0.351757E+00   0.275240E+02   0.605097E+01  -0.472299E+00  -0.119717E+01   0.365389E-03   0.293233E-02   0.851577E-02   0.107589E-01   0.147732E-01  -0.445445E+02   0.147227E+02   0.000000E+00  -0.592672E+02   0.118534E+03
   0.326976E+02  -0.232613E+00  -0.334332E+00   0.512378E+01   0.278678E+02  -0.219330E+01  -0.519317E+01  -0.396544E+01   0.357006E-02   0.195697E-01   0.180069E-01   0.158344E-01   0.473385E-03  -0.453298E+02   0.130322E+02   0.000000E+00  -0.583620E+02   0.116724E+03
   0.329349E+02  -0.301996E+01  -0.404730E+00  -0.312617E+00   0.280022E+02   0.289600E+01   0.288897E+01  -0.387911E+01   0.123853E-01   0.102710E-01   0.246724E-03   0.774585E-02   0.139808E-02  -0.412128E+02   0.164545E+02   0.000000E+00  -0.576673E+02   0.115335E+03
   0.341082E+02  -0.369029E+01   0.114074E+01  -0.350167E+01   0.254782E+02  -0.742913E+00  -0.132530E+01   0.410791E+00   0.431426E-01   0.873680E-02   0.246724E-03   0.221617E-01   0.169841E-02  -0.474763E+02   0.151363E+02   0.000000E+00  -0.626126E+02   0.125225E+03
   0.326940E+02  -0.369029E+01  -0.775022E+00  -0.164767E+01   0.256337E+02  -0.419638E+01   0.637226E+01   0.410791E+00   0.572467E-02   0.115965E-01   0.279255E-02   0.292287E-02   0.220782E-01  -0.482761E+02   0.144817E+02   0.000000E+00  -0.627578E+02   0.125516E+03
   0.327139E+02  -0.136247E+01  -0.457243E+00  -0.110474E+01   0.287660E+02  -0.295641E+01  -0.336787E+01   0.406836E-01   0.112823E-01   0.808175E-03   0.223081E-01   0.306272E-01   0.660530E-02  -0.439974E+02   0.123858E+02   0.000000E+00  -0.563832E+02   0.112766E+03
   0.329369E+02  -0.971116E+00   0.136974E+01  -0.339331E+00   0.279787E+02  -0.145182E+01  -0.443254E+00   0.118073E+01   0.266067E-01   0.665378E-02   0.303862E-02   0.528371E-02   0.645545E-02  -0.408656E+02   0.162775E+02   0.000000E+00  -0.571431E+02   0.114286E+03
   0.329439E+02  -0.108825E+01  -0.106484E+01  -0.358566E+01   0.271594E+02  -0.581290E+01   0.218443E+00   0.211263E+01   0.127364E-01   0.187557E-01   0.198650E-02   0.263838E-02   0.229580E-01  -0.442020E+02   0.137868E+02   0.000000E+00  -0.579888E+02   0.115978E+03
   0.340208E+02  -0.108825E+01  -0.529428E+01  -0.723912E+01   0.301920E+02  -0.694142E+01  -0.453802E+01   0.152332E+01   0.379475E-02   0.154727E-02   0.132091E-02   0.118705E-01   0.186468E-01  -0.475085E+02   0.150821E+02   0.000000E+00  -0.625906E+02   0.125181E+03
   0.339973E+02  -0.235172E+01  -0.259602E+01  -0.473436E+01   0.270511E+02  -0.696338E+00   0.436546E+01   0.237675E+01   0.194810E-01   0.613960E-02   0.117622E-01   0.168869E-02   0.515734E-02  -0.425702E+02   0.159459E+02   0.000000E+00  -0.585161E+02   0.117032E+03
   0.343103E+02  -0.237622E+01  -0.259602E+01   0.146458E+01   0.329066E+02   0.297446E+01   0.704586E+00   0.283306E+00   0.598918E-02   0.239869E-02   0.722242E-03   0.286638E-02   0.515734E-02  -0.446748E+02   0.173062E+02   0.000000E+00  -0.619810E+02   0.123962E+03
   0.328919E+02   0.302765E+00   0.135968E+01  -0.109279E+01   0.276371E+02   0.318853E+01  -0.407056E+01  -0.339515E+01   0.214330E-01   0.213960E-01   0.706399E-02   0.209743E-04   0.860097E-02  -0.444228E+02   0.147125E+02   0.000000E+00  -0.591353E+02   0.118271E+03
   0.335128E+02  -0.461780E+01  -0.314466E+01  -0.971389E+00   0.297803E+02  -0.606934E+01  -0.451910E+01   0.668513E+01   0.436941E-02   0.174696E-01   0.178564E-01   0.104305E-01   0.432870E-02  -0.497946E+02   0.134122E+02   0.000000E+00  -0.632068E+02   0.126414E+03
   0.349356E+02  -0.112444E+01  -0.522128E+01  -0.705694E+01   0.254901E+02   0.225323E+00  -0.504560E+01  -0.485036E+01   0.591782E-02   0.710217E-03   0.240778E-02   0.228258E-02   0.432870E-02  -0.442955E+02   0.174478E+02   0.000000E+00  -0.617433E+02   0.123487E+03
   0.335813E+02  -0.331437E+01  -0.394517E+00   0.824012E+01   0.272922E+02  -0.782346E+01   0.352508E+01   0.973192E+00   0.214959E-01   0.129895E-01   0.719823E-02   0.101734E-01   0.387640E-02  -0.488969E+02   0.149969E+02   0.000000E+00  -0.638938E+02   0.127788E+03
   0.336106E+02  -0.865925E-01  -0.798580E+01  -0.254740E+01   0.297914E+02   0.201432E+01   0.339419E+01  -0.293246E+01   0.951282E-02   0.233500E-02   0.305318E-03   0.450491E-02   0.333734E-02  -0.430127E+02   0.173724E+02   0.000000E+00  -0.603851E+02   0.120770E+03
   0.324450E+02  -0.122630E+01   0.570223E+00   0.368457E+01   0.286812E+02  -0.874319E+00  -0.679906E+01  -0.131794E+01   0.200727E-01   0.205381E-03   0.876685E-02   0.143212E-01   0.998948E-02  -0.433742E+02   0.150924E+02   0.000000E+00  -0.584666E+02   0.116933E+03
   0.340526E+02  -0.262718E+01   0.154243E+01   0.444769E+01   0.281646E+02  -0.583583E+01  -0.159558E+00  -0.100527E+02   0.114751E-01   0.320005E-01   0.269145E-02   0.497854E-02   0.217994E-01  -0.500951E+02   0.122737E+02   0.000000E+00  -0.623688E+02   0.124738E+03
   0.329252E+02   0.319027E+00  -0.315543E+01  -0.727502E+00   0.293221E+02  -0.829277E+00  -0.533089E+01   0.478055E+01   0.256678E-02   0.230060E-01   0.649462E-02   0.318005E-02   0.734684E-02  -0.432158E+02   0.144179E+02   0.000000E+00  -0.576337E+02   0.115267E+03
   0.329252E+02  -0.313705E+01   0.207813E+01   0.343100E+01   0.269694E+02  -0.113128E-01  -0.356656E+01  -0.237635E+00   0.211834E-01   0.955235E-02   0.216477E-02   0.210873E-01   0.852118E-02  -0.439387E+02   0.142881E+02   0.000000E+00  -0.582268E+02   0.116454E+03
   0.319043E+02   0.935999E+00  -0.220673E+01  -0.652848E+01   0.292833E+02   0.724897E-01  -0.120653E+00   0.369452E+01   0.523422E-02   0.543966E-02   0.247241E-02   0.464748E-02   0.207661E-02  -0.414901E+02   0.169571E+02   0.000000E+00  -0.584472E+02   0.116894E+03
   0.332967E+02   0.935999E+00  -0.250350E+01  -0.842863E+01   0.275499E+02  -0.621413E+01   0.279965E+01   0.360332E+01   0.269910E-01   0.451300E-03   0.323505E-01   0.630016E-02   0.122491E-02  -0.472550E+02   0.143880E+02   0.000000E+00  -0.616430E+02   0.123286E+03
   0.332041E+02  -0.909683E+00  -0.108019E+01  -0.183505E+01   0.286443E+02  -0.306711E+01  -0.305198E+01  -0.540281E+01   0.262584E-02   0.249832E-01   0.152119E-01   0.667563E-03   0.238890E-02  -0.429805E+02   0.140955E+02   0.000000E+00  -0.570760E+02   0.114152E+03
   0.331715E+02  -0.909683E+00  -0.285214E+01  -0.322163E+01   0.282197E+02   0.937246E+00  -0.414598E+01  -0.283160E+01   0.146178E-01   0.122886E-01   0.360819E-02   0.160715E-01   0.321792E-03  -0.415945E+02   0.151917E+02   0.000000E+00  -0.567862E+02   0.113572E+03
   0.327708E+02   0.214556E+01  -0.338986E+01  -0.306881E+01   0.293667E+02   0.622840E+00  -0.921425E+01  -0.368414E+01   0.175995E-01   0.821917E-03   0.185018E-01   0.340917E-02   0.594948E-02  -0.458199E+02   0.155524E+02   0.000000E+00  -0.613723E+02   0.122745E+03
   0.329723E+02  -0.122389E+01   0.103274E+01  -0.213511E+01   0.285133E+02   0.272612E+00   0.403820E+01  -0.199468E+01   0.231322E-01   0.257080E-01   0.252806E-01   0.122767E-02   0.130904E-01  -0.459580E+02   0.118900E+02   0.000000E+00  -0.578480E+02   0.115696E+03
   0.315456E+02   0.550196E+00  -0.141606E+01  -0.213511E+01   0.246489E+02  -0.120377E+01   0.470304E+01   0.470424E+00   0.132619E-01   0.187065E-02   0.136195E-02   0.795650E-02   0.781700E-02  -0.437689E+02   0.165201E+02   0.000000E+00  -0.602890E+02   0.120578E+03
   0.325348E+02   0.590723E+00  -0.287197E+01  -0.756798E+01   0.285188E+02  -0.332776E+01  -0.518649E+01   0.109150E+02   0.140196E-01   0.308217E-02   0.136195E-02   0.180190E-01   0.289753E-01  -0.485182E+02   0.132768E+02   0.000000E+00  -0.617950E+02   0.123590E+03
   0.333406E+02   0.346390E-01  -0.215105E+01  -0.352841E+01   0.317804E+02   0.363804E+00  -0.447810E+01  -0.197162E+01   0.474173E-02   0.628120E-02   0.195779E-03   0.172496E-01   0.114348E-02  -0.436678E+02   0.159337E+02   0.000000E+00  -0.596015E+02   0.119203E+03
   0.327368E+02  -0.992928E+00  -0.228460E+01  -0.339278E+00   0.295107E+02   0.872291E+00   0.284431E+01  -0.197162E+01   0.318318E-02   0.160940E-01   0.150014E-02   0.392351E-02   0.102665E-01  -0.413405E+02   0.152423E+02   0.000000E+00  -0.565828E+02   0.113166E+03
   0.327002E+02  -0.992928E+00  -0.241720E+01  -0.103280E-01   0.298242E+02  -0.378270E+01  -0.554412E+01   0.750879E+01   0.162307E-02   0.254392E-01   0.598350E-02   0.201870E-01   0.296639E-02  -0.456443E+02   0.129631E+02   0.000000E+00  -0.586074E+02   0.117215E+03
   0.333495E+02  -0.484842E+00  -0.252141E+01  -0.823802E+00   0.263639E+02   0.976377E+00   0.323581E+01   0.222185E+01   0.570394E-02   0.165599E-02   0.111484E-01   0.999944E-02   0.117925E-01  -0.419181E+02   0.149610E+02   0.000000E+00  -0.568791E+02   0.113758E+03
   0.328981E+02   0.101948E+01  -0.258990E+01  -0.143744E+01   0.283431E+02  -0.466007E+00  -0.428035E+00  -0.260101E+01   0.122864E-01   0.132804E-01   0.161579E-02   0.478363E-02   0.687095E-03  -0.404750E+02   0.163840E+02   0.000000E+00  -0.568590E+02   0.113718E+03
   0.325434E+02  -0.107785E+01   0.340927E+01  -0.776432E+00   0.315432E+02   0.569578E+01  -0.544076E+01   0.297870E+01   0.185775E-01   0.155746E-02   0.116458E-01   0.115490E-01   0.736327E-03  -0.481457E+02   0.158718E+02   0.000000E+00  -0.640175E+02   0.128035E+03
   0.323748E+02  -0.124940E+01   0.331276E+00   0.859105E+00   0.294397E+02  -0.192548E+01   0.823279E+00  -0.698708E+00   0.436982E-01   0.956620E-03   0.277021E-02   0.625730E-02   0.191117E-01  -0.447664E+02   0.155111E+02   0.000000E+00  -0.602775E+02   0.120555E+03
   0.334658E+02  -0.120433E+01  -0.117934E+01  -0.148660E+01   0.314958E+02  -0.282198E+01  -0.306019E+01   0.212647E+01   0.643121E-02   0.340791E-02   0.425017E-03   0.420010E-02   0.845743E-02  -0.417796E+02   0.167716E+02   0.000000E+00  -0.585512E+02   0.117102E+03
   0.329762E+02  -0.230048E+01  -0.224151E+01   0.985568E+00   0.266203E+02   0.107334E+01   0.939563E+01  -0.249481E+01   0.920095E-02   0.135619E-01   0.425017E-03   0.319213E-03   0.233999E-01  -0.460513E+02   0.146501E+02   0.000000E+00  -0.607014E+02   0.121403E+03
   0.313626E+02   0.168327E+01   0.122911E+01   0.949393E-01   0.280035E+02  -0.257058E+01  -0.518252E+01   0.264383E+01   0.117918E-02   0.443308E-02   0.557297E-02   0.324378E-02   0.534256E-02  -0.427992E+02   0.165614E+02   0.000000E+00  -0.593606E+02   0.118721E+03
   0.332289E+02   0.379620E+00  -0.263573E+01  -0.562955E+01   0.254557E+02  -0.885312E+00   0.437004E+00   0.890868E+01   0.117918E-02   0.126489E-01   0.109520E-01   0.378957E-02   0.393595E-02  -0.441931E+02   0.152880E+02   0.000000E+00  -0.594811E+02   0.118962E+03
   0.338975E+02  -0.157678E+01  -0.210554E+01   0.234454E+00   0.282095E+02  -0.636080E-01  -0.971193E+00  -0.183590E+01   0.376656E-02   0.523796E-02   0.938637E-02   0.159523E-01   0.114210E-01  -0.418128E+02   0.142209E+02   0.000000E+00  -0.560337E+02   0.112067E+03
   0.329976E+02  -0.204234E+01   0.528042E+00  -0.364796E+01   0.276899E+02  -0.279094E+00  -0.111445E+01  -0.335752E+01   0.140994E-01   0.108623E-02   0.659161E-02   0.156289E-01   0.628041E-02  -0.413459E+02   0.154620E+02   0.000000E+00  -0.568079E+02   0.113616E+03
   0.341372E+02  -0.320570E+01   0.610303E+00   0.381496E+01   0.299188E+02  -0.183602E+01   0.206366E+01  -0.137615E+01   0.147988E-01   0.718576E-02   0.299941E-02   0.296011E-01   0.892803E-02  -0.448216E+02   0.135493E+02   0.000000E+00  -0.583709E+02   0.116742E+03
   0.323283E+02  -0.286049E+01  -0.763753E+00   0.170702E+01   0.303457E+02  -0.365598E-01   0.190812E+01   0.168494E+01   0.611156E-02   0.115763E-01   0.128301E-03   0.608680E-02   0.764196E-02  -0.423347E+02   0.158773E+02   0.000000E+00  -0.582120E+02   0.116424E+03
   0.328371E+02   0.254212E+00  -0.332682E+01   0.171664E+01   0.271689E+02   0.331412E+01   0.599381E+01   0.426128E+01   0.171243E-01   0.151787E-02   0.551047E-02   0.151965E-01   0.105426E-02  -0.438001E+02   0.160928E+02   0.000000E+00  -0.598929E+02   0.119786E+03
   0.328371E+02   0.106405E+01  -0.368031E+01  -0.754607E+01   0.299374E+02   0.836549E+01   0.139899E+01  -0.677035E+00   0.265627E-01   0.375528E-02   0.508617E-02   0.118869E-02   0.105426E-02  -0.473680E+02   0.173122E+02   0.000000E+00  -0.646802E+02   0.129360E+03
   0.333318E+02   0.286186E+00  -0.368031E+01   0.495304E+01   0.319471E+02  -0.280183E+01  -0.305561E+01  -0.796566E+00   0.186130E-01   0.134947E-01   0.201694E-02   0.214032E-02   0.228723E-01  -0.473750E+02   0.143683E+02   0.000000E+00  -0.617433E+02   0.123487E+03
   0.322548E+02  -0.897328E+00  -0.512832E+01   0.109623E+01   0.298841E+02   0.524070E+01  -0.557514E+01   0.575872E+01   0.168101E-01   0.234730E-02   0.145443E-03   0.130614E-01   0.148067E-01  -0.472178E+02   0.153846E+02   0.000000E+00  -0.626024E+02   0.125205E+03
   0.339901E+02  -0.241421E+01  -0.332028E+01  -0.322900E+01   0.318724E+02   0.416264E+01  -0.126151E+01   0.134695E+00   0.575870E-02   0.161252E-02   0.145443E-03   0.105908E-01   0.115492E-01  -0.442603E+02   0.160309E+02   0.000000E+00  -0.602912E+02   0.120582E+03
   0.330085E+02  -0.137688E+00  -0.172745E+01   0.166298E+01   0.277722E+02  -0.136354E+01  -0.891163E+01   0.810710E+00   0.805968E-02   0.959257E-03   0.165744E-02   0.474711E-02   0.369554E-02  -0.414160E+02   0.173147E+02   0.000000E+00  -0.587307E+02   0.117461E+03
   0.314428E+02  -0.137688E+00   0.480085E+00  -0.232418E+01   0.289754E+02   0.249946E+01   0.572999E+00   0.371078E+01   0.232120E-02   0.225239E-02   0.326676E-01   0.112429E-01   0.264759E-01  -0.472838E+02   0.111568E+02   0.000000E+00  -0.584406E+02   0.116881E+03
   0.314428E+02   0.307227E+01  -0.222953E+01  -0.683656E+00   0.277441E+02   0.129827E+01   0.121788E+01  -0.390274E+01   0.409812E-01   0.225113E-02   0.903240E-03   0.856387E-03   0.140792E-01  -0.459159E+02   0.166117E+02   0.000000E+00  -0.625276E+02   0.125055E+03
   0.328767E+02   0.232372E+01  -0.267516E+01   0.390586E+00   0.283211E+02   0.140519E+01   0.199192E+01  -0.314151E+01   0.418264E-01   0.159040E-01   0.107930E-02   0.251914E-02   0.270365E-01  -0.482056E+02   0.137668E+02   0.000000E+00  -0.619724E+02   0.123945E+03
   0.341121E+02  -0.177917E+01   0.251836E+01  -0.557525E+01   0.235488E+02  -0.493668E+01   0.384978E+01   0.114698E+02   0.303192E-01   0.116556E-01   0.274932E-02   0.246953E-01   0.198682E-01  -0.555939E+02   0.125238E+02   0.000000E+00  -0.681177E+02   0.136235E+03
   0.326800E+02  -0.152235E+01  -0.359776E+01  -0.180901E+01   0.287822E+02   0.626755E+00   0.396408E+01   0.848216E+01   0.157174E-01   0.260059E-01   0.132110E-01   0.494321E-02   0.618629E-02  -0.462463E+02   0.133860E+02   0.000000E+00  -0.596323E+02   0.119265E+03
   0.331888E+02  -0.246358E+01   0.247286E+01  -0.551435E+00   0.265003E+02  -0.543450E+01   0.171336E+01  -0.503454E+01   0.130986E-01   0.220410E-01   0.120596E-01   0.119731E-03   0.479698E-02  -0.454060E+02   0.145189E+02   0.000000E+00  -0.599249E+02   0.119850E+03
   0.331888E+02  -0.246358E+01  -0.459978E+01  -0.151823E+00   0.279398E+02  -0.149856E+00   0.119996E+01  -0.702199E+01   0.111060E-01   0.177817E-02   0.958268E-02   0.159874E-01   0.928537E-02  -0.440333E+02   0.147573E+02   0.000000E+00  -0.587906E+02   0.117581E+03
   0.354589E+02  -0.246358E+01  -0.107836E+01   0.304826E+01   0.265603E+02  -0.228190E+01   0.125782E+01  -0.203671E+01   0.311232E-01   0.801766E-03   0.148404E-01   0.361926E-02   0.107531E-02  -0.449792E+02   0.163870E+02   0.000000E+00  -0.613662E+02   0.122732E+03
   0.341191E+02  -0.425790E+01   0.122514E+01   0.419406E+00   0.299112E+02  -0.212229E+01  -0.231990E+01   0.473030E+01   0.467983E-02   0.801766E-03   0.825576E-02   0.303670E-02   0.133037E-01  -0.425706E+02   0.158809E+02   0.000000E+00  -0.584515E+02   0.116903E+03
   0.348800E+02  -0.202464E+01  -0.287751E+01  -0.402732E+01   0.297344E+02   0.350758E+01   0.644394E+01   0.689941E+00   0.137503E-01   0.106160E-01   0.129439E-02   0.142558E-01   0.558869E-02  -0.465912E+02   0.152452E+02   0.000000E+00  -0.618364E+02   0.123673E+03
   0.332955E+02  -0.418112E+01  -0.184599E+00   0.628659E+01   0.285699E+02  -0.283361E+01  -0.321479E+01   0.112591E+00   0.212890E-01   0.155358E-02   0.301791E-02   0.492602E-02   0.215875E-01  -0.443246E+02   0.153122E+02   0.000000E+00  -0.596368E+02   0.119274E+03
   0.334686E+02  -0.450855E+00  -0.226068E+01   0.511067E+01   0.270884E+02  -0.380488E+01   0.131387E+00   0.178065E+01   0.141134E-01   0.152808E-01   0.213814E-01   0.167765E-01   0.107566E-01  -0.461646E+02   0.120012E+02   0.000000E+00  -0.581658E+02   0.116332E+03
   0.321176E+02   0.959930E+00  -0.226068E+01  -0.421136E+00   0.305769E+02  -0.100112E+01  -0.104990E+01  -0.922859E+00   0.248110E-01   0.547629E-02   0.166370E-02   0.716817E-02   0.124783E-01  -0.429375E+02   0.157420E+02   0.000000E+00  -0.586795E+02   0.117359E+03
   0.342187E+02  -0.460500E+01   0.308902E+01   0.285384E+01   0.267180E+02   0.178981E+01  -0.282718E+01   0.349229E+01   0.139327E-01   0.928072E-02   0.442608E-01   0.162536E-03   0.575358E-02  -0.473593E+02   0.124749E+02   0.000000E+00  -0.598342E+02   0.119668E+03
   0.348119E+02  -0.502915E+01   0.214154E+01  -0.741251E+00   0.280297E+02   0.361733E+00   0.246511E+01  -0.382363E+01   0.205219E-01   0.972530E-02   0.222579E-02   0.597269E-02   0.677466E-03  -0.438228E+02   0.165606E+02   0.000000E+00  -0.603834E+02   0.120767E+03
   0.339133E+02  -0.171348E+01  -0.507754E+01   0.683141E-01   0.293665E+02  -0.905145E+00  -0.566773E+01   0.309005E+01   0.147168E-01   0.793252E-02   0.245616E-02   0.834826E-02   0.322155E-02  -0.420045E+02   0.162248E+02   0.000000E+00  -0.582293E+02   0.116459E+03
   0.337186E+02  -0.171348E+01  -0.402132E+01  -0.118015E+01   0.263813E+02   0.374007E+01   0.354180E+01   0.207183E+01   0.118465E-01   0.195248E-01   0.329444E-02   0.113871E-01   0.766068E-02  -0.443900E+02   0.142340E+02   0.000000E+00  -0.586240E+02   0.117248E+03
   0.337671E+02  -0.502912E+00   0.530044E+01   0.180976E+01   0.274284E+02  -0.150993E+01   0.443865E+01   0.406410E+00   0.107180E-01   0.182621E-01   0.349021E-02   0.509382E-02   0.392070E-02  -0.465664E+02   0.153440E+02   0.000000E+00  -0.619104E+02   0.123821E+03
   0.321826E+02  -0.502912E+00  -0.822703E+00  -0.345717E+01   0.269949E+02  -0.168978E+00  -0.472427E+01  -0.249446E+01   0.205787E-01   0.329154E-01   0.787405E-02   0.125169E-02   0.429269E-01  -0.480218E+02   0.992388E+01   0.000000E+00  -0.579457E+02   0.115891E+03
   0.330408E+02  -0.122534E+01   0.270870E+01   0.765247E+00   0.302332E+02   0.180892E+01  -0.624304E+01  -0.249446E+01   0.463551E-02   0.592823E-02   0.137614E-01   0.125169E-02   0.992333E-02  -0.442269E+02   0.153342E+02   0.000000E+00  -0.595611E+02   0.119122E+03
   0.348200E+02  -0.365959E+01   0.125765E+00  -0.795746E+00   0.280893E+02   0.177981E+01  -0.620683E+01  -0.377427E+01   0.964088E-03   0.131134E-02   0.568926E-02   0.463766E-02   0.249082E-01  -0.449080E+02   0.147660E+02   0.000000E+00  -0.596740E+02   0.119348E+03
   0.345020E+02  -0.465543E+01  -0.384517E+01  -0.300973E+01   0.301252E+02  -0.121003E+00   0.388514E+01   0.209137E+01   0.442336E-02   0.450889E-02   0.201377E-01   0.463766E-02   0.298157E-02  -0.457744E+02   0.151941E+02   0.000000E+00  -0.609685E+02   0.121937E+03
   0.328576E+02  -0.307530E+01  -0.202505E+01   0.639100E+00   0.274829E+02  -0.126305E+01   0.678583E+00   0.565086E+01   0.197827E-02   0.231647E-02   0.705357E-02   0.271796E-01   0.184331E-01  -0.447881E+02   0.129224E+02   0.000000E+00  -0.577105E+02   0.115421E+03
   0.328873E+02  -0.674966E+00  -0.145152E+01   0.640164E+01   0.248632E+02  -0.383278E+01   0.444296E+01   0.494174E+01   0.132556E-01   0.168798E-01   0.192327E-01   0.177621E-01   0.422709E-02  -0.490190E+02   0.126105E+02   0.000000E+00  -0.616295E+02   0.123259E+03
   0.340982E+02  -0.738298E+00   0.115750E+01   0.591485E+01   0.288301E+02  -0.105504E+01  -0.383874E+01   0.789386E+01   0.128242E-01   0.631165E-02   0.192648E-01   0.174087E-01   0.640307E-02  -0.476417E+02   0.134819E+02   0.000000E+00  -0.611236E+02   0.122247E+03
   0.337723E+02  -0.239631E+01   0.166414E+01  -0.599729E+01   0.281885E+02   0.138634E+01  -0.225607E+01  -0.127103E+01   0.343009E-01   0.227132E-01   0.745599E-02   0.138015E-01   0.571183E-02  -0.471435E+02   0.134524E+02   0.000000E+00  -0.605959E+02   0.121192E+03
   0.325884E+02  -0.489951E+00   0.148409E+01  -0.466420E+01   0.282021E+02  -0.543166E+01  -0.331942E+00  -0.280183E+01   0.981997E-02   0.259316E-02   0.130493E-01   0.125292E-02   0.324717E-01  -0.454977E+02   0.134840E+02   0.000000E+00  -0.589817E+02   0.117963E+03
   0.336339E+02  -0.489951E+00  -0.805379E+00   0.151863E+00   0.278508E+02  -0.661736E-01  -0.533950E+01   0.143194E+00   0.722779E-02   0.132178E-01   0.318385E-02   0.736868E-03   0.114993E-01  -0.418100E+02   0.155569E+02   0.000000E+00  -0.573669E+02   0.114734E+03
   0.336339E+02  -0.489951E+00   0.912934E+00  -0.997394E+01   0.260747E+02  -0.212236E+01  -0.603582E+01  -0.116642E+01   0.150825E-01   0.423092E-02   0.246056E-01   0.366615E-01   0.740087E-02  -0.508907E+02   0.111308E+02   0.000000E+00  -0.620215E+02   0.124043E+03
   0.338539E+02  -0.603678E+00  -0.161844E+01  -0.270909E+01   0.301882E+02   0.244712E+01  -0.225182E+01   0.630188E+00   0.154702E-01   0.185277E-02   0.500606E-01   0.216350E-01   0.162208E-01  -0.491671E+02   0.944376E+01   0.000000E+00  -0.586109E+02   0.117222E+03
   0.328026E+02  -0.118072E+01  -0.134541E+01  -0.188066E+01   0.301736E+02  -0.956181E+00   0.195176E+01   0.225682E+00   0.249662E-01   0.708925E-02   0.948699E-02   0.211251E-01   0.783085E-02  -0.438341E+02   0.138675E+02   0.000000E+00  -0.577016E+02   0.115403E+03
   0.340398E+02   0.943083E+00  -0.134541E+01  -0.833373E+01   0.261114E+02  -0.249526E+01  -0.305821E+01   0.774429E+01   0.129817E-01   0.125811E-01   0.605644E-02   0.386070E-01   0.140646E-01  -0.501861E+02   0.112898E+02   0.000000E+00  -0.614759E+02   0.122952E+03
   0.329516E+02  -0.120776E+00  -0.190867E+00  -0.371914E+01   0.269232E+02  -0.391460E+01  -0.928295E-01   0.451504E+01   0.293773E-02   0.164083E-01   0.696522E-02   0.176147E-01   0.804141E-02  -0.437365E+02   0.135177E+02   0.000000E+00  -0.572542E+02   0.114508E+03
   0.336053E+02  -0.302165E+01   0.277137E+01  -0.275557E+00   0.302375E+02   0.237506E+00  -0.830750E+00  -0.877978E+01   0.391497E-02   0.133183E-01   0.145923E-01   0.881137E-04   0.702269E-03  -0.444451E+02   0.155506E+02   0.000000E+00  -0.599957E+02   0.119991E+03
   0.328776E+02  -0.324656E+01   0.872122E+00   0.315944E+01   0.305755E+02  -0.600572E+00  -0.406518E+01   0.217816E+01   0.245292E-01   0.760970E-03   0.253052E-01   0.881137E-04   0.715887E-02  -0.438697E+02   0.150894E+02   0.000000E+00  -0.589591E+02   0.117918E+03
   0.337403E+02  -0.848162E+00  -0.219285E+01  -0.545762E+01   0.262157E+02  -0.551778E+00  -0.731568E+01   0.859833E+01   0.140744E-01   0.426591E-02   0.130416E-01   0.115065E-01   0.110823E-02  -0.457577E+02   0.154285E+02   0.000000E+00  -0.611862E+02   0.122372E+03
   0.320752E+02  -0.535839E+00  -0.511624E+01   0.202873E+01   0.273007E+02  -0.196120E+01  -0.591175E+01  -0.196021E+01   0.663484E-02   0.549176E-02   0.113628E-01   0.438389E-02   0.452238E-02  -0.443174E+02   0.158446E+02   0.000000E+00  -0.601620E+02   0.120324E+03
   0.335204E+02   0.965025E+00  -0.418215E+01  -0.918530E+01   0.272505E+02  -0.143899E+01  -0.163442E+01  -0.470197E+01   0.217672E-01   0.564203E-02   0.101938E-01   0.645480E-02   0.261496E-02  -0.440832E+02   0.159301E+02   0.000000E+00  -0.600133E+02   0.120027E+03
   0.326805E+02  -0.822045E-01  -0.266124E+01  -0.474253E+01   0.261214E+02   0.439256E+00  -0.493958E+00  -0.742686E+00   0.146508E-01   0.466027E-02   0.569155E-02   0.132184E-02   0.974083E-02  -0.409956E+02   0.162792E+02   0.000000E+00  -0.572748E+02   0.114550E+03
   0.326805E+02   0.183942E+01  -0.380250E+01   0.237132E+01   0.271419E+02   0.439256E+00   0.357999E+01  -0.447039E+01   0.793657E-02   0.542961E-02   0.155770E-01   0.238879E-02   0.127763E-01  -0.445897E+02   0.148035E+02   0.000000E+00  -0.593932E+02   0.118786E+03
   0.319473E+02  -0.980212E+00   0.208439E+01   0.131647E+01   0.294416E+02  -0.449011E+01   0.197702E+01   0.277729E+01   0.235245E-02   0.481795E-01   0.563862E-02   0.554628E-02   0.802747E-02  -0.470020E+02   0.116815E+02   0.000000E+00  -0.586835E+02   0.117367E+03
   0.316452E+02  -0.192983E+01   0.315618E+01  -0.536418E+01   0.278661E+02  -0.490319E+00  -0.133821E+01  -0.133598E+01   0.235245E-02   0.287074E-02   0.932113E-02   0.153055E-01   0.129926E-01  -0.455319E+02   0.143717E+02   0.000000E+00  -0.599036E+02   0.119807E+03
   0.322422E+02  -0.115963E+01  -0.147002E+01  -0.442333E+00   0.276358E+02   0.459935E+01  -0.347816E+01  -0.529290E+01   0.270924E-02   0.143554E-02   0.540770E-02   0.146813E-01   0.779154E-02  -0.428048E+02   0.154891E+02   0.000000E+00  -0.582939E+02   0.116588E+03
   0.338929E+02  -0.284321E+00  -0.254007E+01  -0.688659E+00   0.265543E+02  -0.387593E+01   0.831460E+00   0.137232E+00   0.154559E-01   0.236958E-02   0.540770E-02   0.845406E-02   0.229279E-01  -0.432548E+02   0.145048E+02   0.000000E+00  -0.577596E+02   0.115519E+03
   0.328134E+02   0.201820E+01  -0.105826E+01  -0.990076E+01   0.267590E+02  -0.402364E+01  -0.129747E+01   0.487169E+01   0.101388E-01   0.244414E-01   0.795828E-02   0.257661E-02   0.296122E-01  -0.489431E+02   0.119618E+02   0.000000E+00  -0.609049E+02   0.121810E+03
   0.327312E+02  -0.904315E+00  -0.212811E+01  -0.678969E+01   0.248725E+02  -0.263793E+01   0.222315E+01   0.842124E+01   0.521834E-02   0.654921E-02   0.120151E-01   0.384429E-02   0.567038E-02  -0.464074E+02   0.156128E+02   0.000000E+00  -0.620202E+02   0.124040E+03
   0.326659E+02  -0.448941E+01   0.168024E+01   0.511450E+01   0.314048E+02   0.611668E+00   0.364613E+01  -0.224236E+01   0.375979E-03   0.759732E-02   0.267377E-02   0.292421E-03   0.372481E-02  -0.453349E+02   0.169918E+02   0.000000E+00  -0.623267E+02   0.124653E+03
   0.324219E+02   0.139364E+01   0.219507E+01   0.120966E+01   0.303368E+02  -0.313503E+00  -0.644786E+01  -0.303898E+01   0.255960E-01   0.239151E-01   0.129177E-01   0.103288E-01   0.564024E-02  -0.485482E+02   0.131405E+02   0.000000E+00  -0.616887E+02   0.123377E+03
   0.335925E+02  -0.285246E+01   0.665666E+00   0.317131E+01   0.262594E+02  -0.104755E+00  -0.298845E+01   0.422400E+01   0.103587E-01   0.615463E-03   0.158701E-01   0.396201E-01   0.650638E-02  -0.455292E+02   0.121595E+02   0.000000E+00  -0.576887E+02   0.115377E+03
   0.335925E+02   0.212704E+00  -0.232329E+01  -0.853033E+01   0.334934E+02  -0.462831E+01   0.350117E+00   0.763403E+01   0.114016E-01   0.704813E-02   0.236061E-03   0.418433E-03   0.580841E-02  -0.488857E+02   0.170696E+02   0.000000E+00  -0.659553E+02   0.131911E+03
   0.341248E+02  -0.745614E+00  -0.115617E+01  -0.302803E+01   0.283609E+02  -0.126543E+01  -0.381269E+01  -0.123297E+01   0.155786E-01   0.165802E-01   0.305959E-01   0.224557E-01   0.330169E-02  -0.466999E+02   0.111273E+02   0.000000E+00  -0.578272E+02   0.115654E+03
   0.330955E+02  -0.310487E+01  -0.266486E+01   0.655140E+01   0.291070E+02   0.167209E+01   0.676099E+01   0.224514E+01   0.124411E-01   0.303860E-01   0.471463E-04   0.461370E-02   0.330169E-02  -0.466553E+02   0.145858E+02   0.000000E+00  -0.612411E+02   0.122482E+03
   0.360771E+02  -0.483095E+01  -0.268633E+00   0.306333E+01   0.250860E+02  -0.317056E+01   0.143805E+01   0.277805E+00   0.291919E-01   0.150836E-03   0.160153E-02   0.110028E-01   0.123033E-01  -0.481016E+02   0.159148E+02   0.000000E+00  -0.640164E+02   0.128033E+03
   0.345446E+02  -0.513863E+01   0.980821E+00  -0.608032E+00   0.268182E+02   0.312568E+01   0.353761E+01  -0.333752E+01   0.341674E-02   0.278833E-02   0.125207E-01   0.674179E-03   0.435221E-02  -0.438102E+02   0.163871E+02   0.000000E+00  -0.601973E+02   0.120395E+03
   0.333170E+02  -0.136811E+01  -0.296234E+01  -0.342796E+01   0.282196E+02  -0.825991E+00  -0.559346E+01  -0.356036E+01   0.241535E-02   0.278833E-02   0.322124E-02   0.576776E-02   0.315275E-03  -0.399842E+02   0.172114E+02   0.000000E+00  -0.571956E+02   0.114391E+03
   0.325391E+02  -0.363262E+01   0.351832E+01  -0.509825E+00   0.318154E+02   0.110755E+01  -0.137728E+01   0.304982E+01   0.228548E-02   0.278833E-02   0.138009E-01   0.237108E-02   0.121585E-01  -0.457977E+02   0.153088E+02   0.000000E+00  -0.611065E+02   0.122213E+03
   0.343283E+02  -0.221429E+01  -0.680311E+01  -0.336452E+00   0.286978E+02   0.420562E+01   0.189757E+01  -0.313699E+01   0.352896E-01   0.689754E-02   0.585651E-02   0.854905E-02   0.130267E-01  -0.470215E+02   0.149877E+02   0.000000E+00  -0.620092E+02   0.124018E+03
   0.330470E+02  -0.300924E+01   0.135492E+00   0.255549E-01   0.284202E+02   0.412058E+01  -0.452160E+01  -0.463799E+01   0.528689E-02   0.452853E-02   0.848434E-03   0.303961E-02   0.439556E-02  -0.410569E+02   0.171395E+02   0.000000E+00  -0.581964E+02   0.116393E+03
   0.347307E+02  -0.300924E+01  -0.218988E+01  -0.113139E+00   0.277312E+02  -0.259014E+01  -0.284814E+01  -0.224987E+01   0.136705E-01   0.468576E-02   0.293850E-02   0.252445E-02   0.644442E-01  -0.469483E+02   0.109614E+02   0.000000E+00  -0.579097E+02   0.115819E+03
   0.330024E+02  -0.310782E+01  -0.180109E+01  -0.439675E+00   0.276023E+02   0.433728E+01  -0.284814E+01  -0.570316E+01   0.812236E-02   0.481538E-02   0.134252E-02   0.260084E-02   0.705337E-02  -0.419201E+02   0.168395E+02   0.000000E+00  -0.587596E+02   0.117519E+03
   0.333920E+02  -0.982205E+00  -0.379498E+01  -0.103671E+01   0.268142E+02   0.858093E+00  -0.451440E+00   0.341533E+01   0.119165E-01   0.209437E-01   0.134252E-02   0.260084E-02   0.100541E-01  -0.417267E+02   0.149266E+02   0.000000E+00  -0.566533E+02   0.113307E+03
   0.340179E+02  -0.482151E+01   0.130066E+01   0.739292E+00   0.306157E+02  -0.778321E+00  -0.345846E+01   0.551654E+01   0.557696E-02   0.696028E-02   0.818109E-02   0.958202E-02   0.737675E-02  -0.443277E+02   0.152107E+02   0.000000E+00  -0.595384E+02   0.119077E+03
   0.344011E+02  -0.257428E+01  -0.612166E+01  -0.172342E+00   0.314439E+02   0.353296E+01  -0.649306E+01  -0.537232E+01   0.248996E-02   0.173466E-01   0.151964E-02   0.353824E-02   0.875562E-02  -0.465723E+02   0.153047E+02   0.000000E+00  -0.618770E+02   0.123754E+03
   0.350378E+02  -0.193673E+01  -0.382461E+01  -0.323504E+01   0.299214E+02   0.336870E+01   0.935919E+00  -0.281326E+01   0.173295E-01   0.265741E-01   0.951189E-02   0.192748E-01   0.104095E-01  -0.483924E+02   0.118437E+02   0.000000E+00  -0.602361E+02   0.120472E+03
   0.347184E+02  -0.247969E+01  -0.341583E+01  -0.343512E+01   0.264877E+02   0.336870E+01  -0.366434E+01  -0.959485E+01   0.180788E-01   0.856079E-02   0.404037E-02   0.529063E-02   0.113053E-01  -0.459572E+02   0.155010E+02   0.000000E+00  -0.614582E+02   0.122916E+03
   0.332089E+02  -0.145641E+01  -0.121819E+01  -0.845597E+00   0.280630E+02   0.244390E+01  -0.150735E+01  -0.117851E+01   0.285951E-01   0.386928E-02   0.145109E-01   0.230834E-01   0.340940E-01  -0.464621E+02   0.108649E+02   0.000000E+00  -0.573270E+02   0.114654E+03
   0.332089E+02  -0.145641E+01  -0.207154E+01  -0.192334E+01   0.307905E+02  -0.163615E+01  -0.440167E+01   0.639359E+01   0.287599E-02   0.484534E-02   0.331089E-01   0.503137E-02   0.804820E-02  -0.448495E+02   0.133173E+02   0.000000E+00  -0.581668E+02   0.116334E+03
   0.341534E+02  -0.145754E+01  -0.390711E+01  -0.818611E+00   0.264159E+02  -0.216054E+01  -0.596885E+01   0.653146E+01   0.322974E-02   0.161134E-01   0.868752E-02   0.683812E-02   0.193680E-01  -0.459287E+02   0.133200E+02   0.000000E+00  -0.592487E+02   0.118497E+03
   0.332173E+02  -0.145754E+01   0.263020E+00   0.268886E+00   0.279202E+02  -0.251502E+00   0.367360E+01   0.341335E+00   0.350537E-01   0.181922E-01   0.192913E-01   0.190079E-02   0.135914E-02  -0.440968E+02   0.143463E+02   0.000000E+00  -0.584431E+02   0.116886E+03
   0.332862E+02  -0.141354E+01  -0.392756E+01  -0.293629E+01   0.297892E+02  -0.162403E+01   0.395864E+01  -0.324923E+01   0.741017E-02   0.669086E-01   0.138186E-02   0.539801E-02   0.176308E-01  -0.488547E+02   0.928875E+01   0.000000E+00  -0.581435E+02   0.116287E+03
   0.337775E+02  -0.103622E+01  -0.700829E+01  -0.120435E+00   0.301422E+02  -0.525529E+00   0.286351E+00  -0.339890E+01   0.192545E-01   0.619700E-01   0.105710E-01   0.147269E-03   0.120502E-01  -0.493955E+02   0.994683E+01   0.000000E+00  -0.593423E+02   0.118685E+03
   0.337426E+02  -0.324949E+01   0.292018E+01  -0.250671E+01   0.293754E+02  -0.258819E+01  -0.456915E+01   0.781058E+00   0.103617E-01   0.546939E-02   0.968420E-02   0.370642E-02   0.293179E-02  -0.428537E+02   0.162415E+02   0.000000E+00  -0.590952E+02   0.118190E+03
   0.341535E+02  -0.150718E+01  -0.682787E-01  -0.130744E+00   0.279619E+02  -0.162849E+01   0.101941E-01   0.202226E+01   0.265010E-01   0.819176E-02   0.601259E-02   0.187578E-01   0.926636E-02  -0.436253E+02   0.141978E+02   0.000000E+00  -0.578231E+02   0.115646E+03
   0.324192E+02   0.225425E+01  -0.228036E+01  -0.413414E+01   0.291575E+02  -0.285142E+01  -0.112160E+02  -0.220985E+01   0.151066E-01   0.885464E-02   0.124580E-01   0.742020E-02   0.206491E-01  -0.488694E+02   0.134825E+02   0.000000E+00  -0.623519E+02   0.124704E+03
   0.316611E+02   0.823497E-01   0.125013E+01  -0.413414E+01   0.285556E+02   0.212418E+01  -0.252945E+01   0.220613E+00   0.190560E-01   0.169816E-02   0.322405E-02   0.798702E-02   0.846291E-02  -0.423366E+02   0.162835E+02   0.000000E+00  -0.586201E+02   0.117240E+03
   0.316021E+02   0.101921E+01   0.268064E+01  -0.215555E+01   0.253246E+02   0.268232E+01   0.456011E+01   0.125163E+01   0.102729E-01   0.858571E-03   0.192657E-02   0.221591E-02   0.138448E-01  -0.445666E+02   0.165361E+02   0.000000E+00  -0.611027E+02   0.122205E+03
   0.345045E+02  -0.368834E+01  -0.881281E+00   0.194564E+01   0.280178E+02  -0.162529E+01  -0.361917E+01  -0.690663E-01   0.803518E-02   0.208359E-02   0.912195E-02   0.117630E-01   0.932671E-02  -0.421842E+02   0.151912E+02   0.000000E+00  -0.573754E+02   0.114751E+03
   0.341676E+02  -0.462908E+01  -0.685353E+00  -0.207529E-01   0.275254E+02  -0.136126E+01  -0.148784E+01  -0.620304E+01   0.245738E-01   0.188626E-01   0.102361E-01   0.932672E-03   0.967999E-02  -0.450410E+02   0.144495E+02   0.000000E+00  -0.594905E+02   0.118981E+03
   0.339842E+02  -0.340257E+01   0.489431E+01   0.669725E+01   0.285181E+02   0.217322E-01   0.895925E+00   0.664811E+01   0.154574E-01   0.660856E-02   0.293969E-01   0.116423E-01   0.152533E-01  -0.492585E+02   0.121306E+02   0.000000E+00  -0.613891E+02   0.122778E+03
   0.315258E+02  -0.179545E+01   0.934136E+00  -0.606750E+01   0.279950E+02  -0.333052E+00  -0.195323E+01  -0.723447E+01   0.202349E-01   0.386202E-02   0.193842E-01   0.200530E-01   0.143706E-01  -0.492022E+02   0.126537E+02   0.000000E+00  -0.618559E+02   0.123712E+03
   0.310960E+02  -0.122716E+01  -0.792683E+00   0.792471E+00   0.300506E+02  -0.273238E+00   0.188237E+00   0.248595E+01   0.403085E-02   0.936011E-02   0.183954E-01   0.235067E-02   0.707904E-02  -0.447704E+02   0.147022E+02   0.000000E+00  -0.594726E+02   0.118945E+03
   0.335930E+02  -0.441375E+01  -0.355607E+01  -0.429938E+00   0.305295E+02  -0.351253E+01   0.739615E+00  -0.227565E+01   0.522771E-02   0.249012E-01   0.524071E-02   0.126446E-01   0.127071E-01  -0.478606E+02   0.128713E+02   0.000000E+00  -0.607319E+02   0.121464E+03
   0.335827E+02  -0.128462E+01  -0.455208E+01   0.457576E+01   0.294859E+02  -0.460386E+01   0.148829E+01   0.972587E+00   0.186883E-02   0.278232E-01   0.146456E-01   0.481549E-02   0.232905E-01  -0.476114E+02   0.113632E+02   0.000000E+00  -0.589746E+02   0.117949E+03
   0.344373E+02  -0.313884E+01  -0.478178E+00   0.507410E+01   0.277111E+02  -0.185116E+01   0.104997E+01   0.628857E+01   0.128585E-01   0.101061E-01   0.284552E-01   0.111942E-02   0.523621E-02  -0.445914E+02   0.139290E+02   0.000000E+00  -0.585204E+02   0.117041E+03
   0.335322E+02  -0.160171E+01  -0.123232E+01  -0.140692E+01   0.314165E+02  -0.260511E+01  -0.573869E+00  -0.135132E+01   0.467885E-02   0.320918E-02   0.135855E-02   0.276330E-01   0.172014E-01  -0.447859E+02   0.134805E+02   0.000000E+00  -0.582664E+02   0.116533E+03
   0.344354E+02  -0.135372E+01  -0.601671E+01  -0.445993E+01   0.300986E+02  -0.373353E+01   0.461330E+01   0.466120E+01   0.307770E-02   0.463415E-02   0.275716E-02   0.118806E-01   0.562226E-03  -0.443979E+02   0.164373E+02   0.000000E+00  -0.608352E+02   0.121670E+03
   0.344354E+02  -0.389020E+00  -0.833658E+01  -0.386904E+01   0.288142E+02  -0.446482E+01   0.452500E+01   0.554058E+01   0.307770E-02   0.448105E-02   0.285779E-01   0.341569E-02   0.711336E-02  -0.480397E+02   0.140619E+02   0.000000E+00  -0.621016E+02   0.124203E+03
   0.334625E+02   0.466189E+00  -0.351840E+01  -0.263832E+01   0.276752E+02   0.660822E+00   0.493817E+01  -0.296462E+01   0.206778E-01   0.537584E-02   0.925077E-02   0.151534E-01   0.305158E-02  -0.433053E+02   0.151375E+02   0.000000E+00  -0.584428E+02   0.116886E+03
   0.337492E+02  -0.184170E+01   0.112001E+01  -0.447711E+01   0.243136E+02  -0.561411E+00   0.311359E+01  -0.393664E+01   0.299654E-01   0.148992E-01   0.168211E-01   0.156219E-01   0.226492E-01  -0.501827E+02   0.114215E+02   0.000000E+00  -0.616042E+02   0.123208E+03
   0.326105E+02  -0.115785E+00   0.264691E+01  -0.212173E+01   0.313592E+02   0.383123E+00  -0.190175E+01   0.252671E+00   0.351302E-01   0.206422E-01   0.655217E-02   0.670121E-02   0.201371E-02  -0.469208E+02   0.148298E+02   0.000000E+00  -0.617506E+02   0.123501E+03
   0.326105E+02  -0.104345E+01   0.706751E-01   0.159730E+01   0.288127E+02  -0.780789E+00   0.850290E+00   0.615322E+01   0.196255E-01   0.338897E-02   0.313804E-01   0.166925E-03   0.201371E-02  -0.425386E+02   0.147257E+02   0.000000E+00  -0.572643E+02   0.114529E+03
   0.322450E+02  -0.104345E+01  -0.151311E+01   0.756427E+01   0.268939E+02  -0.200040E+01  -0.525670E+01   0.990463E+00   0.286402E-01   0.275381E-01   0.118705E-01   0.811591E-02   0.954651E-03  -0.480655E+02   0.135728E+02   0.000000E+00  -0.616383E+02   0.123277E+03
   0.342237E+02   0.150148E-01  -0.472858E+01  -0.430462E+01   0.260169E+02   0.245249E+01  -0.140988E+01  -0.753666E+01   0.116235E-01   0.412955E-01   0.540425E-02   0.122771E-01   0.842125E-02  -0.482693E+02   0.116809E+02   0.000000E+00  -0.599502E+02   0.119900E+03
   0.329299E+02  -0.248572E+01   0.132206E+01  -0.279714E+00   0.300171E+02   0.270043E+01  -0.452073E+01   0.522591E+01   0.604328E-03   0.327111E-01   0.331280E-02   0.465515E-03   0.232975E-01  -0.463348E+02   0.124420E+02   0.000000E+00  -0.587768E+02   0.117554E+03
   0.321462E+02   0.267061E+01  -0.362706E+01  -0.441037E+01   0.285665E+02   0.314503E+01  -0.931816E+00  -0.985443E+00   0.241422E-01   0.174158E-01   0.164078E-01   0.389472E-02   0.131706E-01  -0.466755E+02   0.133318E+02   0.000000E+00  -0.600073E+02   0.120015E+03
   0.330749E+02   0.174425E+01  -0.588960E+01  -0.529237E+01   0.288560E+02  -0.389594E+01  -0.270317E+01  -0.217108E+01   0.386253E-01   0.863452E-02   0.991241E-02   0.337087E-02   0.153406E-01  -0.476398E+02   0.146948E+02   0.000000E+00  -0.623346E+02   0.124669E+03
   0.336176E+02  -0.107515E+01   0.234385E+01   0.176824E+01   0.290105E+02   0.318347E+01   0.235783E+01   0.340534E+01   0.117592E-01   0.315544E-02   0.597042E-02   0.173131E-01   0.361443E-02  -0.443737E+02   0.154153E+02   0.000000E+00  -0.597890E+02   0.119578E+03
   0.318001E+02  -0.142133E+01  -0.131393E+01  -0.258042E+00   0.292188E+02  -0.438685E+01  -0.131431E+01   0.265612E+01   0.117592E-01   0.415683E-03   0.403065E-03   0.521436E-02   0.694841E-02  -0.412706E+02   0.171225E+02   0.000000E+00  -0.583931E+02   0.116786E+03
   0.325832E+02  -0.464536E-01  -0.367419E+01  -0.194001E+00   0.269813E+02  -0.999557E+00  -0.330530E+01   0.145669E+01   0.168396E-01   0.415683E-03   0.781816E-02   0.174925E-01   0.521675E-02  -0.417450E+02   0.153264E+02   0.000000E+00  -0.570714E+02   0.114143E+03
   0.332196E+02  -0.122745E+01  -0.563696E+01   0.771467E+00   0.276027E+02   0.455163E+00  -0.788209E+01  -0.692708E+01   0.386915E-02   0.415683E-03   0.471895E-01   0.269605E-02   0.521675E-02  -0.477672E+02   0.128689E+02   0.000000E+00  -0.606361E+02   0.121272E+03
   0.328976E+02  -0.861986E+00  -0.470915E+01  -0.993162E+00   0.288304E+02  -0.621031E+00  -0.173181E+01   0.107725E+02   0.112727E-01   0.579530E-02   0.939012E-02   0.173513E-01   0.250268E-01  -0.467608E+02   0.126643E+02   0.000000E+00  -0.594251E+02   0.118850E+03
   0.346229E+02  -0.816287E+00  -0.470915E+01  -0.764365E+01   0.277503E+02   0.144861E+01  -0.403230E+01   0.888091E+00   0.152164E-01   0.107991E-02   0.241630E-02   0.323643E-03   0.874444E-02  -0.422573E+02   0.171643E+02   0.000000E+00  -0.594216E+02   0.118843E+03
   0.328607E+02   0.573528E+00  -0.830233E+01   0.193482E+01   0.301193E+02   0.154888E+01  -0.271300E+01  -0.595274E+01   0.175137E-01   0.243384E-02   0.864363E-04   0.511767E-02   0.301954E-02  -0.445914E+02   0.173549E+02   0.000000E+00  -0.619463E+02   0.123893E+03
   0.319965E+02   0.695455E+00  -0.319323E+01  -0.544630E+01   0.293457E+02  -0.169202E+01   0.126574E+01   0.655366E+01   0.745228E-02   0.953977E-02   0.950051E-02   0.190141E-02   0.301954E-02  -0.429162E+02   0.160246E+02   0.000000E+00  -0.589408E+02   0.117882E+03
   0.331065E+02  -0.179626E+00  -0.384546E+01  -0.283418E+01   0.266364E+02   0.457057E+01  -0.733111E+00   0.545383E+01   0.108756E-01   0.951235E-02   0.803674E-02   0.368883E-02   0.193714E-02  -0.430969E+02   0.161032E+02   0.000000E+00  -0.592001E+02   0.118400E+03
   0.326032E+02  -0.212205E+00  -0.244163E+01   0.381340E+01   0.287943E+02  -0.777901E-01   0.195859E+01   0.321927E+01   0.128187E-01   0.456311E-02   0.165975E-01   0.970056E-03   0.193714E-02  -0.413159E+02   0.160139E+02   0.000000E+00  -0.573298E+02   0.114660E+03
   0.328365E+02  -0.150759E+01  -0.349850E+01  -0.938177E+00   0.282435E+02   0.213378E+01   0.293361E+01   0.536102E+01   0.111346E-01   0.134784E-01   0.105586E-01   0.176759E-02   0.253437E-01  -0.445952E+02   0.133059E+02   0.000000E+00  -0.579011E+02   0.115802E+03
   0.328773E+02  -0.546363E+00  -0.349850E+01   0.688869E+00   0.278070E+02  -0.182244E+00   0.537387E+01   0.800267E+00   0.111346E-01   0.302430E-01   0.473276E-02   0.881501E-03   0.171720E-01  -0.442575E+02   0.131178E+02   0.000000E+00  -0.573753E+02   0.114751E+03
   0.321000E+02   0.397629E+00  -0.943987E+00  -0.137571E+01   0.276318E+02  -0.559549E+01   0.169575E+01   0.543412E+01   0.152461E-01   0.152142E-01   0.698709E-02   0.466194E-02   0.129073E-01  -0.440990E+02   0.144436E+02   0.000000E+00  -0.585426E+02   0.117085E+03
   0.321000E+02   0.147027E+01   0.316894E+01   0.190569E+01   0.306639E+02  -0.682769E+00   0.492468E+00  -0.159717E+01   0.172311E-01   0.324859E-02   0.364557E-02   0.914771E-02   0.100504E-02  -0.446914E+02   0.167160E+02   0.000000E+00  -0.614074E+02   0.122815E+03
   0.329182E+02  -0.174879E+01  -0.198547E+01  -0.343959E+01   0.253272E+02  -0.109930E+01   0.556706E+01  -0.928472E+01   0.195770E-01   0.288380E-02   0.331396E-01   0.110664E-01   0.785823E-02  -0.492471E+02   0.129259E+02   0.000000E+00  -0.621730E+02   0.124346E+03
   0.325797E+02  -0.847478E+00   0.134478E+01  -0.224052E+01   0.241581E+02   0.298322E+00  -0.311318E+01   0.381910E+01   0.166809E-01   0.434944E-02   0.593048E-02   0.514457E-01   0.740684E-02  -0.485242E+02   0.115074E+02   0.000000E+00  -0.600316E+02   0.120063E+03
   0.330330E+02   0.106462E+01  -0.131340E+01  -0.669565E+01   0.275110E+02  -0.219686E+01   0.122679E+01   0.695657E+01   0.339024E-01   0.117552E-01   0.219533E-01   0.177480E-01   0.776344E-02  -0.481078E+02   0.124987E+02   0.000000E+00  -0.606065E+02   0.121213E+03
   0.334783E+02   0.106462E+01  -0.484773E+01  -0.114973E+00   0.265725E+02  -0.319257E+01  -0.429559E+01  -0.696317E+01   0.203888E-01   0.356507E-02   0.101478E-02   0.588184E-02   0.776344E-02  -0.440183E+02   0.165982E+02   0.000000E+00  -0.606165E+02   0.121233E+03
   0.321658E+02   0.104648E+01  -0.444250E+01  -0.303969E+00   0.305464E+02   0.229284E+00  -0.239176E+01   0.516040E+01   0.169854E-01   0.273976E-03   0.123778E-02   0.714526E-02   0.140304E-02  -0.418972E+02   0.174147E+02   0.000000E+00  -0.593119E+02   0.118624E+03
   0.331320E+02   0.863460E+00  -0.517425E+00  -0.162210E+01   0.279538E+02  -0.491867E+01  -0.517556E+01  -0.401427E+01   0.130702E-01   0.902592E-02   0.352584E-02   0.292461E-01   0.210913E-02  -0.451699E+02   0.140300E+02   0.000000E+00  -0.591999E+02   0.118400E+03
   0.339151E+02  -0.319622E+01  -0.474883E+01   0.760355E+00   0.318276E+02   0.194053E+01   0.144137E+00  -0.542620E+01   0.239882E-02   0.297939E-02   0.227323E-02   0.388724E-02   0.167110E-02  -0.430179E+02   0.173396E+02   0.000000E+00  -0.603575E+02   0.120715E+03
   0.346191E+02  -0.455679E+01  -0.130426E+01   0.484449E+01   0.283235E+02   0.554459E+00  -0.232744E+01  -0.235758E+01   0.330908E-02   0.139868E-01   0.512532E-02   0.124115E-01   0.248872E-01  -0.453374E+02   0.127796E+02   0.000000E+00  -0.581170E+02   0.116234E+03
   0.354988E+02  -0.453189E+01  -0.240225E+01   0.891886E+00   0.316560E+02  -0.364700E+00  -0.576910E+00  -0.293500E+00   0.649155E-02   0.455333E-04   0.686991E-02   0.966125E-02   0.108746E-02  -0.447664E+02   0.166543E+02   0.000000E+00  -0.614207E+02   0.122841E+03
   0.350553E+02  -0.181005E+00  -0.688438E+01  -0.948751E+01   0.293846E+02   0.839143E+00  -0.101262E+02   0.302660E+01   0.656160E-02   0.113907E-01   0.131408E-02   0.464356E-02   0.289028E-03  -0.480057E+02   0.166569E+02   0.000000E+00  -0.646626E+02   0.129325E+03
   0.315853E+02   0.101539E+01  -0.410323E+01  -0.186888E+01   0.272642E+02  -0.503704E+00  -0.490506E+01  -0.844118E+00   0.195517E-01   0.165500E-01   0.143053E-01   0.427865E-02   0.231639E-01  -0.467297E+02   0.125909E+02   0.000000E+00  -0.593206E+02   0.118641E+03
   0.329419E+02   0.220648E+01  -0.808809E+01  -0.423078E+01   0.275115E+02   0.253461E+01  -0.112917E+01   0.338336E+01   0.103304E-01   0.181463E-01   0.306132E-02   0.101885E-01   0.131014E-01  -0.467870E+02   0.139709E+02   0.000000E+00  -0.607579E+02   0.121516E+03
   0.332039E+02  -0.301950E+01  -0.437285E+01   0.554698E+01   0.280878E+02   0.518141E+01  -0.200984E+01  -0.801825E+00   0.657475E-02   0.566475E-02   0.739012E-02   0.669999E-02   0.959261E-02  -0.450200E+02   0.154859E+02   0.000000E+00  -0.605059E+02   0.121012E+03
   0.335819E+02  -0.440256E+01  -0.507186E+00  -0.259452E+01   0.290847E+02  -0.180289E+01  -0.206057E+01  -0.639343E+00   0.249666E-02   0.166886E-02   0.628714E-02   0.380732E-02   0.197920E-02  -0.410721E+02   0.170464E+02   0.000000E+00  -0.581185E+02   0.116237E+03
   0.338960E+02  -0.134724E+01   0.363547E+01   0.541620E+01   0.263102E+02  -0.687786E+01  -0.271859E+01   0.192559E+01   0.158673E-02   0.166886E-02   0.940875E-02   0.225954E-02   0.173519E-01  -0.465712E+02   0.153518E+02   0.000000E+00  -0.619230E+02   0.123846E+03
   0.334562E+02   0.167536E+01   0.297873E+01  -0.192860E+01   0.258435E+02  -0.671256E+00   0.172975E+01  -0.312841E+01   0.336728E-01   0.522682E-02   0.182102E-02   0.185234E-02   0.689345E-02  -0.457712E+02   0.168413E+02   0.000000E+00  -0.626125E+02   0.125225E+03
   0.332534E+02  -0.133427E+01  -0.203196E+01  -0.611174E+01   0.261921E+02  -0.135353E-01  -0.135879E+01  -0.335861E+01   0.350452E-01   0.390544E-02   0.328470E-01   0.774470E-02   0.155969E-01  -0.478177E+02   0.124113E+02   0.000000E+00  -0.602290E+02   0.120458E+03
   0.337542E+02   0.768330E+00  -0.280853E+01  -0.383082E+01   0.275873E+02  -0.370088E+01  -0.725984E+00  -0.694445E-01   0.202922E-01   0.649963E-02   0.151426E-02   0.228524E-02   0.138858E-01  -0.422788E+02   0.160022E+02   0.000000E+00  -0.582810E+02   0.116562E+03
   0.330880E+02   0.588468E+00  -0.164564E+01  -0.554569E+01   0.295836E+02  -0.263517E+01  -0.146170E+01  -0.469522E+01   0.163068E-01   0.649963E-02   0.330251E-01   0.127718E-02   0.987977E-02  -0.452708E+02   0.133525E+02   0.000000E+00  -0.586233E+02   0.117247E+03
   0.321122E+02   0.281885E+00  -0.188132E+01  -0.289838E+01   0.280511E+02  -0.652466E+00   0.145845E+01   0.278048E-01   0.301259E-01   0.448994E-02   0.983160E-02   0.361726E-02   0.149804E-01  -0.427939E+02   0.151288E+02   0.000000E+00  -0.579227E+02   0.115845E+03
   0.315005E+02  -0.733198E+00   0.121728E+01   0.731851E+01   0.279633E+02   0.221187E+01   0.619500E+01   0.208716E+01   0.646700E-02   0.886465E-02   0.732847E-02   0.238458E-01   0.825068E-02  -0.491241E+02   0.135917E+02   0.000000E+00  -0.627158E+02   0.125432E+03
   0.336130E+02  -0.452296E+00   0.230164E+01   0.555833E+01   0.285897E+02  -0.724528E+00  -0.513754E+01   0.195465E+01   0.125569E-01   0.206163E-02   0.537404E-02   0.194968E-01   0.648415E-02  -0.447574E+02   0.150790E+02   0.000000E+00  -0.598364E+02   0.119673E+03
   0.325879E+02  -0.166795E+00   0.112591E+01   0.227155E+01   0.276956E+02   0.150734E+01   0.457567E+01   0.581690E+01   0.418906E-01   0.368487E-02   0.163902E-01   0.218792E-01   0.601429E-02  -0.480713E+02   0.136238E+02   0.000000E+00  -0.616951E+02   0.123390E+03
   0.315948E+02  -0.242750E+01   0.988888E+00   0.707467E+00   0.284849E+02  -0.239038E+01  -0.184154E+01  -0.313799E+01   0.993568E-02   0.250007E-01   0.903621E-02   0.648113E-02   0.135144E-02  -0.448757E+02   0.142337E+02   0.000000E+00  -0.591094E+02   0.118219E+03
   0.325201E+02  -0.242657E+01   0.988888E+00  -0.794886E-01   0.231291E+02   0.777961E+01   0.238181E+01  -0.145867E+01   0.364765E-01   0.315723E-03   0.193069E-01   0.503162E-02   0.101553E-01  -0.530413E+02   0.149397E+02   0.000000E+00  -0.679810E+02   0.135962E+03
   0.327732E+02  -0.182422E+01  -0.199529E+01   0.325996E+01   0.299656E+02  -0.165911E+01  -0.827711E+01   0.126354E+01   0.291629E-01   0.315723E-03   0.106619E-01   0.379775E-02   0.453947E-01  -0.479984E+02   0.124037E+02   0.000000E+00  -0.604021E+02   0.120804E+03
   0.320383E+02   0.717827E+00  -0.352764E+00   0.620166E+01   0.292618E+02  -0.265426E+01  -0.294190E+01  -0.614831E+01   0.200554E-01   0.145671E-01   0.200713E-01   0.110160E-02   0.314122E-01  -0.490244E+02   0.117055E+02   0.000000E+00  -0.607299E+02   0.121460E+03
   0.317126E+02   0.220868E+01  -0.702952E+01   0.226834E+00   0.288181E+02  -0.282229E+01  -0.160943E+01   0.509620E+01   0.405608E-02   0.133576E-02   0.238234E-01   0.807416E-02   0.320739E-02  -0.463319E+02   0.147766E+02   0.000000E+00  -0.611085E+02   0.122217E+03
   0.338950E+02  -0.140542E+01  -0.346042E+01  -0.672987E+01   0.301792E+02  -0.120588E+01  -0.664531E+00  -0.499595E+01   0.168373E-02   0.389912E-02   0.320250E-03   0.614184E-02   0.320739E-02  -0.417229E+02   0.170638E+02   0.000000E+00  -0.587867E+02   0.117573E+03
   0.317204E+02   0.205676E+01   0.149705E+01   0.208703E+00   0.274816E+02  -0.238827E+01  -0.308596E+01   0.275794E+01   0.219108E-01   0.210537E-01   0.355617E-02   0.768311E-02   0.320739E-02  -0.446442E+02   0.148706E+02   0.000000E+00  -0.595148E+02   0.119030E+03
   0.326515E+02   0.653000E-01  -0.151791E+01   0.110927E+01   0.281758E+02  -0.138931E+01  -0.269966E+00   0.193445E+01   0.338674E-01   0.582361E-02   0.130591E-01   0.938252E-03   0.604177E-02  -0.421834E+02   0.158344E+02   0.000000E+00  -0.580178E+02   0.116036E+03
   0.328950E+02  -0.412882E+00   0.134632E+01  -0.185643E+01   0.284643E+02  -0.131483E+01  -0.244856E+01  -0.430945E+01   0.253537E-01   0.425964E-03   0.213642E-01   0.294516E-02   0.785629E-02  -0.428692E+02   0.151615E+02   0.000000E+00  -0.580307E+02   0.116061E+03
   0.332359E+02   0.380881E+00  -0.434333E+01  -0.201237E+01   0.281945E+02  -0.595349E+01  -0.477672E+01  -0.278412E+01   0.111850E-01   0.111375E-01   0.290011E-01   0.152763E-01   0.219343E-03  -0.465353E+02   0.128573E+02   0.000000E+00  -0.593926E+02   0.118785E+03
   0.333086E+02  -0.776506E-01  -0.900614E+00  -0.277809E+01   0.245075E+02  -0.794318E+01   0.570383E+00   0.535572E+01   0.283405E-02   0.479160E-02   0.159214E-01   0.239933E-01   0.522052E-02  -0.486753E+02   0.134280E+02   0.000000E+00  -0.621033E+02   0.124207E+03
   0.320534E+02   0.108686E+01   0.283799E+01   0.655849E+00   0.265414E+02  -0.236158E+01   0.661743E+01  -0.100779E+01   0.151953E-01   0.425242E-02   0.201574E-01   0.371706E-01   0.479132E-02  -0.488735E+02   0.117835E+02   0.000000E+00  -0.606570E+02   0.121314E+03
   0.330215E+02  -0.216614E+01  -0.108282E+01  -0.774068E+01   0.292278E+02   0.179441E+01  -0.513205E+01  -0.344956E+01   0.185979E-01   0.503205E-02   0.254973E-01   0.131798E-01   0.485404E-02  -0.469262E+02   0.135644E+02   0.000000E+00  -0.604906E+02   0.120981E+03
   0.320155E+02  -0.898340E+00  -0.520691E+00   0.713675E+00   0.290816E+02  -0.353598E+01  -0.356632E-01  -0.439974E+00   0.146570E-01   0.155221E-01   0.519107E-02   0.132103E-01   0.624453E-02  -0.428179E+02   0.144039E+02   0.000000E+00  -0.572218E+02   0.114444E+03
   0.339078E+02  -0.898340E+00  -0.358898E+00  -0.230315E+01   0.290719E+02  -0.249522E+01  -0.140637E+01   0.166349E+01   0.300813E-01   0.134742E-01   0.621915E-02   0.119549E-01   0.126928E-01  -0.446139E+02   0.139866E+02   0.000000E+00  -0.586005E+02   0.117201E+03
   0.329523E+02   0.103148E+01   0.362518E+01   0.881006E+00   0.261123E+02  -0.134151E+01  -0.658804E+00   0.121318E+01   0.897331E-02   0.105020E-02   0.163935E-01   0.789304E-02   0.743302E-02  -0.447457E+02   0.151437E+02   0.000000E+00  -0.598894E+02   0.119779E+03
   0.336059E+02  -0.852758E+00  -0.201491E-01  -0.289657E+01   0.289369E+02  -0.137718E+01  -0.616554E+01  -0.658901E+01   0.347128E-02   0.193587E-02   0.204385E-02   0.192638E-02   0.149436E-02  -0.410260E+02   0.176806E+02   0.000000E+00  -0.587066E+02   0.117413E+03
   0.325546E+02   0.105500E+01  -0.189648E+01   0.387181E+01   0.310058E+02  -0.768667E-01  -0.411095E+01   0.359214E+01   0.673429E-03   0.327047E-01   0.499175E-02   0.890884E-03   0.690749E-02  -0.461488E+02   0.138712E+02   0.000000E+00  -0.600200E+02   0.120040E+03
   0.328769E+02   0.369899E+00  -0.419000E+01  -0.528091E+01   0.266217E+02   0.218341E+01   0.559377E+00   0.471200E+01   0.109079E-01   0.428151E-02   0.242051E-01   0.790969E-03   0.671339E-02  -0.435981E+02   0.148216E+02   0.000000E+00  -0.584197E+02   0.116839E+03
   0.327379E+02   0.829581E+00  -0.304029E+01   0.675636E+00   0.302702E+02  -0.551634E+01   0.145730E+01  -0.123635E+01   0.749006E-02   0.507007E-02   0.586622E-03   0.956400E-02   0.332798E-02  -0.430487E+02   0.165658E+02   0.000000E+00  -0.596145E+02   0.119229E+03
   0.327367E+02   0.516861E+00   0.146058E+01  -0.203636E+01   0.306525E+02  -0.560345E+01   0.483951E+01   0.299207E+01   0.119916E-01   0.507007E-02   0.325838E-02   0.748884E-02   0.156536E-02  -0.454386E+02   0.166824E+02   0.000000E+00  -0.621210E+02   0.124242E+03
   0.320799E+02   0.154297E+00   0.636407E+00   0.234078E+01   0.279513E+02  -0.973599E+00   0.111689E+01   0.800859E+01   0.241197E-02   0.115562E-01   0.573432E-02   0.750830E-02   0.156536E-02  -0.423732E+02   0.157843E+02   0.000000E+00  -0.581575E+02   0.116315E+03
   0.330387E+02  -0.976036E+00  -0.290005E+01   0.105231E+01   0.287276E+02   0.101545E+01  -0.394517E+01  -0.596819E+01   0.209960E-01   0.198206E-01   0.778288E-02   0.354005E-01   0.576681E-02  -0.461294E+02   0.115436E+02   0.000000E+00  -0.576730E+02   0.115346E+03
   0.335254E+02  -0.669180E+00  -0.101520E+01  -0.107175E+02   0.285739E+02  -0.320412E+01  -0.285952E+01  -0.443944E+01   0.132723E-01   0.374059E-02   0.377540E-02   0.407842E-01   0.584851E-03  -0.475667E+02   0.135322E+02   0.000000E+00  -0.610989E+02   0.122198E+03
   0.327790E+02  -0.179923E+00  -0.213955E+01  -0.255098E+01   0.299798E+02  -0.431966E+00  -0.357323E+01  -0.141060E+01   0.153144E-01   0.143531E-02   0.302998E-01   0.866532E-02   0.584851E-03  -0.426842E+02   0.143222E+02   0.000000E+00  -0.570064E+02   0.114013E+03
   0.336093E+02  -0.163870E+01  -0.548372E+01   0.122952E+00   0.275298E+02   0.273112E+00   0.877029E+00  -0.720367E+01   0.530767E-02   0.139081E-01   0.228957E-02   0.779000E-02   0.112638E-02  -0.424255E+02   0.159093E+02   0.000000E+00  -0.583348E+02   0.116670E+03
   0.339775E+02  -0.160480E+01  -0.464945E+01  -0.602228E+00   0.292479E+02   0.572154E+00  -0.822206E+00   0.287597E+01   0.804040E-02   0.376832E-02   0.178363E-03   0.111101E-01   0.111923E-01  -0.411432E+02   0.157958E+02   0.000000E+00  -0.569390E+02   0.113878E+03
   0.328284E+02  -0.191196E+01   0.808991E+00   0.136780E+01   0.268893E+02  -0.506666E+00   0.194293E+01  -0.479192E+01   0.178529E-02   0.160160E-01   0.149644E-01   0.104958E-01   0.736515E-02  -0.433063E+02   0.135365E+02   0.000000E+00  -0.568428E+02   0.113686E+03
   0.308367E+02   0.116762E+01   0.154170E+01   0.188847E+01   0.278692E+02   0.197037E+01  -0.869324E+00  -0.413902E+01   0.236180E-01   0.169226E-01   0.710188E-02   0.733631E-03   0.116037E-01  -0.456645E+02   0.147845E+02   0.000000E+00  -0.604490E+02   0.120898E+03
   0.313832E+02   0.122310E+01   0.429322E+01   0.364532E+00   0.296059E+02  -0.218296E+01   0.509682E+00   0.511787E+01   0.279084E-01   0.423097E-01   0.963668E-02   0.320986E-01   0.196712E-02  -0.522617E+02   0.981947E+01   0.000000E+00  -0.620812E+02   0.124162E+03
   0.342660E+02  -0.610760E+00  -0.103505E+01  -0.324188E+00   0.281149E+02   0.405236E-01  -0.163671E+01   0.615067E+00   0.174472E-01   0.939417E-02   0.956796E-02   0.283341E-02   0.523002E-02  -0.422734E+02   0.157181E+02   0.000000E+00  -0.579915E+02   0.115983E+03
   0.335098E+02  -0.363421E+01   0.184512E+01  -0.951553E+00   0.283266E+02  -0.456599E+01  -0.227302E+01   0.818577E+01   0.102409E-01   0.163970E-01   0.772386E-02   0.446434E-02   0.287638E-01  -0.466769E+02   0.126858E+02   0.000000E+00  -0.593627E+02   0.118725E+03
   0.317201E+02  -0.893790E-01  -0.200124E+01  -0.951553E+00   0.295511E+02  -0.396498E+01  -0.136004E+01  -0.309822E+00   0.361138E-01   0.358763E-02   0.109358E-01   0.156802E-02   0.105860E-01  -0.446319E+02   0.157529E+02   0.000000E+00  -0.603848E+02   0.120770E+03
   0.336631E+02  -0.238440E+01   0.186405E+01   0.239833E+01   0.250626E+02   0.202284E+01   0.299536E+01   0.150360E+01   0.204308E-01   0.148696E-01   0.176554E-02   0.156802E-02   0.155031E-02  -0.429249E+02   0.164453E+02   0.000000E+00  -0.593702E+02   0.118740E+03
   0.328326E+02  -0.176090E+01   0.242110E+00  -0.222147E+01   0.255054E+02   0.171895E+00   0.182691E+01  -0.396694E+00   0.248983E-01   0.468681E-02   0.999572E-02   0.120897E-02   0.317983E-02  -0.415643E+02   0.165135E+02   0.000000E+00  -0.580778E+02   0.116156E+03
   0.328887E+02  -0.520523E+00   0.141471E+01   0.347239E+01   0.294940E+02   0.176425E-01  -0.544977E+01  -0.507826E+01   0.243246E-01   0.677884E-02   0.140339E-01   0.170095E-03   0.315904E-02  -0.433319E+02   0.160065E+02   0.000000E+00  -0.593384E+02   0.118677E+03
   0.337402E+02  -0.372365E+01   0.141589E+01  -0.439831E+01   0.260239E+02  -0.533853E+01   0.438391E+00  -0.731069E+01   0.542970E-03   0.222411E-02   0.144554E-01   0.127720E-01   0.315904E-02  -0.472979E+02   0.151596E+02   0.000000E+00  -0.624575E+02   0.124915E+03
   0.341801E+02   0.751502E+00  -0.450633E+01  -0.709864E+01   0.261250E+02  -0.973694E-01  -0.387913E+01   0.351610E+01   0.285879E-01   0.850847E-02   0.936648E-02   0.201212E-02   0.107484E-01  -0.454840E+02   0.153571E+02   0.000000E+00  -0.608411E+02   0.121682E+03
   0.326490E+02   0.116673E+01  -0.366383E+01  -0.653256E+01   0.269195E+02  -0.269174E+01  -0.426739E+01  -0.261960E+01   0.919688E-02   0.624355E-02   0.102767E-01   0.709845E-02   0.943852E-02  -0.436684E+02   0.151150E+02   0.000000E+00  -0.587834E+02   0.117567E+03
   0.326490E+02   0.103780E+00  -0.373278E+01   0.352399E+00   0.280811E+02  -0.715972E+00  -0.301434E+01  -0.624576E+01   0.580878E-02   0.124637E-01   0.164675E-01   0.510263E-03   0.143140E-01  -0.432798E+02   0.140451E+02   0.000000E+00  -0.573249E+02   0.114650E+03
   0.335816E+02  -0.165107E+01  -0.236664E+01   0.969969E+00   0.288663E+02  -0.324001E+01  -0.241848E+01  -0.511418E+01   0.180190E-01   0.825459E-02   0.150868E-02   0.172930E-01   0.670146E-02  -0.426024E+02   0.150449E+02   0.000000E+00  -0.576473E+02   0.115295E+03
   0.339932E+02  -0.289289E+00  -0.255622E+01  -0.614319E+01   0.288663E+02  -0.339057E+01   0.201645E+01   0.579781E+01   0.479971E-02   0.985047E-02   0.110452E-01   0.102352E-01   0.152308E-01  -0.449418E+02   0.137845E+02   0.000000E+00  -0.587263E+02   0.117453E+03
   0.327624E+02  -0.289289E+00  -0.970665E-01   0.345753E+00   0.253254E+02   0.323314E+00   0.339890E+01  -0.546980E+01   0.126637E-01   0.250491E-02   0.211740E-01   0.264898E-02   0.430531E-01  -0.469210E+02   0.114826E+02   0.000000E+00  -0.584036E+02   0.116807E+03
   0.310168E+02   0.538466E+00  -0.452947E+01   0.193782E+01   0.266763E+02  -0.258561E+01   0.320420E+01  -0.688604E+01   0.225654E-01   0.131192E-01   0.359578E-02   0.313653E-02   0.979317E-02  -0.483539E+02   0.154562E+02   0.000000E+00  -0.638101E+02   0.127620E+03
   0.338561E+02  -0.159244E+01   0.615206E+00   0.112674E+01   0.269378E+02   0.113223E+01   0.346738E+01   0.329533E+01   0.179592E-01   0.119715E-01   0.203563E-01   0.302605E-01   0.571073E-03  -0.458582E+02   0.121047E+02   0.000000E+00  -0.579629E+02   0.115926E+03
   0.331115E+02  -0.275707E+01   0.364694E+01   0.167448E-01   0.257137E+02  -0.227577E+01  -0.896842E+00   0.329533E+01   0.256176E-01   0.543036E-02   0.637412E-02   0.202053E-02   0.472324E-03  -0.425558E+02   0.169909E+02   0.000000E+00  -0.595467E+02   0.119093E+03
   0.330476E+02  -0.208865E+01   0.171438E+01  -0.223215E+01   0.291393E+02  -0.748374E+01  -0.258588E+01  -0.537208E+01   0.186413E-01   0.367564E-03   0.360146E-02   0.202053E-02   0.472324E-03  -0.437635E+02   0.177745E+02   0.000000E+00  -0.615380E+02   0.123076E+03
   0.341608E+02  -0.223844E+01   0.463938E+00   0.512230E+01   0.270741E+02   0.327526E+01  -0.164212E+01   0.646964E+00   0.261496E-01   0.660782E-03   0.231087E-01   0.202053E-02   0.781082E-02  -0.443114E+02   0.150606E+02   0.000000E+00  -0.593720E+02   0.118744E+03
   0.321460E+02  -0.607676E+00  -0.282075E+01  -0.465722E+01   0.247557E+02   0.177133E+00  -0.597855E+00   0.306200E+00   0.374224E-01   0.121502E-01   0.601222E-02   0.273937E-02   0.234635E-02  -0.462507E+02   0.160959E+02   0.000000E+00  -0.623466E+02   0.124693E+03
   0.321460E+02  -0.607676E+00   0.122802E+01   0.295278E+00   0.281183E+02   0.177133E+00   0.900515E+00   0.498188E+01   0.225594E-01   0.364545E-02   0.302337E-01   0.627239E-02   0.432579E-02  -0.436259E+02   0.139729E+02   0.000000E+00  -0.575988E+02   0.115198E+03
   0.328029E+02   0.449815E+00  -0.306751E+01   0.120794E+01   0.308928E+02  -0.708463E+00  -0.108377E+01   0.648767E+00   0.622813E-02   0.137446E-01   0.180963E-01   0.515194E-02   0.214747E-01  -0.454223E+02   0.125739E+02   0.000000E+00  -0.579962E+02   0.115992E+03
   0.322245E+02   0.125148E+01   0.325095E+00  -0.215625E+01   0.293199E+02  -0.117509E+01  -0.794596E+00   0.204289E+01   0.300186E-02   0.252600E-01   0.270209E-01   0.156787E-01   0.225007E-01  -0.484097E+02   0.937465E+01   0.000000E+00  -0.577844E+02   0.115569E+03
   0.326750E+02  -0.178053E+01  -0.106906E+01  -0.117496E+01   0.299286E+02  -0.395721E+01   0.302148E+00   0.265946E+01   0.433464E-03   0.273194E-01   0.254130E-01   0.191837E-02   0.225870E-02  -0.444262E+02   0.127297E+02   0.000000E+00  -0.571559E+02   0.114312E+03
   0.328302E+02  -0.775940E+00  -0.301929E+01  -0.482090E+00   0.285855E+02   0.316150E+01  -0.155711E+01   0.486346E+01   0.433464E-03   0.414937E-02   0.788148E-02   0.596553E-02   0.833033E-02  -0.414847E+02   0.157880E+02   0.000000E+00  -0.572727E+02   0.114545E+03
   0.327767E+02  -0.775940E+00  -0.489404E+01  -0.460607E+01   0.274530E+02   0.316150E+01   0.223943E+01  -0.597149E+01   0.634279E-02   0.681157E-02   0.788148E-02   0.743837E-02   0.369801E-01  -0.471430E+02   0.125095E+02   0.000000E+00  -0.596525E+02   0.119305E+03
   0.339520E+02  -0.775940E+00  -0.426526E+00   0.485117E+00   0.259184E+02  -0.418896E+01   0.291952E+01  -0.334569E+01   0.314443E-02   0.993564E-03   0.979948E-02   0.302185E-01   0.199068E-02  -0.448964E+02   0.141205E+02   0.000000E+00  -0.590169E+02   0.118034E+03
   0.321587E+02  -0.115749E+00  -0.153689E+01  -0.147814E+01   0.278993E+02   0.388800E+01  -0.146438E+01   0.248677E+00   0.221890E-01   0.210863E-02   0.222233E-01   0.684049E-02   0.404287E-02  -0.429775E+02   0.148992E+02   0.000000E+00  -0.578767E+02   0.115753E+03
   0.331589E+02   0.723925E+00  -0.637639E+00   0.852599E+01   0.293986E+02   0.135938E+01  -0.721166E+01  -0.668310E+01   0.209016E-01   0.717266E-02   0.155976E-01   0.271568E-01   0.632098E-02  -0.505529E+02   0.127959E+02   0.000000E+00  -0.633488E+02   0.126698E+03
   0.322812E+02   0.723925E+00   0.302767E+00   0.307303E+01   0.275424E+02   0.364472E+01   0.474568E+00  -0.224889E+01   0.180813E-01   0.354280E-01   0.864354E-03   0.963243E-02   0.465630E-04  -0.447978E+02   0.138235E+02   0.000000E+00  -0.586213E+02   0.117243E+03
   0.322909E+02   0.427789E+00   0.126579E+01  -0.161894E+01   0.269259E+02   0.270937E+01   0.340079E+01  -0.369912E+01   0.883775E-02   0.791472E-02   0.154886E-02   0.490932E-02   0.828476E-02  -0.422645E+02   0.161549E+02   0.000000E+00  -0.584194E+02   0.116839E+03
   0.325279E+02   0.321888E+00  -0.330048E+00  -0.118120E+01   0.254276E+02  -0.221816E+01  -0.160015E+01  -0.284630E+01   0.202520E-03   0.148083E-01   0.443955E-02   0.450769E-01   0.208611E-03  -0.455451E+02   0.119673E+02   0.000000E+00  -0.575124E+02   0.115025E+03
   0.323952E+02   0.147523E+01  -0.227374E+01  -0.430096E+01   0.254260E+02   0.133749E+01  -0.461038E+01  -0.621389E+00   0.155818E-01   0.411857E-02   0.443955E-02   0.187127E-01   0.846941E-03  -0.437019E+02   0.156089E+02   0.000000E+00  -0.593108E+02   0.118622E+03
   0.333216E+02  -0.157965E+00  -0.378234E+01  -0.384712E+01   0.271201E+02  -0.382460E+00  -0.575552E+01  -0.168737E+01   0.619853E-02   0.644812E-02   0.192985E-01   0.177355E-03   0.327781E-02  -0.420055E+02   0.155005E+02   0.000000E+00  -0.575060E+02   0.115012E+03
   0.324433E+02  -0.343229E+00  -0.378234E+01   0.227632E+01   0.271971E+02   0.234954E+00   0.134772E+01  -0.374158E+01   0.136490E-01   0.153698E-01   0.102720E-01   0.177355E-03   0.568860E-03  -0.416750E+02   0.157819E+02   0.000000E+00  -0.574569E+02   0.114914E+03
   0.348453E+02  -0.399212E+01  -0.306734E+01   0.895984E+00   0.257807E+02   0.234954E+00   0.136959E+01   0.262808E+01   0.151258E-01   0.850201E-02   0.225578E-01   0.177355E-03   0.421767E-01  -0.480407E+02   0.110793E+02   0.000000E+00  -0.591200E+02   0.118240E+03
   0.324049E+02   0.290464E+01   0.298689E+01  -0.235551E+01   0.267429E+02   0.305001E+00   0.280044E+01  -0.176531E+01   0.168874E-01   0.527962E-02   0.117098E-01   0.612313E-03   0.224595E-01  -0.479043E+02   0.144146E+02   0.000000E+00  -0.623189E+02   0.124638E+03
   0.326780E+02  -0.142428E+01  -0.380617E+00  -0.330989E+00   0.280021E+02  -0.466593E+01  -0.501886E+01  -0.191243E+01   0.982342E-02   0.115620E-02   0.709214E-02   0.628822E-02   0.571051E-02  -0.413423E+02   0.163960E+02   0.000000E+00  -0.577383E+02   0.115477E+03
   0.334535E+02  -0.149066E+01  -0.234303E+01  -0.221772E+01   0.288156E+02   0.438142E+00  -0.356159E+01   0.472256E+00   0.577132E-02   0.155032E-02   0.600961E-02   0.120825E-02   0.237320E-02  -0.387760E+02   0.173065E+02   0.000000E+00  -0.560825E+02   0.112165E+03
   0.336545E+02  -0.222687E+01  -0.589884E+00   0.445295E+01   0.293246E+02  -0.318261E+01   0.293180E+01  -0.828546E+01   0.398448E-02   0.214549E-02   0.186517E-01   0.105231E-01   0.208916E-02  -0.447727E+02   0.150797E+02   0.000000E+00  -0.598524E+02   0.119705E+03
   0.310816E+02   0.400171E+00  -0.521277E+00  -0.158254E+01   0.302258E+02   0.594700E-01   0.377985E+01   0.439795E+00   0.113895E-01   0.214549E-02   0.536623E-02   0.496201E-02   0.180445E-02  -0.426838E+02   0.169929E+02   0.000000E+00  -0.596767E+02   0.119353E+03
   0.320236E+02   0.400171E+00   0.192802E+01  -0.965731E+00   0.267384E+02  -0.170729E+01   0.141076E+01   0.179267E+01   0.364631E-01   0.214549E-02   0.879682E-02   0.268842E-02   0.180445E-02  -0.427074E+02   0.168772E+02   0.000000E+00  -0.595846E+02   0.119169E+03
   0.326591E+02   0.400171E+00  -0.285155E+01  -0.232613E+01   0.272027E+02  -0.845679E+00   0.113025E+01  -0.750807E+00   0.114960E-01   0.181376E-01   0.880994E-03   0.152010E-01   0.118804E-01  -0.424513E+02   0.138107E+02   0.000000E+00  -0.562620E+02   0.112524E+03
   0.318035E+02  -0.609089E+00  -0.960134E+00  -0.621360E+00   0.297083E+02  -0.184769E+01   0.201043E+01  -0.715929E+01   0.576007E-02   0.137083E-01   0.289406E-02   0.438868E-02   0.108225E-01  -0.435615E+02   0.152393E+02   0.000000E+00  -0.588008E+02   0.117602E+03
   0.343347E+02  -0.341531E+00  -0.312353E+01   0.903877E-01   0.245961E+02   0.676550E+01  -0.984287E-01  -0.351879E+01   0.189932E-02   0.122363E-02   0.158300E-02   0.118803E-01   0.142749E-01  -0.478440E+02   0.155245E+02   0.000000E+00  -0.633685E+02   0.126737E+03
   0.324663E+02  -0.851295E-01  -0.335800E+01  -0.213144E+01   0.286659E+02   0.308419E+00  -0.515994E+01  -0.306632E+00   0.328596E-01   0.162429E-01   0.208741E-01   0.220593E-01   0.671317E-02  -0.472078E+02   0.118317E+02   0.000000E+00  -0.590395E+02   0.118079E+03
   0.340725E+02  -0.798228E-01  -0.127861E+01  -0.202714E+01   0.273425E+02  -0.630159E+01  -0.243333E+01   0.290308E+01   0.974109E-02   0.258469E-02   0.139729E-01   0.911047E-02   0.643637E-02  -0.442492E+02   0.152102E+02   0.000000E+00  -0.594594E+02   0.118919E+03
   0.331198E+02  -0.170117E+01  -0.439237E+00  -0.395678E+01   0.277261E+02  -0.161072E+01   0.333982E+01   0.292811E+01   0.170419E-01   0.217936E-02   0.148323E-01   0.104331E-01   0.653909E-01  -0.480829E+02   0.913711E+01   0.000000E+00  -0.572200E+02   0.114440E+03
   0.335032E+02  -0.239245E+01   0.268865E+01   0.818201E+01   0.263098E+02   0.838661E+00  -0.516407E+01   0.355533E+01   0.216440E-01   0.359416E-02   0.361800E-02   0.604180E-02   0.386311E-02  -0.447660E+02   0.167090E+02   0.000000E+00  -0.614750E+02   0.122950E+03
   0.330729E+02   0.153320E+00  -0.435865E+01  -0.159694E+01   0.275752E+02  -0.198581E+01   0.406861E+01   0.584903E+01   0.724341E-02   0.435537E-02   0.605911E-02   0.194580E-02   0.242273E-01  -0.431031E+02   0.147619E+02   0.000000E+00  -0.578650E+02   0.115730E+03
   0.323665E+02  -0.159204E+01   0.494550E+00  -0.734547E+00   0.275752E+02  -0.388095E+01   0.140893E+01  -0.320269E+01   0.237740E-01   0.121870E-01   0.145052E-01   0.194580E-02   0.144856E-02  -0.428058E+02   0.154120E+02   0.000000E+00  -0.582178E+02   0.116436E+03
   0.334820E+02  -0.159204E+01   0.938593E-02  -0.701043E+01   0.296416E+02   0.218560E+01  -0.643216E+00  -0.320269E+01   0.173495E-01   0.166038E-01   0.100246E-01   0.287597E-02   0.340265E-02  -0.438962E+02   0.151300E+02   0.000000E+00  -0.590262E+02   0.118052E+03
   0.338656E+02  -0.159204E+01  -0.210487E+01  -0.625132E+01   0.266631E+02   0.583572E+00  -0.307570E+01  -0.207038E+01   0.302111E-01   0.308219E-02   0.141305E-01   0.387699E-01   0.920149E-02  -0.475387E+02   0.119023E+02   0.000000E+00  -0.594410E+02   0.118882E+03
   0.343677E+02  -0.198645E+01  -0.826350E+00  -0.416011E+01   0.272919E+02   0.170302E+01  -0.411995E+01  -0.364988E+01   0.275576E-01   0.308219E-02   0.223346E-01   0.749453E-03   0.364992E-02  -0.440363E+02   0.154391E+02   0.000000E+00  -0.594754E+02   0.118951E+03
   0.336396E+02  -0.138151E+00  -0.425696E+01  -0.334711E+01   0.265586E+02   0.397428E+01  -0.306475E+00   0.193950E+01   0.606303E-02   0.135612E-01   0.236341E-01   0.556232E-02   0.143319E-01  -0.455604E+02   0.127117E+02   0.000000E+00  -0.582721E+02   0.116544E+03
   0.342683E+02  -0.399482E+01  -0.207709E+01  -0.214603E+01   0.262857E+02   0.515141E+00   0.703876E+00  -0.334950E+01   0.237844E-01   0.362339E-02   0.995814E-02   0.233945E-01   0.398587E-02  -0.448034E+02   0.143245E+02   0.000000E+00  -0.591279E+02   0.118256E+03
   0.351984E+02  -0.368127E+01  -0.159667E+01   0.781489E+01   0.299286E+02   0.168576E+01  -0.312071E+01  -0.103165E+02   0.419206E-02   0.555856E-02   0.249461E-01   0.298916E-02   0.102377E-02  -0.481797E+02   0.149689E+02   0.000000E+00  -0.631486E+02   0.126297E+03
   0.337967E+02  -0.181791E+01   0.153504E+01  -0.705063E+01   0.283832E+02  -0.196023E+00   0.104994E+01  -0.158736E+01   0.210931E-01   0.545584E-02   0.753902E-02   0.373908E-02   0.123373E-01  -0.439089E+02   0.155136E+02   0.000000E+00  -0.594225E+02   0.118845E+03
   0.324495E+02  -0.387181E+01   0.406415E+01   0.809215E+01   0.292042E+02   0.233107E+01   0.926071E+00  -0.254660E+01   0.219518E-01   0.329635E-02   0.867630E-02   0.324961E-03   0.267329E-02  -0.462318E+02   0.169236E+02   0.000000E+00  -0.631554E+02   0.126311E+03
   0.337844E+02  -0.332169E+01  -0.106084E+01   0.214949E+01   0.301454E+02  -0.288847E+01  -0.475829E+01   0.264623E+01   0.122663E-01   0.204517E-01   0.252842E-01   0.941121E-03   0.666786E-02  -0.448955E+02   0.130862E+02   0.000000E+00  -0.579817E+02   0.115963E+03
   0.336947E+02  -0.711533E-01  -0.665122E+01   0.280130E+01   0.252983E+02  -0.448768E+01  -0.258714E+01   0.379301E+01   0.126799E-02   0.964677E-02   0.141413E-01   0.966737E-02   0.100450E-01  -0.474094E+02   0.140706E+02   0.000000E+00  -0.614800E+02   0.122960E+03
   0.349960E+02  -0.194206E+01   0.109521E+01   0.386324E+01   0.270415E+02  -0.332302E+01   0.295818E+01   0.103930E+01   0.247356E-01   0.262189E-01   0.212371E-02   0.690025E-03   0.283319E-03  -0.454779E+02   0.154891E+02   0.000000E+00  -0.609670E+02   0.121934E+03
   0.331293E+02  -0.361471E+01   0.115964E+01  -0.266841E+01   0.312654E+02   0.339595E+01   0.223528E+01   0.274429E+01   0.144991E-01   0.156502E-01   0.958614E-02   0.850940E-02   0.597546E-02  -0.464026E+02   0.144486E+02   0.000000E+00  -0.608512E+02   0.121702E+03
   0.331118E+02  -0.455677E+00  -0.240161E-01   0.114463E+01   0.290445E+02   0.105195E+01  -0.437497E+01  -0.854036E+01   0.461531E-02   0.193617E-01   0.848726E-03   0.515059E-02   0.373810E-02  -0.429606E+02   0.155108E+02   0.000000E+00  -0.584714E+02   0.116943E+03
   0.355878E+02  -0.585331E+01  -0.338435E+01   0.512479E+01   0.278540E+02   0.440448E+00  -0.285331E+01  -0.410053E+01   0.319342E-02   0.577461E-02   0.696463E-02   0.114477E-01   0.941619E-02  -0.461617E+02   0.150604E+02   0.000000E+00  -0.612221E+02   0.122444E+03
   0.349276E+02  -0.585331E+01  -0.371974E+01   0.904464E+00   0.294923E+02   0.123859E+01   0.617441E+01  -0.406659E+01   0.407547E-02   0.989048E-02   0.243363E-01   0.179843E-01   0.900476E-03  -0.496023E+02   0.131095E+02   0.000000E+00  -0.627118E+02   0.125424E+03
   0.349276E+02  -0.532909E+01   0.362070E+01  -0.583093E+00   0.280672E+02  -0.119798E+01   0.402162E+01  -0.577410E+01   0.743422E-02   0.656355E-02   0.486579E-02   0.297433E-02   0.295150E-02  -0.457788E+02   0.166852E+02   0.000000E+00  -0.624640E+02   0.124928E+03
   0.340645E+02  -0.351627E+01   0.180279E+00  -0.182139E+00   0.279053E+02   0.108424E+01   0.126014E+01  -0.811465E+01   0.226951E-01   0.101329E-02   0.615250E-02   0.664119E-02   0.147751E-01  -0.434037E+02   0.155625E+02   0.000000E+00  -0.589662E+02   0.117932E+03
   0.321215E+02   0.120025E+01   0.488021E+00   0.484038E-01   0.270126E+02  -0.430692E+00  -0.383220E+01  -0.438978E+00   0.228162E-01   0.101329E-02   0.450448E-02   0.154652E-01   0.876875E-02  -0.427602E+02   0.154455E+02   0.000000E+00  -0.582057E+02   0.116411E+03
   0.323712E+02  -0.162589E+00  -0.857594E+00   0.339062E+01   0.269965E+02  -0.312938E+01  -0.326310E+01  -0.171829E+01   0.146935E-01   0.406634E-02   0.256191E-01   0.101898E-02   0.227009E-01  -0.446455E+02   0.130801E+02   0.000000E+00  -0.577256E+02   0.115451E+03
   0.339119E+02  -0.220245E+01  -0.486200E+01   0.339741E+01   0.283364E+02   0.146780E+01  -0.878108E-01  -0.245040E+01   0.253419E-02   0.150161E-01   0.160359E-01   0.274098E-03   0.280734E-02  -0.423884E+02   0.150073E+02   0.000000E+00  -0.573957E+02   0.114791E+03
   0.337728E+02  -0.241842E+01  -0.455065E+00  -0.243977E+01   0.286162E+02  -0.221646E+01   0.493352E+01  -0.427674E+01   0.930100E-03   0.565312E-02   0.153251E-01   0.171133E-02   0.202737E-01  -0.441158E+02   0.141244E+02   0.000000E+00  -0.582402E+02   0.116480E+03
   0.322301E+02  -0.173662E+00  -0.474249E+00  -0.259887E+01   0.283936E+02   0.456699E+00  -0.652839E+01  -0.281736E+01   0.341167E-01   0.877757E-02   0.153251E-01   0.834378E-02   0.820299E-02  -0.454047E+02   0.143557E+02   0.000000E+00  -0.597604E+02   0.119521E+03
   0.318082E+02   0.772314E+00  -0.231221E+01  -0.366046E+01   0.301412E+02   0.328225E+01  -0.476543E+01   0.864631E+01   0.931643E-02   0.242398E-02   0.124114E-02   0.318503E-02   0.448840E-02  -0.441916E+02   0.172868E+02   0.000000E+00  -0.614784E+02   0.122957E+03
   0.321083E+02   0.941585E+00  -0.137947E+01  -0.143980E+00   0.304206E+02  -0.312545E+01  -0.114546E+01  -0.495750E+01   0.268738E-02   0.494452E-02   0.279139E-03   0.190646E-02   0.226548E-01  -0.433523E+02   0.154422E+02   0.000000E+00  -0.587945E+02   0.117589E+03
   0.319833E+02   0.997118E+00   0.294104E+01   0.294392E+01   0.254721E+02  -0.370255E+01  -0.267577E+01  -0.576852E-01   0.204585E-02   0.142568E-01   0.264438E-02   0.159405E-01   0.273531E-01  -0.477923E+02   0.124012E+02   0.000000E+00  -0.601935E+02   0.120387E+03
   0.332071E+02   0.540710E+00   0.396209E+01  -0.509225E+00   0.285651E+02   0.502292E+00   0.313653E+01  -0.105139E+01   0.277471E-01   0.155666E-01   0.667625E-02   0.143454E-01   0.782252E-02  -0.473179E+02   0.139796E+02   0.000000E+00  -0.612975E+02   0.122595E+03
   0.334195E+02  -0.995903E+00  -0.442246E+01   0.231259E+01   0.260725E+02  -0.659704E+01   0.437517E+00   0.393877E+01   0.265655E-01   0.241381E-01   0.167517E-01   0.168473E-02   0.512532E-02  -0.476305E+02   0.136507E+02   0.000000E+00  -0.612812E+02   0.122562E+03
   0.311517E+02   0.410899E+00   0.151971E+01  -0.103850E+01   0.264293E+02   0.711480E+00   0.830942E+00  -0.486463E+01   0.183269E-01   0.306237E-01   0.217416E-02   0.584734E-02   0.159239E-01  -0.464399E+02   0.129638E+02   0.000000E+00  -0.594037E+02   0.118807E+03
   0.329385E+02   0.163701E+01  -0.526585E+01   0.782110E+00   0.285882E+02  -0.430878E+01  -0.582377E+01   0.242450E+01   0.166807E-01   0.201930E-01   0.278976E-01   0.836619E-02   0.138642E-02  -0.476370E+02   0.126364E+02   0.000000E+00  -0.602734E+02   0.120547E+03
   0.327917E+02  -0.418953E+00  -0.347905E+01  -0.124329E+01   0.285145E+02  -0.626312E+00  -0.648981E+01   0.122814E+01   0.175830E-01   0.196719E-02   0.563252E-02   0.140848E-01   0.645710E-03  -0.414490E+02   0.161877E+02   0.000000E+00  -0.576367E+02   0.115273E+03
   0.324821E+02  -0.920756E+00  -0.347905E+01   0.316946E+01   0.290326E+02  -0.142152E+01   0.261964E+01  -0.622480E+01   0.472075E-02   0.362956E-02   0.180750E-01   0.100228E-02   0.361490E-02  -0.427123E+02   0.157885E+02   0.000000E+00  -0.585008E+02   0.117002E+03
   0.343565E+02  -0.277877E+01  -0.540766E+01   0.192550E+01   0.313486E+02   0.318037E+01  -0.186306E+01   0.144397E+01   0.828827E-02   0.127702E-01   0.436422E-02   0.345987E-03   0.101240E-02  -0.436036E+02   0.165714E+02   0.000000E+00  -0.601750E+02   0.120350E+03
   0.350969E+02  -0.464303E+01  -0.546681E+01   0.395898E+01   0.299177E+02  -0.465814E+00   0.308878E-01  -0.135525E+01   0.178115E-02   0.446591E-02   0.684419E-02   0.556038E-02   0.457043E-02  -0.438482E+02   0.162766E+02   0.000000E+00  -0.601248E+02   0.120250E+03
   0.349777E+02  -0.241338E+01   0.292372E+01   0.790492E-01   0.297997E+02  -0.115016E+01  -0.198109E+01   0.355367E+01   0.138999E-01   0.106926E-03   0.387238E-02   0.107410E-01   0.765323E-02  -0.459783E+02   0.161833E+02   0.000000E+00  -0.621616E+02   0.124323E+03
   0.325601E+02  -0.208592E+01   0.508000E+00   0.119303E+02   0.281059E+02  -0.156045E+01  -0.600858E+00  -0.444601E+01   0.164496E-01   0.238658E-01   0.138837E-01   0.107410E-01   0.447314E-01  -0.547896E+02   0.909849E+01   0.000000E+00  -0.638881E+02   0.127776E+03
   0.332365E+02  -0.104843E+01   0.508000E+00  -0.235482E+01   0.267318E+02   0.305953E+01   0.365410E+00  -0.410626E+01   0.606036E-02   0.531521E-02   0.148613E-01   0.105260E-01   0.574317E-02  -0.427028E+02   0.147761E+02   0.000000E+00  -0.574789E+02   0.114958E+03
   0.322653E+02  -0.117047E+01   0.673966E+00  -0.235482E+01   0.285782E+02  -0.460918E+00  -0.475799E+01   0.402436E+01   0.242972E-02   0.770138E-02   0.585320E-02   0.881976E-02   0.168492E-02  -0.412180E+02   0.160148E+02   0.000000E+00  -0.572328E+02   0.114466E+03
   0.331131E+02   0.132185E+01  -0.162094E+01  -0.550912E+01   0.291561E+02  -0.130259E+01  -0.682177E+01   0.173923E+01   0.242972E-02   0.667037E-02   0.118587E-01   0.344502E-02   0.142833E-01  -0.446173E+02   0.147949E+02   0.000000E+00  -0.594122E+02   0.118824E+03
   0.320423E+02  -0.319242E+01   0.516437E+01  -0.765276E+00   0.289840E+02  -0.178595E+01   0.330540E+01  -0.435943E+01   0.160786E-01   0.287673E-02   0.317515E-01   0.796356E-04   0.341547E-02  -0.470607E+02   0.146083E+02   0.000000E+00  -0.616690E+02   0.123338E+03
   0.336668E+02  -0.319242E+01   0.638880E+00  -0.244694E+01   0.288588E+02   0.204958E+01   0.750312E+00   0.689266E-01   0.167591E-01   0.954216E-02   0.649654E-02   0.111725E-01   0.123203E-01  -0.430182E+02   0.144675E+02   0.000000E+00  -0.574857E+02   0.114971E+03
   0.310869E+02  -0.452358E+00  -0.784208E+00   0.491927E+00   0.299161E+02  -0.880763E+00  -0.273144E+01   0.480077E+01   0.201907E-01   0.208796E-03   0.649714E-02   0.934402E-02   0.123203E-01  -0.440879E+02   0.155837E+02   0.000000E+00  -0.596716E+02   0.119343E+03
   0.330670E+02  -0.301629E+01  -0.120190E+01   0.105696E+01   0.290246E+02   0.576674E+01   0.315063E+01  -0.673673E+01   0.111405E-02   0.468884E-02   0.113497E-01   0.119777E-01   0.144187E-01  -0.456378E+02   0.141772E+02   0.000000E+00  -0.598150E+02   0.119630E+03
   0.342287E+02  -0.144367E+01  -0.437097E+01  -0.465687E+01   0.280141E+02  -0.475266E+01  -0.204224E+00   0.469220E+01   0.291717E-01   0.776080E-02   0.235644E-02   0.126709E-01   0.226881E-01  -0.461473E+02   0.138731E+02   0.000000E+00  -0.600204E+02   0.120041E+03
   0.329823E+02  -0.732029E+00  -0.628005E+01  -0.221403E+01   0.292189E+02   0.302084E+01   0.870102E+00   0.143760E+01   0.136159E-01   0.127455E-02   0.642591E-02   0.178026E-02   0.314932E-01  -0.446561E+02   0.143233E+02   0.000000E+00  -0.589794E+02   0.117959E+03
   0.340446E+02  -0.299705E+01  -0.207939E+01  -0.137358E+01   0.284221E+02  -0.280909E+01  -0.817060E+00  -0.412438E+00   0.153025E-01   0.248648E-01   0.146628E-01   0.725963E-02   0.404772E-03  -0.432007E+02   0.137015E+02   0.000000E+00  -0.569022E+02   0.113804E+03
   0.325722E+02  -0.948398E-01  -0.229014E-01  -0.719235E+00   0.267076E+02  -0.302995E+01   0.193251E+01   0.944610E+00   0.231034E-01   0.817408E-02   0.206308E-01   0.156638E-02   0.235607E-04  -0.419738E+02   0.153812E+02   0.000000E+00  -0.573550E+02   0.114710E+03
   0.339278E+02  -0.189162E+01  -0.246747E+01   0.187721E+00   0.263512E+02   0.282087E+00  -0.385719E+00   0.539194E+01   0.131286E-01   0.100739E-01   0.229609E-01   0.681571E-02   0.352200E-02  -0.432162E+02   0.140834E+02   0.000000E+00  -0.572996E+02   0.114599E+03
   0.336144E+02  -0.243260E+01  -0.519604E+01   0.425824E+00   0.274121E+02   0.371963E+01  -0.507220E+01   0.150383E+01   0.659205E-02   0.210293E-01   0.392114E-02   0.105896E-01   0.158782E-01  -0.460429E+02   0.132789E+02   0.000000E+00  -0.593218E+02   0.118644E+03
   0.340152E+02  -0.348649E+01   0.358655E+01   0.335292E+01   0.289252E+02   0.108888E+01  -0.151341E+01  -0.479739E+01   0.288163E-02   0.994544E-02   0.415516E-02   0.908143E-02   0.412665E-01  -0.470996E+02   0.119758E+02   0.000000E+00  -0.590754E+02   0.118151E+03
   0.336298E+02  -0.290094E+01   0.339726E+01  -0.284391E+00   0.271739E+02   0.195052E+01  -0.903032E+00  -0.164969E+01   0.288163E-02   0.552841E-02   0.589109E-02   0.547806E-03   0.804088E-03  -0.409824E+02   0.171435E+02   0.000000E+00  -0.581259E+02   0.116252E+03
   0.321127E+02   0.218942E-01  -0.627394E+01   0.656319E+00   0.284940E+02   0.246330E+01   0.545526E+01  -0.366594E+01   0.107578E-01   0.165312E-02   0.315806E-02   0.835468E-02   0.804088E-03  -0.440043E+02   0.170237E+02   0.000000E+00  -0.610280E+02   0.122056E+03
   0.324316E+02  -0.846817E+00  -0.288493E+01  -0.393664E+01   0.287767E+02  -0.106091E+01  -0.197840E+01  -0.430520E+01   0.308655E-01   0.949840E-03   0.224154E-01   0.771047E-02   0.100930E-01  -0.447524E+02   0.143038E+02   0.000000E+00  -0.590562E+02   0.118112E+03
   0.312699E+02  -0.846817E+00   0.152629E+01  -0.200055E+01   0.275532E+02  -0.361060E+01  -0.767554E+01   0.375885E+01   0.233901E-01   0.855322E-02   0.113351E-01   0.364585E-01   0.814460E-02  -0.498230E+02   0.119715E+02   0.000000E+00  -0.617945E+02   0.123589E+03
   0.331170E+02   0.312982E-01  -0.704559E+01   0.120220E+01   0.297015E+02  -0.361346E+01  -0.337849E+00   0.144574E+01   0.261193E-01   0.513107E-02   0.121527E-01   0.130636E-01   0.567951E-02  -0.456531E+02   0.148180E+02   0.000000E+00  -0.604711E+02   0.120942E+03
   0.331969E+02  -0.283209E+01  -0.183730E+00   0.601196E+01   0.274432E+02  -0.114193E+01  -0.129534E+01   0.227854E+01   0.121349E-01   0.100147E-02   0.718864E-02   0.148083E-01   0.182419E-01  -0.432382E+02   0.142966E+02   0.000000E+00  -0.575348E+02   0.115070E+03
   0.335081E+02  -0.263953E+00  -0.202019E+01   0.601196E+01   0.266254E+02   0.102811E+01  -0.319047E+01  -0.298145E+01   0.209185E-01   0.399034E-02   0.141957E-02   0.195224E-02   0.421550E-02  -0.419552E+02   0.172629E+02   0.000000E+00  -0.592181E+02   0.118436E+03
   0.335081E+02  -0.232181E+00  -0.278012E+01  -0.346632E+01   0.263740E+02   0.160127E+01   0.238396E+01   0.273595E+01   0.131931E-02   0.639180E-03   0.141957E-02   0.103194E-02   0.121534E-01  -0.403543E+02   0.168963E+02   0.000000E+00  -0.572506E+02   0.114501E+03
   0.343220E+02  -0.197720E+01  -0.386716E+01  -0.837030E+01   0.311791E+02   0.871190E-01  -0.603783E+01  -0.415427E-01   0.678803E-03   0.287063E-02   0.110628E-01   0.350150E-02   0.143196E-01  -0.461632E+02   0.152452E+02   0.000000E+00  -0.614084E+02   0.122817E+03
   0.327913E+02  -0.171644E+01   0.879001E+00  -0.469857E+01   0.275574E+02  -0.337537E+01  -0.223979E+01  -0.171912E+01   0.895100E-02   0.120420E-02   0.914432E-03   0.350150E-02   0.276456E-02  -0.400476E+02   0.175822E+02   0.000000E+00  -0.576298E+02   0.115260E+03
   0.327972E+02   0.111524E+01  -0.276047E+01  -0.260855E+01   0.288429E+02   0.204944E+01  -0.328448E+01   0.104093E+01   0.153346E-01   0.601317E-02   0.202949E-01   0.903053E-02   0.934889E-02  -0.438222E+02   0.139519E+02   0.000000E+00  -0.577741E+02   0.115548E+03
   0.327972E+02  -0.766860E+00   0.370419E+00   0.261972E+01   0.282364E+02  -0.431013E+01   0.346530E+01  -0.115759E+01   0.557204E-02   0.980840E-03   0.230835E-01   0.141616E-01   0.174163E-01  -0.449251E+02   0.128565E+02   0.000000E+00  -0.577816E+02   0.115563E+03
   0.345548E+02  -0.316609E+01  -0.503152E-01   0.518576E+01   0.268085E+02   0.136052E+01  -0.729345E+01   0.278939E+01   0.925032E-02   0.291683E-01   0.108623E-01   0.876089E-02   0.100688E-02  -0.470440E+02   0.134408E+02   0.000000E+00  -0.604848E+02   0.120970E+03
   0.332650E+02  -0.181868E+01  -0.396266E+01   0.306942E+01   0.294337E+02   0.265301E+01  -0.344444E+01  -0.743180E+00   0.167920E-02   0.332986E-02   0.125578E-01   0.749272E-03   0.762281E-04  -0.407465E+02   0.167494E+02   0.000000E+00  -0.574959E+02   0.114992E+03
   0.345075E+02  -0.184649E+01  -0.419082E+01   0.140452E+01   0.280916E+02  -0.326276E+01  -0.892574E+00   0.242056E+01   0.168455E-01   0.332698E-01   0.328862E-02   0.261764E-03   0.951386E-03  -0.433153E+02   0.146435E+02   0.000000E+00  -0.579588E+02   0.115918E+03
   0.346659E+02  -0.144703E+01  -0.690568E+01  -0.931915E+00   0.262472E+02  -0.264365E+01   0.100038E-01   0.269095E+01   0.105454E-02   0.330931E-02   0.328862E-02   0.261764E-03   0.117761E-01  -0.428469E+02   0.165571E+02   0.000000E+00  -0.594040E+02   0.118808E+03
   0.352952E+02  -0.311063E+01  -0.394216E+01  -0.708238E+00   0.284370E+02   0.127164E+00  -0.202736E+01   0.149757E+00   0.692950E-02   0.692060E-02   0.688583E-02   0.374442E-02   0.648720E-02  -0.424801E+02   0.160169E+02   0.000000E+00  -0.584970E+02   0.116994E+03
   0.328742E+02   0.996043E-01  -0.229083E+01  -0.458442E+00   0.298562E+02  -0.255923E+01  -0.108275E+01   0.149757E+00   0.148554E-02   0.152442E-01   0.101114E-01   0.190135E-01   0.779070E-02  -0.435305E+02   0.132047E+02   0.000000E+00  -0.567352E+02   0.113470E+03
   0.320254E+02   0.217180E+01  -0.412120E+01  -0.339709E+01   0.290243E+02   0.213109E+01  -0.322361E+01   0.496108E+01   0.279909E-01   0.972310E-02   0.331681E-02   0.685580E-03   0.410160E-02  -0.440929E+02   0.166380E+02   0.000000E+00  -0.607309E+02   0.121462E+03
   0.327074E+02   0.514813E-01   0.321732E+01   0.141552E+00   0.281846E+02   0.199975E+00   0.524715E+01   0.268707E+00   0.264538E-03   0.302360E-01   0.193070E-02   0.156825E-02   0.122516E-01  -0.455569E+02   0.138220E+02   0.000000E+00  -0.593789E+02   0.118758E+03
   0.331150E+02   0.514813E-01  -0.386630E+01   0.170435E+01   0.289320E+02  -0.226400E+01  -0.171707E+01   0.268707E+00   0.229085E-01   0.376705E-01   0.193070E-02   0.237094E-01   0.179850E-02  -0.456924E+02   0.119098E+02   0.000000E+00  -0.576022E+02   0.115204E+03
   0.317607E+02   0.132987E+01  -0.894394E+00  -0.582969E+01   0.287440E+02  -0.390970E+01   0.172431E+01   0.537458E+01   0.957352E-02   0.121460E-01   0.254590E-01   0.227447E-01   0.224429E-01  -0.492207E+02   0.101414E+02   0.000000E+00  -0.593621E+02   0.118724E+03
   0.316707E+02   0.717867E+00  -0.933317E+00  -0.522314E+01   0.251895E+02   0.177099E+01   0.902310E-01  -0.552046E+01   0.691790E-02   0.622672E-03   0.406731E-02   0.211348E-01   0.773073E-02  -0.450041E+02   0.150651E+02   0.000000E+00  -0.600692E+02   0.120138E+03
   0.324267E+02   0.605412E+00  -0.157411E+01  -0.562171E+01   0.300313E+02   0.356700E+01  -0.643794E+01   0.368979E+01   0.141071E-02   0.741844E-02   0.704191E-02   0.408695E-02   0.755541E-03  -0.439366E+02   0.164904E+02   0.000000E+00  -0.604270E+02   0.120854E+03
   0.318637E+02   0.159596E+01   0.108496E+01   0.507819E+01   0.309803E+02  -0.757230E+00   0.713352E+01  -0.119018E+01   0.184983E-01   0.179814E-01   0.953410E-02   0.771344E-02   0.755541E-03  -0.493357E+02   0.148222E+02   0.000000E+00  -0.641579E+02   0.128316E+03
   0.320000E+02   0.159596E+01  -0.214635E+01  -0.301212E+00   0.271999E+02  -0.162788E+01  -0.217522E+01   0.166283E+01   0.586188E-02   0.946985E-02   0.107170E-02   0.595974E-02   0.122749E-01  -0.416640E+02   0.155431E+02   0.000000E+00  -0.572071E+02   0.114414E+03
   0.335339E+02  -0.120431E+01  -0.302724E+00  -0.365151E+00   0.250977E+02  -0.514248E+01   0.167227E+01   0.511502E+01   0.274085E-01   0.142390E-01   0.194335E-01   0.457442E-02   0.155968E-01  -0.471513E+02   0.130363E+02   0.000000E+00  -0.601876E+02   0.120375E+03
   0.333585E+02  -0.461229E+00  -0.362804E+01  -0.188861E+01   0.269392E+02   0.981191E-01  -0.115570E+00   0.304945E+01   0.140312E-02   0.841490E-02   0.312557E-01   0.396665E-02   0.409377E-02  -0.425992E+02   0.136476E+02   0.000000E+00  -0.562468E+02   0.112494E+03
   0.352318E+02  -0.594013E+01  -0.188359E+01   0.268242E+01   0.281230E+02  -0.194753E+01   0.844852E+00  -0.239846E+00   0.277221E-01   0.310542E-02   0.157847E-01   0.993753E-02   0.189166E-02  -0.454027E+02   0.153487E+02   0.000000E+00  -0.607514E+02   0.121503E+03
   0.350506E+02  -0.186985E+01  -0.252641E+01   0.943603E+01   0.281276E+02  -0.470366E+01  -0.293061E+01  -0.161118E+01   0.303072E-01   0.832840E-02   0.192523E-03   0.255778E-01   0.138507E-02  -0.488423E+02   0.148723E+02   0.000000E+00  -0.637146E+02   0.127429E+03
   0.336923E+02  -0.345650E+01  -0.322614E+01   0.324061E+01   0.298661E+02  -0.107511E+02   0.226197E+01   0.106346E+02   0.306185E-01   0.195040E-01   0.963525E-02   0.790065E-03   0.714249E-02  -0.537443E+02   0.147135E+02   0.000000E+00  -0.684578E+02   0.136916E+03
   0.342153E+02  -0.268929E+01  -0.112667E+01  -0.130359E+01   0.256813E+02   0.114395E+01  -0.261272E+01   0.460221E+01   0.194453E-01   0.137371E-01   0.390599E-02   0.790065E-03   0.224191E-02  -0.424567E+02   0.163532E+02   0.000000E+00  -0.588099E+02   0.117620E+03
   0.341218E+02  -0.298624E+01   0.193408E+01   0.108994E+00   0.286425E+02   0.760300E+00  -0.965824E+01  -0.508892E+01   0.143898E-01   0.130541E-02   0.477882E-01   0.426842E-02   0.224191E-02  -0.482320E+02   0.128603E+02   0.000000E+00  -0.610923E+02   0.122185E+03
   0.316177E+02   0.119084E+01  -0.101549E-02   0.103794E+01   0.298846E+02   0.470162E+01  -0.570584E+01  -0.214636E+01   0.977962E-04   0.599762E-03   0.520248E-01   0.163769E-02   0.546431E-02  -0.483039E+02   0.124480E+02   0.000000E+00  -0.607519E+02   0.121504E+03
   0.326500E+02   0.515475E+00   0.861256E+00  -0.207704E+01   0.258907E+02  -0.197529E+01   0.603862E+01   0.386509E+01   0.261323E-01   0.147702E-01   0.304134E-01   0.903076E-02   0.483972E-01  -0.517460E+02   0.815952E+01   0.000000E+00  -0.599055E+02   0.119811E+03
   0.316626E+02  -0.629379E+00   0.390859E+00  -0.495817E+00   0.293618E+02   0.769872E+00   0.405123E+01  -0.136912E+01   0.146759E-01   0.481422E-02   0.714566E-02   0.222765E-01   0.740825E-03  -0.433190E+02   0.149230E+02   0.000000E+00  -0.582420E+02   0.116484E+03
   0.337071E+02  -0.483269E+00  -0.505565E+01  -0.266656E+01   0.277021E+02  -0.132001E+01   0.275754E+01  -0.272607E+00   0.127696E-01   0.282006E-02   0.203595E-02   0.974708E-02   0.146376E-01  -0.416902E+02   0.154966E+02   0.000000E+00  -0.571868E+02   0.114374E+03
   0.342112E+02  -0.392932E+01  -0.201317E+01  -0.169989E+01   0.289803E+02   0.542319E+01  -0.361710E+01  -0.582011E+01   0.137861E-01   0.349224E-03   0.110383E-01   0.582548E-02   0.264058E-01  -0.461015E+02   0.140588E+02   0.000000E+00  -0.601603E+02   0.120321E+03
   0.350801E+02  -0.430937E+01   0.199019E+01  -0.392761E+01   0.294301E+02   0.315307E+01  -0.196342E+01  -0.265858E+01   0.101485E-01   0.493256E-02   0.733835E-03   0.258832E-02   0.546089E-01  -0.498943E+02   0.121343E+02   0.000000E+00  -0.620286E+02   0.124057E+03
   0.335770E+02  -0.105499E+01  -0.541424E+01   0.450033E+01   0.278294E+02   0.342079E+01  -0.161634E+01   0.359274E+00   0.211375E-02   0.535388E-02   0.733835E-03   0.454625E-02   0.604962E-01  -0.474203E+02   0.113077E+02   0.000000E+00  -0.587280E+02   0.117456E+03
   0.335770E+02  -0.125735E+01  -0.164732E+01   0.274893E+00   0.285910E+02   0.101178E+01   0.444457E+01   0.456106E+01   0.218636E-02   0.535388E-02   0.213312E-02   0.737011E-02   0.191596E-03  -0.405758E+02   0.169158E+02   0.000000E+00  -0.574916E+02   0.114983E+03
   0.321912E+02  -0.362778E+01   0.215306E+01   0.216765E+01   0.296531E+02  -0.929763E+00  -0.361158E+01  -0.274609E+01   0.163343E-01   0.277214E-01   0.970872E-02   0.107602E-01   0.945419E-02  -0.468983E+02   0.126562E+02   0.000000E+00  -0.595545E+02   0.119109E+03
   0.348436E+02  -0.349660E+01  -0.189400E+01  -0.144619E+01   0.290011E+02  -0.330517E+01   0.718498E+01  -0.369816E+01   0.189029E-01   0.552223E-03   0.143548E-02   0.343770E-02   0.356222E-01  -0.473524E+02   0.143159E+02   0.000000E+00  -0.616683E+02   0.123337E+03
   0.333039E+02  -0.369564E+01  -0.175772E+00   0.221127E+01   0.273927E+02   0.117325E+01   0.346554E+01  -0.932793E+01   0.203493E-01   0.552223E-03   0.690141E-02   0.455963E-02   0.735756E-02  -0.435526E+02   0.164836E+02   0.000000E+00  -0.600362E+02   0.120072E+03
