X1_obs         X2_obs         X3_obs         X4_obs         X1_true        X2_true        X3_true        X4_true        Y1_obs         Y2_obs         Y3_obs         Y4_obs         Y5_obs         Y1_unbiased    Y2_unbiased    Y3_unbiased    Y4_unbiased    Y5_unbiased    Y1_sim         Y2_sim         Y3_sim         Y4_sim         Y5_sim         Y1_res         Y2_res         Y3_res         Y4_res         Y5_res         Y1_stdres      Y2_stdres      Y3_stdres      Y4_stdres      Y5_stdres      
   0.100000E+01   0.600000E+01   0.224165E+05   0.259230E+06   0.100000E+01   0.600000E+01   0.224165E+05   0.259230E+06   0.210445E+03  -0.999900E+04  -0.999900E+04  -0.999900E+04  -0.999900E+04   0.210445E+03  -0.999900E+04  -0.999900E+04  -0.999900E+04  -0.999900E+04   0.210717E+03   0.948303E+02   0.909886E+00   0.250035E+02   0.150000E+02  -0.272403E+00  -0.999900E+04  -0.999900E+04  -0.999900E+04  -0.999900E+04  -0.170888E+01  -0.999900E+04  -0.999900E+04  -0.999900E+04  -0.999900E+04
   0.100000E+01   0.600000E+01   0.225000E+05   0.259266E+06   0.100000E+01   0.600000E+01   0.225000E+05   0.259266E+06   0.210387E+03  -0.999900E+04  -0.999900E+04  -0.999900E+04  -0.999900E+04   0.210387E+03  -0.999900E+04  -0.999900E+04  -0.999900E+04  -0.999900E+04   0.210636E+03   0.948295E+02   0.874681E+00   0.247053E+02   0.150000E+02  -0.248450E+00  -0.999900E+04  -0.999900E+04  -0.999900E+04  -0.999900E+04  -0.155862E+01  -0.999900E+04  -0.999900E+04  -0.999900E+04  -0.999900E+04
   0.100000E+01   0.600000E+01   0.226247E+05   0.259301E+06   0.100000E+01   0.600000E+01   0.226247E+05   0.259301E+06   0.210300E+03  -0.999900E+04  -0.999900E+04  -0.999900E+04  -0.999900E+04   0.210300E+03  -0.999900E+04  -0.999900E+04  -0.999900E+04  -0.999900E+04   0.210499E+03   0.948269E+02   0.883703E+00   0.241691E+02   0.150000E+02  -0.198848E+00  -0.999900E+04  -0.999900E+04  -0.999900E+04  -0.999900E+04  -0.124744E+01  -0.999900E+04  -0.999900E+04  -0.999900E+04  -0.999900E+04
   0.100000E+01   0.600000E+01   0.227493E+05   0.259343E+06   0.100000E+01   0.600000E+01   0.227493E+05   0.259343E+06   0.210170E+03  -0.999900E+04  -0.999900E+04  -0.999900E+04  -0.999900E+04   0.210170E+03  -0.999900E+04  -0.999900E+04  -0.999900E+04  -0.999900E+04   0.210364E+03   0.948247E+02   0.870353E+00   0.239299E+02   0.150000E+02  -0.194339E+00  -0.999900E+04  -0.999900E+04  -0.999900E+04  -0.999900E+04  -0.121916E+01  -0.999900E+04  -0.999900E+04  -0.999900E+04  -0.999900E+04
   0.100000E+01   0.600000E+01   0.228740E+05   0.259376E+06   0.100000E+01   0.600000E+01   0.228740E+05   0.259376E+06   0.210028E+03  -0.999900E+04  -0.999900E+04  -0.999900E+04  -0.999900E+04   0.210028E+03  -0.999900E+04  -0.999900E+04  -0.999900E+04  -0.999900E+04   0.210229E+03   0.948220E+02   0.866395E+00   0.237093E+02   0.150000E+02  -0.201246E+00  -0.999900E+04  -0.999900E+04  -0.999900E+04  -0.999900E+04  -0.126249E+01  -0.999900E+04  -0.999900E+04  -0.999900E+04  -0.999900E+04
   0.100000E+01   0.600000E+01   0.230015E+05   0.259413E+06   0.100000E+01   0.600000E+01   0.230015E+05   0.259413E+06   0.209945E+03  -0.999900E+04  -0.999900E+04  -0.999900E+04  -0.999900E+04   0.209945E+03  -0.999900E+04  -0.999900E+04  -0.999900E+04  -0.999900E+04   0.210066E+03   0.948194E+02   0.937322E+00   0.235068E+02   0.150000E+02  -0.120541E+00  -0.999900E+04  -0.999900E+04  -0.999900E+04  -0.999900E+04  -0.756198E+00  -0.999900E+04  -0.999900E+04  -0.999900E+04  -0.999900E+04
   0.100000E+01   0.600000E+01   0.231290E+05   0.259441E+06   0.100000E+01   0.600000E+01   0.231290E+05   0.259441E+06   0.209865E+03  -0.999900E+04  -0.999900E+04  -0.999900E+04  -0.999900E+04   0.209865E+03  -0.999900E+04  -0.999900E+04  -0.999900E+04  -0.999900E+04   0.209891E+03   0.948163E+02   0.924029E+00   0.231540E+02   0.150000E+02  -0.256864E-01  -0.999900E+04  -0.999900E+04  -0.999900E+04  -0.999900E+04  -0.161140E+00  -0.999900E+04  -0.999900E+04  -0.999900E+04  -0.999900E+04
   0.100000E+01   0.600000E+01   0.232280E+05   0.259478E+06   0.100000E+01   0.600000E+01   0.232280E+05   0.259478E+06   0.209765E+03  -0.999900E+04  -0.999900E+04  -0.999900E+04  -0.999900E+04   0.209765E+03  -0.999900E+04  -0.999900E+04  -0.999900E+04  -0.999900E+04   0.209788E+03   0.948149E+02   0.847648E+00   0.230027E+02   0.150000E+02  -0.231615E-01  -0.999900E+04  -0.999900E+04  -0.999900E+04  -0.999900E+04  -0.145300E+00  -0.999900E+04  -0.999900E+04  -0.999900E+04  -0.999900E+04
   0.100000E+01   0.600000E+01   0.233225E+05   0.259498E+06   0.100000E+01   0.600000E+01   0.233225E+05   0.259498E+06   0.209775E+03  -0.999900E+04  -0.999900E+04  -0.999900E+04  -0.999900E+04   0.209775E+03  -0.999900E+04  -0.999900E+04  -0.999900E+04  -0.999900E+04   0.209671E+03   0.948132E+02   0.955109E+00   0.228674E+02   0.150000E+02   0.104110E+00  -0.999900E+04  -0.999900E+04  -0.999900E+04  -0.999900E+04   0.653117E+00  -0.999900E+04  -0.999900E+04  -0.999900E+04  -0.999900E+04
   0.100000E+01   0.600000E+01   0.234170E+05   0.259528E+06   0.100000E+01   0.600000E+01   0.234170E+05   0.259528E+06   0.209762E+03  -0.999900E+04  -0.999900E+04  -0.999900E+04  -0.999900E+04   0.209762E+03  -0.999900E+04  -0.999900E+04  -0.999900E+04  -0.999900E+04   0.209481E+03   0.948117E+02   0.104041E+01   0.227477E+02   0.150000E+02   0.281824E+00  -0.999900E+04  -0.999900E+04  -0.999900E+04  -0.999900E+04   0.176798E+01  -0.999900E+04  -0.999900E+04  -0.999900E+04  -0.999900E+04
   0.100000E+01   0.600000E+01   0.235177E+05   0.259556E+06   0.100000E+01   0.600000E+01   0.235177E+05   0.259556E+06   0.209648E+03  -0.999900E+04  -0.999900E+04  -0.999900E+04  -0.999900E+04   0.209648E+03  -0.999900E+04  -0.999900E+04  -0.999900E+04  -0.999900E+04   0.209245E+03   0.948098E+02   0.103851E+01   0.226431E+02   0.150000E+02   0.402051E+00  -0.999900E+04  -0.999900E+04  -0.999900E+04  -0.999900E+04   0.252221E+01  -0.999900E+04  -0.999900E+04  -0.999900E+04  -0.999900E+04
   0.100000E+01   0.600000E+01   0.236184E+05   0.259586E+06   0.100000E+01   0.600000E+01   0.236184E+05   0.259586E+06   0.209627E+03  -0.999900E+04  -0.999900E+04  -0.999900E+04  -0.999900E+04   0.209627E+03  -0.999900E+04  -0.999900E+04  -0.999900E+04  -0.999900E+04   0.209030E+03   0.948078E+02   0.102727E+01   0.225530E+02   0.150000E+02   0.597913E+00  -0.999900E+04  -0.999900E+04  -0.999900E+04  -0.999900E+04   0.375091E+01  -0.999900E+04  -0.999900E+04  -0.999900E+04  -0.999900E+04
   0.100000E+01   0.600000E+01   0.237191E+05   0.259629E+06   0.100000E+01   0.600000E+01   0.237191E+05   0.259629E+06   0.209375E+03  -0.999900E+04  -0.999900E+04  -0.999900E+04  -0.999900E+04   0.209375E+03  -0.999900E+04  -0.999900E+04  -0.999900E+04  -0.999900E+04   0.208840E+03   0.948065E+02   0.100187E+01   0.224772E+02   0.150000E+02   0.535008E+00  -0.999900E+04  -0.999900E+04  -0.999900E+04  -0.999900E+04   0.335629E+01  -0.999900E+04  -0.999900E+04  -0.999900E+04  -0.999900E+04
   0.100000E+01   0.600000E+01   0.238199E+05   0.259669E+06   0.100000E+01   0.600000E+01   0.238199E+05   0.259669E+06   0.208798E+03  -0.999900E+04  -0.999900E+04  -0.999900E+04  -0.999900E+04   0.208798E+03  -0.999900E+04  -0.999900E+04  -0.999900E+04  -0.999900E+04   0.208674E+03   0.948050E+02   0.974151E+00   0.224149E+02   0.150000E+02   0.123878E+00  -0.999900E+04  -0.999900E+04  -0.999900E+04  -0.999900E+04   0.777128E+00  -0.999900E+04  -0.999900E+04  -0.999900E+04  -0.999900E+04
   0.100000E+01   0.600000E+01   0.239206E+05   0.259694E+06   0.100000E+01   0.600000E+01   0.239206E+05   0.259694E+06   0.208480E+03  -0.999900E+04  -0.999900E+04  -0.999900E+04  -0.999900E+04   0.208480E+03  -0.999900E+04  -0.999900E+04  -0.999900E+04  -0.999900E+04   0.208524E+03   0.948027E+02   0.951595E+00   0.223659E+02   0.150000E+02  -0.438216E-01  -0.999900E+04  -0.999900E+04  -0.999900E+04  -0.999900E+04  -0.274908E+00  -0.999900E+04  -0.999900E+04  -0.999900E+04  -0.999900E+04
   0.100000E+01   0.600000E+01   0.240213E+05   0.259724E+06   0.100000E+01   0.600000E+01   0.240213E+05   0.259724E+06   0.208365E+03  -0.999900E+04  -0.999900E+04  -0.999900E+04  -0.999900E+04   0.208365E+03  -0.999900E+04  -0.999900E+04  -0.999900E+04  -0.999900E+04   0.208383E+03   0.948006E+02   0.939500E+00   0.223296E+02   0.150000E+02  -0.182241E-01  -0.999900E+04  -0.999900E+04  -0.999900E+04  -0.999900E+04  -0.114326E+00  -0.999900E+04  -0.999900E+04  -0.999900E+04  -0.999900E+04
   0.100000E+01   0.600000E+01   0.241220E+05   0.259767E+06   0.100000E+01   0.600000E+01   0.241220E+05   0.259767E+06   0.208083E+03  -0.999900E+04  -0.999900E+04  -0.999900E+04  -0.999900E+04   0.208083E+03  -0.999900E+04  -0.999900E+04  -0.999900E+04  -0.999900E+04   0.208243E+03   0.947990E+02   0.943180E+00   0.223056E+02   0.150000E+02  -0.160908E+00  -0.999900E+04  -0.999900E+04  -0.999900E+04  -0.999900E+04  -0.100943E+01  -0.999900E+04  -0.999900E+04  -0.999900E+04  -0.999900E+04
   0.100000E+01   0.600000E+01   0.242135E+05   0.259794E+06   0.100000E+01   0.600000E+01   0.242135E+05   0.259794E+06   0.207875E+03  -0.999900E+04  -0.999900E+04  -0.999900E+04  -0.999900E+04   0.207875E+03  -0.999900E+04  -0.999900E+04  -0.999900E+04  -0.999900E+04   0.208121E+03   0.947971E+02   0.958749E+00   0.222934E+02   0.150000E+02  -0.245587E+00  -0.999900E+04  -0.999900E+04  -0.999900E+04  -0.999900E+04  -0.154065E+01  -0.999900E+04  -0.999900E+04  -0.999900E+04  -0.999900E+04
   0.100000E+01   0.600000E+01   0.243050E+05   0.259832E+06   0.100000E+01   0.600000E+01   0.243050E+05   0.259832E+06   0.207657E+03  -0.999900E+04  -0.999900E+04  -0.999900E+04  -0.999900E+04   0.207657E+03  -0.999900E+04  -0.999900E+04  -0.999900E+04  -0.999900E+04   0.207979E+03   0.947960E+02   0.102372E+01   0.222926E+02   0.150000E+02  -0.321014E+00  -0.999900E+04  -0.999900E+04  -0.999900E+04  -0.999900E+04  -0.201383E+01  -0.999900E+04  -0.999900E+04  -0.999900E+04  -0.999900E+04
   0.100000E+01   0.600000E+01   0.244303E+05   0.259864E+06   0.100000E+01   0.600000E+01   0.244303E+05   0.259864E+06   0.207577E+03  -0.999900E+04  -0.999900E+04  -0.999900E+04  -0.999900E+04   0.207577E+03  -0.999900E+04  -0.999900E+04  -0.999900E+04  -0.999900E+04   0.207755E+03   0.947938E+02   0.109050E+01   0.223028E+02   0.150000E+02  -0.177409E+00  -0.999900E+04  -0.999900E+04  -0.999900E+04  -0.999900E+04  -0.111295E+01  -0.999900E+04  -0.999900E+04  -0.999900E+04  -0.999900E+04
   0.100000E+01   0.600000E+01   0.245557E+05   0.259917E+06   0.100000E+01   0.600000E+01   0.245557E+05   0.259917E+06   0.207485E+03  -0.999900E+04  -0.999900E+04  -0.999900E+04  -0.999900E+04   0.207485E+03  -0.999900E+04  -0.999900E+04  -0.999900E+04  -0.999900E+04   0.207554E+03   0.947927E+02   0.102951E+01   0.223543E+02   0.150000E+02  -0.686975E-01  -0.999900E+04  -0.999900E+04  -0.999900E+04  -0.999900E+04  -0.430963E+00  -0.999900E+04  -0.999900E+04  -0.999900E+04  -0.999900E+04
   0.100000E+01   0.600000E+01   0.246810E+05   0.259954E+06   0.100000E+01   0.600000E+01   0.246810E+05   0.259954E+06   0.207370E+03  -0.999900E+04  -0.999900E+04  -0.999900E+04  -0.999900E+04   0.207370E+03  -0.999900E+04  -0.999900E+04  -0.999900E+04  -0.999900E+04   0.207381E+03   0.947905E+02   0.932969E+00   0.223947E+02   0.150000E+02  -0.110175E-01  -0.999900E+04  -0.999900E+04  -0.999900E+04  -0.999900E+04  -0.691166E-01  -0.999900E+04  -0.999900E+04  -0.999900E+04  -0.999900E+04
   0.100000E+01   0.600000E+01   0.247962E+05   0.259985E+06   0.100000E+01   0.600000E+01   0.247962E+05   0.259985E+06   0.207255E+03  -0.999900E+04  -0.999900E+04  -0.999900E+04  -0.999900E+04   0.207255E+03  -0.999900E+04  -0.999900E+04  -0.999900E+04  -0.999900E+04   0.207228E+03   0.947881E+02   0.944899E+00   0.224444E+02   0.150000E+02   0.267859E-01  -0.999900E+04  -0.999900E+04  -0.999900E+04  -0.999900E+04   0.168037E+00  -0.999900E+04  -0.999900E+04  -0.999900E+04  -0.999900E+04
   0.100000E+01   0.600000E+01   0.249115E+05   0.260020E+06   0.100000E+01   0.600000E+01   0.249115E+05   0.260020E+06   0.207100E+03  -0.999900E+04  -0.999900E+04  -0.999900E+04  -0.999900E+04   0.207100E+03  -0.999900E+04  -0.999900E+04  -0.999900E+04  -0.999900E+04   0.207091E+03   0.947861E+02   0.916228E+00   0.225030E+02   0.150000E+02   0.945079E-02  -0.999900E+04  -0.999900E+04  -0.999900E+04  -0.999900E+04   0.592880E-01  -0.999900E+04  -0.999900E+04  -0.999900E+04  -0.999900E+04
   0.100000E+01   0.600000E+01   0.250268E+05   0.260050E+06   0.100000E+01   0.600000E+01   0.250268E+05   0.260050E+06   0.206975E+03  -0.999900E+04  -0.999900E+04  -0.999900E+04  -0.999900E+04   0.206975E+03  -0.999900E+04  -0.999900E+04  -0.999900E+04  -0.999900E+04   0.206982E+03   0.947836E+02   0.816441E+00   0.226450E+02   0.150000E+02  -0.660807E-02  -0.999900E+04  -0.999900E+04  -0.999900E+04  -0.999900E+04  -0.414547E-01  -0.999900E+04  -0.999900E+04  -0.999900E+04  -0.999900E+04
   0.100000E+01   0.600000E+01   0.251420E+05   0.260085E+06   0.100000E+01   0.600000E+01   0.251420E+05   0.260085E+06   0.206768E+03  -0.999900E+04  -0.999900E+04  -0.999900E+04  -0.999900E+04   0.206768E+03  -0.999900E+04  -0.999900E+04  -0.999900E+04  -0.999900E+04   0.206918E+03   0.947808E+02   0.639809E+00   0.227277E+02   0.150000E+02  -0.150249E+00  -0.999900E+04  -0.999900E+04  -0.999900E+04  -0.999900E+04  -0.942564E+00  -0.999900E+04  -0.999900E+04  -0.999900E+04  -0.999900E+04
   0.100000E+01   0.600000E+01   0.252457E+05   0.260115E+06   0.100000E+01   0.600000E+01   0.252457E+05   0.260115E+06   0.206748E+03  -0.999900E+04  -0.999900E+04  -0.999900E+04  -0.999900E+04   0.206748E+03  -0.999900E+04  -0.999900E+04  -0.999900E+04  -0.999900E+04   0.206860E+03   0.947782E+02   0.693985E+00   0.228177E+02   0.150000E+02  -0.112049E+00  -0.999900E+04  -0.999900E+04  -0.999900E+04  -0.999900E+04  -0.702922E+00  -0.999900E+04  -0.999900E+04  -0.999900E+04  -0.999900E+04
   0.100000E+01   0.600000E+01   0.253493E+05   0.260145E+06   0.100000E+01   0.600000E+01   0.253493E+05   0.260145E+06   0.206670E+03  -0.999900E+04  -0.999900E+04  -0.999900E+04  -0.999900E+04   0.206670E+03  -0.999900E+04  -0.999900E+04  -0.999900E+04  -0.999900E+04   0.206790E+03   0.947758E+02   0.749796E+00   0.229145E+02   0.150000E+02  -0.119743E+00  -0.999900E+04  -0.999900E+04  -0.999900E+04  -0.999900E+04  -0.751192E+00  -0.999900E+04  -0.999900E+04  -0.999900E+04  -0.999900E+04
   0.100000E+01   0.600000E+01   0.254530E+05   0.260178E+06   0.100000E+01   0.600000E+01   0.254530E+05   0.260178E+06   0.206610E+03  -0.999900E+04  -0.999900E+04  -0.999900E+04  -0.999900E+04   0.206610E+03  -0.999900E+04  -0.999900E+04  -0.999900E+04  -0.999900E+04   0.206707E+03   0.947738E+02   0.803059E+00   0.230178E+02   0.150000E+02  -0.965804E-01  -0.999900E+04  -0.999900E+04  -0.999900E+04  -0.999900E+04  -0.605882E+00  -0.999900E+04  -0.999900E+04  -0.999900E+04  -0.999900E+04
   0.100000E+01   0.600000E+01   0.255567E+05   0.260220E+06   0.100000E+01   0.600000E+01   0.255567E+05   0.260220E+06   0.206482E+03  -0.999900E+04  -0.999900E+04  -0.999900E+04  -0.999900E+04   0.206482E+03  -0.999900E+04  -0.999900E+04  -0.999900E+04  -0.999900E+04   0.206609E+03   0.947724E+02   0.848159E+00   0.231272E+02   0.150000E+02  -0.126852E+00  -0.999900E+04  -0.999900E+04  -0.999900E+04  -0.999900E+04  -0.795787E+00  -0.999900E+04  -0.999900E+04  -0.999900E+04  -0.999900E+04
   0.100000E+01   0.600000E+01   0.256603E+05   0.260244E+06   0.100000E+01   0.600000E+01   0.256603E+05   0.260244E+06   0.206343E+03  -0.999900E+04  -0.999900E+04  -0.999900E+04  -0.999900E+04   0.206343E+03  -0.999900E+04  -0.999900E+04  -0.999900E+04  -0.999900E+04   0.206498E+03   0.947702E+02   0.882632E+00   0.232424E+02   0.150000E+02  -0.155735E+00  -0.999900E+04  -0.999900E+04  -0.999900E+04  -0.999900E+04  -0.976982E+00  -0.999900E+04  -0.999900E+04  -0.999900E+04  -0.999900E+04
   0.100000E+01   0.600000E+01   0.257640E+05   0.260286E+06   0.100000E+01   0.600000E+01   0.257640E+05   0.260286E+06   0.206183E+03  -0.999900E+04  -0.999900E+04  -0.999900E+04  -0.999900E+04   0.206183E+03  -0.999900E+04  -0.999900E+04  -0.999900E+04  -0.999900E+04   0.206373E+03   0.947688E+02   0.907822E+00   0.233630E+02   0.150000E+02  -0.190567E+00  -0.999900E+04  -0.999900E+04  -0.999900E+04  -0.999900E+04  -0.119549E+01  -0.999900E+04  -0.999900E+04  -0.999900E+04  -0.999900E+04
   0.100000E+01   0.600000E+01   0.258682E+05   0.260334E+06   0.100000E+01   0.600000E+01   0.258682E+05   0.260334E+06   0.206070E+03  -0.999900E+04  -0.999900E+04  -0.999900E+04  -0.999900E+04   0.206070E+03  -0.999900E+04  -0.999900E+04  -0.999900E+04  -0.999900E+04   0.206245E+03   0.947676E+02   0.907027E+00   0.234886E+02   0.150000E+02  -0.175002E+00  -0.999900E+04  -0.999900E+04  -0.999900E+04  -0.999900E+04  -0.109785E+01  -0.999900E+04  -0.999900E+04  -0.999900E+04  -0.999900E+04
   0.100000E+01   0.600000E+01   0.259724E+05   0.260381E+06   0.100000E+01   0.600000E+01   0.259724E+05   0.260381E+06   0.205903E+03  -0.999900E+04  -0.999900E+04  -0.999900E+04  -0.999900E+04   0.205903E+03  -0.999900E+04  -0.999900E+04  -0.999900E+04  -0.999900E+04   0.206124E+03   0.947664E+02   0.901877E+00   0.236189E+02   0.150000E+02  -0.221638E+00  -0.999900E+04  -0.999900E+04  -0.999900E+04  -0.999900E+04  -0.139041E+01  -0.999900E+04  -0.999900E+04  -0.999900E+04  -0.999900E+04
   0.100000E+01   0.600000E+01   0.260766E+05   0.260406E+06   0.100000E+01   0.600000E+01   0.260766E+05   0.260406E+06   0.205882E+03  -0.999900E+04  -0.999900E+04  -0.999900E+04  -0.999900E+04   0.205882E+03  -0.999900E+04  -0.999900E+04  -0.999900E+04  -0.999900E+04   0.206013E+03   0.947643E+02   0.891197E+00   0.238921E+02   0.150000E+02  -0.130182E+00  -0.999900E+04  -0.999900E+04  -0.999900E+04  -0.999900E+04  -0.816678E+00  -0.999900E+04  -0.999900E+04  -0.999900E+04  -0.999900E+04
   0.100000E+01   0.600000E+01   0.261808E+05   0.260439E+06   0.100000E+01   0.600000E+01   0.261808E+05   0.260439E+06   0.205805E+03  -0.999900E+04  -0.999900E+04  -0.999900E+04  -0.999900E+04   0.205805E+03  -0.999900E+04  -0.999900E+04  -0.999900E+04  -0.999900E+04   0.205912E+03   0.947626E+02   0.874738E+00   0.240344E+02   0.150000E+02  -0.106910E+00  -0.999900E+04  -0.999900E+04  -0.999900E+04  -0.999900E+04  -0.670681E+00  -0.999900E+04  -0.999900E+04  -0.999900E+04  -0.999900E+04
   0.100000E+01   0.600000E+01   0.262850E+05   0.260471E+06   0.100000E+01   0.600000E+01   0.262850E+05   0.260471E+06   0.205762E+03  -0.999900E+04  -0.999900E+04  -0.999900E+04  -0.999900E+04   0.205762E+03  -0.999900E+04  -0.999900E+04  -0.999900E+04  -0.999900E+04   0.205822E+03   0.947611E+02   0.853098E+00   0.241800E+02   0.150000E+02  -0.596365E-01  -0.999900E+04  -0.999900E+04  -0.999900E+04  -0.999900E+04  -0.374120E+00  -0.999900E+04  -0.999900E+04  -0.999900E+04  -0.999900E+04
   0.100000E+01   0.600000E+01   0.264097E+05   0.260516E+06   0.100000E+01   0.600000E+01   0.264097E+05   0.260516E+06   0.205708E+03  -0.999900E+04  -0.999900E+04  -0.999900E+04  -0.999900E+04   0.205708E+03  -0.999900E+04  -0.999900E+04  -0.999900E+04  -0.999900E+04   0.205713E+03   0.947597E+02   0.860182E+00   0.243286E+02   0.150000E+02  -0.565786E-02  -0.999900E+04  -0.999900E+04  -0.999900E+04  -0.999900E+04  -0.354937E-01  -0.999900E+04  -0.999900E+04  -0.999900E+04  -0.999900E+04
   0.100000E+01   0.600000E+01   0.265343E+05   0.260551E+06   0.100000E+01   0.600000E+01   0.265343E+05   0.260551E+06   0.205635E+03  -0.999900E+04  -0.999900E+04  -0.999900E+04  -0.999900E+04   0.205635E+03  -0.999900E+04  -0.999900E+04  -0.999900E+04  -0.999900E+04   0.205578E+03   0.947578E+02   0.906000E+00   0.244798E+02   0.150000E+02   0.568137E-01  -0.999900E+04  -0.999900E+04  -0.999900E+04  -0.999900E+04   0.356412E+00  -0.999900E+04  -0.999900E+04  -0.999900E+04  -0.999900E+04
   0.100000E+01   0.600000E+01   0.266590E+05   0.260590E+06   0.100000E+01   0.600000E+01   0.266590E+05   0.260590E+06   0.205213E+03  -0.999900E+04  -0.999900E+04  -0.999900E+04  -0.999900E+04   0.205213E+03  -0.999900E+04  -0.999900E+04  -0.999900E+04  -0.999900E+04   0.205332E+03   0.947558E+02   0.112204E+01   0.247892E+02   0.150000E+02  -0.119838E+00  -0.999900E+04  -0.999900E+04  -0.999900E+04  -0.999900E+04  -0.751786E+00  -0.999900E+04  -0.999900E+04  -0.999900E+04  -0.999900E+04
   0.100000E+01   0.600000E+01   0.267782E+05   0.260632E+06   0.100000E+01   0.600000E+01   0.267782E+05   0.260632E+06   0.205107E+03  -0.999900E+04  -0.999900E+04  -0.999900E+04  -0.999900E+04   0.205107E+03  -0.999900E+04  -0.999900E+04  -0.999900E+04  -0.999900E+04   0.205091E+03   0.947538E+02   0.102560E+01   0.249466E+02   0.150000E+02   0.163165E-01  -0.999900E+04  -0.999900E+04  -0.999900E+04  -0.999900E+04   0.102359E+00  -0.999900E+04  -0.999900E+04  -0.999900E+04  -0.999900E+04
   0.100000E+01   0.600000E+01   0.268975E+05   0.260677E+06   0.100000E+01   0.600000E+01   0.268975E+05   0.260677E+06   0.204940E+03  -0.999900E+04  -0.999900E+04  -0.999900E+04  -0.999900E+04   0.204940E+03  -0.999900E+04  -0.999900E+04  -0.999900E+04  -0.999900E+04   0.204965E+03   0.947519E+02   0.843263E+00   0.251055E+02   0.150000E+02  -0.252159E-01  -0.999900E+04  -0.999900E+04  -0.999900E+04  -0.999900E+04  -0.158188E+00  -0.999900E+04  -0.999900E+04  -0.999900E+04  -0.999900E+04
   0.100000E+01   0.600000E+01   0.270168E+05   0.260707E+06   0.100000E+01   0.600000E+01   0.270168E+05   0.260707E+06   0.204893E+03  -0.999900E+04  -0.999900E+04  -0.999900E+04  -0.999900E+04   0.204893E+03  -0.999900E+04  -0.999900E+04  -0.999900E+04  -0.999900E+04   0.204908E+03   0.947495E+02   0.704005E+00   0.252656E+02   0.150000E+02  -0.156219E-01  -0.999900E+04  -0.999900E+04  -0.999900E+04  -0.999900E+04  -0.980014E-01  -0.999900E+04  -0.999900E+04  -0.999900E+04  -0.999900E+04
   0.100000E+01   0.600000E+01   0.271360E+05   0.260750E+06   0.100000E+01   0.600000E+01   0.271360E+05   0.260750E+06   0.204850E+03  -0.999900E+04  -0.999900E+04  -0.999900E+04  -0.999900E+04   0.204850E+03  -0.999900E+04  -0.999900E+04  -0.999900E+04  -0.999900E+04   0.204877E+03   0.947479E+02   0.608731E+00   0.255880E+02   0.150000E+02  -0.270167E-01  -0.999900E+04  -0.999900E+04  -0.999900E+04  -0.999900E+04  -0.169485E+00  -0.999900E+04  -0.999900E+04  -0.999900E+04  -0.999900E+04
   0.100000E+01   0.600000E+01   0.272825E+05   0.260795E+06   0.100000E+01   0.600000E+01   0.272825E+05   0.260795E+06   0.204835E+03  -0.999900E+04  -0.999900E+04  -0.999900E+04  -0.999900E+04   0.204835E+03  -0.999900E+04  -0.999900E+04  -0.999900E+04  -0.999900E+04   0.204832E+03   0.947455E+02   0.651348E+00   0.257499E+02   0.150000E+02   0.299596E-02  -0.999900E+04  -0.999900E+04  -0.999900E+04  -0.999900E+04   0.187947E-01  -0.999900E+04  -0.999900E+04  -0.999900E+04  -0.999900E+04
   0.100000E+01   0.600000E+01   0.274290E+05   0.260851E+06   0.100000E+01   0.600000E+01   0.274290E+05   0.260851E+06   0.204620E+03  -0.999900E+04  -0.999900E+04  -0.999900E+04  -0.999900E+04   0.204620E+03  -0.999900E+04  -0.999900E+04  -0.999900E+04  -0.999900E+04   0.204600E+03   0.947436E+02   0.124852E+01   0.260734E+02   0.150000E+02   0.197532E-01  -0.999900E+04  -0.999900E+04  -0.999900E+04  -0.999900E+04   0.123919E+00  -0.999900E+04  -0.999900E+04  -0.999900E+04  -0.999900E+04
   0.100000E+01   0.600000E+01   0.275617E+05   0.260888E+06   0.100000E+01   0.600000E+01   0.275617E+05   0.260888E+06   0.204450E+03  -0.999900E+04  -0.999900E+04  -0.999900E+04  -0.999900E+04   0.204450E+03  -0.999900E+04  -0.999900E+04  -0.999900E+04  -0.999900E+04   0.204164E+03   0.947411E+02   0.131927E+01   0.262346E+02   0.150000E+02   0.285550E+00  -0.999900E+04  -0.999900E+04  -0.999900E+04  -0.999900E+04   0.179135E+01  -0.999900E+04  -0.999900E+04  -0.999900E+04  -0.999900E+04
   0.100000E+01   0.600000E+01   0.276943E+05   0.260926E+06   0.100000E+01   0.600000E+01   0.276943E+05   0.260926E+06   0.203840E+03  -0.999900E+04  -0.999900E+04  -0.999900E+04  -0.999900E+04   0.203840E+03  -0.999900E+04  -0.999900E+04  -0.999900E+04  -0.999900E+04   0.203728E+03   0.947391E+02   0.137011E+01   0.263950E+02   0.150000E+02   0.111679E+00  -0.999900E+04  -0.999900E+04  -0.999900E+04  -0.999900E+04   0.700598E+00  -0.999900E+04  -0.999900E+04  -0.999900E+04  -0.999900E+04
   0.100000E+01   0.600000E+01   0.278270E+05   0.260958E+06   0.100000E+01   0.600000E+01   0.278270E+05   0.260958E+06   0.203390E+03  -0.999900E+04  -0.999900E+04  -0.999900E+04  -0.999900E+04   0.203390E+03  -0.999900E+04  -0.999900E+04  -0.999900E+04  -0.999900E+04   0.203388E+03   0.947373E+02   0.132775E+01   0.267126E+02   0.150000E+02   0.158829E-02  -0.999900E+04  -0.999900E+04  -0.999900E+04  -0.999900E+04   0.996387E-02  -0.999900E+04  -0.999900E+04  -0.999900E+04  -0.999900E+04
   0.100000E+01   0.600000E+01   0.279570E+05   0.261001E+06   0.100000E+01   0.600000E+01   0.279570E+05   0.261001E+06   0.203197E+03  -0.999900E+04  -0.999900E+04  -0.999900E+04  -0.999900E+04   0.203197E+03  -0.999900E+04  -0.999900E+04  -0.999900E+04  -0.999900E+04   0.203175E+03   0.947358E+02   0.111561E+01   0.268693E+02   0.150000E+02   0.220846E-01  -0.999900E+04  -0.999900E+04  -0.999900E+04  -0.999900E+04   0.138544E+00  -0.999900E+04  -0.999900E+04  -0.999900E+04  -0.999900E+04
   0.100000E+01   0.600000E+01   0.281160E+05   0.261061E+06   0.100000E+01   0.600000E+01   0.281160E+05   0.261061E+06   0.203002E+03  -0.999900E+04  -0.999900E+04  -0.999900E+04  -0.999900E+04   0.203002E+03  -0.999900E+04  -0.999900E+04  -0.999900E+04  -0.999900E+04   0.203120E+03   0.947338E+02   0.579239E+00   0.271773E+02   0.150000E+02  -0.117457E+00  -0.999900E+04  -0.999900E+04  -0.999900E+04  -0.999900E+04  -0.736850E+00  -0.999900E+04  -0.999900E+04  -0.999900E+04  -0.999900E+04
   0.100000E+01   0.600000E+01   0.282232E+05   0.261106E+06   0.100000E+01   0.600000E+01   0.282232E+05   0.261106E+06   0.202920E+03  -0.999900E+04  -0.999900E+04  -0.999900E+04  -0.999900E+04   0.202920E+03  -0.999900E+04  -0.999900E+04  -0.999900E+04  -0.999900E+04   0.203102E+03   0.947325E+02   0.572202E+00   0.273282E+02   0.150000E+02  -0.182185E+00  -0.999900E+04  -0.999900E+04  -0.999900E+04  -0.999900E+04  -0.114291E+01  -0.999900E+04  -0.999900E+04  -0.999900E+04  -0.999900E+04
   0.100000E+01   0.600000E+01   0.283305E+05   0.261138E+06   0.100000E+01   0.600000E+01   0.283305E+05   0.261138E+06   0.202895E+03  -0.999900E+04  -0.999900E+04  -0.999900E+04  -0.999900E+04   0.202895E+03  -0.999900E+04  -0.999900E+04  -0.999900E+04  -0.999900E+04   0.203084E+03   0.947306E+02   0.568945E+00   0.274767E+02   0.150000E+02  -0.188762E+00  -0.999900E+04  -0.999900E+04  -0.999900E+04  -0.999900E+04  -0.118417E+01  -0.999900E+04  -0.999900E+04  -0.999900E+04  -0.999900E+04
   0.100000E+01   0.600000E+01   0.284378E+05   0.261161E+06   0.100000E+01   0.600000E+01   0.284378E+05   0.261161E+06   0.202873E+03  -0.999900E+04  -0.999900E+04  -0.999900E+04  -0.999900E+04   0.202873E+03  -0.999900E+04  -0.999900E+04  -0.999900E+04  -0.999900E+04   0.203064E+03   0.947281E+02   0.569393E+00   0.276226E+02   0.150000E+02  -0.191725E+00  -0.999900E+04  -0.999900E+04  -0.999900E+04  -0.999900E+04  -0.120275E+01  -0.999900E+04  -0.999900E+04  -0.999900E+04  -0.999900E+04
   0.100000E+01   0.600000E+01   0.285450E+05   0.261193E+06   0.100000E+01   0.600000E+01   0.285450E+05   0.261193E+06   0.202808E+03  -0.999900E+04  -0.999900E+04  -0.999900E+04  -0.999900E+04   0.202808E+03  -0.999900E+04  -0.999900E+04  -0.999900E+04  -0.999900E+04   0.203043E+03   0.947259E+02   0.573701E+00   0.277656E+02   0.150000E+02  -0.235603E+00  -0.999900E+04  -0.999900E+04  -0.999900E+04  -0.999900E+04  -0.147802E+01  -0.999900E+04  -0.999900E+04  -0.999900E+04  -0.999900E+04
   0.100000E+01   0.600000E+01   0.286522E+05   0.261233E+06   0.100000E+01   0.600000E+01   0.286522E+05   0.261233E+06   0.202750E+03  -0.999900E+04  -0.999900E+04  -0.999900E+04  -0.999900E+04   0.202750E+03  -0.999900E+04  -0.999900E+04  -0.999900E+04  -0.999900E+04   0.203020E+03   0.947239E+02   0.582312E+00   0.279057E+02   0.150000E+02  -0.269773E+00  -0.999900E+04  -0.999900E+04  -0.999900E+04  -0.999900E+04  -0.169238E+01  -0.999900E+04  -0.999900E+04  -0.999900E+04  -0.999900E+04
   0.100000E+01   0.600000E+01   0.287595E+05   0.261256E+06   0.100000E+01   0.600000E+01   0.287595E+05   0.261256E+06   0.202720E+03  -0.999900E+04  -0.999900E+04  -0.999900E+04  -0.999900E+04   0.202720E+03  -0.999900E+04  -0.999900E+04  -0.999900E+04  -0.999900E+04   0.202993E+03   0.947211E+02   0.596019E+00   0.280426E+02   0.150000E+02  -0.273301E+00  -0.999900E+04  -0.999900E+04  -0.999900E+04  -0.999900E+04  -0.171451E+01  -0.999900E+04  -0.999900E+04  -0.999900E+04  -0.999900E+04
   0.100000E+01   0.600000E+01   0.288668E+05   0.261298E+06   0.100000E+01   0.600000E+01   0.288668E+05   0.261298E+06   0.202662E+03  -0.999900E+04  -0.999900E+04  -0.999900E+04  -0.999900E+04   0.202662E+03  -0.999900E+04  -0.999900E+04  -0.999900E+04  -0.999900E+04   0.202963E+03   0.947190E+02   0.616327E+00   0.283059E+02   0.150000E+02  -0.300016E+00  -0.999900E+04  -0.999900E+04  -0.999900E+04  -0.999900E+04  -0.188210E+01  -0.999900E+04  -0.999900E+04  -0.999900E+04  -0.999900E+04
   0.100000E+01   0.600000E+01   0.289740E+05   0.261329E+06   0.100000E+01   0.600000E+01   0.289740E+05   0.261329E+06   0.202560E+03  -0.999900E+04  -0.999900E+04  -0.999900E+04  -0.999900E+04   0.202560E+03  -0.999900E+04  -0.999900E+04  -0.999900E+04  -0.999900E+04   0.202925E+03   0.947164E+02   0.646067E+00   0.284320E+02   0.150000E+02  -0.365105E+00  -0.999900E+04  -0.999900E+04  -0.999900E+04  -0.999900E+04  -0.229043E+01  -0.999900E+04  -0.999900E+04  -0.999900E+04  -0.999900E+04
   0.100000E+01   0.600000E+01   0.291210E+05   0.261377E+06   0.100000E+01   0.600000E+01   0.291210E+05   0.261377E+06   0.202360E+03  -0.999900E+04  -0.999900E+04  -0.999900E+04  -0.999900E+04   0.202360E+03  -0.999900E+04  -0.999900E+04  -0.999900E+04  -0.999900E+04   0.202624E+03   0.947145E+02   0.166024E+01   0.285542E+02   0.150000E+02  -0.264098E+00  -0.999900E+04  -0.999900E+04  -0.999900E+04  -0.999900E+04  -0.165678E+01  -0.999900E+04  -0.999900E+04  -0.999900E+04  -0.999900E+04
   0.100000E+01   0.600000E+01   0.292035E+05   0.261397E+06   0.100000E+01   0.600000E+01   0.292035E+05   0.261397E+06   0.202298E+03  -0.999900E+04  -0.999900E+04  -0.999900E+04  -0.999900E+04   0.202298E+03  -0.999900E+04  -0.999900E+04  -0.999900E+04  -0.999900E+04   0.202161E+03   0.947140E+02   0.183906E+01   0.286722E+02   0.150000E+02   0.136251E+00  -0.999900E+04  -0.999900E+04  -0.999900E+04  -0.999900E+04   0.854749E+00  -0.999900E+04  -0.999900E+04  -0.999900E+04  -0.999900E+04
   0.100000E+01   0.600000E+01   0.292860E+05   0.261424E+06   0.100000E+01   0.600000E+01   0.292860E+05   0.261424E+06   0.202225E+03  -0.999900E+04  -0.999900E+04  -0.999900E+04  -0.999900E+04   0.202225E+03  -0.999900E+04  -0.999900E+04  -0.999900E+04  -0.999900E+04   0.201836E+03   0.947136E+02   0.141147E+01   0.287860E+02   0.150000E+02   0.388878E+00  -0.999900E+04  -0.999900E+04  -0.999900E+04  -0.999900E+04   0.243957E+01  -0.999900E+04  -0.999900E+04  -0.999900E+04  -0.999900E+04
   0.100000E+01   0.600000E+01   0.293878E+05   0.261467E+06   0.100000E+01   0.600000E+01   0.293878E+05   0.261467E+06   0.202077E+03  -0.999900E+04  -0.999900E+04  -0.999900E+04  -0.999900E+04   0.202077E+03  -0.999900E+04  -0.999900E+04  -0.999900E+04  -0.999900E+04   0.201459E+03   0.947132E+02   0.152831E+01   0.288954E+02   0.150000E+02   0.618404E+00  -0.999900E+04  -0.999900E+04  -0.999900E+04  -0.999900E+04   0.387946E+01  -0.999900E+04  -0.999900E+04  -0.999900E+04  -0.999900E+04
   0.100000E+01   0.600000E+01   0.294895E+05   0.261489E+06   0.100000E+01   0.600000E+01   0.294895E+05   0.261489E+06   0.201657E+03  -0.999900E+04  -0.999900E+04  -0.999900E+04  -0.999900E+04   0.201657E+03  -0.999900E+04  -0.999900E+04  -0.999900E+04  -0.999900E+04   0.201112E+03   0.947117E+02   0.153790E+01   0.290001E+02   0.150000E+02   0.545225E+00  -0.999900E+04  -0.999900E+04  -0.999900E+04  -0.999900E+04   0.342039E+01  -0.999900E+04  -0.999900E+04  -0.999900E+04  -0.999900E+04
   0.100000E+01   0.600000E+01   0.295912E+05   0.261519E+06   0.100000E+01   0.600000E+01   0.295912E+05   0.261519E+06   0.201120E+03  -0.999900E+04  -0.999900E+04  -0.999900E+04  -0.999900E+04   0.201120E+03  -0.999900E+04  -0.999900E+04  -0.999900E+04  -0.999900E+04   0.200898E+03   0.947104E+02   0.132944E+01   0.291001E+02   0.150000E+02   0.221506E+00  -0.999900E+04  -0.999900E+04  -0.999900E+04  -0.999900E+04   0.138958E+01  -0.999900E+04  -0.999900E+04  -0.999900E+04  -0.999900E+04
   0.100000E+01   0.600000E+01   0.296930E+05   0.261552E+06   0.100000E+01   0.600000E+01   0.296930E+05   0.261552E+06   0.201110E+03  -0.999900E+04  -0.999900E+04  -0.999900E+04  -0.999900E+04   0.201110E+03  -0.999900E+04  -0.999900E+04  -0.999900E+04  -0.999900E+04   0.200803E+03   0.947093E+02   0.107221E+01   0.291952E+02   0.150000E+02   0.306981E+00  -0.999900E+04  -0.999900E+04  -0.999900E+04  -0.999900E+04   0.192580E+01  -0.999900E+04  -0.999900E+04  -0.999900E+04  -0.999900E+04
   0.100000E+01   0.600000E+01   0.298063E+05   0.261592E+06   0.100000E+01   0.600000E+01   0.298063E+05   0.261592E+06   0.201020E+03  -0.999900E+04  -0.999900E+04  -0.999900E+04  -0.999900E+04   0.201020E+03  -0.999900E+04  -0.999900E+04  -0.999900E+04  -0.999900E+04   0.200713E+03   0.947083E+02   0.104836E+01   0.292853E+02   0.150000E+02   0.306685E+00  -0.999900E+04  -0.999900E+04  -0.999900E+04  -0.999900E+04   0.192394E+01  -0.999900E+04  -0.999900E+04  -0.999900E+04  -0.999900E+04
   0.100000E+01   0.600000E+01   0.299197E+05   0.261617E+06   0.100000E+01   0.600000E+01   0.299197E+05   0.261617E+06   0.200820E+03  -0.999900E+04  -0.999900E+04  -0.999900E+04  -0.999900E+04   0.200820E+03  -0.999900E+04  -0.999900E+04  -0.999900E+04  -0.999900E+04   0.200614E+03   0.947066E+02   0.107213E+01   0.294499E+02   0.150000E+02   0.205659E+00  -0.999900E+04  -0.999900E+04  -0.999900E+04  -0.999900E+04   0.129017E+01  -0.999900E+04  -0.999900E+04  -0.999900E+04  -0.999900E+04
   0.100000E+01   0.600000E+01   0.300330E+05   0.261659E+06   0.100000E+01   0.600000E+01   0.300330E+05   0.261659E+06   0.200700E+03  -0.999900E+04  -0.999900E+04  -0.999900E+04  -0.999900E+04   0.200700E+03  -0.999900E+04  -0.999900E+04  -0.999900E+04  -0.999900E+04   0.200487E+03   0.947057E+02   0.115789E+01   0.295241E+02   0.150000E+02   0.213253E+00  -0.999900E+04  -0.999900E+04  -0.999900E+04  -0.999900E+04   0.133781E+01  -0.999900E+04  -0.999900E+04  -0.999900E+04  -0.999900E+04
   0.100000E+01   0.600000E+01   0.301240E+05   0.261688E+06   0.100000E+01   0.600000E+01   0.301240E+05   0.261688E+06   0.200623E+03  -0.999900E+04  -0.999900E+04  -0.999900E+04  -0.999900E+04   0.200623E+03  -0.999900E+04  -0.999900E+04  -0.999900E+04  -0.999900E+04   0.200389E+03   0.947048E+02   0.112334E+01   0.295928E+02   0.150000E+02   0.233629E+00  -0.999900E+04  -0.999900E+04  -0.999900E+04  -0.999900E+04   0.146563E+01  -0.999900E+04  -0.999900E+04  -0.999900E+04  -0.999900E+04
   0.100000E+01   0.600000E+01   0.302150E+05   0.261708E+06   0.100000E+01   0.600000E+01   0.302150E+05   0.261708E+06   0.200623E+03  -0.999900E+04  -0.999900E+04  -0.999900E+04  -0.999900E+04   0.200623E+03  -0.999900E+04  -0.999900E+04  -0.999900E+04  -0.999900E+04   0.200303E+03   0.947036E+02   0.107694E+01   0.296559E+02   0.150000E+02   0.319559E+00  -0.999900E+04  -0.999900E+04  -0.999900E+04  -0.999900E+04   0.200471E+01  -0.999900E+04  -0.999900E+04  -0.999900E+04  -0.999900E+04
   0.100000E+01   0.600000E+01   0.303213E+05   0.261740E+06   0.100000E+01   0.600000E+01   0.303213E+05   0.261740E+06   0.200540E+03  -0.999900E+04  -0.999900E+04  -0.999900E+04  -0.999900E+04   0.200540E+03  -0.999900E+04  -0.999900E+04  -0.999900E+04  -0.999900E+04   0.200201E+03   0.947025E+02   0.106413E+01   0.297132E+02   0.150000E+02   0.339056E+00  -0.999900E+04  -0.999900E+04  -0.999900E+04  -0.999900E+04   0.212702E+01  -0.999900E+04  -0.999900E+04  -0.999900E+04  -0.999900E+04
   0.100000E+01   0.600000E+01   0.304277E+05   0.261785E+06   0.100000E+01   0.600000E+01   0.304277E+05   0.261785E+06   0.200298E+03  -0.999900E+04  -0.999900E+04  -0.999900E+04  -0.999900E+04   0.200298E+03  -0.999900E+04  -0.999900E+04  -0.999900E+04  -0.999900E+04   0.200078E+03   0.947021E+02   0.111295E+01   0.297647E+02   0.150000E+02   0.219044E+00  -0.999900E+04  -0.999900E+04  -0.999900E+04  -0.999900E+04   0.137414E+01  -0.999900E+04  -0.999900E+04  -0.999900E+04  -0.999900E+04
   0.100000E+01   0.600000E+01   0.305340E+05   0.261813E+06   0.100000E+01   0.600000E+01   0.305340E+05   0.261813E+06   0.200012E+03  -0.999900E+04  -0.999900E+04  -0.999900E+04  -0.999900E+04   0.200012E+03  -0.999900E+04  -0.999900E+04  -0.999900E+04  -0.999900E+04   0.199849E+03   0.947008E+02   0.139181E+01   0.298102E+02   0.150000E+02   0.163934E+00  -0.999900E+04  -0.999900E+04  -0.999900E+04  -0.999900E+04   0.102841E+01  -0.999900E+04  -0.999900E+04  -0.999900E+04  -0.999900E+04
   0.100000E+01   0.600000E+01   0.306880E+05   0.261848E+06   0.100000E+01   0.600000E+01   0.306880E+05   0.261848E+06   0.199705E+03  -0.999900E+04  -0.999900E+04  -0.999900E+04  -0.999900E+04   0.199705E+03  -0.999900E+04  -0.999900E+04  -0.999900E+04  -0.999900E+04   0.199669E+03   0.946977E+02   0.906721E+00   0.298832E+02   0.150000E+02   0.356244E-01  -0.999900E+04  -0.999900E+04  -0.999900E+04  -0.999900E+04   0.223484E+00  -0.999900E+04  -0.999900E+04  -0.999900E+04  -0.999900E+04
   0.100000E+01   0.600000E+01   0.307710E+05   0.261873E+06   0.100000E+01   0.600000E+01   0.307710E+05   0.261873E+06   0.199585E+03  -0.999900E+04  -0.999900E+04  -0.999900E+04  -0.999900E+04   0.199585E+03  -0.999900E+04  -0.999900E+04  -0.999900E+04  -0.999900E+04   0.199572E+03   0.946962E+02   0.110945E+01   0.298832E+02   0.150000E+02   0.128439E-01  -0.999900E+04  -0.999900E+04  -0.999900E+04  -0.999900E+04   0.805739E-01  -0.999900E+04  -0.999900E+04  -0.999900E+04  -0.999900E+04
   0.100000E+01   0.600000E+01   0.308580E+05   0.261905E+06   0.100000E+01   0.600000E+01   0.308580E+05   0.261905E+06   0.199440E+03  -0.999900E+04  -0.999900E+04  -0.999900E+04  -0.999900E+04   0.199440E+03  -0.999900E+04  -0.999900E+04  -0.999900E+04  -0.999900E+04   0.199454E+03   0.946954E+02   0.120755E+01   0.299104E+02   0.150000E+02  -0.135770E-01  -0.999900E+04  -0.999900E+04  -0.999900E+04  -0.999900E+04  -0.851734E-01  -0.999900E+04  -0.999900E+04  -0.999900E+04  -0.999900E+04
   0.100000E+01   0.600000E+01   0.310990E+05   0.261973E+06   0.100000E+01   0.600000E+01   0.310990E+05   0.261973E+06   0.199295E+03  -0.999900E+04  -0.999900E+04  -0.999900E+04  -0.999900E+04   0.199295E+03  -0.999900E+04  -0.999900E+04  -0.999900E+04  -0.999900E+04   0.199315E+03   0.946924E+02   0.791189E+00   0.299541E+02   0.150000E+02  -0.197633E-01  -0.999900E+04  -0.999900E+04  -0.999900E+04  -0.999900E+04  -0.123982E+00  -0.999900E+04  -0.999900E+04  -0.999900E+04  -0.999900E+04
   0.100000E+01   0.600000E+01   0.312780E+05   0.262034E+06   0.100000E+01   0.600000E+01   0.312780E+05   0.262034E+06   0.199062E+03  -0.999900E+04  -0.999900E+04  -0.999900E+04  -0.999900E+04   0.199062E+03  -0.999900E+04  -0.999900E+04  -0.999900E+04  -0.999900E+04   0.199187E+03   0.946898E+02   0.974170E+00   0.299510E+02   0.150000E+02  -0.124265E+00  -0.999900E+04  -0.999900E+04  -0.999900E+04  -0.999900E+04  -0.779559E+00  -0.999900E+04  -0.999900E+04  -0.999900E+04  -0.999900E+04
   0.100000E+01   0.600000E+01   0.313495E+05   0.262044E+06   0.100000E+01   0.600000E+01   0.313495E+05   0.262044E+06   0.198988E+03  -0.999900E+04  -0.999900E+04  -0.999900E+04  -0.999900E+04   0.198988E+03  -0.999900E+04  -0.999900E+04  -0.999900E+04  -0.999900E+04   0.199109E+03   0.946877E+02   0.100754E+01   0.299510E+02   0.150000E+02  -0.121476E+00  -0.999900E+04  -0.999900E+04  -0.999900E+04  -0.999900E+04  -0.762060E+00  -0.999900E+04  -0.999900E+04  -0.999900E+04  -0.999900E+04
   0.100000E+01   0.600000E+01   0.314210E+05   0.262069E+06   0.100000E+01   0.600000E+01   0.314210E+05   0.262069E+06   0.198930E+03  -0.999900E+04  -0.999900E+04  -0.999900E+04  -0.999900E+04   0.198930E+03  -0.999900E+04  -0.999900E+04  -0.999900E+04  -0.999900E+04   0.199037E+03   0.946864E+02   0.101349E+01   0.299396E+02   0.150000E+02  -0.106522E+00  -0.999900E+04  -0.999900E+04  -0.999900E+04  -0.999900E+04  -0.668249E+00  -0.999900E+04  -0.999900E+04  -0.999900E+04  -0.999900E+04
   0.100000E+01   0.600000E+01   0.314940E+05   0.262079E+06   0.100000E+01   0.600000E+01   0.314940E+05   0.262079E+06   0.198875E+03  -0.999900E+04  -0.999900E+04  -0.999900E+04  -0.999900E+04   0.198875E+03  -0.999900E+04  -0.999900E+04  -0.999900E+04  -0.999900E+04   0.198979E+03   0.946845E+02   0.962151E+00   0.299217E+02   0.150000E+02  -0.103527E+00  -0.999900E+04  -0.999900E+04  -0.999900E+04  -0.999900E+04  -0.649463E+00  -0.999900E+04  -0.999900E+04  -0.999900E+04  -0.999900E+04
   0.100000E+01   0.600000E+01   0.315670E+05   0.262099E+06   0.100000E+01   0.600000E+01   0.315670E+05   0.262099E+06   0.198770E+03  -0.999900E+04  -0.999900E+04  -0.999900E+04  -0.999900E+04   0.198770E+03  -0.999900E+04  -0.999900E+04  -0.999900E+04  -0.999900E+04   0.198933E+03   0.946830E+02   0.890994E+00   0.298971E+02   0.150000E+02  -0.162622E+00  -0.999900E+04  -0.999900E+04  -0.999900E+04  -0.999900E+04  -0.102018E+01  -0.999900E+04  -0.999900E+04  -0.999900E+04  -0.999900E+04
   0.100000E+01   0.600000E+01   0.316400E+05   0.262121E+06   0.100000E+01   0.600000E+01   0.316400E+05   0.262121E+06   0.198780E+03  -0.999900E+04  -0.999900E+04  -0.999900E+04  -0.999900E+04   0.198780E+03  -0.999900E+04  -0.999900E+04  -0.999900E+04  -0.999900E+04   0.198899E+03   0.946816E+02   0.805315E+00   0.298658E+02   0.150000E+02  -0.119186E+00  -0.999900E+04  -0.999900E+04  -0.999900E+04  -0.999900E+04  -0.747692E+00  -0.999900E+04  -0.999900E+04  -0.999900E+04  -0.999900E+04
   0.100000E+01   0.600000E+01   0.317130E+05   0.262141E+06   0.100000E+01   0.600000E+01   0.317130E+05   0.262141E+06   0.198735E+03  -0.999900E+04  -0.999900E+04  -0.999900E+04  -0.999900E+04   0.198735E+03  -0.999900E+04  -0.999900E+04  -0.999900E+04  -0.999900E+04   0.198876E+03   0.946802E+02   0.722608E+00   0.298658E+02   0.150000E+02  -0.141122E+00  -0.999900E+04  -0.999900E+04  -0.999900E+04  -0.999900E+04  -0.885306E+00  -0.999900E+04  -0.999900E+04  -0.999900E+04  -0.999900E+04
   0.100000E+01   0.600000E+01   0.317692E+05   0.262159E+06   0.100000E+01   0.600000E+01   0.317692E+05   0.262159E+06   0.198705E+03  -0.999900E+04  -0.999900E+04  -0.999900E+04  -0.999900E+04   0.198705E+03  -0.999900E+04  -0.999900E+04  -0.999900E+04  -0.999900E+04   0.198838E+03   0.946793E+02   0.895161E+00   0.298278E+02   0.150000E+02  -0.132967E+00  -0.999900E+04  -0.999900E+04  -0.999900E+04  -0.999900E+04  -0.834145E+00  -0.999900E+04  -0.999900E+04  -0.999900E+04  -0.999900E+04
   0.100000E+01   0.600000E+01   0.318255E+05   0.262176E+06   0.100000E+01   0.600000E+01   0.318255E+05   0.262176E+06   0.198688E+03  -0.999900E+04  -0.999900E+04  -0.999900E+04  -0.999900E+04   0.198688E+03  -0.999900E+04  -0.999900E+04  -0.999900E+04  -0.999900E+04   0.198793E+03   0.946788E+02   0.101129E+01   0.298278E+02   0.150000E+02  -0.105567E+00  -0.999900E+04  -0.999900E+04  -0.999900E+04  -0.999900E+04  -0.662258E+00  -0.999900E+04  -0.999900E+04  -0.999900E+04  -0.999900E+04
   0.100000E+01   0.600000E+01   0.318818E+05   0.262201E+06   0.100000E+01   0.600000E+01   0.318818E+05   0.262201E+06   0.198655E+03  -0.999900E+04  -0.999900E+04  -0.999900E+04  -0.999900E+04   0.198655E+03  -0.999900E+04  -0.999900E+04  -0.999900E+04  -0.999900E+04   0.198752E+03   0.946785E+02   0.986467E+00   0.297831E+02   0.150000E+02  -0.968772E-01  -0.999900E+04  -0.999900E+04  -0.999900E+04  -0.999900E+04  -0.607744E+00  -0.999900E+04  -0.999900E+04  -0.999900E+04  -0.999900E+04
   0.100000E+01   0.600000E+01   0.319380E+05   0.262209E+06   0.100000E+01   0.600000E+01   0.319380E+05   0.262209E+06   0.198635E+03  -0.999900E+04  -0.999900E+04  -0.999900E+04  -0.999900E+04   0.198635E+03  -0.999900E+04  -0.999900E+04  -0.999900E+04  -0.999900E+04   0.198729E+03   0.946772E+02   0.806488E+00   0.297317E+02   0.150000E+02  -0.943123E-01  -0.999900E+04  -0.999900E+04  -0.999900E+04  -0.999900E+04  -0.591653E+00  -0.999900E+04  -0.999900E+04  -0.999900E+04  -0.999900E+04
   0.100000E+01   0.600000E+01   0.319925E+05   0.262224E+06   0.100000E+01   0.600000E+01   0.319925E+05   0.262224E+06   0.198595E+03  -0.999900E+04  -0.999900E+04  -0.999900E+04  -0.999900E+04   0.198595E+03  -0.999900E+04  -0.999900E+04  -0.999900E+04  -0.999900E+04   0.198695E+03   0.946763E+02   0.855439E+00   0.297317E+02   0.150000E+02  -0.999854E-01  -0.999900E+04  -0.999900E+04  -0.999900E+04  -0.999900E+04  -0.627242E+00  -0.999900E+04  -0.999900E+04  -0.999900E+04  -0.999900E+04
   0.100000E+01   0.600000E+01   0.320470E+05   0.262249E+06   0.100000E+01   0.600000E+01   0.320470E+05   0.262249E+06   0.198560E+03  -0.999900E+04  -0.999900E+04  -0.999900E+04  -0.999900E+04   0.198560E+03  -0.999900E+04  -0.999900E+04  -0.999900E+04  -0.999900E+04   0.198654E+03   0.946758E+02   0.898963E+00   0.296735E+02   0.150000E+02  -0.941923E-01  -0.999900E+04  -0.999900E+04  -0.999900E+04  -0.999900E+04  -0.590900E+00  -0.999900E+04  -0.999900E+04  -0.999900E+04  -0.999900E+04
   0.100000E+01   0.600000E+01   0.321015E+05   0.262264E+06   0.100000E+01   0.600000E+01   0.321015E+05   0.262264E+06   0.198537E+03  -0.999900E+04  -0.999900E+04  -0.999900E+04  -0.999900E+04   0.198537E+03  -0.999900E+04  -0.999900E+04  -0.999900E+04  -0.999900E+04   0.198606E+03   0.946748E+02   0.941675E+00   0.296735E+02   0.150000E+02  -0.681441E-01  -0.999900E+04  -0.999900E+04  -0.999900E+04  -0.999900E+04  -0.427492E+00  -0.999900E+04  -0.999900E+04  -0.999900E+04  -0.999900E+04
   0.100000E+01   0.600000E+01   0.321560E+05   0.262280E+06   0.100000E+01   0.600000E+01   0.321560E+05   0.262280E+06   0.198518E+03  -0.999900E+04  -0.999900E+04  -0.999900E+04  -0.999900E+04   0.198518E+03  -0.999900E+04  -0.999900E+04  -0.999900E+04  -0.999900E+04   0.198547E+03   0.946737E+02   0.978701E+00   0.296085E+02   0.150000E+02  -0.298440E-01  -0.999900E+04  -0.999900E+04  -0.999900E+04  -0.999900E+04  -0.187221E+00  -0.999900E+04  -0.999900E+04  -0.999900E+04  -0.999900E+04
   0.100000E+01   0.600000E+01   0.322105E+05   0.262287E+06   0.100000E+01   0.600000E+01   0.322105E+05   0.262287E+06   0.198455E+03  -0.999900E+04  -0.999900E+04  -0.999900E+04  -0.999900E+04   0.198455E+03  -0.999900E+04  -0.999900E+04  -0.999900E+04  -0.999900E+04   0.198485E+03   0.946722E+02   0.985419E+00   0.296085E+02   0.150000E+02  -0.295738E-01  -0.999900E+04  -0.999900E+04  -0.999900E+04  -0.999900E+04  -0.185527E+00  -0.999900E+04  -0.999900E+04  -0.999900E+04  -0.999900E+04
   0.100000E+01   0.600000E+01   0.322650E+05   0.262302E+06   0.100000E+01   0.600000E+01   0.322650E+05   0.262302E+06   0.198428E+03  -0.999900E+04  -0.999900E+04  -0.999900E+04  -0.999900E+04   0.198428E+03  -0.999900E+04  -0.999900E+04  -0.999900E+04  -0.999900E+04   0.198433E+03   0.946711E+02   0.937524E+00   0.295368E+02   0.150000E+02  -0.585541E-02  -0.999900E+04  -0.999900E+04  -0.999900E+04  -0.999900E+04  -0.367330E-01  -0.999900E+04  -0.999900E+04  -0.999900E+04  -0.999900E+04
   0.100000E+01   0.600000E+01   0.323160E+05   0.262325E+06   0.100000E+01   0.600000E+01   0.323160E+05   0.262325E+06   0.198398E+03  -0.999900E+04  -0.999900E+04  -0.999900E+04  -0.999900E+04   0.198398E+03  -0.999900E+04  -0.999900E+04  -0.999900E+04  -0.999900E+04   0.198387E+03   0.946705E+02   0.918007E+00   0.294584E+02   0.150000E+02   0.106516E-01  -0.999900E+04  -0.999900E+04  -0.999900E+04  -0.999900E+04   0.668208E-01  -0.999900E+04  -0.999900E+04  -0.999900E+04  -0.999900E+04
   0.100000E+01   0.600000E+01   0.324070E+05   0.262355E+06   0.100000E+01   0.600000E+01   0.324070E+05   0.262355E+06   0.198312E+03  -0.999900E+04  -0.999900E+04  -0.999900E+04  -0.999900E+04   0.198312E+03  -0.999900E+04  -0.999900E+04  -0.999900E+04  -0.999900E+04   0.198297E+03   0.946692E+02   0.918984E+00   0.293732E+02   0.150000E+02   0.151697E-01  -0.999900E+04  -0.999900E+04  -0.999900E+04  -0.999900E+04   0.951644E-01  -0.999900E+04  -0.999900E+04  -0.999900E+04  -0.999900E+04
   0.100000E+01   0.600000E+01   0.324860E+05   0.262367E+06   0.100000E+01   0.600000E+01   0.324860E+05   0.262367E+06   0.198235E+03  -0.999900E+04  -0.999900E+04  -0.999900E+04  -0.999900E+04   0.198235E+03  -0.999900E+04  -0.999900E+04  -0.999900E+04  -0.999900E+04   0.198205E+03   0.946675E+02   0.953053E+00   0.293732E+02   0.150000E+02   0.296658E-01  -0.999900E+04  -0.999900E+04  -0.999900E+04  -0.999900E+04   0.186104E+00  -0.999900E+04  -0.999900E+04  -0.999900E+04  -0.999900E+04
   0.100000E+01   0.600000E+01   0.325710E+05   0.262400E+06   0.100000E+01   0.600000E+01   0.325710E+05   0.262400E+06   0.198065E+03  -0.999900E+04  -0.999900E+04  -0.999900E+04  -0.999900E+04   0.198065E+03  -0.999900E+04  -0.999900E+04  -0.999900E+04  -0.999900E+04   0.198074E+03   0.946666E+02   0.102092E+01   0.292813E+02   0.150000E+02  -0.933065E-02  -0.999900E+04  -0.999900E+04  -0.999900E+04  -0.999900E+04  -0.585344E-01  -0.999900E+04  -0.999900E+04  -0.999900E+04  -0.999900E+04
   0.100000E+01   0.600000E+01   0.326400E+05   0.262420E+06   0.100000E+01   0.600000E+01   0.326400E+05   0.262420E+06   0.197912E+03  -0.999900E+04  -0.999900E+04  -0.999900E+04  -0.999900E+04   0.197912E+03  -0.999900E+04  -0.999900E+04  -0.999900E+04  -0.999900E+04   0.197935E+03   0.946655E+02   0.111772E+01   0.291827E+02   0.150000E+02  -0.227671E-01  -0.999900E+04  -0.999900E+04  -0.999900E+04  -0.999900E+04  -0.142826E+00  -0.999900E+04  -0.999900E+04  -0.999900E+04  -0.999900E+04
   0.100000E+01   0.600000E+01   0.327090E+05   0.262442E+06   0.100000E+01   0.600000E+01   0.327090E+05   0.262442E+06   0.197620E+03  -0.999900E+04  -0.999900E+04  -0.999900E+04  -0.999900E+04   0.197620E+03  -0.999900E+04  -0.999900E+04  -0.999900E+04  -0.999900E+04   0.197769E+03   0.946646E+02   0.119988E+01   0.290775E+02   0.150000E+02  -0.149019E+00  -0.999900E+04  -0.999900E+04  -0.999900E+04  -0.999900E+04  -0.934848E+00  -0.999900E+04  -0.999900E+04  -0.999900E+04  -0.999900E+04
   0.100000E+01   0.600000E+01   0.327660E+05   0.262460E+06   0.100000E+01   0.600000E+01   0.327660E+05   0.262460E+06   0.197477E+03  -0.999900E+04  -0.999900E+04  -0.999900E+04  -0.999900E+04   0.197477E+03  -0.999900E+04  -0.999900E+04  -0.999900E+04  -0.999900E+04   0.197633E+03   0.946637E+02   0.120142E+01   0.290775E+02   0.150000E+02  -0.155773E+00  -0.999900E+04  -0.999900E+04  -0.999900E+04  -0.999900E+04  -0.977220E+00  -0.999900E+04  -0.999900E+04  -0.999900E+04  -0.999900E+04
   0.100000E+01   0.600000E+01   0.328230E+05   0.262480E+06   0.100000E+01   0.600000E+01   0.328230E+05   0.262480E+06   0.197425E+03  -0.999900E+04  -0.999900E+04  -0.999900E+04  -0.999900E+04   0.197425E+03  -0.999900E+04  -0.999900E+04  -0.999900E+04  -0.999900E+04   0.197520E+03   0.946629E+02   0.115116E+01   0.289655E+02   0.150000E+02  -0.949595E-01  -0.999900E+04  -0.999900E+04  -0.999900E+04  -0.999900E+04  -0.595714E+00  -0.999900E+04  -0.999900E+04  -0.999900E+04  -0.999900E+04
   0.100000E+01   0.600000E+01   0.328800E+05   0.262490E+06   0.100000E+01   0.600000E+01   0.328800E+05   0.262490E+06   0.197368E+03  -0.999900E+04  -0.999900E+04  -0.999900E+04  -0.999900E+04   0.197368E+03  -0.999900E+04  -0.999900E+04  -0.999900E+04  -0.999900E+04   0.197438E+03   0.946616E+02   0.106084E+01   0.289655E+02   0.150000E+02  -0.704542E-01  -0.999900E+04  -0.999900E+04  -0.999900E+04  -0.999900E+04  -0.441983E+00  -0.999900E+04  -0.999900E+04  -0.999900E+04  -0.999900E+04
   0.100000E+01   0.600000E+01   0.329478E+05   0.262518E+06   0.100000E+01   0.600000E+01   0.329478E+05   0.262518E+06   0.197257E+03  -0.999900E+04  -0.999900E+04  -0.999900E+04  -0.999900E+04   0.197257E+03  -0.999900E+04  -0.999900E+04  -0.999900E+04  -0.999900E+04   0.197337E+03   0.946610E+02   0.113060E+01   0.288470E+02   0.150000E+02  -0.798477E-01  -0.999900E+04  -0.999900E+04  -0.999900E+04  -0.999900E+04  -0.500912E+00  -0.999900E+04  -0.999900E+04  -0.999900E+04  -0.999900E+04
   0.100000E+01   0.600000E+01   0.330155E+05   0.262538E+06   0.100000E+01   0.600000E+01   0.330155E+05   0.262538E+06   0.197183E+03  -0.999900E+04  -0.999900E+04  -0.999900E+04  -0.999900E+04   0.197183E+03  -0.999900E+04  -0.999900E+04  -0.999900E+04  -0.999900E+04   0.197242E+03   0.946601E+02   0.114222E+01   0.287220E+02   0.150000E+02  -0.595484E-01  -0.999900E+04  -0.999900E+04  -0.999900E+04  -0.999900E+04  -0.373568E+00  -0.999900E+04  -0.999900E+04  -0.999900E+04  -0.999900E+04
   0.100000E+01   0.600000E+01   0.330832E+05   0.262548E+06   0.100000E+01   0.600000E+01   0.330832E+05   0.262548E+06   0.197125E+03  -0.999900E+04  -0.999900E+04  -0.999900E+04  -0.999900E+04   0.197125E+03  -0.999900E+04  -0.999900E+04  -0.999900E+04  -0.999900E+04   0.197141E+03   0.946589E+02   0.115921E+01   0.285904E+02   0.150000E+02  -0.164355E-01  -0.999900E+04  -0.999900E+04  -0.999900E+04  -0.999900E+04  -0.103106E+00  -0.999900E+04  -0.999900E+04  -0.999900E+04  -0.999900E+04
   0.100000E+01   0.600000E+01   0.331510E+05   0.262566E+06   0.100000E+01   0.600000E+01   0.331510E+05   0.262566E+06   0.197045E+03  -0.999900E+04  -0.999900E+04  -0.999900E+04  -0.999900E+04   0.197045E+03  -0.999900E+04  -0.999900E+04  -0.999900E+04  -0.999900E+04   0.197022E+03   0.946579E+02   0.120914E+01   0.285904E+02   0.150000E+02   0.225461E-01  -0.999900E+04  -0.999900E+04  -0.999900E+04  -0.999900E+04   0.141439E+00  -0.999900E+04  -0.999900E+04  -0.999900E+04  -0.999900E+04
   0.100000E+01   0.600000E+01   0.332045E+05   0.262588E+06   0.100000E+01   0.600000E+01   0.332045E+05   0.262588E+06   0.197005E+03  -0.999900E+04  -0.999900E+04  -0.999900E+04  -0.999900E+04   0.197005E+03  -0.999900E+04  -0.999900E+04  -0.999900E+04  -0.999900E+04   0.196947E+03   0.946574E+02   0.111571E+01   0.284524E+02   0.150000E+02   0.577030E-01  -0.999900E+04  -0.999900E+04  -0.999900E+04  -0.999900E+04   0.361991E+00  -0.999900E+04  -0.999900E+04  -0.999900E+04  -0.999900E+04
   0.100000E+01   0.600000E+01   0.332580E+05   0.262603E+06   0.100000E+01   0.600000E+01   0.332580E+05   0.262603E+06   0.196982E+03  -0.999900E+04  -0.999900E+04  -0.999900E+04  -0.999900E+04   0.196982E+03  -0.999900E+04  -0.999900E+04  -0.999900E+04  -0.999900E+04   0.196898E+03   0.946567E+02   0.100487E+01   0.284524E+02   0.150000E+02   0.849719E-01  -0.999900E+04  -0.999900E+04  -0.999900E+04  -0.999900E+04   0.533058E+00  -0.999900E+04  -0.999900E+04  -0.999900E+04  -0.999900E+04
   0.100000E+01   0.600000E+01   0.333165E+05   0.262621E+06   0.100000E+01   0.600000E+01   0.333165E+05   0.262621E+06   0.196942E+03  -0.999900E+04  -0.999900E+04  -0.999900E+04  -0.999900E+04   0.196942E+03  -0.999900E+04  -0.999900E+04  -0.999900E+04  -0.999900E+04   0.196826E+03   0.946561E+02   0.108763E+01   0.283079E+02   0.150000E+02   0.116174E+00  -0.999900E+04  -0.999900E+04  -0.999900E+04  -0.999900E+04   0.728797E+00  -0.999900E+04  -0.999900E+04  -0.999900E+04  -0.999900E+04
   0.100000E+01   0.600000E+01   0.333750E+05   0.262628E+06   0.100000E+01   0.600000E+01   0.333750E+05   0.262628E+06   0.196800E+03  -0.999900E+04  -0.999900E+04  -0.999900E+04  -0.999900E+04   0.196800E+03  -0.999900E+04  -0.999900E+04  -0.999900E+04  -0.999900E+04   0.196731E+03   0.946550E+02   0.118449E+01   0.281572E+02   0.150000E+02   0.694966E-01  -0.999900E+04  -0.999900E+04  -0.999900E+04  -0.999900E+04   0.435976E+00  -0.999900E+04  -0.999900E+04  -0.999900E+04  -0.999900E+04
   0.100000E+01   0.600000E+01   0.334920E+05   0.262668E+06   0.100000E+01   0.600000E+01   0.334920E+05   0.262668E+06   0.196512E+03  -0.999900E+04  -0.999900E+04  -0.999900E+04  -0.999900E+04   0.196512E+03  -0.999900E+04  -0.999900E+04  -0.999900E+04  -0.999900E+04   0.196327E+03   0.946545E+02   0.167384E+01   0.280001E+02   0.150000E+02   0.185110E+00  -0.999900E+04  -0.999900E+04  -0.999900E+04  -0.999900E+04   0.116126E+01  -0.999900E+04  -0.999900E+04  -0.999900E+04  -0.999900E+04
   0.100000E+01   0.600000E+01   0.336640E+05   0.262701E+06   0.100000E+01   0.600000E+01   0.336640E+05   0.262701E+06   0.196180E+03  -0.999900E+04  -0.999900E+04  -0.999900E+04  -0.999900E+04   0.196180E+03  -0.999900E+04  -0.999900E+04  -0.999900E+04  -0.999900E+04   0.195846E+03   0.946510E+02   0.118029E+01   0.276676E+02   0.150000E+02   0.334248E+00  -0.999900E+04  -0.999900E+04  -0.999900E+04  -0.999900E+04   0.209685E+01  -0.999900E+04  -0.999900E+04  -0.999900E+04  -0.999900E+04
   0.100000E+01   0.600000E+01   0.337360E+05   0.262731E+06   0.100000E+01   0.600000E+01   0.337360E+05   0.262731E+06   0.195915E+03  -0.999900E+04  -0.999900E+04  -0.999900E+04  -0.999900E+04   0.195915E+03  -0.999900E+04  -0.999900E+04  -0.999900E+04  -0.999900E+04   0.195754E+03   0.946501E+02   0.111373E+01   0.276676E+02   0.150000E+02   0.160757E+00  -0.999900E+04  -0.999900E+04  -0.999900E+04  -0.999900E+04   0.100849E+01  -0.999900E+04  -0.999900E+04  -0.999900E+04  -0.999900E+04
   0.100000E+01   0.600000E+01   0.337590E+05   0.262731E+06   0.100000E+01   0.600000E+01   0.337590E+05   0.262731E+06   0.195805E+03  -0.999900E+04  -0.999900E+04  -0.999900E+04  -0.999900E+04   0.195805E+03  -0.999900E+04  -0.999900E+04  -0.999900E+04  -0.999900E+04   0.195725E+03   0.946494E+02   0.109246E+01   0.274922E+02   0.150000E+02   0.799815E-01  -0.999900E+04  -0.999900E+04  -0.999900E+04  -0.999900E+04   0.501751E+00  -0.999900E+04  -0.999900E+04  -0.999900E+04  -0.999900E+04
   0.100000E+01   0.600000E+01   0.338390E+05   0.262761E+06   0.100000E+01   0.600000E+01   0.338390E+05   0.262761E+06   0.195577E+03  -0.999900E+04  -0.999900E+04  -0.999900E+04  -0.999900E+04   0.195577E+03  -0.999900E+04  -0.999900E+04  -0.999900E+04  -0.999900E+04   0.195623E+03   0.946482E+02   0.101851E+01   0.274922E+02   0.150000E+02  -0.458485E-01  -0.999900E+04  -0.999900E+04  -0.999900E+04  -0.999900E+04  -0.287623E+00  -0.999900E+04  -0.999900E+04  -0.999900E+04  -0.999900E+04
   0.100000E+01   0.600000E+01   0.338935E+05   0.262778E+06   0.100000E+01   0.600000E+01   0.338935E+05   0.262778E+06   0.195550E+03  -0.999900E+04  -0.999900E+04  -0.999900E+04  -0.999900E+04   0.195550E+03  -0.999900E+04  -0.999900E+04  -0.999900E+04  -0.999900E+04   0.195566E+03   0.946478E+02   0.117330E+01   0.273110E+02   0.150000E+02  -0.164267E-01  -0.999900E+04  -0.999900E+04  -0.999900E+04  -0.999900E+04  -0.103050E+00  -0.999900E+04  -0.999900E+04  -0.999900E+04  -0.999900E+04
   0.100000E+01   0.600000E+01   0.339480E+05   0.262803E+06   0.100000E+01   0.600000E+01   0.339480E+05   0.262803E+06   0.195518E+03  -0.999900E+04  -0.999900E+04  -0.999900E+04  -0.999900E+04   0.195518E+03  -0.999900E+04  -0.999900E+04  -0.999900E+04  -0.999900E+04   0.195489E+03   0.946479E+02   0.131505E+01   0.271239E+02   0.150000E+02   0.288055E-01  -0.999900E+04  -0.999900E+04  -0.999900E+04  -0.999900E+04   0.180707E+00  -0.999900E+04  -0.999900E+04  -0.999900E+04  -0.999900E+04
   0.100000E+01   0.600000E+01   0.340025E+05   0.262811E+06   0.100000E+01   0.600000E+01   0.340025E+05   0.262811E+06   0.195450E+03  -0.999900E+04  -0.999900E+04  -0.999900E+04  -0.999900E+04   0.195450E+03  -0.999900E+04  -0.999900E+04  -0.999900E+04  -0.999900E+04   0.195398E+03   0.946472E+02   0.137505E+01   0.271239E+02   0.150000E+02   0.524888E-01  -0.999900E+04  -0.999900E+04  -0.999900E+04  -0.999900E+04   0.329280E+00  -0.999900E+04  -0.999900E+04  -0.999900E+04  -0.999900E+04
   0.100000E+01   0.600000E+01   0.340570E+05   0.262833E+06   0.100000E+01   0.600000E+01   0.340570E+05   0.262833E+06   0.195380E+03  -0.999900E+04  -0.999900E+04  -0.999900E+04  -0.999900E+04   0.195380E+03  -0.999900E+04  -0.999900E+04  -0.999900E+04  -0.999900E+04   0.195317E+03   0.946471E+02   0.128662E+01   0.269310E+02   0.150000E+02   0.634896E-01  -0.999900E+04  -0.999900E+04  -0.999900E+04  -0.999900E+04   0.398292E+00  -0.999900E+04  -0.999900E+04  -0.999900E+04  -0.999900E+04
   0.100000E+01   0.600000E+01   0.341225E+05   0.262851E+06   0.100000E+01   0.600000E+01   0.341225E+05   0.262851E+06   0.195290E+03  -0.999900E+04  -0.999900E+04  -0.999900E+04  -0.999900E+04   0.195290E+03  -0.999900E+04  -0.999900E+04  -0.999900E+04  -0.999900E+04   0.195282E+03   0.946463E+02   0.924273E+00   0.269310E+02   0.150000E+02   0.802864E-02  -0.999900E+04  -0.999900E+04  -0.999900E+04  -0.999900E+04   0.503664E-01  -0.999900E+04  -0.999900E+04  -0.999900E+04  -0.999900E+04
   0.100000E+01   0.600000E+01   0.341880E+05   0.262858E+06   0.100000E+01   0.600000E+01   0.341880E+05   0.262858E+06   0.195062E+03  -0.999900E+04  -0.999900E+04  -0.999900E+04  -0.999900E+04   0.195062E+03  -0.999900E+04  -0.999900E+04  -0.999900E+04  -0.999900E+04   0.195219E+03   0.946447E+02   0.978134E+00   0.267325E+02   0.150000E+02  -0.156623E+00  -0.999900E+04  -0.999900E+04  -0.999900E+04  -0.999900E+04  -0.982550E+00  -0.999900E+04  -0.999900E+04  -0.999900E+04  -0.999900E+04
   0.100000E+01   0.600000E+01   0.342410E+05   0.262871E+06   0.100000E+01   0.600000E+01   0.342410E+05   0.262871E+06   0.194947E+03  -0.999900E+04  -0.999900E+04  -0.999900E+04  -0.999900E+04   0.194947E+03  -0.999900E+04  -0.999900E+04  -0.999900E+04  -0.999900E+04   0.195163E+03   0.946437E+02   0.981703E+00   0.265285E+02   0.150000E+02  -0.215750E+00  -0.999900E+04  -0.999900E+04  -0.999900E+04  -0.999900E+04  -0.135348E+01  -0.999900E+04  -0.999900E+04  -0.999900E+04  -0.999900E+04
   0.100000E+01   0.600000E+01   0.342940E+05   0.262884E+06   0.100000E+01   0.600000E+01   0.342940E+05   0.262884E+06   0.194905E+03  -0.999900E+04  -0.999900E+04  -0.999900E+04  -0.999900E+04   0.194905E+03  -0.999900E+04  -0.999900E+04  -0.999900E+04  -0.999900E+04   0.195105E+03   0.946426E+02   0.989651E+00   0.265285E+02   0.150000E+02  -0.199524E+00  -0.999900E+04  -0.999900E+04  -0.999900E+04  -0.999900E+04  -0.125168E+01  -0.999900E+04  -0.999900E+04  -0.999900E+04  -0.999900E+04
   0.100000E+01   0.600000E+01   0.343470E+05   0.262897E+06   0.100000E+01   0.600000E+01   0.343470E+05   0.262897E+06   0.194868E+03  -0.999900E+04  -0.999900E+04  -0.999900E+04  -0.999900E+04   0.194868E+03  -0.999900E+04  -0.999900E+04  -0.999900E+04  -0.999900E+04   0.195042E+03   0.946416E+02   0.100268E+01   0.263192E+02   0.150000E+02  -0.174196E+00  -0.999900E+04  -0.999900E+04  -0.999900E+04  -0.999900E+04  -0.109279E+01  -0.999900E+04  -0.999900E+04  -0.999900E+04  -0.999900E+04
   0.100000E+01   0.600000E+01   0.344000E+05   0.262919E+06   0.100000E+01   0.600000E+01   0.344000E+05   0.262919E+06   0.194827E+03  -0.999900E+04  -0.999900E+04  -0.999900E+04  -0.999900E+04   0.194827E+03  -0.999900E+04  -0.999900E+04  -0.999900E+04  -0.999900E+04   0.194974E+03   0.946409E+02   0.102092E+01   0.263192E+02   0.150000E+02  -0.146422E+00  -0.999900E+04  -0.999900E+04  -0.999900E+04  -0.999900E+04  -0.918558E+00  -0.999900E+04  -0.999900E+04  -0.999900E+04  -0.999900E+04
   0.100000E+01   0.600000E+01   0.344530E+05   0.262934E+06   0.100000E+01   0.600000E+01   0.344530E+05   0.262934E+06   0.194768E+03  -0.999900E+04  -0.999900E+04  -0.999900E+04  -0.999900E+04   0.194768E+03  -0.999900E+04  -0.999900E+04  -0.999900E+04  -0.999900E+04   0.194900E+03   0.946399E+02   0.104531E+01   0.261045E+02   0.150000E+02  -0.132225E+00  -0.999900E+04  -0.999900E+04  -0.999900E+04  -0.999900E+04  -0.829490E+00  -0.999900E+04  -0.999900E+04  -0.999900E+04  -0.999900E+04
   0.100000E+01   0.600000E+01   0.345060E+05   0.262947E+06   0.100000E+01   0.600000E+01   0.345060E+05   0.262947E+06   0.194713E+03  -0.999900E+04  -0.999900E+04  -0.999900E+04  -0.999900E+04   0.194713E+03  -0.999900E+04  -0.999900E+04  -0.999900E+04  -0.999900E+04   0.194818E+03   0.946387E+02   0.107688E+01   0.261045E+02   0.150000E+02  -0.105419E+00  -0.999900E+04  -0.999900E+04  -0.999900E+04  -0.999900E+04  -0.661332E+00  -0.999900E+04  -0.999900E+04  -0.999900E+04  -0.999900E+04
   0.100000E+01   0.600000E+01   0.345590E+05   0.262952E+06   0.100000E+01   0.600000E+01   0.345590E+05   0.262952E+06   0.194570E+03  -0.999900E+04  -0.999900E+04  -0.999900E+04  -0.999900E+04   0.194570E+03  -0.999900E+04  -0.999900E+04  -0.999900E+04  -0.999900E+04   0.194725E+03   0.946371E+02   0.111566E+01   0.258847E+02   0.150000E+02  -0.154721E+00  -0.999900E+04  -0.999900E+04  -0.999900E+04  -0.999900E+04  -0.970617E+00  -0.999900E+04  -0.999900E+04  -0.999900E+04  -0.999900E+04
   0.100000E+01   0.600000E+01   0.346146E+05   0.262974E+06   0.100000E+01   0.600000E+01   0.346146E+05   0.262974E+06   0.194445E+03  -0.999900E+04  -0.999900E+04  -0.999900E+04  -0.999900E+04   0.194445E+03  -0.999900E+04  -0.999900E+04  -0.999900E+04  -0.999900E+04   0.194640E+03   0.946361E+02   0.106883E+01   0.256599E+02   0.150000E+02  -0.195415E+00  -0.999900E+04  -0.999900E+04  -0.999900E+04  -0.999900E+04  -0.122590E+01  -0.999900E+04  -0.999900E+04  -0.999900E+04  -0.999900E+04
   0.100000E+01   0.600000E+01   0.346702E+05   0.262979E+06   0.100000E+01   0.600000E+01   0.346702E+05   0.262979E+06   0.194420E+03  -0.999900E+04  -0.999900E+04  -0.999900E+04  -0.999900E+04   0.194420E+03  -0.999900E+04  -0.999900E+04  -0.999900E+04  -0.999900E+04   0.194581E+03   0.946344E+02   0.991141E+00   0.256599E+02   0.150000E+02  -0.161370E+00  -0.999900E+04  -0.999900E+04  -0.999900E+04  -0.999900E+04  -0.101233E+01  -0.999900E+04  -0.999900E+04  -0.999900E+04  -0.999900E+04
   0.100000E+01   0.600000E+01   0.347258E+05   0.262994E+06   0.100000E+01   0.600000E+01   0.347258E+05   0.262994E+06   0.194363E+03  -0.999900E+04  -0.999900E+04  -0.999900E+04  -0.999900E+04   0.194363E+03  -0.999900E+04  -0.999900E+04  -0.999900E+04  -0.999900E+04   0.194542E+03   0.946333E+02   0.902170E+00   0.254302E+02   0.150000E+02  -0.179418E+00  -0.999900E+04  -0.999900E+04  -0.999900E+04  -0.999900E+04  -0.112555E+01  -0.999900E+04  -0.999900E+04  -0.999900E+04  -0.999900E+04
   0.100000E+01   0.600000E+01   0.347814E+05   0.263019E+06   0.100000E+01   0.600000E+01   0.347814E+05   0.263019E+06   0.194350E+03  -0.999900E+04  -0.999900E+04  -0.999900E+04  -0.999900E+04   0.194350E+03  -0.999900E+04  -0.999900E+04  -0.999900E+04  -0.999900E+04   0.194516E+03   0.946327E+02   0.810140E+00   0.254302E+02   0.150000E+02  -0.166448E+00  -0.999900E+04  -0.999900E+04  -0.999900E+04  -0.999900E+04  -0.104419E+01  -0.999900E+04  -0.999900E+04  -0.999900E+04  -0.999900E+04
   0.100000E+01   0.600000E+01   0.348370E+05   0.263027E+06   0.100000E+01   0.600000E+01   0.348370E+05   0.263027E+06   0.194338E+03  -0.999900E+04  -0.999900E+04  -0.999900E+04  -0.999900E+04   0.194338E+03  -0.999900E+04  -0.999900E+04  -0.999900E+04  -0.999900E+04   0.194500E+03   0.946313E+02   0.719839E+00   0.251958E+02   0.150000E+02  -0.162985E+00  -0.999900E+04  -0.999900E+04  -0.999900E+04  -0.999900E+04  -0.102246E+01  -0.999900E+04  -0.999900E+04  -0.999900E+04  -0.999900E+04
   0.100000E+01   0.600000E+01   0.349027E+05   0.263047E+06   0.100000E+01   0.600000E+01   0.349027E+05   0.263047E+06   0.194317E+03  -0.999900E+04  -0.999900E+04  -0.999900E+04  -0.999900E+04   0.194317E+03  -0.999900E+04  -0.999900E+04  -0.999900E+04  -0.999900E+04   0.194472E+03   0.946300E+02   0.749363E+00   0.249568E+02   0.150000E+02  -0.154354E+00  -0.999900E+04  -0.999900E+04  -0.999900E+04  -0.999900E+04  -0.968314E+00  -0.999900E+04  -0.999900E+04  -0.999900E+04  -0.999900E+04
   0.100000E+01   0.600000E+01   0.349683E+05   0.263074E+06   0.100000E+01   0.600000E+01   0.349683E+05   0.263074E+06   0.194275E+03  -0.999900E+04  -0.999900E+04  -0.999900E+04  -0.999900E+04   0.194275E+03  -0.999900E+04  -0.999900E+04  -0.999900E+04  -0.999900E+04   0.194429E+03   0.946289E+02   0.823496E+00   0.249568E+02   0.150000E+02  -0.153867E+00  -0.999900E+04  -0.999900E+04  -0.999900E+04  -0.999900E+04  -0.965260E+00  -0.999900E+04  -0.999900E+04  -0.999900E+04  -0.999900E+04
   0.100000E+01   0.600000E+01   0.350340E+05   0.263082E+06   0.100000E+01   0.600000E+01   0.350340E+05   0.263082E+06   0.194222E+03  -0.999900E+04  -0.999900E+04  -0.999900E+04  -0.999900E+04   0.194222E+03  -0.999900E+04  -0.999900E+04  -0.999900E+04  -0.999900E+04   0.194371E+03   0.946270E+02   0.909238E+00   0.247134E+02   0.150000E+02  -0.148029E+00  -0.999900E+04  -0.999900E+04  -0.999900E+04  -0.999900E+04  -0.928637E+00  -0.999900E+04  -0.999900E+04  -0.999900E+04  -0.999900E+04
   0.100000E+01   0.600000E+01   0.351540E+05   0.263112E+06   0.100000E+01   0.600000E+01   0.351540E+05   0.263112E+06   0.194127E+03  -0.999900E+04  -0.999900E+04  -0.999900E+04  -0.999900E+04   0.194127E+03  -0.999900E+04  -0.999900E+04  -0.999900E+04  -0.999900E+04   0.194254E+03   0.946249E+02   0.956026E+00   0.244657E+02   0.150000E+02  -0.126418E+00  -0.999900E+04  -0.999900E+04  -0.999900E+04  -0.999900E+04  -0.793066E+00  -0.999900E+04  -0.999900E+04  -0.999900E+04  -0.999900E+04
   0.100000E+01   0.600000E+01   0.352740E+05   0.263155E+06   0.100000E+01   0.600000E+01   0.352740E+05   0.263155E+06   0.193945E+03  -0.999900E+04  -0.999900E+04  -0.999900E+04  -0.999900E+04   0.193945E+03  -0.999900E+04  -0.999900E+04  -0.999900E+04  -0.999900E+04   0.194132E+03   0.946236E+02   0.934810E+00   0.242139E+02   0.150000E+02  -0.186520E+00  -0.999900E+04  -0.999900E+04  -0.999900E+04  -0.999900E+04  -0.117010E+01  -0.999900E+04  -0.999900E+04  -0.999900E+04  -0.999900E+04
   0.100000E+01   0.600000E+01   0.353940E+05   0.263185E+06   0.100000E+01   0.600000E+01   0.353940E+05   0.263185E+06   0.193885E+03  -0.999900E+04  -0.999900E+04  -0.999900E+04  -0.999900E+04   0.193885E+03  -0.999900E+04  -0.999900E+04  -0.999900E+04  -0.999900E+04   0.194024E+03   0.946216E+02   0.841823E+00   0.236988E+02   0.150000E+02  -0.139475E+00  -0.999900E+04  -0.999900E+04  -0.999900E+04  -0.999900E+04  -0.874974E+00  -0.999900E+04  -0.999900E+04  -0.999900E+04  -0.999900E+04
   0.100000E+01   0.600000E+01   0.355140E+05   0.263208E+06   0.100000E+01   0.600000E+01   0.355140E+05   0.263208E+06   0.193808E+03  -0.999900E+04  -0.999900E+04  -0.999900E+04  -0.999900E+04   0.193808E+03  -0.999900E+04  -0.999900E+04  -0.999900E+04  -0.999900E+04   0.193950E+03   0.946192E+02   0.711413E+00   0.234358E+02   0.150000E+02  -0.142957E+00  -0.999900E+04  -0.999900E+04  -0.999900E+04  -0.999900E+04  -0.896819E+00  -0.999900E+04  -0.999900E+04  -0.999900E+04  -0.999900E+04
   0.100000E+01   0.600000E+01   0.356210E+05   0.263250E+06   0.100000E+01   0.600000E+01   0.356210E+05   0.263250E+06   0.193740E+03  -0.999900E+04  -0.999900E+04  -0.999900E+04  -0.999900E+04   0.193740E+03  -0.999900E+04  -0.999900E+04  -0.999900E+04  -0.999900E+04   0.193871E+03   0.946179E+02   0.763134E+00   0.231694E+02   0.150000E+02  -0.131124E+00  -0.999900E+04  -0.999900E+04  -0.999900E+04  -0.999900E+04  -0.822588E+00  -0.999900E+04  -0.999900E+04  -0.999900E+04  -0.999900E+04
   0.100000E+01   0.600000E+01   0.357280E+05   0.263460E+06   0.100000E+01   0.600000E+01   0.357280E+05   0.263460E+06   0.193630E+03  -0.999900E+04  -0.999900E+04  -0.999900E+04  -0.999900E+04   0.193630E+03  -0.999900E+04  -0.999900E+04  -0.999900E+04  -0.999900E+04   0.193727E+03   0.946245E+02   0.903438E+00   0.228998E+02   0.150000E+02  -0.968845E-01  -0.999900E+04  -0.999900E+04  -0.999900E+04  -0.999900E+04  -0.607790E+00  -0.999900E+04  -0.999900E+04  -0.999900E+04  -0.999900E+04
   0.100000E+01   0.600000E+01   0.358457E+05   0.263483E+06   0.100000E+01   0.600000E+01   0.358457E+05   0.263483E+06   0.193398E+03  -0.999900E+04  -0.999900E+04  -0.999900E+04  -0.999900E+04   0.193398E+03  -0.999900E+04  -0.999900E+04  -0.999900E+04  -0.999900E+04   0.193508E+03   0.946217E+02   0.928624E+00   0.226272E+02   0.150000E+02  -0.110381E+00  -0.999900E+04  -0.999900E+04  -0.999900E+04  -0.999900E+04  -0.692461E+00  -0.999900E+04  -0.999900E+04  -0.999900E+04  -0.999900E+04
   0.100000E+01   0.600000E+01   0.359633E+05   0.263515E+06   0.100000E+01   0.600000E+01   0.359633E+05   0.263515E+06   0.193155E+03  -0.999900E+04  -0.999900E+04  -0.999900E+04  -0.999900E+04   0.193155E+03  -0.999900E+04  -0.999900E+04  -0.999900E+04  -0.999900E+04   0.193276E+03   0.946196E+02   0.943533E+00   0.220739E+02   0.150000E+02  -0.121048E+00  -0.999900E+04  -0.999900E+04  -0.999900E+04  -0.999900E+04  -0.759378E+00  -0.999900E+04  -0.999900E+04  -0.999900E+04  -0.999900E+04
   0.100000E+01   0.600000E+01   0.360810E+05   0.263552E+06   0.100000E+01   0.600000E+01   0.360810E+05   0.263552E+06   0.192933E+03  -0.999900E+04  -0.999900E+04  -0.999900E+04  -0.999900E+04   0.192933E+03  -0.999900E+04  -0.999900E+04  -0.999900E+04  -0.999900E+04   0.193001E+03   0.946181E+02   0.102000E+01   0.217936E+02   0.150000E+02  -0.689425E-01  -0.999900E+04  -0.999900E+04  -0.999900E+04  -0.999900E+04  -0.432500E+00  -0.999900E+04  -0.999900E+04  -0.999900E+04  -0.999900E+04
   0.100000E+01   0.600000E+01   0.362130E+05   0.263590E+06   0.100000E+01   0.600000E+01   0.362130E+05   0.263590E+06   0.192570E+03  -0.999900E+04  -0.999900E+04  -0.999900E+04  -0.999900E+04   0.192570E+03  -0.999900E+04  -0.999900E+04  -0.999900E+04  -0.999900E+04   0.192622E+03   0.946153E+02   0.996878E+00   0.215112E+02   0.150000E+02  -0.518328E-01  -0.999900E+04  -0.999900E+04  -0.999900E+04  -0.999900E+04  -0.325165E+00  -0.999900E+04  -0.999900E+04  -0.999900E+04  -0.999900E+04
   0.100000E+01   0.600000E+01   0.362667E+05   0.263605E+06   0.100000E+01   0.600000E+01   0.362667E+05   0.263605E+06   0.192390E+03  -0.999900E+04  -0.999900E+04  -0.999900E+04  -0.999900E+04   0.192390E+03  -0.999900E+04  -0.999900E+04  -0.999900E+04  -0.999900E+04   0.192468E+03   0.946138E+02   0.100686E+01   0.212268E+02   0.150000E+02  -0.777653E-01  -0.999900E+04  -0.999900E+04  -0.999900E+04  -0.999900E+04  -0.487848E+00  -0.999900E+04  -0.999900E+04  -0.999900E+04  -0.999900E+04
   0.100000E+01   0.600000E+01   0.363203E+05   0.263620E+06   0.100000E+01   0.600000E+01   0.363203E+05   0.263620E+06   0.192235E+03  -0.999900E+04  -0.999900E+04  -0.999900E+04  -0.999900E+04   0.192235E+03  -0.999900E+04  -0.999900E+04  -0.999900E+04  -0.999900E+04   0.192374E+03   0.946123E+02   0.884235E+00   0.212268E+02   0.150000E+02  -0.138798E+00  -0.999900E+04  -0.999900E+04  -0.999900E+04  -0.999900E+04  -0.870728E+00  -0.999900E+04  -0.999900E+04  -0.999900E+04  -0.999900E+04
   0.100000E+01   0.600000E+01   0.363740E+05   0.263650E+06   0.100000E+01   0.600000E+01   0.363740E+05   0.263650E+06   0.192125E+03  -0.999900E+04  -0.999900E+04  -0.999900E+04  -0.999900E+04   0.192125E+03  -0.999900E+04  -0.999900E+04  -0.999900E+04  -0.999900E+04   0.192321E+03   0.946116E+02   0.778133E+00   0.209407E+02   0.150000E+02  -0.196159E+00  -0.999900E+04  -0.999900E+04  -0.999900E+04  -0.999900E+04  -0.123058E+01  -0.999900E+04  -0.999900E+04  -0.999900E+04  -0.999900E+04
   0.100000E+01   0.600000E+01   0.364275E+05   0.263675E+06   0.100000E+01   0.600000E+01   0.364275E+05   0.263675E+06   0.192143E+03  -0.999900E+04  -0.999900E+04  -0.999900E+04  -0.999900E+04   0.192143E+03  -0.999900E+04  -0.999900E+04  -0.999900E+04  -0.999900E+04   0.192217E+03   0.946109E+02   0.108952E+01   0.209407E+02   0.150000E+02  -0.743325E-01  -0.999900E+04  -0.999900E+04  -0.999900E+04  -0.999900E+04  -0.466313E+00  -0.999900E+04  -0.999900E+04  -0.999900E+04  -0.999900E+04
   0.100000E+01   0.600000E+01   0.364810E+05   0.263685E+06   0.100000E+01   0.600000E+01   0.364810E+05   0.263685E+06   0.192070E+03  -0.999900E+04  -0.999900E+04  -0.999900E+04  -0.999900E+04   0.192070E+03  -0.999900E+04  -0.999900E+04  -0.999900E+04  -0.999900E+04   0.192130E+03   0.946095E+02   0.916637E+00   0.206532E+02   0.150000E+02  -0.602734E-01  -0.999900E+04  -0.999900E+04  -0.999900E+04  -0.999900E+04  -0.378116E+00  -0.999900E+04  -0.999900E+04  -0.999900E+04  -0.999900E+04
   0.100000E+01   0.600000E+01   0.365925E+05   0.263727E+06   0.100000E+01   0.600000E+01   0.365925E+05   0.263727E+06   0.191730E+03  -0.999900E+04  -0.999900E+04  -0.999900E+04  -0.999900E+04   0.191730E+03  -0.999900E+04  -0.999900E+04  -0.999900E+04  -0.999900E+04   0.191929E+03   0.946074E+02   0.961560E+00   0.203645E+02   0.150000E+02  -0.199051E+00  -0.999900E+04  -0.999900E+04  -0.999900E+04  -0.999900E+04  -0.124871E+01  -0.999900E+04  -0.999900E+04  -0.999900E+04  -0.999900E+04
   0.100000E+01   0.600000E+01   0.367040E+05   0.263752E+06   0.100000E+01   0.600000E+01   0.367040E+05   0.263752E+06   0.191655E+03  -0.999900E+04  -0.999900E+04  -0.999900E+04  -0.999900E+04   0.191655E+03  -0.999900E+04  -0.999900E+04  -0.999900E+04  -0.999900E+04   0.191803E+03   0.946045E+02   0.766544E+00   0.200748E+02   0.150000E+02  -0.148131E+00  -0.999900E+04  -0.999900E+04  -0.999900E+04  -0.999900E+04  -0.929275E+00  -0.999900E+04  -0.999900E+04  -0.999900E+04  -0.999900E+04
   0.100000E+01   0.600000E+01   0.367765E+05   0.263783E+06   0.100000E+01   0.600000E+01   0.367765E+05   0.263783E+06   0.191610E+03  -0.999900E+04  -0.999900E+04  -0.999900E+04  -0.999900E+04   0.191610E+03  -0.999900E+04  -0.999900E+04  -0.999900E+04  -0.999900E+04   0.191732E+03   0.946033E+02   0.794149E+00   0.197844E+02   0.150000E+02  -0.121947E+00  -0.999900E+04  -0.999900E+04  -0.999900E+04  -0.999900E+04  -0.765013E+00  -0.999900E+04  -0.999900E+04  -0.999900E+04  -0.999900E+04
   0.100000E+01   0.600000E+01   0.368490E+05   0.263796E+06   0.100000E+01   0.600000E+01   0.368490E+05   0.263796E+06   0.191575E+03  -0.999900E+04  -0.999900E+04  -0.999900E+04  -0.999900E+04   0.191575E+03  -0.999900E+04  -0.999900E+04  -0.999900E+04  -0.999900E+04   0.191666E+03   0.946012E+02   0.734666E+00   0.194935E+02   0.150000E+02  -0.914920E-01  -0.999900E+04  -0.999900E+04  -0.999900E+04  -0.999900E+04  -0.573961E+00  -0.999900E+04  -0.999900E+04  -0.999900E+04  -0.999900E+04
   0.100000E+01   0.600000E+01   0.369440E+05   0.263831E+06   0.100000E+01   0.600000E+01   0.369440E+05   0.263831E+06   0.191438E+03  -0.999900E+04  -0.999900E+04  -0.999900E+04  -0.999900E+04   0.191438E+03  -0.999900E+04  -0.999900E+04  -0.999900E+04  -0.999900E+04   0.191495E+03   0.945986E+02   0.941175E+00   0.192024E+02   0.150000E+02  -0.571693E-01  -0.999900E+04  -0.999900E+04  -0.999900E+04  -0.999900E+04  -0.358643E+00  -0.999900E+04  -0.999900E+04  -0.999900E+04  -0.999900E+04
   0.100000E+01   0.600000E+01   0.370035E+05   0.263848E+06   0.100000E+01   0.600000E+01   0.370035E+05   0.263848E+06   0.191130E+03  -0.999900E+04  -0.999900E+04  -0.999900E+04  -0.999900E+04   0.191130E+03  -0.999900E+04  -0.999900E+04  -0.999900E+04  -0.999900E+04   0.191274E+03   0.945964E+02   0.120677E+01   0.192024E+02   0.150000E+02  -0.143921E+00  -0.999900E+04  -0.999900E+04  -0.999900E+04  -0.999900E+04  -0.902864E+00  -0.999900E+04  -0.999900E+04  -0.999900E+04  -0.999900E+04
   0.100000E+01   0.600000E+01   0.370630E+05   0.263863E+06   0.100000E+01   0.600000E+01   0.370630E+05   0.263863E+06   0.190850E+03  -0.999900E+04  -0.999900E+04  -0.999900E+04  -0.999900E+04   0.190850E+03  -0.999900E+04  -0.999900E+04  -0.999900E+04  -0.999900E+04   0.191049E+03   0.945938E+02   0.116681E+01   0.189114E+02   0.150000E+02  -0.199136E+00  -0.999900E+04  -0.999900E+04  -0.999900E+04  -0.999900E+04  -0.124925E+01  -0.999900E+04  -0.999900E+04  -0.999900E+04  -0.999900E+04
   0.100000E+01   0.600000E+01   0.371155E+05   0.263876E+06   0.100000E+01   0.600000E+01   0.371155E+05   0.263876E+06   0.190760E+03  -0.999900E+04  -0.999900E+04  -0.999900E+04  -0.999900E+04   0.190760E+03  -0.999900E+04  -0.999900E+04  -0.999900E+04  -0.999900E+04   0.190824E+03   0.945920E+02   0.133608E+01   0.186207E+02   0.150000E+02  -0.640394E-01  -0.999900E+04  -0.999900E+04  -0.999900E+04  -0.999900E+04  -0.401741E+00  -0.999900E+04  -0.999900E+04  -0.999900E+04  -0.999900E+04
   0.100000E+01   0.600000E+01   0.371680E+05   0.263888E+06   0.100000E+01   0.600000E+01   0.371680E+05   0.263888E+06   0.190688E+03  -0.999900E+04  -0.999900E+04  -0.999900E+04  -0.999900E+04   0.190688E+03  -0.999900E+04  -0.999900E+04  -0.999900E+04  -0.999900E+04   0.190530E+03   0.945911E+02   0.152843E+01   0.186207E+02   0.150000E+02   0.157755E+00  -0.999900E+04  -0.999900E+04  -0.999900E+04  -0.999900E+04   0.989650E+00  -0.999900E+04  -0.999900E+04  -0.999900E+04  -0.999900E+04
   0.100000E+01   0.600000E+01   0.372150E+05   0.263891E+06   0.100000E+01   0.600000E+01   0.372150E+05   0.263891E+06   0.190655E+03  -0.999900E+04  -0.999900E+04  -0.999900E+04  -0.999900E+04   0.190655E+03  -0.999900E+04  -0.999900E+04  -0.999900E+04  -0.999900E+04   0.190342E+03   0.945901E+02   0.121906E+01   0.183307E+02   0.150000E+02   0.313471E+00  -0.999900E+04  -0.999900E+04  -0.999900E+04  -0.999900E+04   0.196651E+01  -0.999900E+04  -0.999900E+04  -0.999900E+04  -0.999900E+04
   0.100000E+01   0.600000E+01   0.372610E+05   0.263921E+06   0.100000E+01   0.600000E+01   0.372610E+05   0.263921E+06   0.190645E+03  -0.999900E+04  -0.999900E+04  -0.999900E+04  -0.999900E+04   0.190645E+03  -0.999900E+04  -0.999900E+04  -0.999900E+04  -0.999900E+04   0.190032E+03   0.945904E+02   0.151785E+01   0.183307E+02   0.150000E+02   0.613334E+00  -0.999900E+04  -0.999900E+04  -0.999900E+04  -0.999900E+04   0.384765E+01  -0.999900E+04  -0.999900E+04  -0.999900E+04  -0.999900E+04
   0.100000E+01   0.600000E+01   0.372900E+05   0.263931E+06   0.100000E+01   0.600000E+01   0.372900E+05   0.263931E+06   0.190662E+03  -0.999900E+04  -0.999900E+04  -0.999900E+04  -0.999900E+04   0.190662E+03  -0.999900E+04  -0.999900E+04  -0.999900E+04  -0.999900E+04   0.189923E+03   0.945903E+02   0.131017E+01   0.183307E+02   0.150000E+02   0.739822E+00  -0.999900E+04  -0.999900E+04  -0.999900E+04  -0.999900E+04   0.464116E+01  -0.999900E+04  -0.999900E+04  -0.999900E+04  -0.999900E+04
   0.100000E+01   0.600000E+01   0.373280E+05   0.263953E+06   0.100000E+01   0.600000E+01   0.373280E+05   0.263953E+06   0.190625E+03  -0.999900E+04  -0.999900E+04  -0.999900E+04  -0.999900E+04   0.190625E+03  -0.999900E+04  -0.999900E+04  -0.999900E+04  -0.999900E+04   0.189780E+03   0.945905E+02   0.103805E+01   0.180415E+02   0.150000E+02   0.845152E+00  -0.999900E+04  -0.999900E+04  -0.999900E+04  -0.999900E+04   0.530193E+01  -0.999900E+04  -0.999900E+04  -0.999900E+04  -0.999900E+04
   0.100000E+01   0.600000E+01   0.373990E+05   0.263961E+06   0.100000E+01   0.600000E+01   0.373990E+05   0.263961E+06   0.190560E+03  -0.999900E+04  -0.999900E+04  -0.999900E+04  -0.999900E+04   0.190560E+03  -0.999900E+04  -0.999900E+04  -0.999900E+04  -0.999900E+04   0.189672E+03   0.945898E+02   0.907012E+00   0.177535E+02   0.150000E+02   0.887767E+00  -0.999900E+04  -0.999900E+04  -0.999900E+04  -0.999900E+04   0.556927E+01  -0.999900E+04  -0.999900E+04  -0.999900E+04  -0.999900E+04
   0.100000E+01   0.600000E+01   0.374440E+05   0.263983E+06   0.100000E+01   0.600000E+01   0.374440E+05   0.263983E+06   0.190455E+03  -0.999900E+04  -0.999900E+04  -0.999900E+04  -0.999900E+04   0.190455E+03  -0.999900E+04  -0.999900E+04  -0.999900E+04  -0.999900E+04   0.189604E+03   0.945901E+02   0.823967E+00   0.177535E+02   0.150000E+02   0.850953E+00  -0.999900E+04  -0.999900E+04  -0.999900E+04  -0.999900E+04   0.533832E+01  -0.999900E+04  -0.999900E+04  -0.999900E+04  -0.999900E+04
   0.200000E+01   0.300000E+01   0.270000E+05   0.259200E+06   0.200000E+01   0.300000E+01   0.270000E+05   0.259200E+06   0.182617E+03  -0.999900E+04  -0.999900E+04  -0.999900E+04  -0.999900E+04   0.182617E+03  -0.999900E+04  -0.999900E+04  -0.999900E+04  -0.999900E+04   0.182397E+03   0.690228E+03   0.824445E+00   0.308460E+02   0.200000E+02   0.219543E+00  -0.999900E+04  -0.999900E+04  -0.999900E+04  -0.999900E+04   0.137727E+01  -0.999900E+04  -0.999900E+04  -0.999900E+04  -0.999900E+04
   0.200000E+01   0.300000E+01   0.276000E+05   0.259200E+06   0.200000E+01   0.300000E+01   0.276000E+05   0.259200E+06   0.182620E+03  -0.999900E+04  -0.999900E+04  -0.999900E+04  -0.999900E+04   0.182620E+03  -0.999900E+04  -0.999900E+04  -0.999900E+04  -0.999900E+04   0.182463E+03   0.690326E+03   0.976077E+00   0.318723E+02   0.200000E+02   0.156903E+00  -0.999900E+04  -0.999900E+04  -0.999900E+04  -0.999900E+04   0.984304E+00  -0.999900E+04  -0.999900E+04  -0.999900E+04  -0.999900E+04
   0.200000E+01   0.300000E+01   0.276500E+05   0.259200E+06   0.200000E+01   0.300000E+01   0.276500E+05   0.259200E+06   0.182633E+03  -0.999900E+04  -0.999900E+04  -0.999900E+04  -0.999900E+04   0.182633E+03  -0.999900E+04  -0.999900E+04  -0.999900E+04  -0.999900E+04   0.182470E+03   0.690347E+03   0.986196E+00   0.321289E+02   0.200000E+02   0.163511E+00  -0.999900E+04  -0.999900E+04  -0.999900E+04  -0.999900E+04   0.102576E+01  -0.999900E+04  -0.999900E+04  -0.999900E+04  -0.999900E+04
   0.200000E+01   0.300000E+01   0.277000E+05   0.259200E+06   0.200000E+01   0.300000E+01   0.277000E+05   0.259200E+06   0.182627E+03  -0.999900E+04  -0.999900E+04  -0.999900E+04  -0.999900E+04   0.182627E+03  -0.999900E+04  -0.999900E+04  -0.999900E+04  -0.999900E+04   0.182476E+03   0.690369E+03   0.100031E+01   0.321289E+02   0.200000E+02   0.151746E+00  -0.999900E+04  -0.999900E+04  -0.999900E+04  -0.999900E+04   0.951956E+00  -0.999900E+04  -0.999900E+04  -0.999900E+04  -0.999900E+04
   0.200000E+01   0.300000E+01   0.277500E+05   0.259200E+06   0.200000E+01   0.300000E+01   0.277500E+05   0.259200E+06   0.182634E+03  -0.999900E+04  -0.999900E+04  -0.999900E+04  -0.999900E+04   0.182634E+03  -0.999900E+04  -0.999900E+04  -0.999900E+04  -0.999900E+04   0.182482E+03   0.690393E+03   0.101775E+01   0.321289E+02   0.200000E+02   0.152656E+00  -0.999900E+04  -0.999900E+04  -0.999900E+04  -0.999900E+04   0.957666E+00  -0.999900E+04  -0.999900E+04  -0.999900E+04  -0.999900E+04
   0.200000E+01   0.300000E+01   0.278000E+05   0.259200E+06   0.200000E+01   0.300000E+01   0.278000E+05   0.259200E+06   0.182642E+03  -0.999900E+04  -0.999900E+04  -0.999900E+04  -0.999900E+04   0.182642E+03  -0.999900E+04  -0.999900E+04  -0.999900E+04  -0.999900E+04   0.182487E+03   0.690417E+03   0.103738E+01   0.323855E+02   0.200000E+02   0.155080E+00  -0.999900E+04  -0.999900E+04  -0.999900E+04  -0.999900E+04   0.972870E+00  -0.999900E+04  -0.999900E+04  -0.999900E+04  -0.999900E+04
   0.200000E+01   0.300000E+01   0.279000E+05   0.259200E+06   0.200000E+01   0.300000E+01   0.279000E+05   0.259200E+06   0.182648E+03  -0.999900E+04  -0.999900E+04  -0.999900E+04  -0.999900E+04   0.182648E+03  -0.999900E+04  -0.999900E+04  -0.999900E+04  -0.999900E+04   0.182499E+03   0.690469E+03   0.107514E+01   0.323855E+02   0.200000E+02   0.148370E+00  -0.999900E+04  -0.999900E+04  -0.999900E+04  -0.999900E+04   0.930774E+00  -0.999900E+04  -0.999900E+04  -0.999900E+04  -0.999900E+04
   0.200000E+01   0.300000E+01   0.279500E+05   0.259200E+06   0.200000E+01   0.300000E+01   0.279500E+05   0.259200E+06   0.182655E+03  -0.999900E+04  -0.999900E+04  -0.999900E+04  -0.999900E+04   0.182655E+03  -0.999900E+04  -0.999900E+04  -0.999900E+04  -0.999900E+04   0.182506E+03   0.690496E+03   0.108740E+01   0.326420E+02   0.200000E+02   0.148895E+00  -0.999900E+04  -0.999900E+04  -0.999900E+04  -0.999900E+04   0.934069E+00  -0.999900E+04  -0.999900E+04  -0.999900E+04  -0.999900E+04
   0.200000E+01   0.300000E+01   0.285000E+05   0.259200E+06   0.200000E+01   0.300000E+01   0.285000E+05   0.259200E+06   0.182738E+03  -0.999900E+04  -0.999900E+04  -0.999900E+04  -0.999900E+04   0.182738E+03  -0.999900E+04  -0.999900E+04  -0.999900E+04  -0.999900E+04   0.182616E+03   0.691031E+03   0.112925E+01   0.334118E+02   0.200000E+02   0.122125E+00  -0.999900E+04  -0.999900E+04  -0.999900E+04  -0.999900E+04   0.766131E+00  -0.999900E+04  -0.999900E+04  -0.999900E+04  -0.999900E+04
   0.200000E+01   0.300000E+01   0.286250E+05   0.259200E+06   0.200000E+01   0.300000E+01   0.286250E+05   0.259200E+06   0.182741E+03  -0.999900E+04  -0.999900E+04  -0.999900E+04  -0.999900E+04   0.182741E+03  -0.999900E+04  -0.999900E+04  -0.999900E+04  -0.999900E+04   0.182651E+03   0.691239E+03   0.111575E+01   0.336684E+02   0.200000E+02   0.899990E-01  -0.999900E+04  -0.999900E+04  -0.999900E+04  -0.999900E+04   0.564595E+00  -0.999900E+04  -0.999900E+04  -0.999900E+04  -0.999900E+04
   0.200000E+01   0.300000E+01   0.287500E+05   0.259200E+06   0.200000E+01   0.300000E+01   0.287500E+05   0.259200E+06   0.182750E+03  -0.999900E+04  -0.999900E+04  -0.999900E+04  -0.999900E+04   0.182750E+03  -0.999900E+04  -0.999900E+04  -0.999900E+04  -0.999900E+04   0.182682E+03   0.691463E+03   0.110043E+01   0.339249E+02   0.200000E+02   0.684169E-01  -0.999900E+04  -0.999900E+04  -0.999900E+04  -0.999900E+04   0.429203E+00  -0.999900E+04  -0.999900E+04  -0.999900E+04  -0.999900E+04
   0.200000E+01   0.300000E+01   0.288750E+05   0.259200E+06   0.200000E+01   0.300000E+01   0.288750E+05   0.259200E+06   0.182783E+03  -0.999900E+04  -0.999900E+04  -0.999900E+04  -0.999900E+04   0.182783E+03  -0.999900E+04  -0.999900E+04  -0.999900E+04  -0.999900E+04   0.182709E+03   0.691688E+03   0.108172E+01   0.341815E+02   0.200000E+02   0.741530E-01  -0.999900E+04  -0.999900E+04  -0.999900E+04  -0.999900E+04   0.465187E+00  -0.999900E+04  -0.999900E+04  -0.999900E+04  -0.999900E+04
   0.200000E+01   0.300000E+01   0.290000E+05   0.259200E+06   0.200000E+01   0.300000E+01   0.290000E+05   0.259200E+06   0.182823E+03  -0.999900E+04  -0.999900E+04  -0.999900E+04  -0.999900E+04   0.182823E+03  -0.999900E+04  -0.999900E+04  -0.999900E+04  -0.999900E+04   0.182731E+03   0.691912E+03   0.106859E+01   0.344381E+02   0.200000E+02   0.919242E-01  -0.999900E+04  -0.999900E+04  -0.999900E+04  -0.999900E+04   0.576672E+00  -0.999900E+04  -0.999900E+04  -0.999900E+04  -0.999900E+04
   0.200000E+01   0.300000E+01   0.291250E+05   0.259200E+06   0.200000E+01   0.300000E+01   0.291250E+05   0.259200E+06   0.182872E+03  -0.999900E+04  -0.999900E+04  -0.999900E+04  -0.999900E+04   0.182872E+03  -0.999900E+04  -0.999900E+04  -0.999900E+04  -0.999900E+04   0.182746E+03   0.692155E+03   0.115205E+01   0.346947E+02   0.200000E+02   0.126520E+00  -0.999900E+04  -0.999900E+04  -0.999900E+04  -0.999900E+04   0.793703E+00  -0.999900E+04  -0.999900E+04  -0.999900E+04  -0.999900E+04
   0.200000E+01   0.300000E+01   0.295000E+05   0.259200E+06   0.200000E+01   0.300000E+01   0.295000E+05   0.259200E+06   0.182995E+03  -0.999900E+04  -0.999900E+04  -0.999900E+04  -0.999900E+04   0.182995E+03  -0.999900E+04  -0.999900E+04  -0.999900E+04  -0.999900E+04   0.182877E+03   0.693101E+03   0.132197E+01   0.352078E+02   0.200000E+02   0.117628E+00  -0.999900E+04  -0.999900E+04  -0.999900E+04  -0.999900E+04   0.737921E+00  -0.999900E+04  -0.999900E+04  -0.999900E+04  -0.999900E+04
   0.200000E+01   0.300000E+01   0.305000E+05   0.259200E+06   0.200000E+01   0.300000E+01   0.305000E+05   0.259200E+06   0.183182E+03  -0.999900E+04  -0.999900E+04  -0.999900E+04  -0.999900E+04   0.183182E+03  -0.999900E+04  -0.999900E+04  -0.999900E+04  -0.999900E+04   0.183216E+03   0.696563E+03   0.137196E+01   0.370039E+02   0.200000E+02  -0.344764E-01  -0.999900E+04  -0.999900E+04  -0.999900E+04  -0.999900E+04  -0.216283E+00  -0.999900E+04  -0.999900E+04  -0.999900E+04  -0.999900E+04
   0.200000E+01   0.300000E+01   0.305250E+05   0.259200E+06   0.200000E+01   0.300000E+01   0.305250E+05   0.259200E+06   0.183176E+03  -0.999900E+04  -0.999900E+04  -0.999900E+04  -0.999900E+04   0.183176E+03  -0.999900E+04  -0.999900E+04  -0.999900E+04  -0.999900E+04   0.183222E+03   0.696618E+03   0.136787E+01   0.370039E+02   0.200000E+02  -0.460391E-01  -0.999900E+04  -0.999900E+04  -0.999900E+04  -0.999900E+04  -0.288819E+00  -0.999900E+04  -0.999900E+04  -0.999900E+04  -0.999900E+04
   0.200000E+01   0.300000E+01   0.305500E+05   0.259200E+06   0.200000E+01   0.300000E+01   0.305500E+05   0.259200E+06   0.183202E+03  -0.999900E+04  -0.999900E+04  -0.999900E+04  -0.999900E+04   0.183202E+03  -0.999900E+04  -0.999900E+04  -0.999900E+04  -0.999900E+04   0.183228E+03   0.696675E+03   0.135982E+01   0.370039E+02   0.200000E+02  -0.254816E-01  -0.999900E+04  -0.999900E+04  -0.999900E+04  -0.999900E+04  -0.159855E+00  -0.999900E+04  -0.999900E+04  -0.999900E+04  -0.999900E+04
   0.200000E+01   0.300000E+01   0.306000E+05   0.259200E+06   0.200000E+01   0.300000E+01   0.306000E+05   0.259200E+06   0.183228E+03  -0.999900E+04  -0.999900E+04  -0.999900E+04  -0.999900E+04   0.183228E+03  -0.999900E+04  -0.999900E+04  -0.999900E+04  -0.999900E+04   0.183241E+03   0.696795E+03   0.134117E+01   0.372605E+02   0.200000E+02  -0.122243E-01  -0.999900E+04  -0.999900E+04  -0.999900E+04  -0.999900E+04  -0.766872E-01  -0.999900E+04  -0.999900E+04  -0.999900E+04  -0.999900E+04
   0.200000E+01   0.300000E+01   0.306500E+05   0.259200E+06   0.200000E+01   0.300000E+01   0.306500E+05   0.259200E+06   0.183220E+03  -0.999900E+04  -0.999900E+04  -0.999900E+04  -0.999900E+04   0.183220E+03  -0.999900E+04  -0.999900E+04  -0.999900E+04  -0.999900E+04   0.183253E+03   0.696928E+03   0.133078E+01   0.372605E+02   0.200000E+02  -0.323482E-01  -0.999900E+04  -0.999900E+04  -0.999900E+04  -0.999900E+04  -0.202931E+00  -0.999900E+04  -0.999900E+04  -0.999900E+04  -0.999900E+04
   0.200000E+01   0.300000E+01   0.307250E+05   0.259200E+06   0.200000E+01   0.300000E+01   0.307250E+05   0.259200E+06   0.183234E+03  -0.999900E+04  -0.999900E+04  -0.999900E+04  -0.999900E+04   0.183234E+03  -0.999900E+04  -0.999900E+04  -0.999900E+04  -0.999900E+04   0.183270E+03   0.697150E+03   0.133210E+01   0.375171E+02   0.200000E+02  -0.353754E-01  -0.999900E+04  -0.999900E+04  -0.999900E+04  -0.999900E+04  -0.221922E+00  -0.999900E+04  -0.999900E+04  -0.999900E+04  -0.999900E+04
   0.200000E+01   0.300000E+01   0.307500E+05   0.259200E+06   0.200000E+01   0.300000E+01   0.307500E+05   0.259200E+06   0.183231E+03  -0.999900E+04  -0.999900E+04  -0.999900E+04  -0.999900E+04   0.183231E+03  -0.999900E+04  -0.999900E+04  -0.999900E+04  -0.999900E+04   0.183276E+03   0.697228E+03   0.133130E+01   0.375171E+02   0.200000E+02  -0.454247E-01  -0.999900E+04  -0.999900E+04  -0.999900E+04  -0.999900E+04  -0.284965E+00  -0.999900E+04  -0.999900E+04  -0.999900E+04  -0.999900E+04
   0.200000E+01   0.300000E+01   0.310000E+05   0.259200E+06   0.200000E+01   0.300000E+01   0.310000E+05   0.259200E+06   0.183300E+03  -0.999900E+04  -0.999900E+04  -0.999900E+04  -0.999900E+04   0.183300E+03  -0.999900E+04  -0.999900E+04  -0.999900E+04  -0.999900E+04   0.183344E+03   0.697984E+03   0.144434E+01   0.380302E+02   0.200000E+02  -0.439977E-01  -0.999900E+04  -0.999900E+04  -0.999900E+04  -0.999900E+04  -0.276013E+00  -0.999900E+04  -0.999900E+04  -0.999900E+04  -0.999900E+04
   0.200000E+01   0.300000E+01   0.313500E+05   0.259200E+06   0.200000E+01   0.300000E+01   0.313500E+05   0.259200E+06   0.183382E+03  -0.999900E+04  -0.999900E+04  -0.999900E+04  -0.999900E+04   0.183382E+03  -0.999900E+04  -0.999900E+04  -0.999900E+04  -0.999900E+04   0.183409E+03   0.698935E+03   0.170695E+01   0.385434E+02   0.200000E+02  -0.277323E-01  -0.999900E+04  -0.999900E+04  -0.999900E+04  -0.999900E+04  -0.173974E+00  -0.999900E+04  -0.999900E+04  -0.999900E+04  -0.999900E+04
   0.200000E+01   0.300000E+01   0.314000E+05   0.259200E+06   0.200000E+01   0.300000E+01   0.314000E+05   0.259200E+06   0.183412E+03  -0.999900E+04  -0.999900E+04  -0.999900E+04  -0.999900E+04   0.183412E+03  -0.999900E+04  -0.999900E+04  -0.999900E+04  -0.999900E+04   0.183405E+03   0.699072E+03   0.185293E+01   0.385434E+02   0.200000E+02   0.707234E-02  -0.999900E+04  -0.999900E+04  -0.999900E+04  -0.999900E+04   0.443672E-01  -0.999900E+04  -0.999900E+04  -0.999900E+04  -0.999900E+04
   0.200000E+01   0.300000E+01   0.314500E+05   0.259200E+06   0.200000E+01   0.300000E+01   0.314500E+05   0.259200E+06   0.183470E+03  -0.999900E+04  -0.999900E+04  -0.999900E+04  -0.999900E+04   0.183470E+03  -0.999900E+04  -0.999900E+04  -0.999900E+04  -0.999900E+04   0.183404E+03   0.699212E+03   0.200985E+01   0.388000E+02   0.200000E+02   0.657846E-01  -0.999900E+04  -0.999900E+04  -0.999900E+04  -0.999900E+04   0.412689E+00  -0.999900E+04  -0.999900E+04  -0.999900E+04  -0.999900E+04
   0.200000E+01   0.300000E+01   0.316250E+05   0.259200E+06   0.200000E+01   0.300000E+01   0.316250E+05   0.259200E+06   0.183492E+03  -0.999900E+04  -0.999900E+04  -0.999900E+04  -0.999900E+04   0.183492E+03  -0.999900E+04  -0.999900E+04  -0.999900E+04  -0.999900E+04   0.183529E+03   0.699741E+03   0.203354E+01   0.390566E+02   0.200000E+02  -0.370290E-01  -0.999900E+04  -0.999900E+04  -0.999900E+04  -0.999900E+04  -0.232296E+00  -0.999900E+04  -0.999900E+04  -0.999900E+04  -0.999900E+04
   0.200000E+01   0.300000E+01   0.317500E+05   0.259200E+06   0.200000E+01   0.300000E+01   0.317500E+05   0.259200E+06   0.183515E+03  -0.999900E+04  -0.999900E+04  -0.999900E+04  -0.999900E+04   0.183515E+03  -0.999900E+04  -0.999900E+04  -0.999900E+04  -0.999900E+04   0.183639E+03   0.700179E+03   0.195732E+01   0.393132E+02   0.200000E+02  -0.123770E+00  -0.999900E+04  -0.999900E+04  -0.999900E+04  -0.999900E+04  -0.776453E+00  -0.999900E+04  -0.999900E+04  -0.999900E+04  -0.999900E+04
   0.200000E+01   0.300000E+01   0.318750E+05   0.259200E+06   0.200000E+01   0.300000E+01   0.318750E+05   0.259200E+06   0.183702E+03  -0.999900E+04  -0.999900E+04  -0.999900E+04  -0.999900E+04   0.183702E+03  -0.999900E+04  -0.999900E+04  -0.999900E+04  -0.999900E+04   0.183716E+03   0.700628E+03   0.202248E+01   0.395697E+02   0.200000E+02  -0.135271E-01  -0.999900E+04  -0.999900E+04  -0.999900E+04  -0.999900E+04  -0.848603E-01  -0.999900E+04  -0.999900E+04  -0.999900E+04  -0.999900E+04
   0.200000E+01   0.300000E+01   0.320000E+05   0.259200E+06   0.200000E+01   0.300000E+01   0.320000E+05   0.259200E+06   0.183876E+03  -0.999900E+04  -0.999900E+04  -0.999900E+04  -0.999900E+04   0.183876E+03  -0.999900E+04  -0.999900E+04  -0.999900E+04  -0.999900E+04   0.183805E+03   0.701044E+03   0.201170E+01   0.395697E+02   0.200000E+02   0.717362E-01  -0.999900E+04  -0.999900E+04  -0.999900E+04  -0.999900E+04   0.450026E+00  -0.999900E+04  -0.999900E+04  -0.999900E+04  -0.999900E+04
   0.200000E+01   0.300000E+01   0.321250E+05   0.259200E+06   0.200000E+01   0.300000E+01   0.321250E+05   0.259200E+06   0.183926E+03  -0.999900E+04  -0.999900E+04  -0.999900E+04  -0.999900E+04   0.183926E+03  -0.999900E+04  -0.999900E+04  -0.999900E+04  -0.999900E+04   0.183849E+03   0.701454E+03   0.222210E+01   0.398263E+02   0.200000E+02   0.768078E-01  -0.999900E+04  -0.999900E+04  -0.999900E+04  -0.999900E+04   0.481842E+00  -0.999900E+04  -0.999900E+04  -0.999900E+04  -0.999900E+04
   0.200000E+01   0.300000E+01   0.323750E+05   0.259200E+06   0.200000E+01   0.300000E+01   0.323750E+05   0.259200E+06   0.184131E+03  -0.999900E+04  -0.999900E+04  -0.999900E+04  -0.999900E+04   0.184131E+03  -0.999900E+04  -0.999900E+04  -0.999900E+04  -0.999900E+04   0.184103E+03   0.702292E+03   0.217761E+01   0.403395E+02   0.200000E+02   0.274811E-01  -0.999900E+04  -0.999900E+04  -0.999900E+04  -0.999900E+04   0.172398E+00  -0.999900E+04  -0.999900E+04  -0.999900E+04  -0.999900E+04
   0.200000E+01   0.300000E+01   0.325000E+05   0.259200E+06   0.200000E+01   0.300000E+01   0.325000E+05   0.259200E+06   0.184208E+03  -0.999900E+04  -0.999900E+04  -0.999900E+04  -0.999900E+04   0.184208E+03  -0.999900E+04  -0.999900E+04  -0.999900E+04  -0.999900E+04   0.184266E+03   0.702773E+03   0.171716E+01   0.405961E+02   0.200000E+02  -0.578438E-01  -0.999900E+04  -0.999900E+04  -0.999900E+04  -0.999900E+04  -0.362874E+00  -0.999900E+04  -0.999900E+04  -0.999900E+04  -0.999900E+04
   0.200000E+01   0.300000E+01   0.326250E+05   0.259200E+06   0.200000E+01   0.300000E+01   0.326250E+05   0.259200E+06   0.184345E+03  -0.999900E+04  -0.999900E+04  -0.999900E+04  -0.999900E+04   0.184345E+03  -0.999900E+04  -0.999900E+04  -0.999900E+04  -0.999900E+04   0.184289E+03   0.703282E+03   0.192009E+01   0.408526E+02   0.200000E+02   0.558596E-01  -0.999900E+04  -0.999900E+04  -0.999900E+04  -0.999900E+04   0.350426E+00  -0.999900E+04  -0.999900E+04  -0.999900E+04  -0.999900E+04
   0.200000E+01   0.300000E+01   0.327500E+05   0.259200E+06   0.200000E+01   0.300000E+01   0.327500E+05   0.259200E+06   0.184560E+03  -0.999900E+04  -0.999900E+04  -0.999900E+04  -0.999900E+04   0.184560E+03  -0.999900E+04  -0.999900E+04  -0.999900E+04  -0.999900E+04   0.184356E+03   0.703814E+03   0.203747E+01   0.411092E+02   0.200000E+02   0.204006E+00  -0.999900E+04  -0.999900E+04  -0.999900E+04  -0.999900E+04   0.127980E+01  -0.999900E+04  -0.999900E+04  -0.999900E+04  -0.999900E+04
   0.200000E+01   0.300000E+01   0.331250E+05   0.259200E+06   0.200000E+01   0.300000E+01   0.331250E+05   0.259200E+06   0.184730E+03  -0.999900E+04  -0.999900E+04  -0.999900E+04  -0.999900E+04   0.184730E+03  -0.999900E+04  -0.999900E+04  -0.999900E+04  -0.999900E+04   0.184614E+03   0.705629E+03   0.194588E+01   0.416224E+02   0.200000E+02   0.115334E+00  -0.999900E+04  -0.999900E+04  -0.999900E+04  -0.999900E+04   0.723528E+00  -0.999900E+04  -0.999900E+04  -0.999900E+04  -0.999900E+04
   0.200000E+01   0.300000E+01   0.333000E+05   0.259200E+06   0.200000E+01   0.300000E+01   0.333000E+05   0.259200E+06   0.184773E+03  -0.999900E+04  -0.999900E+04  -0.999900E+04  -0.999900E+04   0.184773E+03  -0.999900E+04  -0.999900E+04  -0.999900E+04  -0.999900E+04   0.184707E+03   0.706344E+03   0.226417E+01   0.418790E+02   0.200000E+02   0.660587E-01  -0.999900E+04  -0.999900E+04  -0.999900E+04  -0.999900E+04   0.414409E+00  -0.999900E+04  -0.999900E+04  -0.999900E+04  -0.999900E+04
   0.200000E+01   0.300000E+01   0.334000E+05   0.259200E+06   0.200000E+01   0.300000E+01   0.334000E+05   0.259200E+06   0.184860E+03  -0.999900E+04  -0.999900E+04  -0.999900E+04  -0.999900E+04   0.184860E+03  -0.999900E+04  -0.999900E+04  -0.999900E+04  -0.999900E+04   0.184814E+03   0.706721E+03   0.216836E+01   0.421355E+02   0.200000E+02   0.458809E-01  -0.999900E+04  -0.999900E+04  -0.999900E+04  -0.999900E+04   0.287827E+00  -0.999900E+04  -0.999900E+04  -0.999900E+04  -0.999900E+04
   0.200000E+01   0.300000E+01   0.336250E+05   0.259200E+06   0.200000E+01   0.300000E+01   0.336250E+05   0.259200E+06   0.184994E+03  -0.999900E+04  -0.999900E+04  -0.999900E+04  -0.999900E+04   0.184994E+03  -0.999900E+04  -0.999900E+04  -0.999900E+04  -0.999900E+04   0.184978E+03   0.707574E+03   0.212465E+01   0.426487E+02   0.200000E+02   0.155064E-01  -0.999900E+04  -0.999900E+04  -0.999900E+04  -0.999900E+04   0.972773E-01  -0.999900E+04  -0.999900E+04  -0.999900E+04  -0.999900E+04
   0.200000E+01   0.300000E+01   0.337500E+05   0.259200E+06   0.200000E+01   0.300000E+01   0.337500E+05   0.259200E+06   0.185105E+03  -0.999900E+04  -0.999900E+04  -0.999900E+04  -0.999900E+04   0.185105E+03  -0.999900E+04  -0.999900E+04  -0.999900E+04  -0.999900E+04   0.185031E+03   0.708066E+03   0.236447E+01   0.426487E+02   0.200000E+02   0.737789E-01  -0.999900E+04  -0.999900E+04  -0.999900E+04  -0.999900E+04   0.462840E+00  -0.999900E+04  -0.999900E+04  -0.999900E+04  -0.999900E+04
   0.200000E+01   0.300000E+01   0.338750E+05   0.259200E+06   0.200000E+01   0.300000E+01   0.338750E+05   0.259200E+06   0.185220E+03  -0.999900E+04  -0.999900E+04  -0.999900E+04  -0.999900E+04   0.185220E+03  -0.999900E+04  -0.999900E+04  -0.999900E+04  -0.999900E+04   0.185118E+03   0.708560E+03   0.264498E+01   0.429053E+02   0.200000E+02   0.102082E+00  -0.999900E+04  -0.999900E+04  -0.999900E+04  -0.999900E+04   0.640394E+00  -0.999900E+04  -0.999900E+04  -0.999900E+04  -0.999900E+04
   0.200000E+01   0.300000E+01   0.342000E+05   0.259200E+06   0.200000E+01   0.300000E+01   0.342000E+05   0.259200E+06   0.185304E+03  -0.999900E+04  -0.999900E+04  -0.999900E+04  -0.999900E+04   0.185304E+03  -0.999900E+04  -0.999900E+04  -0.999900E+04  -0.999900E+04   0.185626E+03   0.709660E+03   0.205902E+01   0.434185E+02   0.200000E+02  -0.322568E+00  -0.999900E+04  -0.999900E+04  -0.999900E+04  -0.999900E+04  -0.202358E+01  -0.999900E+04  -0.999900E+04  -0.999900E+04  -0.999900E+04
   0.200000E+01   0.300000E+01   0.342500E+05   0.259200E+06   0.200000E+01   0.300000E+01   0.342500E+05   0.259200E+06   0.185312E+03  -0.999900E+04  -0.999900E+04  -0.999900E+04  -0.999900E+04   0.185312E+03  -0.999900E+04  -0.999900E+04  -0.999900E+04  -0.999900E+04   0.185660E+03   0.709796E+03   0.200289E+01   0.436750E+02   0.200000E+02  -0.348472E+00  -0.999900E+04  -0.999900E+04  -0.999900E+04  -0.999900E+04  -0.218608E+01  -0.999900E+04  -0.999900E+04  -0.999900E+04  -0.999900E+04
   0.200000E+01   0.300000E+01   0.343500E+05   0.259200E+06   0.200000E+01   0.300000E+01   0.343500E+05   0.259200E+06   0.185424E+03  -0.999900E+04  -0.999900E+04  -0.999900E+04  -0.999900E+04   0.185424E+03  -0.999900E+04  -0.999900E+04  -0.999900E+04  -0.999900E+04   0.185673E+03   0.710070E+03   0.216104E+01   0.436750E+02   0.200000E+02  -0.249557E+00  -0.999900E+04  -0.999900E+04  -0.999900E+04  -0.999900E+04  -0.156556E+01  -0.999900E+04  -0.999900E+04  -0.999900E+04  -0.999900E+04
   0.200000E+01   0.300000E+01   0.344000E+05   0.259200E+06   0.200000E+01   0.300000E+01   0.344000E+05   0.259200E+06   0.185553E+03  -0.999900E+04  -0.999900E+04  -0.999900E+04  -0.999900E+04   0.185553E+03  -0.999900E+04  -0.999900E+04  -0.999900E+04  -0.999900E+04   0.185667E+03   0.710206E+03   0.231996E+01   0.439316E+02   0.200000E+02  -0.114255E+00  -0.999900E+04  -0.999900E+04  -0.999900E+04  -0.999900E+04  -0.716760E+00  -0.999900E+04  -0.999900E+04  -0.999900E+04  -0.999900E+04
   0.200000E+01   0.300000E+01   0.344500E+05   0.259200E+06   0.200000E+01   0.300000E+01   0.344500E+05   0.259200E+06   0.185589E+03  -0.999900E+04  -0.999900E+04  -0.999900E+04  -0.999900E+04   0.185589E+03  -0.999900E+04  -0.999900E+04  -0.999900E+04  -0.999900E+04   0.185671E+03   0.710338E+03   0.244774E+01   0.439316E+02   0.200000E+02  -0.819104E-01  -0.999900E+04  -0.999900E+04  -0.999900E+04  -0.999900E+04  -0.513852E+00  -0.999900E+04  -0.999900E+04  -0.999900E+04  -0.999900E+04
   0.200000E+01   0.200000E+01   0.346250E+05   0.259200E+06   0.200000E+01   0.200000E+01   0.346250E+05   0.259200E+06   0.185713E+03  -0.999900E+04  -0.999900E+04  -0.999900E+04  -0.999900E+04   0.185713E+03  -0.999900E+04  -0.999900E+04  -0.999900E+04  -0.999900E+04   0.185812E+03   0.568886E+03   0.188414E+01   0.365492E+02   0.200000E+02  -0.993422E-01  -0.999900E+04  -0.999900E+04  -0.999900E+04  -0.999900E+04  -0.623208E+00  -0.999900E+04  -0.999900E+04  -0.999900E+04  -0.999900E+04
   0.200000E+01   0.200000E+01   0.347500E+05   0.259200E+06   0.200000E+01   0.200000E+01   0.347500E+05   0.259200E+06   0.185817E+03  -0.999900E+04  -0.999900E+04  -0.999900E+04  -0.999900E+04   0.185817E+03  -0.999900E+04  -0.999900E+04  -0.999900E+04  -0.999900E+04   0.185917E+03   0.569306E+03   0.178504E+01   0.368042E+02   0.200000E+02  -0.999957E-01  -0.999900E+04  -0.999900E+04  -0.999900E+04  -0.999900E+04  -0.627308E+00  -0.999900E+04  -0.999900E+04  -0.999900E+04  -0.999900E+04
   0.200000E+01   0.200000E+01   0.348750E+05   0.259200E+06   0.200000E+01   0.200000E+01   0.348750E+05   0.259200E+06   0.185856E+03  -0.999900E+04  -0.999900E+04  -0.999900E+04  -0.999900E+04   0.185856E+03  -0.999900E+04  -0.999900E+04  -0.999900E+04  -0.999900E+04   0.186012E+03   0.569757E+03   0.170163E+01   0.370515E+02   0.200000E+02  -0.155836E+00  -0.999900E+04  -0.999900E+04  -0.999900E+04  -0.999900E+04  -0.977611E+00  -0.999900E+04  -0.999900E+04  -0.999900E+04  -0.999900E+04
   0.200000E+01   0.200000E+01   0.350000E+05   0.259200E+06   0.200000E+01   0.200000E+01   0.350000E+05   0.259200E+06   0.185898E+03  -0.999900E+04  -0.999900E+04  -0.999900E+04  -0.999900E+04   0.185898E+03  -0.999900E+04  -0.999900E+04  -0.999900E+04  -0.999900E+04   0.186102E+03   0.570245E+03   0.155456E+01   0.372911E+02   0.200000E+02  -0.204115E+00  -0.999900E+04  -0.999900E+04  -0.999900E+04  -0.999900E+04  -0.128048E+01  -0.999900E+04  -0.999900E+04  -0.999900E+04  -0.999900E+04
   0.200000E+01   0.200000E+01   0.351000E+05   0.259200E+06   0.200000E+01   0.200000E+01   0.351000E+05   0.259200E+06   0.185956E+03  -0.999900E+04  -0.999900E+04  -0.999900E+04  -0.999900E+04   0.185956E+03  -0.999900E+04  -0.999900E+04  -0.999900E+04  -0.999900E+04   0.186152E+03   0.570651E+03   0.151678E+01   0.375229E+02   0.200000E+02  -0.196120E+00  -0.999900E+04  -0.999900E+04  -0.999900E+04  -0.999900E+04  -0.123033E+01  -0.999900E+04  -0.999900E+04  -0.999900E+04  -0.999900E+04
   0.200000E+01   0.200000E+01   0.351500E+05   0.259200E+06   0.200000E+01   0.200000E+01   0.351500E+05   0.259200E+06   0.186026E+03  -0.999900E+04  -0.999900E+04  -0.999900E+04  -0.999900E+04   0.186026E+03  -0.999900E+04  -0.999900E+04  -0.999900E+04  -0.999900E+04   0.186174E+03   0.570854E+03   0.151631E+01   0.375229E+02   0.200000E+02  -0.147345E+00  -0.999900E+04  -0.999900E+04  -0.999900E+04  -0.999900E+04  -0.924346E+00  -0.999900E+04  -0.999900E+04  -0.999900E+04  -0.999900E+04
   0.200000E+01   0.200000E+01   0.352500E+05   0.259200E+06   0.200000E+01   0.200000E+01   0.352500E+05   0.259200E+06   0.186077E+03  -0.999900E+04  -0.999900E+04  -0.999900E+04  -0.999900E+04   0.186077E+03  -0.999900E+04  -0.999900E+04  -0.999900E+04  -0.999900E+04   0.186207E+03   0.571236E+03   0.156599E+01   0.377471E+02   0.200000E+02  -0.130745E+00  -0.999900E+04  -0.999900E+04  -0.999900E+04  -0.999900E+04  -0.820208E+00  -0.999900E+04  -0.999900E+04  -0.999900E+04  -0.999900E+04
   0.200000E+01   0.200000E+01   0.353000E+05   0.259200E+06   0.200000E+01   0.200000E+01   0.353000E+05   0.259200E+06   0.186117E+03  -0.999900E+04  -0.999900E+04  -0.999900E+04  -0.999900E+04   0.186117E+03  -0.999900E+04  -0.999900E+04  -0.999900E+04  -0.999900E+04   0.186230E+03   0.571427E+03   0.155789E+01   0.377471E+02   0.200000E+02  -0.112545E+00  -0.999900E+04  -0.999900E+04  -0.999900E+04  -0.999900E+04  -0.706032E+00  -0.999900E+04  -0.999900E+04  -0.999900E+04  -0.999900E+04
   0.200000E+01   0.200000E+01   0.353500E+05   0.259200E+06   0.200000E+01   0.200000E+01   0.353500E+05   0.259200E+06   0.186160E+03  -0.999900E+04  -0.999900E+04  -0.999900E+04  -0.999900E+04   0.186160E+03  -0.999900E+04  -0.999900E+04  -0.999900E+04  -0.999900E+04   0.186248E+03   0.571635E+03   0.159209E+01   0.377471E+02   0.200000E+02  -0.878452E-01  -0.999900E+04  -0.999900E+04  -0.999900E+04  -0.999900E+04  -0.551083E+00  -0.999900E+04  -0.999900E+04  -0.999900E+04  -0.999900E+04
   0.200000E+01   0.200000E+01   0.354000E+05   0.259200E+06   0.200000E+01   0.200000E+01   0.354000E+05   0.259200E+06   0.186201E+03  -0.999900E+04  -0.999900E+04  -0.999900E+04  -0.999900E+04   0.186201E+03  -0.999900E+04  -0.999900E+04  -0.999900E+04  -0.999900E+04   0.186260E+03   0.571868E+03   0.171517E+01   0.379638E+02   0.200000E+02  -0.591572E-01  -0.999900E+04  -0.999900E+04  -0.999900E+04  -0.999900E+04  -0.371113E+00  -0.999900E+04  -0.999900E+04  -0.999900E+04  -0.999900E+04
   0.200000E+01   0.200000E+01   0.354500E+05   0.259200E+06   0.200000E+01   0.200000E+01   0.354500E+05   0.259200E+06   0.186234E+03  -0.999900E+04  -0.999900E+04  -0.999900E+04  -0.999900E+04   0.186234E+03  -0.999900E+04  -0.999900E+04  -0.999900E+04  -0.999900E+04   0.186274E+03   0.572123E+03   0.190523E+01   0.379638E+02   0.200000E+02  -0.400053E-01  -0.999900E+04  -0.999900E+04  -0.999900E+04  -0.999900E+04  -0.250967E+00  -0.999900E+04  -0.999900E+04  -0.999900E+04  -0.999900E+04
   0.200000E+01   0.200000E+01   0.357500E+05   0.259200E+06   0.200000E+01   0.200000E+01   0.357500E+05   0.259200E+06   0.186538E+03  -0.999900E+04  -0.999900E+04  -0.999900E+04  -0.999900E+04   0.186538E+03  -0.999900E+04  -0.999900E+04  -0.999900E+04  -0.999900E+04   0.186669E+03   0.573581E+03   0.194215E+01   0.383745E+02   0.200000E+02  -0.131466E+00  -0.999900E+04  -0.999900E+04  -0.999900E+04  -0.999900E+04  -0.824730E+00  -0.999900E+04  -0.999900E+04  -0.999900E+04  -0.999900E+04
   0.200000E+01   0.200000E+01   0.358750E+05   0.259200E+06   0.200000E+01   0.200000E+01   0.358750E+05   0.259200E+06   0.186543E+03  -0.999900E+04  -0.999900E+04  -0.999900E+04  -0.999900E+04   0.186543E+03  -0.999900E+04  -0.999900E+04  -0.999900E+04  -0.999900E+04   0.186847E+03   0.574095E+03   0.170137E+01   0.385688E+02   0.200000E+02  -0.304217E+00  -0.999900E+04  -0.999900E+04  -0.999900E+04  -0.999900E+04  -0.190846E+01  -0.999900E+04  -0.999900E+04  -0.999900E+04  -0.999900E+04
   0.200000E+01   0.200000E+01   0.360000E+05   0.259200E+06   0.200000E+01   0.200000E+01   0.360000E+05   0.259200E+06   0.186682E+03  -0.999900E+04  -0.999900E+04  -0.999900E+04  -0.999900E+04   0.186682E+03  -0.999900E+04  -0.999900E+04  -0.999900E+04  -0.999900E+04   0.186944E+03   0.574541E+03   0.161465E+01   0.387557E+02   0.200000E+02  -0.261639E+00  -0.999900E+04  -0.999900E+04  -0.999900E+04  -0.999900E+04  -0.164135E+01  -0.999900E+04  -0.999900E+04  -0.999900E+04  -0.999900E+04
   0.200000E+01   0.200000E+01   0.361250E+05   0.259200E+06   0.200000E+01   0.200000E+01   0.361250E+05   0.259200E+06   0.186850E+03  -0.999900E+04  -0.999900E+04  -0.999900E+04  -0.999900E+04   0.186850E+03  -0.999900E+04  -0.999900E+04  -0.999900E+04  -0.999900E+04   0.187007E+03   0.574969E+03   0.167334E+01   0.389354E+02   0.200000E+02  -0.157087E+00  -0.999900E+04  -0.999900E+04  -0.999900E+04  -0.999900E+04  -0.985460E+00  -0.999900E+04  -0.999900E+04  -0.999900E+04  -0.999900E+04
   0.200000E+01   0.100000E+01   0.363000E+05   0.259200E+06   0.200000E+01   0.100000E+01   0.363000E+05   0.259200E+06   0.186929E+03  -0.999900E+04  -0.999900E+04  -0.999900E+04  -0.999900E+04   0.186929E+03  -0.999900E+04  -0.999900E+04  -0.999900E+04  -0.999900E+04   0.187109E+03   0.566532E+03   0.164159E+01   0.391083E+02   0.200000E+02  -0.180522E+00  -0.999900E+04  -0.999900E+04  -0.999900E+04  -0.999900E+04  -0.113248E+01  -0.999900E+04  -0.999900E+04  -0.999900E+04  -0.999900E+04
   0.200000E+01   0.100000E+01   0.363500E+05   0.259200E+06   0.200000E+01   0.100000E+01   0.363500E+05   0.259200E+06   0.186943E+03  -0.999900E+04  -0.999900E+04  -0.999900E+04  -0.999900E+04   0.186943E+03  -0.999900E+04  -0.999900E+04  -0.999900E+04  -0.999900E+04   0.187132E+03   0.566691E+03   0.166358E+01   0.391083E+02   0.200000E+02  -0.189278E+00  -0.999900E+04  -0.999900E+04  -0.999900E+04  -0.999900E+04  -0.118741E+01  -0.999900E+04  -0.999900E+04  -0.999900E+04  -0.999900E+04
   0.200000E+01   0.100000E+01   0.364000E+05   0.259200E+06   0.200000E+01   0.100000E+01   0.364000E+05   0.259200E+06   0.187055E+03  -0.999900E+04  -0.999900E+04  -0.999900E+04  -0.999900E+04   0.187055E+03  -0.999900E+04  -0.999900E+04  -0.999900E+04  -0.999900E+04   0.187158E+03   0.566844E+03   0.166575E+01   0.392745E+02   0.200000E+02  -0.103069E+00  -0.999900E+04  -0.999900E+04  -0.999900E+04  -0.999900E+04  -0.646588E+00  -0.999900E+04  -0.999900E+04  -0.999900E+04  -0.999900E+04
   0.200000E+01   0.100000E+01   0.364500E+05   0.259200E+06   0.200000E+01   0.100000E+01   0.364500E+05   0.259200E+06   0.187130E+03  -0.999900E+04  -0.999900E+04  -0.999900E+04  -0.999900E+04   0.187130E+03  -0.999900E+04  -0.999900E+04  -0.999900E+04  -0.999900E+04   0.187186E+03   0.566989E+03   0.163011E+01   0.392745E+02   0.200000E+02  -0.568624E-01  -0.999900E+04  -0.999900E+04  -0.999900E+04  -0.999900E+04  -0.356717E+00  -0.999900E+04  -0.999900E+04  -0.999900E+04  -0.999900E+04
   0.200000E+01   0.100000E+01   0.366250E+05   0.259200E+06   0.200000E+01   0.100000E+01   0.366250E+05   0.259200E+06   0.187233E+03  -0.999900E+04  -0.999900E+04  -0.999900E+04  -0.999900E+04   0.187233E+03  -0.999900E+04  -0.999900E+04  -0.999900E+04  -0.999900E+04   0.187256E+03   0.567497E+03   0.165885E+01   0.394336E+02   0.200000E+02  -0.227678E-01  -0.999900E+04  -0.999900E+04  -0.999900E+04  -0.999900E+04  -0.142830E+00  -0.999900E+04  -0.999900E+04  -0.999900E+04  -0.999900E+04
   0.200000E+01   0.100000E+01   0.367500E+05   0.259200E+06   0.200000E+01   0.100000E+01   0.367500E+05   0.259200E+06   0.187301E+03  -0.999900E+04  -0.999900E+04  -0.999900E+04  -0.999900E+04   0.187301E+03  -0.999900E+04  -0.999900E+04  -0.999900E+04  -0.999900E+04   0.187335E+03   0.567951E+03   0.157071E+01   0.395856E+02   0.200000E+02  -0.337083E-01  -0.999900E+04  -0.999900E+04  -0.999900E+04  -0.999900E+04  -0.211464E+00  -0.999900E+04  -0.999900E+04  -0.999900E+04  -0.999900E+04
   0.200000E+01   0.100000E+01   0.368000E+05   0.259200E+06   0.200000E+01   0.100000E+01   0.368000E+05   0.259200E+06   0.187317E+03  -0.999900E+04  -0.999900E+04  -0.999900E+04  -0.999900E+04   0.187317E+03  -0.999900E+04  -0.999900E+04  -0.999900E+04  -0.999900E+04   0.187366E+03   0.568142E+03   0.151712E+01   0.395856E+02   0.200000E+02  -0.490856E-01  -0.999900E+04  -0.999900E+04  -0.999900E+04  -0.999900E+04  -0.307931E+00  -0.999900E+04  -0.999900E+04  -0.999900E+04  -0.999900E+04
   0.200000E+01   0.100000E+01   0.368500E+05   0.259200E+06   0.200000E+01   0.100000E+01   0.368500E+05   0.259200E+06   0.187421E+03  -0.999900E+04  -0.999900E+04  -0.999900E+04  -0.999900E+04   0.187421E+03  -0.999900E+04  -0.999900E+04  -0.999900E+04  -0.999900E+04   0.187394E+03   0.568331E+03   0.147246E+01   0.397305E+02   0.200000E+02   0.273453E-01  -0.999900E+04  -0.999900E+04  -0.999900E+04  -0.999900E+04   0.171547E+00  -0.999900E+04  -0.999900E+04  -0.999900E+04  -0.999900E+04
   0.200000E+01   0.100000E+01   0.369000E+05   0.259200E+06   0.200000E+01   0.100000E+01   0.369000E+05   0.259200E+06   0.187439E+03  -0.999900E+04  -0.999900E+04  -0.999900E+04  -0.999900E+04   0.187439E+03  -0.999900E+04  -0.999900E+04  -0.999900E+04  -0.999900E+04   0.187406E+03   0.568515E+03   0.151979E+01   0.397305E+02   0.200000E+02   0.334467E-01  -0.999900E+04  -0.999900E+04  -0.999900E+04  -0.999900E+04   0.209823E+00  -0.999900E+04  -0.999900E+04  -0.999900E+04  -0.999900E+04
   0.200000E+01   0.100000E+01   0.369500E+05   0.259200E+06   0.200000E+01   0.100000E+01   0.369500E+05   0.259200E+06   0.187447E+03  -0.999900E+04  -0.999900E+04  -0.999900E+04  -0.999900E+04   0.187447E+03  -0.999900E+04  -0.999900E+04  -0.999900E+04  -0.999900E+04   0.187407E+03   0.568696E+03   0.165570E+01   0.397305E+02   0.200000E+02   0.398871E-01  -0.999900E+04  -0.999900E+04  -0.999900E+04  -0.999900E+04   0.250225E+00  -0.999900E+04  -0.999900E+04  -0.999900E+04  -0.999900E+04
   0.200000E+01   0.100000E+01   0.370500E+05   0.259200E+06   0.200000E+01   0.100000E+01   0.370500E+05   0.259200E+06   0.187493E+03  -0.999900E+04  -0.999900E+04  -0.999900E+04  -0.999900E+04   0.187493E+03  -0.999900E+04  -0.999900E+04  -0.999900E+04  -0.999900E+04   0.187452E+03   0.569051E+03   0.173568E+01   0.398686E+02   0.200000E+02   0.413804E-01  -0.999900E+04  -0.999900E+04  -0.999900E+04  -0.999900E+04   0.259594E+00  -0.999900E+04  -0.999900E+04  -0.999900E+04  -0.999900E+04
   0.200000E+01   0.100000E+01   0.371000E+05   0.259200E+06   0.200000E+01   0.100000E+01   0.371000E+05   0.259200E+06   0.187548E+03  -0.999900E+04  -0.999900E+04  -0.999900E+04  -0.999900E+04   0.187548E+03  -0.999900E+04  -0.999900E+04  -0.999900E+04  -0.999900E+04   0.187480E+03   0.569228E+03   0.175003E+01   0.398686E+02   0.200000E+02   0.683332E-01  -0.999900E+04  -0.999900E+04  -0.999900E+04  -0.999900E+04   0.428677E+00  -0.999900E+04  -0.999900E+04  -0.999900E+04  -0.999900E+04
   0.200000E+01   0.100000E+01   0.371500E+05   0.259200E+06   0.200000E+01   0.100000E+01   0.371500E+05   0.259200E+06   0.187577E+03  -0.999900E+04  -0.999900E+04  -0.999900E+04  -0.999900E+04   0.187577E+03  -0.999900E+04  -0.999900E+04  -0.999900E+04  -0.999900E+04   0.187511E+03   0.569402E+03   0.174436E+01   0.399998E+02   0.200000E+02   0.657663E-01  -0.999900E+04  -0.999900E+04  -0.999900E+04  -0.999900E+04   0.412574E+00  -0.999900E+04  -0.999900E+04  -0.999900E+04  -0.999900E+04
   0.200000E+01   0.100000E+01   0.372000E+05   0.259200E+06   0.200000E+01   0.100000E+01   0.372000E+05   0.259200E+06   0.187610E+03  -0.999900E+04  -0.999900E+04  -0.999900E+04  -0.999900E+04   0.187610E+03  -0.999900E+04  -0.999900E+04  -0.999900E+04  -0.999900E+04   0.187545E+03   0.569575E+03   0.171407E+01   0.399998E+02   0.200000E+02   0.652986E-01  -0.999900E+04  -0.999900E+04  -0.999900E+04  -0.999900E+04   0.409640E+00  -0.999900E+04  -0.999900E+04  -0.999900E+04  -0.999900E+04
   0.200000E+01   0.100000E+01   0.372500E+05   0.259200E+06   0.200000E+01   0.100000E+01   0.372500E+05   0.259200E+06   0.187590E+03  -0.999900E+04  -0.999900E+04  -0.999900E+04  -0.999900E+04   0.187590E+03  -0.999900E+04  -0.999900E+04  -0.999900E+04  -0.999900E+04   0.187576E+03   0.569745E+03   0.168481E+01   0.399998E+02   0.200000E+02   0.140112E-01  -0.999900E+04  -0.999900E+04  -0.999900E+04  -0.999900E+04   0.878973E-01  -0.999900E+04  -0.999900E+04  -0.999900E+04  -0.999900E+04
   0.200000E+01   0.100000E+01   0.373000E+05   0.259200E+06   0.200000E+01   0.100000E+01   0.373000E+05   0.259200E+06   0.187595E+03  -0.999900E+04  -0.999900E+04  -0.999900E+04  -0.999900E+04   0.187595E+03  -0.999900E+04  -0.999900E+04  -0.999900E+04  -0.999900E+04   0.187645E+03   0.569921E+03   0.135184E+01   0.401242E+02   0.200000E+02  -0.501721E-01  -0.999900E+04  -0.999900E+04  -0.999900E+04  -0.999900E+04  -0.314747E+00  -0.999900E+04  -0.999900E+04  -0.999900E+04  -0.999900E+04
   0.200000E+01   0.100000E+01   0.374000E+05   0.259200E+06   0.200000E+01   0.100000E+01   0.374000E+05   0.259200E+06   0.187602E+03  -0.999900E+04  -0.999900E+04  -0.999900E+04  -0.999900E+04   0.187602E+03  -0.999900E+04  -0.999900E+04  -0.999900E+04  -0.999900E+04   0.187722E+03   0.570312E+03   0.698246E+00   0.401242E+02   0.200000E+02  -0.119402E+00  -0.999900E+04  -0.999900E+04  -0.999900E+04  -0.999900E+04  -0.749048E+00  -0.999900E+04  -0.999900E+04  -0.999900E+04  -0.999900E+04
   0.200000E+01   0.100000E+01   0.374500E+05   0.259200E+06   0.200000E+01   0.100000E+01   0.374500E+05   0.259200E+06   0.187644E+03  -0.999900E+04  -0.999900E+04  -0.999900E+04  -0.999900E+04   0.187644E+03  -0.999900E+04  -0.999900E+04  -0.999900E+04  -0.999900E+04   0.187731E+03   0.570527E+03   0.575400E+00   0.402420E+02   0.200000E+02  -0.873570E-01  -0.999900E+04  -0.999900E+04  -0.999900E+04  -0.999900E+04  -0.548021E+00  -0.999900E+04  -0.999900E+04  -0.999900E+04  -0.999900E+04
   0.200000E+01   0.100000E+01   0.375500E+05   0.259200E+06   0.200000E+01   0.100000E+01   0.375500E+05   0.259200E+06   0.187705E+03  -0.999900E+04  -0.999900E+04  -0.999900E+04  -0.999900E+04   0.187705E+03  -0.999900E+04  -0.999900E+04  -0.999900E+04  -0.999900E+04   0.187732E+03   0.570974E+03   0.583073E+00   0.402420E+02   0.200000E+02  -0.272388E-01  -0.999900E+04  -0.999900E+04  -0.999900E+04  -0.999900E+04  -0.170878E+00  -0.999900E+04  -0.999900E+04  -0.999900E+04  -0.999900E+04
   0.200000E+01   0.100000E+01   0.376000E+05   0.259200E+06   0.200000E+01   0.100000E+01   0.376000E+05   0.259200E+06   0.187709E+03  -0.999900E+04  -0.999900E+04  -0.999900E+04  -0.999900E+04   0.187709E+03  -0.999900E+04  -0.999900E+04  -0.999900E+04  -0.999900E+04   0.187724E+03   0.571191E+03   0.728389E+00   0.403531E+02   0.200000E+02  -0.149295E-01  -0.999900E+04  -0.999900E+04  -0.999900E+04  -0.999900E+04  -0.936581E-01  -0.999900E+04  -0.999900E+04  -0.999900E+04  -0.999900E+04
   0.200000E+01   0.100000E+01   0.377000E+05   0.259200E+06   0.200000E+01   0.100000E+01   0.377000E+05   0.259200E+06   0.187737E+03  -0.999900E+04  -0.999900E+04  -0.999900E+04  -0.999900E+04   0.187737E+03  -0.999900E+04  -0.999900E+04  -0.999900E+04  -0.999900E+04   0.187654E+03   0.571594E+03   0.149680E+01   0.403531E+02   0.200000E+02   0.830830E-01  -0.999900E+04  -0.999900E+04  -0.999900E+04  -0.999900E+04   0.521208E+00  -0.999900E+04  -0.999900E+04  -0.999900E+04  -0.999900E+04
   0.200000E+01   0.100000E+01   0.377500E+05   0.259200E+06   0.200000E+01   0.100000E+01   0.377500E+05   0.259200E+06   0.187762E+03  -0.999900E+04  -0.999900E+04  -0.999900E+04  -0.999900E+04   0.187762E+03  -0.999900E+04  -0.999900E+04  -0.999900E+04  -0.999900E+04   0.187617E+03   0.571783E+03   0.187357E+01   0.404577E+02   0.200000E+02   0.145653E+00  -0.999900E+04  -0.999900E+04  -0.999900E+04  -0.999900E+04   0.913734E+00  -0.999900E+04  -0.999900E+04  -0.999900E+04  -0.999900E+04
   0.200000E+01   0.100000E+01   0.378000E+05   0.259200E+06   0.200000E+01   0.100000E+01   0.378000E+05   0.259200E+06   0.187774E+03  -0.999900E+04  -0.999900E+04  -0.999900E+04  -0.999900E+04   0.187774E+03  -0.999900E+04  -0.999900E+04  -0.999900E+04  -0.999900E+04   0.187671E+03   0.571970E+03   0.176453E+01   0.404577E+02   0.200000E+02   0.103286E+00  -0.999900E+04  -0.999900E+04  -0.999900E+04  -0.999900E+04   0.647950E+00  -0.999900E+04  -0.999900E+04  -0.999900E+04  -0.999900E+04
   0.200000E+01   0.100000E+01   0.378500E+05   0.259200E+06   0.200000E+01   0.100000E+01   0.378500E+05   0.259200E+06   0.187791E+03  -0.999900E+04  -0.999900E+04  -0.999900E+04  -0.999900E+04   0.187791E+03  -0.999900E+04  -0.999900E+04  -0.999900E+04  -0.999900E+04   0.187722E+03   0.572162E+03   0.163303E+01   0.404577E+02   0.200000E+02   0.691576E-01  -0.999900E+04  -0.999900E+04  -0.999900E+04  -0.999900E+04   0.433850E+00  -0.999900E+04  -0.999900E+04  -0.999900E+04  -0.999900E+04
   0.200000E+01   0.100000E+01   0.379000E+05   0.259200E+06   0.200000E+01   0.100000E+01   0.379000E+05   0.259200E+06   0.187794E+03  -0.999900E+04  -0.999900E+04  -0.999900E+04  -0.999900E+04   0.187794E+03  -0.999900E+04  -0.999900E+04  -0.999900E+04  -0.999900E+04   0.187754E+03   0.572359E+03   0.157903E+01   0.405558E+02   0.200000E+02   0.394581E-01  -0.999900E+04  -0.999900E+04  -0.999900E+04  -0.999900E+04   0.247534E+00  -0.999900E+04  -0.999900E+04  -0.999900E+04  -0.999900E+04
   0.200000E+01   0.100000E+01   0.380000E+05   0.259200E+06   0.200000E+01   0.100000E+01   0.380000E+05   0.259200E+06   0.187812E+03  -0.999900E+04  -0.999900E+04  -0.999900E+04  -0.999900E+04   0.187812E+03  -0.999900E+04  -0.999900E+04  -0.999900E+04  -0.999900E+04   0.187799E+03   0.572770E+03   0.160491E+01   0.405558E+02   0.200000E+02   0.138771E-01  -0.999900E+04  -0.999900E+04  -0.999900E+04  -0.999900E+04   0.870555E-01  -0.999900E+04  -0.999900E+04  -0.999900E+04  -0.999900E+04
   0.200000E+01   0.100000E+01   0.380500E+05   0.259200E+06   0.200000E+01   0.100000E+01   0.380500E+05   0.259200E+06   0.187844E+03  -0.999900E+04  -0.999900E+04  -0.999900E+04  -0.999900E+04   0.187844E+03  -0.999900E+04  -0.999900E+04  -0.999900E+04  -0.999900E+04   0.187824E+03   0.572977E+03   0.160064E+01   0.406476E+02   0.200000E+02   0.198965E-01  -0.999900E+04  -0.999900E+04  -0.999900E+04  -0.999900E+04   0.124818E+00  -0.999900E+04  -0.999900E+04  -0.999900E+04  -0.999900E+04
   0.200000E+01   0.100000E+01   0.381000E+05   0.259200E+06   0.200000E+01   0.100000E+01   0.381000E+05   0.259200E+06   0.187908E+03  -0.999900E+04  -0.999900E+04  -0.999900E+04  -0.999900E+04   0.187908E+03  -0.999900E+04  -0.999900E+04  -0.999900E+04  -0.999900E+04   0.187847E+03   0.573179E+03   0.161144E+01   0.406476E+02   0.200000E+02   0.607067E-01  -0.999900E+04  -0.999900E+04  -0.999900E+04  -0.999900E+04   0.380834E+00  -0.999900E+04  -0.999900E+04  -0.999900E+04  -0.999900E+04
   0.200000E+01   0.100000E+01   0.381500E+05   0.259200E+06   0.200000E+01   0.100000E+01   0.381500E+05   0.259200E+06   0.187981E+03  -0.999900E+04  -0.999900E+04  -0.999900E+04  -0.999900E+04   0.187981E+03  -0.999900E+04  -0.999900E+04  -0.999900E+04  -0.999900E+04   0.187871E+03   0.573377E+03   0.161330E+01   0.406476E+02   0.200000E+02   0.110049E+00  -0.999900E+04  -0.999900E+04  -0.999900E+04  -0.999900E+04   0.690374E+00  -0.999900E+04  -0.999900E+04  -0.999900E+04  -0.999900E+04
   0.200000E+01   0.100000E+01   0.382500E+05   0.259200E+06   0.200000E+01   0.100000E+01   0.382500E+05   0.259200E+06   0.187978E+03  -0.999900E+04  -0.999900E+04  -0.999900E+04  -0.999900E+04   0.187978E+03  -0.999900E+04  -0.999900E+04  -0.999900E+04  -0.999900E+04   0.187920E+03   0.573756E+03   0.158512E+01   0.407330E+02   0.200000E+02   0.578155E-01  -0.999900E+04  -0.999900E+04  -0.999900E+04  -0.999900E+04   0.362696E+00  -0.999900E+04  -0.999900E+04  -0.999900E+04  -0.999900E+04
   0.200000E+01   0.100000E+01   0.383000E+05   0.259200E+06   0.200000E+01   0.100000E+01   0.383000E+05   0.259200E+06   0.187946E+03  -0.999900E+04  -0.999900E+04  -0.999900E+04  -0.999900E+04   0.187946E+03  -0.999900E+04  -0.999900E+04  -0.999900E+04  -0.999900E+04   0.187937E+03   0.573943E+03   0.161076E+01   0.407330E+02   0.200000E+02   0.879836E-02  -0.999900E+04  -0.999900E+04  -0.999900E+04  -0.999900E+04   0.551952E-01  -0.999900E+04  -0.999900E+04  -0.999900E+04  -0.999900E+04
   0.200000E+01   0.100000E+01   0.384500E+05   0.259200E+06   0.200000E+01   0.100000E+01   0.384500E+05   0.259200E+06   0.187977E+03  -0.999900E+04  -0.999900E+04  -0.999900E+04  -0.999900E+04   0.187977E+03  -0.999900E+04  -0.999900E+04  -0.999900E+04  -0.999900E+04   0.187995E+03   0.574542E+03   0.178650E+01   0.408855E+02   0.200000E+02  -0.181240E-01  -0.999900E+04  -0.999900E+04  -0.999900E+04  -0.999900E+04  -0.113698E+00  -0.999900E+04  -0.999900E+04  -0.999900E+04  -0.999900E+04
   0.200000E+01   0.100000E+01   0.385000E+05   0.259200E+06   0.200000E+01   0.100000E+01   0.385000E+05   0.259200E+06   0.187988E+03  -0.999900E+04  -0.999900E+04  -0.999900E+04  -0.999900E+04   0.187988E+03  -0.999900E+04  -0.999900E+04  -0.999900E+04  -0.999900E+04   0.188034E+03   0.574754E+03   0.177237E+01   0.408855E+02   0.200000E+02  -0.459830E-01  -0.999900E+04  -0.999900E+04  -0.999900E+04  -0.999900E+04  -0.288467E+00  -0.999900E+04  -0.999900E+04  -0.999900E+04  -0.999900E+04
   0.200000E+01   0.100000E+01   0.390000E+05   0.259200E+06   0.200000E+01   0.100000E+01   0.390000E+05   0.259200E+06   0.188203E+03  -0.999900E+04  -0.999900E+04  -0.999900E+04  -0.999900E+04   0.188203E+03  -0.999900E+04  -0.999900E+04  -0.999900E+04  -0.999900E+04   0.188338E+03   0.576560E+03   0.160398E+01   0.410694E+02   0.200000E+02  -0.135581E+00  -0.999900E+04  -0.999900E+04  -0.999900E+04  -0.999900E+04  -0.850543E+00  -0.999900E+04  -0.999900E+04  -0.999900E+04  -0.999900E+04
   0.200000E+01   0.100000E+01   0.393000E+05   0.259200E+06   0.200000E+01   0.100000E+01   0.393000E+05   0.259200E+06   0.188342E+03  -0.999900E+04  -0.999900E+04  -0.999900E+04  -0.999900E+04   0.188342E+03  -0.999900E+04  -0.999900E+04  -0.999900E+04  -0.999900E+04   0.188449E+03   0.577507E+03   0.160042E+01   0.411631E+02   0.200000E+02  -0.106905E+00  -0.999900E+04  -0.999900E+04  -0.999900E+04  -0.999900E+04  -0.670653E+00  -0.999900E+04  -0.999900E+04  -0.999900E+04  -0.999900E+04
   0.200000E+01   0.100000E+01   0.393500E+05   0.259200E+06   0.200000E+01   0.100000E+01   0.393500E+05   0.259200E+06   0.188355E+03  -0.999900E+04  -0.999900E+04  -0.999900E+04  -0.999900E+04   0.188355E+03  -0.999900E+04  -0.999900E+04  -0.999900E+04  -0.999900E+04   0.188470E+03   0.577661E+03   0.156681E+01   0.412016E+02   0.200000E+02  -0.115644E+00  -0.999900E+04  -0.999900E+04  -0.999900E+04  -0.999900E+04  -0.725473E+00  -0.999900E+04  -0.999900E+04  -0.999900E+04  -0.999900E+04
   0.200000E+01   0.100000E+01   0.394000E+05   0.259200E+06   0.200000E+01   0.100000E+01   0.394000E+05   0.259200E+06   0.188383E+03  -0.999900E+04  -0.999900E+04  -0.999900E+04  -0.999900E+04   0.188383E+03  -0.999900E+04  -0.999900E+04  -0.999900E+04  -0.999900E+04   0.188496E+03   0.577819E+03   0.149936E+01   0.412016E+02   0.200000E+02  -0.112443E+00  -0.999900E+04  -0.999900E+04  -0.999900E+04  -0.999900E+04  -0.705392E+00  -0.999900E+04  -0.999900E+04  -0.999900E+04  -0.999900E+04
   0.200000E+01   0.100000E+01   0.394500E+05   0.259200E+06   0.200000E+01   0.100000E+01   0.394500E+05   0.259200E+06   0.188410E+03  -0.999900E+04  -0.999900E+04  -0.999900E+04  -0.999900E+04   0.188410E+03  -0.999900E+04  -0.999900E+04  -0.999900E+04  -0.999900E+04   0.188520E+03   0.577984E+03   0.142264E+01   0.412016E+02   0.200000E+02  -0.110094E+00  -0.999900E+04  -0.999900E+04  -0.999900E+04  -0.999900E+04  -0.690659E+00  -0.999900E+04  -0.999900E+04  -0.999900E+04  -0.999900E+04
   0.200000E+01   0.100000E+01   0.395950E+05   0.259200E+06   0.200000E+01   0.100000E+01   0.395950E+05   0.259200E+06   0.188530E+03  -0.999900E+04  -0.999900E+04  -0.999900E+04  -0.999900E+04   0.188530E+03  -0.999900E+04  -0.999900E+04  -0.999900E+04  -0.999900E+04   0.188564E+03   0.578494E+03   0.133757E+01   0.412346E+02   0.200000E+02  -0.346632E-01  -0.999900E+04  -0.999900E+04  -0.999900E+04  -0.999900E+04  -0.217454E+00  -0.999900E+04  -0.999900E+04  -0.999900E+04  -0.999900E+04
   0.200000E+01   0.100000E+01   0.396400E+05   0.259200E+06   0.200000E+01   0.100000E+01   0.396400E+05   0.259200E+06   0.188549E+03  -0.999900E+04  -0.999900E+04  -0.999900E+04  -0.999900E+04   0.188549E+03  -0.999900E+04  -0.999900E+04  -0.999900E+04  -0.999900E+04   0.188571E+03   0.578655E+03   0.135555E+01   0.412623E+02   0.200000E+02  -0.225806E-01  -0.999900E+04  -0.999900E+04  -0.999900E+04  -0.999900E+04  -0.141656E+00  -0.999900E+04  -0.999900E+04  -0.999900E+04  -0.999900E+04
   0.200000E+01   0.100000E+01   0.396850E+05   0.259200E+06   0.200000E+01   0.100000E+01   0.396850E+05   0.259200E+06   0.188566E+03  -0.999900E+04  -0.999900E+04  -0.999900E+04  -0.999900E+04   0.188566E+03  -0.999900E+04  -0.999900E+04  -0.999900E+04  -0.999900E+04   0.188578E+03   0.578815E+03   0.137768E+01   0.412623E+02   0.200000E+02  -0.122844E-01  -0.999900E+04  -0.999900E+04  -0.999900E+04  -0.999900E+04  -0.770643E-01  -0.999900E+04  -0.999900E+04  -0.999900E+04  -0.999900E+04
   0.200000E+01   0.100000E+01   0.397750E+05   0.259200E+06   0.200000E+01   0.100000E+01   0.397750E+05   0.259200E+06   0.188580E+03  -0.999900E+04  -0.999900E+04  -0.999900E+04  -0.999900E+04   0.188580E+03  -0.999900E+04  -0.999900E+04  -0.999900E+04  -0.999900E+04   0.188596E+03   0.579131E+03   0.139967E+01   0.412848E+02   0.200000E+02  -0.162135E-01  -0.999900E+04  -0.999900E+04  -0.999900E+04  -0.999900E+04  -0.101713E+00  -0.999900E+04  -0.999900E+04  -0.999900E+04  -0.999900E+04
   0.200000E+01   0.100000E+01   0.398200E+05   0.259200E+06   0.200000E+01   0.100000E+01   0.398200E+05   0.259200E+06   0.188578E+03  -0.999900E+04  -0.999900E+04  -0.999900E+04  -0.999900E+04   0.188578E+03  -0.999900E+04  -0.999900E+04  -0.999900E+04  -0.999900E+04   0.188608E+03   0.579287E+03   0.138977E+01   0.412848E+02   0.200000E+02  -0.295780E-01  -0.999900E+04  -0.999900E+04  -0.999900E+04  -0.999900E+04  -0.185553E+00  -0.999900E+04  -0.999900E+04  -0.999900E+04  -0.999900E+04
   0.200000E+01   0.100000E+01   0.399100E+05   0.259200E+06   0.200000E+01   0.100000E+01   0.399100E+05   0.259200E+06   0.188637E+03  -0.999900E+04  -0.999900E+04  -0.999900E+04  -0.999900E+04   0.188637E+03  -0.999900E+04  -0.999900E+04  -0.999900E+04  -0.999900E+04   0.188634E+03   0.579596E+03   0.134170E+01   0.412848E+02   0.200000E+02   0.324990E-02  -0.999900E+04  -0.999900E+04  -0.999900E+04  -0.999900E+04   0.203878E-01  -0.999900E+04  -0.999900E+04  -0.999900E+04  -0.999900E+04
   0.200000E+01   0.100000E+01   0.399550E+05   0.259200E+06   0.200000E+01   0.100000E+01   0.399550E+05   0.259200E+06   0.188667E+03  -0.999900E+04  -0.999900E+04  -0.999900E+04  -0.999900E+04   0.188667E+03  -0.999900E+04  -0.999900E+04  -0.999900E+04  -0.999900E+04   0.188645E+03   0.579750E+03   0.131939E+01   0.413021E+02   0.200000E+02   0.212227E-01  -0.999900E+04  -0.999900E+04  -0.999900E+04  -0.999900E+04   0.133137E+00  -0.999900E+04  -0.999900E+04  -0.999900E+04  -0.999900E+04
   0.200000E+01   0.100000E+01   0.400500E+05   0.259200E+06   0.200000E+01   0.100000E+01   0.400500E+05   0.259200E+06   0.188686E+03  -0.999900E+04  -0.999900E+04  -0.999900E+04  -0.999900E+04   0.188686E+03  -0.999900E+04  -0.999900E+04  -0.999900E+04  -0.999900E+04   0.188664E+03   0.580075E+03   0.131313E+01   0.413021E+02   0.200000E+02   0.226258E-01  -0.999900E+04  -0.999900E+04  -0.999900E+04  -0.999900E+04   0.141939E+00  -0.999900E+04  -0.999900E+04  -0.999900E+04  -0.999900E+04
   0.200000E+01   0.100000E+01   0.401000E+05   0.259200E+06   0.200000E+01   0.100000E+01   0.401000E+05   0.259200E+06   0.188695E+03  -0.999900E+04  -0.999900E+04  -0.999900E+04  -0.999900E+04   0.188695E+03  -0.999900E+04  -0.999900E+04  -0.999900E+04  -0.999900E+04   0.188671E+03   0.580246E+03   0.132832E+01   0.413144E+02   0.200000E+02   0.239931E-01  -0.999900E+04  -0.999900E+04  -0.999900E+04  -0.999900E+04   0.150517E+00  -0.999900E+04  -0.999900E+04  -0.999900E+04  -0.999900E+04
   0.200000E+01   0.100000E+01   0.401500E+05   0.259200E+06   0.200000E+01   0.100000E+01   0.401500E+05   0.259200E+06   0.188703E+03  -0.999900E+04  -0.999900E+04  -0.999900E+04  -0.999900E+04   0.188703E+03  -0.999900E+04  -0.999900E+04  -0.999900E+04  -0.999900E+04   0.188678E+03   0.580418E+03   0.134817E+01   0.413144E+02   0.200000E+02   0.255198E-01  -0.999900E+04  -0.999900E+04  -0.999900E+04  -0.999900E+04   0.160095E+00  -0.999900E+04  -0.999900E+04  -0.999900E+04  -0.999900E+04
   0.200000E+01   0.100000E+01   0.402500E+05   0.259200E+06   0.200000E+01   0.100000E+01   0.402500E+05   0.259200E+06   0.188712E+03  -0.999900E+04  -0.999900E+04  -0.999900E+04  -0.999900E+04   0.188712E+03  -0.999900E+04  -0.999900E+04  -0.999900E+04  -0.999900E+04   0.188694E+03   0.580764E+03   0.137700E+01   0.413218E+02   0.200000E+02   0.176878E-01  -0.999900E+04  -0.999900E+04  -0.999900E+04  -0.999900E+04   0.110961E+00  -0.999900E+04  -0.999900E+04  -0.999900E+04  -0.999900E+04
   0.200000E+01   0.100000E+01   0.403000E+05   0.259200E+06   0.200000E+01   0.100000E+01   0.403000E+05   0.259200E+06   0.188732E+03  -0.999900E+04  -0.999900E+04  -0.999900E+04  -0.999900E+04   0.188732E+03  -0.999900E+04  -0.999900E+04  -0.999900E+04  -0.999900E+04   0.188705E+03   0.580937E+03   0.137799E+01   0.413218E+02   0.200000E+02   0.271745E-01  -0.999900E+04  -0.999900E+04  -0.999900E+04  -0.999900E+04   0.170475E+00  -0.999900E+04  -0.999900E+04  -0.999900E+04  -0.999900E+04
   0.200000E+01   0.100000E+01   0.403500E+05   0.259200E+06   0.200000E+01   0.100000E+01   0.403500E+05   0.259200E+06   0.188747E+03  -0.999900E+04  -0.999900E+04  -0.999900E+04  -0.999900E+04   0.188747E+03  -0.999900E+04  -0.999900E+04  -0.999900E+04  -0.999900E+04   0.188717E+03   0.581111E+03   0.136999E+01   0.413218E+02   0.200000E+02   0.306862E-01  -0.999900E+04  -0.999900E+04  -0.999900E+04  -0.999900E+04   0.192505E+00  -0.999900E+04  -0.999900E+04  -0.999900E+04  -0.999900E+04
   0.200000E+01   0.100000E+01   0.404000E+05   0.259200E+06   0.200000E+01   0.100000E+01   0.404000E+05   0.259200E+06   0.188759E+03  -0.999900E+04  -0.999900E+04  -0.999900E+04  -0.999900E+04   0.188759E+03  -0.999900E+04  -0.999900E+04  -0.999900E+04  -0.999900E+04   0.188729E+03   0.581286E+03   0.135684E+01   0.413243E+02   0.200000E+02   0.303402E-01  -0.999900E+04  -0.999900E+04  -0.999900E+04  -0.999900E+04   0.190335E+00  -0.999900E+04  -0.999900E+04  -0.999900E+04  -0.999900E+04
   0.200000E+01   0.100000E+01   0.405000E+05   0.259200E+06   0.200000E+01   0.100000E+01   0.405000E+05   0.259200E+06   0.188783E+03  -0.999900E+04  -0.999900E+04  -0.999900E+04  -0.999900E+04   0.188783E+03  -0.999900E+04  -0.999900E+04  -0.999900E+04  -0.999900E+04   0.188751E+03   0.581637E+03   0.133660E+01   0.413243E+02   0.200000E+02   0.313030E-01  -0.999900E+04  -0.999900E+04  -0.999900E+04  -0.999900E+04   0.196374E+00  -0.999900E+04  -0.999900E+04  -0.999900E+04  -0.999900E+04
   0.200000E+01   0.100000E+01   0.406000E+05   0.259200E+06   0.200000E+01   0.100000E+01   0.406000E+05   0.259200E+06   0.188794E+03  -0.999900E+04  -0.999900E+04  -0.999900E+04  -0.999900E+04   0.188794E+03  -0.999900E+04  -0.999900E+04  -0.999900E+04  -0.999900E+04   0.188770E+03   0.581989E+03   0.134503E+01   0.413221E+02   0.200000E+02   0.241840E-01  -0.999900E+04  -0.999900E+04  -0.999900E+04  -0.999900E+04   0.151715E+00  -0.999900E+04  -0.999900E+04  -0.999900E+04  -0.999900E+04
   0.200000E+01   0.100000E+01   0.406500E+05   0.259200E+06   0.200000E+01   0.100000E+01   0.406500E+05   0.259200E+06   0.188803E+03  -0.999900E+04  -0.999900E+04  -0.999900E+04  -0.999900E+04   0.188803E+03  -0.999900E+04  -0.999900E+04  -0.999900E+04  -0.999900E+04   0.188778E+03   0.582164E+03   0.135732E+01   0.413154E+02   0.200000E+02   0.255358E-01  -0.999900E+04  -0.999900E+04  -0.999900E+04  -0.999900E+04   0.160195E+00  -0.999900E+04  -0.999900E+04  -0.999900E+04  -0.999900E+04
   0.200000E+01   0.100000E+01   0.407500E+05   0.259200E+06   0.200000E+01   0.100000E+01   0.407500E+05   0.259200E+06   0.188828E+03  -0.999900E+04  -0.999900E+04  -0.999900E+04  -0.999900E+04   0.188828E+03  -0.999900E+04  -0.999900E+04  -0.999900E+04  -0.999900E+04   0.188794E+03   0.582509E+03   0.138718E+01   0.413154E+02   0.200000E+02   0.340225E-01  -0.999900E+04  -0.999900E+04  -0.999900E+04  -0.999900E+04   0.213435E+00  -0.999900E+04  -0.999900E+04  -0.999900E+04  -0.999900E+04
   0.200000E+01   0.100000E+01   0.409000E+05   0.259200E+06   0.200000E+01   0.100000E+01   0.409000E+05   0.259200E+06   0.188871E+03  -0.999900E+04  -0.999900E+04  -0.999900E+04  -0.999900E+04   0.188871E+03  -0.999900E+04  -0.999900E+04  -0.999900E+04  -0.999900E+04   0.188821E+03   0.583015E+03   0.141924E+01   0.413041E+02   0.200000E+02   0.505229E-01  -0.999900E+04  -0.999900E+04  -0.999900E+04  -0.999900E+04   0.316948E+00  -0.999900E+04  -0.999900E+04  -0.999900E+04  -0.999900E+04
   0.200000E+01   0.100000E+01   0.410000E+05   0.259200E+06   0.200000E+01   0.100000E+01   0.410000E+05   0.259200E+06   0.188882E+03  -0.999900E+04  -0.999900E+04  -0.999900E+04  -0.999900E+04   0.188882E+03  -0.999900E+04  -0.999900E+04  -0.999900E+04  -0.999900E+04   0.188842E+03   0.583346E+03   0.142089E+01   0.412884E+02   0.200000E+02   0.404116E-01  -0.999900E+04  -0.999900E+04  -0.999900E+04  -0.999900E+04   0.253516E+00  -0.999900E+04  -0.999900E+04  -0.999900E+04  -0.999900E+04
   0.200000E+01   0.100000E+01   0.410850E+05   0.259200E+06   0.200000E+01   0.100000E+01   0.410850E+05   0.259200E+06   0.188906E+03  -0.999900E+04  -0.999900E+04  -0.999900E+04  -0.999900E+04   0.188906E+03  -0.999900E+04  -0.999900E+04  -0.999900E+04  -0.999900E+04   0.188845E+03   0.583623E+03   0.153254E+01   0.412884E+02   0.200000E+02   0.613955E-01  -0.999900E+04  -0.999900E+04  -0.999900E+04  -0.999900E+04   0.385155E+00  -0.999900E+04  -0.999900E+04  -0.999900E+04  -0.999900E+04
   0.200000E+01   0.100000E+01   0.415500E+05   0.259200E+06   0.200000E+01   0.100000E+01   0.415500E+05   0.259200E+06   0.189002E+03  -0.999900E+04  -0.999900E+04  -0.999900E+04  -0.999900E+04   0.189002E+03  -0.999900E+04  -0.999900E+04  -0.999900E+04  -0.999900E+04   0.188992E+03   0.585220E+03   0.142167E+01   0.411844E+02   0.200000E+02   0.972258E-02  -0.999900E+04  -0.999900E+04  -0.999900E+04  -0.999900E+04   0.609931E-01  -0.999900E+04  -0.999900E+04  -0.999900E+04  -0.999900E+04
   0.200000E+01   0.100000E+01   0.416000E+05   0.259200E+06   0.200000E+01   0.100000E+01   0.416000E+05   0.259200E+06   0.189002E+03  -0.999900E+04  -0.999900E+04  -0.999900E+04  -0.999900E+04   0.189002E+03  -0.999900E+04  -0.999900E+04  -0.999900E+04  -0.999900E+04   0.189004E+03   0.585412E+03   0.142875E+01   0.411844E+02   0.200000E+02  -0.182151E-02  -0.999900E+04  -0.999900E+04  -0.999900E+04  -0.999900E+04  -0.114270E-01  -0.999900E+04  -0.999900E+04  -0.999900E+04  -0.999900E+04
   0.200000E+01   0.100000E+01   0.416500E+05   0.259200E+06   0.200000E+01   0.100000E+01   0.416500E+05   0.259200E+06   0.188994E+03  -0.999900E+04  -0.999900E+04  -0.999900E+04  -0.999900E+04   0.188994E+03  -0.999900E+04  -0.999900E+04  -0.999900E+04  -0.999900E+04   0.189015E+03   0.585604E+03   0.143920E+01   0.411844E+02   0.200000E+02  -0.213604E-01  -0.999900E+04  -0.999900E+04  -0.999900E+04  -0.999900E+04  -0.134001E+00  -0.999900E+04  -0.999900E+04  -0.999900E+04  -0.999900E+04
   0.200000E+01   0.100000E+01   0.417000E+05   0.259200E+06   0.200000E+01   0.100000E+01   0.417000E+05   0.259200E+06   0.189010E+03  -0.999900E+04  -0.999900E+04  -0.999900E+04  -0.999900E+04   0.189010E+03  -0.999900E+04  -0.999900E+04  -0.999900E+04  -0.999900E+04   0.189027E+03   0.585796E+03   0.144892E+01   0.411486E+02   0.200000E+02  -0.163656E-01  -0.999900E+04  -0.999900E+04  -0.999900E+04  -0.999900E+04  -0.102667E+00  -0.999900E+04  -0.999900E+04  -0.999900E+04  -0.999900E+04
   0.200000E+01   0.100000E+01   0.418000E+05   0.259200E+06   0.200000E+01   0.100000E+01   0.418000E+05   0.259200E+06   0.189041E+03  -0.999900E+04  -0.999900E+04  -0.999900E+04  -0.999900E+04   0.189041E+03  -0.999900E+04  -0.999900E+04  -0.999900E+04  -0.999900E+04   0.189052E+03   0.586177E+03   0.145487E+01   0.411486E+02   0.200000E+02  -0.110104E-01  -0.999900E+04  -0.999900E+04  -0.999900E+04  -0.999900E+04  -0.690720E-01  -0.999900E+04  -0.999900E+04  -0.999900E+04  -0.999900E+04
   0.200000E+01   0.100000E+01   0.419000E+05   0.259200E+06   0.200000E+01   0.100000E+01   0.419000E+05   0.259200E+06   0.189053E+03  -0.999900E+04  -0.999900E+04  -0.999900E+04  -0.999900E+04   0.189053E+03  -0.999900E+04  -0.999900E+04  -0.999900E+04  -0.999900E+04   0.189080E+03   0.586556E+03   0.144114E+01   0.411092E+02   0.200000E+02  -0.266272E-01  -0.999900E+04  -0.999900E+04  -0.999900E+04  -0.999900E+04  -0.167041E+00  -0.999900E+04  -0.999900E+04  -0.999900E+04  -0.999900E+04
   0.200000E+01   0.100000E+01   0.420000E+05   0.259200E+06   0.200000E+01   0.100000E+01   0.420000E+05   0.259200E+06   0.189088E+03  -0.999900E+04  -0.999900E+04  -0.999900E+04  -0.999900E+04   0.189088E+03  -0.999900E+04  -0.999900E+04  -0.999900E+04  -0.999900E+04   0.189107E+03   0.586935E+03   0.142518E+01   0.410662E+02   0.200000E+02  -0.186573E-01  -0.999900E+04  -0.999900E+04  -0.999900E+04  -0.999900E+04  -0.117044E+00  -0.999900E+04  -0.999900E+04  -0.999900E+04  -0.999900E+04
   0.200000E+01   0.100000E+01   0.422000E+05   0.259200E+06   0.200000E+01   0.100000E+01   0.422000E+05   0.259200E+06   0.189121E+03  -0.999900E+04  -0.999900E+04  -0.999900E+04  -0.999900E+04   0.189121E+03  -0.999900E+04  -0.999900E+04  -0.999900E+04  -0.999900E+04   0.189156E+03   0.587697E+03   0.141698E+01   0.410198E+02   0.200000E+02  -0.350958E-01  -0.999900E+04  -0.999900E+04  -0.999900E+04  -0.999900E+04  -0.220168E+00  -0.999900E+04  -0.999900E+04  -0.999900E+04  -0.999900E+04
   0.200000E+01   0.100000E+01   0.424000E+05   0.259200E+06   0.200000E+01   0.100000E+01   0.424000E+05   0.259200E+06   0.189159E+03  -0.999900E+04  -0.999900E+04  -0.999900E+04  -0.999900E+04   0.189159E+03  -0.999900E+04  -0.999900E+04  -0.999900E+04  -0.999900E+04   0.189204E+03   0.588467E+03   0.142098E+01   0.409700E+02   0.200000E+02  -0.452236E-01  -0.999900E+04  -0.999900E+04  -0.999900E+04  -0.999900E+04  -0.283703E+00  -0.999900E+04  -0.999900E+04  -0.999900E+04  -0.999900E+04
   0.200000E+01   0.100000E+01   0.426000E+05   0.259200E+06   0.200000E+01   0.100000E+01   0.426000E+05   0.259200E+06   0.189210E+03  -0.999900E+04  -0.999900E+04  -0.999900E+04  -0.999900E+04   0.189210E+03  -0.999900E+04  -0.999900E+04  -0.999900E+04  -0.999900E+04   0.189253E+03   0.589245E+03   0.142268E+01   0.408613E+02   0.200000E+02  -0.437180E-01  -0.999900E+04  -0.999900E+04  -0.999900E+04  -0.999900E+04  -0.274258E+00  -0.999900E+04  -0.999900E+04  -0.999900E+04  -0.999900E+04
   0.200000E+01   0.100000E+01   0.428000E+05   0.259200E+06   0.200000E+01   0.100000E+01   0.428000E+05   0.259200E+06   0.189281E+03  -0.999900E+04  -0.999900E+04  -0.999900E+04  -0.999900E+04   0.189281E+03  -0.999900E+04  -0.999900E+04  -0.999900E+04  -0.999900E+04   0.189304E+03   0.590033E+03   0.141531E+01   0.408024E+02   0.200000E+02  -0.235450E-01  -0.999900E+04  -0.999900E+04  -0.999900E+04  -0.999900E+04  -0.147706E+00  -0.999900E+04  -0.999900E+04  -0.999900E+04  -0.999900E+04
   0.200000E+01   0.100000E+01   0.429000E+05   0.259200E+06   0.200000E+01   0.100000E+01   0.429000E+05   0.259200E+06   0.189283E+03  -0.999900E+04  -0.999900E+04  -0.999900E+04  -0.999900E+04   0.189283E+03  -0.999900E+04  -0.999900E+04  -0.999900E+04  -0.999900E+04   0.189330E+03   0.590429E+03   0.140823E+01   0.407408E+02   0.200000E+02  -0.469408E-01  -0.999900E+04  -0.999900E+04  -0.999900E+04  -0.999900E+04  -0.294476E+00  -0.999900E+04  -0.999900E+04  -0.999900E+04  -0.999900E+04
   0.200000E+01   0.100000E+01   0.431000E+05   0.259200E+06   0.200000E+01   0.100000E+01   0.431000E+05   0.259200E+06   0.189340E+03  -0.999900E+04  -0.999900E+04  -0.999900E+04  -0.999900E+04   0.189340E+03  -0.999900E+04  -0.999900E+04  -0.999900E+04  -0.999900E+04   0.189379E+03   0.591225E+03   0.140421E+01   0.406766E+02   0.200000E+02  -0.394588E-01  -0.999900E+04  -0.999900E+04  -0.999900E+04  -0.999900E+04  -0.247539E+00  -0.999900E+04  -0.999900E+04  -0.999900E+04  -0.999900E+04
   0.200000E+01   0.100000E+01   0.432000E+05   0.259200E+06   0.200000E+01   0.100000E+01   0.432000E+05   0.259200E+06   0.189387E+03  -0.999900E+04  -0.999900E+04  -0.999900E+04  -0.999900E+04   0.189387E+03  -0.999900E+04  -0.999900E+04  -0.999900E+04  -0.999900E+04   0.189401E+03   0.591621E+03   0.142764E+01   0.406099E+02   0.200000E+02  -0.136653E-01  -0.999900E+04  -0.999900E+04  -0.999900E+04  -0.999900E+04  -0.857270E-01  -0.999900E+04  -0.999900E+04  -0.999900E+04  -0.999900E+04
   0.200000E+01   0.100000E+01   0.432500E+05   0.259200E+06   0.200000E+01   0.100000E+01   0.432500E+05   0.259200E+06   0.189413E+03  -0.999900E+04  -0.999900E+04  -0.999900E+04  -0.999900E+04   0.189413E+03  -0.999900E+04  -0.999900E+04  -0.999900E+04  -0.999900E+04   0.189412E+03   0.591819E+03   0.144138E+01   0.406099E+02   0.200000E+02   0.111787E-02  -0.999900E+04  -0.999900E+04  -0.999900E+04  -0.999900E+04   0.701279E-02  -0.999900E+04  -0.999900E+04  -0.999900E+04  -0.999900E+04
   0.200000E+01   0.100000E+01   0.433500E+05   0.259200E+06   0.200000E+01   0.100000E+01   0.433500E+05   0.259200E+06   0.189436E+03  -0.999900E+04  -0.999900E+04  -0.999900E+04  -0.999900E+04   0.189436E+03  -0.999900E+04  -0.999900E+04  -0.999900E+04  -0.999900E+04   0.189435E+03   0.592212E+03   0.146443E+01   0.405408E+02   0.200000E+02   0.314160E-03  -0.999900E+04  -0.999900E+04  -0.999900E+04  -0.999900E+04   0.197083E-02  -0.999900E+04  -0.999900E+04  -0.999900E+04  -0.999900E+04
   0.200000E+01   0.100000E+01   0.436000E+05   0.259200E+06   0.200000E+01   0.100000E+01   0.436000E+05   0.259200E+06   0.189477E+03  -0.999900E+04  -0.999900E+04  -0.999900E+04  -0.999900E+04   0.189477E+03  -0.999900E+04  -0.999900E+04  -0.999900E+04  -0.999900E+04   0.189513E+03   0.593193E+03   0.140819E+01   0.403960E+02   0.200000E+02  -0.358615E-01  -0.999900E+04  -0.999900E+04  -0.999900E+04  -0.999900E+04  -0.224972E+00  -0.999900E+04  -0.999900E+04  -0.999900E+04  -0.999900E+04
   0.200000E+01   0.100000E+01   0.436500E+05   0.259200E+06   0.200000E+01   0.100000E+01   0.436500E+05   0.259200E+06   0.189514E+03  -0.999900E+04  -0.999900E+04  -0.999900E+04  -0.999900E+04   0.189514E+03  -0.999900E+04  -0.999900E+04  -0.999900E+04  -0.999900E+04   0.189532E+03   0.593391E+03   0.130112E+01   0.403960E+02   0.200000E+02  -0.177519E-01  -0.999900E+04  -0.999900E+04  -0.999900E+04  -0.999900E+04  -0.111364E+00  -0.999900E+04  -0.999900E+04  -0.999900E+04  -0.999900E+04
   0.200000E+01   0.100000E+01   0.437000E+05   0.259200E+06   0.200000E+01   0.100000E+01   0.437000E+05   0.259200E+06   0.189532E+03  -0.999900E+04  -0.999900E+04  -0.999900E+04  -0.999900E+04   0.189532E+03  -0.999900E+04  -0.999900E+04  -0.999900E+04  -0.999900E+04   0.189549E+03   0.593591E+03   0.126576E+01   0.403960E+02   0.200000E+02  -0.176859E-01  -0.999900E+04  -0.999900E+04  -0.999900E+04  -0.999900E+04  -0.110950E+00  -0.999900E+04  -0.999900E+04  -0.999900E+04  -0.999900E+04
   0.200000E+01   0.100000E+01   0.437500E+05   0.259200E+06   0.200000E+01   0.100000E+01   0.437500E+05   0.259200E+06   0.189545E+03  -0.999900E+04  -0.999900E+04  -0.999900E+04  -0.999900E+04   0.189545E+03  -0.999900E+04  -0.999900E+04  -0.999900E+04  -0.999900E+04   0.189564E+03   0.593793E+03   0.123356E+01   0.403206E+02   0.200000E+02  -0.189548E-01  -0.999900E+04  -0.999900E+04  -0.999900E+04  -0.999900E+04  -0.118910E+00  -0.999900E+04  -0.999900E+04  -0.999900E+04  -0.999900E+04
   0.200000E+01   0.100000E+01   0.438500E+05   0.259200E+06   0.200000E+01   0.100000E+01   0.438500E+05   0.259200E+06   0.189573E+03  -0.999900E+04  -0.999900E+04  -0.999900E+04  -0.999900E+04   0.189573E+03  -0.999900E+04  -0.999900E+04  -0.999900E+04  -0.999900E+04   0.189588E+03   0.594204E+03   0.118570E+01   0.403206E+02   0.200000E+02  -0.152737E-01  -0.999900E+04  -0.999900E+04  -0.999900E+04  -0.999900E+04  -0.958174E-01  -0.999900E+04  -0.999900E+04  -0.999900E+04  -0.999900E+04
   0.200000E+01   0.100000E+01   0.440000E+05   0.259200E+06   0.200000E+01   0.100000E+01   0.440000E+05   0.259200E+06   0.189618E+03  -0.999900E+04  -0.999900E+04  -0.999900E+04  -0.999900E+04   0.189618E+03  -0.999900E+04  -0.999900E+04  -0.999900E+04  -0.999900E+04   0.189615E+03   0.594833E+03   0.115349E+01   0.402434E+02   0.200000E+02   0.271304E-02  -0.999900E+04  -0.999900E+04  -0.999900E+04  -0.999900E+04   0.170198E-01  -0.999900E+04  -0.999900E+04  -0.999900E+04  -0.999900E+04
   0.200000E+01   0.100000E+01   0.443200E+05   0.259200E+06   0.200000E+01   0.100000E+01   0.443200E+05   0.259200E+06   0.189748E+03  -0.999900E+04  -0.999900E+04  -0.999900E+04  -0.999900E+04   0.189748E+03  -0.999900E+04  -0.999900E+04  -0.999900E+04  -0.999900E+04   0.189629E+03   0.596177E+03   0.167463E+01   0.400024E+02   0.200000E+02   0.119295E+00  -0.999900E+04  -0.999900E+04  -0.999900E+04  -0.999900E+04   0.748381E+00  -0.999900E+04  -0.999900E+04  -0.999900E+04  -0.999900E+04
   0.200000E+01   0.100000E+01   0.444800E+05   0.259200E+06   0.200000E+01   0.100000E+01   0.444800E+05   0.259200E+06   0.189766E+03  -0.999900E+04  -0.999900E+04  -0.999900E+04  -0.999900E+04   0.189766E+03  -0.999900E+04  -0.999900E+04  -0.999900E+04  -0.999900E+04   0.189689E+03   0.596827E+03   0.186929E+01   0.399194E+02   0.200000E+02   0.761384E-01  -0.999900E+04  -0.999900E+04  -0.999900E+04  -0.999900E+04   0.477643E+00  -0.999900E+04  -0.999900E+04  -0.999900E+04  -0.999900E+04
   0.200000E+01   0.100000E+01   0.451200E+05   0.259200E+06   0.200000E+01   0.100000E+01   0.451200E+05   0.259200E+06   0.189936E+03  -0.999900E+04  -0.999900E+04  -0.999900E+04  -0.999900E+04   0.189936E+03  -0.999900E+04  -0.999900E+04  -0.999900E+04  -0.999900E+04   0.190008E+03   0.599356E+03   0.129681E+01   0.395782E+02   0.200000E+02  -0.727771E-01  -0.999900E+04  -0.999900E+04  -0.999900E+04  -0.999900E+04  -0.456556E+00  -0.999900E+04  -0.999900E+04  -0.999900E+04  -0.999900E+04
   0.200000E+01   0.100000E+01   0.452150E+05   0.259200E+06   0.200000E+01   0.100000E+01   0.452150E+05   0.259200E+06   0.189952E+03  -0.999900E+04  -0.999900E+04  -0.999900E+04  -0.999900E+04   0.189952E+03  -0.999900E+04  -0.999900E+04  -0.999900E+04  -0.999900E+04   0.190027E+03   0.599720E+03   0.129709E+01   0.394914E+02   0.200000E+02  -0.746113E-01  -0.999900E+04  -0.999900E+04  -0.999900E+04  -0.999900E+04  -0.468063E+00  -0.999900E+04  -0.999900E+04  -0.999900E+04  -0.999900E+04
   0.200000E+01   0.100000E+01   0.453100E+05   0.259200E+06   0.200000E+01   0.100000E+01   0.453100E+05   0.259200E+06   0.190009E+03  -0.999900E+04  -0.999900E+04  -0.999900E+04  -0.999900E+04   0.190009E+03  -0.999900E+04  -0.999900E+04  -0.999900E+04  -0.999900E+04   0.190042E+03   0.600076E+03   0.131706E+01   0.394914E+02   0.200000E+02  -0.332685E-01  -0.999900E+04  -0.999900E+04  -0.999900E+04  -0.999900E+04  -0.208705E+00  -0.999900E+04  -0.999900E+04  -0.999900E+04  -0.999900E+04
   0.200000E+01   0.100000E+01   0.454050E+05   0.259200E+06   0.200000E+01   0.100000E+01   0.454050E+05   0.259200E+06   0.190048E+03  -0.999900E+04  -0.999900E+04  -0.999900E+04  -0.999900E+04   0.190048E+03  -0.999900E+04  -0.999900E+04  -0.999900E+04  -0.999900E+04   0.190056E+03   0.600418E+03   0.135287E+01   0.394042E+02   0.200000E+02  -0.823191E-02  -0.999900E+04  -0.999900E+04  -0.999900E+04  -0.999900E+04  -0.516416E-01  -0.999900E+04  -0.999900E+04  -0.999900E+04  -0.999900E+04
   0.200000E+01   0.100000E+01   0.455000E+05   0.259200E+06   0.200000E+01   0.100000E+01   0.455000E+05   0.259200E+06   0.190076E+03  -0.999900E+04  -0.999900E+04  -0.999900E+04  -0.999900E+04   0.190076E+03  -0.999900E+04  -0.999900E+04  -0.999900E+04  -0.999900E+04   0.190073E+03   0.600751E+03   0.137053E+01   0.393169E+02   0.200000E+02   0.284609E-02  -0.999900E+04  -0.999900E+04  -0.999900E+04  -0.999900E+04   0.178545E-01  -0.999900E+04  -0.999900E+04  -0.999900E+04  -0.999900E+04
   0.200000E+01   0.100000E+01   0.460000E+05   0.259200E+06   0.200000E+01   0.100000E+01   0.460000E+05   0.259200E+06   0.190163E+03  -0.999900E+04  -0.999900E+04  -0.999900E+04  -0.999900E+04   0.190163E+03  -0.999900E+04  -0.999900E+04  -0.999900E+04  -0.999900E+04   0.190206E+03   0.602728E+03   0.151441E+01   0.390557E+02   0.200000E+02  -0.432021E-01  -0.999900E+04  -0.999900E+04  -0.999900E+04  -0.999900E+04  -0.271022E+00  -0.999900E+04  -0.999900E+04  -0.999900E+04  -0.999900E+04
   0.200000E+01   0.100000E+01   0.460500E+05   0.259200E+06   0.200000E+01   0.100000E+01   0.460500E+05   0.259200E+06   0.190167E+03  -0.999900E+04  -0.999900E+04  -0.999900E+04  -0.999900E+04   0.190167E+03  -0.999900E+04  -0.999900E+04  -0.999900E+04  -0.999900E+04   0.190228E+03   0.602949E+03   0.150029E+01   0.390557E+02   0.200000E+02  -0.604900E-01  -0.999900E+04  -0.999900E+04  -0.999900E+04  -0.999900E+04  -0.379475E+00  -0.999900E+04  -0.999900E+04  -0.999900E+04  -0.999900E+04
   0.200000E+01   0.100000E+01   0.461000E+05   0.259200E+06   0.200000E+01   0.100000E+01   0.461000E+05   0.259200E+06   0.190174E+03  -0.999900E+04  -0.999900E+04  -0.999900E+04  -0.999900E+04   0.190174E+03  -0.999900E+04  -0.999900E+04  -0.999900E+04  -0.999900E+04   0.190250E+03   0.603168E+03   0.148188E+01   0.389694E+02   0.200000E+02  -0.751575E-01  -0.999900E+04  -0.999900E+04  -0.999900E+04  -0.999900E+04  -0.471489E+00  -0.999900E+04  -0.999900E+04  -0.999900E+04  -0.999900E+04
   0.200000E+01   0.100000E+01   0.461500E+05   0.259200E+06   0.200000E+01   0.100000E+01   0.461500E+05   0.259200E+06   0.190167E+03  -0.999900E+04  -0.999900E+04  -0.999900E+04  -0.999900E+04   0.190167E+03  -0.999900E+04  -0.999900E+04  -0.999900E+04  -0.999900E+04   0.190270E+03   0.603383E+03   0.146086E+01   0.389694E+02   0.200000E+02  -0.103609E+00  -0.999900E+04  -0.999900E+04  -0.999900E+04  -0.999900E+04  -0.649978E+00  -0.999900E+04  -0.999900E+04  -0.999900E+04  -0.999900E+04
   0.200000E+01   0.100000E+01   0.462000E+05   0.259200E+06   0.200000E+01   0.100000E+01   0.462000E+05   0.259200E+06   0.190189E+03  -0.999900E+04  -0.999900E+04  -0.999900E+04  -0.999900E+04   0.190189E+03  -0.999900E+04  -0.999900E+04  -0.999900E+04  -0.999900E+04   0.190290E+03   0.603595E+03   0.143851E+01   0.389694E+02   0.200000E+02  -0.100849E+00  -0.999900E+04  -0.999900E+04  -0.999900E+04  -0.999900E+04  -0.632661E+00  -0.999900E+04  -0.999900E+04  -0.999900E+04  -0.999900E+04
   0.200000E+01   0.100000E+01   0.462500E+05   0.259200E+06   0.200000E+01   0.100000E+01   0.462500E+05   0.259200E+06   0.190186E+03  -0.999900E+04  -0.999900E+04  -0.999900E+04  -0.999900E+04   0.190186E+03  -0.999900E+04  -0.999900E+04  -0.999900E+04  -0.999900E+04   0.190308E+03   0.603804E+03   0.141561E+01   0.388838E+02   0.200000E+02  -0.122368E+00  -0.999900E+04  -0.999900E+04  -0.999900E+04  -0.999900E+04  -0.767657E+00  -0.999900E+04  -0.999900E+04  -0.999900E+04  -0.999900E+04
   0.200000E+01   0.100000E+01   0.463000E+05   0.259200E+06   0.200000E+01   0.100000E+01   0.463000E+05   0.259200E+06   0.190186E+03  -0.999900E+04  -0.999900E+04  -0.999900E+04  -0.999900E+04   0.190186E+03  -0.999900E+04  -0.999900E+04  -0.999900E+04  -0.999900E+04   0.190325E+03   0.604009E+03   0.139292E+01   0.388838E+02   0.200000E+02  -0.138873E+00  -0.999900E+04  -0.999900E+04  -0.999900E+04  -0.999900E+04  -0.871200E+00  -0.999900E+04  -0.999900E+04  -0.999900E+04  -0.999900E+04
   0.200000E+01   0.100000E+01   0.463500E+05   0.259200E+06   0.200000E+01   0.100000E+01   0.463500E+05   0.259200E+06   0.190236E+03  -0.999900E+04  -0.999900E+04  -0.999900E+04  -0.999900E+04   0.190236E+03  -0.999900E+04  -0.999900E+04  -0.999900E+04  -0.999900E+04   0.190341E+03   0.604211E+03   0.137155E+01   0.388838E+02   0.200000E+02  -0.105103E+00  -0.999900E+04  -0.999900E+04  -0.999900E+04  -0.999900E+04  -0.659350E+00  -0.999900E+04  -0.999900E+04  -0.999900E+04  -0.999900E+04
   0.200000E+01   0.100000E+01   0.464500E+05   0.259200E+06   0.200000E+01   0.100000E+01   0.464500E+05   0.259200E+06   0.190254E+03  -0.999900E+04  -0.999900E+04  -0.999900E+04  -0.999900E+04   0.190254E+03  -0.999900E+04  -0.999900E+04  -0.999900E+04  -0.999900E+04   0.190369E+03   0.604611E+03   0.133881E+01   0.387989E+02   0.200000E+02  -0.115363E+00  -0.999900E+04  -0.999900E+04  -0.999900E+04  -0.999900E+04  -0.723710E+00  -0.999900E+04  -0.999900E+04  -0.999900E+04  -0.999900E+04
   0.200000E+01   0.100000E+01   0.465000E+05   0.259200E+06   0.200000E+01   0.100000E+01   0.465000E+05   0.259200E+06   0.190272E+03  -0.999900E+04  -0.999900E+04  -0.999900E+04  -0.999900E+04   0.190272E+03  -0.999900E+04  -0.999900E+04  -0.999900E+04  -0.999900E+04   0.190382E+03   0.604809E+03   0.133109E+01   0.387989E+02   0.200000E+02  -0.109946E+00  -0.999900E+04  -0.999900E+04  -0.999900E+04  -0.999900E+04  -0.689729E+00  -0.999900E+04  -0.999900E+04  -0.999900E+04  -0.999900E+04
   0.200000E+01   0.100000E+01   0.470000E+05   0.259200E+06   0.200000E+01   0.100000E+01   0.470000E+05   0.259200E+06   0.190443E+03  -0.999900E+04  -0.999900E+04  -0.999900E+04  -0.999900E+04   0.190443E+03  -0.999900E+04  -0.999900E+04  -0.999900E+04  -0.999900E+04   0.190495E+03   0.606798E+03   0.121142E+01   0.384714E+02   0.200000E+02  -0.527918E-01  -0.999900E+04  -0.999900E+04  -0.999900E+04  -0.999900E+04  -0.331181E+00  -0.999900E+04  -0.999900E+04  -0.999900E+04  -0.999900E+04
   0.200000E+01   0.100000E+01   0.470500E+05   0.259200E+06   0.200000E+01   0.100000E+01   0.470500E+05   0.259200E+06   0.190442E+03  -0.999900E+04  -0.999900E+04  -0.999900E+04  -0.999900E+04   0.190442E+03  -0.999900E+04  -0.999900E+04  -0.999900E+04  -0.999900E+04   0.190503E+03   0.606997E+03   0.121588E+01   0.384714E+02   0.200000E+02  -0.608907E-01  -0.999900E+04  -0.999900E+04  -0.999900E+04  -0.999900E+04  -0.381988E+00  -0.999900E+04  -0.999900E+04  -0.999900E+04  -0.999900E+04
   0.200000E+01   0.100000E+01   0.471000E+05   0.259200E+06   0.200000E+01   0.100000E+01   0.471000E+05   0.259200E+06   0.190456E+03  -0.999900E+04  -0.999900E+04  -0.999900E+04  -0.999900E+04   0.190456E+03  -0.999900E+04  -0.999900E+04  -0.999900E+04  -0.999900E+04   0.190509E+03   0.607195E+03   0.123154E+01   0.384714E+02   0.200000E+02  -0.528773E-01  -0.999900E+04  -0.999900E+04  -0.999900E+04  -0.999900E+04  -0.331718E+00  -0.999900E+04  -0.999900E+04  -0.999900E+04  -0.999900E+04
   0.200000E+01   0.100000E+01   0.471500E+05   0.259200E+06   0.200000E+01   0.100000E+01   0.471500E+05   0.259200E+06   0.190468E+03  -0.999900E+04  -0.999900E+04  -0.999900E+04  -0.999900E+04   0.190468E+03  -0.999900E+04  -0.999900E+04  -0.999900E+04  -0.999900E+04   0.190515E+03   0.607388E+03   0.125509E+01   0.383932E+02   0.200000E+02  -0.463247E-01  -0.999900E+04  -0.999900E+04  -0.999900E+04  -0.999900E+04  -0.290611E+00  -0.999900E+04  -0.999900E+04  -0.999900E+04  -0.999900E+04
   0.200000E+01   0.100000E+01   0.472500E+05   0.259200E+06   0.200000E+01   0.100000E+01   0.472500E+05   0.259200E+06   0.190528E+03  -0.999900E+04  -0.999900E+04  -0.999900E+04  -0.999900E+04   0.190528E+03  -0.999900E+04  -0.999900E+04  -0.999900E+04  -0.999900E+04   0.190525E+03   0.607755E+03   0.131215E+01   0.383170E+02   0.200000E+02   0.324343E-02  -0.999900E+04  -0.999900E+04  -0.999900E+04  -0.999900E+04   0.203472E-01  -0.999900E+04  -0.999900E+04  -0.999900E+04  -0.999900E+04
   0.200000E+01   0.100000E+01   0.473000E+05   0.259200E+06   0.200000E+01   0.100000E+01   0.473000E+05   0.259200E+06   0.190534E+03  -0.999900E+04  -0.999900E+04  -0.999900E+04  -0.999900E+04   0.190534E+03  -0.999900E+04  -0.999900E+04  -0.999900E+04  -0.999900E+04   0.190530E+03   0.607928E+03   0.133915E+01   0.383170E+02   0.200000E+02   0.319604E-02  -0.999900E+04  -0.999900E+04  -0.999900E+04  -0.999900E+04   0.200499E-01  -0.999900E+04  -0.999900E+04  -0.999900E+04  -0.999900E+04
   0.200000E+01   0.100000E+01   0.473500E+05   0.259200E+06   0.200000E+01   0.100000E+01   0.473500E+05   0.259200E+06   0.190560E+03  -0.999900E+04  -0.999900E+04  -0.999900E+04  -0.999900E+04   0.190560E+03  -0.999900E+04  -0.999900E+04  -0.999900E+04  -0.999900E+04   0.190536E+03   0.608094E+03   0.136166E+01   0.383170E+02   0.200000E+02   0.230925E-01  -0.999900E+04  -0.999900E+04  -0.999900E+04  -0.999900E+04   0.144867E+00  -0.999900E+04  -0.999900E+04  -0.999900E+04  -0.999900E+04
   0.200000E+01   0.100000E+01   0.474000E+05   0.259200E+06   0.200000E+01   0.100000E+01   0.474000E+05   0.259200E+06   0.190548E+03  -0.999900E+04  -0.999900E+04  -0.999900E+04  -0.999900E+04   0.190548E+03  -0.999900E+04  -0.999900E+04  -0.999900E+04  -0.999900E+04   0.190543E+03   0.608254E+03   0.137800E+01   0.382428E+02   0.200000E+02   0.476504E-02  -0.999900E+04  -0.999900E+04  -0.999900E+04  -0.999900E+04   0.298927E-01  -0.999900E+04  -0.999900E+04  -0.999900E+04  -0.999900E+04
   0.200000E+01   0.100000E+01   0.475000E+05   0.259200E+06   0.200000E+01   0.100000E+01   0.475000E+05   0.259200E+06   0.190569E+03  -0.999900E+04  -0.999900E+04  -0.999900E+04  -0.999900E+04   0.190569E+03  -0.999900E+04  -0.999900E+04  -0.999900E+04  -0.999900E+04   0.190560E+03   0.608562E+03   0.138886E+01   0.382428E+02   0.200000E+02   0.852615E-02  -0.999900E+04  -0.999900E+04  -0.999900E+04  -0.999900E+04   0.534875E-01  -0.999900E+04  -0.999900E+04  -0.999900E+04  -0.999900E+04
   0.200000E+01   0.100000E+01   0.475500E+05   0.259200E+06   0.200000E+01   0.100000E+01   0.475500E+05   0.259200E+06   0.190576E+03  -0.999900E+04  -0.999900E+04  -0.999900E+04  -0.999900E+04   0.190576E+03  -0.999900E+04  -0.999900E+04  -0.999900E+04  -0.999900E+04   0.190569E+03   0.608716E+03   0.138956E+01   0.381707E+02   0.200000E+02   0.667769E-02  -0.999900E+04  -0.999900E+04  -0.999900E+04  -0.999900E+04   0.418914E-01  -0.999900E+04  -0.999900E+04  -0.999900E+04  -0.999900E+04
   0.200000E+01   0.100000E+01   0.477000E+05   0.259200E+06   0.200000E+01   0.100000E+01   0.477000E+05   0.259200E+06   0.190633E+03  -0.999900E+04  -0.999900E+04  -0.999900E+04  -0.999900E+04   0.190633E+03  -0.999900E+04  -0.999900E+04  -0.999900E+04  -0.999900E+04   0.190594E+03   0.609199E+03   0.142069E+01   0.381011E+02   0.200000E+02   0.386176E-01  -0.999900E+04  -0.999900E+04  -0.999900E+04  -0.999900E+04   0.242261E+00  -0.999900E+04  -0.999900E+04  -0.999900E+04  -0.999900E+04
   0.200000E+01   0.100000E+01   0.477500E+05   0.259200E+06   0.200000E+01   0.100000E+01   0.477500E+05   0.259200E+06   0.190634E+03  -0.999900E+04  -0.999900E+04  -0.999900E+04  -0.999900E+04   0.190634E+03  -0.999900E+04  -0.999900E+04  -0.999900E+04  -0.999900E+04   0.190603E+03   0.609369E+03   0.143829E+01   0.381011E+02   0.200000E+02   0.310201E-01  -0.999900E+04  -0.999900E+04  -0.999900E+04  -0.999900E+04   0.194600E+00  -0.999900E+04  -0.999900E+04  -0.999900E+04  -0.999900E+04
   0.200000E+01   0.100000E+01   0.478000E+05   0.259200E+06   0.200000E+01   0.100000E+01   0.478000E+05   0.259200E+06   0.190624E+03  -0.999900E+04  -0.999900E+04  -0.999900E+04  -0.999900E+04   0.190624E+03  -0.999900E+04  -0.999900E+04  -0.999900E+04  -0.999900E+04   0.190612E+03   0.609542E+03   0.145769E+01   0.381011E+02   0.200000E+02   0.114732E-01  -0.999900E+04  -0.999900E+04  -0.999900E+04  -0.999900E+04   0.719756E-01  -0.999900E+04  -0.999900E+04  -0.999900E+04  -0.999900E+04
   0.200000E+01   0.100000E+01   0.478500E+05   0.259200E+06   0.200000E+01   0.100000E+01   0.478500E+05   0.259200E+06   0.190632E+03  -0.999900E+04  -0.999900E+04  -0.999900E+04  -0.999900E+04   0.190632E+03  -0.999900E+04  -0.999900E+04  -0.999900E+04  -0.999900E+04   0.190623E+03   0.609720E+03   0.147678E+01   0.380341E+02   0.200000E+02   0.921089E-02  -0.999900E+04  -0.999900E+04  -0.999900E+04  -0.999900E+04   0.577831E-01  -0.999900E+04  -0.999900E+04  -0.999900E+04  -0.999900E+04
   0.200000E+01   0.100000E+01   0.479500E+05   0.259200E+06   0.200000E+01   0.100000E+01   0.479500E+05   0.259200E+06   0.190661E+03  -0.999900E+04  -0.999900E+04  -0.999900E+04  -0.999900E+04   0.190661E+03  -0.999900E+04  -0.999900E+04  -0.999900E+04  -0.999900E+04   0.190647E+03   0.610084E+03   0.150210E+01   0.380341E+02   0.200000E+02   0.138527E-01  -0.999900E+04  -0.999900E+04  -0.999900E+04  -0.999900E+04   0.869027E-01  -0.999900E+04  -0.999900E+04  -0.999900E+04  -0.999900E+04
   0.200000E+01   0.100000E+01   0.480000E+05   0.259200E+06   0.200000E+01   0.100000E+01   0.480000E+05   0.259200E+06   0.190640E+03  -0.999900E+04  -0.999900E+04  -0.999900E+04  -0.999900E+04   0.190640E+03  -0.999900E+04  -0.999900E+04  -0.999900E+04  -0.999900E+04   0.190662E+03   0.610269E+03   0.150162E+01   0.379698E+02   0.200000E+02  -0.219772E-01  -0.999900E+04  -0.999900E+04  -0.999900E+04  -0.999900E+04  -0.137871E+00  -0.999900E+04  -0.999900E+04  -0.999900E+04  -0.999900E+04
   0.200000E+01   0.100000E+01   0.481000E+05   0.259200E+06   0.200000E+01   0.100000E+01   0.481000E+05   0.259200E+06   0.190644E+03  -0.999900E+04  -0.999900E+04  -0.999900E+04  -0.999900E+04   0.190644E+03  -0.999900E+04  -0.999900E+04  -0.999900E+04  -0.999900E+04   0.190688E+03   0.610641E+03   0.153379E+01   0.379698E+02   0.200000E+02  -0.436409E-01  -0.999900E+04  -0.999900E+04  -0.999900E+04  -0.999900E+04  -0.273774E+00  -0.999900E+04  -0.999900E+04  -0.999900E+04  -0.999900E+04
   0.200000E+01   0.100000E+01   0.481500E+05   0.259200E+06   0.200000E+01   0.100000E+01   0.481500E+05   0.259200E+06   0.190709E+03  -0.999900E+04  -0.999900E+04  -0.999900E+04  -0.999900E+04   0.190709E+03  -0.999900E+04  -0.999900E+04  -0.999900E+04  -0.999900E+04   0.190699E+03   0.610827E+03   0.157283E+01   0.379084E+02   0.200000E+02   0.104627E-01  -0.999900E+04  -0.999900E+04  -0.999900E+04  -0.999900E+04   0.656362E-01  -0.999900E+04  -0.999900E+04  -0.999900E+04  -0.999900E+04
   0.200000E+01   0.100000E+01   0.482000E+05   0.259200E+06   0.200000E+01   0.100000E+01   0.482000E+05   0.259200E+06   0.190732E+03  -0.999900E+04  -0.999900E+04  -0.999900E+04  -0.999900E+04   0.190732E+03  -0.999900E+04  -0.999900E+04  -0.999900E+04  -0.999900E+04   0.190710E+03   0.611014E+03   0.161726E+01   0.379084E+02   0.200000E+02   0.221560E-01  -0.999900E+04  -0.999900E+04  -0.999900E+04  -0.999900E+04   0.138992E+00  -0.999900E+04  -0.999900E+04  -0.999900E+04  -0.999900E+04
   0.200000E+01   0.100000E+01   0.483000E+05   0.259200E+06   0.200000E+01   0.100000E+01   0.483000E+05   0.259200E+06   0.190753E+03  -0.999900E+04  -0.999900E+04  -0.999900E+04  -0.999900E+04   0.190753E+03  -0.999900E+04  -0.999900E+04  -0.999900E+04  -0.999900E+04   0.190740E+03   0.611392E+03   0.169379E+01   0.378502E+02   0.200000E+02   0.134098E-01  -0.999900E+04  -0.999900E+04  -0.999900E+04  -0.999900E+04   0.841241E-01  -0.999900E+04  -0.999900E+04  -0.999900E+04  -0.999900E+04
   0.200000E+01   0.100000E+01   0.483500E+05   0.259200E+06   0.200000E+01   0.100000E+01   0.483500E+05   0.259200E+06   0.190767E+03  -0.999900E+04  -0.999900E+04  -0.999900E+04  -0.999900E+04   0.190767E+03  -0.999900E+04  -0.999900E+04  -0.999900E+04  -0.999900E+04   0.190760E+03   0.611584E+03   0.171559E+01   0.378502E+02   0.200000E+02   0.705454E-02  -0.999900E+04  -0.999900E+04  -0.999900E+04  -0.999900E+04   0.442556E-01  -0.999900E+04  -0.999900E+04  -0.999900E+04  -0.999900E+04
   0.200000E+01   0.100000E+01   0.484000E+05   0.259200E+06   0.200000E+01   0.100000E+01   0.484000E+05   0.259200E+06   0.190777E+03  -0.999900E+04  -0.999900E+04  -0.999900E+04  -0.999900E+04   0.190777E+03  -0.999900E+04  -0.999900E+04  -0.999900E+04  -0.999900E+04   0.190784E+03   0.611777E+03   0.172416E+01   0.378502E+02   0.200000E+02  -0.745598E-02  -0.999900E+04  -0.999900E+04  -0.999900E+04  -0.999900E+04  -0.467739E-01  -0.999900E+04  -0.999900E+04  -0.999900E+04  -0.999900E+04
   0.200000E+01   0.100000E+01   0.484500E+05   0.259200E+06   0.200000E+01   0.100000E+01   0.484500E+05   0.259200E+06   0.190787E+03  -0.999900E+04  -0.999900E+04  -0.999900E+04  -0.999900E+04   0.190787E+03  -0.999900E+04  -0.999900E+04  -0.999900E+04  -0.999900E+04   0.190811E+03   0.611972E+03   0.172101E+01   0.377953E+02   0.200000E+02  -0.242521E-01  -0.999900E+04  -0.999900E+04  -0.999900E+04  -0.999900E+04  -0.152141E+00  -0.999900E+04  -0.999900E+04  -0.999900E+04  -0.999900E+04
   0.200000E+01   0.100000E+01   0.485000E+05   0.259200E+06   0.200000E+01   0.100000E+01   0.485000E+05   0.259200E+06   0.190792E+03  -0.999900E+04  -0.999900E+04  -0.999900E+04  -0.999900E+04   0.190792E+03  -0.999900E+04  -0.999900E+04  -0.999900E+04  -0.999900E+04   0.190839E+03   0.612167E+03   0.170847E+01   0.377953E+02   0.200000E+02  -0.470350E-01  -0.999900E+04  -0.999900E+04  -0.999900E+04  -0.999900E+04  -0.295067E+00  -0.999900E+04  -0.999900E+04  -0.999900E+04  -0.999900E+04
   0.200000E+01   0.100000E+01   0.485500E+05   0.259200E+06   0.200000E+01   0.100000E+01   0.485500E+05   0.259200E+06   0.190792E+03  -0.999900E+04  -0.999900E+04  -0.999900E+04  -0.999900E+04   0.190792E+03  -0.999900E+04  -0.999900E+04  -0.999900E+04  -0.999900E+04   0.190868E+03   0.612360E+03   0.168791E+01   0.377953E+02   0.200000E+02  -0.756368E-01  -0.999900E+04  -0.999900E+04  -0.999900E+04  -0.999900E+04  -0.474496E+00  -0.999900E+04  -0.999900E+04  -0.999900E+04  -0.999900E+04
   0.200000E+01   0.100000E+01   0.486000E+05   0.259200E+06   0.200000E+01   0.100000E+01   0.486000E+05   0.259200E+06   0.190835E+03  -0.999900E+04  -0.999900E+04  -0.999900E+04  -0.999900E+04   0.190835E+03  -0.999900E+04  -0.999900E+04  -0.999900E+04  -0.999900E+04   0.190896E+03   0.612548E+03   0.166255E+01   0.377439E+02   0.200000E+02  -0.605977E-01  -0.999900E+04  -0.999900E+04  -0.999900E+04  -0.999900E+04  -0.380150E+00  -0.999900E+04  -0.999900E+04  -0.999900E+04  -0.999900E+04
   0.200000E+01   0.100000E+01   0.486500E+05   0.259200E+06   0.200000E+01   0.100000E+01   0.486500E+05   0.259200E+06   0.190858E+03  -0.999900E+04  -0.999900E+04  -0.999900E+04  -0.999900E+04   0.190858E+03  -0.999900E+04  -0.999900E+04  -0.999900E+04  -0.999900E+04   0.190922E+03   0.612731E+03   0.163671E+01   0.377439E+02   0.200000E+02  -0.636039E-01  -0.999900E+04  -0.999900E+04  -0.999900E+04  -0.999900E+04  -0.399009E+00  -0.999900E+04  -0.999900E+04  -0.999900E+04  -0.999900E+04
   0.200000E+01   0.100000E+01   0.487000E+05   0.259200E+06   0.200000E+01   0.100000E+01   0.487000E+05   0.259200E+06   0.190864E+03  -0.999900E+04  -0.999900E+04  -0.999900E+04  -0.999900E+04   0.190864E+03  -0.999900E+04  -0.999900E+04  -0.999900E+04  -0.999900E+04   0.190946E+03   0.612907E+03   0.161369E+01   0.377439E+02   0.200000E+02  -0.817602E-01  -0.999900E+04  -0.999900E+04  -0.999900E+04  -0.999900E+04  -0.512910E+00  -0.999900E+04  -0.999900E+04  -0.999900E+04  -0.999900E+04
   0.200000E+01   0.100000E+01   0.487500E+05   0.259200E+06   0.200000E+01   0.100000E+01   0.487500E+05   0.259200E+06   0.190882E+03  -0.999900E+04  -0.999900E+04  -0.999900E+04  -0.999900E+04   0.190882E+03  -0.999900E+04  -0.999900E+04  -0.999900E+04  -0.999900E+04   0.190968E+03   0.613076E+03   0.159545E+01   0.376962E+02   0.200000E+02  -0.854293E-01  -0.999900E+04  -0.999900E+04  -0.999900E+04  -0.999900E+04  -0.535927E+00  -0.999900E+04  -0.999900E+04  -0.999900E+04  -0.999900E+04
   0.200000E+01   0.100000E+01   0.488000E+05   0.259200E+06   0.200000E+01   0.100000E+01   0.488000E+05   0.259200E+06   0.190886E+03  -0.999900E+04  -0.999900E+04  -0.999900E+04  -0.999900E+04   0.190886E+03  -0.999900E+04  -0.999900E+04  -0.999900E+04  -0.999900E+04   0.190987E+03   0.613237E+03   0.158258E+01   0.376962E+02   0.200000E+02  -0.100425E+00  -0.999900E+04  -0.999900E+04  -0.999900E+04  -0.999900E+04  -0.630000E+00  -0.999900E+04  -0.999900E+04  -0.999900E+04  -0.999900E+04
   0.200000E+01   0.100000E+01   0.488500E+05   0.259200E+06   0.200000E+01   0.100000E+01   0.488500E+05   0.259200E+06   0.190951E+03  -0.999900E+04  -0.999900E+04  -0.999900E+04  -0.999900E+04   0.190951E+03  -0.999900E+04  -0.999900E+04  -0.999900E+04  -0.999900E+04   0.191004E+03   0.613392E+03   0.157456E+01   0.376962E+02   0.200000E+02  -0.527825E-01  -0.999900E+04  -0.999900E+04  -0.999900E+04  -0.999900E+04  -0.331123E+00  -0.999900E+04  -0.999900E+04  -0.999900E+04  -0.999900E+04
   0.200000E+01   0.100000E+01   0.489000E+05   0.259200E+06   0.200000E+01   0.100000E+01   0.489000E+05   0.259200E+06   0.190958E+03  -0.999900E+04  -0.999900E+04  -0.999900E+04  -0.999900E+04   0.190958E+03  -0.999900E+04  -0.999900E+04  -0.999900E+04  -0.999900E+04   0.191020E+03   0.613540E+03   0.156986E+01   0.376524E+02   0.200000E+02  -0.614822E-01  -0.999900E+04  -0.999900E+04  -0.999900E+04  -0.999900E+04  -0.385699E+00  -0.999900E+04  -0.999900E+04  -0.999900E+04  -0.999900E+04
   0.200000E+01   0.100000E+01   0.489500E+05   0.259200E+06   0.200000E+01   0.100000E+01   0.489500E+05   0.259200E+06   0.190991E+03  -0.999900E+04  -0.999900E+04  -0.999900E+04  -0.999900E+04   0.190991E+03  -0.999900E+04  -0.999900E+04  -0.999900E+04  -0.999900E+04   0.191035E+03   0.613685E+03   0.156636E+01   0.376524E+02   0.200000E+02  -0.437037E-01  -0.999900E+04  -0.999900E+04  -0.999900E+04  -0.999900E+04  -0.274168E+00  -0.999900E+04  -0.999900E+04  -0.999900E+04  -0.999900E+04
   0.200000E+01   0.100000E+01   0.490500E+05   0.259200E+06   0.200000E+01   0.100000E+01   0.490500E+05   0.259200E+06   0.191022E+03  -0.999900E+04  -0.999900E+04  -0.999900E+04  -0.999900E+04   0.191022E+03  -0.999900E+04  -0.999900E+04  -0.999900E+04  -0.999900E+04   0.191068E+03   0.613978E+03   0.143552E+01   0.376126E+02   0.200000E+02  -0.455643E-01  -0.999900E+04  -0.999900E+04  -0.999900E+04  -0.999900E+04  -0.285840E+00  -0.999900E+04  -0.999900E+04  -0.999900E+04  -0.999900E+04
   0.200000E+01   0.100000E+01   0.491000E+05   0.259200E+06   0.200000E+01   0.100000E+01   0.491000E+05   0.259200E+06   0.191013E+03  -0.999900E+04  -0.999900E+04  -0.999900E+04  -0.999900E+04   0.191013E+03  -0.999900E+04  -0.999900E+04  -0.999900E+04  -0.999900E+04   0.191084E+03   0.614132E+03   0.155139E+01   0.376126E+02   0.200000E+02  -0.706334E-01  -0.999900E+04  -0.999900E+04  -0.999900E+04  -0.999900E+04  -0.443108E+00  -0.999900E+04  -0.999900E+04  -0.999900E+04  -0.999900E+04
   0.200000E+01   0.100000E+01   0.491500E+05   0.259200E+06   0.200000E+01   0.100000E+01   0.491500E+05   0.259200E+06   0.191045E+03  -0.999900E+04  -0.999900E+04  -0.999900E+04  -0.999900E+04   0.191045E+03  -0.999900E+04  -0.999900E+04  -0.999900E+04  -0.999900E+04   0.191100E+03   0.614289E+03   0.153390E+01   0.376126E+02   0.200000E+02  -0.549655E-01  -0.999900E+04  -0.999900E+04  -0.999900E+04  -0.999900E+04  -0.344817E+00  -0.999900E+04  -0.999900E+04  -0.999900E+04  -0.999900E+04
   0.200000E+01   0.100000E+01   0.492000E+05   0.259200E+06   0.200000E+01   0.100000E+01   0.492000E+05   0.259200E+06   0.191059E+03  -0.999900E+04  -0.999900E+04  -0.999900E+04  -0.999900E+04   0.191059E+03  -0.999900E+04  -0.999900E+04  -0.999900E+04  -0.999900E+04   0.191119E+03   0.614450E+03   0.149859E+01   0.375771E+02   0.200000E+02  -0.602932E-01  -0.999900E+04  -0.999900E+04  -0.999900E+04  -0.999900E+04  -0.378240E+00  -0.999900E+04  -0.999900E+04  -0.999900E+04  -0.999900E+04
   0.200000E+01   0.100000E+01   0.492500E+05   0.259200E+06   0.200000E+01   0.100000E+01   0.492500E+05   0.259200E+06   0.191072E+03  -0.999900E+04  -0.999900E+04  -0.999900E+04  -0.999900E+04   0.191072E+03  -0.999900E+04  -0.999900E+04  -0.999900E+04  -0.999900E+04   0.191140E+03   0.614616E+03   0.144852E+01   0.375771E+02   0.200000E+02  -0.677315E-01  -0.999900E+04  -0.999900E+04  -0.999900E+04  -0.999900E+04  -0.424903E+00  -0.999900E+04  -0.999900E+04  -0.999900E+04  -0.999900E+04
   0.200000E+01   0.100000E+01   0.493000E+05   0.259200E+06   0.200000E+01   0.100000E+01   0.493000E+05   0.259200E+06   0.191163E+03  -0.999900E+04  -0.999900E+04  -0.999900E+04  -0.999900E+04   0.191163E+03  -0.999900E+04  -0.999900E+04  -0.999900E+04  -0.999900E+04   0.191160E+03   0.614791E+03   0.139254E+01   0.375771E+02   0.200000E+02   0.245220E-02  -0.999900E+04  -0.999900E+04  -0.999900E+04  -0.999900E+04   0.153835E-01  -0.999900E+04  -0.999900E+04  -0.999900E+04  -0.999900E+04
   0.200000E+01   0.100000E+01   0.493500E+05   0.259200E+06   0.200000E+01   0.100000E+01   0.493500E+05   0.259200E+06   0.191154E+03  -0.999900E+04  -0.999900E+04  -0.999900E+04  -0.999900E+04   0.191154E+03  -0.999900E+04  -0.999900E+04  -0.999900E+04  -0.999900E+04   0.191179E+03   0.614974E+03   0.133973E+01   0.375461E+02   0.200000E+02  -0.247687E-01  -0.999900E+04  -0.999900E+04  -0.999900E+04  -0.999900E+04  -0.155383E+00  -0.999900E+04  -0.999900E+04  -0.999900E+04  -0.999900E+04
   0.200000E+01   0.100000E+01   0.494000E+05   0.259200E+06   0.200000E+01   0.100000E+01   0.494000E+05   0.259200E+06   0.191172E+03  -0.999900E+04  -0.999900E+04  -0.999900E+04  -0.999900E+04   0.191172E+03  -0.999900E+04  -0.999900E+04  -0.999900E+04  -0.999900E+04   0.191196E+03   0.615166E+03   0.129648E+01   0.375461E+02   0.200000E+02  -0.235771E-01  -0.999900E+04  -0.999900E+04  -0.999900E+04  -0.999900E+04  -0.147907E+00  -0.999900E+04  -0.999900E+04  -0.999900E+04  -0.999900E+04
   0.200000E+01   0.100000E+01   0.495000E+05   0.259200E+06   0.200000E+01   0.100000E+01   0.495000E+05   0.259200E+06   0.191230E+03  -0.999900E+04  -0.999900E+04  -0.999900E+04  -0.999900E+04   0.191230E+03  -0.999900E+04  -0.999900E+04  -0.999900E+04  -0.999900E+04   0.191222E+03   0.615562E+03   0.125413E+01   0.375197E+02   0.200000E+02   0.787454E-02  -0.999900E+04  -0.999900E+04  -0.999900E+04  -0.999900E+04   0.493997E-01  -0.999900E+04  -0.999900E+04  -0.999900E+04  -0.999900E+04
   0.200000E+01   0.100000E+01   0.500000E+05   0.259200E+06   0.200000E+01   0.100000E+01   0.500000E+05   0.259200E+06   0.191323E+03  -0.999900E+04  -0.999900E+04  -0.999900E+04  -0.999900E+04   0.191323E+03  -0.999900E+04  -0.999900E+04  -0.999900E+04  -0.999900E+04   0.191330E+03   0.617679E+03   0.134416E+01   0.374706E+02   0.200000E+02  -0.612036E-02  -0.999900E+04  -0.999900E+04  -0.999900E+04  -0.999900E+04  -0.383951E-01  -0.999900E+04  -0.999900E+04  -0.999900E+04  -0.999900E+04
   0.200000E+01   0.100000E+01   0.500800E+05   0.259200E+06   0.200000E+01   0.100000E+01   0.500800E+05   0.259200E+06   0.191363E+03  -0.999900E+04  -0.999900E+04  -0.999900E+04  -0.999900E+04   0.191363E+03  -0.999900E+04  -0.999900E+04  -0.999900E+04  -0.999900E+04   0.191358E+03   0.618032E+03   0.130082E+01   0.374649E+02   0.200000E+02   0.575605E-02  -0.999900E+04  -0.999900E+04  -0.999900E+04  -0.999900E+04   0.361097E-01  -0.999900E+04  -0.999900E+04  -0.999900E+04  -0.999900E+04
   0.200000E+01   0.100000E+01   0.501200E+05   0.259200E+06   0.200000E+01   0.100000E+01   0.501200E+05   0.259200E+06   0.191381E+03  -0.999900E+04  -0.999900E+04  -0.999900E+04  -0.999900E+04   0.191381E+03  -0.999900E+04  -0.999900E+04  -0.999900E+04  -0.999900E+04   0.191371E+03   0.618202E+03   0.126791E+01   0.374649E+02   0.200000E+02   0.100163E-01  -0.999900E+04  -0.999900E+04  -0.999900E+04  -0.999900E+04   0.628359E-01  -0.999900E+04  -0.999900E+04  -0.999900E+04  -0.999900E+04
   0.200000E+01   0.100000E+01   0.501600E+05   0.259200E+06   0.200000E+01   0.100000E+01   0.501600E+05   0.259200E+06   0.191402E+03  -0.999900E+04  -0.999900E+04  -0.999900E+04  -0.999900E+04   0.191402E+03  -0.999900E+04  -0.999900E+04  -0.999900E+04  -0.999900E+04   0.191384E+03   0.618367E+03   0.123781E+01   0.374649E+02   0.200000E+02   0.186635E-01  -0.999900E+04  -0.999900E+04  -0.999900E+04  -0.999900E+04   0.117083E+00  -0.999900E+04  -0.999900E+04  -0.999900E+04  -0.999900E+04
   0.200000E+01   0.100000E+01   0.502400E+05   0.259200E+06   0.200000E+01   0.100000E+01   0.502400E+05   0.259200E+06   0.191430E+03  -0.999900E+04  -0.999900E+04  -0.999900E+04  -0.999900E+04   0.191430E+03  -0.999900E+04  -0.999900E+04  -0.999900E+04  -0.999900E+04   0.191403E+03   0.618677E+03   0.119910E+01   0.374649E+02   0.200000E+02   0.276426E-01  -0.999900E+04  -0.999900E+04  -0.999900E+04  -0.999900E+04   0.173412E+00  -0.999900E+04  -0.999900E+04  -0.999900E+04  -0.999900E+04
   0.200000E+01   0.100000E+01   0.502800E+05   0.259200E+06   0.200000E+01   0.100000E+01   0.502800E+05   0.259200E+06   0.191437E+03  -0.999900E+04  -0.999900E+04  -0.999900E+04  -0.999900E+04   0.191437E+03  -0.999900E+04  -0.999900E+04  -0.999900E+04  -0.999900E+04   0.191410E+03   0.618823E+03   0.119056E+01   0.374649E+02   0.200000E+02   0.270557E-01  -0.999900E+04  -0.999900E+04  -0.999900E+04  -0.999900E+04   0.169730E+00  -0.999900E+04  -0.999900E+04  -0.999900E+04  -0.999900E+04
   0.200000E+01   0.100000E+01   0.503600E+05   0.259200E+06   0.200000E+01   0.100000E+01   0.503600E+05   0.259200E+06   0.191465E+03  -0.999900E+04  -0.999900E+04  -0.999900E+04  -0.999900E+04   0.191465E+03  -0.999900E+04  -0.999900E+04  -0.999900E+04  -0.999900E+04   0.191422E+03   0.619101E+03   0.118528E+01   0.374707E+02   0.200000E+02   0.432623E-01  -0.999900E+04  -0.999900E+04  -0.999900E+04  -0.999900E+04   0.271399E+00  -0.999900E+04  -0.999900E+04  -0.999900E+04  -0.999900E+04
   0.200000E+01   0.100000E+01   0.505000E+05   0.259200E+06   0.200000E+01   0.100000E+01   0.505000E+05   0.259200E+06   0.191497E+03  -0.999900E+04  -0.999900E+04  -0.999900E+04  -0.999900E+04   0.191497E+03  -0.999900E+04  -0.999900E+04  -0.999900E+04  -0.999900E+04   0.191443E+03   0.619598E+03   0.117978E+01   0.374827E+02   0.200000E+02   0.541951E-01  -0.999900E+04  -0.999900E+04  -0.999900E+04  -0.999900E+04   0.339985E+00  -0.999900E+04  -0.999900E+04  -0.999900E+04  -0.999900E+04
   0.200000E+01   0.100000E+01   0.510000E+05   0.259200E+06   0.200000E+01   0.100000E+01   0.510000E+05   0.259200E+06   0.191703E+03  -0.999900E+04  -0.999900E+04  -0.999900E+04  -0.999900E+04   0.191703E+03  -0.999900E+04  -0.999900E+04  -0.999900E+04  -0.999900E+04   0.191516E+03   0.621580E+03   0.132369E+01   0.375570E+02   0.200000E+02   0.187295E+00  -0.999900E+04  -0.999900E+04  -0.999900E+04  -0.999900E+04   0.117497E+01  -0.999900E+04  -0.999900E+04  -0.999900E+04  -0.999900E+04
   0.200000E+01   0.100000E+01   0.515000E+05   0.259200E+06   0.200000E+01   0.100000E+01   0.515000E+05   0.259200E+06   0.191792E+03  -0.999900E+04  -0.999900E+04  -0.999900E+04  -0.999900E+04   0.191792E+03  -0.999900E+04  -0.999900E+04  -0.999900E+04  -0.999900E+04   0.191684E+03   0.623739E+03   0.156270E+01   0.376937E+02   0.200000E+02   0.107794E+00  -0.999900E+04  -0.999900E+04  -0.999900E+04  -0.999900E+04   0.676230E+00  -0.999900E+04  -0.999900E+04  -0.999900E+04  -0.999900E+04
   0.200000E+01   0.100000E+01   0.516000E+05   0.259200E+06   0.200000E+01   0.100000E+01   0.516000E+05   0.259200E+06   0.191839E+03  -0.999900E+04  -0.999900E+04  -0.999900E+04  -0.999900E+04   0.191839E+03  -0.999900E+04  -0.999900E+04  -0.999900E+04  -0.999900E+04   0.191741E+03   0.624163E+03   0.150047E+01   0.377542E+02   0.200000E+02   0.987621E-01  -0.999900E+04  -0.999900E+04  -0.999900E+04  -0.999900E+04   0.619569E+00  -0.999900E+04  -0.999900E+04  -0.999900E+04  -0.999900E+04
   0.200000E+01   0.100000E+01   0.517500E+05   0.259200E+06   0.200000E+01   0.100000E+01   0.517500E+05   0.259200E+06   0.191885E+03  -0.999900E+04  -0.999900E+04  -0.999900E+04  -0.999900E+04   0.191885E+03  -0.999900E+04  -0.999900E+04  -0.999900E+04  -0.999900E+04   0.191810E+03   0.624761E+03   0.138962E+01   0.378224E+02   0.200000E+02   0.751687E-01  -0.999900E+04  -0.999900E+04  -0.999900E+04  -0.999900E+04   0.471559E+00  -0.999900E+04  -0.999900E+04  -0.999900E+04  -0.999900E+04
   0.200000E+01   0.100000E+01   0.519500E+05   0.259200E+06   0.200000E+01   0.100000E+01   0.519500E+05   0.259200E+06   0.191997E+03  -0.999900E+04  -0.999900E+04  -0.999900E+04  -0.999900E+04   0.191997E+03  -0.999900E+04  -0.999900E+04  -0.999900E+04  -0.999900E+04   0.191867E+03   0.625486E+03   0.132696E+01   0.379831E+02   0.200000E+02   0.130201E+00  -0.999900E+04  -0.999900E+04  -0.999900E+04  -0.999900E+04   0.816794E+00  -0.999900E+04  -0.999900E+04  -0.999900E+04  -0.999900E+04
   0.200000E+01   0.100000E+01   0.520000E+05   0.259200E+06   0.200000E+01   0.100000E+01   0.520000E+05   0.259200E+06   0.192015E+03  -0.999900E+04  -0.999900E+04  -0.999900E+04  -0.999900E+04   0.192015E+03  -0.999900E+04  -0.999900E+04  -0.999900E+04  -0.999900E+04   0.191878E+03   0.625660E+03   0.132225E+01   0.379831E+02   0.200000E+02   0.136994E+00  -0.999900E+04  -0.999900E+04  -0.999900E+04  -0.999900E+04   0.859411E+00  -0.999900E+04  -0.999900E+04  -0.999900E+04  -0.999900E+04
   0.200000E+01   0.100000E+01   0.525000E+05   0.259200E+06   0.200000E+01   0.100000E+01   0.525000E+05   0.259200E+06   0.192108E+03  -0.999900E+04  -0.999900E+04  -0.999900E+04  -0.999900E+04   0.192108E+03  -0.999900E+04  -0.999900E+04  -0.999900E+04  -0.999900E+04   0.192001E+03   0.627665E+03   0.125537E+01   0.382881E+02   0.200000E+02   0.106527E+00  -0.999900E+04  -0.999900E+04  -0.999900E+04  -0.999900E+04   0.668279E+00  -0.999900E+04  -0.999900E+04  -0.999900E+04  -0.999900E+04
   0.200000E+01   0.100000E+01   0.526000E+05   0.259200E+06   0.200000E+01   0.100000E+01   0.526000E+05   0.259200E+06   0.192117E+03  -0.999900E+04  -0.999900E+04  -0.999900E+04  -0.999900E+04   0.192117E+03  -0.999900E+04  -0.999900E+04  -0.999900E+04  -0.999900E+04   0.192023E+03   0.628102E+03   0.126887E+01   0.384078E+02   0.200000E+02   0.936372E-01  -0.999900E+04  -0.999900E+04  -0.999900E+04  -0.999900E+04   0.587418E+00  -0.999900E+04  -0.999900E+04  -0.999900E+04  -0.999900E+04
   0.200000E+01   0.100000E+01   0.526500E+05   0.259200E+06   0.200000E+01   0.100000E+01   0.526500E+05   0.259200E+06   0.192132E+03  -0.999900E+04  -0.999900E+04  -0.999900E+04  -0.999900E+04   0.192132E+03  -0.999900E+04  -0.999900E+04  -0.999900E+04  -0.999900E+04   0.192033E+03   0.628317E+03   0.128963E+01   0.384078E+02   0.200000E+02   0.998767E-01  -0.999900E+04  -0.999900E+04  -0.999900E+04  -0.999900E+04   0.626561E+00  -0.999900E+04  -0.999900E+04  -0.999900E+04  -0.999900E+04
   0.200000E+01   0.100000E+01   0.527000E+05   0.259200E+06   0.200000E+01   0.100000E+01   0.527000E+05   0.259200E+06   0.192123E+03  -0.999900E+04  -0.999900E+04  -0.999900E+04  -0.999900E+04   0.192123E+03  -0.999900E+04  -0.999900E+04  -0.999900E+04  -0.999900E+04   0.192042E+03   0.628528E+03   0.131754E+01   0.385368E+02   0.200000E+02   0.818351E-01  -0.999900E+04  -0.999900E+04  -0.999900E+04  -0.999900E+04   0.513379E+00  -0.999900E+04  -0.999900E+04  -0.999900E+04  -0.999900E+04
   0.200000E+01   0.100000E+01   0.527500E+05   0.259200E+06   0.200000E+01   0.100000E+01   0.527500E+05   0.259200E+06   0.192147E+03  -0.999900E+04  -0.999900E+04  -0.999900E+04  -0.999900E+04   0.192147E+03  -0.999900E+04  -0.999900E+04  -0.999900E+04  -0.999900E+04   0.192051E+03   0.628737E+03   0.135028E+01   0.385368E+02   0.200000E+02   0.966781E-01  -0.999900E+04  -0.999900E+04  -0.999900E+04  -0.999900E+04   0.606495E+00  -0.999900E+04  -0.999900E+04  -0.999900E+04  -0.999900E+04
   0.200000E+01   0.100000E+01   0.528000E+05   0.259200E+06   0.200000E+01   0.100000E+01   0.528000E+05   0.259200E+06   0.192148E+03  -0.999900E+04  -0.999900E+04  -0.999900E+04  -0.999900E+04   0.192148E+03  -0.999900E+04  -0.999900E+04  -0.999900E+04  -0.999900E+04   0.192060E+03   0.628942E+03   0.138619E+01   0.385368E+02   0.200000E+02   0.885008E-01  -0.999900E+04  -0.999900E+04  -0.999900E+04  -0.999900E+04   0.555196E+00  -0.999900E+04  -0.999900E+04  -0.999900E+04  -0.999900E+04
   0.200000E+01   0.100000E+01   0.529000E+05   0.259200E+06   0.200000E+01   0.100000E+01   0.529000E+05   0.259200E+06   0.192165E+03  -0.999900E+04  -0.999900E+04  -0.999900E+04  -0.999900E+04   0.192165E+03  -0.999900E+04  -0.999900E+04  -0.999900E+04  -0.999900E+04   0.192081E+03   0.629336E+03   0.145448E+01   0.386754E+02   0.200000E+02   0.845963E-01  -0.999900E+04  -0.999900E+04  -0.999900E+04  -0.999900E+04   0.530701E+00  -0.999900E+04  -0.999900E+04  -0.999900E+04  -0.999900E+04
   0.200000E+01   0.100000E+01   0.530000E+05   0.259200E+06   0.200000E+01   0.100000E+01   0.530000E+05   0.259200E+06   0.192162E+03  -0.999900E+04  -0.999900E+04  -0.999900E+04  -0.999900E+04   0.192162E+03  -0.999900E+04  -0.999900E+04  -0.999900E+04  -0.999900E+04   0.192110E+03   0.629713E+03   0.147829E+01   0.388238E+02   0.200000E+02   0.521452E-01  -0.999900E+04  -0.999900E+04  -0.999900E+04  -0.999900E+04   0.327125E+00  -0.999900E+04  -0.999900E+04  -0.999900E+04  -0.999900E+04
   0.200000E+01   0.100000E+01   0.530500E+05   0.259200E+06   0.200000E+01   0.100000E+01   0.530500E+05   0.259200E+06   0.192169E+03  -0.999900E+04  -0.999900E+04  -0.999900E+04  -0.999900E+04   0.192169E+03  -0.999900E+04  -0.999900E+04  -0.999900E+04  -0.999900E+04   0.192127E+03   0.629898E+03   0.147458E+01   0.388238E+02   0.200000E+02   0.421537E-01  -0.999900E+04  -0.999900E+04  -0.999900E+04  -0.999900E+04   0.264445E+00  -0.999900E+04  -0.999900E+04  -0.999900E+04  -0.999900E+04
   0.200000E+01   0.100000E+01   0.531000E+05   0.259200E+06   0.200000E+01   0.100000E+01   0.531000E+05   0.259200E+06   0.192162E+03  -0.999900E+04  -0.999900E+04  -0.999900E+04  -0.999900E+04   0.192162E+03  -0.999900E+04  -0.999900E+04  -0.999900E+04  -0.999900E+04   0.192142E+03   0.630083E+03   0.147863E+01   0.388238E+02   0.200000E+02   0.191134E-01  -0.999900E+04  -0.999900E+04  -0.999900E+04  -0.999900E+04   0.119905E+00  -0.999900E+04  -0.999900E+04  -0.999900E+04  -0.999900E+04
   0.200000E+01   0.100000E+01   0.531500E+05   0.259200E+06   0.200000E+01   0.100000E+01   0.531500E+05   0.259200E+06   0.192194E+03  -0.999900E+04  -0.999900E+04  -0.999900E+04  -0.999900E+04   0.192194E+03  -0.999900E+04  -0.999900E+04  -0.999900E+04  -0.999900E+04   0.192157E+03   0.630265E+03   0.148935E+01   0.389823E+02   0.200000E+02   0.367802E-01  -0.999900E+04  -0.999900E+04  -0.999900E+04  -0.999900E+04   0.230735E+00  -0.999900E+04  -0.999900E+04  -0.999900E+04  -0.999900E+04
   0.200000E+01   0.100000E+01   0.532500E+05   0.259200E+06   0.200000E+01   0.100000E+01   0.532500E+05   0.259200E+06   0.192209E+03  -0.999900E+04  -0.999900E+04  -0.999900E+04  -0.999900E+04   0.192209E+03  -0.999900E+04  -0.999900E+04  -0.999900E+04  -0.999900E+04   0.192185E+03   0.630622E+03   0.152638E+01   0.389823E+02   0.200000E+02   0.246466E-01  -0.999900E+04  -0.999900E+04  -0.999900E+04  -0.999900E+04   0.154616E+00  -0.999900E+04  -0.999900E+04  -0.999900E+04  -0.999900E+04
   0.200000E+01   0.100000E+01   0.533000E+05   0.259200E+06   0.200000E+01   0.100000E+01   0.533000E+05   0.259200E+06   0.192223E+03  -0.999900E+04  -0.999900E+04  -0.999900E+04  -0.999900E+04   0.192223E+03  -0.999900E+04  -0.999900E+04  -0.999900E+04  -0.999900E+04   0.192199E+03   0.630797E+03   0.154938E+01   0.391511E+02   0.200000E+02   0.241832E-01  -0.999900E+04  -0.999900E+04  -0.999900E+04  -0.999900E+04   0.151709E+00  -0.999900E+04  -0.999900E+04  -0.999900E+04  -0.999900E+04
   0.200000E+01   0.100000E+01   0.535000E+05   0.259200E+06   0.200000E+01   0.100000E+01   0.535000E+05   0.259200E+06   0.192332E+03  -0.999900E+04  -0.999900E+04  -0.999900E+04  -0.999900E+04   0.192332E+03  -0.999900E+04  -0.999900E+04  -0.999900E+04  -0.999900E+04   0.192265E+03   0.631477E+03   0.159739E+01   0.393304E+02   0.200000E+02   0.664022E-01  -0.999900E+04  -0.999900E+04  -0.999900E+04  -0.999900E+04   0.416564E+00  -0.999900E+04  -0.999900E+04  -0.999900E+04  -0.999900E+04
   0.200000E+01   0.100000E+01   0.536750E+05   0.259200E+06   0.200000E+01   0.100000E+01   0.536750E+05   0.259200E+06   0.192424E+03  -0.999900E+04  -0.999900E+04  -0.999900E+04  -0.999900E+04   0.192424E+03  -0.999900E+04  -0.999900E+04  -0.999900E+04  -0.999900E+04   0.192332E+03   0.632076E+03   0.159746E+01   0.395205E+02   0.200000E+02   0.919230E-01  -0.999900E+04  -0.999900E+04  -0.999900E+04  -0.999900E+04   0.576664E+00  -0.999900E+04  -0.999900E+04  -0.999900E+04  -0.999900E+04
   0.200000E+01   0.100000E+01   0.538500E+05   0.259200E+06   0.200000E+01   0.100000E+01   0.538500E+05   0.259200E+06   0.192522E+03  -0.999900E+04  -0.999900E+04  -0.999900E+04  -0.999900E+04   0.192522E+03  -0.999900E+04  -0.999900E+04  -0.999900E+04  -0.999900E+04   0.192410E+03   0.632744E+03   0.159727E+01   0.399340E+02   0.200000E+02   0.111881E+00  -0.999900E+04  -0.999900E+04  -0.999900E+04  -0.999900E+04   0.701868E+00  -0.999900E+04  -0.999900E+04  -0.999900E+04  -0.999900E+04
   0.200000E+01   0.100000E+01   0.540250E+05   0.259200E+06   0.200000E+01   0.100000E+01   0.540250E+05   0.259200E+06   0.192557E+03  -0.999900E+04  -0.999900E+04  -0.999900E+04  -0.999900E+04   0.192557E+03  -0.999900E+04  -0.999900E+04  -0.999900E+04  -0.999900E+04   0.192506E+03   0.633506E+03   0.156357E+01   0.401578E+02   0.200000E+02   0.505575E-01  -0.999900E+04  -0.999900E+04  -0.999900E+04  -0.999900E+04   0.317165E+00  -0.999900E+04  -0.999900E+04  -0.999900E+04  -0.999900E+04
   0.200000E+01   0.100000E+01   0.542000E+05   0.259200E+06   0.200000E+01   0.100000E+01   0.542000E+05   0.259200E+06   0.192647E+03  -0.999900E+04  -0.999900E+04  -0.999900E+04  -0.999900E+04   0.192647E+03  -0.999900E+04  -0.999900E+04  -0.999900E+04  -0.999900E+04   0.192607E+03   0.634310E+03   0.150723E+01   0.403934E+02   0.200000E+02   0.399138E-01  -0.999900E+04  -0.999900E+04  -0.999900E+04  -0.999900E+04   0.250393E+00  -0.999900E+04  -0.999900E+04  -0.999900E+04  -0.999900E+04
   0.200000E+01   0.100000E+01   0.542300E+05   0.259200E+06   0.200000E+01   0.100000E+01   0.542300E+05   0.259200E+06   0.192655E+03  -0.999900E+04  -0.999900E+04  -0.999900E+04  -0.999900E+04   0.192655E+03  -0.999900E+04  -0.999900E+04  -0.999900E+04  -0.999900E+04   0.192622E+03   0.634446E+03   0.150704E+01   0.403934E+02   0.200000E+02   0.322924E-01  -0.999900E+04  -0.999900E+04  -0.999900E+04  -0.999900E+04   0.202581E+00  -0.999900E+04  -0.999900E+04  -0.999900E+04  -0.999900E+04
   0.200000E+01   0.100000E+01   0.542600E+05   0.259200E+06   0.200000E+01   0.100000E+01   0.542600E+05   0.259200E+06   0.192671E+03  -0.999900E+04  -0.999900E+04  -0.999900E+04  -0.999900E+04   0.192671E+03  -0.999900E+04  -0.999900E+04  -0.999900E+04  -0.999900E+04   0.192634E+03   0.634580E+03   0.152771E+01   0.403934E+02   0.200000E+02   0.363227E-01  -0.999900E+04  -0.999900E+04  -0.999900E+04  -0.999900E+04   0.227865E+00  -0.999900E+04  -0.999900E+04  -0.999900E+04  -0.999900E+04
   0.200000E+01   0.100000E+01   0.542900E+05   0.259200E+06   0.200000E+01   0.100000E+01   0.542900E+05   0.259200E+06   0.192695E+03  -0.999900E+04  -0.999900E+04  -0.999900E+04  -0.999900E+04   0.192695E+03  -0.999900E+04  -0.999900E+04  -0.999900E+04  -0.999900E+04   0.192644E+03   0.634711E+03   0.156801E+01   0.406409E+02   0.200000E+02   0.506401E-01  -0.999900E+04  -0.999900E+04  -0.999900E+04  -0.999900E+04   0.317683E+00  -0.999900E+04  -0.999900E+04  -0.999900E+04  -0.999900E+04
   0.200000E+01   0.100000E+01   0.543500E+05   0.259200E+06   0.200000E+01   0.100000E+01   0.543500E+05   0.259200E+06   0.192700E+03  -0.999900E+04  -0.999900E+04  -0.999900E+04  -0.999900E+04   0.192700E+03  -0.999900E+04  -0.999900E+04  -0.999900E+04  -0.999900E+04   0.192658E+03   0.634966E+03   0.170270E+01   0.406409E+02   0.200000E+02   0.417342E-01  -0.999900E+04  -0.999900E+04  -0.999900E+04  -0.999900E+04   0.261813E+00  -0.999900E+04  -0.999900E+04  -0.999900E+04  -0.999900E+04
   0.200000E+01   0.100000E+01   0.544100E+05   0.259200E+06   0.200000E+01   0.100000E+01   0.544100E+05   0.259200E+06   0.192746E+03  -0.999900E+04  -0.999900E+04  -0.999900E+04  -0.999900E+04   0.192746E+03  -0.999900E+04  -0.999900E+04  -0.999900E+04  -0.999900E+04   0.192671E+03   0.635204E+03   0.189154E+01   0.406409E+02   0.200000E+02   0.755253E-01  -0.999900E+04  -0.999900E+04  -0.999900E+04  -0.999900E+04   0.473796E+00  -0.999900E+04  -0.999900E+04  -0.999900E+04  -0.999900E+04
   0.200000E+01   0.100000E+01   0.546000E+05   0.259200E+06   0.200000E+01   0.100000E+01   0.546000E+05   0.259200E+06   0.192890E+03  -0.999900E+04  -0.999900E+04  -0.999900E+04  -0.999900E+04   0.192890E+03  -0.999900E+04  -0.999900E+04  -0.999900E+04  -0.999900E+04   0.192891E+03   0.635883E+03   0.163986E+01   0.411729E+02   0.200000E+02  -0.146587E-02  -0.999900E+04  -0.999900E+04  -0.999900E+04  -0.999900E+04  -0.919590E-02  -0.999900E+04  -0.999900E+04  -0.999900E+04  -0.999900E+04
   0.200000E+01   0.100000E+01   0.547000E+05   0.259200E+06   0.200000E+01   0.100000E+01   0.547000E+05   0.259200E+06   0.192897E+03  -0.999900E+04  -0.999900E+04  -0.999900E+04  -0.999900E+04   0.192897E+03  -0.999900E+04  -0.999900E+04  -0.999900E+04  -0.999900E+04   0.192930E+03   0.636235E+03   0.185800E+01   0.411729E+02   0.200000E+02  -0.329112E-01  -0.999900E+04  -0.999900E+04  -0.999900E+04  -0.999900E+04  -0.206463E+00  -0.999900E+04  -0.999900E+04  -0.999900E+04  -0.999900E+04
   0.200000E+01   0.100000E+01   0.547500E+05   0.259200E+06   0.200000E+01   0.100000E+01   0.547500E+05   0.259200E+06   0.192896E+03  -0.999900E+04  -0.999900E+04  -0.999900E+04  -0.999900E+04   0.192896E+03  -0.999900E+04  -0.999900E+04  -0.999900E+04  -0.999900E+04   0.192976E+03   0.636400E+03   0.184228E+01   0.414579E+02   0.200000E+02  -0.798742E-01  -0.999900E+04  -0.999900E+04  -0.999900E+04  -0.999900E+04  -0.501078E+00  -0.999900E+04  -0.999900E+04  -0.999900E+04  -0.999900E+04
   0.200000E+01   0.100000E+01   0.548000E+05   0.259200E+06   0.200000E+01   0.100000E+01   0.548000E+05   0.259200E+06   0.192891E+03  -0.999900E+04  -0.999900E+04  -0.999900E+04  -0.999900E+04   0.192891E+03  -0.999900E+04  -0.999900E+04  -0.999900E+04  -0.999900E+04   0.193017E+03   0.636561E+03   0.185374E+01   0.414579E+02   0.200000E+02  -0.125624E+00  -0.999900E+04  -0.999900E+04  -0.999900E+04  -0.999900E+04  -0.788080E+00  -0.999900E+04  -0.999900E+04  -0.999900E+04  -0.999900E+04
   0.200000E+01   0.100000E+01   0.548500E+05   0.259200E+06   0.200000E+01   0.100000E+01   0.548500E+05   0.259200E+06   0.192915E+03  -0.999900E+04  -0.999900E+04  -0.999900E+04  -0.999900E+04   0.192915E+03  -0.999900E+04  -0.999900E+04  -0.999900E+04  -0.999900E+04   0.193064E+03   0.636716E+03   0.182457E+01   0.414579E+02   0.200000E+02  -0.149011E+00  -0.999900E+04  -0.999900E+04  -0.999900E+04  -0.999900E+04  -0.934795E+00  -0.999900E+04  -0.999900E+04  -0.999900E+04  -0.999900E+04
   0.200000E+01   0.100000E+01   0.549000E+05   0.259200E+06   0.200000E+01   0.100000E+01   0.549000E+05   0.259200E+06   0.192920E+03  -0.999900E+04  -0.999900E+04  -0.999900E+04  -0.999900E+04   0.192920E+03  -0.999900E+04  -0.999900E+04  -0.999900E+04  -0.999900E+04   0.193117E+03   0.636868E+03   0.174020E+01   0.417558E+02   0.200000E+02  -0.196553E+00  -0.999900E+04  -0.999900E+04  -0.999900E+04  -0.999900E+04  -0.123305E+01  -0.999900E+04  -0.999900E+04  -0.999900E+04  -0.999900E+04
   0.200000E+01   0.100000E+01   0.550000E+05   0.259200E+06   0.200000E+01   0.100000E+01   0.550000E+05   0.259200E+06   0.192983E+03  -0.999900E+04  -0.999900E+04  -0.999900E+04  -0.999900E+04   0.192983E+03  -0.999900E+04  -0.999900E+04  -0.999900E+04  -0.999900E+04   0.193199E+03   0.637162E+03   0.158930E+01   0.417558E+02   0.200000E+02  -0.216626E+00  -0.999900E+04  -0.999900E+04  -0.999900E+04  -0.999900E+04  -0.135897E+01  -0.999900E+04  -0.999900E+04  -0.999900E+04  -0.999900E+04
   0.200000E+01   0.100000E+01   0.553000E+05   0.259200E+06   0.200000E+01   0.100000E+01   0.553000E+05   0.259200E+06   0.193144E+03  -0.999900E+04  -0.999900E+04  -0.999900E+04  -0.999900E+04   0.193144E+03  -0.999900E+04  -0.999900E+04  -0.999900E+04  -0.999900E+04   0.193349E+03   0.638036E+03   0.132964E+01   0.423916E+02   0.200000E+02  -0.205197E+00  -0.999900E+04  -0.999900E+04  -0.999900E+04  -0.999900E+04  -0.128727E+01  -0.999900E+04  -0.999900E+04  -0.999900E+04  -0.999900E+04
   0.200000E+01   0.100000E+01   0.554500E+05   0.259200E+06   0.200000E+01   0.100000E+01   0.554500E+05   0.259200E+06   0.193223E+03  -0.999900E+04  -0.999900E+04  -0.999900E+04  -0.999900E+04   0.193223E+03  -0.999900E+04  -0.999900E+04  -0.999900E+04  -0.999900E+04   0.193391E+03   0.638450E+03   0.125239E+01   0.427300E+02   0.200000E+02  -0.167851E+00  -0.999900E+04  -0.999900E+04  -0.999900E+04  -0.999900E+04  -0.105298E+01  -0.999900E+04  -0.999900E+04  -0.999900E+04  -0.999900E+04
   0.200000E+01   0.100000E+01   0.555000E+05   0.259200E+06   0.200000E+01   0.100000E+01   0.555000E+05   0.259200E+06   0.193238E+03  -0.999900E+04  -0.999900E+04  -0.999900E+04  -0.999900E+04   0.193238E+03  -0.999900E+04  -0.999900E+04  -0.999900E+04  -0.999900E+04   0.193402E+03   0.638586E+03   0.124397E+01   0.430823E+02   0.200000E+02  -0.163050E+00  -0.999900E+04  -0.999900E+04  -0.999900E+04  -0.999900E+04  -0.102287E+01  -0.999900E+04  -0.999900E+04  -0.999900E+04  -0.999900E+04
   0.200000E+01   0.100000E+01   0.555500E+05   0.259200E+06   0.200000E+01   0.100000E+01   0.555500E+05   0.259200E+06   0.193243E+03  -0.999900E+04  -0.999900E+04  -0.999900E+04  -0.999900E+04   0.193243E+03  -0.999900E+04  -0.999900E+04  -0.999900E+04  -0.999900E+04   0.193409E+03   0.638722E+03   0.125361E+01   0.430823E+02   0.200000E+02  -0.166354E+00  -0.999900E+04  -0.999900E+04  -0.999900E+04  -0.999900E+04  -0.104360E+01  -0.999900E+04  -0.999900E+04  -0.999900E+04  -0.999900E+04
   0.200000E+01   0.100000E+01   0.556000E+05   0.259200E+06   0.200000E+01   0.100000E+01   0.556000E+05   0.259200E+06   0.193254E+03  -0.999900E+04  -0.999900E+04  -0.999900E+04  -0.999900E+04   0.193254E+03  -0.999900E+04  -0.999900E+04  -0.999900E+04  -0.999900E+04   0.193415E+03   0.638857E+03   0.128239E+01   0.430823E+02   0.200000E+02  -0.161117E+00  -0.999900E+04  -0.999900E+04  -0.999900E+04  -0.999900E+04  -0.101074E+01  -0.999900E+04  -0.999900E+04  -0.999900E+04  -0.999900E+04
   0.200000E+01   0.100000E+01   0.556500E+05   0.259200E+06   0.200000E+01   0.100000E+01   0.556500E+05   0.259200E+06   0.193269E+03  -0.999900E+04  -0.999900E+04  -0.999900E+04  -0.999900E+04   0.193269E+03  -0.999900E+04  -0.999900E+04  -0.999900E+04  -0.999900E+04   0.193419E+03   0.638992E+03   0.131872E+01   0.434489E+02   0.200000E+02  -0.149989E+00  -0.999900E+04  -0.999900E+04  -0.999900E+04  -0.999900E+04  -0.940935E+00  -0.999900E+04  -0.999900E+04  -0.999900E+04  -0.999900E+04
   0.200000E+01   0.100000E+01   0.558000E+05   0.259200E+06   0.200000E+01   0.100000E+01   0.558000E+05   0.259200E+06   0.193265E+03  -0.999900E+04  -0.999900E+04  -0.999900E+04  -0.999900E+04   0.193265E+03  -0.999900E+04  -0.999900E+04  -0.999900E+04  -0.999900E+04   0.193438E+03   0.639391E+03   0.148298E+01   0.438300E+02   0.200000E+02  -0.172576E+00  -0.999900E+04  -0.999900E+04  -0.999900E+04  -0.999900E+04  -0.108263E+01  -0.999900E+04  -0.999900E+04  -0.999900E+04  -0.999900E+04
   0.200000E+01   0.100000E+01   0.558500E+05   0.259200E+06   0.200000E+01   0.100000E+01   0.558500E+05   0.259200E+06   0.193287E+03  -0.999900E+04  -0.999900E+04  -0.999900E+04  -0.999900E+04   0.193287E+03  -0.999900E+04  -0.999900E+04  -0.999900E+04  -0.999900E+04   0.193449E+03   0.639526E+03   0.151132E+01   0.438300E+02   0.200000E+02  -0.162458E+00  -0.999900E+04  -0.999900E+04  -0.999900E+04  -0.999900E+04  -0.101915E+01  -0.999900E+04  -0.999900E+04  -0.999900E+04  -0.999900E+04
