X1_obs         X2_obs         X3_obs         X4_obs         X1_true        X2_true        X3_true        X4_true        Y1_obs         Y2_obs         Y3_obs         Y4_obs         Y5_obs         Y1_unbiased    Y2_unbiased    Y3_unbiased    Y4_unbiased    Y5_unbiased    Y1_sim         Y2_sim         Y3_sim         Y4_sim         Y5_sim         Y1_res         Y2_res         Y3_res         Y4_res         Y5_res         Y1_stdres      Y2_stdres      Y3_stdres      Y4_stdres      Y5_stdres      
   0.100000E+01   0.600000E+01   0.224165E+05   0.259230E+06   0.100000E+01   0.600000E+01   0.224165E+05   0.259230E+06   0.210445E+03  -0.999900E+04  -0.999900E+04  -0.999900E+04  -0.999900E+04   0.210445E+03  -0.999900E+04  -0.999900E+04  -0.999900E+04  -0.999900E+04   0.210860E+03   0.948300E+02   0.832567E+00   0.200212E+02   0.150000E+02  -0.415272E+00  -0.999900E+04  -0.999900E+04  -0.999900E+04  -0.999900E+04  -0.278851E+01  -0.999900E+04  -0.999900E+04  -0.999900E+04  -0.999900E+04
   0.100000E+01   0.600000E+01   0.225000E+05   0.259266E+06   0.100000E+01   0.600000E+01   0.225000E+05   0.259266E+06   0.210387E+03  -0.999900E+04  -0.999900E+04  -0.999900E+04  -0.999900E+04   0.210387E+03  -0.999900E+04  -0.999900E+04  -0.999900E+04  -0.999900E+04   0.210769E+03   0.948290E+02   0.781517E+00   0.200212E+02   0.150000E+02  -0.381644E+00  -0.999900E+04  -0.999900E+04  -0.999900E+04  -0.999900E+04  -0.256271E+01  -0.999900E+04  -0.999900E+04  -0.999900E+04  -0.999900E+04
   0.100000E+01   0.600000E+01   0.226247E+05   0.259301E+06   0.100000E+01   0.600000E+01   0.226247E+05   0.259301E+06   0.210300E+03  -0.999900E+04  -0.999900E+04  -0.999900E+04  -0.999900E+04   0.210300E+03  -0.999900E+04  -0.999900E+04  -0.999900E+04  -0.999900E+04   0.210623E+03   0.948260E+02   0.797720E+00   0.200212E+02   0.150000E+02  -0.323330E+00  -0.999900E+04  -0.999900E+04  -0.999900E+04  -0.999900E+04  -0.217113E+01  -0.999900E+04  -0.999900E+04  -0.999900E+04  -0.999900E+04
   0.100000E+01   0.600000E+01   0.227493E+05   0.259343E+06   0.100000E+01   0.600000E+01   0.227493E+05   0.259343E+06   0.210170E+03  -0.999900E+04  -0.999900E+04  -0.999900E+04  -0.999900E+04   0.210170E+03  -0.999900E+04  -0.999900E+04  -0.999900E+04  -0.999900E+04   0.210480E+03   0.948234E+02   0.792450E+00   0.200212E+02   0.150000E+02  -0.310176E+00  -0.999900E+04  -0.999900E+04  -0.999900E+04  -0.999900E+04  -0.208280E+01  -0.999900E+04  -0.999900E+04  -0.999900E+04  -0.999900E+04
   0.100000E+01   0.600000E+01   0.228740E+05   0.259376E+06   0.100000E+01   0.600000E+01   0.228740E+05   0.259376E+06   0.210028E+03  -0.999900E+04  -0.999900E+04  -0.999900E+04  -0.999900E+04   0.210028E+03  -0.999900E+04  -0.999900E+04  -0.999900E+04  -0.999900E+04   0.210337E+03   0.948205E+02   0.792101E+00   0.200212E+02   0.150000E+02  -0.309832E+00  -0.999900E+04  -0.999900E+04  -0.999900E+04  -0.999900E+04  -0.208049E+01  -0.999900E+04  -0.999900E+04  -0.999900E+04  -0.999900E+04
   0.100000E+01   0.600000E+01   0.230015E+05   0.259413E+06   0.100000E+01   0.600000E+01   0.230015E+05   0.259413E+06   0.209945E+03  -0.999900E+04  -0.999900E+04  -0.999900E+04  -0.999900E+04   0.209945E+03  -0.999900E+04  -0.999900E+04  -0.999900E+04  -0.999900E+04   0.210168E+03   0.948178E+02   0.858912E+00   0.200212E+02   0.150000E+02  -0.222882E+00  -0.999900E+04  -0.999900E+04  -0.999900E+04  -0.999900E+04  -0.149663E+01  -0.999900E+04  -0.999900E+04  -0.999900E+04  -0.999900E+04
   0.100000E+01   0.600000E+01   0.231290E+05   0.259441E+06   0.100000E+01   0.600000E+01   0.231290E+05   0.259441E+06   0.209865E+03  -0.999900E+04  -0.999900E+04  -0.999900E+04  -0.999900E+04   0.209865E+03  -0.999900E+04  -0.999900E+04  -0.999900E+04  -0.999900E+04   0.209987E+03   0.948147E+02   0.849822E+00   0.200212E+02   0.150000E+02  -0.121588E+00  -0.999900E+04  -0.999900E+04  -0.999900E+04  -0.999900E+04  -0.816451E+00  -0.999900E+04  -0.999900E+04  -0.999900E+04  -0.999900E+04
   0.100000E+01   0.600000E+01   0.232280E+05   0.259478E+06   0.100000E+01   0.600000E+01   0.232280E+05   0.259478E+06   0.209765E+03  -0.999900E+04  -0.999900E+04  -0.999900E+04  -0.999900E+04   0.209765E+03  -0.999900E+04  -0.999900E+04  -0.999900E+04  -0.999900E+04   0.209875E+03   0.948134E+02   0.799816E+00   0.200212E+02   0.150000E+02  -0.109733E+00  -0.999900E+04  -0.999900E+04  -0.999900E+04  -0.999900E+04  -0.736845E+00  -0.999900E+04  -0.999900E+04  -0.999900E+04  -0.999900E+04
   0.100000E+01   0.600000E+01   0.233225E+05   0.259498E+06   0.100000E+01   0.600000E+01   0.233225E+05   0.259498E+06   0.209775E+03  -0.999900E+04  -0.999900E+04  -0.999900E+04  -0.999900E+04   0.209775E+03  -0.999900E+04  -0.999900E+04  -0.999900E+04  -0.999900E+04   0.209750E+03   0.948116E+02   0.892321E+00   0.200212E+02   0.150000E+02   0.247184E-01  -0.999900E+04  -0.999900E+04  -0.999900E+04  -0.999900E+04   0.165982E+00  -0.999900E+04  -0.999900E+04  -0.999900E+04  -0.999900E+04
   0.100000E+01   0.600000E+01   0.234170E+05   0.259528E+06   0.100000E+01   0.600000E+01   0.234170E+05   0.259528E+06   0.209762E+03  -0.999900E+04  -0.999900E+04  -0.999900E+04  -0.999900E+04   0.209762E+03  -0.999900E+04  -0.999900E+04  -0.999900E+04  -0.999900E+04   0.209559E+03   0.948101E+02   0.957409E+00   0.200212E+02   0.150000E+02   0.203279E+00  -0.999900E+04  -0.999900E+04  -0.999900E+04  -0.999900E+04   0.136500E+01  -0.999900E+04  -0.999900E+04  -0.999900E+04  -0.999900E+04
   0.100000E+01   0.600000E+01   0.235177E+05   0.259556E+06   0.100000E+01   0.600000E+01   0.235177E+05   0.259556E+06   0.209648E+03  -0.999900E+04  -0.999900E+04  -0.999900E+04  -0.999900E+04   0.209648E+03  -0.999900E+04  -0.999900E+04  -0.999900E+04  -0.999900E+04   0.209329E+03   0.948080E+02   0.953918E+00   0.200212E+02   0.150000E+02   0.318424E+00  -0.999900E+04  -0.999900E+04  -0.999900E+04  -0.999900E+04   0.213819E+01  -0.999900E+04  -0.999900E+04  -0.999900E+04  -0.999900E+04
   0.100000E+01   0.600000E+01   0.236184E+05   0.259586E+06   0.100000E+01   0.600000E+01   0.236184E+05   0.259586E+06   0.209627E+03  -0.999900E+04  -0.999900E+04  -0.999900E+04  -0.999900E+04   0.209627E+03  -0.999900E+04  -0.999900E+04  -0.999900E+04  -0.999900E+04   0.209117E+03   0.948059E+02   0.944912E+00   0.200212E+02   0.150000E+02   0.510669E+00  -0.999900E+04  -0.999900E+04  -0.999900E+04  -0.999900E+04   0.342909E+01  -0.999900E+04  -0.999900E+04  -0.999900E+04  -0.999900E+04
   0.100000E+01   0.600000E+01   0.237191E+05   0.259629E+06   0.100000E+01   0.600000E+01   0.237191E+05   0.259629E+06   0.209375E+03  -0.999900E+04  -0.999900E+04  -0.999900E+04  -0.999900E+04   0.209375E+03  -0.999900E+04  -0.999900E+04  -0.999900E+04  -0.999900E+04   0.208928E+03   0.948043E+02   0.926114E+00   0.200212E+02   0.150000E+02   0.446664E+00  -0.999900E+04  -0.999900E+04  -0.999900E+04  -0.999900E+04   0.299931E+01  -0.999900E+04  -0.999900E+04  -0.999900E+04  -0.999900E+04
   0.100000E+01   0.600000E+01   0.238199E+05   0.259669E+06   0.100000E+01   0.600000E+01   0.238199E+05   0.259669E+06   0.208798E+03  -0.999900E+04  -0.999900E+04  -0.999900E+04  -0.999900E+04   0.208798E+03  -0.999900E+04  -0.999900E+04  -0.999900E+04  -0.999900E+04   0.208763E+03   0.948025E+02   0.903159E+00   0.200212E+02   0.150000E+02   0.343883E-01  -0.999900E+04  -0.999900E+04  -0.999900E+04  -0.999900E+04   0.230914E+00  -0.999900E+04  -0.999900E+04  -0.999900E+04  -0.999900E+04
   0.100000E+01   0.600000E+01   0.239206E+05   0.259694E+06   0.100000E+01   0.600000E+01   0.239206E+05   0.259694E+06   0.208480E+03  -0.999900E+04  -0.999900E+04  -0.999900E+04  -0.999900E+04   0.208480E+03  -0.999900E+04  -0.999900E+04  -0.999900E+04  -0.999900E+04   0.208614E+03   0.948000E+02   0.884127E+00   0.200212E+02   0.150000E+02  -0.134105E+00  -0.999900E+04  -0.999900E+04  -0.999900E+04  -0.999900E+04  -0.900504E+00  -0.999900E+04  -0.999900E+04  -0.999900E+04  -0.999900E+04
   0.100000E+01   0.600000E+01   0.240213E+05   0.259724E+06   0.100000E+01   0.600000E+01   0.240213E+05   0.259724E+06   0.208365E+03  -0.999900E+04  -0.999900E+04  -0.999900E+04  -0.999900E+04   0.208365E+03  -0.999900E+04  -0.999900E+04  -0.999900E+04  -0.999900E+04   0.208475E+03   0.947977E+02   0.873290E+00   0.200212E+02   0.150000E+02  -0.109714E+00  -0.999900E+04  -0.999900E+04  -0.999900E+04  -0.999900E+04  -0.736718E+00  -0.999900E+04  -0.999900E+04  -0.999900E+04  -0.999900E+04
   0.100000E+01   0.600000E+01   0.241220E+05   0.259767E+06   0.100000E+01   0.600000E+01   0.241220E+05   0.259767E+06   0.208083E+03  -0.999900E+04  -0.999900E+04  -0.999900E+04  -0.999900E+04   0.208083E+03  -0.999900E+04  -0.999900E+04  -0.999900E+04  -0.999900E+04   0.208338E+03   0.947959E+02   0.874817E+00   0.200212E+02   0.150000E+02  -0.255025E+00  -0.999900E+04  -0.999900E+04  -0.999900E+04  -0.999900E+04  -0.171247E+01  -0.999900E+04  -0.999900E+04  -0.999900E+04  -0.999900E+04
   0.100000E+01   0.600000E+01   0.242135E+05   0.259794E+06   0.100000E+01   0.600000E+01   0.242135E+05   0.259794E+06   0.207875E+03  -0.999900E+04  -0.999900E+04  -0.999900E+04  -0.999900E+04   0.207875E+03  -0.999900E+04  -0.999900E+04  -0.999900E+04  -0.999900E+04   0.208213E+03   0.947938E+02   0.895621E+00   0.200212E+02   0.150000E+02  -0.338147E+00  -0.999900E+04  -0.999900E+04  -0.999900E+04  -0.999900E+04  -0.227063E+01  -0.999900E+04  -0.999900E+04  -0.999900E+04  -0.999900E+04
   0.100000E+01   0.600000E+01   0.243050E+05   0.259832E+06   0.100000E+01   0.600000E+01   0.243050E+05   0.259832E+06   0.207657E+03  -0.999900E+04  -0.999900E+04  -0.999900E+04  -0.999900E+04   0.207657E+03  -0.999900E+04  -0.999900E+04  -0.999900E+04  -0.999900E+04   0.208072E+03   0.947925E+02   0.949046E+00   0.200212E+02   0.150000E+02  -0.414399E+00  -0.999900E+04  -0.999900E+04  -0.999900E+04  -0.999900E+04  -0.278265E+01  -0.999900E+04  -0.999900E+04  -0.999900E+04  -0.999900E+04
   0.100000E+01   0.600000E+01   0.244303E+05   0.259864E+06   0.100000E+01   0.600000E+01   0.244303E+05   0.259864E+06   0.207577E+03  -0.999900E+04  -0.999900E+04  -0.999900E+04  -0.999900E+04   0.207577E+03  -0.999900E+04  -0.999900E+04  -0.999900E+04  -0.999900E+04   0.207854E+03   0.947900E+02   0.101118E+01   0.200212E+02   0.150000E+02  -0.276257E+00  -0.999900E+04  -0.999900E+04  -0.999900E+04  -0.999900E+04  -0.185504E+01  -0.999900E+04  -0.999900E+04  -0.999900E+04  -0.999900E+04
   0.100000E+01   0.600000E+01   0.245557E+05   0.259917E+06   0.100000E+01   0.600000E+01   0.245557E+05   0.259917E+06   0.207485E+03  -0.999900E+04  -0.999900E+04  -0.999900E+04  -0.999900E+04   0.207485E+03  -0.999900E+04  -0.999900E+04  -0.999900E+04  -0.999900E+04   0.207656E+03   0.947886E+02   0.951281E+00   0.200212E+02   0.150000E+02  -0.171102E+00  -0.999900E+04  -0.999900E+04  -0.999900E+04  -0.999900E+04  -0.114894E+01  -0.999900E+04  -0.999900E+04  -0.999900E+04  -0.999900E+04
   0.100000E+01   0.600000E+01   0.246810E+05   0.259954E+06   0.100000E+01   0.600000E+01   0.246810E+05   0.259954E+06   0.207370E+03  -0.999900E+04  -0.999900E+04  -0.999900E+04  -0.999900E+04   0.207370E+03  -0.999900E+04  -0.999900E+04  -0.999900E+04  -0.999900E+04   0.207489E+03   0.947860E+02   0.856529E+00   0.200212E+02   0.150000E+02  -0.119099E+00  -0.999900E+04  -0.999900E+04  -0.999900E+04  -0.999900E+04  -0.799741E+00  -0.999900E+04  -0.999900E+04  -0.999900E+04  -0.999900E+04
   0.100000E+01   0.600000E+01   0.247962E+05   0.259985E+06   0.100000E+01   0.600000E+01   0.247962E+05   0.259985E+06   0.207255E+03  -0.999900E+04  -0.999900E+04  -0.999900E+04  -0.999900E+04   0.207255E+03  -0.999900E+04  -0.999900E+04  -0.999900E+04  -0.999900E+04   0.207344E+03   0.947832E+02   0.866120E+00   0.200212E+02   0.150000E+02  -0.887584E-01  -0.999900E+04  -0.999900E+04  -0.999900E+04  -0.999900E+04  -0.596004E+00  -0.999900E+04  -0.999900E+04  -0.999900E+04  -0.999900E+04
   0.100000E+01   0.600000E+01   0.249115E+05   0.260020E+06   0.100000E+01   0.600000E+01   0.249115E+05   0.260020E+06   0.207100E+03  -0.999900E+04  -0.999900E+04  -0.999900E+04  -0.999900E+04   0.207100E+03  -0.999900E+04  -0.999900E+04  -0.999900E+04  -0.999900E+04   0.207211E+03   0.947808E+02   0.838844E+00   0.200212E+02   0.150000E+02  -0.110987E+00  -0.999900E+04  -0.999900E+04  -0.999900E+04  -0.999900E+04  -0.745266E+00  -0.999900E+04  -0.999900E+04  -0.999900E+04  -0.999900E+04
   0.100000E+01   0.600000E+01   0.250268E+05   0.260050E+06   0.100000E+01   0.600000E+01   0.250268E+05   0.260050E+06   0.206975E+03  -0.999900E+04  -0.999900E+04  -0.999900E+04  -0.999900E+04   0.206975E+03  -0.999900E+04  -0.999900E+04  -0.999900E+04  -0.999900E+04   0.207104E+03   0.947778E+02   0.746746E+00   0.200212E+02   0.150000E+02  -0.129036E+00  -0.999900E+04  -0.999900E+04  -0.999900E+04  -0.999900E+04  -0.866463E+00  -0.999900E+04  -0.999900E+04  -0.999900E+04  -0.999900E+04
   0.100000E+01   0.600000E+01   0.251420E+05   0.260085E+06   0.100000E+01   0.600000E+01   0.251420E+05   0.260085E+06   0.206768E+03  -0.999900E+04  -0.999900E+04  -0.999900E+04  -0.999900E+04   0.206768E+03  -0.999900E+04  -0.999900E+04  -0.999900E+04  -0.999900E+04   0.207039E+03   0.947747E+02   0.591068E+00   0.200212E+02   0.150000E+02  -0.271426E+00  -0.999900E+04  -0.999900E+04  -0.999900E+04  -0.999900E+04  -0.182260E+01  -0.999900E+04  -0.999900E+04  -0.999900E+04  -0.999900E+04
   0.100000E+01   0.600000E+01   0.252457E+05   0.260115E+06   0.100000E+01   0.600000E+01   0.252457E+05   0.260115E+06   0.206748E+03  -0.999900E+04  -0.999900E+04  -0.999900E+04  -0.999900E+04   0.206748E+03  -0.999900E+04  -0.999900E+04  -0.999900E+04  -0.999900E+04   0.206981E+03   0.947716E+02   0.639604E+00   0.200212E+02   0.150000E+02  -0.233944E+00  -0.999900E+04  -0.999900E+04  -0.999900E+04  -0.999900E+04  -0.157091E+01  -0.999900E+04  -0.999900E+04  -0.999900E+04  -0.999900E+04
   0.100000E+01   0.600000E+01   0.253493E+05   0.260145E+06   0.100000E+01   0.600000E+01   0.253493E+05   0.260145E+06   0.206670E+03  -0.999900E+04  -0.999900E+04  -0.999900E+04  -0.999900E+04   0.206670E+03  -0.999900E+04  -0.999900E+04  -0.999900E+04  -0.999900E+04   0.206913E+03   0.947689E+02   0.688858E+00   0.200212E+02   0.150000E+02  -0.242625E+00  -0.999900E+04  -0.999900E+04  -0.999900E+04  -0.999900E+04  -0.162920E+01  -0.999900E+04  -0.999900E+04  -0.999900E+04  -0.999900E+04
   0.100000E+01   0.600000E+01   0.254530E+05   0.260178E+06   0.100000E+01   0.600000E+01   0.254530E+05   0.260178E+06   0.206610E+03  -0.999900E+04  -0.999900E+04  -0.999900E+04  -0.999900E+04   0.206610E+03  -0.999900E+04  -0.999900E+04  -0.999900E+04  -0.999900E+04   0.206831E+03   0.947665E+02   0.734541E+00   0.200212E+02   0.150000E+02  -0.220827E+00  -0.999900E+04  -0.999900E+04  -0.999900E+04  -0.999900E+04  -0.148283E+01  -0.999900E+04  -0.999900E+04  -0.999900E+04  -0.999900E+04
   0.100000E+01   0.600000E+01   0.255567E+05   0.260220E+06   0.100000E+01   0.600000E+01   0.255567E+05   0.260220E+06   0.206482E+03  -0.999900E+04  -0.999900E+04  -0.999900E+04  -0.999900E+04   0.206482E+03  -0.999900E+04  -0.999900E+04  -0.999900E+04  -0.999900E+04   0.206736E+03   0.947647E+02   0.771740E+00   0.200212E+02   0.150000E+02  -0.253160E+00  -0.999900E+04  -0.999900E+04  -0.999900E+04  -0.999900E+04  -0.169994E+01  -0.999900E+04  -0.999900E+04  -0.999900E+04  -0.999900E+04
   0.100000E+01   0.600000E+01   0.256603E+05   0.260244E+06   0.100000E+01   0.600000E+01   0.256603E+05   0.260244E+06   0.206343E+03  -0.999900E+04  -0.999900E+04  -0.999900E+04  -0.999900E+04   0.206343E+03  -0.999900E+04  -0.999900E+04  -0.999900E+04  -0.999900E+04   0.206628E+03   0.947621E+02   0.797523E+00   0.200212E+02   0.150000E+02  -0.285549E+00  -0.999900E+04  -0.999900E+04  -0.999900E+04  -0.999900E+04  -0.191744E+01  -0.999900E+04  -0.999900E+04  -0.999900E+04  -0.999900E+04
   0.100000E+01   0.600000E+01   0.257640E+05   0.260286E+06   0.100000E+01   0.600000E+01   0.257640E+05   0.260286E+06   0.206183E+03  -0.999900E+04  -0.999900E+04  -0.999900E+04  -0.999900E+04   0.206183E+03  -0.999900E+04  -0.999900E+04  -0.999900E+04  -0.999900E+04   0.206509E+03   0.947603E+02   0.811702E+00   0.200212E+02   0.150000E+02  -0.326746E+00  -0.999900E+04  -0.999900E+04  -0.999900E+04  -0.999900E+04  -0.219407E+01  -0.999900E+04  -0.999900E+04  -0.999900E+04  -0.999900E+04
   0.100000E+01   0.600000E+01   0.258682E+05   0.260334E+06   0.100000E+01   0.600000E+01   0.258682E+05   0.260334E+06   0.206070E+03  -0.999900E+04  -0.999900E+04  -0.999900E+04  -0.999900E+04   0.206070E+03  -0.999900E+04  -0.999900E+04  -0.999900E+04  -0.999900E+04   0.206388E+03   0.947587E+02   0.808777E+00   0.200212E+02   0.150000E+02  -0.318141E+00  -0.999900E+04  -0.999900E+04  -0.999900E+04  -0.999900E+04  -0.213629E+01  -0.999900E+04  -0.999900E+04  -0.999900E+04  -0.999900E+04
   0.100000E+01   0.600000E+01   0.259724E+05   0.260381E+06   0.100000E+01   0.600000E+01   0.259724E+05   0.260381E+06   0.205903E+03  -0.999900E+04  -0.999900E+04  -0.999900E+04  -0.999900E+04   0.205903E+03  -0.999900E+04  -0.999900E+04  -0.999900E+04  -0.999900E+04   0.206273E+03   0.947571E+02   0.803243E+00   0.200212E+02   0.150000E+02  -0.370472E+00  -0.999900E+04  -0.999900E+04  -0.999900E+04  -0.999900E+04  -0.248768E+01  -0.999900E+04  -0.999900E+04  -0.999900E+04  -0.999900E+04
   0.100000E+01   0.600000E+01   0.260766E+05   0.260406E+06   0.100000E+01   0.600000E+01   0.260766E+05   0.260406E+06   0.205882E+03  -0.999900E+04  -0.999900E+04  -0.999900E+04  -0.999900E+04   0.205882E+03  -0.999900E+04  -0.999900E+04  -0.999900E+04  -0.999900E+04   0.206164E+03   0.947546E+02   0.794879E+00   0.200212E+02   0.150000E+02  -0.281962E+00  -0.999900E+04  -0.999900E+04  -0.999900E+04  -0.999900E+04  -0.189335E+01  -0.999900E+04  -0.999900E+04  -0.999900E+04  -0.999900E+04
   0.100000E+01   0.600000E+01   0.261808E+05   0.260439E+06   0.100000E+01   0.600000E+01   0.261808E+05   0.260439E+06   0.205805E+03  -0.999900E+04  -0.999900E+04  -0.999900E+04  -0.999900E+04   0.205805E+03  -0.999900E+04  -0.999900E+04  -0.999900E+04  -0.999900E+04   0.206063E+03   0.947526E+02   0.783514E+00   0.200212E+02   0.150000E+02  -0.258401E+00  -0.999900E+04  -0.999900E+04  -0.999900E+04  -0.999900E+04  -0.173514E+01  -0.999900E+04  -0.999900E+04  -0.999900E+04  -0.999900E+04
   0.100000E+01   0.600000E+01   0.262850E+05   0.260471E+06   0.100000E+01   0.600000E+01   0.262850E+05   0.260471E+06   0.205762E+03  -0.999900E+04  -0.999900E+04  -0.999900E+04  -0.999900E+04   0.205762E+03  -0.999900E+04  -0.999900E+04  -0.999900E+04  -0.999900E+04   0.205971E+03   0.947507E+02   0.769372E+00   0.200212E+02   0.150000E+02  -0.208032E+00  -0.999900E+04  -0.999900E+04  -0.999900E+04  -0.999900E+04  -0.139691E+01  -0.999900E+04  -0.999900E+04  -0.999900E+04  -0.999900E+04
   0.100000E+01   0.600000E+01   0.264097E+05   0.260516E+06   0.100000E+01   0.600000E+01   0.264097E+05   0.260516E+06   0.205708E+03  -0.999900E+04  -0.999900E+04  -0.999900E+04  -0.999900E+04   0.205708E+03  -0.999900E+04  -0.999900E+04  -0.999900E+04  -0.999900E+04   0.205857E+03   0.947488E+02   0.772235E+00   0.200212E+02   0.150000E+02  -0.149554E+00  -0.999900E+04  -0.999900E+04  -0.999900E+04  -0.999900E+04  -0.100424E+01  -0.999900E+04  -0.999900E+04  -0.999900E+04  -0.999900E+04
   0.100000E+01   0.600000E+01   0.265343E+05   0.260551E+06   0.100000E+01   0.600000E+01   0.265343E+05   0.260551E+06   0.205635E+03  -0.999900E+04  -0.999900E+04  -0.999900E+04  -0.999900E+04   0.205635E+03  -0.999900E+04  -0.999900E+04  -0.999900E+04  -0.999900E+04   0.205720E+03   0.947463E+02   0.803075E+00   0.200212E+02   0.150000E+02  -0.845514E-01  -0.999900E+04  -0.999900E+04  -0.999900E+04  -0.999900E+04  -0.567755E+00  -0.999900E+04  -0.999900E+04  -0.999900E+04  -0.999900E+04
   0.100000E+01   0.600000E+01   0.266590E+05   0.260590E+06   0.100000E+01   0.600000E+01   0.266590E+05   0.260590E+06   0.205213E+03  -0.999900E+04  -0.999900E+04  -0.999900E+04  -0.999900E+04   0.205213E+03  -0.999900E+04  -0.999900E+04  -0.999900E+04  -0.999900E+04   0.205499E+03   0.947438E+02   0.937029E+00   0.200212E+02   0.150000E+02  -0.286515E+00  -0.999900E+04  -0.999900E+04  -0.999900E+04  -0.999900E+04  -0.192392E+01  -0.999900E+04  -0.999900E+04  -0.999900E+04  -0.999900E+04
   0.100000E+01   0.600000E+01   0.267782E+05   0.260632E+06   0.100000E+01   0.600000E+01   0.267782E+05   0.260632E+06   0.205107E+03  -0.999900E+04  -0.999900E+04  -0.999900E+04  -0.999900E+04   0.205107E+03  -0.999900E+04  -0.999900E+04  -0.999900E+04  -0.999900E+04   0.205288E+03   0.947414E+02   0.853660E+00   0.200212E+02   0.150000E+02  -0.180461E+00  -0.999900E+04  -0.999900E+04  -0.999900E+04  -0.999900E+04  -0.121178E+01  -0.999900E+04  -0.999900E+04  -0.999900E+04  -0.999900E+04
   0.100000E+01   0.600000E+01   0.268975E+05   0.260677E+06   0.100000E+01   0.600000E+01   0.268975E+05   0.260677E+06   0.204940E+03  -0.999900E+04  -0.999900E+04  -0.999900E+04  -0.999900E+04   0.204940E+03  -0.999900E+04  -0.999900E+04  -0.999900E+04  -0.999900E+04   0.205165E+03   0.947395E+02   0.731904E+00   0.200212E+02   0.150000E+02  -0.225389E+00  -0.999900E+04  -0.999900E+04  -0.999900E+04  -0.999900E+04  -0.151347E+01  -0.999900E+04  -0.999900E+04  -0.999900E+04  -0.999900E+04
   0.100000E+01   0.600000E+01   0.270168E+05   0.260707E+06   0.100000E+01   0.600000E+01   0.270168E+05   0.260707E+06   0.204893E+03  -0.999900E+04  -0.999900E+04  -0.999900E+04  -0.999900E+04   0.204893E+03  -0.999900E+04  -0.999900E+04  -0.999900E+04  -0.999900E+04   0.205100E+03   0.947372E+02   0.629916E+00   0.200212E+02   0.150000E+02  -0.207913E+00  -0.999900E+04  -0.999900E+04  -0.999900E+04  -0.999900E+04  -0.139611E+01  -0.999900E+04  -0.999900E+04  -0.999900E+04  -0.999900E+04
   0.100000E+01   0.600000E+01   0.271360E+05   0.260750E+06   0.100000E+01   0.600000E+01   0.271360E+05   0.260750E+06   0.204850E+03  -0.999900E+04  -0.999900E+04  -0.999900E+04  -0.999900E+04   0.204850E+03  -0.999900E+04  -0.999900E+04  -0.999900E+04  -0.999900E+04   0.205061E+03   0.947359E+02   0.555378E+00   0.200212E+02   0.150000E+02  -0.211166E+00  -0.999900E+04  -0.999900E+04  -0.999900E+04  -0.999900E+04  -0.141796E+01  -0.999900E+04  -0.999900E+04  -0.999900E+04  -0.999900E+04
   0.100000E+01   0.600000E+01   0.272825E+05   0.260795E+06   0.100000E+01   0.600000E+01   0.272825E+05   0.260795E+06   0.204835E+03  -0.999900E+04  -0.999900E+04  -0.999900E+04  -0.999900E+04   0.204835E+03  -0.999900E+04  -0.999900E+04  -0.999900E+04  -0.999900E+04   0.205008E+03   0.947340E+02   0.586204E+00   0.200212E+02   0.150000E+02  -0.173080E+00  -0.999900E+04  -0.999900E+04  -0.999900E+04  -0.999900E+04  -0.116222E+01  -0.999900E+04  -0.999900E+04  -0.999900E+04  -0.999900E+04
   0.100000E+01   0.600000E+01   0.274290E+05   0.260851E+06   0.100000E+01   0.600000E+01   0.274290E+05   0.260851E+06   0.204620E+03  -0.999900E+04  -0.999900E+04  -0.999900E+04  -0.999900E+04   0.204620E+03  -0.999900E+04  -0.999900E+04  -0.999900E+04  -0.999900E+04   0.204767E+03   0.947323E+02   0.101863E+01   0.200212E+02   0.150000E+02  -0.146529E+00  -0.999900E+04  -0.999900E+04  -0.999900E+04  -0.999900E+04  -0.983931E+00  -0.999900E+04  -0.999900E+04  -0.999900E+04  -0.999900E+04
   0.100000E+01   0.600000E+01   0.275617E+05   0.260888E+06   0.100000E+01   0.600000E+01   0.275617E+05   0.260888E+06   0.204450E+03  -0.999900E+04  -0.999900E+04  -0.999900E+04  -0.999900E+04   0.204450E+03  -0.999900E+04  -0.999900E+04  -0.999900E+04  -0.999900E+04   0.204343E+03   0.947299E+02   0.106974E+01   0.200212E+02   0.150000E+02   0.107080E+00  -0.999900E+04  -0.999900E+04  -0.999900E+04  -0.999900E+04   0.719035E+00  -0.999900E+04  -0.999900E+04  -0.999900E+04  -0.999900E+04
   0.100000E+01   0.600000E+01   0.276943E+05   0.260926E+06   0.100000E+01   0.600000E+01   0.276943E+05   0.260926E+06   0.203840E+03  -0.999900E+04  -0.999900E+04  -0.999900E+04  -0.999900E+04   0.203840E+03  -0.999900E+04  -0.999900E+04  -0.999900E+04  -0.999900E+04   0.203957E+03   0.947274E+02   0.109389E+01   0.200212E+02   0.150000E+02  -0.117306E+00  -0.999900E+04  -0.999900E+04  -0.999900E+04  -0.999900E+04  -0.787701E+00  -0.999900E+04  -0.999900E+04  -0.999900E+04  -0.999900E+04
   0.100000E+01   0.600000E+01   0.278270E+05   0.260958E+06   0.100000E+01   0.600000E+01   0.278270E+05   0.260958E+06   0.203390E+03  -0.999900E+04  -0.999900E+04  -0.999900E+04  -0.999900E+04   0.203390E+03  -0.999900E+04  -0.999900E+04  -0.999900E+04  -0.999900E+04   0.203651E+03   0.947247E+02   0.106023E+01   0.200212E+02   0.150000E+02  -0.261058E+00  -0.999900E+04  -0.999900E+04  -0.999900E+04  -0.999900E+04  -0.175298E+01  -0.999900E+04  -0.999900E+04  -0.999900E+04  -0.999900E+04
   0.100000E+01   0.600000E+01   0.279570E+05   0.261001E+06   0.100000E+01   0.600000E+01   0.279570E+05   0.261001E+06   0.203197E+03  -0.999900E+04  -0.999900E+04  -0.999900E+04  -0.999900E+04   0.203197E+03  -0.999900E+04  -0.999900E+04  -0.999900E+04  -0.999900E+04   0.203453E+03   0.947224E+02   0.892157E+00   0.200212E+02   0.150000E+02  -0.255915E+00  -0.999900E+04  -0.999900E+04  -0.999900E+04  -0.999900E+04  -0.171845E+01  -0.999900E+04  -0.999900E+04  -0.999900E+04  -0.999900E+04
   0.100000E+01   0.600000E+01   0.281160E+05   0.261061E+06   0.100000E+01   0.600000E+01   0.281160E+05   0.261061E+06   0.203002E+03  -0.999900E+04  -0.999900E+04  -0.999900E+04  -0.999900E+04   0.203002E+03  -0.999900E+04  -0.999900E+04  -0.999900E+04  -0.999900E+04   0.203380E+03   0.947196E+02   0.515823E+00   0.200212E+02   0.150000E+02  -0.377090E+00  -0.999900E+04  -0.999900E+04  -0.999900E+04  -0.999900E+04  -0.253213E+01  -0.999900E+04  -0.999900E+04  -0.999900E+04  -0.999900E+04
   0.100000E+01   0.600000E+01   0.282232E+05   0.261106E+06   0.100000E+01   0.600000E+01   0.282232E+05   0.261106E+06   0.202920E+03  -0.999900E+04  -0.999900E+04  -0.999900E+04  -0.999900E+04   0.202920E+03  -0.999900E+04  -0.999900E+04  -0.999900E+04  -0.999900E+04   0.203357E+03   0.947179E+02   0.508428E+00   0.200212E+02   0.150000E+02  -0.436781E+00  -0.999900E+04  -0.999900E+04  -0.999900E+04  -0.999900E+04  -0.293294E+01  -0.999900E+04  -0.999900E+04  -0.999900E+04  -0.999900E+04
   0.100000E+01   0.600000E+01   0.283305E+05   0.261138E+06   0.100000E+01   0.600000E+01   0.283305E+05   0.261138E+06   0.202895E+03  -0.999900E+04  -0.999900E+04  -0.999900E+04  -0.999900E+04   0.202895E+03  -0.999900E+04  -0.999900E+04  -0.999900E+04  -0.999900E+04   0.203333E+03   0.947155E+02   0.504118E+00   0.200212E+02   0.150000E+02  -0.438144E+00  -0.999900E+04  -0.999900E+04  -0.999900E+04  -0.999900E+04  -0.294209E+01  -0.999900E+04  -0.999900E+04  -0.999900E+04  -0.999900E+04
   0.100000E+01   0.600000E+01   0.284378E+05   0.261161E+06   0.100000E+01   0.600000E+01   0.284378E+05   0.261161E+06   0.202873E+03  -0.999900E+04  -0.999900E+04  -0.999900E+04  -0.999900E+04   0.202873E+03  -0.999900E+04  -0.999900E+04  -0.999900E+04  -0.999900E+04   0.203308E+03   0.947125E+02   0.502838E+00   0.200212E+02   0.150000E+02  -0.435690E+00  -0.999900E+04  -0.999900E+04  -0.999900E+04  -0.999900E+04  -0.292562E+01  -0.999900E+04  -0.999900E+04  -0.999900E+04  -0.999900E+04
   0.100000E+01   0.600000E+01   0.285450E+05   0.261193E+06   0.100000E+01   0.600000E+01   0.285450E+05   0.261193E+06   0.202808E+03  -0.999900E+04  -0.999900E+04  -0.999900E+04  -0.999900E+04   0.202808E+03  -0.999900E+04  -0.999900E+04  -0.999900E+04  -0.999900E+04   0.203281E+03   0.947098E+02   0.504670E+00   0.200212E+02   0.150000E+02  -0.473818E+00  -0.999900E+04  -0.999900E+04  -0.999900E+04  -0.999900E+04  -0.318164E+01  -0.999900E+04  -0.999900E+04  -0.999900E+04  -0.999900E+04
   0.100000E+01   0.600000E+01   0.286522E+05   0.261233E+06   0.100000E+01   0.600000E+01   0.286522E+05   0.261233E+06   0.202750E+03  -0.999900E+04  -0.999900E+04  -0.999900E+04  -0.999900E+04   0.202750E+03  -0.999900E+04  -0.999900E+04  -0.999900E+04  -0.999900E+04   0.203252E+03   0.947074E+02   0.509913E+00   0.200212E+02   0.150000E+02  -0.501758E+00  -0.999900E+04  -0.999900E+04  -0.999900E+04  -0.999900E+04  -0.336926E+01  -0.999900E+04  -0.999900E+04  -0.999900E+04  -0.999900E+04
   0.100000E+01   0.600000E+01   0.287595E+05   0.261256E+06   0.100000E+01   0.600000E+01   0.287595E+05   0.261256E+06   0.202720E+03  -0.999900E+04  -0.999900E+04  -0.999900E+04  -0.999900E+04   0.202720E+03  -0.999900E+04  -0.999900E+04  -0.999900E+04  -0.999900E+04   0.203218E+03   0.947041E+02   0.519223E+00   0.200212E+02   0.150000E+02  -0.498473E+00  -0.999900E+04  -0.999900E+04  -0.999900E+04  -0.999900E+04  -0.334720E+01  -0.999900E+04  -0.999900E+04  -0.999900E+04  -0.999900E+04
   0.100000E+01   0.600000E+01   0.288668E+05   0.261298E+06   0.100000E+01   0.600000E+01   0.288668E+05   0.261298E+06   0.202662E+03  -0.999900E+04  -0.999900E+04  -0.999900E+04  -0.999900E+04   0.202662E+03  -0.999900E+04  -0.999900E+04  -0.999900E+04  -0.999900E+04   0.203180E+03   0.947015E+02   0.533708E+00   0.200212E+02   0.150000E+02  -0.517362E+00  -0.999900E+04  -0.999900E+04  -0.999900E+04  -0.999900E+04  -0.347404E+01  -0.999900E+04  -0.999900E+04  -0.999900E+04  -0.999900E+04
   0.100000E+01   0.600000E+01   0.289740E+05   0.261329E+06   0.100000E+01   0.600000E+01   0.289740E+05   0.261329E+06   0.202560E+03  -0.999900E+04  -0.999900E+04  -0.999900E+04  -0.999900E+04   0.202560E+03  -0.999900E+04  -0.999900E+04  -0.999900E+04  -0.999900E+04   0.203132E+03   0.946983E+02   0.541323E+00   0.200212E+02   0.150000E+02  -0.571626E+00  -0.999900E+04  -0.999900E+04  -0.999900E+04  -0.999900E+04  -0.383841E+01  -0.999900E+04  -0.999900E+04  -0.999900E+04  -0.999900E+04
   0.100000E+01   0.600000E+01   0.291210E+05   0.261377E+06   0.100000E+01   0.600000E+01   0.291210E+05   0.261377E+06   0.202360E+03  -0.999900E+04  -0.999900E+04  -0.999900E+04  -0.999900E+04   0.202360E+03  -0.999900E+04  -0.999900E+04  -0.999900E+04  -0.999900E+04   0.202820E+03   0.946956E+02   0.134682E+01   0.200212E+02   0.150000E+02  -0.459659E+00  -0.999900E+04  -0.999900E+04  -0.999900E+04  -0.999900E+04  -0.308657E+01  -0.999900E+04  -0.999900E+04  -0.999900E+04  -0.999900E+04
   0.100000E+01   0.600000E+01   0.292035E+05   0.261397E+06   0.100000E+01   0.600000E+01   0.292035E+05   0.261397E+06   0.202298E+03  -0.999900E+04  -0.999900E+04  -0.999900E+04  -0.999900E+04   0.202298E+03  -0.999900E+04  -0.999900E+04  -0.999900E+04  -0.999900E+04   0.202386E+03   0.946946E+02   0.137908E+01   0.200212E+02   0.150000E+02  -0.881955E-01  -0.999900E+04  -0.999900E+04  -0.999900E+04  -0.999900E+04  -0.592224E+00  -0.999900E+04  -0.999900E+04  -0.999900E+04  -0.999900E+04
   0.100000E+01   0.600000E+01   0.292860E+05   0.261424E+06   0.100000E+01   0.600000E+01   0.292860E+05   0.261424E+06   0.202225E+03  -0.999900E+04  -0.999900E+04  -0.999900E+04  -0.999900E+04   0.202225E+03  -0.999900E+04  -0.999900E+04  -0.999900E+04  -0.999900E+04   0.202067E+03   0.946935E+02   0.107660E+01   0.200212E+02   0.150000E+02   0.157634E+00  -0.999900E+04  -0.999900E+04  -0.999900E+04  -0.999900E+04   0.105850E+01  -0.999900E+04  -0.999900E+04  -0.999900E+04  -0.999900E+04
   0.100000E+01   0.600000E+01   0.293878E+05   0.261467E+06   0.100000E+01   0.600000E+01   0.293878E+05   0.261467E+06   0.202077E+03  -0.999900E+04  -0.999900E+04  -0.999900E+04  -0.999900E+04   0.202077E+03  -0.999900E+04  -0.999900E+04  -0.999900E+04  -0.999900E+04   0.201746E+03   0.946921E+02   0.111724E+01   0.200212E+02   0.150000E+02   0.331552E+00  -0.999900E+04  -0.999900E+04  -0.999900E+04  -0.999900E+04   0.222634E+01  -0.999900E+04  -0.999900E+04  -0.999900E+04  -0.999900E+04
   0.100000E+01   0.600000E+01   0.294895E+05   0.261489E+06   0.100000E+01   0.600000E+01   0.294895E+05   0.261489E+06   0.201657E+03  -0.999900E+04  -0.999900E+04  -0.999900E+04  -0.999900E+04   0.201657E+03  -0.999900E+04  -0.999900E+04  -0.999900E+04  -0.999900E+04   0.201468E+03   0.946896E+02   0.109078E+01   0.200212E+02   0.150000E+02   0.189643E+00  -0.999900E+04  -0.999900E+04  -0.999900E+04  -0.999900E+04   0.127343E+01  -0.999900E+04  -0.999900E+04  -0.999900E+04  -0.999900E+04
   0.100000E+01   0.600000E+01   0.295912E+05   0.261519E+06   0.100000E+01   0.600000E+01   0.295912E+05   0.261519E+06   0.201120E+03  -0.999900E+04  -0.999900E+04  -0.999900E+04  -0.999900E+04   0.201120E+03  -0.999900E+04  -0.999900E+04  -0.999900E+04  -0.999900E+04   0.201278E+03   0.946873E+02   0.981020E+00   0.200212E+02   0.150000E+02  -0.158277E+00  -0.999900E+04  -0.999900E+04  -0.999900E+04  -0.999900E+04  -0.106282E+01  -0.999900E+04  -0.999900E+04  -0.999900E+04  -0.999900E+04
   0.100000E+01   0.600000E+01   0.296930E+05   0.261552E+06   0.100000E+01   0.600000E+01   0.296930E+05   0.261552E+06   0.201110E+03  -0.999900E+04  -0.999900E+04  -0.999900E+04  -0.999900E+04   0.201110E+03  -0.999900E+04  -0.999900E+04  -0.999900E+04  -0.999900E+04   0.201165E+03   0.946851E+02   0.846842E+00   0.200212E+02   0.150000E+02  -0.553351E-01  -0.999900E+04  -0.999900E+04  -0.999900E+04  -0.999900E+04  -0.371570E+00  -0.999900E+04  -0.999900E+04  -0.999900E+04  -0.999900E+04
   0.100000E+01   0.600000E+01   0.298063E+05   0.261592E+06   0.100000E+01   0.600000E+01   0.298063E+05   0.261592E+06   0.201020E+03  -0.999900E+04  -0.999900E+04  -0.999900E+04  -0.999900E+04   0.201020E+03  -0.999900E+04  -0.999900E+04  -0.999900E+04  -0.999900E+04   0.201063E+03   0.946830E+02   0.835828E+00   0.200212E+02   0.150000E+02  -0.427096E-01  -0.999900E+04  -0.999900E+04  -0.999900E+04  -0.999900E+04  -0.286791E+00  -0.999900E+04  -0.999900E+04  -0.999900E+04  -0.999900E+04
   0.100000E+01   0.600000E+01   0.299197E+05   0.261617E+06   0.100000E+01   0.600000E+01   0.299197E+05   0.261617E+06   0.200820E+03  -0.999900E+04  -0.999900E+04  -0.999900E+04  -0.999900E+04   0.200820E+03  -0.999900E+04  -0.999900E+04  -0.999900E+04  -0.999900E+04   0.200955E+03   0.946800E+02   0.847167E+00   0.200212E+02   0.150000E+02  -0.135316E+00  -0.999900E+04  -0.999900E+04  -0.999900E+04  -0.999900E+04  -0.908632E+00  -0.999900E+04  -0.999900E+04  -0.999900E+04  -0.999900E+04
   0.100000E+01   0.600000E+01   0.300330E+05   0.261659E+06   0.100000E+01   0.600000E+01   0.300330E+05   0.261659E+06   0.200700E+03  -0.999900E+04  -0.999900E+04  -0.999900E+04  -0.999900E+04   0.200700E+03  -0.999900E+04  -0.999900E+04  -0.999900E+04  -0.999900E+04   0.200825E+03   0.946778E+02   0.901492E+00   0.200212E+02   0.150000E+02  -0.125027E+00  -0.999900E+04  -0.999900E+04  -0.999900E+04  -0.999900E+04  -0.839544E+00  -0.999900E+04  -0.999900E+04  -0.999900E+04  -0.999900E+04
   0.100000E+01   0.600000E+01   0.301240E+05   0.261688E+06   0.100000E+01   0.600000E+01   0.301240E+05   0.261688E+06   0.200623E+03  -0.999900E+04  -0.999900E+04  -0.999900E+04  -0.999900E+04   0.200623E+03  -0.999900E+04  -0.999900E+04  -0.999900E+04  -0.999900E+04   0.200716E+03   0.946759E+02   0.882753E+00   0.200212E+02   0.150000E+02  -0.938969E-01  -0.999900E+04  -0.999900E+04  -0.999900E+04  -0.999900E+04  -0.630509E+00  -0.999900E+04  -0.999900E+04  -0.999900E+04  -0.999900E+04
   0.100000E+01   0.600000E+01   0.302150E+05   0.261708E+06   0.100000E+01   0.600000E+01   0.302150E+05   0.261708E+06   0.200623E+03  -0.999900E+04  -0.999900E+04  -0.999900E+04  -0.999900E+04   0.200623E+03  -0.999900E+04  -0.999900E+04  -0.999900E+04  -0.999900E+04   0.200615E+03   0.946736E+02   0.859685E+00   0.200212E+02   0.150000E+02   0.793060E-02  -0.999900E+04  -0.999900E+04  -0.999900E+04  -0.999900E+04   0.532533E-01  -0.999900E+04  -0.999900E+04  -0.999900E+04  -0.999900E+04
   0.100000E+01   0.600000E+01   0.303213E+05   0.261740E+06   0.100000E+01   0.600000E+01   0.303213E+05   0.261740E+06   0.200540E+03  -0.999900E+04  -0.999900E+04  -0.999900E+04  -0.999900E+04   0.200540E+03  -0.999900E+04  -0.999900E+04  -0.999900E+04  -0.999900E+04   0.200498E+03   0.946712E+02   0.849729E+00   0.200212E+02   0.150000E+02   0.421601E-01  -0.999900E+04  -0.999900E+04  -0.999900E+04  -0.999900E+04   0.283101E+00  -0.999900E+04  -0.999900E+04  -0.999900E+04  -0.999900E+04
   0.100000E+01   0.600000E+01   0.304277E+05   0.261785E+06   0.100000E+01   0.600000E+01   0.304277E+05   0.261785E+06   0.200298E+03  -0.999900E+04  -0.999900E+04  -0.999900E+04  -0.999900E+04   0.200298E+03  -0.999900E+04  -0.999900E+04  -0.999900E+04  -0.999900E+04   0.200368E+03   0.946693E+02   0.880500E+00   0.200212E+02   0.150000E+02  -0.705703E-01  -0.999900E+04  -0.999900E+04  -0.999900E+04  -0.999900E+04  -0.473873E+00  -0.999900E+04  -0.999900E+04  -0.999900E+04  -0.999900E+04
   0.100000E+01   0.600000E+01   0.305340E+05   0.261813E+06   0.100000E+01   0.600000E+01   0.305340E+05   0.261813E+06   0.200012E+03  -0.999900E+04  -0.999900E+04  -0.999900E+04  -0.999900E+04   0.200012E+03  -0.999900E+04  -0.999900E+04  -0.999900E+04  -0.999900E+04   0.200184E+03   0.946664E+02   0.100359E+01   0.200212E+02   0.150000E+02  -0.171233E+00  -0.999900E+04  -0.999900E+04  -0.999900E+04  -0.999900E+04  -0.114981E+01  -0.999900E+04  -0.999900E+04  -0.999900E+04  -0.999900E+04
   0.100000E+01   0.600000E+01   0.306880E+05   0.261848E+06   0.100000E+01   0.600000E+01   0.306880E+05   0.261848E+06   0.199705E+03  -0.999900E+04  -0.999900E+04  -0.999900E+04  -0.999900E+04   0.199705E+03  -0.999900E+04  -0.999900E+04  -0.999900E+04  -0.999900E+04   0.200015E+03   0.946608E+02   0.689609E+00   0.200212E+02   0.150000E+02  -0.310108E+00  -0.999900E+04  -0.999900E+04  -0.999900E+04  -0.999900E+04  -0.208234E+01  -0.999900E+04  -0.999900E+04  -0.999900E+04  -0.999900E+04
   0.100000E+01   0.600000E+01   0.307710E+05   0.261873E+06   0.100000E+01   0.600000E+01   0.307710E+05   0.261873E+06   0.199585E+03  -0.999900E+04  -0.999900E+04  -0.999900E+04  -0.999900E+04   0.199585E+03  -0.999900E+04  -0.999900E+04  -0.999900E+04  -0.999900E+04   0.199929E+03   0.946581E+02   0.854469E+00   0.200212E+02   0.150000E+02  -0.344169E+00  -0.999900E+04  -0.999900E+04  -0.999900E+04  -0.999900E+04  -0.231106E+01  -0.999900E+04  -0.999900E+04  -0.999900E+04  -0.999900E+04
   0.100000E+01   0.600000E+01   0.308580E+05   0.261905E+06   0.100000E+01   0.600000E+01   0.308580E+05   0.261905E+06   0.199440E+03  -0.999900E+04  -0.999900E+04  -0.999900E+04  -0.999900E+04   0.199440E+03  -0.999900E+04  -0.999900E+04  -0.999900E+04  -0.999900E+04   0.199821E+03   0.946559E+02   0.902302E+00   0.200212E+02   0.150000E+02  -0.381284E+00  -0.999900E+04  -0.999900E+04  -0.999900E+04  -0.999900E+04  -0.256029E+01  -0.999900E+04  -0.999900E+04  -0.999900E+04  -0.999900E+04
   0.100000E+01   0.600000E+01   0.310990E+05   0.261973E+06   0.100000E+01   0.600000E+01   0.310990E+05   0.261973E+06   0.199295E+03  -0.999900E+04  -0.999900E+04  -0.999900E+04  -0.999900E+04   0.199295E+03  -0.999900E+04  -0.999900E+04  -0.999900E+04  -0.999900E+04   0.199643E+03   0.946496E+02   0.670204E+00   0.200212E+02   0.150000E+02  -0.347991E+00  -0.999900E+04  -0.999900E+04  -0.999900E+04  -0.999900E+04  -0.233673E+01  -0.999900E+04  -0.999900E+04  -0.999900E+04  -0.999900E+04
   0.100000E+01   0.600000E+01   0.312780E+05   0.262034E+06   0.100000E+01   0.600000E+01   0.312780E+05   0.262034E+06   0.199062E+03  -0.999900E+04  -0.999900E+04  -0.999900E+04  -0.999900E+04   0.199062E+03  -0.999900E+04  -0.999900E+04  -0.999900E+04  -0.999900E+04   0.199521E+03   0.946448E+02   0.734354E+00   0.200212E+02   0.150000E+02  -0.458957E+00  -0.999900E+04  -0.999900E+04  -0.999900E+04  -0.999900E+04  -0.308185E+01  -0.999900E+04  -0.999900E+04  -0.999900E+04  -0.999900E+04
   0.100000E+01   0.600000E+01   0.313495E+05   0.262044E+06   0.100000E+01   0.600000E+01   0.313495E+05   0.262044E+06   0.198988E+03  -0.999900E+04  -0.999900E+04  -0.999900E+04  -0.999900E+04   0.198988E+03  -0.999900E+04  -0.999900E+04  -0.999900E+04  -0.999900E+04   0.199453E+03   0.946417E+02   0.753942E+00   0.200212E+02   0.150000E+02  -0.465614E+00  -0.999900E+04  -0.999900E+04  -0.999900E+04  -0.999900E+04  -0.312655E+01  -0.999900E+04  -0.999900E+04  -0.999900E+04  -0.999900E+04
   0.100000E+01   0.600000E+01   0.314210E+05   0.262069E+06   0.100000E+01   0.600000E+01   0.314210E+05   0.262069E+06   0.198930E+03  -0.999900E+04  -0.999900E+04  -0.999900E+04  -0.999900E+04   0.198930E+03  -0.999900E+04  -0.999900E+04  -0.999900E+04  -0.999900E+04   0.199383E+03   0.946394E+02   0.766462E+00   0.200212E+02   0.150000E+02  -0.453243E+00  -0.999900E+04  -0.999900E+04  -0.999900E+04  -0.999900E+04  -0.304348E+01  -0.999900E+04  -0.999900E+04  -0.999900E+04  -0.999900E+04
   0.100000E+01   0.600000E+01   0.314940E+05   0.262079E+06   0.100000E+01   0.600000E+01   0.314940E+05   0.262079E+06   0.198875E+03  -0.999900E+04  -0.999900E+04  -0.999900E+04  -0.999900E+04   0.198875E+03  -0.999900E+04  -0.999900E+04  -0.999900E+04  -0.999900E+04   0.199317E+03   0.946363E+02   0.742762E+00   0.200212E+02   0.150000E+02  -0.442404E+00  -0.999900E+04  -0.999900E+04  -0.999900E+04  -0.999900E+04  -0.297070E+01  -0.999900E+04  -0.999900E+04  -0.999900E+04  -0.999900E+04
   0.100000E+01   0.600000E+01   0.315670E+05   0.262099E+06   0.100000E+01   0.600000E+01   0.315670E+05   0.262099E+06   0.198770E+03  -0.999900E+04  -0.999900E+04  -0.999900E+04  -0.999900E+04   0.198770E+03  -0.999900E+04  -0.999900E+04  -0.999900E+04  -0.999900E+04   0.199261E+03   0.946337E+02   0.700569E+00   0.200212E+02   0.150000E+02  -0.491370E+00  -0.999900E+04  -0.999900E+04  -0.999900E+04  -0.999900E+04  -0.329950E+01  -0.999900E+04  -0.999900E+04  -0.999900E+04  -0.999900E+04
   0.100000E+01   0.600000E+01   0.316400E+05   0.262121E+06   0.100000E+01   0.600000E+01   0.316400E+05   0.262121E+06   0.198780E+03  -0.999900E+04  -0.999900E+04  -0.999900E+04  -0.999900E+04   0.198780E+03  -0.999900E+04  -0.999900E+04  -0.999900E+04  -0.999900E+04   0.199218E+03   0.946314E+02   0.650329E+00   0.200212E+02   0.150000E+02  -0.437544E+00  -0.999900E+04  -0.999900E+04  -0.999900E+04  -0.999900E+04  -0.293807E+01  -0.999900E+04  -0.999900E+04  -0.999900E+04  -0.999900E+04
   0.100000E+01   0.600000E+01   0.317130E+05   0.262141E+06   0.100000E+01   0.600000E+01   0.317130E+05   0.262141E+06   0.198735E+03  -0.999900E+04  -0.999900E+04  -0.999900E+04  -0.999900E+04   0.198735E+03  -0.999900E+04  -0.999900E+04  -0.999900E+04  -0.999900E+04   0.199185E+03   0.946292E+02   0.597633E+00   0.200212E+02   0.150000E+02  -0.449615E+00  -0.999900E+04  -0.999900E+04  -0.999900E+04  -0.999900E+04  -0.301912E+01  -0.999900E+04  -0.999900E+04  -0.999900E+04  -0.999900E+04
   0.100000E+01   0.600000E+01   0.317692E+05   0.262159E+06   0.100000E+01   0.600000E+01   0.317692E+05   0.262159E+06   0.198705E+03  -0.999900E+04  -0.999900E+04  -0.999900E+04  -0.999900E+04   0.198705E+03  -0.999900E+04  -0.999900E+04  -0.999900E+04  -0.999900E+04   0.199145E+03   0.946279E+02   0.735415E+00   0.200212E+02   0.150000E+02  -0.439586E+00  -0.999900E+04  -0.999900E+04  -0.999900E+04  -0.999900E+04  -0.295178E+01  -0.999900E+04  -0.999900E+04  -0.999900E+04  -0.999900E+04
   0.100000E+01   0.600000E+01   0.318255E+05   0.262176E+06   0.100000E+01   0.600000E+01   0.318255E+05   0.262176E+06   0.198688E+03  -0.999900E+04  -0.999900E+04  -0.999900E+04  -0.999900E+04   0.198688E+03  -0.999900E+04  -0.999900E+04  -0.999900E+04  -0.999900E+04   0.199088E+03   0.946268E+02   0.839604E+00   0.200212E+02   0.150000E+02  -0.400791E+00  -0.999900E+04  -0.999900E+04  -0.999900E+04  -0.999900E+04  -0.269127E+01  -0.999900E+04  -0.999900E+04  -0.999900E+04  -0.999900E+04
   0.100000E+01   0.600000E+01   0.318818E+05   0.262201E+06   0.100000E+01   0.600000E+01   0.318818E+05   0.262201E+06   0.198655E+03  -0.999900E+04  -0.999900E+04  -0.999900E+04  -0.999900E+04   0.198655E+03  -0.999900E+04  -0.999900E+04  -0.999900E+04  -0.999900E+04   0.199035E+03   0.946263E+02   0.791819E+00   0.200212E+02   0.150000E+02  -0.380279E+00  -0.999900E+04  -0.999900E+04  -0.999900E+04  -0.999900E+04  -0.255354E+01  -0.999900E+04  -0.999900E+04  -0.999900E+04  -0.999900E+04
   0.100000E+01   0.600000E+01   0.319380E+05   0.262209E+06   0.100000E+01   0.600000E+01   0.319380E+05   0.262209E+06   0.198635E+03  -0.999900E+04  -0.999900E+04  -0.999900E+04  -0.999900E+04   0.198635E+03  -0.999900E+04  -0.999900E+04  -0.999900E+04  -0.999900E+04   0.199000E+03   0.946244E+02   0.670743E+00   0.200212E+02   0.150000E+02  -0.365141E+00  -0.999900E+04  -0.999900E+04  -0.999900E+04  -0.999900E+04  -0.245189E+01  -0.999900E+04  -0.999900E+04  -0.999900E+04  -0.999900E+04
   0.100000E+01   0.600000E+01   0.319925E+05   0.262224E+06   0.100000E+01   0.600000E+01   0.319925E+05   0.262224E+06   0.198595E+03  -0.999900E+04  -0.999900E+04  -0.999900E+04  -0.999900E+04   0.198595E+03  -0.999900E+04  -0.999900E+04  -0.999900E+04  -0.999900E+04   0.198962E+03   0.946226E+02   0.700215E+00   0.200212E+02   0.150000E+02  -0.366894E+00  -0.999900E+04  -0.999900E+04  -0.999900E+04  -0.999900E+04  -0.246366E+01  -0.999900E+04  -0.999900E+04  -0.999900E+04  -0.999900E+04
   0.100000E+01   0.600000E+01   0.320470E+05   0.262249E+06   0.100000E+01   0.600000E+01   0.320470E+05   0.262249E+06   0.198560E+03  -0.999900E+04  -0.999900E+04  -0.999900E+04  -0.999900E+04   0.198560E+03  -0.999900E+04  -0.999900E+04  -0.999900E+04  -0.999900E+04   0.198917E+03   0.946210E+02   0.727207E+00   0.200212E+02   0.150000E+02  -0.357074E+00  -0.999900E+04  -0.999900E+04  -0.999900E+04  -0.999900E+04  -0.239772E+01  -0.999900E+04  -0.999900E+04  -0.999900E+04  -0.999900E+04
   0.100000E+01   0.600000E+01   0.321015E+05   0.262264E+06   0.100000E+01   0.600000E+01   0.321015E+05   0.262264E+06   0.198537E+03  -0.999900E+04  -0.999900E+04  -0.999900E+04  -0.999900E+04   0.198537E+03  -0.999900E+04  -0.999900E+04  -0.999900E+04  -0.999900E+04   0.198864E+03   0.946191E+02   0.750613E+00   0.200212E+02   0.150000E+02  -0.326936E+00  -0.999900E+04  -0.999900E+04  -0.999900E+04  -0.999900E+04  -0.219535E+01  -0.999900E+04  -0.999900E+04  -0.999900E+04  -0.999900E+04
   0.100000E+01   0.600000E+01   0.321560E+05   0.262280E+06   0.100000E+01   0.600000E+01   0.321560E+05   0.262280E+06   0.198518E+03  -0.999900E+04  -0.999900E+04  -0.999900E+04  -0.999900E+04   0.198518E+03  -0.999900E+04  -0.999900E+04  -0.999900E+04  -0.999900E+04   0.198804E+03   0.946181E+02   0.773998E+00   0.200212E+02   0.150000E+02  -0.286806E+00  -0.999900E+04  -0.999900E+04  -0.999900E+04  -0.999900E+04  -0.192588E+01  -0.999900E+04  -0.999900E+04  -0.999900E+04  -0.999900E+04
   0.100000E+01   0.600000E+01   0.322105E+05   0.262287E+06   0.100000E+01   0.600000E+01   0.322105E+05   0.262287E+06   0.198455E+03  -0.999900E+04  -0.999900E+04  -0.999900E+04  -0.999900E+04   0.198455E+03  -0.999900E+04  -0.999900E+04  -0.999900E+04  -0.999900E+04   0.198740E+03   0.946167E+02   0.772845E+00   0.200212E+02   0.150000E+02  -0.284932E+00  -0.999900E+04  -0.999900E+04  -0.999900E+04  -0.999900E+04  -0.191329E+01  -0.999900E+04  -0.999900E+04  -0.999900E+04  -0.999900E+04
   0.100000E+01   0.600000E+01   0.322650E+05   0.262302E+06   0.100000E+01   0.600000E+01   0.322650E+05   0.262302E+06   0.198428E+03  -0.999900E+04  -0.999900E+04  -0.999900E+04  -0.999900E+04   0.198428E+03  -0.999900E+04  -0.999900E+04  -0.999900E+04  -0.999900E+04   0.198677E+03   0.946155E+02   0.754161E+00   0.200212E+02   0.150000E+02  -0.249602E+00  -0.999900E+04  -0.999900E+04  -0.999900E+04  -0.999900E+04  -0.167605E+01  -0.999900E+04  -0.999900E+04  -0.999900E+04  -0.999900E+04
   0.100000E+01   0.600000E+01   0.323160E+05   0.262325E+06   0.100000E+01   0.600000E+01   0.323160E+05   0.262325E+06   0.198398E+03  -0.999900E+04  -0.999900E+04  -0.999900E+04  -0.999900E+04   0.198398E+03  -0.999900E+04  -0.999900E+04  -0.999900E+04  -0.999900E+04   0.198621E+03   0.946145E+02   0.730146E+00   0.200212E+02   0.150000E+02  -0.223031E+00  -0.999900E+04  -0.999900E+04  -0.999900E+04  -0.999900E+04  -0.149763E+01  -0.999900E+04  -0.999900E+04  -0.999900E+04  -0.999900E+04
   0.100000E+01   0.600000E+01   0.324070E+05   0.262355E+06   0.100000E+01   0.600000E+01   0.324070E+05   0.262355E+06   0.198312E+03  -0.999900E+04  -0.999900E+04  -0.999900E+04  -0.999900E+04   0.198312E+03  -0.999900E+04  -0.999900E+04  -0.999900E+04  -0.999900E+04   0.198514E+03   0.946120E+02   0.748926E+00   0.200212E+02   0.150000E+02  -0.201979E+00  -0.999900E+04  -0.999900E+04  -0.999900E+04  -0.999900E+04  -0.135627E+01  -0.999900E+04  -0.999900E+04  -0.999900E+04  -0.999900E+04
   0.100000E+01   0.600000E+01   0.324860E+05   0.262367E+06   0.100000E+01   0.600000E+01   0.324860E+05   0.262367E+06   0.198235E+03  -0.999900E+04  -0.999900E+04  -0.999900E+04  -0.999900E+04   0.198235E+03  -0.999900E+04  -0.999900E+04  -0.999900E+04  -0.999900E+04   0.198414E+03   0.946090E+02   0.766088E+00   0.200212E+02   0.150000E+02  -0.178786E+00  -0.999900E+04  -0.999900E+04  -0.999900E+04  -0.999900E+04  -0.120053E+01  -0.999900E+04  -0.999900E+04  -0.999900E+04  -0.999900E+04
   0.100000E+01   0.600000E+01   0.325710E+05   0.262400E+06   0.100000E+01   0.600000E+01   0.325710E+05   0.262400E+06   0.198065E+03  -0.999900E+04  -0.999900E+04  -0.999900E+04  -0.999900E+04   0.198065E+03  -0.999900E+04  -0.999900E+04  -0.999900E+04  -0.999900E+04   0.198284E+03   0.946066E+02   0.807524E+00   0.200212E+02   0.150000E+02  -0.218696E+00  -0.999900E+04  -0.999900E+04  -0.999900E+04  -0.999900E+04  -0.146853E+01  -0.999900E+04  -0.999900E+04  -0.999900E+04  -0.999900E+04
   0.100000E+01   0.600000E+01   0.326400E+05   0.262420E+06   0.100000E+01   0.600000E+01   0.326400E+05   0.262420E+06   0.197912E+03  -0.999900E+04  -0.999900E+04  -0.999900E+04  -0.999900E+04   0.197912E+03  -0.999900E+04  -0.999900E+04  -0.999900E+04  -0.999900E+04   0.198154E+03   0.946042E+02   0.864430E+00   0.200212E+02   0.150000E+02  -0.241007E+00  -0.999900E+04  -0.999900E+04  -0.999900E+04  -0.999900E+04  -0.161834E+01  -0.999900E+04  -0.999900E+04  -0.999900E+04  -0.999900E+04
   0.100000E+01   0.600000E+01   0.327090E+05   0.262442E+06   0.100000E+01   0.600000E+01   0.327090E+05   0.262442E+06   0.197620E+03  -0.999900E+04  -0.999900E+04  -0.999900E+04  -0.999900E+04   0.197620E+03  -0.999900E+04  -0.999900E+04  -0.999900E+04  -0.999900E+04   0.198005E+03   0.946020E+02   0.911831E+00   0.200212E+02   0.150000E+02  -0.384926E+00  -0.999900E+04  -0.999900E+04  -0.999900E+04  -0.999900E+04  -0.258474E+01  -0.999900E+04  -0.999900E+04  -0.999900E+04  -0.999900E+04
   0.100000E+01   0.600000E+01   0.327660E+05   0.262460E+06   0.100000E+01   0.600000E+01   0.327660E+05   0.262460E+06   0.197477E+03  -0.999900E+04  -0.999900E+04  -0.999900E+04  -0.999900E+04   0.197477E+03  -0.999900E+04  -0.999900E+04  -0.999900E+04  -0.999900E+04   0.197886E+03   0.946001E+02   0.907484E+00   0.200212E+02   0.150000E+02  -0.408560E+00  -0.999900E+04  -0.999900E+04  -0.999900E+04  -0.999900E+04  -0.274344E+01  -0.999900E+04  -0.999900E+04  -0.999900E+04  -0.999900E+04
   0.100000E+01   0.600000E+01   0.328230E+05   0.262480E+06   0.100000E+01   0.600000E+01   0.328230E+05   0.262480E+06   0.197425E+03  -0.999900E+04  -0.999900E+04  -0.999900E+04  -0.999900E+04   0.197425E+03  -0.999900E+04  -0.999900E+04  -0.999900E+04  -0.999900E+04   0.197783E+03   0.945985E+02   0.880920E+00   0.200212E+02   0.150000E+02  -0.357575E+00  -0.999900E+04  -0.999900E+04  -0.999900E+04  -0.999900E+04  -0.240109E+01  -0.999900E+04  -0.999900E+04  -0.999900E+04  -0.999900E+04
   0.100000E+01   0.600000E+01   0.328800E+05   0.262490E+06   0.100000E+01   0.600000E+01   0.328800E+05   0.262490E+06   0.197368E+03  -0.999900E+04  -0.999900E+04  -0.999900E+04  -0.999900E+04   0.197368E+03  -0.999900E+04  -0.999900E+04  -0.999900E+04  -0.999900E+04   0.197700E+03   0.945962E+02   0.835299E+00   0.200212E+02   0.150000E+02  -0.332370E+00  -0.999900E+04  -0.999900E+04  -0.999900E+04  -0.999900E+04  -0.223183E+01  -0.999900E+04  -0.999900E+04  -0.999900E+04  -0.999900E+04
   0.100000E+01   0.600000E+01   0.329478E+05   0.262518E+06   0.100000E+01   0.600000E+01   0.329478E+05   0.262518E+06   0.197257E+03  -0.999900E+04  -0.999900E+04  -0.999900E+04  -0.999900E+04   0.197257E+03  -0.999900E+04  -0.999900E+04  -0.999900E+04  -0.999900E+04   0.197597E+03   0.945948E+02   0.905791E+00   0.200212E+02   0.150000E+02  -0.339455E+00  -0.999900E+04  -0.999900E+04  -0.999900E+04  -0.999900E+04  -0.227941E+01  -0.999900E+04  -0.999900E+04  -0.999900E+04  -0.999900E+04
   0.100000E+01   0.600000E+01   0.330155E+05   0.262538E+06   0.100000E+01   0.600000E+01   0.330155E+05   0.262538E+06   0.197183E+03  -0.999900E+04  -0.999900E+04  -0.999900E+04  -0.999900E+04   0.197183E+03  -0.999900E+04  -0.999900E+04  -0.999900E+04  -0.999900E+04   0.197492E+03   0.945933E+02   0.927092E+00   0.200212E+02   0.150000E+02  -0.309973E+00  -0.999900E+04  -0.999900E+04  -0.999900E+04  -0.999900E+04  -0.208144E+01  -0.999900E+04  -0.999900E+04  -0.999900E+04  -0.999900E+04
   0.100000E+01   0.600000E+01   0.330832E+05   0.262548E+06   0.100000E+01   0.600000E+01   0.330832E+05   0.262548E+06   0.197125E+03  -0.999900E+04  -0.999900E+04  -0.999900E+04  -0.999900E+04   0.197125E+03  -0.999900E+04  -0.999900E+04  -0.999900E+04  -0.999900E+04   0.197386E+03   0.945913E+02   0.940363E+00   0.200212E+02   0.150000E+02  -0.261436E+00  -0.999900E+04  -0.999900E+04  -0.999900E+04  -0.999900E+04  -0.175552E+01  -0.999900E+04  -0.999900E+04  -0.999900E+04  -0.999900E+04
   0.100000E+01   0.600000E+01   0.331510E+05   0.262566E+06   0.100000E+01   0.600000E+01   0.331510E+05   0.262566E+06   0.197045E+03  -0.999900E+04  -0.999900E+04  -0.999900E+04  -0.999900E+04   0.197045E+03  -0.999900E+04  -0.999900E+04  -0.999900E+04  -0.999900E+04   0.197269E+03   0.945898E+02   0.965761E+00   0.200212E+02   0.150000E+02  -0.224479E+00  -0.999900E+04  -0.999900E+04  -0.999900E+04  -0.999900E+04  -0.150736E+01  -0.999900E+04  -0.999900E+04  -0.999900E+04  -0.999900E+04
   0.100000E+01   0.600000E+01   0.332045E+05   0.262588E+06   0.100000E+01   0.600000E+01   0.332045E+05   0.262588E+06   0.197005E+03  -0.999900E+04  -0.999900E+04  -0.999900E+04  -0.999900E+04   0.197005E+03  -0.999900E+04  -0.999900E+04  -0.999900E+04  -0.999900E+04   0.197186E+03   0.945890E+02   0.904267E+00   0.200212E+02   0.150000E+02  -0.180567E+00  -0.999900E+04  -0.999900E+04  -0.999900E+04  -0.999900E+04  -0.121249E+01  -0.999900E+04  -0.999900E+04  -0.999900E+04  -0.999900E+04
   0.100000E+01   0.600000E+01   0.332580E+05   0.262603E+06   0.100000E+01   0.600000E+01   0.332580E+05   0.262603E+06   0.196982E+03  -0.999900E+04  -0.999900E+04  -0.999900E+04  -0.999900E+04   0.196982E+03  -0.999900E+04  -0.999900E+04  -0.999900E+04  -0.999900E+04   0.197119E+03   0.945878E+02   0.853039E+00   0.200212E+02   0.150000E+02  -0.136703E+00  -0.999900E+04  -0.999900E+04  -0.999900E+04  -0.999900E+04  -0.917948E+00  -0.999900E+04  -0.999900E+04  -0.999900E+04  -0.999900E+04
   0.100000E+01   0.600000E+01   0.333165E+05   0.262621E+06   0.100000E+01   0.600000E+01   0.333165E+05   0.262621E+06   0.196942E+03  -0.999900E+04  -0.999900E+04  -0.999900E+04  -0.999900E+04   0.196942E+03  -0.999900E+04  -0.999900E+04  -0.999900E+04  -0.999900E+04   0.197040E+03   0.945869E+02   0.915086E+00   0.200212E+02   0.150000E+02  -0.974464E-01  -0.999900E+04  -0.999900E+04  -0.999900E+04  -0.999900E+04  -0.654344E+00  -0.999900E+04  -0.999900E+04  -0.999900E+04  -0.999900E+04
   0.100000E+01   0.600000E+01   0.333750E+05   0.262628E+06   0.100000E+01   0.600000E+01   0.333750E+05   0.262628E+06   0.196800E+03  -0.999900E+04  -0.999900E+04  -0.999900E+04  -0.999900E+04   0.196800E+03  -0.999900E+04  -0.999900E+04  -0.999900E+04  -0.999900E+04   0.196936E+03   0.945853E+02   0.983688E+00   0.200212E+02   0.150000E+02  -0.136037E+00  -0.999900E+04  -0.999900E+04  -0.999900E+04  -0.999900E+04  -0.913476E+00  -0.999900E+04  -0.999900E+04  -0.999900E+04  -0.999900E+04
   0.100000E+01   0.600000E+01   0.334920E+05   0.262668E+06   0.100000E+01   0.600000E+01   0.334920E+05   0.262668E+06   0.196512E+03  -0.999900E+04  -0.999900E+04  -0.999900E+04  -0.999900E+04   0.196512E+03  -0.999900E+04  -0.999900E+04  -0.999900E+04  -0.999900E+04   0.196559E+03   0.945837E+02   0.129927E+01   0.200212E+02   0.150000E+02  -0.464520E-01  -0.999900E+04  -0.999900E+04  -0.999900E+04  -0.999900E+04  -0.311921E+00  -0.999900E+04  -0.999900E+04  -0.999900E+04  -0.999900E+04
   0.100000E+01   0.600000E+01   0.336640E+05   0.262701E+06   0.100000E+01   0.600000E+01   0.336640E+05   0.262701E+06   0.196180E+03  -0.999900E+04  -0.999900E+04  -0.999900E+04  -0.999900E+04   0.196180E+03  -0.999900E+04  -0.999900E+04  -0.999900E+04  -0.999900E+04   0.196129E+03   0.945782E+02   0.878955E+00   0.200212E+02   0.150000E+02   0.505210E-01  -0.999900E+04  -0.999900E+04  -0.999900E+04  -0.999900E+04   0.339244E+00  -0.999900E+04  -0.999900E+04  -0.999900E+04  -0.999900E+04
   0.100000E+01   0.600000E+01   0.337360E+05   0.262731E+06   0.100000E+01   0.600000E+01   0.337360E+05   0.262731E+06   0.195915E+03  -0.999900E+04  -0.999900E+04  -0.999900E+04  -0.999900E+04   0.195915E+03  -0.999900E+04  -0.999900E+04  -0.999900E+04  -0.999900E+04   0.196037E+03   0.945767E+02   0.879326E+00   0.200212E+02   0.150000E+02  -0.122013E+00  -0.999900E+04  -0.999900E+04  -0.999900E+04  -0.999900E+04  -0.819308E+00  -0.999900E+04  -0.999900E+04  -0.999900E+04  -0.999900E+04
   0.100000E+01   0.600000E+01   0.337590E+05   0.262731E+06   0.100000E+01   0.600000E+01   0.337590E+05   0.262731E+06   0.195805E+03  -0.999900E+04  -0.999900E+04  -0.999900E+04  -0.999900E+04   0.195805E+03  -0.999900E+04  -0.999900E+04  -0.999900E+04  -0.999900E+04   0.196007E+03   0.945758E+02   0.879443E+00   0.200212E+02   0.150000E+02  -0.202472E+00  -0.999900E+04  -0.999900E+04  -0.999900E+04  -0.999900E+04  -0.135958E+01  -0.999900E+04  -0.999900E+04  -0.999900E+04  -0.999900E+04
   0.100000E+01   0.600000E+01   0.338390E+05   0.262761E+06   0.100000E+01   0.600000E+01   0.338390E+05   0.262761E+06   0.195577E+03  -0.999900E+04  -0.999900E+04  -0.999900E+04  -0.999900E+04   0.195577E+03  -0.999900E+04  -0.999900E+04  -0.999900E+04  -0.999900E+04   0.195905E+03   0.945738E+02   0.879860E+00   0.200212E+02   0.150000E+02  -0.327234E+00  -0.999900E+04  -0.999900E+04  -0.999900E+04  -0.999900E+04  -0.219734E+01  -0.999900E+04  -0.999900E+04  -0.999900E+04  -0.999900E+04
   0.100000E+01   0.600000E+01   0.338935E+05   0.262778E+06   0.100000E+01   0.600000E+01   0.338935E+05   0.262778E+06   0.195550E+03  -0.999900E+04  -0.999900E+04  -0.999900E+04  -0.999900E+04   0.195550E+03  -0.999900E+04  -0.999900E+04  -0.999900E+04  -0.999900E+04   0.195840E+03   0.945731E+02   0.100462E+01   0.200212E+02   0.150000E+02  -0.289757E+00  -0.999900E+04  -0.999900E+04  -0.999900E+04  -0.999900E+04  -0.194569E+01  -0.999900E+04  -0.999900E+04  -0.999900E+04  -0.999900E+04
   0.100000E+01   0.600000E+01   0.339480E+05   0.262803E+06   0.100000E+01   0.600000E+01   0.339480E+05   0.262803E+06   0.195518E+03  -0.999900E+04  -0.999900E+04  -0.999900E+04  -0.999900E+04   0.195518E+03  -0.999900E+04  -0.999900E+04  -0.999900E+04  -0.999900E+04   0.195753E+03   0.945729E+02   0.111387E+01   0.200212E+02   0.150000E+02  -0.235233E+00  -0.999900E+04  -0.999900E+04  -0.999900E+04  -0.999900E+04  -0.157957E+01  -0.999900E+04  -0.999900E+04  -0.999900E+04  -0.999900E+04
   0.100000E+01   0.600000E+01   0.340025E+05   0.262811E+06   0.100000E+01   0.600000E+01   0.340025E+05   0.262811E+06   0.195450E+03  -0.999900E+04  -0.999900E+04  -0.999900E+04  -0.999900E+04   0.195450E+03  -0.999900E+04  -0.999900E+04  -0.999900E+04  -0.999900E+04   0.195651E+03   0.945720E+02   0.115117E+01   0.200212E+02   0.150000E+02  -0.201464E+00  -0.999900E+04  -0.999900E+04  -0.999900E+04  -0.999900E+04  -0.135281E+01  -0.999900E+04  -0.999900E+04  -0.999900E+04  -0.999900E+04
   0.100000E+01   0.600000E+01   0.340570E+05   0.262833E+06   0.100000E+01   0.600000E+01   0.340570E+05   0.262833E+06   0.195380E+03  -0.999900E+04  -0.999900E+04  -0.999900E+04  -0.999900E+04   0.195380E+03  -0.999900E+04  -0.999900E+04  -0.999900E+04  -0.999900E+04   0.195558E+03   0.945717E+02   0.107206E+01   0.200212E+02   0.150000E+02  -0.177664E+00  -0.999900E+04  -0.999900E+04  -0.999900E+04  -0.999900E+04  -0.119300E+01  -0.999900E+04  -0.999900E+04  -0.999900E+04  -0.999900E+04
   0.100000E+01   0.600000E+01   0.341225E+05   0.262851E+06   0.100000E+01   0.600000E+01   0.341225E+05   0.262851E+06   0.195290E+03  -0.999900E+04  -0.999900E+04  -0.999900E+04  -0.999900E+04   0.195290E+03  -0.999900E+04  -0.999900E+04  -0.999900E+04  -0.999900E+04   0.195499E+03   0.945706E+02   0.799660E+00   0.200212E+02   0.150000E+02  -0.209416E+00  -0.999900E+04  -0.999900E+04  -0.999900E+04  -0.999900E+04  -0.140621E+01  -0.999900E+04  -0.999900E+04  -0.999900E+04  -0.999900E+04
   0.100000E+01   0.600000E+01   0.341880E+05   0.262858E+06   0.100000E+01   0.600000E+01   0.341880E+05   0.262858E+06   0.195062E+03  -0.999900E+04  -0.999900E+04  -0.999900E+04  -0.999900E+04   0.195062E+03  -0.999900E+04  -0.999900E+04  -0.999900E+04  -0.999900E+04   0.195432E+03   0.945686E+02   0.831016E+00   0.200212E+02   0.150000E+02  -0.369655E+00  -0.999900E+04  -0.999900E+04  -0.999900E+04  -0.999900E+04  -0.248220E+01  -0.999900E+04  -0.999900E+04  -0.999900E+04  -0.999900E+04
   0.100000E+01   0.600000E+01   0.342410E+05   0.262871E+06   0.100000E+01   0.600000E+01   0.342410E+05   0.262871E+06   0.194947E+03  -0.999900E+04  -0.999900E+04  -0.999900E+04  -0.999900E+04   0.194947E+03  -0.999900E+04  -0.999900E+04  -0.999900E+04  -0.999900E+04   0.195372E+03   0.945674E+02   0.834105E+00   0.200212E+02   0.150000E+02  -0.424465E+00  -0.999900E+04  -0.999900E+04  -0.999900E+04  -0.999900E+04  -0.285025E+01  -0.999900E+04  -0.999900E+04  -0.999900E+04  -0.999900E+04
   0.100000E+01   0.600000E+01   0.342940E+05   0.262884E+06   0.100000E+01   0.600000E+01   0.342940E+05   0.262884E+06   0.194905E+03  -0.999900E+04  -0.999900E+04  -0.999900E+04  -0.999900E+04   0.194905E+03  -0.999900E+04  -0.999900E+04  -0.999900E+04  -0.999900E+04   0.195310E+03   0.945662E+02   0.840555E+00   0.200212E+02   0.150000E+02  -0.404611E+00  -0.999900E+04  -0.999900E+04  -0.999900E+04  -0.999900E+04  -0.271692E+01  -0.999900E+04  -0.999900E+04  -0.999900E+04  -0.999900E+04
   0.100000E+01   0.600000E+01   0.343470E+05   0.262897E+06   0.100000E+01   0.600000E+01   0.343470E+05   0.262897E+06   0.194868E+03  -0.999900E+04  -0.999900E+04  -0.999900E+04  -0.999900E+04   0.194868E+03  -0.999900E+04  -0.999900E+04  -0.999900E+04  -0.999900E+04   0.195244E+03   0.945649E+02   0.850408E+00   0.200212E+02   0.150000E+02  -0.376410E+00  -0.999900E+04  -0.999900E+04  -0.999900E+04  -0.999900E+04  -0.252756E+01  -0.999900E+04  -0.999900E+04  -0.999900E+04  -0.999900E+04
   0.100000E+01   0.600000E+01   0.344000E+05   0.262919E+06   0.100000E+01   0.600000E+01   0.344000E+05   0.262919E+06   0.194827E+03  -0.999900E+04  -0.999900E+04  -0.999900E+04  -0.999900E+04   0.194827E+03  -0.999900E+04  -0.999900E+04  -0.999900E+04  -0.999900E+04   0.195174E+03   0.945641E+02   0.863910E+00   0.200212E+02   0.150000E+02  -0.346444E+00  -0.999900E+04  -0.999900E+04  -0.999900E+04  -0.999900E+04  -0.232634E+01  -0.999900E+04  -0.999900E+04  -0.999900E+04  -0.999900E+04
   0.100000E+01   0.600000E+01   0.344530E+05   0.262934E+06   0.100000E+01   0.600000E+01   0.344530E+05   0.262934E+06   0.194768E+03  -0.999900E+04  -0.999900E+04  -0.999900E+04  -0.999900E+04   0.194768E+03  -0.999900E+04  -0.999900E+04  -0.999900E+04  -0.999900E+04   0.195099E+03   0.945630E+02   0.881778E+00   0.200212E+02   0.150000E+02  -0.331423E+00  -0.999900E+04  -0.999900E+04  -0.999900E+04  -0.999900E+04  -0.222547E+01  -0.999900E+04  -0.999900E+04  -0.999900E+04  -0.999900E+04
   0.100000E+01   0.600000E+01   0.345060E+05   0.262947E+06   0.100000E+01   0.600000E+01   0.345060E+05   0.262947E+06   0.194713E+03  -0.999900E+04  -0.999900E+04  -0.999900E+04  -0.999900E+04   0.194713E+03  -0.999900E+04  -0.999900E+04  -0.999900E+04  -0.999900E+04   0.195016E+03   0.945616E+02   0.903571E+00   0.200212E+02   0.150000E+02  -0.303238E+00  -0.999900E+04  -0.999900E+04  -0.999900E+04  -0.999900E+04  -0.203622E+01  -0.999900E+04  -0.999900E+04  -0.999900E+04  -0.999900E+04
   0.100000E+01   0.600000E+01   0.345590E+05   0.262952E+06   0.100000E+01   0.600000E+01   0.345590E+05   0.262952E+06   0.194570E+03  -0.999900E+04  -0.999900E+04  -0.999900E+04  -0.999900E+04   0.194570E+03  -0.999900E+04  -0.999900E+04  -0.999900E+04  -0.999900E+04   0.194924E+03   0.945598E+02   0.929589E+00   0.200212E+02   0.150000E+02  -0.354111E+00  -0.999900E+04  -0.999900E+04  -0.999900E+04  -0.999900E+04  -0.237782E+01  -0.999900E+04  -0.999900E+04  -0.999900E+04  -0.999900E+04
   0.100000E+01   0.600000E+01   0.346146E+05   0.262974E+06   0.100000E+01   0.600000E+01   0.346146E+05   0.262974E+06   0.194445E+03  -0.999900E+04  -0.999900E+04  -0.999900E+04  -0.999900E+04   0.194445E+03  -0.999900E+04  -0.999900E+04  -0.999900E+04  -0.999900E+04   0.194838E+03   0.945589E+02   0.911427E+00   0.200212E+02   0.150000E+02  -0.392924E+00  -0.999900E+04  -0.999900E+04  -0.999900E+04  -0.999900E+04  -0.263845E+01  -0.999900E+04  -0.999900E+04  -0.999900E+04  -0.999900E+04
   0.100000E+01   0.600000E+01   0.346702E+05   0.262979E+06   0.100000E+01   0.600000E+01   0.346702E+05   0.262979E+06   0.194420E+03  -0.999900E+04  -0.999900E+04  -0.999900E+04  -0.999900E+04   0.194420E+03  -0.999900E+04  -0.999900E+04  -0.999900E+04  -0.999900E+04   0.194772E+03   0.945572E+02   0.865584E+00   0.200212E+02   0.150000E+02  -0.352090E+00  -0.999900E+04  -0.999900E+04  -0.999900E+04  -0.999900E+04  -0.236425E+01  -0.999900E+04  -0.999900E+04  -0.999900E+04  -0.999900E+04
   0.100000E+01   0.600000E+01   0.347258E+05   0.262994E+06   0.100000E+01   0.600000E+01   0.347258E+05   0.262994E+06   0.194363E+03  -0.999900E+04  -0.999900E+04  -0.999900E+04  -0.999900E+04   0.194363E+03  -0.999900E+04  -0.999900E+04  -0.999900E+04  -0.999900E+04   0.194724E+03   0.945562E+02   0.804348E+00   0.200212E+02   0.150000E+02  -0.361969E+00  -0.999900E+04  -0.999900E+04  -0.999900E+04  -0.999900E+04  -0.243059E+01  -0.999900E+04  -0.999900E+04  -0.999900E+04  -0.999900E+04
   0.100000E+01   0.600000E+01   0.347814E+05   0.263019E+06   0.100000E+01   0.600000E+01   0.347814E+05   0.263019E+06   0.194350E+03  -0.999900E+04  -0.999900E+04  -0.999900E+04  -0.999900E+04   0.194350E+03  -0.999900E+04  -0.999900E+04  -0.999900E+04  -0.999900E+04   0.194691E+03   0.945557E+02   0.734841E+00   0.200212E+02   0.150000E+02  -0.341201E+00  -0.999900E+04  -0.999900E+04  -0.999900E+04  -0.999900E+04  -0.229113E+01  -0.999900E+04  -0.999900E+04  -0.999900E+04  -0.999900E+04
   0.100000E+01   0.600000E+01   0.348370E+05   0.263027E+06   0.100000E+01   0.600000E+01   0.348370E+05   0.263027E+06   0.194338E+03  -0.999900E+04  -0.999900E+04  -0.999900E+04  -0.999900E+04   0.194338E+03  -0.999900E+04  -0.999900E+04  -0.999900E+04  -0.999900E+04   0.194669E+03   0.945544E+02   0.661849E+00   0.200212E+02   0.150000E+02  -0.331192E+00  -0.999900E+04  -0.999900E+04  -0.999900E+04  -0.999900E+04  -0.222393E+01  -0.999900E+04  -0.999900E+04  -0.999900E+04  -0.999900E+04
   0.100000E+01   0.600000E+01   0.349027E+05   0.263047E+06   0.100000E+01   0.600000E+01   0.349027E+05   0.263047E+06   0.194317E+03  -0.999900E+04  -0.999900E+04  -0.999900E+04  -0.999900E+04   0.194317E+03  -0.999900E+04  -0.999900E+04  -0.999900E+04  -0.999900E+04   0.194636E+03   0.945533E+02   0.680916E+00   0.200212E+02   0.150000E+02  -0.318737E+00  -0.999900E+04  -0.999900E+04  -0.999900E+04  -0.999900E+04  -0.214029E+01  -0.999900E+04  -0.999900E+04  -0.999900E+04  -0.999900E+04
   0.100000E+01   0.600000E+01   0.349683E+05   0.263074E+06   0.100000E+01   0.600000E+01   0.349683E+05   0.263074E+06   0.194275E+03  -0.999900E+04  -0.999900E+04  -0.999900E+04  -0.999900E+04   0.194275E+03  -0.999900E+04  -0.999900E+04  -0.999900E+04  -0.999900E+04   0.194589E+03   0.945523E+02   0.736830E+00   0.200212E+02   0.150000E+02  -0.313757E+00  -0.999900E+04  -0.999900E+04  -0.999900E+04  -0.999900E+04  -0.210685E+01  -0.999900E+04  -0.999900E+04  -0.999900E+04  -0.999900E+04
   0.100000E+01   0.600000E+01   0.350340E+05   0.263082E+06   0.100000E+01   0.600000E+01   0.350340E+05   0.263082E+06   0.194222E+03  -0.999900E+04  -0.999900E+04  -0.999900E+04  -0.999900E+04   0.194222E+03  -0.999900E+04  -0.999900E+04  -0.999900E+04  -0.999900E+04   0.194523E+03   0.945504E+02   0.814931E+00   0.200212E+02   0.150000E+02  -0.300876E+00  -0.999900E+04  -0.999900E+04  -0.999900E+04  -0.999900E+04  -0.202036E+01  -0.999900E+04  -0.999900E+04  -0.999900E+04  -0.999900E+04
   0.100000E+01   0.600000E+01   0.351540E+05   0.263112E+06   0.100000E+01   0.600000E+01   0.351540E+05   0.263112E+06   0.194127E+03  -0.999900E+04  -0.999900E+04  -0.999900E+04  -0.999900E+04   0.194127E+03  -0.999900E+04  -0.999900E+04  -0.999900E+04  -0.999900E+04   0.194387E+03   0.945480E+02   0.869031E+00   0.200212E+02   0.150000E+02  -0.259895E+00  -0.999900E+04  -0.999900E+04  -0.999900E+04  -0.999900E+04  -0.174517E+01  -0.999900E+04  -0.999900E+04  -0.999900E+04  -0.999900E+04
   0.100000E+01   0.600000E+01   0.352740E+05   0.263155E+06   0.100000E+01   0.600000E+01   0.352740E+05   0.263155E+06   0.193945E+03  -0.999900E+04  -0.999900E+04  -0.999900E+04  -0.999900E+04   0.193945E+03  -0.999900E+04  -0.999900E+04  -0.999900E+04  -0.999900E+04   0.194245E+03   0.945465E+02   0.857136E+00   0.200212E+02   0.150000E+02  -0.300091E+00  -0.999900E+04  -0.999900E+04  -0.999900E+04  -0.999900E+04  -0.201508E+01  -0.999900E+04  -0.999900E+04  -0.999900E+04  -0.999900E+04
   0.100000E+01   0.600000E+01   0.353940E+05   0.263185E+06   0.100000E+01   0.600000E+01   0.353940E+05   0.263185E+06   0.193885E+03  -0.999900E+04  -0.999900E+04  -0.999900E+04  -0.999900E+04   0.193885E+03  -0.999900E+04  -0.999900E+04  -0.999900E+04  -0.999900E+04   0.194122E+03   0.945444E+02   0.784118E+00   0.200212E+02   0.150000E+02  -0.237024E+00  -0.999900E+04  -0.999900E+04  -0.999900E+04  -0.999900E+04  -0.159160E+01  -0.999900E+04  -0.999900E+04  -0.999900E+04  -0.999900E+04
   0.100000E+01   0.600000E+01   0.355140E+05   0.263208E+06   0.100000E+01   0.600000E+01   0.355140E+05   0.263208E+06   0.193808E+03  -0.999900E+04  -0.999900E+04  -0.999900E+04  -0.999900E+04   0.193808E+03  -0.999900E+04  -0.999900E+04  -0.999900E+04  -0.999900E+04   0.194034E+03   0.945419E+02   0.671041E+00   0.200212E+02   0.150000E+02  -0.226891E+00  -0.999900E+04  -0.999900E+04  -0.999900E+04  -0.999900E+04  -0.152355E+01  -0.999900E+04  -0.999900E+04  -0.999900E+04  -0.999900E+04
   0.100000E+01   0.600000E+01   0.356210E+05   0.263250E+06   0.100000E+01   0.600000E+01   0.356210E+05   0.263250E+06   0.193740E+03  -0.999900E+04  -0.999900E+04  -0.999900E+04  -0.999900E+04   0.193740E+03  -0.999900E+04  -0.999900E+04  -0.999900E+04  -0.999900E+04   0.193946E+03   0.945405E+02   0.718031E+00   0.200212E+02   0.150000E+02  -0.205637E+00  -0.999900E+04  -0.999900E+04  -0.999900E+04  -0.999900E+04  -0.138083E+01  -0.999900E+04  -0.999900E+04  -0.999900E+04  -0.999900E+04
   0.100000E+01   0.600000E+01   0.357280E+05   0.263460E+06   0.100000E+01   0.600000E+01   0.357280E+05   0.263460E+06   0.193630E+03  -0.999900E+04  -0.999900E+04  -0.999900E+04  -0.999900E+04   0.193630E+03  -0.999900E+04  -0.999900E+04  -0.999900E+04  -0.999900E+04   0.193795E+03   0.945467E+02   0.841957E+00   0.200212E+02   0.150000E+02  -0.164528E+00  -0.999900E+04  -0.999900E+04  -0.999900E+04  -0.999900E+04  -0.110479E+01  -0.999900E+04  -0.999900E+04  -0.999900E+04  -0.999900E+04
   0.100000E+01   0.600000E+01   0.358457E+05   0.263483E+06   0.100000E+01   0.600000E+01   0.358457E+05   0.263483E+06   0.193398E+03  -0.999900E+04  -0.999900E+04  -0.999900E+04  -0.999900E+04   0.193398E+03  -0.999900E+04  -0.999900E+04  -0.999900E+04  -0.999900E+04   0.193567E+03   0.945439E+02   0.869395E+00   0.200212E+02   0.150000E+02  -0.169801E+00  -0.999900E+04  -0.999900E+04  -0.999900E+04  -0.999900E+04  -0.114020E+01  -0.999900E+04  -0.999900E+04  -0.999900E+04  -0.999900E+04
   0.100000E+01   0.600000E+01   0.359633E+05   0.263515E+06   0.100000E+01   0.600000E+01   0.359633E+05   0.263515E+06   0.193155E+03  -0.999900E+04  -0.999900E+04  -0.999900E+04  -0.999900E+04   0.193155E+03  -0.999900E+04  -0.999900E+04  -0.999900E+04  -0.999900E+04   0.193325E+03   0.945417E+02   0.897037E+00   0.200212E+02   0.150000E+02  -0.169648E+00  -0.999900E+04  -0.999900E+04  -0.999900E+04  -0.999900E+04  -0.113917E+01  -0.999900E+04  -0.999900E+04  -0.999900E+04  -0.999900E+04
   0.100000E+01   0.600000E+01   0.360810E+05   0.263552E+06   0.100000E+01   0.600000E+01   0.360810E+05   0.263552E+06   0.192933E+03  -0.999900E+04  -0.999900E+04  -0.999900E+04  -0.999900E+04   0.192933E+03  -0.999900E+04  -0.999900E+04  -0.999900E+04  -0.999900E+04   0.193040E+03   0.945402E+02   0.975783E+00   0.200212E+02   0.150000E+02  -0.107654E+00  -0.999900E+04  -0.999900E+04  -0.999900E+04  -0.999900E+04  -0.722887E+00  -0.999900E+04  -0.999900E+04  -0.999900E+04  -0.999900E+04
   0.100000E+01   0.600000E+01   0.362130E+05   0.263590E+06   0.100000E+01   0.600000E+01   0.362130E+05   0.263590E+06   0.192570E+03  -0.999900E+04  -0.999900E+04  -0.999900E+04  -0.999900E+04   0.192570E+03  -0.999900E+04  -0.999900E+04  -0.999900E+04  -0.999900E+04   0.192651E+03   0.945377E+02   0.959226E+00   0.200212E+02   0.150000E+02  -0.807586E-01  -0.999900E+04  -0.999900E+04  -0.999900E+04  -0.999900E+04  -0.542287E+00  -0.999900E+04  -0.999900E+04  -0.999900E+04  -0.999900E+04
   0.100000E+01   0.600000E+01   0.362667E+05   0.263605E+06   0.100000E+01   0.600000E+01   0.362667E+05   0.263605E+06   0.192390E+03  -0.999900E+04  -0.999900E+04  -0.999900E+04  -0.999900E+04   0.192390E+03  -0.999900E+04  -0.999900E+04  -0.999900E+04  -0.999900E+04   0.192492E+03   0.945362E+02   0.980395E+00   0.200212E+02   0.150000E+02  -0.101716E+00  -0.999900E+04  -0.999900E+04  -0.999900E+04  -0.999900E+04  -0.683016E+00  -0.999900E+04  -0.999900E+04  -0.999900E+04  -0.999900E+04
   0.100000E+01   0.600000E+01   0.363203E+05   0.263620E+06   0.100000E+01   0.600000E+01   0.363203E+05   0.263620E+06   0.192235E+03  -0.999900E+04  -0.999900E+04  -0.999900E+04  -0.999900E+04   0.192235E+03  -0.999900E+04  -0.999900E+04  -0.999900E+04  -0.999900E+04   0.192391E+03   0.945349E+02   0.870373E+00   0.200212E+02   0.150000E+02  -0.156111E+00  -0.999900E+04  -0.999900E+04  -0.999900E+04  -0.999900E+04  -0.104827E+01  -0.999900E+04  -0.999900E+04  -0.999900E+04  -0.999900E+04
   0.100000E+01   0.600000E+01   0.363740E+05   0.263650E+06   0.100000E+01   0.600000E+01   0.363740E+05   0.263650E+06   0.192125E+03  -0.999900E+04  -0.999900E+04  -0.999900E+04  -0.999900E+04   0.192125E+03  -0.999900E+04  -0.999900E+04  -0.999900E+04  -0.999900E+04   0.192334E+03   0.945343E+02   0.770788E+00   0.200212E+02   0.150000E+02  -0.208635E+00  -0.999900E+04  -0.999900E+04  -0.999900E+04  -0.999900E+04  -0.140096E+01  -0.999900E+04  -0.999900E+04  -0.999900E+04  -0.999900E+04
   0.100000E+01   0.600000E+01   0.364275E+05   0.263675E+06   0.100000E+01   0.600000E+01   0.364275E+05   0.263675E+06   0.192143E+03  -0.999900E+04  -0.999900E+04  -0.999900E+04  -0.999900E+04   0.192143E+03  -0.999900E+04  -0.999900E+04  -0.999900E+04  -0.999900E+04   0.192224E+03   0.945338E+02   0.108214E+01   0.200212E+02   0.150000E+02  -0.814056E-01  -0.999900E+04  -0.999900E+04  -0.999900E+04  -0.999900E+04  -0.546631E+00  -0.999900E+04  -0.999900E+04  -0.999900E+04  -0.999900E+04
   0.100000E+01   0.600000E+01   0.364810E+05   0.263685E+06   0.100000E+01   0.600000E+01   0.364810E+05   0.263685E+06   0.192070E+03  -0.999900E+04  -0.999900E+04  -0.999900E+04  -0.999900E+04   0.192070E+03  -0.999900E+04  -0.999900E+04  -0.999900E+04  -0.999900E+04   0.192129E+03   0.945326E+02   0.917259E+00   0.200212E+02   0.150000E+02  -0.586415E-01  -0.999900E+04  -0.999900E+04  -0.999900E+04  -0.999900E+04  -0.393772E+00  -0.999900E+04  -0.999900E+04  -0.999900E+04  -0.999900E+04
   0.100000E+01   0.600000E+01   0.365925E+05   0.263727E+06   0.100000E+01   0.600000E+01   0.365925E+05   0.263727E+06   0.191730E+03  -0.999900E+04  -0.999900E+04  -0.999900E+04  -0.999900E+04   0.191730E+03  -0.999900E+04  -0.999900E+04  -0.999900E+04  -0.999900E+04   0.191912E+03   0.945308E+02   0.974998E+00   0.200212E+02   0.150000E+02  -0.181700E+00  -0.999900E+04  -0.999900E+04  -0.999900E+04  -0.999900E+04  -0.122010E+01  -0.999900E+04  -0.999900E+04  -0.999900E+04  -0.999900E+04
   0.100000E+01   0.600000E+01   0.367040E+05   0.263752E+06   0.100000E+01   0.600000E+01   0.367040E+05   0.263752E+06   0.191655E+03  -0.999900E+04  -0.999900E+04  -0.999900E+04  -0.999900E+04   0.191655E+03  -0.999900E+04  -0.999900E+04  -0.999900E+04  -0.999900E+04   0.191775E+03   0.945283E+02   0.780772E+00   0.200212E+02   0.150000E+02  -0.120311E+00  -0.999900E+04  -0.999900E+04  -0.999900E+04  -0.999900E+04  -0.807879E+00  -0.999900E+04  -0.999900E+04  -0.999900E+04  -0.999900E+04
   0.100000E+01   0.600000E+01   0.367765E+05   0.263783E+06   0.100000E+01   0.600000E+01   0.367765E+05   0.263783E+06   0.191610E+03  -0.999900E+04  -0.999900E+04  -0.999900E+04  -0.999900E+04   0.191610E+03  -0.999900E+04  -0.999900E+04  -0.999900E+04  -0.999900E+04   0.191700E+03   0.945274E+02   0.811764E+00   0.200212E+02   0.150000E+02  -0.900820E-01  -0.999900E+04  -0.999900E+04  -0.999900E+04  -0.999900E+04  -0.604892E+00  -0.999900E+04  -0.999900E+04  -0.999900E+04  -0.999900E+04
   0.100000E+01   0.600000E+01   0.368490E+05   0.263796E+06   0.100000E+01   0.600000E+01   0.368490E+05   0.263796E+06   0.191575E+03  -0.999900E+04  -0.999900E+04  -0.999900E+04  -0.999900E+04   0.191575E+03  -0.999900E+04  -0.999900E+04  -0.999900E+04  -0.999900E+04   0.191632E+03   0.945256E+02   0.752581E+00   0.200212E+02   0.150000E+02  -0.572516E-01  -0.999900E+04  -0.999900E+04  -0.999900E+04  -0.999900E+04  -0.384439E+00  -0.999900E+04  -0.999900E+04  -0.999900E+04  -0.999900E+04
   0.100000E+01   0.600000E+01   0.369440E+05   0.263831E+06   0.100000E+01   0.600000E+01   0.369440E+05   0.263831E+06   0.191438E+03  -0.999900E+04  -0.999900E+04  -0.999900E+04  -0.999900E+04   0.191438E+03  -0.999900E+04  -0.999900E+04  -0.999900E+04  -0.999900E+04   0.191452E+03   0.945235E+02   0.983326E+00   0.200212E+02   0.150000E+02  -0.149001E-01  -0.999900E+04  -0.999900E+04  -0.999900E+04  -0.999900E+04  -0.100053E+00  -0.999900E+04  -0.999900E+04  -0.999900E+04  -0.999900E+04
   0.100000E+01   0.600000E+01   0.370035E+05   0.263848E+06   0.100000E+01   0.600000E+01   0.370035E+05   0.263848E+06   0.191130E+03  -0.999900E+04  -0.999900E+04  -0.999900E+04  -0.999900E+04   0.191130E+03  -0.999900E+04  -0.999900E+04  -0.999900E+04  -0.999900E+04   0.191210E+03   0.945219E+02   0.128948E+01   0.200212E+02   0.150000E+02  -0.801469E-01  -0.999900E+04  -0.999900E+04  -0.999900E+04  -0.999900E+04  -0.538179E+00  -0.999900E+04  -0.999900E+04  -0.999900E+04  -0.999900E+04
   0.100000E+01   0.600000E+01   0.370630E+05   0.263863E+06   0.100000E+01   0.600000E+01   0.370630E+05   0.263863E+06   0.190850E+03  -0.999900E+04  -0.999900E+04  -0.999900E+04  -0.999900E+04   0.190850E+03  -0.999900E+04  -0.999900E+04  -0.999900E+04  -0.999900E+04   0.190967E+03   0.945203E+02   0.126154E+01   0.200212E+02   0.150000E+02  -0.116666E+00  -0.999900E+04  -0.999900E+04  -0.999900E+04  -0.999900E+04  -0.783402E+00  -0.999900E+04  -0.999900E+04  -0.999900E+04  -0.999900E+04
   0.100000E+01   0.600000E+01   0.371155E+05   0.263876E+06   0.100000E+01   0.600000E+01   0.371155E+05   0.263876E+06   0.190760E+03  -0.999900E+04  -0.999900E+04  -0.999900E+04  -0.999900E+04   0.190760E+03  -0.999900E+04  -0.999900E+04  -0.999900E+04  -0.999900E+04   0.190737E+03   0.945193E+02   0.143558E+01   0.200212E+02   0.150000E+02   0.227031E-01  -0.999900E+04  -0.999900E+04  -0.999900E+04  -0.999900E+04   0.152449E+00  -0.999900E+04  -0.999900E+04  -0.999900E+04  -0.999900E+04
   0.100000E+01   0.600000E+01   0.371680E+05   0.263888E+06   0.100000E+01   0.600000E+01   0.371680E+05   0.263888E+06   0.190688E+03  -0.999900E+04  -0.999900E+04  -0.999900E+04  -0.999900E+04   0.190688E+03  -0.999900E+04  -0.999900E+04  -0.999900E+04  -0.999900E+04   0.190438E+03   0.945187E+02   0.165948E+01   0.200212E+02   0.150000E+02   0.249457E+00  -0.999900E+04  -0.999900E+04  -0.999900E+04  -0.999900E+04   0.167508E+01  -0.999900E+04  -0.999900E+04  -0.999900E+04  -0.999900E+04
   0.100000E+01   0.600000E+01   0.372150E+05   0.263891E+06   0.100000E+01   0.600000E+01   0.372150E+05   0.263891E+06   0.190655E+03  -0.999900E+04  -0.999900E+04  -0.999900E+04  -0.999900E+04   0.190655E+03  -0.999900E+04  -0.999900E+04  -0.999900E+04  -0.999900E+04   0.190257E+03   0.945179E+02   0.131551E+01   0.200212E+02   0.150000E+02   0.397544E+00  -0.999900E+04  -0.999900E+04  -0.999900E+04  -0.999900E+04   0.266947E+01  -0.999900E+04  -0.999900E+04  -0.999900E+04  -0.999900E+04
   0.100000E+01   0.600000E+01   0.372610E+05   0.263921E+06   0.100000E+01   0.600000E+01   0.372610E+05   0.263921E+06   0.190645E+03  -0.999900E+04  -0.999900E+04  -0.999900E+04  -0.999900E+04   0.190645E+03  -0.999900E+04  -0.999900E+04  -0.999900E+04  -0.999900E+04   0.189807E+03   0.945183E+02   0.197173E+01   0.200212E+02   0.150000E+02   0.838126E+00  -0.999900E+04  -0.999900E+04  -0.999900E+04  -0.999900E+04   0.562794E+01  -0.999900E+04  -0.999900E+04  -0.999900E+04  -0.999900E+04
   0.100000E+01   0.600000E+01   0.372900E+05   0.263931E+06   0.100000E+01   0.600000E+01   0.372900E+05   0.263931E+06   0.190662E+03  -0.999900E+04  -0.999900E+04  -0.999900E+04  -0.999900E+04   0.190662E+03  -0.999900E+04  -0.999900E+04  -0.999900E+04  -0.999900E+04   0.189561E+03   0.945181E+02   0.182626E+01   0.200212E+02   0.150000E+02   0.110108E+01  -0.999900E+04  -0.999900E+04  -0.999900E+04  -0.999900E+04   0.739362E+01  -0.999900E+04  -0.999900E+04  -0.999900E+04  -0.999900E+04
   0.100000E+01   0.600000E+01   0.373280E+05   0.263953E+06   0.100000E+01   0.600000E+01   0.373280E+05   0.263953E+06   0.190625E+03  -0.999900E+04  -0.999900E+04  -0.999900E+04  -0.999900E+04   0.190625E+03  -0.999900E+04  -0.999900E+04  -0.999900E+04  -0.999900E+04   0.189240E+03   0.945183E+02   0.163565E+01   0.200212E+02   0.150000E+02   0.138520E+01  -0.999900E+04  -0.999900E+04  -0.999900E+04  -0.999900E+04   0.930146E+01  -0.999900E+04  -0.999900E+04  -0.999900E+04  -0.999900E+04
   0.100000E+01   0.600000E+01   0.373990E+05   0.263961E+06   0.100000E+01   0.600000E+01   0.373990E+05   0.263961E+06   0.190560E+03  -0.999900E+04  -0.999900E+04  -0.999900E+04  -0.999900E+04   0.190560E+03  -0.999900E+04  -0.999900E+04  -0.999900E+04  -0.999900E+04   0.188852E+03   0.945173E+02   0.163038E+01   0.200212E+02   0.150000E+02   0.170824E+01  -0.999900E+04  -0.999900E+04  -0.999900E+04  -0.999900E+04   0.114707E+02  -0.999900E+04  -0.999900E+04  -0.999900E+04  -0.999900E+04
   0.100000E+01   0.600000E+01   0.374440E+05   0.263983E+06   0.100000E+01   0.600000E+01   0.374440E+05   0.263983E+06   0.190455E+03  -0.999900E+04  -0.999900E+04  -0.999900E+04  -0.999900E+04   0.190455E+03  -0.999900E+04  -0.999900E+04  -0.999900E+04  -0.999900E+04   0.188606E+03   0.945174E+02   0.162704E+01   0.200212E+02   0.150000E+02   0.184917E+01  -0.999900E+04  -0.999900E+04  -0.999900E+04  -0.999900E+04   0.124170E+02  -0.999900E+04  -0.999900E+04  -0.999900E+04  -0.999900E+04
   0.100000E+01   0.400000E+01   0.375530E+05   0.264021E+06   0.100000E+01   0.400000E+01   0.375530E+05   0.264021E+06   0.190340E+03  -0.999900E+04  -0.999900E+04  -0.999900E+04  -0.999900E+04   0.190340E+03  -0.999900E+04  -0.999900E+04  -0.999900E+04  -0.999900E+04   0.188529E+03   0.945158E+02   0.747525E+00   0.200212E+02   0.150000E+02   0.181112E+01  -0.999900E+04  -0.999900E+04  -0.999900E+04  -0.999900E+04   0.121615E+02  -0.999900E+04  -0.999900E+04  -0.999900E+04  -0.999900E+04
   0.100000E+01   0.400000E+01   0.376160E+05   0.264032E+06   0.100000E+01   0.400000E+01   0.376160E+05   0.264032E+06   0.190248E+03  -0.999900E+04  -0.999900E+04  -0.999900E+04  -0.999900E+04   0.190248E+03  -0.999900E+04  -0.999900E+04  -0.999900E+04  -0.999900E+04   0.188482E+03   0.945138E+02   0.678251E+00   0.200212E+02   0.150000E+02   0.176537E+01  -0.999900E+04  -0.999900E+04  -0.999900E+04  -0.999900E+04   0.118543E+02  -0.999900E+04  -0.999900E+04  -0.999900E+04  -0.999900E+04
   0.100000E+01   0.400000E+01   0.376780E+05   0.264059E+06   0.100000E+01   0.400000E+01   0.376780E+05   0.264059E+06   0.189982E+03  -0.999900E+04  -0.999900E+04  -0.999900E+04  -0.999900E+04   0.189982E+03  -0.999900E+04  -0.999900E+04  -0.999900E+04  -0.999900E+04   0.188454E+03   0.945124E+02   0.563268E+00   0.200212E+02   0.150000E+02   0.152895E+01  -0.999900E+04  -0.999900E+04  -0.999900E+04  -0.999900E+04   0.102668E+02  -0.999900E+04  -0.999900E+04  -0.999900E+04  -0.999900E+04
   0.100000E+01   0.400000E+01   0.377410E+05   0.264072E+06   0.100000E+01   0.400000E+01   0.377410E+05   0.264072E+06   0.189968E+03  -0.999900E+04  -0.999900E+04  -0.999900E+04  -0.999900E+04   0.189968E+03  -0.999900E+04  -0.999900E+04  -0.999900E+04  -0.999900E+04   0.188436E+03   0.945101E+02   0.473122E+00   0.200212E+02   0.150000E+02   0.153182E+01  -0.999900E+04  -0.999900E+04  -0.999900E+04  -0.999900E+04   0.102860E+02  -0.999900E+04  -0.999900E+04  -0.999900E+04  -0.999900E+04
   0.100000E+01   0.400000E+01   0.377910E+05   0.264092E+06   0.100000E+01   0.400000E+01   0.377910E+05   0.264092E+06   0.189930E+03  -0.999900E+04  -0.999900E+04  -0.999900E+04  -0.999900E+04   0.189930E+03  -0.999900E+04  -0.999900E+04  -0.999900E+04  -0.999900E+04   0.188420E+03   0.945087E+02   0.505047E+00   0.200212E+02   0.150000E+02   0.151047E+01  -0.999900E+04  -0.999900E+04  -0.999900E+04  -0.999900E+04   0.101427E+02  -0.999900E+04  -0.999900E+04  -0.999900E+04  -0.999900E+04
   0.100000E+01   0.400000E+01   0.378410E+05   0.264119E+06   0.100000E+01   0.400000E+01   0.378410E+05   0.264119E+06   0.189905E+03  -0.999900E+04  -0.999900E+04  -0.999900E+04  -0.999900E+04   0.189905E+03  -0.999900E+04  -0.999900E+04  -0.999900E+04  -0.999900E+04   0.188400E+03   0.945078E+02   0.542260E+00   0.200212E+02   0.150000E+02   0.150479E+01  -0.999900E+04  -0.999900E+04  -0.999900E+04  -0.999900E+04   0.101045E+02  -0.999900E+04  -0.999900E+04  -0.999900E+04  -0.999900E+04
   0.100000E+01   0.400000E+01   0.378910E+05   0.264129E+06   0.100000E+01   0.400000E+01   0.378910E+05   0.264129E+06   0.189868E+03  -0.999900E+04  -0.999900E+04  -0.999900E+04  -0.999900E+04   0.189868E+03  -0.999900E+04  -0.999900E+04  -0.999900E+04  -0.999900E+04   0.188378E+03   0.945062E+02   0.571342E+00   0.200212E+02   0.150000E+02   0.148940E+01  -0.999900E+04  -0.999900E+04  -0.999900E+04  -0.999900E+04   0.100012E+02  -0.999900E+04  -0.999900E+04  -0.999900E+04  -0.999900E+04
   0.100000E+01   0.400000E+01   0.379410E+05   0.264144E+06   0.100000E+01   0.400000E+01   0.379410E+05   0.264144E+06   0.189833E+03  -0.999900E+04  -0.999900E+04  -0.999900E+04  -0.999900E+04   0.189833E+03  -0.999900E+04  -0.999900E+04  -0.999900E+04  -0.999900E+04   0.188348E+03   0.945048E+02   0.617062E+00   0.200212E+02   0.150000E+02   0.148425E+01  -0.999900E+04  -0.999900E+04  -0.999900E+04  -0.999900E+04   0.996661E+01  -0.999900E+04  -0.999900E+04  -0.999900E+04  -0.999900E+04
   0.100000E+01   0.400000E+01   0.387910E+05   0.264380E+06   0.100000E+01   0.400000E+01   0.387910E+05   0.264380E+06   0.188667E+03  -0.999900E+04  -0.999900E+04  -0.999900E+04  -0.999900E+04   0.188667E+03  -0.999900E+04  -0.999900E+04  -0.999900E+04  -0.999900E+04   0.187003E+03   0.944755E+02   0.900270E+00   0.200212E+02   0.150000E+02   0.166493E+01  -0.999900E+04  -0.999900E+04  -0.999900E+04  -0.999900E+04   0.111799E+02  -0.999900E+04  -0.999900E+04  -0.999900E+04  -0.999900E+04
   0.100000E+01   0.400000E+01   0.388410E+05   0.264390E+06   0.100000E+01   0.400000E+01   0.388410E+05   0.264390E+06   0.188627E+03  -0.999900E+04  -0.999900E+04  -0.999900E+04  -0.999900E+04   0.188627E+03  -0.999900E+04  -0.999900E+04  -0.999900E+04  -0.999900E+04   0.186950E+03   0.944730E+02   0.852389E+00   0.200212E+02   0.150000E+02   0.167740E+01  -0.999900E+04  -0.999900E+04  -0.999900E+04  -0.999900E+04   0.112636E+02  -0.999900E+04  -0.999900E+04  -0.999900E+04  -0.999900E+04
   0.100000E+01   0.400000E+01   0.395260E+05   0.264602E+06   0.100000E+01   0.400000E+01   0.395260E+05   0.264602E+06   0.187702E+03  -0.999900E+04  -0.999900E+04  -0.999900E+04  -0.999900E+04   0.187702E+03  -0.999900E+04  -0.999900E+04  -0.999900E+04  -0.999900E+04   0.186353E+03   0.944296E+02   0.597639E+00   0.200212E+02   0.150000E+02   0.134939E+01  -0.999900E+04  -0.999900E+04  -0.999900E+04  -0.999900E+04   0.906106E+01  -0.999900E+04  -0.999900E+04  -0.999900E+04  -0.999900E+04
   0.100000E+01   0.400000E+01   0.395860E+05   0.264629E+06   0.100000E+01   0.400000E+01   0.395860E+05   0.264629E+06   0.187460E+03  -0.999900E+04  -0.999900E+04  -0.999900E+04  -0.999900E+04   0.187460E+03  -0.999900E+04  -0.999900E+04  -0.999900E+04  -0.999900E+04   0.186318E+03   0.944256E+02   0.692199E+00   0.200212E+02   0.150000E+02   0.114170E+01  -0.999900E+04  -0.999900E+04  -0.999900E+04  -0.999900E+04   0.766643E+01  -0.999900E+04  -0.999900E+04  -0.999900E+04  -0.999900E+04
   0.100000E+01   0.400000E+01   0.396460E+05   0.264652E+06   0.100000E+01   0.400000E+01   0.396460E+05   0.264652E+06   0.187415E+03  -0.999900E+04  -0.999900E+04  -0.999900E+04  -0.999900E+04   0.187415E+03  -0.999900E+04  -0.999900E+04  -0.999900E+04  -0.999900E+04   0.186282E+03   0.944223E+02   0.751697E+00   0.200212E+02   0.150000E+02   0.113284E+01  -0.999900E+04  -0.999900E+04  -0.999900E+04  -0.999900E+04   0.760692E+01  -0.999900E+04  -0.999900E+04  -0.999900E+04  -0.999900E+04
   0.100000E+01   0.400000E+01   0.396920E+05   0.264657E+06   0.100000E+01   0.400000E+01   0.396920E+05   0.264657E+06   0.187430E+03  -0.999900E+04  -0.999900E+04  -0.999900E+04  -0.999900E+04   0.187430E+03  -0.999900E+04  -0.999900E+04  -0.999900E+04  -0.999900E+04   0.186265E+03   0.944192E+02   0.676122E+00   0.200212E+02   0.150000E+02   0.116520E+01  -0.999900E+04  -0.999900E+04  -0.999900E+04  -0.999900E+04   0.782420E+01  -0.999900E+04  -0.999900E+04  -0.999900E+04  -0.999900E+04
   0.100000E+01   0.400000E+01   0.397380E+05   0.264679E+06   0.100000E+01   0.400000E+01   0.397380E+05   0.264679E+06   0.187450E+03  -0.999900E+04  -0.999900E+04  -0.999900E+04  -0.999900E+04   0.187450E+03  -0.999900E+04  -0.999900E+04  -0.999900E+04  -0.999900E+04   0.186250E+03   0.944166E+02   0.614363E+00   0.200212E+02   0.150000E+02   0.119967E+01  -0.999900E+04  -0.999900E+04  -0.999900E+04  -0.999900E+04   0.805567E+01  -0.999900E+04  -0.999900E+04  -0.999900E+04  -0.999900E+04
   0.100000E+01   0.400000E+01   0.397840E+05   0.264689E+06   0.100000E+01   0.400000E+01   0.397840E+05   0.264689E+06   0.187423E+03  -0.999900E+04  -0.999900E+04  -0.999900E+04  -0.999900E+04   0.187423E+03  -0.999900E+04  -0.999900E+04  -0.999900E+04  -0.999900E+04   0.186240E+03   0.944131E+02   0.551191E+00   0.200212E+02   0.150000E+02   0.118287E+01  -0.999900E+04  -0.999900E+04  -0.999900E+04  -0.999900E+04   0.794288E+01  -0.999900E+04  -0.999900E+04  -0.999900E+04  -0.999900E+04
   0.100000E+01   0.400000E+01   0.398310E+05   0.264737E+06   0.100000E+01   0.400000E+01   0.398310E+05   0.264737E+06   0.187425E+03  -0.999900E+04  -0.999900E+04  -0.999900E+04  -0.999900E+04   0.187425E+03  -0.999900E+04  -0.999900E+04  -0.999900E+04  -0.999900E+04   0.186232E+03   0.944112E+02   0.495783E+00   0.200212E+02   0.150000E+02   0.119334E+01  -0.999900E+04  -0.999900E+04  -0.999900E+04  -0.999900E+04   0.801319E+01  -0.999900E+04  -0.999900E+04  -0.999900E+04  -0.999900E+04
   0.100000E+01   0.400000E+01   0.398870E+05   0.264749E+06   0.100000E+01   0.400000E+01   0.398870E+05   0.264749E+06   0.187368E+03  -0.999900E+04  -0.999900E+04  -0.999900E+04  -0.999900E+04   0.187368E+03  -0.999900E+04  -0.999900E+04  -0.999900E+04  -0.999900E+04   0.186222E+03   0.944067E+02   0.471655E+00   0.200212E+02   0.150000E+02   0.114531E+01  -0.999900E+04  -0.999900E+04  -0.999900E+04  -0.999900E+04   0.769063E+01  -0.999900E+04  -0.999900E+04  -0.999900E+04  -0.999900E+04
   0.100000E+01   0.400000E+01   0.399430E+05   0.264777E+06   0.100000E+01   0.400000E+01   0.399430E+05   0.264777E+06   0.187273E+03  -0.999900E+04  -0.999900E+04  -0.999900E+04  -0.999900E+04   0.187273E+03  -0.999900E+04  -0.999900E+04  -0.999900E+04  -0.999900E+04   0.186213E+03   0.944027E+02   0.460274E+00   0.200212E+02   0.150000E+02   0.105958E+01  -0.999900E+04  -0.999900E+04  -0.999900E+04  -0.999900E+04   0.711497E+01  -0.999900E+04  -0.999900E+04  -0.999900E+04  -0.999900E+04
   0.100000E+01   0.400000E+01   0.399620E+05   0.264779E+06   0.100000E+01   0.400000E+01   0.399620E+05   0.264779E+06   0.187265E+03  -0.999900E+04  -0.999900E+04  -0.999900E+04  -0.999900E+04   0.187265E+03  -0.999900E+04  -0.999900E+04  -0.999900E+04  -0.999900E+04   0.186210E+03   0.944009E+02   0.459534E+00   0.200212E+02   0.150000E+02   0.105538E+01  -0.999900E+04  -0.999900E+04  -0.999900E+04  -0.999900E+04   0.708676E+01  -0.999900E+04  -0.999900E+04  -0.999900E+04  -0.999900E+04
   0.100000E+01   0.400000E+01   0.399810E+05   0.264787E+06   0.100000E+01   0.400000E+01   0.399810E+05   0.264787E+06   0.187235E+03  -0.999900E+04  -0.999900E+04  -0.999900E+04  -0.999900E+04   0.187235E+03  -0.999900E+04  -0.999900E+04  -0.999900E+04  -0.999900E+04   0.186206E+03   0.943994E+02   0.460934E+00   0.200212E+02   0.150000E+02   0.102874E+01  -0.999900E+04  -0.999900E+04  -0.999900E+04  -0.999900E+04   0.690787E+01  -0.999900E+04  -0.999900E+04  -0.999900E+04  -0.999900E+04
   0.100000E+01   0.400000E+01   0.399990E+05   0.264794E+06   0.100000E+01   0.400000E+01   0.399990E+05   0.264794E+06   0.187197E+03  -0.999900E+04  -0.999900E+04  -0.999900E+04  -0.999900E+04   0.187197E+03  -0.999900E+04  -0.999900E+04  -0.999900E+04  -0.999900E+04   0.186203E+03   0.943978E+02   0.461682E+00   0.200212E+02   0.150000E+02   0.994605E+00  -0.999900E+04  -0.999900E+04  -0.999900E+04  -0.999900E+04   0.667868E+01  -0.999900E+04  -0.999900E+04  -0.999900E+04  -0.999900E+04
   0.100000E+01   0.400000E+01   0.400180E+05   0.264802E+06   0.100000E+01   0.400000E+01   0.400180E+05   0.264802E+06   0.187173E+03  -0.999900E+04  -0.999900E+04  -0.999900E+04  -0.999900E+04   0.187173E+03  -0.999900E+04  -0.999900E+04  -0.999900E+04  -0.999900E+04   0.186199E+03   0.943962E+02   0.465795E+00   0.200212E+02   0.150000E+02   0.973528E+00  -0.999900E+04  -0.999900E+04  -0.999900E+04  -0.999900E+04   0.653715E+01  -0.999900E+04  -0.999900E+04  -0.999900E+04  -0.999900E+04
   0.100000E+01   0.400000E+01   0.400370E+05   0.264799E+06   0.100000E+01   0.400000E+01   0.400370E+05   0.264799E+06   0.187170E+03  -0.999900E+04  -0.999900E+04  -0.999900E+04  -0.999900E+04   0.187170E+03  -0.999900E+04  -0.999900E+04  -0.999900E+04  -0.999900E+04   0.186195E+03   0.943940E+02   0.471604E+00   0.200212E+02   0.150000E+02   0.975258E+00  -0.999900E+04  -0.999900E+04  -0.999900E+04  -0.999900E+04   0.654877E+01  -0.999900E+04  -0.999900E+04  -0.999900E+04  -0.999900E+04
   0.100000E+01   0.400000E+01   0.400560E+05   0.264802E+06   0.100000E+01   0.400000E+01   0.400560E+05   0.264802E+06   0.187170E+03  -0.999900E+04  -0.999900E+04  -0.999900E+04  -0.999900E+04   0.187170E+03  -0.999900E+04  -0.999900E+04  -0.999900E+04  -0.999900E+04   0.186190E+03   0.943921E+02   0.475064E+00   0.200212E+02   0.150000E+02   0.979543E+00  -0.999900E+04  -0.999900E+04  -0.999900E+04  -0.999900E+04   0.657754E+01  -0.999900E+04  -0.999900E+04  -0.999900E+04  -0.999900E+04
   0.100000E+01   0.400000E+01   0.401060E+05   0.264817E+06   0.100000E+01   0.400000E+01   0.401060E+05   0.264817E+06   0.187155E+03  -0.999900E+04  -0.999900E+04  -0.999900E+04  -0.999900E+04   0.187155E+03  -0.999900E+04  -0.999900E+04  -0.999900E+04  -0.999900E+04   0.186179E+03   0.943873E+02   0.479142E+00   0.200212E+02   0.150000E+02   0.975924E+00  -0.999900E+04  -0.999900E+04  -0.999900E+04  -0.999900E+04   0.655324E+01  -0.999900E+04  -0.999900E+04  -0.999900E+04  -0.999900E+04
   0.100000E+01   0.400000E+01   0.401560E+05   0.264839E+06   0.100000E+01   0.400000E+01   0.401560E+05   0.264839E+06   0.187132E+03  -0.999900E+04  -0.999900E+04  -0.999900E+04  -0.999900E+04   0.187132E+03  -0.999900E+04  -0.999900E+04  -0.999900E+04  -0.999900E+04   0.186168E+03   0.943828E+02   0.483103E+00   0.200212E+02   0.150000E+02   0.964828E+00  -0.999900E+04  -0.999900E+04  -0.999900E+04  -0.999900E+04   0.647873E+01  -0.999900E+04  -0.999900E+04  -0.999900E+04  -0.999900E+04
   0.100000E+01   0.400000E+01   0.402060E+05   0.264854E+06   0.100000E+01   0.400000E+01   0.402060E+05   0.264854E+06   0.187120E+03  -0.999900E+04  -0.999900E+04  -0.999900E+04  -0.999900E+04   0.187120E+03  -0.999900E+04  -0.999900E+04  -0.999900E+04  -0.999900E+04   0.186156E+03   0.943773E+02   0.463718E+00   0.200212E+02   0.150000E+02   0.963627E+00  -0.999900E+04  -0.999900E+04  -0.999900E+04  -0.999900E+04   0.647067E+01  -0.999900E+04  -0.999900E+04  -0.999900E+04  -0.999900E+04
   0.100000E+01   0.400000E+01   0.402560E+05   0.264869E+06   0.100000E+01   0.400000E+01   0.402560E+05   0.264869E+06   0.187100E+03  -0.999900E+04  -0.999900E+04  -0.999900E+04  -0.999900E+04   0.187100E+03  -0.999900E+04  -0.999900E+04  -0.999900E+04  -0.999900E+04   0.186142E+03   0.943711E+02   0.476436E+00   0.200212E+02   0.150000E+02   0.958175E+00  -0.999900E+04  -0.999900E+04  -0.999900E+04  -0.999900E+04   0.643406E+01  -0.999900E+04  -0.999900E+04  -0.999900E+04  -0.999900E+04
   0.100000E+01   0.400000E+01   0.403060E+05   0.264885E+06   0.100000E+01   0.400000E+01   0.403060E+05   0.264885E+06   0.187062E+03  -0.999900E+04  -0.999900E+04  -0.999900E+04  -0.999900E+04   0.187062E+03  -0.999900E+04  -0.999900E+04  -0.999900E+04  -0.999900E+04   0.186128E+03   0.943648E+02   0.463137E+00   0.200212E+02   0.150000E+02   0.934252E+00  -0.999900E+04  -0.999900E+04  -0.999900E+04  -0.999900E+04   0.627342E+01  -0.999900E+04  -0.999900E+04  -0.999900E+04  -0.999900E+04
   0.100000E+01   0.400000E+01   0.403560E+05   0.264900E+06   0.100000E+01   0.400000E+01   0.403560E+05   0.264900E+06   0.187005E+03  -0.999900E+04  -0.999900E+04  -0.999900E+04  -0.999900E+04   0.187005E+03  -0.999900E+04  -0.999900E+04  -0.999900E+04  -0.999900E+04   0.186115E+03   0.943581E+02   0.448058E+00   0.200212E+02   0.150000E+02   0.889521E+00  -0.999900E+04  -0.999900E+04  -0.999900E+04  -0.999900E+04   0.597305E+01  -0.999900E+04  -0.999900E+04  -0.999900E+04  -0.999900E+04
   0.100000E+01   0.400000E+01   0.404060E+05   0.264905E+06   0.100000E+01   0.400000E+01   0.404060E+05   0.264905E+06   0.186963E+03  -0.999900E+04  -0.999900E+04  -0.999900E+04  -0.999900E+04   0.186963E+03  -0.999900E+04  -0.999900E+04  -0.999900E+04  -0.999900E+04   0.186104E+03   0.943508E+02   0.431924E+00   0.200212E+02   0.150000E+02   0.858368E+00  -0.999900E+04  -0.999900E+04  -0.999900E+04  -0.999900E+04   0.576386E+01  -0.999900E+04  -0.999900E+04  -0.999900E+04  -0.999900E+04
   0.100000E+01   0.400000E+01   0.404560E+05   0.264930E+06   0.100000E+01   0.400000E+01   0.404560E+05   0.264930E+06   0.186898E+03  -0.999900E+04  -0.999900E+04  -0.999900E+04  -0.999900E+04   0.186898E+03  -0.999900E+04  -0.999900E+04  -0.999900E+04  -0.999900E+04   0.186094E+03   0.943448E+02   0.421074E+00   0.200212E+02   0.150000E+02   0.803172E+00  -0.999900E+04  -0.999900E+04  -0.999900E+04  -0.999900E+04   0.539323E+01  -0.999900E+04  -0.999900E+04  -0.999900E+04  -0.999900E+04
   0.100000E+01   0.400000E+01   0.405130E+05   0.264945E+06   0.100000E+01   0.400000E+01   0.405130E+05   0.264945E+06   0.186805E+03  -0.999900E+04  -0.999900E+04  -0.999900E+04  -0.999900E+04   0.186805E+03  -0.999900E+04  -0.999900E+04  -0.999900E+04  -0.999900E+04   0.186086E+03   0.943371E+02   0.391319E+00   0.200212E+02   0.150000E+02   0.719077E+00  -0.999900E+04  -0.999900E+04  -0.999900E+04  -0.999900E+04   0.482854E+01  -0.999900E+04  -0.999900E+04  -0.999900E+04  -0.999900E+04
   0.100000E+01   0.400000E+01   0.405710E+05   0.264963E+06   0.100000E+01   0.400000E+01   0.405710E+05   0.264963E+06   0.186705E+03  -0.999900E+04  -0.999900E+04  -0.999900E+04  -0.999900E+04   0.186705E+03  -0.999900E+04  -0.999900E+04  -0.999900E+04  -0.999900E+04   0.186079E+03   0.943292E+02   0.370854E+00   0.200212E+02   0.150000E+02   0.626441E+00  -0.999900E+04  -0.999900E+04  -0.999900E+04  -0.999900E+04   0.420649E+01  -0.999900E+04  -0.999900E+04  -0.999900E+04  -0.999900E+04
   0.100000E+01   0.400000E+01   0.406280E+05   0.264968E+06   0.100000E+01   0.400000E+01   0.406280E+05   0.264968E+06   0.186648E+03  -0.999900E+04  -0.999900E+04  -0.999900E+04  -0.999900E+04   0.186648E+03  -0.999900E+04  -0.999900E+04  -0.999900E+04  -0.999900E+04   0.186072E+03   0.943205E+02   0.343466E+00   0.200212E+02   0.150000E+02   0.575039E+00  -0.999900E+04  -0.999900E+04  -0.999900E+04  -0.999900E+04   0.386133E+01  -0.999900E+04  -0.999900E+04  -0.999900E+04  -0.999900E+04
   0.100000E+01   0.400000E+01   0.406860E+05   0.264990E+06   0.100000E+01   0.400000E+01   0.406860E+05   0.264990E+06   0.186593E+03  -0.999900E+04  -0.999900E+04  -0.999900E+04  -0.999900E+04   0.186593E+03  -0.999900E+04  -0.999900E+04  -0.999900E+04  -0.999900E+04   0.186066E+03   0.943117E+02   0.342229E+00   0.200212E+02   0.150000E+02   0.526747E+00  -0.999900E+04  -0.999900E+04  -0.999900E+04  -0.999900E+04   0.353706E+01  -0.999900E+04  -0.999900E+04  -0.999900E+04  -0.999900E+04
   0.100000E+01   0.400000E+01   0.407480E+05   0.265010E+06   0.100000E+01   0.400000E+01   0.407480E+05   0.265010E+06   0.186560E+03  -0.999900E+04  -0.999900E+04  -0.999900E+04  -0.999900E+04   0.186560E+03  -0.999900E+04  -0.999900E+04  -0.999900E+04  -0.999900E+04   0.186058E+03   0.943020E+02   0.348602E+00   0.200212E+02   0.150000E+02   0.501867E+00  -0.999900E+04  -0.999900E+04  -0.999900E+04  -0.999900E+04   0.336999E+01  -0.999900E+04  -0.999900E+04  -0.999900E+04  -0.999900E+04
   0.100000E+01   0.400000E+01   0.408110E+05   0.265028E+06   0.100000E+01   0.400000E+01   0.408110E+05   0.265028E+06   0.186530E+03  -0.999900E+04  -0.999900E+04  -0.999900E+04  -0.999900E+04   0.186530E+03  -0.999900E+04  -0.999900E+04  -0.999900E+04  -0.999900E+04   0.186050E+03   0.942919E+02   0.354862E+00   0.200212E+02   0.150000E+02   0.479703E+00  -0.999900E+04  -0.999900E+04  -0.999900E+04  -0.999900E+04   0.322116E+01  -0.999900E+04  -0.999900E+04  -0.999900E+04  -0.999900E+04
   0.100000E+01   0.400000E+01   0.408420E+05   0.265033E+06   0.100000E+01   0.400000E+01   0.408420E+05   0.265033E+06   0.186515E+03  -0.999900E+04  -0.999900E+04  -0.999900E+04  -0.999900E+04   0.186515E+03  -0.999900E+04  -0.999900E+04  -0.999900E+04  -0.999900E+04   0.186047E+03   0.942866E+02   0.351574E+00   0.200212E+02   0.150000E+02   0.468333E+00  -0.999900E+04  -0.999900E+04  -0.999900E+04  -0.999900E+04   0.314481E+01  -0.999900E+04  -0.999900E+04  -0.999900E+04  -0.999900E+04
   0.100000E+01   0.400000E+01   0.408730E+05   0.265035E+06   0.100000E+01   0.400000E+01   0.408730E+05   0.265035E+06   0.186468E+03  -0.999900E+04  -0.999900E+04  -0.999900E+04  -0.999900E+04   0.186468E+03  -0.999900E+04  -0.999900E+04  -0.999900E+04  -0.999900E+04   0.186043E+03   0.942810E+02   0.344383E+00   0.200212E+02   0.150000E+02   0.424249E+00  -0.999900E+04  -0.999900E+04  -0.999900E+04  -0.999900E+04   0.284879E+01  -0.999900E+04  -0.999900E+04  -0.999900E+04  -0.999900E+04
   0.100000E+01   0.400000E+01   0.409040E+05   0.265058E+06   0.100000E+01   0.400000E+01   0.409040E+05   0.265058E+06   0.186423E+03  -0.999900E+04  -0.999900E+04  -0.999900E+04  -0.999900E+04   0.186423E+03  -0.999900E+04  -0.999900E+04  -0.999900E+04  -0.999900E+04   0.186040E+03   0.942764E+02   0.338745E+00   0.200212E+02   0.150000E+02   0.382607E+00  -0.999900E+04  -0.999900E+04  -0.999900E+04  -0.999900E+04   0.256917E+01  -0.999900E+04  -0.999900E+04  -0.999900E+04  -0.999900E+04
   0.100000E+01   0.400000E+01   0.409360E+05   0.265063E+06   0.100000E+01   0.400000E+01   0.409360E+05   0.265063E+06   0.186403E+03  -0.999900E+04  -0.999900E+04  -0.999900E+04  -0.999900E+04   0.186403E+03  -0.999900E+04  -0.999900E+04  -0.999900E+04  -0.999900E+04   0.186036E+03   0.942707E+02   0.336949E+00   0.200212E+02   0.150000E+02   0.366187E+00  -0.999900E+04  -0.999900E+04  -0.999900E+04  -0.999900E+04   0.245891E+01  -0.999900E+04  -0.999900E+04  -0.999900E+04  -0.999900E+04
   0.100000E+01   0.400000E+01   0.409570E+05   0.265068E+06   0.100000E+01   0.400000E+01   0.409570E+05   0.265068E+06   0.186377E+03  -0.999900E+04  -0.999900E+04  -0.999900E+04  -0.999900E+04   0.186377E+03  -0.999900E+04  -0.999900E+04  -0.999900E+04  -0.999900E+04   0.186034E+03   0.942671E+02   0.329141E+00   0.200212E+02   0.150000E+02   0.343241E+00  -0.999900E+04  -0.999900E+04  -0.999900E+04  -0.999900E+04   0.230483E+01  -0.999900E+04  -0.999900E+04  -0.999900E+04  -0.999900E+04
   0.100000E+01   0.400000E+01   0.409790E+05   0.265065E+06   0.100000E+01   0.400000E+01   0.409790E+05   0.265065E+06   0.186355E+03  -0.999900E+04  -0.999900E+04  -0.999900E+04  -0.999900E+04   0.186355E+03  -0.999900E+04  -0.999900E+04  -0.999900E+04  -0.999900E+04   0.186033E+03   0.942628E+02   0.314285E+00   0.200212E+02   0.150000E+02   0.322469E+00  -0.999900E+04  -0.999900E+04  -0.999900E+04  -0.999900E+04   0.216535E+01  -0.999900E+04  -0.999900E+04  -0.999900E+04  -0.999900E+04
   0.100000E+01   0.400000E+01   0.410010E+05   0.265083E+06   0.100000E+01   0.400000E+01   0.410010E+05   0.265083E+06   0.186315E+03  -0.999900E+04  -0.999900E+04  -0.999900E+04  -0.999900E+04   0.186315E+03  -0.999900E+04  -0.999900E+04  -0.999900E+04  -0.999900E+04   0.186031E+03   0.942595E+02   0.302650E+00   0.200212E+02   0.150000E+02   0.284048E+00  -0.999900E+04  -0.999900E+04  -0.999900E+04  -0.999900E+04   0.190736E+01  -0.999900E+04  -0.999900E+04  -0.999900E+04  -0.999900E+04
   0.100000E+01   0.400000E+01   0.410230E+05   0.265078E+06   0.100000E+01   0.400000E+01   0.410230E+05   0.265078E+06   0.186312E+03  -0.999900E+04  -0.999900E+04  -0.999900E+04  -0.999900E+04   0.186312E+03  -0.999900E+04  -0.999900E+04  -0.999900E+04  -0.999900E+04   0.186029E+03   0.942546E+02   0.298413E+00   0.200212E+02   0.150000E+02   0.283279E+00  -0.999900E+04  -0.999900E+04  -0.999900E+04  -0.999900E+04   0.190219E+01  -0.999900E+04  -0.999900E+04  -0.999900E+04  -0.999900E+04
   0.100000E+01   0.400000E+01   0.410670E+05   0.265090E+06   0.100000E+01   0.400000E+01   0.410670E+05   0.265090E+06   0.186303E+03  -0.999900E+04  -0.999900E+04  -0.999900E+04  -0.999900E+04   0.186303E+03  -0.999900E+04  -0.999900E+04  -0.999900E+04  -0.999900E+04   0.186026E+03   0.942461E+02   0.291849E+00   0.200212E+02   0.150000E+02   0.276529E+00  -0.999900E+04  -0.999900E+04  -0.999900E+04  -0.999900E+04   0.185687E+01  -0.999900E+04  -0.999900E+04  -0.999900E+04  -0.999900E+04
   0.100000E+01   0.400000E+01   0.411110E+05   0.265105E+06   0.100000E+01   0.400000E+01   0.411110E+05   0.265105E+06   0.186285E+03  -0.999900E+04  -0.999900E+04  -0.999900E+04  -0.999900E+04   0.186285E+03  -0.999900E+04  -0.999900E+04  -0.999900E+04  -0.999900E+04   0.186022E+03   0.942386E+02   0.287116E+00   0.200212E+02   0.150000E+02   0.262535E+00  -0.999900E+04  -0.999900E+04  -0.999900E+04  -0.999900E+04   0.176290E+01  -0.999900E+04  -0.999900E+04  -0.999900E+04  -0.999900E+04
   0.100000E+01   0.400000E+01   0.411440E+05   0.265115E+06   0.100000E+01   0.400000E+01   0.411440E+05   0.265115E+06   0.186275E+03  -0.999900E+04  -0.999900E+04  -0.999900E+04  -0.999900E+04   0.186275E+03  -0.999900E+04  -0.999900E+04  -0.999900E+04  -0.999900E+04   0.186020E+03   0.942327E+02   0.275969E+00   0.200212E+02   0.150000E+02   0.254661E+00  -0.999900E+04  -0.999900E+04  -0.999900E+04  -0.999900E+04   0.171003E+01  -0.999900E+04  -0.999900E+04  -0.999900E+04  -0.999900E+04
   0.100000E+01   0.400000E+01   0.411770E+05   0.265144E+06   0.100000E+01   0.400000E+01   0.411770E+05   0.265144E+06   0.186245E+03  -0.999900E+04  -0.999900E+04  -0.999900E+04  -0.999900E+04   0.186245E+03  -0.999900E+04  -0.999900E+04  -0.999900E+04  -0.999900E+04   0.186019E+03   0.942274E+02   0.254197E+00   0.200212E+02   0.150000E+02   0.225998E+00  -0.999900E+04  -0.999900E+04  -0.999900E+04  -0.999900E+04   0.151755E+01  -0.999900E+04  -0.999900E+04  -0.999900E+04  -0.999900E+04
   0.100000E+01   0.500000E+01   0.412270E+05   0.265156E+06   0.100000E+01   0.500000E+01   0.412270E+05   0.265156E+06   0.186202E+03  -0.999900E+04  -0.999900E+04  -0.999900E+04  -0.999900E+04   0.186202E+03  -0.999900E+04  -0.999900E+04  -0.999900E+04  -0.999900E+04   0.186017E+03   0.942165E+02   0.241719E+00   0.200212E+02   0.150000E+02   0.185970E+00  -0.999900E+04  -0.999900E+04  -0.999900E+04  -0.999900E+04   0.124877E+01  -0.999900E+04  -0.999900E+04  -0.999900E+04  -0.999900E+04
   0.100000E+01   0.500000E+01   0.412440E+05   0.265164E+06   0.100000E+01   0.500000E+01   0.412440E+05   0.265164E+06   0.186170E+03  -0.999900E+04  -0.999900E+04  -0.999900E+04  -0.999900E+04   0.186170E+03  -0.999900E+04  -0.999900E+04  -0.999900E+04  -0.999900E+04   0.186016E+03   0.942129E+02   0.239503E+00   0.200212E+02   0.150000E+02   0.154313E+00  -0.999900E+04  -0.999900E+04  -0.999900E+04  -0.999900E+04   0.103620E+01  -0.999900E+04  -0.999900E+04  -0.999900E+04  -0.999900E+04
   0.100000E+01   0.500000E+01   0.412610E+05   0.265164E+06   0.100000E+01   0.500000E+01   0.412610E+05   0.265164E+06   0.186115E+03  -0.999900E+04  -0.999900E+04  -0.999900E+04  -0.999900E+04   0.186115E+03  -0.999900E+04  -0.999900E+04  -0.999900E+04  -0.999900E+04   0.186015E+03   0.942089E+02   0.235509E+00   0.200212E+02   0.150000E+02   0.100046E+00  -0.999900E+04  -0.999900E+04  -0.999900E+04  -0.999900E+04   0.671802E+00  -0.999900E+04  -0.999900E+04  -0.999900E+04  -0.999900E+04
   0.100000E+01   0.500000E+01   0.412770E+05   0.265179E+06   0.100000E+01   0.500000E+01   0.412770E+05   0.265179E+06   0.186055E+03  -0.999900E+04  -0.999900E+04  -0.999900E+04  -0.999900E+04   0.186055E+03  -0.999900E+04  -0.999900E+04  -0.999900E+04  -0.999900E+04   0.186014E+03   0.942058E+02   0.229217E+00   0.200212E+02   0.150000E+02   0.408050E-01  -0.999900E+04  -0.999900E+04  -0.999900E+04  -0.999900E+04   0.274002E+00  -0.999900E+04  -0.999900E+04  -0.999900E+04  -0.999900E+04
   0.100000E+01   0.500000E+01   0.412940E+05   0.265176E+06   0.100000E+01   0.500000E+01   0.412940E+05   0.265176E+06   0.186012E+03  -0.999900E+04  -0.999900E+04  -0.999900E+04  -0.999900E+04   0.186012E+03  -0.999900E+04  -0.999900E+04  -0.999900E+04  -0.999900E+04   0.186013E+03   0.942014E+02   0.226573E+00   0.200212E+02   0.150000E+02  -0.698853E-03  -0.999900E+04  -0.999900E+04  -0.999900E+04  -0.999900E+04  -0.469273E-02  -0.999900E+04  -0.999900E+04  -0.999900E+04  -0.999900E+04
   0.100000E+01   0.500000E+01   0.413110E+05   0.265179E+06   0.100000E+01   0.500000E+01   0.413110E+05   0.265179E+06   0.185993E+03  -0.999900E+04  -0.999900E+04  -0.999900E+04  -0.999900E+04   0.185993E+03  -0.999900E+04  -0.999900E+04  -0.999900E+04  -0.999900E+04   0.186012E+03   0.941973E+02   0.225764E+00   0.200212E+02   0.150000E+02  -0.196498E-01  -0.999900E+04  -0.999900E+04  -0.999900E+04  -0.999900E+04  -0.131947E+00  -0.999900E+04  -0.999900E+04  -0.999900E+04  -0.999900E+04
   0.100000E+01   0.500000E+01   0.413270E+05   0.265189E+06   0.100000E+01   0.500000E+01   0.413270E+05   0.265189E+06   0.185970E+03  -0.999900E+04  -0.999900E+04  -0.999900E+04  -0.999900E+04   0.185970E+03  -0.999900E+04  -0.999900E+04  -0.999900E+04  -0.999900E+04   0.186011E+03   0.941939E+02   0.225515E+00   0.200212E+02   0.150000E+02  -0.411862E-01  -0.999900E+04  -0.999900E+04  -0.999900E+04  -0.999900E+04  -0.276562E+00  -0.999900E+04  -0.999900E+04  -0.999900E+04  -0.999900E+04
   0.100000E+01   0.500000E+01   0.413440E+05   0.265191E+06   0.100000E+01   0.500000E+01   0.413440E+05   0.265191E+06   0.185945E+03  -0.999900E+04  -0.999900E+04  -0.999900E+04  -0.999900E+04   0.185945E+03  -0.999900E+04  -0.999900E+04  -0.999900E+04  -0.999900E+04   0.186010E+03   0.941897E+02   0.224481E+00   0.200212E+02   0.150000E+02  -0.652425E-01  -0.999900E+04  -0.999900E+04  -0.999900E+04  -0.999900E+04  -0.438097E+00  -0.999900E+04  -0.999900E+04  -0.999900E+04  -0.999900E+04
   0.100000E+01   0.500000E+01   0.413610E+05   0.265196E+06   0.100000E+01   0.500000E+01   0.413610E+05   0.265196E+06   0.185893E+03  -0.999900E+04  -0.999900E+04  -0.999900E+04  -0.999900E+04   0.185893E+03  -0.999900E+04  -0.999900E+04  -0.999900E+04  -0.999900E+04   0.186009E+03   0.941857E+02   0.224535E+00   0.200212E+02   0.150000E+02  -0.116925E+00  -0.999900E+04  -0.999900E+04  -0.999900E+04  -0.999900E+04  -0.785139E+00  -0.999900E+04  -0.999900E+04  -0.999900E+04  -0.999900E+04
   0.100000E+01   0.500000E+01   0.413770E+05   0.265191E+06   0.100000E+01   0.500000E+01   0.413770E+05   0.265191E+06   0.185863E+03  -0.999900E+04  -0.999900E+04  -0.999900E+04  -0.999900E+04   0.185863E+03  -0.999900E+04  -0.999900E+04  -0.999900E+04  -0.999900E+04   0.186009E+03   0.941814E+02   0.219775E+00   0.200212E+02   0.150000E+02  -0.146323E+00  -0.999900E+04  -0.999900E+04  -0.999900E+04  -0.999900E+04  -0.982548E+00  -0.999900E+04  -0.999900E+04  -0.999900E+04  -0.999900E+04
   0.100000E+01   0.500000E+01   0.413940E+05   0.265196E+06   0.100000E+01   0.500000E+01   0.413940E+05   0.265196E+06   0.185812E+03  -0.999900E+04  -0.999900E+04  -0.999900E+04  -0.999900E+04   0.185812E+03  -0.999900E+04  -0.999900E+04  -0.999900E+04  -0.999900E+04   0.186008E+03   0.941770E+02   0.214980E+00   0.200212E+02   0.150000E+02  -0.195750E+00  -0.999900E+04  -0.999900E+04  -0.999900E+04  -0.999900E+04  -0.131444E+01  -0.999900E+04  -0.999900E+04  -0.999900E+04  -0.999900E+04
   0.100000E+01   0.500000E+01   0.414110E+05   0.265209E+06   0.100000E+01   0.500000E+01   0.414110E+05   0.265209E+06   0.185773E+03  -0.999900E+04  -0.999900E+04  -0.999900E+04  -0.999900E+04   0.185773E+03  -0.999900E+04  -0.999900E+04  -0.999900E+04  -0.999900E+04   0.186008E+03   0.941720E+02   0.209049E+00   0.200212E+02   0.150000E+02  -0.235263E+00  -0.999900E+04  -0.999900E+04  -0.999900E+04  -0.999900E+04  -0.157977E+01  -0.999900E+04  -0.999900E+04  -0.999900E+04  -0.999900E+04
   0.100000E+01   0.500000E+01   0.414270E+05   0.265204E+06   0.100000E+01   0.500000E+01   0.414270E+05   0.265204E+06   0.185740E+03  -0.999900E+04  -0.999900E+04  -0.999900E+04  -0.999900E+04   0.185740E+03  -0.999900E+04  -0.999900E+04  -0.999900E+04  -0.999900E+04   0.186007E+03   0.941652E+02   0.204390E+00   0.200212E+02   0.150000E+02  -0.267283E+00  -0.999900E+04  -0.999900E+04  -0.999900E+04  -0.999900E+04  -0.179478E+01  -0.999900E+04  -0.999900E+04  -0.999900E+04  -0.999900E+04
   0.100000E+01   0.500000E+01   0.414440E+05   0.265214E+06   0.100000E+01   0.500000E+01   0.414440E+05   0.265214E+06   0.185710E+03  -0.999900E+04  -0.999900E+04  -0.999900E+04  -0.999900E+04   0.185710E+03  -0.999900E+04  -0.999900E+04  -0.999900E+04  -0.999900E+04   0.186007E+03   0.941579E+02   0.201429E+00   0.200212E+02   0.150000E+02  -0.296777E+00  -0.999900E+04  -0.999900E+04  -0.999900E+04  -0.999900E+04  -0.199283E+01  -0.999900E+04  -0.999900E+04  -0.999900E+04  -0.999900E+04
   0.200000E+01   0.300000E+01   0.270000E+05   0.259200E+06   0.200000E+01   0.300000E+01   0.270000E+05   0.259200E+06   0.182617E+03  -0.999900E+04  -0.999900E+04  -0.999900E+04  -0.999900E+04   0.182617E+03  -0.999900E+04  -0.999900E+04  -0.999900E+04  -0.999900E+04   0.182402E+03   0.660482E+03   0.788083E+00   0.268118E+02   0.200000E+02   0.214690E+00  -0.999900E+04  -0.999900E+04  -0.999900E+04  -0.999900E+04   0.144163E+01  -0.999900E+04  -0.999900E+04  -0.999900E+04  -0.999900E+04
   0.200000E+01   0.300000E+01   0.276000E+05   0.259200E+06   0.200000E+01   0.300000E+01   0.276000E+05   0.259200E+06   0.182620E+03  -0.999900E+04  -0.999900E+04  -0.999900E+04  -0.999900E+04   0.182620E+03  -0.999900E+04  -0.999900E+04  -0.999900E+04  -0.999900E+04   0.182489E+03   0.660649E+03   0.928039E+00   0.268118E+02   0.200000E+02   0.130795E+00  -0.999900E+04  -0.999900E+04  -0.999900E+04  -0.999900E+04   0.878275E+00  -0.999900E+04  -0.999900E+04  -0.999900E+04  -0.999900E+04
   0.200000E+01   0.300000E+01   0.276500E+05   0.259200E+06   0.200000E+01   0.300000E+01   0.276500E+05   0.259200E+06   0.182633E+03  -0.999900E+04  -0.999900E+04  -0.999900E+04  -0.999900E+04   0.182633E+03  -0.999900E+04  -0.999900E+04  -0.999900E+04  -0.999900E+04   0.182498E+03   0.660681E+03   0.937246E+00   0.268118E+02   0.200000E+02   0.135175E+00  -0.999900E+04  -0.999900E+04  -0.999900E+04  -0.999900E+04   0.907689E+00  -0.999900E+04  -0.999900E+04  -0.999900E+04  -0.999900E+04
   0.200000E+01   0.300000E+01   0.277000E+05   0.259200E+06   0.200000E+01   0.300000E+01   0.277000E+05   0.259200E+06   0.182627E+03  -0.999900E+04  -0.999900E+04  -0.999900E+04  -0.999900E+04   0.182627E+03  -0.999900E+04  -0.999900E+04  -0.999900E+04  -0.999900E+04   0.182506E+03   0.660714E+03   0.950246E+00   0.268118E+02   0.200000E+02   0.121107E+00  -0.999900E+04  -0.999900E+04  -0.999900E+04  -0.999900E+04   0.813219E+00  -0.999900E+04  -0.999900E+04  -0.999900E+04  -0.999900E+04
   0.200000E+01   0.300000E+01   0.277500E+05   0.259200E+06   0.200000E+01   0.300000E+01   0.277500E+05   0.259200E+06   0.182634E+03  -0.999900E+04  -0.999900E+04  -0.999900E+04  -0.999900E+04   0.182634E+03  -0.999900E+04  -0.999900E+04  -0.999900E+04  -0.999900E+04   0.182515E+03   0.660750E+03   0.966391E+00   0.268118E+02   0.200000E+02   0.119652E+00  -0.999900E+04  -0.999900E+04  -0.999900E+04  -0.999900E+04   0.803449E+00  -0.999900E+04  -0.999900E+04  -0.999900E+04  -0.999900E+04
   0.200000E+01   0.300000E+01   0.278000E+05   0.259200E+06   0.200000E+01   0.300000E+01   0.278000E+05   0.259200E+06   0.182642E+03  -0.999900E+04  -0.999900E+04  -0.999900E+04  -0.999900E+04   0.182642E+03  -0.999900E+04  -0.999900E+04  -0.999900E+04  -0.999900E+04   0.182523E+03   0.660786E+03   0.984594E+00   0.268118E+02   0.200000E+02   0.119603E+00  -0.999900E+04  -0.999900E+04  -0.999900E+04  -0.999900E+04   0.803125E+00  -0.999900E+04  -0.999900E+04  -0.999900E+04  -0.999900E+04
   0.200000E+01   0.300000E+01   0.279000E+05   0.259200E+06   0.200000E+01   0.300000E+01   0.279000E+05   0.259200E+06   0.182648E+03  -0.999900E+04  -0.999900E+04  -0.999900E+04  -0.999900E+04   0.182648E+03  -0.999900E+04  -0.999900E+04  -0.999900E+04  -0.999900E+04   0.182540E+03   0.660863E+03   0.101946E+01   0.268118E+02   0.200000E+02   0.107705E+00  -0.999900E+04  -0.999900E+04  -0.999900E+04  -0.999900E+04   0.723230E+00  -0.999900E+04  -0.999900E+04  -0.999900E+04  -0.999900E+04
   0.200000E+01   0.300000E+01   0.279500E+05   0.259200E+06   0.200000E+01   0.300000E+01   0.279500E+05   0.259200E+06   0.182655E+03  -0.999900E+04  -0.999900E+04  -0.999900E+04  -0.999900E+04   0.182655E+03  -0.999900E+04  -0.999900E+04  -0.999900E+04  -0.999900E+04   0.182549E+03   0.660904E+03   0.103056E+01   0.268118E+02   0.200000E+02   0.105575E+00  -0.999900E+04  -0.999900E+04  -0.999900E+04  -0.999900E+04   0.708927E+00  -0.999900E+04  -0.999900E+04  -0.999900E+04  -0.999900E+04
   0.200000E+01   0.300000E+01   0.285000E+05   0.259200E+06   0.200000E+01   0.300000E+01   0.285000E+05   0.259200E+06   0.182738E+03  -0.999900E+04  -0.999900E+04  -0.999900E+04  -0.999900E+04   0.182738E+03  -0.999900E+04  -0.999900E+04  -0.999900E+04  -0.999900E+04   0.182698E+03   0.661683E+03   0.105170E+01   0.268118E+02   0.200000E+02   0.404597E-01  -0.999900E+04  -0.999900E+04  -0.999900E+04  -0.999900E+04   0.271683E+00  -0.999900E+04  -0.999900E+04  -0.999900E+04  -0.999900E+04
   0.200000E+01   0.300000E+01   0.286250E+05   0.259200E+06   0.200000E+01   0.300000E+01   0.286250E+05   0.259200E+06   0.182741E+03  -0.999900E+04  -0.999900E+04  -0.999900E+04  -0.999900E+04   0.182741E+03  -0.999900E+04  -0.999900E+04  -0.999900E+04  -0.999900E+04   0.182743E+03   0.661979E+03   0.103712E+01   0.268118E+02   0.200000E+02  -0.204199E-02  -0.999900E+04  -0.999900E+04  -0.999900E+04  -0.999900E+04  -0.137118E-01  -0.999900E+04  -0.999900E+04  -0.999900E+04  -0.999900E+04
   0.200000E+01   0.300000E+01   0.287500E+05   0.259200E+06   0.200000E+01   0.300000E+01   0.287500E+05   0.259200E+06   0.182750E+03  -0.999900E+04  -0.999900E+04  -0.999900E+04  -0.999900E+04   0.182750E+03  -0.999900E+04  -0.999900E+04  -0.999900E+04  -0.999900E+04   0.182783E+03   0.662295E+03   0.102289E+01   0.268118E+02   0.200000E+02  -0.328862E-01  -0.999900E+04  -0.999900E+04  -0.999900E+04  -0.999900E+04  -0.220828E+00  -0.999900E+04  -0.999900E+04  -0.999900E+04  -0.999900E+04
   0.200000E+01   0.300000E+01   0.288750E+05   0.259200E+06   0.200000E+01   0.300000E+01   0.288750E+05   0.259200E+06   0.182783E+03  -0.999900E+04  -0.999900E+04  -0.999900E+04  -0.999900E+04   0.182783E+03  -0.999900E+04  -0.999900E+04  -0.999900E+04  -0.999900E+04   0.182818E+03   0.662611E+03   0.100635E+01   0.268118E+02   0.200000E+02  -0.351610E-01  -0.999900E+04  -0.999900E+04  -0.999900E+04  -0.999900E+04  -0.236103E+00  -0.999900E+04  -0.999900E+04  -0.999900E+04  -0.999900E+04
   0.200000E+01   0.300000E+01   0.290000E+05   0.259200E+06   0.200000E+01   0.300000E+01   0.290000E+05   0.259200E+06   0.182823E+03  -0.999900E+04  -0.999900E+04  -0.999900E+04  -0.999900E+04   0.182823E+03  -0.999900E+04  -0.999900E+04  -0.999900E+04  -0.999900E+04   0.182848E+03   0.662927E+03   0.993870E+00   0.268118E+02   0.200000E+02  -0.248666E-01  -0.999900E+04  -0.999900E+04  -0.999900E+04  -0.999900E+04  -0.166977E+00  -0.999900E+04  -0.999900E+04  -0.999900E+04  -0.999900E+04
   0.200000E+01   0.300000E+01   0.291250E+05   0.259200E+06   0.200000E+01   0.300000E+01   0.291250E+05   0.259200E+06   0.182872E+03  -0.999900E+04  -0.999900E+04  -0.999900E+04  -0.999900E+04   0.182872E+03  -0.999900E+04  -0.999900E+04  -0.999900E+04  -0.999900E+04   0.182874E+03   0.663269E+03   0.106040E+01   0.268118E+02   0.200000E+02  -0.130300E-02  -0.999900E+04  -0.999900E+04  -0.999900E+04  -0.999900E+04  -0.874954E-02  -0.999900E+04  -0.999900E+04  -0.999900E+04  -0.999900E+04
   0.200000E+01   0.300000E+01   0.295000E+05   0.259200E+06   0.200000E+01   0.300000E+01   0.295000E+05   0.259200E+06   0.182995E+03  -0.999900E+04  -0.999900E+04  -0.999900E+04  -0.999900E+04   0.182995E+03  -0.999900E+04  -0.999900E+04  -0.999900E+04  -0.999900E+04   0.183058E+03   0.664601E+03   0.118364E+01   0.268118E+02   0.200000E+02  -0.627461E-01  -0.999900E+04  -0.999900E+04  -0.999900E+04  -0.999900E+04  -0.421334E+00  -0.999900E+04  -0.999900E+04  -0.999900E+04  -0.999900E+04
   0.200000E+01   0.300000E+01   0.305000E+05   0.259200E+06   0.200000E+01   0.300000E+01   0.305000E+05   0.259200E+06   0.183182E+03  -0.999900E+04  -0.999900E+04  -0.999900E+04  -0.999900E+04   0.183182E+03  -0.999900E+04  -0.999900E+04  -0.999900E+04  -0.999900E+04   0.183488E+03   0.669232E+03   0.124127E+01   0.268118E+02   0.200000E+02  -0.306373E+00  -0.999900E+04  -0.999900E+04  -0.999900E+04  -0.999900E+04  -0.205726E+01  -0.999900E+04  -0.999900E+04  -0.999900E+04  -0.999900E+04
   0.200000E+01   0.300000E+01   0.305250E+05   0.259200E+06   0.200000E+01   0.300000E+01   0.305250E+05   0.259200E+06   0.183176E+03  -0.999900E+04  -0.999900E+04  -0.999900E+04  -0.999900E+04   0.183176E+03  -0.999900E+04  -0.999900E+04  -0.999900E+04  -0.999900E+04   0.183496E+03   0.669305E+03   0.123655E+01   0.268118E+02   0.200000E+02  -0.320224E+00  -0.999900E+04  -0.999900E+04  -0.999900E+04  -0.999900E+04  -0.215028E+01  -0.999900E+04  -0.999900E+04  -0.999900E+04  -0.999900E+04
   0.200000E+01   0.300000E+01   0.305500E+05   0.259200E+06   0.200000E+01   0.300000E+01   0.305500E+05   0.259200E+06   0.183202E+03  -0.999900E+04  -0.999900E+04  -0.999900E+04  -0.999900E+04   0.183202E+03  -0.999900E+04  -0.999900E+04  -0.999900E+04  -0.999900E+04   0.183504E+03   0.669380E+03   0.122740E+01   0.268118E+02   0.200000E+02  -0.301956E+00  -0.999900E+04  -0.999900E+04  -0.999900E+04  -0.999900E+04  -0.202760E+01  -0.999900E+04  -0.999900E+04  -0.999900E+04  -0.999900E+04
   0.200000E+01   0.300000E+01   0.306000E+05   0.259200E+06   0.200000E+01   0.300000E+01   0.306000E+05   0.259200E+06   0.183228E+03  -0.999900E+04  -0.999900E+04  -0.999900E+04  -0.999900E+04   0.183228E+03  -0.999900E+04  -0.999900E+04  -0.999900E+04  -0.999900E+04   0.183522E+03   0.669538E+03   0.120484E+01   0.268118E+02   0.200000E+02  -0.293520E+00  -0.999900E+04  -0.999900E+04  -0.999900E+04  -0.999900E+04  -0.197096E+01  -0.999900E+04  -0.999900E+04  -0.999900E+04  -0.999900E+04
   0.200000E+01   0.300000E+01   0.306500E+05   0.259200E+06   0.200000E+01   0.300000E+01   0.306500E+05   0.259200E+06   0.183220E+03  -0.999900E+04  -0.999900E+04  -0.999900E+04  -0.999900E+04   0.183220E+03  -0.999900E+04  -0.999900E+04  -0.999900E+04  -0.999900E+04   0.183539E+03   0.669713E+03   0.118846E+01   0.268118E+02   0.200000E+02  -0.318756E+00  -0.999900E+04  -0.999900E+04  -0.999900E+04  -0.999900E+04  -0.214041E+01  -0.999900E+04  -0.999900E+04  -0.999900E+04  -0.999900E+04
   0.200000E+01   0.300000E+01   0.307250E+05   0.259200E+06   0.200000E+01   0.300000E+01   0.307250E+05   0.259200E+06   0.183234E+03  -0.999900E+04  -0.999900E+04  -0.999900E+04  -0.999900E+04   0.183234E+03  -0.999900E+04  -0.999900E+04  -0.999900E+04  -0.999900E+04   0.183564E+03   0.670003E+03   0.118133E+01   0.268118E+02   0.200000E+02  -0.329672E+00  -0.999900E+04  -0.999900E+04  -0.999900E+04  -0.999900E+04  -0.221371E+01  -0.999900E+04  -0.999900E+04  -0.999900E+04  -0.999900E+04
   0.200000E+01   0.300000E+01   0.307500E+05   0.259200E+06   0.200000E+01   0.300000E+01   0.307500E+05   0.259200E+06   0.183231E+03  -0.999900E+04  -0.999900E+04  -0.999900E+04  -0.999900E+04   0.183231E+03  -0.999900E+04  -0.999900E+04  -0.999900E+04  -0.999900E+04   0.183573E+03   0.670105E+03   0.117944E+01   0.268118E+02   0.200000E+02  -0.342178E+00  -0.999900E+04  -0.999900E+04  -0.999900E+04  -0.999900E+04  -0.229769E+01  -0.999900E+04  -0.999900E+04  -0.999900E+04  -0.999900E+04
   0.200000E+01   0.300000E+01   0.310000E+05   0.259200E+06   0.200000E+01   0.300000E+01   0.310000E+05   0.259200E+06   0.183300E+03  -0.999900E+04  -0.999900E+04  -0.999900E+04  -0.999900E+04   0.183300E+03  -0.999900E+04  -0.999900E+04  -0.999900E+04  -0.999900E+04   0.183677E+03   0.671130E+03   0.126648E+01   0.268118E+02   0.200000E+02  -0.376624E+00  -0.999900E+04  -0.999900E+04  -0.999900E+04  -0.999900E+04  -0.252900E+01  -0.999900E+04  -0.999900E+04  -0.999900E+04  -0.999900E+04
   0.200000E+01   0.300000E+01   0.313500E+05   0.259200E+06   0.200000E+01   0.300000E+01   0.313500E+05   0.259200E+06   0.183382E+03  -0.999900E+04  -0.999900E+04  -0.999900E+04  -0.999900E+04   0.183382E+03  -0.999900E+04  -0.999900E+04  -0.999900E+04  -0.999900E+04   0.183800E+03   0.672406E+03   0.147219E+01   0.268118E+02   0.200000E+02  -0.418861E+00  -0.999900E+04  -0.999900E+04  -0.999900E+04  -0.999900E+04  -0.281261E+01  -0.999900E+04  -0.999900E+04  -0.999900E+04  -0.999900E+04
   0.200000E+01   0.300000E+01   0.314000E+05   0.259200E+06   0.200000E+01   0.300000E+01   0.314000E+05   0.259200E+06   0.183412E+03  -0.999900E+04  -0.999900E+04  -0.999900E+04  -0.999900E+04   0.183412E+03  -0.999900E+04  -0.999900E+04  -0.999900E+04  -0.999900E+04   0.183816E+03   0.672594E+03   0.156944E+01   0.268118E+02   0.200000E+02  -0.403328E+00  -0.999900E+04  -0.999900E+04  -0.999900E+04  -0.999900E+04  -0.270831E+01  -0.999900E+04  -0.999900E+04  -0.999900E+04  -0.999900E+04
   0.200000E+01   0.300000E+01   0.314500E+05   0.259200E+06   0.200000E+01   0.300000E+01   0.314500E+05   0.259200E+06   0.183470E+03  -0.999900E+04  -0.999900E+04  -0.999900E+04  -0.999900E+04   0.183470E+03  -0.999900E+04  -0.999900E+04  -0.999900E+04  -0.999900E+04   0.183838E+03   0.672792E+03   0.167072E+01   0.268118E+02   0.200000E+02  -0.368175E+00  -0.999900E+04  -0.999900E+04  -0.999900E+04  -0.999900E+04  -0.247226E+01  -0.999900E+04  -0.999900E+04  -0.999900E+04  -0.999900E+04
   0.200000E+01   0.300000E+01   0.316250E+05   0.259200E+06   0.200000E+01   0.300000E+01   0.316250E+05   0.259200E+06   0.183492E+03  -0.999900E+04  -0.999900E+04  -0.999900E+04  -0.999900E+04   0.183492E+03  -0.999900E+04  -0.999900E+04  -0.999900E+04  -0.999900E+04   0.184002E+03   0.673537E+03   0.164914E+01   0.268118E+02   0.200000E+02  -0.509945E+00  -0.999900E+04  -0.999900E+04  -0.999900E+04  -0.999900E+04  -0.342423E+01  -0.999900E+04  -0.999900E+04  -0.999900E+04  -0.999900E+04
   0.200000E+01   0.300000E+01   0.317500E+05   0.259200E+06   0.200000E+01   0.300000E+01   0.317500E+05   0.259200E+06   0.183515E+03  -0.999900E+04  -0.999900E+04  -0.999900E+04  -0.999900E+04   0.183515E+03  -0.999900E+04  -0.999900E+04  -0.999900E+04  -0.999900E+04   0.184122E+03   0.674120E+03   0.158041E+01   0.268118E+02   0.200000E+02  -0.606619E+00  -0.999900E+04  -0.999900E+04  -0.999900E+04  -0.999900E+04  -0.407339E+01  -0.999900E+04  -0.999900E+04  -0.999900E+04  -0.999900E+04
   0.200000E+01   0.300000E+01   0.318750E+05   0.259200E+06   0.200000E+01   0.300000E+01   0.318750E+05   0.259200E+06   0.183702E+03  -0.999900E+04  -0.999900E+04  -0.999900E+04  -0.999900E+04   0.183702E+03  -0.999900E+04  -0.999900E+04  -0.999900E+04  -0.999900E+04   0.184220E+03   0.674717E+03   0.162454E+01   0.268118E+02   0.200000E+02  -0.517342E+00  -0.999900E+04  -0.999900E+04  -0.999900E+04  -0.999900E+04  -0.347390E+01  -0.999900E+04  -0.999900E+04  -0.999900E+04  -0.999900E+04
   0.200000E+01   0.300000E+01   0.320000E+05   0.259200E+06   0.200000E+01   0.300000E+01   0.320000E+05   0.259200E+06   0.183876E+03  -0.999900E+04  -0.999900E+04  -0.999900E+04  -0.999900E+04   0.183876E+03  -0.999900E+04  -0.999900E+04  -0.999900E+04  -0.999900E+04   0.184329E+03   0.675305E+03   0.162331E+01   0.268118E+02   0.200000E+02  -0.452296E+00  -0.999900E+04  -0.999900E+04  -0.999900E+04  -0.999900E+04  -0.303713E+01  -0.999900E+04  -0.999900E+04  -0.999900E+04  -0.999900E+04
   0.200000E+01   0.300000E+01   0.321250E+05   0.259200E+06   0.200000E+01   0.300000E+01   0.321250E+05   0.259200E+06   0.183926E+03  -0.999900E+04  -0.999900E+04  -0.999900E+04  -0.999900E+04   0.183926E+03  -0.999900E+04  -0.999900E+04  -0.999900E+04  -0.999900E+04   0.184421E+03   0.675894E+03   0.174439E+01   0.268118E+02   0.200000E+02  -0.495412E+00  -0.999900E+04  -0.999900E+04  -0.999900E+04  -0.999900E+04  -0.332665E+01  -0.999900E+04  -0.999900E+04  -0.999900E+04  -0.999900E+04
   0.200000E+01   0.300000E+01   0.323750E+05   0.259200E+06   0.200000E+01   0.300000E+01   0.323750E+05   0.259200E+06   0.184131E+03  -0.999900E+04  -0.999900E+04  -0.999900E+04  -0.999900E+04   0.184131E+03  -0.999900E+04  -0.999900E+04  -0.999900E+04  -0.999900E+04   0.184707E+03   0.677127E+03   0.168422E+01   0.268118E+02   0.200000E+02  -0.576355E+00  -0.999900E+04  -0.999900E+04  -0.999900E+04  -0.999900E+04  -0.387017E+01  -0.999900E+04  -0.999900E+04  -0.999900E+04  -0.999900E+04
   0.200000E+01   0.300000E+01   0.325000E+05   0.259200E+06   0.200000E+01   0.300000E+01   0.325000E+05   0.259200E+06   0.184208E+03  -0.999900E+04  -0.999900E+04  -0.999900E+04  -0.999900E+04   0.184208E+03  -0.999900E+04  -0.999900E+04  -0.999900E+04  -0.999900E+04   0.184838E+03   0.677795E+03   0.138882E+01   0.268118E+02   0.200000E+02  -0.630125E+00  -0.999900E+04  -0.999900E+04  -0.999900E+04  -0.999900E+04  -0.423123E+01  -0.999900E+04  -0.999900E+04  -0.999900E+04  -0.999900E+04
   0.200000E+01   0.300000E+01   0.326250E+05   0.259200E+06   0.200000E+01   0.300000E+01   0.326250E+05   0.259200E+06   0.184345E+03  -0.999900E+04  -0.999900E+04  -0.999900E+04  -0.999900E+04   0.184345E+03  -0.999900E+04  -0.999900E+04  -0.999900E+04  -0.999900E+04   0.184894E+03   0.678481E+03   0.150145E+01   0.268118E+02   0.200000E+02  -0.549380E+00  -0.999900E+04  -0.999900E+04  -0.999900E+04  -0.999900E+04  -0.368904E+01  -0.999900E+04  -0.999900E+04  -0.999900E+04  -0.999900E+04
   0.200000E+01   0.300000E+01   0.327500E+05   0.259200E+06   0.200000E+01   0.300000E+01   0.327500E+05   0.259200E+06   0.184560E+03  -0.999900E+04  -0.999900E+04  -0.999900E+04  -0.999900E+04   0.184560E+03  -0.999900E+04  -0.999900E+04  -0.999900E+04  -0.999900E+04   0.184984E+03   0.679199E+03   0.154845E+01   0.268118E+02   0.200000E+02  -0.424275E+00  -0.999900E+04  -0.999900E+04  -0.999900E+04  -0.999900E+04  -0.284897E+01  -0.999900E+04  -0.999900E+04  -0.999900E+04  -0.999900E+04
   0.200000E+01   0.300000E+01   0.331250E+05   0.259200E+06   0.200000E+01   0.300000E+01   0.331250E+05   0.259200E+06   0.184730E+03  -0.999900E+04  -0.999900E+04  -0.999900E+04  -0.999900E+04   0.184730E+03  -0.999900E+04  -0.999900E+04  -0.999900E+04  -0.999900E+04   0.185258E+03   0.681639E+03   0.146080E+01   0.268118E+02   0.200000E+02  -0.528114E+00  -0.999900E+04  -0.999900E+04  -0.999900E+04  -0.999900E+04  -0.354624E+01  -0.999900E+04  -0.999900E+04  -0.999900E+04  -0.999900E+04
   0.200000E+01   0.300000E+01   0.333000E+05   0.259200E+06   0.200000E+01   0.300000E+01   0.333000E+05   0.259200E+06   0.184773E+03  -0.999900E+04  -0.999900E+04  -0.999900E+04  -0.999900E+04   0.184773E+03  -0.999900E+04  -0.999900E+04  -0.999900E+04  -0.999900E+04   0.185393E+03   0.682777E+03   0.167385E+01   0.268118E+02   0.200000E+02  -0.620511E+00  -0.999900E+04  -0.999900E+04  -0.999900E+04  -0.999900E+04  -0.416667E+01  -0.999900E+04  -0.999900E+04  -0.999900E+04  -0.999900E+04
   0.200000E+01   0.300000E+01   0.334000E+05   0.259200E+06   0.200000E+01   0.300000E+01   0.334000E+05   0.259200E+06   0.184860E+03  -0.999900E+04  -0.999900E+04  -0.999900E+04  -0.999900E+04   0.184860E+03  -0.999900E+04  -0.999900E+04  -0.999900E+04  -0.999900E+04   0.185495E+03   0.683464E+03   0.163181E+01   0.268118E+02   0.200000E+02  -0.635302E+00  -0.999900E+04  -0.999900E+04  -0.999900E+04  -0.999900E+04  -0.426599E+01  -0.999900E+04  -0.999900E+04  -0.999900E+04  -0.999900E+04
   0.200000E+01   0.300000E+01   0.336250E+05   0.259200E+06   0.200000E+01   0.300000E+01   0.336250E+05   0.259200E+06   0.184994E+03  -0.999900E+04  -0.999900E+04  -0.999900E+04  -0.999900E+04   0.184994E+03  -0.999900E+04  -0.999900E+04  -0.999900E+04  -0.999900E+04   0.185675E+03   0.684921E+03   0.159623E+01   0.268118E+02   0.200000E+02  -0.681347E+00  -0.999900E+04  -0.999900E+04  -0.999900E+04  -0.999900E+04  -0.457518E+01  -0.999900E+04  -0.999900E+04  -0.999900E+04  -0.999900E+04
   0.200000E+01   0.300000E+01   0.337500E+05   0.259200E+06   0.200000E+01   0.300000E+01   0.337500E+05   0.259200E+06   0.185105E+03  -0.999900E+04  -0.999900E+04  -0.999900E+04  -0.999900E+04   0.185105E+03  -0.999900E+04  -0.999900E+04  -0.999900E+04  -0.999900E+04   0.185769E+03   0.685775E+03   0.170663E+01   0.268118E+02   0.200000E+02  -0.664258E+00  -0.999900E+04  -0.999900E+04  -0.999900E+04  -0.999900E+04  -0.446043E+01  -0.999900E+04  -0.999900E+04  -0.999900E+04  -0.999900E+04
   0.200000E+01   0.300000E+01   0.338750E+05   0.259200E+06   0.200000E+01   0.300000E+01   0.338750E+05   0.259200E+06   0.185220E+03  -0.999900E+04  -0.999900E+04  -0.999900E+04  -0.999900E+04   0.185220E+03  -0.999900E+04  -0.999900E+04  -0.999900E+04  -0.999900E+04   0.185894E+03   0.686694E+03   0.182529E+01   0.268118E+02   0.200000E+02  -0.673400E+00  -0.999900E+04  -0.999900E+04  -0.999900E+04  -0.999900E+04  -0.452182E+01  -0.999900E+04  -0.999900E+04  -0.999900E+04  -0.999900E+04
   0.200000E+01   0.300000E+01   0.342000E+05   0.259200E+06   0.200000E+01   0.300000E+01   0.342000E+05   0.259200E+06   0.185304E+03  -0.999900E+04  -0.999900E+04  -0.999900E+04  -0.999900E+04   0.185304E+03  -0.999900E+04  -0.999900E+04  -0.999900E+04  -0.999900E+04   0.186284E+03   0.688769E+03   0.165588E+01   0.268118E+02   0.200000E+02  -0.980237E+00  -0.999900E+04  -0.999900E+04  -0.999900E+04  -0.999900E+04  -0.658220E+01  -0.999900E+04  -0.999900E+04  -0.999900E+04  -0.999900E+04
   0.200000E+01   0.300000E+01   0.342500E+05   0.259200E+06   0.200000E+01   0.300000E+01   0.342500E+05   0.259200E+06   0.185312E+03  -0.999900E+04  -0.999900E+04  -0.999900E+04  -0.999900E+04   0.185312E+03  -0.999900E+04  -0.999900E+04  -0.999900E+04  -0.999900E+04   0.186321E+03   0.688957E+03   0.162370E+01   0.268118E+02   0.200000E+02  -0.100896E+01  -0.999900E+04  -0.999900E+04  -0.999900E+04  -0.999900E+04  -0.677510E+01  -0.999900E+04  -0.999900E+04  -0.999900E+04  -0.999900E+04
   0.200000E+01   0.300000E+01   0.343500E+05   0.259200E+06   0.200000E+01   0.300000E+01   0.343500E+05   0.259200E+06   0.185424E+03  -0.999900E+04  -0.999900E+04  -0.999900E+04  -0.999900E+04   0.185424E+03  -0.999900E+04  -0.999900E+04  -0.999900E+04  -0.999900E+04   0.186371E+03   0.689339E+03   0.170694E+01   0.268118E+02   0.200000E+02  -0.947677E+00  -0.999900E+04  -0.999900E+04  -0.999900E+04  -0.999900E+04  -0.636356E+01  -0.999900E+04  -0.999900E+04  -0.999900E+04  -0.999900E+04
   0.200000E+01   0.300000E+01   0.344000E+05   0.259200E+06   0.200000E+01   0.300000E+01   0.344000E+05   0.259200E+06   0.185553E+03  -0.999900E+04  -0.999900E+04  -0.999900E+04  -0.999900E+04   0.185553E+03  -0.999900E+04  -0.999900E+04  -0.999900E+04  -0.999900E+04   0.186396E+03   0.689536E+03   0.179456E+01   0.268118E+02   0.200000E+02  -0.843030E+00  -0.999900E+04  -0.999900E+04  -0.999900E+04  -0.999900E+04  -0.566087E+01  -0.999900E+04  -0.999900E+04  -0.999900E+04  -0.999900E+04
   0.200000E+01   0.300000E+01   0.344500E+05   0.259200E+06   0.200000E+01   0.300000E+01   0.344500E+05   0.259200E+06   0.185589E+03  -0.999900E+04  -0.999900E+04  -0.999900E+04  -0.999900E+04   0.185589E+03  -0.999900E+04  -0.999900E+04  -0.999900E+04  -0.999900E+04   0.186428E+03   0.689735E+03   0.186765E+01   0.268118E+02   0.200000E+02  -0.838868E+00  -0.999900E+04  -0.999900E+04  -0.999900E+04  -0.999900E+04  -0.563292E+01  -0.999900E+04  -0.999900E+04  -0.999900E+04  -0.999900E+04
   0.200000E+01   0.200000E+01   0.346250E+05   0.259200E+06   0.200000E+01   0.200000E+01   0.346250E+05   0.259200E+06   0.185713E+03  -0.999900E+04  -0.999900E+04  -0.999900E+04  -0.999900E+04   0.185713E+03  -0.999900E+04  -0.999900E+04  -0.999900E+04  -0.999900E+04   0.186522E+03   0.565076E+03   0.147018E+01   0.401785E+02   0.200000E+02  -0.809181E+00  -0.999900E+04  -0.999900E+04  -0.999900E+04  -0.999900E+04  -0.543358E+01  -0.999900E+04  -0.999900E+04  -0.999900E+04  -0.999900E+04
   0.200000E+01   0.200000E+01   0.347500E+05   0.259200E+06   0.200000E+01   0.200000E+01   0.347500E+05   0.259200E+06   0.185817E+03  -0.999900E+04  -0.999900E+04  -0.999900E+04  -0.999900E+04   0.185817E+03  -0.999900E+04  -0.999900E+04  -0.999900E+04  -0.999900E+04   0.186567E+03   0.565686E+03   0.140806E+01   0.401785E+02   0.200000E+02  -0.749974E+00  -0.999900E+04  -0.999900E+04  -0.999900E+04  -0.999900E+04  -0.503601E+01  -0.999900E+04  -0.999900E+04  -0.999900E+04  -0.999900E+04
   0.200000E+01   0.200000E+01   0.348750E+05   0.259200E+06   0.200000E+01   0.200000E+01   0.348750E+05   0.259200E+06   0.185856E+03  -0.999900E+04  -0.999900E+04  -0.999900E+04  -0.999900E+04   0.185856E+03  -0.999900E+04  -0.999900E+04  -0.999900E+04  -0.999900E+04   0.186609E+03   0.566333E+03   0.136581E+01   0.401785E+02   0.200000E+02  -0.753294E+00  -0.999900E+04  -0.999900E+04  -0.999900E+04  -0.999900E+04  -0.505830E+01  -0.999900E+04  -0.999900E+04  -0.999900E+04  -0.999900E+04
   0.200000E+01   0.200000E+01   0.350000E+05   0.259200E+06   0.200000E+01   0.200000E+01   0.350000E+05   0.259200E+06   0.185898E+03  -0.999900E+04  -0.999900E+04  -0.999900E+04  -0.999900E+04   0.185898E+03  -0.999900E+04  -0.999900E+04  -0.999900E+04  -0.999900E+04   0.186652E+03   0.567013E+03   0.127690E+01   0.401785E+02   0.200000E+02  -0.754439E+00  -0.999900E+04  -0.999900E+04  -0.999900E+04  -0.999900E+04  -0.506598E+01  -0.999900E+04  -0.999900E+04  -0.999900E+04  -0.999900E+04
   0.200000E+01   0.200000E+01   0.351000E+05   0.259200E+06   0.200000E+01   0.200000E+01   0.351000E+05   0.259200E+06   0.185956E+03  -0.999900E+04  -0.999900E+04  -0.999900E+04  -0.999900E+04   0.185956E+03  -0.999900E+04  -0.999900E+04  -0.999900E+04  -0.999900E+04   0.186677E+03   0.567572E+03   0.125821E+01   0.401785E+02   0.200000E+02  -0.720839E+00  -0.999900E+04  -0.999900E+04  -0.999900E+04  -0.999900E+04  -0.484037E+01  -0.999900E+04  -0.999900E+04  -0.999900E+04  -0.999900E+04
   0.200000E+01   0.200000E+01   0.351500E+05   0.259200E+06   0.200000E+01   0.200000E+01   0.351500E+05   0.259200E+06   0.186026E+03  -0.999900E+04  -0.999900E+04  -0.999900E+04  -0.999900E+04   0.186026E+03  -0.999900E+04  -0.999900E+04  -0.999900E+04  -0.999900E+04   0.186686E+03   0.567844E+03   0.127254E+01   0.401785E+02   0.200000E+02  -0.659842E+00  -0.999900E+04  -0.999900E+04  -0.999900E+04  -0.999900E+04  -0.443078E+01  -0.999900E+04  -0.999900E+04  -0.999900E+04  -0.999900E+04
   0.200000E+01   0.200000E+01   0.352500E+05   0.259200E+06   0.200000E+01   0.200000E+01   0.352500E+05   0.259200E+06   0.186077E+03  -0.999900E+04  -0.999900E+04  -0.999900E+04  -0.999900E+04   0.186077E+03  -0.999900E+04  -0.999900E+04  -0.999900E+04  -0.999900E+04   0.186700E+03   0.568343E+03   0.133296E+01   0.401785E+02   0.200000E+02  -0.623344E+00  -0.999900E+04  -0.999900E+04  -0.999900E+04  -0.999900E+04  -0.418570E+01  -0.999900E+04  -0.999900E+04  -0.999900E+04  -0.999900E+04
   0.200000E+01   0.200000E+01   0.353000E+05   0.259200E+06   0.200000E+01   0.200000E+01   0.353000E+05   0.259200E+06   0.186117E+03  -0.999900E+04  -0.999900E+04  -0.999900E+04  -0.999900E+04   0.186117E+03  -0.999900E+04  -0.999900E+04  -0.999900E+04  -0.999900E+04   0.186713E+03   0.568590E+03   0.132139E+01   0.401785E+02   0.200000E+02  -0.595577E+00  -0.999900E+04  -0.999900E+04  -0.999900E+04  -0.999900E+04  -0.399924E+01  -0.999900E+04  -0.999900E+04  -0.999900E+04  -0.999900E+04
   0.200000E+01   0.200000E+01   0.353500E+05   0.259200E+06   0.200000E+01   0.200000E+01   0.353500E+05   0.259200E+06   0.186160E+03  -0.999900E+04  -0.999900E+04  -0.999900E+04  -0.999900E+04   0.186160E+03  -0.999900E+04  -0.999900E+04  -0.999900E+04  -0.999900E+04   0.186724E+03   0.568857E+03   0.132696E+01   0.401785E+02   0.200000E+02  -0.563919E+00  -0.999900E+04  -0.999900E+04  -0.999900E+04  -0.999900E+04  -0.378667E+01  -0.999900E+04  -0.999900E+04  -0.999900E+04  -0.999900E+04
   0.200000E+01   0.200000E+01   0.354000E+05   0.259200E+06   0.200000E+01   0.200000E+01   0.354000E+05   0.259200E+06   0.186201E+03  -0.999900E+04  -0.999900E+04  -0.999900E+04  -0.999900E+04   0.186201E+03  -0.999900E+04  -0.999900E+04  -0.999900E+04  -0.999900E+04   0.186731E+03   0.569158E+03   0.138807E+01   0.401785E+02   0.200000E+02  -0.530700E+00  -0.999900E+04  -0.999900E+04  -0.999900E+04  -0.999900E+04  -0.356360E+01  -0.999900E+04  -0.999900E+04  -0.999900E+04  -0.999900E+04
   0.200000E+01   0.200000E+01   0.354500E+05   0.259200E+06   0.200000E+01   0.200000E+01   0.354500E+05   0.259200E+06   0.186234E+03  -0.999900E+04  -0.999900E+04  -0.999900E+04  -0.999900E+04   0.186234E+03  -0.999900E+04  -0.999900E+04  -0.999900E+04  -0.999900E+04   0.186737E+03   0.569488E+03   0.149236E+01   0.401785E+02   0.200000E+02  -0.503857E+00  -0.999900E+04  -0.999900E+04  -0.999900E+04  -0.999900E+04  -0.338335E+01  -0.999900E+04  -0.999900E+04  -0.999900E+04  -0.999900E+04
   0.200000E+01   0.200000E+01   0.357500E+05   0.259200E+06   0.200000E+01   0.200000E+01   0.357500E+05   0.259200E+06   0.186538E+03  -0.999900E+04  -0.999900E+04  -0.999900E+04  -0.999900E+04   0.186538E+03  -0.999900E+04  -0.999900E+04  -0.999900E+04  -0.999900E+04   0.186905E+03   0.571523E+03   0.168238E+01   0.401785E+02   0.200000E+02  -0.366741E+00  -0.999900E+04  -0.999900E+04  -0.999900E+04  -0.999900E+04  -0.246263E+01  -0.999900E+04  -0.999900E+04  -0.999900E+04  -0.999900E+04
   0.200000E+01   0.200000E+01   0.358750E+05   0.259200E+06   0.200000E+01   0.200000E+01   0.358750E+05   0.259200E+06   0.186543E+03  -0.999900E+04  -0.999900E+04  -0.999900E+04  -0.999900E+04   0.186543E+03  -0.999900E+04  -0.999900E+04  -0.999900E+04  -0.999900E+04   0.187010E+03   0.572276E+03   0.156607E+01   0.401785E+02   0.200000E+02  -0.467044E+00  -0.999900E+04  -0.999900E+04  -0.999900E+04  -0.999900E+04  -0.313615E+01  -0.999900E+04  -0.999900E+04  -0.999900E+04  -0.999900E+04
   0.200000E+01   0.200000E+01   0.360000E+05   0.259200E+06   0.200000E+01   0.200000E+01   0.360000E+05   0.259200E+06   0.186682E+03  -0.999900E+04  -0.999900E+04  -0.999900E+04  -0.999900E+04   0.186682E+03  -0.999900E+04  -0.999900E+04  -0.999900E+04  -0.999900E+04   0.187078E+03   0.572905E+03   0.152080E+01   0.401785E+02   0.200000E+02  -0.395962E+00  -0.999900E+04  -0.999900E+04  -0.999900E+04  -0.999900E+04  -0.265885E+01  -0.999900E+04  -0.999900E+04  -0.999900E+04  -0.999900E+04
   0.200000E+01   0.200000E+01   0.361250E+05   0.259200E+06   0.200000E+01   0.200000E+01   0.361250E+05   0.259200E+06   0.186850E+03  -0.999900E+04  -0.999900E+04  -0.999900E+04  -0.999900E+04   0.186850E+03  -0.999900E+04  -0.999900E+04  -0.999900E+04  -0.999900E+04   0.187125E+03   0.573486E+03   0.158886E+01   0.401785E+02   0.200000E+02  -0.274671E+00  -0.999900E+04  -0.999900E+04  -0.999900E+04  -0.999900E+04  -0.184439E+01  -0.999900E+04  -0.999900E+04  -0.999900E+04  -0.999900E+04
   0.200000E+01   0.100000E+01   0.363000E+05   0.259200E+06   0.200000E+01   0.100000E+01   0.363000E+05   0.259200E+06   0.186929E+03  -0.999900E+04  -0.999900E+04  -0.999900E+04  -0.999900E+04   0.186929E+03  -0.999900E+04  -0.999900E+04  -0.999900E+04  -0.999900E+04   0.187205E+03   0.565230E+03   0.157632E+01   0.401785E+02   0.200000E+02  -0.276439E+00  -0.999900E+04  -0.999900E+04  -0.999900E+04  -0.999900E+04  -0.185626E+01  -0.999900E+04  -0.999900E+04  -0.999900E+04  -0.999900E+04
   0.200000E+01   0.100000E+01   0.363500E+05   0.259200E+06   0.200000E+01   0.100000E+01   0.363500E+05   0.259200E+06   0.186943E+03  -0.999900E+04  -0.999900E+04  -0.999900E+04  -0.999900E+04   0.186943E+03  -0.999900E+04  -0.999900E+04  -0.999900E+04  -0.999900E+04   0.187223E+03   0.565435E+03   0.160193E+01   0.401785E+02   0.200000E+02  -0.280419E+00  -0.999900E+04  -0.999900E+04  -0.999900E+04  -0.999900E+04  -0.188299E+01  -0.999900E+04  -0.999900E+04  -0.999900E+04  -0.999900E+04
   0.200000E+01   0.100000E+01   0.364000E+05   0.259200E+06   0.200000E+01   0.100000E+01   0.364000E+05   0.259200E+06   0.187055E+03  -0.999900E+04  -0.999900E+04  -0.999900E+04  -0.999900E+04   0.187055E+03  -0.999900E+04  -0.999900E+04  -0.999900E+04  -0.999900E+04   0.187244E+03   0.565632E+03   0.160886E+01   0.401785E+02   0.200000E+02  -0.189831E+00  -0.999900E+04  -0.999900E+04  -0.999900E+04  -0.999900E+04  -0.127469E+01  -0.999900E+04  -0.999900E+04  -0.999900E+04  -0.999900E+04
   0.200000E+01   0.100000E+01   0.364500E+05   0.259200E+06   0.200000E+01   0.100000E+01   0.364500E+05   0.259200E+06   0.187130E+03  -0.999900E+04  -0.999900E+04  -0.999900E+04  -0.999900E+04   0.187130E+03  -0.999900E+04  -0.999900E+04  -0.999900E+04  -0.999900E+04   0.187269E+03   0.565816E+03   0.158250E+01   0.401785E+02   0.200000E+02  -0.139107E+00  -0.999900E+04  -0.999900E+04  -0.999900E+04  -0.999900E+04  -0.934092E+00  -0.999900E+04  -0.999900E+04  -0.999900E+04  -0.999900E+04
   0.200000E+01   0.100000E+01   0.366250E+05   0.259200E+06   0.200000E+01   0.100000E+01   0.366250E+05   0.259200E+06   0.187233E+03  -0.999900E+04  -0.999900E+04  -0.999900E+04  -0.999900E+04   0.187233E+03  -0.999900E+04  -0.999900E+04  -0.999900E+04  -0.999900E+04   0.187331E+03   0.566458E+03   0.160773E+01   0.401785E+02   0.200000E+02  -0.982073E-01  -0.999900E+04  -0.999900E+04  -0.999900E+04  -0.999900E+04  -0.659453E+00  -0.999900E+04  -0.999900E+04  -0.999900E+04  -0.999900E+04
   0.200000E+01   0.100000E+01   0.367500E+05   0.259200E+06   0.200000E+01   0.100000E+01   0.367500E+05   0.259200E+06   0.187301E+03  -0.999900E+04  -0.999900E+04  -0.999900E+04  -0.999900E+04   0.187301E+03  -0.999900E+04  -0.999900E+04  -0.999900E+04  -0.999900E+04   0.187401E+03   0.567020E+03   0.152597E+01   0.401785E+02   0.200000E+02  -0.999315E-01  -0.999900E+04  -0.999900E+04  -0.999900E+04  -0.999900E+04  -0.671031E+00  -0.999900E+04  -0.999900E+04  -0.999900E+04  -0.999900E+04
   0.200000E+01   0.100000E+01   0.368000E+05   0.259200E+06   0.200000E+01   0.100000E+01   0.368000E+05   0.259200E+06   0.187317E+03  -0.999900E+04  -0.999900E+04  -0.999900E+04  -0.999900E+04   0.187317E+03  -0.999900E+04  -0.999900E+04  -0.999900E+04  -0.999900E+04   0.187429E+03   0.567252E+03   0.147788E+01   0.401785E+02   0.200000E+02  -0.111708E+00  -0.999900E+04  -0.999900E+04  -0.999900E+04  -0.999900E+04  -0.750107E+00  -0.999900E+04  -0.999900E+04  -0.999900E+04  -0.999900E+04
   0.200000E+01   0.100000E+01   0.368500E+05   0.259200E+06   0.200000E+01   0.100000E+01   0.368500E+05   0.259200E+06   0.187421E+03  -0.999900E+04  -0.999900E+04  -0.999900E+04  -0.999900E+04   0.187421E+03  -0.999900E+04  -0.999900E+04  -0.999900E+04  -0.999900E+04   0.187453E+03   0.567480E+03   0.143786E+01   0.401785E+02   0.200000E+02  -0.324081E-01  -0.999900E+04  -0.999900E+04  -0.999900E+04  -0.999900E+04  -0.217617E+00  -0.999900E+04  -0.999900E+04  -0.999900E+04  -0.999900E+04
   0.200000E+01   0.100000E+01   0.369000E+05   0.259200E+06   0.200000E+01   0.100000E+01   0.369000E+05   0.259200E+06   0.187439E+03  -0.999900E+04  -0.999900E+04  -0.999900E+04  -0.999900E+04   0.187439E+03  -0.999900E+04  -0.999900E+04  -0.999900E+04  -0.999900E+04   0.187464E+03   0.567702E+03   0.148481E+01   0.401785E+02   0.200000E+02  -0.247503E-01  -0.999900E+04  -0.999900E+04  -0.999900E+04  -0.999900E+04  -0.166196E+00  -0.999900E+04  -0.999900E+04  -0.999900E+04  -0.999900E+04
   0.200000E+01   0.100000E+01   0.369500E+05   0.259200E+06   0.200000E+01   0.100000E+01   0.369500E+05   0.259200E+06   0.187447E+03  -0.999900E+04  -0.999900E+04  -0.999900E+04  -0.999900E+04   0.187447E+03  -0.999900E+04  -0.999900E+04  -0.999900E+04  -0.999900E+04   0.187464E+03   0.567918E+03   0.161573E+01   0.401785E+02   0.200000E+02  -0.175165E-01  -0.999900E+04  -0.999900E+04  -0.999900E+04  -0.999900E+04  -0.117622E+00  -0.999900E+04  -0.999900E+04  -0.999900E+04  -0.999900E+04
   0.200000E+01   0.100000E+01   0.370500E+05   0.259200E+06   0.200000E+01   0.100000E+01   0.370500E+05   0.259200E+06   0.187493E+03  -0.999900E+04  -0.999900E+04  -0.999900E+04  -0.999900E+04   0.187493E+03  -0.999900E+04  -0.999900E+04  -0.999900E+04  -0.999900E+04   0.187504E+03   0.568343E+03   0.169592E+01   0.401785E+02   0.200000E+02  -0.111250E-01  -0.999900E+04  -0.999900E+04  -0.999900E+04  -0.999900E+04  -0.747037E-01  -0.999900E+04  -0.999900E+04  -0.999900E+04  -0.999900E+04
   0.200000E+01   0.100000E+01   0.371000E+05   0.259200E+06   0.200000E+01   0.100000E+01   0.371000E+05   0.259200E+06   0.187548E+03  -0.999900E+04  -0.999900E+04  -0.999900E+04  -0.999900E+04   0.187548E+03  -0.999900E+04  -0.999900E+04  -0.999900E+04  -0.999900E+04   0.187530E+03   0.568552E+03   0.171213E+01   0.401785E+02   0.200000E+02   0.185742E-01  -0.999900E+04  -0.999900E+04  -0.999900E+04  -0.999900E+04   0.124724E+00  -0.999900E+04  -0.999900E+04  -0.999900E+04  -0.999900E+04
   0.200000E+01   0.100000E+01   0.371500E+05   0.259200E+06   0.200000E+01   0.100000E+01   0.371500E+05   0.259200E+06   0.187577E+03  -0.999900E+04  -0.999900E+04  -0.999900E+04  -0.999900E+04   0.187577E+03  -0.999900E+04  -0.999900E+04  -0.999900E+04  -0.999900E+04   0.187558E+03   0.568757E+03   0.170921E+01   0.401785E+02   0.200000E+02   0.187692E-01  -0.999900E+04  -0.999900E+04  -0.999900E+04  -0.999900E+04   0.126033E+00  -0.999900E+04  -0.999900E+04  -0.999900E+04  -0.999900E+04
   0.200000E+01   0.100000E+01   0.372000E+05   0.259200E+06   0.200000E+01   0.100000E+01   0.372000E+05   0.259200E+06   0.187610E+03  -0.999900E+04  -0.999900E+04  -0.999900E+04  -0.999900E+04   0.187610E+03  -0.999900E+04  -0.999900E+04  -0.999900E+04  -0.999900E+04   0.187589E+03   0.568958E+03   0.168231E+01   0.401785E+02   0.200000E+02   0.208802E-01  -0.999900E+04  -0.999900E+04  -0.999900E+04  -0.999900E+04   0.140209E+00  -0.999900E+04  -0.999900E+04  -0.999900E+04  -0.999900E+04
   0.200000E+01   0.100000E+01   0.372500E+05   0.259200E+06   0.200000E+01   0.100000E+01   0.372500E+05   0.259200E+06   0.187590E+03  -0.999900E+04  -0.999900E+04  -0.999900E+04  -0.999900E+04   0.187590E+03  -0.999900E+04  -0.999900E+04  -0.999900E+04  -0.999900E+04   0.187618E+03   0.569156E+03   0.165593E+01   0.401785E+02   0.200000E+02  -0.283167E-01  -0.999900E+04  -0.999900E+04  -0.999900E+04  -0.999900E+04  -0.190144E+00  -0.999900E+04  -0.999900E+04  -0.999900E+04  -0.999900E+04
   0.200000E+01   0.100000E+01   0.373000E+05   0.259200E+06   0.200000E+01   0.100000E+01   0.373000E+05   0.259200E+06   0.187595E+03  -0.999900E+04  -0.999900E+04  -0.999900E+04  -0.999900E+04   0.187595E+03  -0.999900E+04  -0.999900E+04  -0.999900E+04  -0.999900E+04   0.187684E+03   0.569357E+03   0.133376E+01   0.401785E+02   0.200000E+02  -0.892346E-01  -0.999900E+04  -0.999900E+04  -0.999900E+04  -0.999900E+04  -0.599202E+00  -0.999900E+04  -0.999900E+04  -0.999900E+04  -0.999900E+04
   0.200000E+01   0.100000E+01   0.374000E+05   0.259200E+06   0.200000E+01   0.100000E+01   0.374000E+05   0.259200E+06   0.187602E+03  -0.999900E+04  -0.999900E+04  -0.999900E+04  -0.999900E+04   0.187602E+03  -0.999900E+04  -0.999900E+04  -0.999900E+04  -0.999900E+04   0.187758E+03   0.569797E+03   0.692950E+00   0.401785E+02   0.200000E+02  -0.156099E+00  -0.999900E+04  -0.999900E+04  -0.999900E+04  -0.999900E+04  -0.104819E+01  -0.999900E+04  -0.999900E+04  -0.999900E+04  -0.999900E+04
   0.200000E+01   0.100000E+01   0.374500E+05   0.259200E+06   0.200000E+01   0.100000E+01   0.374500E+05   0.259200E+06   0.187644E+03  -0.999900E+04  -0.999900E+04  -0.999900E+04  -0.999900E+04   0.187644E+03  -0.999900E+04  -0.999900E+04  -0.999900E+04  -0.999900E+04   0.187767E+03   0.570038E+03   0.571611E+00   0.401785E+02   0.200000E+02  -0.123887E+00  -0.999900E+04  -0.999900E+04  -0.999900E+04  -0.999900E+04  -0.831887E+00  -0.999900E+04  -0.999900E+04  -0.999900E+04  -0.999900E+04
   0.200000E+01   0.100000E+01   0.375500E+05   0.259200E+06   0.200000E+01   0.100000E+01   0.375500E+05   0.259200E+06   0.187705E+03  -0.999900E+04  -0.999900E+04  -0.999900E+04  -0.999900E+04   0.187705E+03  -0.999900E+04  -0.999900E+04  -0.999900E+04  -0.999900E+04   0.187769E+03   0.570537E+03   0.579238E+00   0.401785E+02   0.200000E+02  -0.637378E-01  -0.999900E+04  -0.999900E+04  -0.999900E+04  -0.999900E+04  -0.427993E+00  -0.999900E+04  -0.999900E+04  -0.999900E+04  -0.999900E+04
   0.200000E+01   0.100000E+01   0.376000E+05   0.259200E+06   0.200000E+01   0.100000E+01   0.376000E+05   0.259200E+06   0.187709E+03  -0.999900E+04  -0.999900E+04  -0.999900E+04  -0.999900E+04   0.187709E+03  -0.999900E+04  -0.999900E+04  -0.999900E+04  -0.999900E+04   0.187761E+03   0.570780E+03   0.722740E+00   0.401785E+02   0.200000E+02  -0.515964E-01  -0.999900E+04  -0.999900E+04  -0.999900E+04  -0.999900E+04  -0.346465E+00  -0.999900E+04  -0.999900E+04  -0.999900E+04  -0.999900E+04
   0.200000E+01   0.100000E+01   0.377000E+05   0.259200E+06   0.200000E+01   0.100000E+01   0.377000E+05   0.259200E+06   0.187737E+03  -0.999900E+04  -0.999900E+04  -0.999900E+04  -0.999900E+04   0.187737E+03  -0.999900E+04  -0.999900E+04  -0.999900E+04  -0.999900E+04   0.187693E+03   0.571233E+03   0.147463E+01   0.401785E+02   0.200000E+02   0.440205E-01  -0.999900E+04  -0.999900E+04  -0.999900E+04  -0.999900E+04   0.295593E+00  -0.999900E+04  -0.999900E+04  -0.999900E+04  -0.999900E+04
   0.200000E+01   0.100000E+01   0.377500E+05   0.259200E+06   0.200000E+01   0.100000E+01   0.377500E+05   0.259200E+06   0.187762E+03  -0.999900E+04  -0.999900E+04  -0.999900E+04  -0.999900E+04   0.187762E+03  -0.999900E+04  -0.999900E+04  -0.999900E+04  -0.999900E+04   0.187658E+03   0.571447E+03   0.183811E+01   0.401785E+02   0.200000E+02   0.104348E+00  -0.999900E+04  -0.999900E+04  -0.999900E+04  -0.999900E+04   0.700686E+00  -0.999900E+04  -0.999900E+04  -0.999900E+04  -0.999900E+04
   0.200000E+01   0.100000E+01   0.378000E+05   0.259200E+06   0.200000E+01   0.100000E+01   0.378000E+05   0.259200E+06   0.187774E+03  -0.999900E+04  -0.999900E+04  -0.999900E+04  -0.999900E+04   0.187774E+03  -0.999900E+04  -0.999900E+04  -0.999900E+04  -0.999900E+04   0.187709E+03   0.571660E+03   0.173464E+01   0.401785E+02   0.200000E+02   0.647121E-01  -0.999900E+04  -0.999900E+04  -0.999900E+04  -0.999900E+04   0.434536E+00  -0.999900E+04  -0.999900E+04  -0.999900E+04  -0.999900E+04
   0.200000E+01   0.100000E+01   0.378500E+05   0.259200E+06   0.200000E+01   0.100000E+01   0.378500E+05   0.259200E+06   0.187791E+03  -0.999900E+04  -0.999900E+04  -0.999900E+04  -0.999900E+04   0.187791E+03  -0.999900E+04  -0.999900E+04  -0.999900E+04  -0.999900E+04   0.187758E+03   0.571876E+03   0.160820E+01   0.401785E+02   0.200000E+02   0.327502E-01  -0.999900E+04  -0.999900E+04  -0.999900E+04  -0.999900E+04   0.219914E+00  -0.999900E+04  -0.999900E+04  -0.999900E+04  -0.999900E+04
   0.200000E+01   0.100000E+01   0.379000E+05   0.259200E+06   0.200000E+01   0.100000E+01   0.379000E+05   0.259200E+06   0.187794E+03  -0.999900E+04  -0.999900E+04  -0.999900E+04  -0.999900E+04   0.187794E+03  -0.999900E+04  -0.999900E+04  -0.999900E+04  -0.999900E+04   0.187790E+03   0.572097E+03   0.155599E+01   0.401785E+02   0.200000E+02   0.413396E-02  -0.999900E+04  -0.999900E+04  -0.999900E+04  -0.999900E+04   0.277592E-01  -0.999900E+04  -0.999900E+04  -0.999900E+04  -0.999900E+04
   0.200000E+01   0.100000E+01   0.380000E+05   0.259200E+06   0.200000E+01   0.100000E+01   0.380000E+05   0.259200E+06   0.187812E+03  -0.999900E+04  -0.999900E+04  -0.999900E+04  -0.999900E+04   0.187812E+03  -0.999900E+04  -0.999900E+04  -0.999900E+04  -0.999900E+04   0.187833E+03   0.572554E+03   0.158119E+01   0.401785E+02   0.200000E+02  -0.203332E-01  -0.999900E+04  -0.999900E+04  -0.999900E+04  -0.999900E+04  -0.136535E+00  -0.999900E+04  -0.999900E+04  -0.999900E+04  -0.999900E+04
   0.200000E+01   0.100000E+01   0.380500E+05   0.259200E+06   0.200000E+01   0.100000E+01   0.380500E+05   0.259200E+06   0.187844E+03  -0.999900E+04  -0.999900E+04  -0.999900E+04  -0.999900E+04   0.187844E+03  -0.999900E+04  -0.999900E+04  -0.999900E+04  -0.999900E+04   0.187858E+03   0.572784E+03   0.157788E+01   0.401785E+02   0.200000E+02  -0.135508E-01  -0.999900E+04  -0.999900E+04  -0.999900E+04  -0.999900E+04  -0.909921E-01  -0.999900E+04  -0.999900E+04  -0.999900E+04  -0.999900E+04
   0.200000E+01   0.100000E+01   0.381000E+05   0.259200E+06   0.200000E+01   0.100000E+01   0.381000E+05   0.259200E+06   0.187908E+03  -0.999900E+04  -0.999900E+04  -0.999900E+04  -0.999900E+04   0.187908E+03  -0.999900E+04  -0.999900E+04  -0.999900E+04  -0.999900E+04   0.187880E+03   0.573008E+03   0.158934E+01   0.401785E+02   0.200000E+02   0.277935E-01  -0.999900E+04  -0.999900E+04  -0.999900E+04  -0.999900E+04   0.186631E+00  -0.999900E+04  -0.999900E+04  -0.999900E+04  -0.999900E+04
   0.200000E+01   0.100000E+01   0.381500E+05   0.259200E+06   0.200000E+01   0.100000E+01   0.381500E+05   0.259200E+06   0.187981E+03  -0.999900E+04  -0.999900E+04  -0.999900E+04  -0.999900E+04   0.187981E+03  -0.999900E+04  -0.999900E+04  -0.999900E+04  -0.999900E+04   0.187903E+03   0.573226E+03   0.159201E+01   0.401785E+02   0.200000E+02   0.776849E-01  -0.999900E+04  -0.999900E+04  -0.999900E+04  -0.999900E+04   0.521647E+00  -0.999900E+04  -0.999900E+04  -0.999900E+04  -0.999900E+04
   0.200000E+01   0.100000E+01   0.382500E+05   0.259200E+06   0.200000E+01   0.100000E+01   0.382500E+05   0.259200E+06   0.187978E+03  -0.999900E+04  -0.999900E+04  -0.999900E+04  -0.999900E+04   0.187978E+03  -0.999900E+04  -0.999900E+04  -0.999900E+04  -0.999900E+04   0.187951E+03   0.573642E+03   0.156620E+01   0.401785E+02   0.200000E+02   0.264586E-01  -0.999900E+04  -0.999900E+04  -0.999900E+04  -0.999900E+04   0.177667E+00  -0.999900E+04  -0.999900E+04  -0.999900E+04  -0.999900E+04
   0.200000E+01   0.100000E+01   0.383000E+05   0.259200E+06   0.200000E+01   0.100000E+01   0.383000E+05   0.259200E+06   0.187946E+03  -0.999900E+04  -0.999900E+04  -0.999900E+04  -0.999900E+04   0.187946E+03  -0.999900E+04  -0.999900E+04  -0.999900E+04  -0.999900E+04   0.187969E+03   0.573847E+03   0.159116E+01   0.401785E+02   0.200000E+02  -0.224974E-01  -0.999900E+04  -0.999900E+04  -0.999900E+04  -0.999900E+04  -0.151068E+00  -0.999900E+04  -0.999900E+04  -0.999900E+04  -0.999900E+04
   0.200000E+01   0.100000E+01   0.384500E+05   0.259200E+06   0.200000E+01   0.100000E+01   0.384500E+05   0.259200E+06   0.187977E+03  -0.999900E+04  -0.999900E+04  -0.999900E+04  -0.999900E+04   0.187977E+03  -0.999900E+04  -0.999900E+04  -0.999900E+04  -0.999900E+04   0.188027E+03   0.574500E+03   0.175933E+01   0.401785E+02   0.200000E+02  -0.500606E-01  -0.999900E+04  -0.999900E+04  -0.999900E+04  -0.999900E+04  -0.336153E+00  -0.999900E+04  -0.999900E+04  -0.999900E+04  -0.999900E+04
   0.200000E+01   0.100000E+01   0.385000E+05   0.259200E+06   0.200000E+01   0.100000E+01   0.385000E+05   0.259200E+06   0.187988E+03  -0.999900E+04  -0.999900E+04  -0.999900E+04  -0.999900E+04   0.187988E+03  -0.999900E+04  -0.999900E+04  -0.999900E+04  -0.999900E+04   0.188065E+03   0.574730E+03   0.174575E+01   0.401785E+02   0.200000E+02  -0.773245E-01  -0.999900E+04  -0.999900E+04  -0.999900E+04  -0.999900E+04  -0.519227E+00  -0.999900E+04  -0.999900E+04  -0.999900E+04  -0.999900E+04
   0.200000E+01   0.100000E+01   0.390000E+05   0.259200E+06   0.200000E+01   0.100000E+01   0.390000E+05   0.259200E+06   0.188203E+03  -0.999900E+04  -0.999900E+04  -0.999900E+04  -0.999900E+04   0.188203E+03  -0.999900E+04  -0.999900E+04  -0.999900E+04  -0.999900E+04   0.188367E+03   0.576662E+03   0.158808E+01   0.401785E+02   0.200000E+02  -0.164710E+00  -0.999900E+04  -0.999900E+04  -0.999900E+04  -0.999900E+04  -0.110601E+01  -0.999900E+04  -0.999900E+04  -0.999900E+04  -0.999900E+04
   0.200000E+01   0.100000E+01   0.393000E+05   0.259200E+06   0.200000E+01   0.100000E+01   0.393000E+05   0.259200E+06   0.188342E+03  -0.999900E+04  -0.999900E+04  -0.999900E+04  -0.999900E+04   0.188342E+03  -0.999900E+04  -0.999900E+04  -0.999900E+04  -0.999900E+04   0.188480E+03   0.577661E+03   0.158550E+01   0.401785E+02   0.200000E+02  -0.137621E+00  -0.999900E+04  -0.999900E+04  -0.999900E+04  -0.999900E+04  -0.924113E+00  -0.999900E+04  -0.999900E+04  -0.999900E+04  -0.999900E+04
   0.200000E+01   0.100000E+01   0.393500E+05   0.259200E+06   0.200000E+01   0.100000E+01   0.393500E+05   0.259200E+06   0.188355E+03  -0.999900E+04  -0.999900E+04  -0.999900E+04  -0.999900E+04   0.188355E+03  -0.999900E+04  -0.999900E+04  -0.999900E+04  -0.999900E+04   0.188501E+03   0.577822E+03   0.155225E+01   0.401785E+02   0.200000E+02  -0.146558E+00  -0.999900E+04  -0.999900E+04  -0.999900E+04  -0.999900E+04  -0.984123E+00  -0.999900E+04  -0.999900E+04  -0.999900E+04  -0.999900E+04
   0.200000E+01   0.100000E+01   0.394000E+05   0.259200E+06   0.200000E+01   0.100000E+01   0.394000E+05   0.259200E+06   0.188383E+03  -0.999900E+04  -0.999900E+04  -0.999900E+04  -0.999900E+04   0.188383E+03  -0.999900E+04  -0.999900E+04  -0.999900E+04  -0.999900E+04   0.188527E+03   0.577988E+03   0.148560E+01   0.401785E+02   0.200000E+02  -0.143449E+00  -0.999900E+04  -0.999900E+04  -0.999900E+04  -0.999900E+04  -0.963244E+00  -0.999900E+04  -0.999900E+04  -0.999900E+04  -0.999900E+04
   0.200000E+01   0.100000E+01   0.394500E+05   0.259200E+06   0.200000E+01   0.100000E+01   0.394500E+05   0.259200E+06   0.188410E+03  -0.999900E+04  -0.999900E+04  -0.999900E+04  -0.999900E+04   0.188410E+03  -0.999900E+04  -0.999900E+04  -0.999900E+04  -0.999900E+04   0.188551E+03   0.578161E+03   0.140981E+01   0.401785E+02   0.200000E+02  -0.141131E+00  -0.999900E+04  -0.999900E+04  -0.999900E+04  -0.999900E+04  -0.947679E+00  -0.999900E+04  -0.999900E+04  -0.999900E+04  -0.999900E+04
   0.200000E+01   0.100000E+01   0.395950E+05   0.259200E+06   0.200000E+01   0.100000E+01   0.395950E+05   0.259200E+06   0.188530E+03  -0.999900E+04  -0.999900E+04  -0.999900E+04  -0.999900E+04   0.188530E+03  -0.999900E+04  -0.999900E+04  -0.999900E+04  -0.999900E+04   0.188596E+03   0.578694E+03   0.132561E+01   0.401785E+02   0.200000E+02  -0.662031E-01  -0.999900E+04  -0.999900E+04  -0.999900E+04  -0.999900E+04  -0.444548E+00  -0.999900E+04  -0.999900E+04  -0.999900E+04  -0.999900E+04
   0.200000E+01   0.100000E+01   0.396400E+05   0.259200E+06   0.200000E+01   0.100000E+01   0.396400E+05   0.259200E+06   0.188549E+03  -0.999900E+04  -0.999900E+04  -0.999900E+04  -0.999900E+04   0.188549E+03  -0.999900E+04  -0.999900E+04  -0.999900E+04  -0.999900E+04   0.188603E+03   0.578862E+03   0.134323E+01   0.401785E+02   0.200000E+02  -0.544257E-01  -0.999900E+04  -0.999900E+04  -0.999900E+04  -0.999900E+04  -0.365464E+00  -0.999900E+04  -0.999900E+04  -0.999900E+04  -0.999900E+04
   0.200000E+01   0.100000E+01   0.396850E+05   0.259200E+06   0.200000E+01   0.100000E+01   0.396850E+05   0.259200E+06   0.188566E+03  -0.999900E+04  -0.999900E+04  -0.999900E+04  -0.999900E+04   0.188566E+03  -0.999900E+04  -0.999900E+04  -0.999900E+04  -0.999900E+04   0.188611E+03   0.579029E+03   0.136494E+01   0.401785E+02   0.200000E+02  -0.444499E-01  -0.999900E+04  -0.999900E+04  -0.999900E+04  -0.999900E+04  -0.298477E+00  -0.999900E+04  -0.999900E+04  -0.999900E+04  -0.999900E+04
   0.200000E+01   0.100000E+01   0.397750E+05   0.259200E+06   0.200000E+01   0.100000E+01   0.397750E+05   0.259200E+06   0.188580E+03  -0.999900E+04  -0.999900E+04  -0.999900E+04  -0.999900E+04   0.188580E+03  -0.999900E+04  -0.999900E+04  -0.999900E+04  -0.999900E+04   0.188629E+03   0.579359E+03   0.138659E+01   0.401785E+02   0.200000E+02  -0.489436E-01  -0.999900E+04  -0.999900E+04  -0.999900E+04  -0.999900E+04  -0.328652E+00  -0.999900E+04  -0.999900E+04  -0.999900E+04  -0.999900E+04
   0.200000E+01   0.100000E+01   0.398200E+05   0.259200E+06   0.200000E+01   0.100000E+01   0.398200E+05   0.259200E+06   0.188578E+03  -0.999900E+04  -0.999900E+04  -0.999900E+04  -0.999900E+04   0.188578E+03  -0.999900E+04  -0.999900E+04  -0.999900E+04  -0.999900E+04   0.188641E+03   0.579521E+03   0.137695E+01   0.401785E+02   0.200000E+02  -0.625065E-01  -0.999900E+04  -0.999900E+04  -0.999900E+04  -0.999900E+04  -0.419725E+00  -0.999900E+04  -0.999900E+04  -0.999900E+04  -0.999900E+04
   0.200000E+01   0.100000E+01   0.399100E+05   0.259200E+06   0.200000E+01   0.100000E+01   0.399100E+05   0.259200E+06   0.188637E+03  -0.999900E+04  -0.999900E+04  -0.999900E+04  -0.999900E+04   0.188637E+03  -0.999900E+04  -0.999900E+04  -0.999900E+04  -0.999900E+04   0.188667E+03   0.579843E+03   0.132992E+01   0.401785E+02   0.200000E+02  -0.299380E-01  -0.999900E+04  -0.999900E+04  -0.999900E+04  -0.999900E+04  -0.201031E+00  -0.999900E+04  -0.999900E+04  -0.999900E+04  -0.999900E+04
   0.200000E+01   0.100000E+01   0.399550E+05   0.259200E+06   0.200000E+01   0.100000E+01   0.399550E+05   0.259200E+06   0.188667E+03  -0.999900E+04  -0.999900E+04  -0.999900E+04  -0.999900E+04   0.188667E+03  -0.999900E+04  -0.999900E+04  -0.999900E+04  -0.999900E+04   0.188679E+03   0.580003E+03   0.130803E+01   0.401785E+02   0.200000E+02  -0.121177E-01  -0.999900E+04  -0.999900E+04  -0.999900E+04  -0.999900E+04  -0.813696E-01  -0.999900E+04  -0.999900E+04  -0.999900E+04  -0.999900E+04
   0.200000E+01   0.100000E+01   0.400500E+05   0.259200E+06   0.200000E+01   0.100000E+01   0.400500E+05   0.259200E+06   0.188686E+03  -0.999900E+04  -0.999900E+04  -0.999900E+04  -0.999900E+04   0.188686E+03  -0.999900E+04  -0.999900E+04  -0.999900E+04  -0.999900E+04   0.188697E+03   0.580341E+03   0.130176E+01   0.401785E+02   0.200000E+02  -0.111877E-01  -0.999900E+04  -0.999900E+04  -0.999900E+04  -0.999900E+04  -0.751243E-01  -0.999900E+04  -0.999900E+04  -0.999900E+04  -0.999900E+04
   0.200000E+01   0.100000E+01   0.401000E+05   0.259200E+06   0.200000E+01   0.100000E+01   0.401000E+05   0.259200E+06   0.188695E+03  -0.999900E+04  -0.999900E+04  -0.999900E+04  -0.999900E+04   0.188695E+03  -0.999900E+04  -0.999900E+04  -0.999900E+04  -0.999900E+04   0.188705E+03   0.580519E+03   0.131658E+01   0.401785E+02   0.200000E+02  -0.101255E-01  -0.999900E+04  -0.999900E+04  -0.999900E+04  -0.999900E+04  -0.679920E-01  -0.999900E+04  -0.999900E+04  -0.999900E+04  -0.999900E+04
   0.200000E+01   0.100000E+01   0.401500E+05   0.259200E+06   0.200000E+01   0.100000E+01   0.401500E+05   0.259200E+06   0.188703E+03  -0.999900E+04  -0.999900E+04  -0.999900E+04  -0.999900E+04   0.188703E+03  -0.999900E+04  -0.999900E+04  -0.999900E+04  -0.999900E+04   0.188712E+03   0.580698E+03   0.133596E+01   0.401785E+02   0.200000E+02  -0.893450E-02  -0.999900E+04  -0.999900E+04  -0.999900E+04  -0.999900E+04  -0.599943E-01  -0.999900E+04  -0.999900E+04  -0.999900E+04  -0.999900E+04
   0.200000E+01   0.100000E+01   0.402500E+05   0.259200E+06   0.200000E+01   0.100000E+01   0.402500E+05   0.259200E+06   0.188712E+03  -0.999900E+04  -0.999900E+04  -0.999900E+04  -0.999900E+04   0.188712E+03  -0.999900E+04  -0.999900E+04  -0.999900E+04  -0.999900E+04   0.188730E+03   0.581057E+03   0.136401E+01   0.401785E+02   0.200000E+02  -0.174532E-01  -0.999900E+04  -0.999900E+04  -0.999900E+04  -0.999900E+04  -0.117197E+00  -0.999900E+04  -0.999900E+04  -0.999900E+04  -0.999900E+04
   0.200000E+01   0.100000E+01   0.403000E+05   0.259200E+06   0.200000E+01   0.100000E+01   0.403000E+05   0.259200E+06   0.188732E+03  -0.999900E+04  -0.999900E+04  -0.999900E+04  -0.999900E+04   0.188732E+03  -0.999900E+04  -0.999900E+04  -0.999900E+04  -0.999900E+04   0.188740E+03   0.581237E+03   0.136488E+01   0.401785E+02   0.200000E+02  -0.824119E-02  -0.999900E+04  -0.999900E+04  -0.999900E+04  -0.999900E+04  -0.553388E-01  -0.999900E+04  -0.999900E+04  -0.999900E+04  -0.999900E+04
   0.200000E+01   0.100000E+01   0.403500E+05   0.259200E+06   0.200000E+01   0.100000E+01   0.403500E+05   0.259200E+06   0.188747E+03  -0.999900E+04  -0.999900E+04  -0.999900E+04  -0.999900E+04   0.188747E+03  -0.999900E+04  -0.999900E+04  -0.999900E+04  -0.999900E+04   0.188752E+03   0.581418E+03   0.135695E+01   0.401785E+02   0.200000E+02  -0.498882E-02  -0.999900E+04  -0.999900E+04  -0.999900E+04  -0.999900E+04  -0.334994E-01  -0.999900E+04  -0.999900E+04  -0.999900E+04  -0.999900E+04
   0.200000E+01   0.100000E+01   0.404000E+05   0.259200E+06   0.200000E+01   0.100000E+01   0.404000E+05   0.259200E+06   0.188759E+03  -0.999900E+04  -0.999900E+04  -0.999900E+04  -0.999900E+04   0.188759E+03  -0.999900E+04  -0.999900E+04  -0.999900E+04  -0.999900E+04   0.188765E+03   0.581599E+03   0.134400E+01   0.401785E+02   0.200000E+02  -0.553318E-02  -0.999900E+04  -0.999900E+04  -0.999900E+04  -0.999900E+04  -0.371548E-01  -0.999900E+04  -0.999900E+04  -0.999900E+04  -0.999900E+04
   0.200000E+01   0.100000E+01   0.405000E+05   0.259200E+06   0.200000E+01   0.100000E+01   0.405000E+05   0.259200E+06   0.188783E+03  -0.999900E+04  -0.999900E+04  -0.999900E+04  -0.999900E+04   0.188783E+03  -0.999900E+04  -0.999900E+04  -0.999900E+04  -0.999900E+04   0.188788E+03   0.581963E+03   0.132402E+01   0.401785E+02   0.200000E+02  -0.501292E-02  -0.999900E+04  -0.999900E+04  -0.999900E+04  -0.999900E+04  -0.336613E-01  -0.999900E+04  -0.999900E+04  -0.999900E+04  -0.999900E+04
   0.200000E+01   0.100000E+01   0.406000E+05   0.259200E+06   0.200000E+01   0.100000E+01   0.406000E+05   0.259200E+06   0.188794E+03  -0.999900E+04  -0.999900E+04  -0.999900E+04  -0.999900E+04   0.188794E+03  -0.999900E+04  -0.999900E+04  -0.999900E+04  -0.999900E+04   0.188806E+03   0.582328E+03   0.133222E+01   0.401785E+02   0.200000E+02  -0.126660E-01  -0.999900E+04  -0.999900E+04  -0.999900E+04  -0.999900E+04  -0.850508E-01  -0.999900E+04  -0.999900E+04  -0.999900E+04  -0.999900E+04
   0.200000E+01   0.100000E+01   0.406500E+05   0.259200E+06   0.200000E+01   0.100000E+01   0.406500E+05   0.259200E+06   0.188803E+03  -0.999900E+04  -0.999900E+04  -0.999900E+04  -0.999900E+04   0.188803E+03  -0.999900E+04  -0.999900E+04  -0.999900E+04  -0.999900E+04   0.188815E+03   0.582509E+03   0.134429E+01   0.401785E+02   0.200000E+02  -0.116041E-01  -0.999900E+04  -0.999900E+04  -0.999900E+04  -0.999900E+04  -0.779203E-01  -0.999900E+04  -0.999900E+04  -0.999900E+04  -0.999900E+04
   0.200000E+01   0.100000E+01   0.407500E+05   0.259200E+06   0.200000E+01   0.100000E+01   0.407500E+05   0.259200E+06   0.188828E+03  -0.999900E+04  -0.999900E+04  -0.999900E+04  -0.999900E+04   0.188828E+03  -0.999900E+04  -0.999900E+04  -0.999900E+04  -0.999900E+04   0.188832E+03   0.582867E+03   0.137366E+01   0.401785E+02   0.200000E+02  -0.374297E-02  -0.999900E+04  -0.999900E+04  -0.999900E+04  -0.999900E+04  -0.251337E-01  -0.999900E+04  -0.999900E+04  -0.999900E+04  -0.999900E+04
   0.200000E+01   0.100000E+01   0.409000E+05   0.259200E+06   0.200000E+01   0.100000E+01   0.409000E+05   0.259200E+06   0.188871E+03  -0.999900E+04  -0.999900E+04  -0.999900E+04  -0.999900E+04   0.188871E+03  -0.999900E+04  -0.999900E+04  -0.999900E+04  -0.999900E+04   0.188859E+03   0.583392E+03   0.140528E+01   0.401785E+02   0.200000E+02   0.119029E-01  -0.999900E+04  -0.999900E+04  -0.999900E+04  -0.999900E+04   0.799271E-01  -0.999900E+04  -0.999900E+04  -0.999900E+04  -0.999900E+04
   0.200000E+01   0.100000E+01   0.410000E+05   0.259200E+06   0.200000E+01   0.100000E+01   0.410000E+05   0.259200E+06   0.188882E+03  -0.999900E+04  -0.999900E+04  -0.999900E+04  -0.999900E+04   0.188882E+03  -0.999900E+04  -0.999900E+04  -0.999900E+04  -0.999900E+04   0.188881E+03   0.583735E+03   0.140688E+01   0.401785E+02   0.200000E+02   0.125752E-02  -0.999900E+04  -0.999900E+04  -0.999900E+04  -0.999900E+04   0.844413E-02  -0.999900E+04  -0.999900E+04  -0.999900E+04  -0.999900E+04
   0.200000E+01   0.100000E+01   0.410850E+05   0.259200E+06   0.200000E+01   0.100000E+01   0.410850E+05   0.259200E+06   0.188906E+03  -0.999900E+04  -0.999900E+04  -0.999900E+04  -0.999900E+04   0.188906E+03  -0.999900E+04  -0.999900E+04  -0.999900E+04  -0.999900E+04   0.188885E+03   0.584023E+03   0.151646E+01   0.401785E+02   0.200000E+02   0.213107E-01  -0.999900E+04  -0.999900E+04  -0.999900E+04  -0.999900E+04   0.143099E+00  -0.999900E+04  -0.999900E+04  -0.999900E+04  -0.999900E+04
   0.200000E+01   0.100000E+01   0.415500E+05   0.259200E+06   0.200000E+01   0.100000E+01   0.415500E+05   0.259200E+06   0.189002E+03  -0.999900E+04  -0.999900E+04  -0.999900E+04  -0.999900E+04   0.189002E+03  -0.999900E+04  -0.999900E+04  -0.999900E+04  -0.999900E+04   0.189035E+03   0.585676E+03   0.140476E+01   0.401785E+02   0.200000E+02  -0.323459E-01  -0.999900E+04  -0.999900E+04  -0.999900E+04  -0.999900E+04  -0.217200E+00  -0.999900E+04  -0.999900E+04  -0.999900E+04  -0.999900E+04
   0.200000E+01   0.100000E+01   0.416000E+05   0.259200E+06   0.200000E+01   0.100000E+01   0.416000E+05   0.259200E+06   0.189002E+03  -0.999900E+04  -0.999900E+04  -0.999900E+04  -0.999900E+04   0.189002E+03  -0.999900E+04  -0.999900E+04  -0.999900E+04  -0.999900E+04   0.189046E+03   0.585875E+03   0.141165E+01   0.401785E+02   0.200000E+02  -0.440578E-01  -0.999900E+04  -0.999900E+04  -0.999900E+04  -0.999900E+04  -0.295844E+00  -0.999900E+04  -0.999900E+04  -0.999900E+04  -0.999900E+04
   0.200000E+01   0.100000E+01   0.416500E+05   0.259200E+06   0.200000E+01   0.100000E+01   0.416500E+05   0.259200E+06   0.188994E+03  -0.999900E+04  -0.999900E+04  -0.999900E+04  -0.999900E+04   0.188994E+03  -0.999900E+04  -0.999900E+04  -0.999900E+04  -0.999900E+04   0.189058E+03   0.586073E+03   0.142184E+01   0.401785E+02   0.200000E+02  -0.638104E-01  -0.999900E+04  -0.999900E+04  -0.999900E+04  -0.999900E+04  -0.428481E+00  -0.999900E+04  -0.999900E+04  -0.999900E+04  -0.999900E+04
   0.200000E+01   0.100000E+01   0.417000E+05   0.259200E+06   0.200000E+01   0.100000E+01   0.417000E+05   0.259200E+06   0.189010E+03  -0.999900E+04  -0.999900E+04  -0.999900E+04  -0.999900E+04   0.189010E+03  -0.999900E+04  -0.999900E+04  -0.999900E+04  -0.999900E+04   0.189069E+03   0.586271E+03   0.143132E+01   0.401785E+02   0.200000E+02  -0.589681E-01  -0.999900E+04  -0.999900E+04  -0.999900E+04  -0.999900E+04  -0.395965E+00  -0.999900E+04  -0.999900E+04  -0.999900E+04  -0.999900E+04
   0.200000E+01   0.100000E+01   0.418000E+05   0.259200E+06   0.200000E+01   0.100000E+01   0.418000E+05   0.259200E+06   0.189041E+03  -0.999900E+04  -0.999900E+04  -0.999900E+04  -0.999900E+04   0.189041E+03  -0.999900E+04  -0.999900E+04  -0.999900E+04  -0.999900E+04   0.189095E+03   0.586665E+03   0.143719E+01   0.401785E+02   0.200000E+02  -0.538723E-01  -0.999900E+04  -0.999900E+04  -0.999900E+04  -0.999900E+04  -0.361748E+00  -0.999900E+04  -0.999900E+04  -0.999900E+04  -0.999900E+04
   0.200000E+01   0.100000E+01   0.419000E+05   0.259200E+06   0.200000E+01   0.100000E+01   0.419000E+05   0.259200E+06   0.189053E+03  -0.999900E+04  -0.999900E+04  -0.999900E+04  -0.999900E+04   0.189053E+03  -0.999900E+04  -0.999900E+04  -0.999900E+04  -0.999900E+04   0.189123E+03   0.587058E+03   0.142388E+01   0.401785E+02   0.200000E+02  -0.696112E-01  -0.999900E+04  -0.999900E+04  -0.999900E+04  -0.999900E+04  -0.467433E+00  -0.999900E+04  -0.999900E+04  -0.999900E+04  -0.999900E+04
   0.200000E+01   0.100000E+01   0.420000E+05   0.259200E+06   0.200000E+01   0.100000E+01   0.420000E+05   0.259200E+06   0.189088E+03  -0.999900E+04  -0.999900E+04  -0.999900E+04  -0.999900E+04   0.189088E+03  -0.999900E+04  -0.999900E+04  -0.999900E+04  -0.999900E+04   0.189150E+03   0.587450E+03   0.140834E+01   0.401785E+02   0.200000E+02  -0.617176E-01  -0.999900E+04  -0.999900E+04  -0.999900E+04  -0.999900E+04  -0.414428E+00  -0.999900E+04  -0.999900E+04  -0.999900E+04  -0.999900E+04
   0.200000E+01   0.100000E+01   0.422000E+05   0.259200E+06   0.200000E+01   0.100000E+01   0.422000E+05   0.259200E+06   0.189121E+03  -0.999900E+04  -0.999900E+04  -0.999900E+04  -0.999900E+04   0.189121E+03  -0.999900E+04  -0.999900E+04  -0.999900E+04  -0.999900E+04   0.189200E+03   0.588238E+03   0.140026E+01   0.401785E+02   0.200000E+02  -0.783850E-01  -0.999900E+04  -0.999900E+04  -0.999900E+04  -0.999900E+04  -0.526348E+00  -0.999900E+04  -0.999900E+04  -0.999900E+04  -0.999900E+04
   0.200000E+01   0.100000E+01   0.424000E+05   0.259200E+06   0.200000E+01   0.100000E+01   0.424000E+05   0.259200E+06   0.189159E+03  -0.999900E+04  -0.999900E+04  -0.999900E+04  -0.999900E+04   0.189159E+03  -0.999900E+04  -0.999900E+04  -0.999900E+04  -0.999900E+04   0.189248E+03   0.589035E+03   0.140407E+01   0.401785E+02   0.200000E+02  -0.886349E-01  -0.999900E+04  -0.999900E+04  -0.999900E+04  -0.999900E+04  -0.595175E+00  -0.999900E+04  -0.999900E+04  -0.999900E+04  -0.999900E+04
   0.200000E+01   0.100000E+01   0.426000E+05   0.259200E+06   0.200000E+01   0.100000E+01   0.426000E+05   0.259200E+06   0.189210E+03  -0.999900E+04  -0.999900E+04  -0.999900E+04  -0.999900E+04   0.189210E+03  -0.999900E+04  -0.999900E+04  -0.999900E+04  -0.999900E+04   0.189297E+03   0.589843E+03   0.140569E+01   0.401785E+02   0.200000E+02  -0.870377E-01  -0.999900E+04  -0.999900E+04  -0.999900E+04  -0.999900E+04  -0.584450E+00  -0.999900E+04  -0.999900E+04  -0.999900E+04  -0.999900E+04
   0.200000E+01   0.100000E+01   0.428000E+05   0.259200E+06   0.200000E+01   0.100000E+01   0.428000E+05   0.259200E+06   0.189281E+03  -0.999900E+04  -0.999900E+04  -0.999900E+04  -0.999900E+04   0.189281E+03  -0.999900E+04  -0.999900E+04  -0.999900E+04  -0.999900E+04   0.189347E+03   0.590661E+03   0.139857E+01   0.401785E+02   0.200000E+02  -0.665595E-01  -0.999900E+04  -0.999900E+04  -0.999900E+04  -0.999900E+04  -0.446941E+00  -0.999900E+04  -0.999900E+04  -0.999900E+04  -0.999900E+04
   0.200000E+01   0.100000E+01   0.429000E+05   0.259200E+06   0.200000E+01   0.100000E+01   0.429000E+05   0.259200E+06   0.189283E+03  -0.999900E+04  -0.999900E+04  -0.999900E+04  -0.999900E+04   0.189283E+03  -0.999900E+04  -0.999900E+04  -0.999900E+04  -0.999900E+04   0.189373E+03   0.591074E+03   0.139177E+01   0.401785E+02   0.200000E+02  -0.896959E-01  -0.999900E+04  -0.999900E+04  -0.999900E+04  -0.999900E+04  -0.602300E+00  -0.999900E+04  -0.999900E+04  -0.999900E+04  -0.999900E+04
   0.200000E+01   0.100000E+01   0.431000E+05   0.259200E+06   0.200000E+01   0.100000E+01   0.431000E+05   0.259200E+06   0.189340E+03  -0.999900E+04  -0.999900E+04  -0.999900E+04  -0.999900E+04   0.189340E+03  -0.999900E+04  -0.999900E+04  -0.999900E+04  -0.999900E+04   0.189421E+03   0.591904E+03   0.138820E+01   0.401785E+02   0.200000E+02  -0.815731E-01  -0.999900E+04  -0.999900E+04  -0.999900E+04  -0.999900E+04  -0.547756E+00  -0.999900E+04  -0.999900E+04  -0.999900E+04  -0.999900E+04
   0.200000E+01   0.100000E+01   0.432000E+05   0.259200E+06   0.200000E+01   0.100000E+01   0.432000E+05   0.259200E+06   0.189387E+03  -0.999900E+04  -0.999900E+04  -0.999900E+04  -0.999900E+04   0.189387E+03  -0.999900E+04  -0.999900E+04  -0.999900E+04  -0.999900E+04   0.189443E+03   0.592319E+03   0.141133E+01   0.401785E+02   0.200000E+02  -0.555049E-01  -0.999900E+04  -0.999900E+04  -0.999900E+04  -0.999900E+04  -0.372710E+00  -0.999900E+04  -0.999900E+04  -0.999900E+04  -0.999900E+04
   0.200000E+01   0.100000E+01   0.432500E+05   0.259200E+06   0.200000E+01   0.100000E+01   0.432500E+05   0.259200E+06   0.189413E+03  -0.999900E+04  -0.999900E+04  -0.999900E+04  -0.999900E+04   0.189413E+03  -0.999900E+04  -0.999900E+04  -0.999900E+04  -0.999900E+04   0.189453E+03   0.592526E+03   0.142486E+01   0.401785E+02   0.200000E+02  -0.405539E-01  -0.999900E+04  -0.999900E+04  -0.999900E+04  -0.999900E+04  -0.272316E+00  -0.999900E+04  -0.999900E+04  -0.999900E+04  -0.999900E+04
   0.200000E+01   0.100000E+01   0.433500E+05   0.259200E+06   0.200000E+01   0.100000E+01   0.433500E+05   0.259200E+06   0.189436E+03  -0.999900E+04  -0.999900E+04  -0.999900E+04  -0.999900E+04   0.189436E+03  -0.999900E+04  -0.999900E+04  -0.999900E+04  -0.999900E+04   0.189477E+03   0.592939E+03   0.144764E+01   0.401785E+02   0.200000E+02  -0.409303E-01  -0.999900E+04  -0.999900E+04  -0.999900E+04  -0.999900E+04  -0.274843E+00  -0.999900E+04  -0.999900E+04  -0.999900E+04  -0.999900E+04
   0.200000E+01   0.100000E+01   0.436000E+05   0.259200E+06   0.200000E+01   0.100000E+01   0.436000E+05   0.259200E+06   0.189477E+03  -0.999900E+04  -0.999900E+04  -0.999900E+04  -0.999900E+04   0.189477E+03  -0.999900E+04  -0.999900E+04  -0.999900E+04  -0.999900E+04   0.189553E+03   0.593971E+03   0.132140E+01   0.401785E+02   0.200000E+02  -0.756870E-01  -0.999900E+04  -0.999900E+04  -0.999900E+04  -0.999900E+04  -0.508231E+00  -0.999900E+04  -0.999900E+04  -0.999900E+04  -0.999900E+04
   0.200000E+01   0.100000E+01   0.436500E+05   0.259200E+06   0.200000E+01   0.100000E+01   0.436500E+05   0.259200E+06   0.189514E+03  -0.999900E+04  -0.999900E+04  -0.999900E+04  -0.999900E+04   0.189514E+03  -0.999900E+04  -0.999900E+04  -0.999900E+04  -0.999900E+04   0.189572E+03   0.594173E+03   0.128802E+01   0.401785E+02   0.200000E+02  -0.575163E-01  -0.999900E+04  -0.999900E+04  -0.999900E+04  -0.999900E+04  -0.386217E+00  -0.999900E+04  -0.999900E+04  -0.999900E+04  -0.999900E+04
   0.200000E+01   0.100000E+01   0.437000E+05   0.259200E+06   0.200000E+01   0.100000E+01   0.437000E+05   0.259200E+06   0.189532E+03  -0.999900E+04  -0.999900E+04  -0.999900E+04  -0.999900E+04   0.189532E+03  -0.999900E+04  -0.999900E+04  -0.999900E+04  -0.999900E+04   0.189589E+03   0.594376E+03   0.125365E+01   0.401785E+02   0.200000E+02  -0.570078E-01  -0.999900E+04  -0.999900E+04  -0.999900E+04  -0.999900E+04  -0.382802E+00  -0.999900E+04  -0.999900E+04  -0.999900E+04  -0.999900E+04
   0.200000E+01   0.100000E+01   0.437500E+05   0.259200E+06   0.200000E+01   0.100000E+01   0.437500E+05   0.259200E+06   0.189545E+03  -0.999900E+04  -0.999900E+04  -0.999900E+04  -0.999900E+04   0.189545E+03  -0.999900E+04  -0.999900E+04  -0.999900E+04  -0.999900E+04   0.189603E+03   0.594582E+03   0.122228E+01   0.401785E+02   0.200000E+02  -0.578952E-01  -0.999900E+04  -0.999900E+04  -0.999900E+04  -0.999900E+04  -0.388761E+00  -0.999900E+04  -0.999900E+04  -0.999900E+04  -0.999900E+04
   0.200000E+01   0.100000E+01   0.438500E+05   0.259200E+06   0.200000E+01   0.100000E+01   0.438500E+05   0.259200E+06   0.189573E+03  -0.999900E+04  -0.999900E+04  -0.999900E+04  -0.999900E+04   0.189573E+03  -0.999900E+04  -0.999900E+04  -0.999900E+04  -0.999900E+04   0.189626E+03   0.595001E+03   0.117547E+01   0.401785E+02   0.200000E+02  -0.536191E-01  -0.999900E+04  -0.999900E+04  -0.999900E+04  -0.999900E+04  -0.360047E+00  -0.999900E+04  -0.999900E+04  -0.999900E+04  -0.999900E+04
   0.200000E+01   0.100000E+01   0.440000E+05   0.259200E+06   0.200000E+01   0.100000E+01   0.440000E+05   0.259200E+06   0.189618E+03  -0.999900E+04  -0.999900E+04  -0.999900E+04  -0.999900E+04   0.189618E+03  -0.999900E+04  -0.999900E+04  -0.999900E+04  -0.999900E+04   0.189653E+03   0.595647E+03   0.114394E+01   0.401785E+02   0.200000E+02  -0.349151E-01  -0.999900E+04  -0.999900E+04  -0.999900E+04  -0.999900E+04  -0.234452E+00  -0.999900E+04  -0.999900E+04  -0.999900E+04  -0.999900E+04
   0.200000E+01   0.100000E+01   0.443200E+05   0.259200E+06   0.200000E+01   0.100000E+01   0.443200E+05   0.259200E+06   0.189748E+03  -0.999900E+04  -0.999900E+04  -0.999900E+04  -0.999900E+04   0.189748E+03  -0.999900E+04  -0.999900E+04  -0.999900E+04  -0.999900E+04   0.189666E+03   0.597036E+03   0.165433E+01   0.401785E+02   0.200000E+02   0.824912E-01  -0.999900E+04  -0.999900E+04  -0.999900E+04  -0.999900E+04   0.553921E+00  -0.999900E+04  -0.999900E+04  -0.999900E+04  -0.999900E+04
   0.200000E+01   0.100000E+01   0.444800E+05   0.259200E+06   0.200000E+01   0.100000E+01   0.444800E+05   0.259200E+06   0.189766E+03  -0.999900E+04  -0.999900E+04  -0.999900E+04  -0.999900E+04   0.189766E+03  -0.999900E+04  -0.999900E+04  -0.999900E+04  -0.999900E+04   0.189723E+03   0.597714E+03   0.184733E+01   0.401785E+02   0.200000E+02   0.428590E-01  -0.999900E+04  -0.999900E+04  -0.999900E+04  -0.999900E+04   0.287794E+00  -0.999900E+04  -0.999900E+04  -0.999900E+04  -0.999900E+04
   0.200000E+01   0.100000E+01   0.451200E+05   0.259200E+06   0.200000E+01   0.100000E+01   0.451200E+05   0.259200E+06   0.189936E+03  -0.999900E+04  -0.999900E+04  -0.999900E+04  -0.999900E+04   0.189936E+03  -0.999900E+04  -0.999900E+04  -0.999900E+04  -0.999900E+04   0.190029E+03   0.600335E+03   0.129174E+01   0.401785E+02   0.200000E+02  -0.931018E-01  -0.999900E+04  -0.999900E+04  -0.999900E+04  -0.999900E+04  -0.625170E+00  -0.999900E+04  -0.999900E+04  -0.999900E+04  -0.999900E+04
   0.200000E+01   0.100000E+01   0.452150E+05   0.259200E+06   0.200000E+01   0.100000E+01   0.452150E+05   0.259200E+06   0.189952E+03  -0.999900E+04  -0.999900E+04  -0.999900E+04  -0.999900E+04   0.189952E+03  -0.999900E+04  -0.999900E+04  -0.999900E+04  -0.999900E+04   0.190046E+03   0.600710E+03   0.129245E+01   0.401785E+02   0.200000E+02  -0.940815E-01  -0.999900E+04  -0.999900E+04  -0.999900E+04  -0.999900E+04  -0.631749E+00  -0.999900E+04  -0.999900E+04  -0.999900E+04  -0.999900E+04
   0.200000E+01   0.100000E+01   0.453100E+05   0.259200E+06   0.200000E+01   0.100000E+01   0.453100E+05   0.259200E+06   0.190009E+03  -0.999900E+04  -0.999900E+04  -0.999900E+04  -0.999900E+04   0.190009E+03  -0.999900E+04  -0.999900E+04  -0.999900E+04  -0.999900E+04   0.190061E+03   0.601075E+03   0.131281E+01   0.401785E+02   0.200000E+02  -0.518689E-01  -0.999900E+04  -0.999900E+04  -0.999900E+04  -0.999900E+04  -0.348295E+00  -0.999900E+04  -0.999900E+04  -0.999900E+04  -0.999900E+04
   0.200000E+01   0.100000E+01   0.454050E+05   0.259200E+06   0.200000E+01   0.100000E+01   0.454050E+05   0.259200E+06   0.190048E+03  -0.999900E+04  -0.999900E+04  -0.999900E+04  -0.999900E+04   0.190048E+03  -0.999900E+04  -0.999900E+04  -0.999900E+04  -0.999900E+04   0.190074E+03   0.601427E+03   0.134893E+01   0.401785E+02   0.200000E+02  -0.259016E-01  -0.999900E+04  -0.999900E+04  -0.999900E+04  -0.999900E+04  -0.173927E+00  -0.999900E+04  -0.999900E+04  -0.999900E+04  -0.999900E+04
   0.200000E+01   0.100000E+01   0.455000E+05   0.259200E+06   0.200000E+01   0.100000E+01   0.455000E+05   0.259200E+06   0.190076E+03  -0.999900E+04  -0.999900E+04  -0.999900E+04  -0.999900E+04   0.190076E+03  -0.999900E+04  -0.999900E+04  -0.999900E+04  -0.999900E+04   0.190089E+03   0.601768E+03   0.136694E+01   0.401785E+02   0.200000E+02  -0.138165E-01  -0.999900E+04  -0.999900E+04  -0.999900E+04  -0.999900E+04  -0.927765E-01  -0.999900E+04  -0.999900E+04  -0.999900E+04  -0.999900E+04
   0.200000E+01   0.100000E+01   0.460000E+05   0.259200E+06   0.200000E+01   0.100000E+01   0.460000E+05   0.259200E+06   0.190163E+03  -0.999900E+04  -0.999900E+04  -0.999900E+04  -0.999900E+04   0.190163E+03  -0.999900E+04  -0.999900E+04  -0.999900E+04  -0.999900E+04   0.190214E+03   0.603782E+03   0.151295E+01   0.401785E+02   0.200000E+02  -0.508010E-01  -0.999900E+04  -0.999900E+04  -0.999900E+04  -0.999900E+04  -0.341124E+00  -0.999900E+04  -0.999900E+04  -0.999900E+04  -0.999900E+04
   0.200000E+01   0.100000E+01   0.460500E+05   0.259200E+06   0.200000E+01   0.100000E+01   0.460500E+05   0.259200E+06   0.190167E+03  -0.999900E+04  -0.999900E+04  -0.999900E+04  -0.999900E+04   0.190167E+03  -0.999900E+04  -0.999900E+04  -0.999900E+04  -0.999900E+04   0.190234E+03   0.604005E+03   0.149957E+01   0.401785E+02   0.200000E+02  -0.668072E-01  -0.999900E+04  -0.999900E+04  -0.999900E+04  -0.999900E+04  -0.448604E+00  -0.999900E+04  -0.999900E+04  -0.999900E+04  -0.999900E+04
   0.200000E+01   0.100000E+01   0.461000E+05   0.259200E+06   0.200000E+01   0.100000E+01   0.461000E+05   0.259200E+06   0.190174E+03  -0.999900E+04  -0.999900E+04  -0.999900E+04  -0.999900E+04   0.190174E+03  -0.999900E+04  -0.999900E+04  -0.999900E+04  -0.999900E+04   0.190255E+03   0.604226E+03   0.148187E+01   0.401785E+02   0.200000E+02  -0.802387E-01  -0.999900E+04  -0.999900E+04  -0.999900E+04  -0.999900E+04  -0.538795E+00  -0.999900E+04  -0.999900E+04  -0.999900E+04  -0.999900E+04
   0.200000E+01   0.100000E+01   0.461500E+05   0.259200E+06   0.200000E+01   0.100000E+01   0.461500E+05   0.259200E+06   0.190167E+03  -0.999900E+04  -0.999900E+04  -0.999900E+04  -0.999900E+04   0.190167E+03  -0.999900E+04  -0.999900E+04  -0.999900E+04  -0.999900E+04   0.190274E+03   0.604443E+03   0.146150E+01   0.401785E+02   0.200000E+02  -0.107531E+00  -0.999900E+04  -0.999900E+04  -0.999900E+04  -0.999900E+04  -0.722060E+00  -0.999900E+04  -0.999900E+04  -0.999900E+04  -0.999900E+04
   0.200000E+01   0.100000E+01   0.462000E+05   0.259200E+06   0.200000E+01   0.100000E+01   0.462000E+05   0.259200E+06   0.190189E+03  -0.999900E+04  -0.999900E+04  -0.999900E+04  -0.999900E+04   0.190189E+03  -0.999900E+04  -0.999900E+04  -0.999900E+04  -0.999900E+04   0.190293E+03   0.604657E+03   0.143969E+01   0.401785E+02   0.200000E+02  -0.103733E+00  -0.999900E+04  -0.999900E+04  -0.999900E+04  -0.999900E+04  -0.696558E+00  -0.999900E+04  -0.999900E+04  -0.999900E+04  -0.999900E+04
   0.200000E+01   0.100000E+01   0.462500E+05   0.259200E+06   0.200000E+01   0.100000E+01   0.462500E+05   0.259200E+06   0.190186E+03  -0.999900E+04  -0.999900E+04  -0.999900E+04  -0.999900E+04   0.190186E+03  -0.999900E+04  -0.999900E+04  -0.999900E+04  -0.999900E+04   0.190310E+03   0.604867E+03   0.141724E+01   0.401785E+02   0.200000E+02  -0.124291E+00  -0.999900E+04  -0.999900E+04  -0.999900E+04  -0.999900E+04  -0.834601E+00  -0.999900E+04  -0.999900E+04  -0.999900E+04  -0.999900E+04
   0.200000E+01   0.100000E+01   0.463000E+05   0.259200E+06   0.200000E+01   0.100000E+01   0.463000E+05   0.259200E+06   0.190186E+03  -0.999900E+04  -0.999900E+04  -0.999900E+04  -0.999900E+04   0.190186E+03  -0.999900E+04  -0.999900E+04  -0.999900E+04  -0.999900E+04   0.190326E+03   0.605073E+03   0.139494E+01   0.401785E+02   0.200000E+02  -0.139880E+00  -0.999900E+04  -0.999900E+04  -0.999900E+04  -0.999900E+04  -0.939283E+00  -0.999900E+04  -0.999900E+04  -0.999900E+04  -0.999900E+04
   0.200000E+01   0.100000E+01   0.463500E+05   0.259200E+06   0.200000E+01   0.100000E+01   0.463500E+05   0.259200E+06   0.190236E+03  -0.999900E+04  -0.999900E+04  -0.999900E+04  -0.999900E+04   0.190236E+03  -0.999900E+04  -0.999900E+04  -0.999900E+04  -0.999900E+04   0.190341E+03   0.605275E+03   0.137389E+01   0.401785E+02   0.200000E+02  -0.105271E+00  -0.999900E+04  -0.999900E+04  -0.999900E+04  -0.999900E+04  -0.706887E+00  -0.999900E+04  -0.999900E+04  -0.999900E+04  -0.999900E+04
   0.200000E+01   0.100000E+01   0.464500E+05   0.259200E+06   0.200000E+01   0.100000E+01   0.464500E+05   0.259200E+06   0.190254E+03  -0.999900E+04  -0.999900E+04  -0.999900E+04  -0.999900E+04   0.190254E+03  -0.999900E+04  -0.999900E+04  -0.999900E+04  -0.999900E+04   0.190368E+03   0.605675E+03   0.134170E+01   0.401785E+02   0.200000E+02  -0.113974E+00  -0.999900E+04  -0.999900E+04  -0.999900E+04  -0.999900E+04  -0.765326E+00  -0.999900E+04  -0.999900E+04  -0.999900E+04  -0.999900E+04
   0.200000E+01   0.100000E+01   0.465000E+05   0.259200E+06   0.200000E+01   0.100000E+01   0.465000E+05   0.259200E+06   0.190272E+03  -0.999900E+04  -0.999900E+04  -0.999900E+04  -0.999900E+04   0.190272E+03  -0.999900E+04  -0.999900E+04  -0.999900E+04  -0.999900E+04   0.190379E+03   0.605873E+03   0.133424E+01   0.401785E+02   0.200000E+02  -0.107810E+00  -0.999900E+04  -0.999900E+04  -0.999900E+04  -0.999900E+04  -0.723933E+00  -0.999900E+04  -0.999900E+04  -0.999900E+04  -0.999900E+04
   0.200000E+01   0.100000E+01   0.470000E+05   0.259200E+06   0.200000E+01   0.100000E+01   0.470000E+05   0.259200E+06   0.190443E+03  -0.999900E+04  -0.999900E+04  -0.999900E+04  -0.999900E+04   0.190443E+03  -0.999900E+04  -0.999900E+04  -0.999900E+04  -0.999900E+04   0.190486E+03   0.607847E+03   0.121631E+01   0.401785E+02   0.200000E+02  -0.437434E-01  -0.999900E+04  -0.999900E+04  -0.999900E+04  -0.999900E+04  -0.293733E+00  -0.999900E+04  -0.999900E+04  -0.999900E+04  -0.999900E+04
   0.200000E+01   0.100000E+01   0.470500E+05   0.259200E+06   0.200000E+01   0.100000E+01   0.470500E+05   0.259200E+06   0.190442E+03  -0.999900E+04  -0.999900E+04  -0.999900E+04  -0.999900E+04   0.190442E+03  -0.999900E+04  -0.999900E+04  -0.999900E+04  -0.999900E+04   0.190493E+03   0.608044E+03   0.122097E+01   0.401785E+02   0.200000E+02  -0.512167E-01  -0.999900E+04  -0.999900E+04  -0.999900E+04  -0.999900E+04  -0.343915E+00  -0.999900E+04  -0.999900E+04  -0.999900E+04  -0.999900E+04
   0.200000E+01   0.100000E+01   0.471000E+05   0.259200E+06   0.200000E+01   0.100000E+01   0.471000E+05   0.259200E+06   0.190456E+03  -0.999900E+04  -0.999900E+04  -0.999900E+04  -0.999900E+04   0.190456E+03  -0.999900E+04  -0.999900E+04  -0.999900E+04  -0.999900E+04   0.190499E+03   0.608239E+03   0.123688E+01   0.401785E+02   0.200000E+02  -0.425471E-01  -0.999900E+04  -0.999900E+04  -0.999900E+04  -0.999900E+04  -0.285700E+00  -0.999900E+04  -0.999900E+04  -0.999900E+04  -0.999900E+04
   0.200000E+01   0.100000E+01   0.471500E+05   0.259200E+06   0.200000E+01   0.100000E+01   0.471500E+05   0.259200E+06   0.190468E+03  -0.999900E+04  -0.999900E+04  -0.999900E+04  -0.999900E+04   0.190468E+03  -0.999900E+04  -0.999900E+04  -0.999900E+04  -0.999900E+04   0.190504E+03   0.608429E+03   0.126071E+01   0.401785E+02   0.200000E+02  -0.353231E-01  -0.999900E+04  -0.999900E+04  -0.999900E+04  -0.999900E+04  -0.237192E+00  -0.999900E+04  -0.999900E+04  -0.999900E+04  -0.999900E+04
   0.200000E+01   0.100000E+01   0.472500E+05   0.259200E+06   0.200000E+01   0.100000E+01   0.472500E+05   0.259200E+06   0.190528E+03  -0.999900E+04  -0.999900E+04  -0.999900E+04  -0.999900E+04   0.190528E+03  -0.999900E+04  -0.999900E+04  -0.999900E+04  -0.999900E+04   0.190512E+03   0.608791E+03   0.131837E+01   0.401785E+02   0.200000E+02   0.157251E-01  -0.999900E+04  -0.999900E+04  -0.999900E+04  -0.999900E+04   0.105593E+00  -0.999900E+04  -0.999900E+04  -0.999900E+04  -0.999900E+04
   0.200000E+01   0.100000E+01   0.473000E+05   0.259200E+06   0.200000E+01   0.100000E+01   0.473000E+05   0.259200E+06   0.190534E+03  -0.999900E+04  -0.999900E+04  -0.999900E+04  -0.999900E+04   0.190534E+03  -0.999900E+04  -0.999900E+04  -0.999900E+04  -0.999900E+04   0.190517E+03   0.608962E+03   0.134566E+01   0.401785E+02   0.200000E+02   0.164559E-01  -0.999900E+04  -0.999900E+04  -0.999900E+04  -0.999900E+04   0.110500E+00  -0.999900E+04  -0.999900E+04  -0.999900E+04  -0.999900E+04
   0.200000E+01   0.100000E+01   0.473500E+05   0.259200E+06   0.200000E+01   0.100000E+01   0.473500E+05   0.259200E+06   0.190560E+03  -0.999900E+04  -0.999900E+04  -0.999900E+04  -0.999900E+04   0.190560E+03  -0.999900E+04  -0.999900E+04  -0.999900E+04  -0.999900E+04   0.190522E+03   0.609125E+03   0.136842E+01   0.401785E+02   0.200000E+02   0.371459E-01  -0.999900E+04  -0.999900E+04  -0.999900E+04  -0.999900E+04   0.249431E+00  -0.999900E+04  -0.999900E+04  -0.999900E+04  -0.999900E+04
   0.200000E+01   0.100000E+01   0.474000E+05   0.259200E+06   0.200000E+01   0.100000E+01   0.474000E+05   0.259200E+06   0.190548E+03  -0.999900E+04  -0.999900E+04  -0.999900E+04  -0.999900E+04   0.190548E+03  -0.999900E+04  -0.999900E+04  -0.999900E+04  -0.999900E+04   0.190529E+03   0.609283E+03   0.138498E+01   0.401785E+02   0.200000E+02   0.195966E-01  -0.999900E+04  -0.999900E+04  -0.999900E+04  -0.999900E+04   0.131589E+00  -0.999900E+04  -0.999900E+04  -0.999900E+04  -0.999900E+04
   0.200000E+01   0.100000E+01   0.475000E+05   0.259200E+06   0.200000E+01   0.100000E+01   0.475000E+05   0.259200E+06   0.190569E+03  -0.999900E+04  -0.999900E+04  -0.999900E+04  -0.999900E+04   0.190569E+03  -0.999900E+04  -0.999900E+04  -0.999900E+04  -0.999900E+04   0.190544E+03   0.609586E+03   0.139626E+01   0.401785E+02   0.200000E+02   0.249446E-01  -0.999900E+04  -0.999900E+04  -0.999900E+04  -0.999900E+04   0.167501E+00  -0.999900E+04  -0.999900E+04  -0.999900E+04  -0.999900E+04
   0.200000E+01   0.100000E+01   0.475500E+05   0.259200E+06   0.200000E+01   0.100000E+01   0.475500E+05   0.259200E+06   0.190576E+03  -0.999900E+04  -0.999900E+04  -0.999900E+04  -0.999900E+04   0.190576E+03  -0.999900E+04  -0.999900E+04  -0.999900E+04  -0.999900E+04   0.190552E+03   0.609737E+03   0.139726E+01   0.401785E+02   0.200000E+02   0.239201E-01  -0.999900E+04  -0.999900E+04  -0.999900E+04  -0.999900E+04   0.160621E+00  -0.999900E+04  -0.999900E+04  -0.999900E+04  -0.999900E+04
   0.200000E+01   0.100000E+01   0.477000E+05   0.259200E+06   0.200000E+01   0.100000E+01   0.477000E+05   0.259200E+06   0.190633E+03  -0.999900E+04  -0.999900E+04  -0.999900E+04  -0.999900E+04   0.190633E+03  -0.999900E+04  -0.999900E+04  -0.999900E+04  -0.999900E+04   0.190574E+03   0.610210E+03   0.143005E+01   0.401785E+02   0.200000E+02   0.586371E-01  -0.999900E+04  -0.999900E+04  -0.999900E+04  -0.999900E+04   0.393743E+00  -0.999900E+04  -0.999900E+04  -0.999900E+04  -0.999900E+04
   0.200000E+01   0.100000E+01   0.477500E+05   0.259200E+06   0.200000E+01   0.100000E+01   0.477500E+05   0.259200E+06   0.190634E+03  -0.999900E+04  -0.999900E+04  -0.999900E+04  -0.999900E+04   0.190634E+03  -0.999900E+04  -0.999900E+04  -0.999900E+04  -0.999900E+04   0.190582E+03   0.610377E+03   0.144840E+01   0.401785E+02   0.200000E+02   0.521230E-01  -0.999900E+04  -0.999900E+04  -0.999900E+04  -0.999900E+04   0.350001E+00  -0.999900E+04  -0.999900E+04  -0.999900E+04  -0.999900E+04
   0.200000E+01   0.100000E+01   0.478000E+05   0.259200E+06   0.200000E+01   0.100000E+01   0.478000E+05   0.259200E+06   0.190624E+03  -0.999900E+04  -0.999900E+04  -0.999900E+04  -0.999900E+04   0.190624E+03  -0.999900E+04  -0.999900E+04  -0.999900E+04  -0.999900E+04   0.190590E+03   0.610547E+03   0.146866E+01   0.401785E+02   0.200000E+02   0.337358E-01  -0.999900E+04  -0.999900E+04  -0.999900E+04  -0.999900E+04   0.226533E+00  -0.999900E+04  -0.999900E+04  -0.999900E+04  -0.999900E+04
   0.200000E+01   0.100000E+01   0.478500E+05   0.259200E+06   0.200000E+01   0.100000E+01   0.478500E+05   0.259200E+06   0.190632E+03  -0.999900E+04  -0.999900E+04  -0.999900E+04  -0.999900E+04   0.190632E+03  -0.999900E+04  -0.999900E+04  -0.999900E+04  -0.999900E+04   0.190599E+03   0.610722E+03   0.148867E+01   0.401785E+02   0.200000E+02   0.327094E-01  -0.999900E+04  -0.999900E+04  -0.999900E+04  -0.999900E+04   0.219641E+00  -0.999900E+04  -0.999900E+04  -0.999900E+04  -0.999900E+04
   0.200000E+01   0.100000E+01   0.479500E+05   0.259200E+06   0.200000E+01   0.100000E+01   0.479500E+05   0.259200E+06   0.190661E+03  -0.999900E+04  -0.999900E+04  -0.999900E+04  -0.999900E+04   0.190661E+03  -0.999900E+04  -0.999900E+04  -0.999900E+04  -0.999900E+04   0.190621E+03   0.611079E+03   0.151575E+01   0.401785E+02   0.200000E+02   0.400063E-01  -0.999900E+04  -0.999900E+04  -0.999900E+04  -0.999900E+04   0.268638E+00  -0.999900E+04  -0.999900E+04  -0.999900E+04  -0.999900E+04
   0.200000E+01   0.100000E+01   0.480000E+05   0.259200E+06   0.200000E+01   0.100000E+01   0.480000E+05   0.259200E+06   0.190640E+03  -0.999900E+04  -0.999900E+04  -0.999900E+04  -0.999900E+04   0.190640E+03  -0.999900E+04  -0.999900E+04  -0.999900E+04  -0.999900E+04   0.190635E+03   0.611261E+03   0.151587E+01   0.401785E+02   0.200000E+02   0.548860E-02  -0.999900E+04  -0.999900E+04  -0.999900E+04  -0.999900E+04   0.368554E-01  -0.999900E+04  -0.999900E+04  -0.999900E+04  -0.999900E+04
   0.200000E+01   0.100000E+01   0.481000E+05   0.259200E+06   0.200000E+01   0.100000E+01   0.481000E+05   0.259200E+06   0.190644E+03  -0.999900E+04  -0.999900E+04  -0.999900E+04  -0.999900E+04   0.190644E+03  -0.999900E+04  -0.999900E+04  -0.999900E+04  -0.999900E+04   0.190658E+03   0.611625E+03   0.154993E+01   0.401785E+02   0.200000E+02  -0.133064E-01  -0.999900E+04  -0.999900E+04  -0.999900E+04  -0.999900E+04  -0.893512E-01  -0.999900E+04  -0.999900E+04  -0.999900E+04  -0.999900E+04
   0.200000E+01   0.100000E+01   0.481500E+05   0.259200E+06   0.200000E+01   0.100000E+01   0.481500E+05   0.259200E+06   0.190709E+03  -0.999900E+04  -0.999900E+04  -0.999900E+04  -0.999900E+04   0.190709E+03  -0.999900E+04  -0.999900E+04  -0.999900E+04  -0.999900E+04   0.190667E+03   0.611808E+03   0.159061E+01   0.401785E+02   0.200000E+02   0.424604E-01  -0.999900E+04  -0.999900E+04  -0.999900E+04  -0.999900E+04   0.285118E+00  -0.999900E+04  -0.999900E+04  -0.999900E+04  -0.999900E+04
   0.200000E+01   0.100000E+01   0.482000E+05   0.259200E+06   0.200000E+01   0.100000E+01   0.482000E+05   0.259200E+06   0.190732E+03  -0.999900E+04  -0.999900E+04  -0.999900E+04  -0.999900E+04   0.190732E+03  -0.999900E+04  -0.999900E+04  -0.999900E+04  -0.999900E+04   0.190676E+03   0.611992E+03   0.163704E+01   0.401785E+02   0.200000E+02   0.560305E-01  -0.999900E+04  -0.999900E+04  -0.999900E+04  -0.999900E+04   0.376239E+00  -0.999900E+04  -0.999900E+04  -0.999900E+04  -0.999900E+04
   0.200000E+01   0.100000E+01   0.483000E+05   0.259200E+06   0.200000E+01   0.100000E+01   0.483000E+05   0.259200E+06   0.190753E+03  -0.999900E+04  -0.999900E+04  -0.999900E+04  -0.999900E+04   0.190753E+03  -0.999900E+04  -0.999900E+04  -0.999900E+04  -0.999900E+04   0.190702E+03   0.612364E+03   0.171821E+01   0.401785E+02   0.200000E+02   0.514194E-01  -0.999900E+04  -0.999900E+04  -0.999900E+04  -0.999900E+04   0.345277E+00  -0.999900E+04  -0.999900E+04  -0.999900E+04  -0.999900E+04
   0.200000E+01   0.100000E+01   0.483500E+05   0.259200E+06   0.200000E+01   0.100000E+01   0.483500E+05   0.259200E+06   0.190767E+03  -0.999900E+04  -0.999900E+04  -0.999900E+04  -0.999900E+04   0.190767E+03  -0.999900E+04  -0.999900E+04  -0.999900E+04  -0.999900E+04   0.190720E+03   0.612553E+03   0.174228E+01   0.401785E+02   0.200000E+02   0.472309E-01  -0.999900E+04  -0.999900E+04  -0.999900E+04  -0.999900E+04   0.317151E+00  -0.999900E+04  -0.999900E+04  -0.999900E+04  -0.999900E+04
   0.200000E+01   0.100000E+01   0.484000E+05   0.259200E+06   0.200000E+01   0.100000E+01   0.484000E+05   0.259200E+06   0.190777E+03  -0.999900E+04  -0.999900E+04  -0.999900E+04  -0.999900E+04   0.190777E+03  -0.999900E+04  -0.999900E+04  -0.999900E+04  -0.999900E+04   0.190742E+03   0.612745E+03   0.175278E+01   0.401785E+02   0.200000E+02   0.348261E-01  -0.999900E+04  -0.999900E+04  -0.999900E+04  -0.999900E+04   0.233854E+00  -0.999900E+04  -0.999900E+04  -0.999900E+04  -0.999900E+04
   0.200000E+01   0.100000E+01   0.484500E+05   0.259200E+06   0.200000E+01   0.100000E+01   0.484500E+05   0.259200E+06   0.190787E+03  -0.999900E+04  -0.999900E+04  -0.999900E+04  -0.999900E+04   0.190787E+03  -0.999900E+04  -0.999900E+04  -0.999900E+04  -0.999900E+04   0.190767E+03   0.612938E+03   0.175106E+01   0.401785E+02   0.200000E+02   0.199832E-01  -0.999900E+04  -0.999900E+04  -0.999900E+04  -0.999900E+04   0.134185E+00  -0.999900E+04  -0.999900E+04  -0.999900E+04  -0.999900E+04
   0.200000E+01   0.100000E+01   0.485000E+05   0.259200E+06   0.200000E+01   0.100000E+01   0.485000E+05   0.259200E+06   0.190792E+03  -0.999900E+04  -0.999900E+04  -0.999900E+04  -0.999900E+04   0.190792E+03  -0.999900E+04  -0.999900E+04  -0.999900E+04  -0.999900E+04   0.190793E+03   0.613131E+03   0.173933E+01   0.401785E+02   0.200000E+02  -0.999268E-03  -0.999900E+04  -0.999900E+04  -0.999900E+04  -0.999900E+04  -0.670999E-02  -0.999900E+04  -0.999900E+04  -0.999900E+04  -0.999900E+04
   0.200000E+01   0.100000E+01   0.485500E+05   0.259200E+06   0.200000E+01   0.100000E+01   0.485500E+05   0.259200E+06   0.190792E+03  -0.999900E+04  -0.999900E+04  -0.999900E+04  -0.999900E+04   0.190792E+03  -0.999900E+04  -0.999900E+04  -0.999900E+04  -0.999900E+04   0.190820E+03   0.613322E+03   0.171883E+01   0.401785E+02   0.200000E+02  -0.280447E-01  -0.999900E+04  -0.999900E+04  -0.999900E+04  -0.999900E+04  -0.188317E+00  -0.999900E+04  -0.999900E+04  -0.999900E+04  -0.999900E+04
   0.200000E+01   0.100000E+01   0.486000E+05   0.259200E+06   0.200000E+01   0.100000E+01   0.486000E+05   0.259200E+06   0.190835E+03  -0.999900E+04  -0.999900E+04  -0.999900E+04  -0.999900E+04   0.190835E+03  -0.999900E+04  -0.999900E+04  -0.999900E+04  -0.999900E+04   0.190847E+03   0.613509E+03   0.169289E+01   0.401785E+02   0.200000E+02  -0.116475E-01  -0.999900E+04  -0.999900E+04  -0.999900E+04  -0.999900E+04  -0.782121E-01  -0.999900E+04  -0.999900E+04  -0.999900E+04  -0.999900E+04
   0.200000E+01   0.100000E+01   0.486500E+05   0.259200E+06   0.200000E+01   0.100000E+01   0.486500E+05   0.259200E+06   0.190858E+03  -0.999900E+04  -0.999900E+04  -0.999900E+04  -0.999900E+04   0.190858E+03  -0.999900E+04  -0.999900E+04  -0.999900E+04  -0.999900E+04   0.190872E+03   0.613691E+03   0.166613E+01   0.401785E+02   0.200000E+02  -0.134177E-01  -0.999900E+04  -0.999900E+04  -0.999900E+04  -0.999900E+04  -0.900988E-01  -0.999900E+04  -0.999900E+04  -0.999900E+04  -0.999900E+04
   0.200000E+01   0.100000E+01   0.487000E+05   0.259200E+06   0.200000E+01   0.100000E+01   0.487000E+05   0.259200E+06   0.190864E+03  -0.999900E+04  -0.999900E+04  -0.999900E+04  -0.999900E+04   0.190864E+03  -0.999900E+04  -0.999900E+04  -0.999900E+04  -0.999900E+04   0.190895E+03   0.613866E+03   0.164208E+01   0.401785E+02   0.200000E+02  -0.304449E-01  -0.999900E+04  -0.999900E+04  -0.999900E+04  -0.999900E+04  -0.204434E+00  -0.999900E+04  -0.999900E+04  -0.999900E+04  -0.999900E+04
   0.200000E+01   0.100000E+01   0.487500E+05   0.259200E+06   0.200000E+01   0.100000E+01   0.487500E+05   0.259200E+06   0.190882E+03  -0.999900E+04  -0.999900E+04  -0.999900E+04  -0.999900E+04   0.190882E+03  -0.999900E+04  -0.999900E+04  -0.999900E+04  -0.999900E+04   0.190915E+03   0.614035E+03   0.162284E+01   0.401785E+02   0.200000E+02  -0.330306E-01  -0.999900E+04  -0.999900E+04  -0.999900E+04  -0.999900E+04  -0.221797E+00  -0.999900E+04  -0.999900E+04  -0.999900E+04  -0.999900E+04
   0.200000E+01   0.100000E+01   0.488000E+05   0.259200E+06   0.200000E+01   0.100000E+01   0.488000E+05   0.259200E+06   0.190886E+03  -0.999900E+04  -0.999900E+04  -0.999900E+04  -0.999900E+04   0.190886E+03  -0.999900E+04  -0.999900E+04  -0.999900E+04  -0.999900E+04   0.190933E+03   0.614197E+03   0.160913E+01   0.401785E+02   0.200000E+02  -0.469581E-01  -0.999900E+04  -0.999900E+04  -0.999900E+04  -0.999900E+04  -0.315319E+00  -0.999900E+04  -0.999900E+04  -0.999900E+04  -0.999900E+04
   0.200000E+01   0.100000E+01   0.488500E+05   0.259200E+06   0.200000E+01   0.100000E+01   0.488500E+05   0.259200E+06   0.190951E+03  -0.999900E+04  -0.999900E+04  -0.999900E+04  -0.999900E+04   0.190951E+03  -0.999900E+04  -0.999900E+04  -0.999900E+04  -0.999900E+04   0.190949E+03   0.614352E+03   0.160048E+01   0.401785E+02   0.200000E+02   0.172185E-02  -0.999900E+04  -0.999900E+04  -0.999900E+04  -0.999900E+04   0.115621E-01  -0.999900E+04  -0.999900E+04  -0.999900E+04  -0.999900E+04
   0.200000E+01   0.100000E+01   0.489000E+05   0.259200E+06   0.200000E+01   0.100000E+01   0.489000E+05   0.259200E+06   0.190958E+03  -0.999900E+04  -0.999900E+04  -0.999900E+04  -0.999900E+04   0.190958E+03  -0.999900E+04  -0.999900E+04  -0.999900E+04  -0.999900E+04   0.190964E+03   0.614502E+03   0.159539E+01   0.401785E+02   0.200000E+02  -0.589443E-02  -0.999900E+04  -0.999900E+04  -0.999900E+04  -0.999900E+04  -0.395806E-01  -0.999900E+04  -0.999900E+04  -0.999900E+04  -0.999900E+04
   0.200000E+01   0.100000E+01   0.489500E+05   0.259200E+06   0.200000E+01   0.100000E+01   0.489500E+05   0.259200E+06   0.190991E+03  -0.999900E+04  -0.999900E+04  -0.999900E+04  -0.999900E+04   0.190991E+03  -0.999900E+04  -0.999900E+04  -0.999900E+04  -0.999900E+04   0.190978E+03   0.614649E+03   0.159176E+01   0.401785E+02   0.200000E+02   0.129675E-01  -0.999900E+04  -0.999900E+04  -0.999900E+04  -0.999900E+04   0.870754E-01  -0.999900E+04  -0.999900E+04  -0.999900E+04  -0.999900E+04
   0.200000E+01   0.100000E+01   0.490500E+05   0.259200E+06   0.200000E+01   0.100000E+01   0.490500E+05   0.259200E+06   0.191022E+03  -0.999900E+04  -0.999900E+04  -0.999900E+04  -0.999900E+04   0.191022E+03  -0.999900E+04  -0.999900E+04  -0.999900E+04  -0.999900E+04   0.191006E+03   0.614937E+03   0.158432E+01   0.401785E+02   0.200000E+02   0.166153E-01  -0.999900E+04  -0.999900E+04  -0.999900E+04  -0.999900E+04   0.111570E+00  -0.999900E+04  -0.999900E+04  -0.999900E+04  -0.999900E+04
   0.200000E+01   0.100000E+01   0.491000E+05   0.259200E+06   0.200000E+01   0.100000E+01   0.491000E+05   0.259200E+06   0.191013E+03  -0.999900E+04  -0.999900E+04  -0.999900E+04  -0.999900E+04   0.191013E+03  -0.999900E+04  -0.999900E+04  -0.999900E+04  -0.999900E+04   0.191019E+03   0.615082E+03   0.157949E+01   0.401785E+02   0.200000E+02  -0.628711E-02  -0.999900E+04  -0.999900E+04  -0.999900E+04  -0.999900E+04  -0.422174E-01  -0.999900E+04  -0.999900E+04  -0.999900E+04  -0.999900E+04
   0.200000E+01   0.100000E+01   0.491500E+05   0.259200E+06   0.200000E+01   0.100000E+01   0.491500E+05   0.259200E+06   0.191045E+03  -0.999900E+04  -0.999900E+04  -0.999900E+04  -0.999900E+04   0.191045E+03  -0.999900E+04  -0.999900E+04  -0.999900E+04  -0.999900E+04   0.191035E+03   0.615229E+03   0.156232E+01   0.401785E+02   0.200000E+02   0.104031E-01  -0.999900E+04  -0.999900E+04  -0.999900E+04  -0.999900E+04   0.698562E-01  -0.999900E+04  -0.999900E+04  -0.999900E+04  -0.999900E+04
   0.200000E+01   0.100000E+01   0.492000E+05   0.259200E+06   0.200000E+01   0.100000E+01   0.492000E+05   0.259200E+06   0.191059E+03  -0.999900E+04  -0.999900E+04  -0.999900E+04  -0.999900E+04   0.191059E+03  -0.999900E+04  -0.999900E+04  -0.999900E+04  -0.999900E+04   0.191053E+03   0.615382E+03   0.152703E+01   0.401785E+02   0.200000E+02   0.596045E-02  -0.999900E+04  -0.999900E+04  -0.999900E+04  -0.999900E+04   0.400239E-01  -0.999900E+04  -0.999900E+04  -0.999900E+04  -0.999900E+04
   0.200000E+01   0.100000E+01   0.492500E+05   0.259200E+06   0.200000E+01   0.100000E+01   0.492500E+05   0.259200E+06   0.191072E+03  -0.999900E+04  -0.999900E+04  -0.999900E+04  -0.999900E+04   0.191072E+03  -0.999900E+04  -0.999900E+04  -0.999900E+04  -0.999900E+04   0.191073E+03   0.615541E+03   0.147665E+01   0.401785E+02   0.200000E+02  -0.730200E-03  -0.999900E+04  -0.999900E+04  -0.999900E+04  -0.999900E+04  -0.490323E-02  -0.999900E+04  -0.999900E+04  -0.999900E+04  -0.999900E+04
   0.200000E+01   0.100000E+01   0.493000E+05   0.259200E+06   0.200000E+01   0.100000E+01   0.493000E+05   0.259200E+06   0.191163E+03  -0.999900E+04  -0.999900E+04  -0.999900E+04  -0.999900E+04   0.191163E+03  -0.999900E+04  -0.999900E+04  -0.999900E+04  -0.999900E+04   0.191093E+03   0.615710E+03   0.142018E+01   0.401785E+02   0.200000E+02   0.701097E-01  -0.999900E+04  -0.999900E+04  -0.999900E+04  -0.999900E+04   0.470780E+00  -0.999900E+04  -0.999900E+04  -0.999900E+04  -0.999900E+04
   0.200000E+01   0.100000E+01   0.493500E+05   0.259200E+06   0.200000E+01   0.100000E+01   0.493500E+05   0.259200E+06   0.191154E+03  -0.999900E+04  -0.999900E+04  -0.999900E+04  -0.999900E+04   0.191154E+03  -0.999900E+04  -0.999900E+04  -0.999900E+04  -0.999900E+04   0.191111E+03   0.615887E+03   0.136681E+01   0.401785E+02   0.200000E+02   0.434991E-01  -0.999900E+04  -0.999900E+04  -0.999900E+04  -0.999900E+04   0.292093E+00  -0.999900E+04  -0.999900E+04  -0.999900E+04  -0.999900E+04
   0.200000E+01   0.100000E+01   0.494000E+05   0.259200E+06   0.200000E+01   0.100000E+01   0.494000E+05   0.259200E+06   0.191172E+03  -0.999900E+04  -0.999900E+04  -0.999900E+04  -0.999900E+04   0.191172E+03  -0.999900E+04  -0.999900E+04  -0.999900E+04  -0.999900E+04   0.191127E+03   0.616074E+03   0.132303E+01   0.401785E+02   0.200000E+02   0.453011E-01  -0.999900E+04  -0.999900E+04  -0.999900E+04  -0.999900E+04   0.304193E+00  -0.999900E+04  -0.999900E+04  -0.999900E+04  -0.999900E+04
   0.200000E+01   0.100000E+01   0.495000E+05   0.259200E+06   0.200000E+01   0.100000E+01   0.495000E+05   0.259200E+06   0.191230E+03  -0.999900E+04  -0.999900E+04  -0.999900E+04  -0.999900E+04   0.191230E+03  -0.999900E+04  -0.999900E+04  -0.999900E+04  -0.999900E+04   0.191152E+03   0.616462E+03   0.128023E+01   0.401785E+02   0.200000E+02   0.780955E-01  -0.999900E+04  -0.999900E+04  -0.999900E+04  -0.999900E+04   0.524404E+00  -0.999900E+04  -0.999900E+04  -0.999900E+04  -0.999900E+04
   0.200000E+01   0.100000E+01   0.500000E+05   0.259200E+06   0.200000E+01   0.100000E+01   0.500000E+05   0.259200E+06   0.191323E+03  -0.999900E+04  -0.999900E+04  -0.999900E+04  -0.999900E+04   0.191323E+03  -0.999900E+04  -0.999900E+04  -0.999900E+04  -0.999900E+04   0.191250E+03   0.618558E+03   0.138204E+01   0.401785E+02   0.200000E+02   0.737441E-01  -0.999900E+04  -0.999900E+04  -0.999900E+04  -0.999900E+04   0.495185E+00  -0.999900E+04  -0.999900E+04  -0.999900E+04  -0.999900E+04
   0.200000E+01   0.100000E+01   0.500800E+05   0.259200E+06   0.200000E+01   0.100000E+01   0.500800E+05   0.259200E+06   0.191363E+03  -0.999900E+04  -0.999900E+04  -0.999900E+04  -0.999900E+04   0.191363E+03  -0.999900E+04  -0.999900E+04  -0.999900E+04  -0.999900E+04   0.191277E+03   0.618908E+03   0.133571E+01   0.401785E+02   0.200000E+02   0.862919E-01  -0.999900E+04  -0.999900E+04  -0.999900E+04  -0.999900E+04   0.579442E+00  -0.999900E+04  -0.999900E+04  -0.999900E+04  -0.999900E+04
   0.200000E+01   0.100000E+01   0.501200E+05   0.259200E+06   0.200000E+01   0.100000E+01   0.501200E+05   0.259200E+06   0.191381E+03  -0.999900E+04  -0.999900E+04  -0.999900E+04  -0.999900E+04   0.191381E+03  -0.999900E+04  -0.999900E+04  -0.999900E+04  -0.999900E+04   0.191291E+03   0.619077E+03   0.130018E+01   0.401785E+02   0.200000E+02   0.906590E-01  -0.999900E+04  -0.999900E+04  -0.999900E+04  -0.999900E+04   0.608767E+00  -0.999900E+04  -0.999900E+04  -0.999900E+04  -0.999900E+04
   0.200000E+01   0.100000E+01   0.501600E+05   0.259200E+06   0.200000E+01   0.100000E+01   0.501600E+05   0.259200E+06   0.191402E+03  -0.999900E+04  -0.999900E+04  -0.999900E+04  -0.999900E+04   0.191402E+03  -0.999900E+04  -0.999900E+04  -0.999900E+04  -0.999900E+04   0.191303E+03   0.619240E+03   0.126754E+01   0.401785E+02   0.200000E+02   0.994283E-01  -0.999900E+04  -0.999900E+04  -0.999900E+04  -0.999900E+04   0.667652E+00  -0.999900E+04  -0.999900E+04  -0.999900E+04  -0.999900E+04
   0.200000E+01   0.100000E+01   0.502400E+05   0.259200E+06   0.200000E+01   0.100000E+01   0.502400E+05   0.259200E+06   0.191430E+03  -0.999900E+04  -0.999900E+04  -0.999900E+04  -0.999900E+04   0.191430E+03  -0.999900E+04  -0.999900E+04  -0.999900E+04  -0.999900E+04   0.191321E+03   0.619546E+03   0.122501E+01   0.401785E+02   0.200000E+02   0.108819E+00  -0.999900E+04  -0.999900E+04  -0.999900E+04  -0.999900E+04   0.730712E+00  -0.999900E+04  -0.999900E+04  -0.999900E+04  -0.999900E+04
   0.200000E+01   0.100000E+01   0.502800E+05   0.259200E+06   0.200000E+01   0.100000E+01   0.502800E+05   0.259200E+06   0.191437E+03  -0.999900E+04  -0.999900E+04  -0.999900E+04  -0.999900E+04   0.191437E+03  -0.999900E+04  -0.999900E+04  -0.999900E+04  -0.999900E+04   0.191328E+03   0.619690E+03   0.121528E+01   0.401785E+02   0.200000E+02   0.108522E+00  -0.999900E+04  -0.999900E+04  -0.999900E+04  -0.999900E+04   0.728718E+00  -0.999900E+04  -0.999900E+04  -0.999900E+04  -0.999900E+04
   0.200000E+01   0.100000E+01   0.503600E+05   0.259200E+06   0.200000E+01   0.100000E+01   0.503600E+05   0.259200E+06   0.191465E+03  -0.999900E+04  -0.999900E+04  -0.999900E+04  -0.999900E+04   0.191465E+03  -0.999900E+04  -0.999900E+04  -0.999900E+04  -0.999900E+04   0.191340E+03   0.619965E+03   0.120884E+01   0.401785E+02   0.200000E+02   0.125446E+00  -0.999900E+04  -0.999900E+04  -0.999900E+04  -0.999900E+04   0.842359E+00  -0.999900E+04  -0.999900E+04  -0.999900E+04  -0.999900E+04
   0.200000E+01   0.100000E+01   0.505000E+05   0.259200E+06   0.200000E+01   0.100000E+01   0.505000E+05   0.259200E+06   0.191497E+03  -0.999900E+04  -0.999900E+04  -0.999900E+04  -0.999900E+04   0.191497E+03  -0.999900E+04  -0.999900E+04  -0.999900E+04  -0.999900E+04   0.191358E+03   0.620454E+03   0.120624E+01   0.401785E+02   0.200000E+02   0.138256E+00  -0.999900E+04  -0.999900E+04  -0.999900E+04  -0.999900E+04   0.928375E+00  -0.999900E+04  -0.999900E+04  -0.999900E+04  -0.999900E+04
   0.200000E+01   0.100000E+01   0.510000E+05   0.259200E+06   0.200000E+01   0.100000E+01   0.510000E+05   0.259200E+06   0.191703E+03  -0.999900E+04  -0.999900E+04  -0.999900E+04  -0.999900E+04   0.191703E+03  -0.999900E+04  -0.999900E+04  -0.999900E+04  -0.999900E+04   0.191425E+03   0.622393E+03   0.136209E+01   0.401785E+02   0.200000E+02   0.278955E+00  -0.999900E+04  -0.999900E+04  -0.999900E+04  -0.999900E+04   0.187315E+01  -0.999900E+04  -0.999900E+04  -0.999900E+04  -0.999900E+04
   0.200000E+01   0.100000E+01   0.515000E+05   0.259200E+06   0.200000E+01   0.100000E+01   0.515000E+05   0.259200E+06   0.191792E+03  -0.999900E+04  -0.999900E+04  -0.999900E+04  -0.999900E+04   0.191792E+03  -0.999900E+04  -0.999900E+04  -0.999900E+04  -0.999900E+04   0.191584E+03   0.624486E+03   0.162547E+01   0.401785E+02   0.200000E+02   0.207678E+00  -0.999900E+04  -0.999900E+04  -0.999900E+04  -0.999900E+04   0.139454E+01  -0.999900E+04  -0.999900E+04  -0.999900E+04  -0.999900E+04
   0.200000E+01   0.100000E+01   0.516000E+05   0.259200E+06   0.200000E+01   0.100000E+01   0.516000E+05   0.259200E+06   0.191839E+03  -0.999900E+04  -0.999900E+04  -0.999900E+04  -0.999900E+04   0.191839E+03  -0.999900E+04  -0.999900E+04  -0.999900E+04  -0.999900E+04   0.191642E+03   0.624893E+03   0.155658E+01   0.401785E+02   0.200000E+02   0.197364E+00  -0.999900E+04  -0.999900E+04  -0.999900E+04  -0.999900E+04   0.132528E+01  -0.999900E+04  -0.999900E+04  -0.999900E+04  -0.999900E+04
   0.200000E+01   0.100000E+01   0.517500E+05   0.259200E+06   0.200000E+01   0.100000E+01   0.517500E+05   0.259200E+06   0.191885E+03  -0.999900E+04  -0.999900E+04  -0.999900E+04  -0.999900E+04   0.191885E+03  -0.999900E+04  -0.999900E+04  -0.999900E+04  -0.999900E+04   0.191713E+03   0.625465E+03   0.143376E+01   0.401785E+02   0.200000E+02   0.172123E+00  -0.999900E+04  -0.999900E+04  -0.999900E+04  -0.999900E+04   0.115579E+01  -0.999900E+04  -0.999900E+04  -0.999900E+04  -0.999900E+04
   0.200000E+01   0.100000E+01   0.519500E+05   0.259200E+06   0.200000E+01   0.100000E+01   0.519500E+05   0.259200E+06   0.191997E+03  -0.999900E+04  -0.999900E+04  -0.999900E+04  -0.999900E+04   0.191997E+03  -0.999900E+04  -0.999900E+04  -0.999900E+04  -0.999900E+04   0.191770E+03   0.626156E+03   0.136381E+01   0.401785E+02   0.200000E+02   0.227186E+00  -0.999900E+04  -0.999900E+04  -0.999900E+04  -0.999900E+04   0.152553E+01  -0.999900E+04  -0.999900E+04  -0.999900E+04  -0.999900E+04
   0.200000E+01   0.100000E+01   0.520000E+05   0.259200E+06   0.200000E+01   0.100000E+01   0.520000E+05   0.259200E+06   0.192015E+03  -0.999900E+04  -0.999900E+04  -0.999900E+04  -0.999900E+04   0.192015E+03  -0.999900E+04  -0.999900E+04  -0.999900E+04  -0.999900E+04   0.191781E+03   0.626321E+03   0.135873E+01   0.401785E+02   0.200000E+02   0.234254E+00  -0.999900E+04  -0.999900E+04  -0.999900E+04  -0.999900E+04   0.157299E+01  -0.999900E+04  -0.999900E+04  -0.999900E+04  -0.999900E+04
   0.200000E+01   0.100000E+01   0.525000E+05   0.259200E+06   0.200000E+01   0.100000E+01   0.525000E+05   0.259200E+06   0.192108E+03  -0.999900E+04  -0.999900E+04  -0.999900E+04  -0.999900E+04   0.192108E+03  -0.999900E+04  -0.999900E+04  -0.999900E+04  -0.999900E+04   0.191903E+03   0.628229E+03   0.129714E+01   0.401785E+02   0.200000E+02   0.205312E+00  -0.999900E+04  -0.999900E+04  -0.999900E+04  -0.999900E+04   0.137865E+01  -0.999900E+04  -0.999900E+04  -0.999900E+04  -0.999900E+04
   0.200000E+01   0.100000E+01   0.526000E+05   0.259200E+06   0.200000E+01   0.100000E+01   0.526000E+05   0.259200E+06   0.192117E+03  -0.999900E+04  -0.999900E+04  -0.999900E+04  -0.999900E+04   0.192117E+03  -0.999900E+04  -0.999900E+04  -0.999900E+04  -0.999900E+04   0.191924E+03   0.628644E+03   0.131100E+01   0.401785E+02   0.200000E+02   0.192300E+00  -0.999900E+04  -0.999900E+04  -0.999900E+04  -0.999900E+04   0.129128E+01  -0.999900E+04  -0.999900E+04  -0.999900E+04  -0.999900E+04
   0.200000E+01   0.100000E+01   0.526500E+05   0.259200E+06   0.200000E+01   0.100000E+01   0.526500E+05   0.259200E+06   0.192132E+03  -0.999900E+04  -0.999900E+04  -0.999900E+04  -0.999900E+04   0.192132E+03  -0.999900E+04  -0.999900E+04  -0.999900E+04  -0.999900E+04   0.191934E+03   0.628848E+03   0.133262E+01   0.401785E+02   0.200000E+02   0.198632E+00  -0.999900E+04  -0.999900E+04  -0.999900E+04  -0.999900E+04   0.133379E+01  -0.999900E+04  -0.999900E+04  -0.999900E+04  -0.999900E+04
   0.200000E+01   0.100000E+01   0.527000E+05   0.259200E+06   0.200000E+01   0.100000E+01   0.527000E+05   0.259200E+06   0.192123E+03  -0.999900E+04  -0.999900E+04  -0.999900E+04  -0.999900E+04   0.192123E+03  -0.999900E+04  -0.999900E+04  -0.999900E+04  -0.999900E+04   0.191943E+03   0.629050E+03   0.136175E+01   0.401785E+02   0.200000E+02   0.180697E+00  -0.999900E+04  -0.999900E+04  -0.999900E+04  -0.999900E+04   0.121336E+01  -0.999900E+04  -0.999900E+04  -0.999900E+04  -0.999900E+04
   0.200000E+01   0.100000E+01   0.527500E+05   0.259200E+06   0.200000E+01   0.100000E+01   0.527500E+05   0.259200E+06   0.192147E+03  -0.999900E+04  -0.999900E+04  -0.999900E+04  -0.999900E+04   0.192147E+03  -0.999900E+04  -0.999900E+04  -0.999900E+04  -0.999900E+04   0.191951E+03   0.629247E+03   0.139631E+01   0.401785E+02   0.200000E+02   0.195738E+00  -0.999900E+04  -0.999900E+04  -0.999900E+04  -0.999900E+04   0.131436E+01  -0.999900E+04  -0.999900E+04  -0.999900E+04  -0.999900E+04
   0.200000E+01   0.100000E+01   0.528000E+05   0.259200E+06   0.200000E+01   0.100000E+01   0.528000E+05   0.259200E+06   0.192148E+03  -0.999900E+04  -0.999900E+04  -0.999900E+04  -0.999900E+04   0.192148E+03  -0.999900E+04  -0.999900E+04  -0.999900E+04  -0.999900E+04   0.191961E+03   0.629442E+03   0.143376E+01   0.401785E+02   0.200000E+02   0.187713E+00  -0.999900E+04  -0.999900E+04  -0.999900E+04  -0.999900E+04   0.126048E+01  -0.999900E+04  -0.999900E+04  -0.999900E+04  -0.999900E+04
   0.200000E+01   0.100000E+01   0.529000E+05   0.259200E+06   0.200000E+01   0.100000E+01   0.529000E+05   0.259200E+06   0.192165E+03  -0.999900E+04  -0.999900E+04  -0.999900E+04  -0.999900E+04   0.192165E+03  -0.999900E+04  -0.999900E+04  -0.999900E+04  -0.999900E+04   0.191982E+03   0.629817E+03   0.150433E+01   0.401785E+02   0.200000E+02   0.183672E+00  -0.999900E+04  -0.999900E+04  -0.999900E+04  -0.999900E+04   0.123334E+01  -0.999900E+04  -0.999900E+04  -0.999900E+04  -0.999900E+04
   0.200000E+01   0.100000E+01   0.530000E+05   0.259200E+06   0.200000E+01   0.100000E+01   0.530000E+05   0.259200E+06   0.192162E+03  -0.999900E+04  -0.999900E+04  -0.999900E+04  -0.999900E+04   0.192162E+03  -0.999900E+04  -0.999900E+04  -0.999900E+04  -0.999900E+04   0.192012E+03   0.630176E+03   0.152821E+01   0.401785E+02   0.200000E+02   0.150335E+00  -0.999900E+04  -0.999900E+04  -0.999900E+04  -0.999900E+04   0.100949E+01  -0.999900E+04  -0.999900E+04  -0.999900E+04  -0.999900E+04
   0.200000E+01   0.100000E+01   0.530500E+05   0.259200E+06   0.200000E+01   0.100000E+01   0.530500E+05   0.259200E+06   0.192169E+03  -0.999900E+04  -0.999900E+04  -0.999900E+04  -0.999900E+04   0.192169E+03  -0.999900E+04  -0.999900E+04  -0.999900E+04  -0.999900E+04   0.192029E+03   0.630353E+03   0.152375E+01   0.401785E+02   0.200000E+02   0.139627E+00  -0.999900E+04  -0.999900E+04  -0.999900E+04  -0.999900E+04   0.937581E+00  -0.999900E+04  -0.999900E+04  -0.999900E+04  -0.999900E+04
   0.200000E+01   0.100000E+01   0.531000E+05   0.259200E+06   0.200000E+01   0.100000E+01   0.531000E+05   0.259200E+06   0.192162E+03  -0.999900E+04  -0.999900E+04  -0.999900E+04  -0.999900E+04   0.192162E+03  -0.999900E+04  -0.999900E+04  -0.999900E+04  -0.999900E+04   0.192046E+03   0.630528E+03   0.152742E+01   0.401785E+02   0.200000E+02   0.116022E+00  -0.999900E+04  -0.999900E+04  -0.999900E+04  -0.999900E+04   0.779077E+00  -0.999900E+04  -0.999900E+04  -0.999900E+04  -0.999900E+04
   0.200000E+01   0.100000E+01   0.531500E+05   0.259200E+06   0.200000E+01   0.100000E+01   0.531500E+05   0.259200E+06   0.192194E+03  -0.999900E+04  -0.999900E+04  -0.999900E+04  -0.999900E+04   0.192194E+03  -0.999900E+04  -0.999900E+04  -0.999900E+04  -0.999900E+04   0.192061E+03   0.630702E+03   0.153806E+01   0.401785E+02   0.200000E+02   0.133124E+00  -0.999900E+04  -0.999900E+04  -0.999900E+04  -0.999900E+04   0.893917E+00  -0.999900E+04  -0.999900E+04  -0.999900E+04  -0.999900E+04
   0.200000E+01   0.100000E+01   0.532500E+05   0.259200E+06   0.200000E+01   0.100000E+01   0.532500E+05   0.259200E+06   0.192209E+03  -0.999900E+04  -0.999900E+04  -0.999900E+04  -0.999900E+04   0.192209E+03  -0.999900E+04  -0.999900E+04  -0.999900E+04  -0.999900E+04   0.192089E+03   0.631041E+03   0.157579E+01   0.401785E+02   0.200000E+02   0.119968E+00  -0.999900E+04  -0.999900E+04  -0.999900E+04  -0.999900E+04   0.805575E+00  -0.999900E+04  -0.999900E+04  -0.999900E+04  -0.999900E+04
   0.200000E+01   0.100000E+01   0.533000E+05   0.259200E+06   0.200000E+01   0.100000E+01   0.533000E+05   0.259200E+06   0.192223E+03  -0.999900E+04  -0.999900E+04  -0.999900E+04  -0.999900E+04   0.192223E+03  -0.999900E+04  -0.999900E+04  -0.999900E+04  -0.999900E+04   0.192104E+03   0.631208E+03   0.159943E+01   0.401785E+02   0.200000E+02   0.118986E+00  -0.999900E+04  -0.999900E+04  -0.999900E+04  -0.999900E+04   0.798980E+00  -0.999900E+04  -0.999900E+04  -0.999900E+04  -0.999900E+04
   0.200000E+01   0.100000E+01   0.535000E+05   0.259200E+06   0.200000E+01   0.100000E+01   0.535000E+05   0.259200E+06   0.192332E+03  -0.999900E+04  -0.999900E+04  -0.999900E+04  -0.999900E+04   0.192332E+03  -0.999900E+04  -0.999900E+04  -0.999900E+04  -0.999900E+04   0.192174E+03   0.631855E+03   0.164759E+01   0.401785E+02   0.200000E+02   0.157635E+00  -0.999900E+04  -0.999900E+04  -0.999900E+04  -0.999900E+04   0.105850E+01  -0.999900E+04  -0.999900E+04  -0.999900E+04  -0.999900E+04
   0.200000E+01   0.100000E+01   0.536750E+05   0.259200E+06   0.200000E+01   0.100000E+01   0.536750E+05   0.259200E+06   0.192424E+03  -0.999900E+04  -0.999900E+04  -0.999900E+04  -0.999900E+04   0.192424E+03  -0.999900E+04  -0.999900E+04  -0.999900E+04  -0.999900E+04   0.192245E+03   0.632425E+03   0.164823E+01   0.401785E+02   0.200000E+02   0.179020E+00  -0.999900E+04  -0.999900E+04  -0.999900E+04  -0.999900E+04   0.120210E+01  -0.999900E+04  -0.999900E+04  -0.999900E+04  -0.999900E+04
   0.200000E+01   0.100000E+01   0.538500E+05   0.259200E+06   0.200000E+01   0.100000E+01   0.538500E+05   0.259200E+06   0.192522E+03  -0.999900E+04  -0.999900E+04  -0.999900E+04  -0.999900E+04   0.192522E+03  -0.999900E+04  -0.999900E+04  -0.999900E+04  -0.999900E+04   0.192328E+03   0.633060E+03   0.165291E+01   0.401785E+02   0.200000E+02   0.193424E+00  -0.999900E+04  -0.999900E+04  -0.999900E+04  -0.999900E+04   0.129882E+01  -0.999900E+04  -0.999900E+04  -0.999900E+04  -0.999900E+04
   0.200000E+01   0.100000E+01   0.540250E+05   0.259200E+06   0.200000E+01   0.100000E+01   0.540250E+05   0.259200E+06   0.192557E+03  -0.999900E+04  -0.999900E+04  -0.999900E+04  -0.999900E+04   0.192557E+03  -0.999900E+04  -0.999900E+04  -0.999900E+04  -0.999900E+04   0.192434E+03   0.633786E+03   0.161731E+01   0.401785E+02   0.200000E+02   0.122381E+00  -0.999900E+04  -0.999900E+04  -0.999900E+04  -0.999900E+04   0.821775E+00  -0.999900E+04  -0.999900E+04  -0.999900E+04  -0.999900E+04
   0.200000E+01   0.100000E+01   0.542000E+05   0.259200E+06   0.200000E+01   0.100000E+01   0.542000E+05   0.259200E+06   0.192647E+03  -0.999900E+04  -0.999900E+04  -0.999900E+04  -0.999900E+04   0.192647E+03  -0.999900E+04  -0.999900E+04  -0.999900E+04  -0.999900E+04   0.192547E+03   0.634547E+03   0.155105E+01   0.401785E+02   0.200000E+02   0.999419E-01  -0.999900E+04  -0.999900E+04  -0.999900E+04  -0.999900E+04   0.671100E+00  -0.999900E+04  -0.999900E+04  -0.999900E+04  -0.999900E+04
   0.200000E+01   0.100000E+01   0.542300E+05   0.259200E+06   0.200000E+01   0.100000E+01   0.542300E+05   0.259200E+06   0.192655E+03  -0.999900E+04  -0.999900E+04  -0.999900E+04  -0.999900E+04   0.192655E+03  -0.999900E+04  -0.999900E+04  -0.999900E+04  -0.999900E+04   0.192564E+03   0.634676E+03   0.154935E+01   0.401785E+02   0.200000E+02   0.905504E-01  -0.999900E+04  -0.999900E+04  -0.999900E+04  -0.999900E+04   0.608038E+00  -0.999900E+04  -0.999900E+04  -0.999900E+04  -0.999900E+04
   0.200000E+01   0.100000E+01   0.542600E+05   0.259200E+06   0.200000E+01   0.100000E+01   0.542600E+05   0.259200E+06   0.192671E+03  -0.999900E+04  -0.999900E+04  -0.999900E+04  -0.999900E+04   0.192671E+03  -0.999900E+04  -0.999900E+04  -0.999900E+04  -0.999900E+04   0.192578E+03   0.634802E+03   0.156955E+01   0.401785E+02   0.200000E+02   0.930701E-01  -0.999900E+04  -0.999900E+04  -0.999900E+04  -0.999900E+04   0.624957E+00  -0.999900E+04  -0.999900E+04  -0.999900E+04  -0.999900E+04
   0.200000E+01   0.100000E+01   0.542900E+05   0.259200E+06   0.200000E+01   0.100000E+01   0.542900E+05   0.259200E+06   0.192695E+03  -0.999900E+04  -0.999900E+04  -0.999900E+04  -0.999900E+04   0.192695E+03  -0.999900E+04  -0.999900E+04  -0.999900E+04  -0.999900E+04   0.192588E+03   0.634926E+03   0.161036E+01   0.401785E+02   0.200000E+02   0.106014E+00  -0.999900E+04  -0.999900E+04  -0.999900E+04  -0.999900E+04   0.711876E+00  -0.999900E+04  -0.999900E+04  -0.999900E+04  -0.999900E+04
   0.200000E+01   0.100000E+01   0.543500E+05   0.259200E+06   0.200000E+01   0.100000E+01   0.543500E+05   0.259200E+06   0.192700E+03  -0.999900E+04  -0.999900E+04  -0.999900E+04  -0.999900E+04   0.192700E+03  -0.999900E+04  -0.999900E+04  -0.999900E+04  -0.999900E+04   0.192605E+03   0.635166E+03   0.174858E+01   0.401785E+02   0.200000E+02   0.943160E-01  -0.999900E+04  -0.999900E+04  -0.999900E+04  -0.999900E+04   0.633323E+00  -0.999900E+04  -0.999900E+04  -0.999900E+04  -0.999900E+04
   0.200000E+01   0.100000E+01   0.544100E+05   0.259200E+06   0.200000E+01   0.100000E+01   0.544100E+05   0.259200E+06   0.192746E+03  -0.999900E+04  -0.999900E+04  -0.999900E+04  -0.999900E+04   0.192746E+03  -0.999900E+04  -0.999900E+04  -0.999900E+04  -0.999900E+04   0.192622E+03   0.635390E+03   0.194140E+01   0.401785E+02   0.200000E+02   0.124445E+00  -0.999900E+04  -0.999900E+04  -0.999900E+04  -0.999900E+04   0.835636E+00  -0.999900E+04  -0.999900E+04  -0.999900E+04  -0.999900E+04
   0.200000E+01   0.100000E+01   0.546000E+05   0.259200E+06   0.200000E+01   0.100000E+01   0.546000E+05   0.259200E+06   0.192890E+03  -0.999900E+04  -0.999900E+04  -0.999900E+04  -0.999900E+04   0.192890E+03  -0.999900E+04  -0.999900E+04  -0.999900E+04  -0.999900E+04   0.192868E+03   0.636025E+03   0.165979E+01   0.401785E+02   0.200000E+02   0.222768E-01  -0.999900E+04  -0.999900E+04  -0.999900E+04  -0.999900E+04   0.149587E+00  -0.999900E+04  -0.999900E+04  -0.999900E+04  -0.999900E+04
   0.200000E+01   0.100000E+01   0.547000E+05   0.259200E+06   0.200000E+01   0.100000E+01   0.547000E+05   0.259200E+06   0.192897E+03  -0.999900E+04  -0.999900E+04  -0.999900E+04  -0.999900E+04   0.192897E+03  -0.999900E+04  -0.999900E+04  -0.999900E+04  -0.999900E+04   0.192913E+03   0.636355E+03   0.187541E+01   0.401785E+02   0.200000E+02  -0.159282E-01  -0.999900E+04  -0.999900E+04  -0.999900E+04  -0.999900E+04  -0.106956E+00  -0.999900E+04  -0.999900E+04  -0.999900E+04  -0.999900E+04
   0.200000E+01   0.100000E+01   0.547500E+05   0.259200E+06   0.200000E+01   0.100000E+01   0.547500E+05   0.259200E+06   0.192896E+03  -0.999900E+04  -0.999900E+04  -0.999900E+04  -0.999900E+04   0.192896E+03  -0.999900E+04  -0.999900E+04  -0.999900E+04  -0.999900E+04   0.192964E+03   0.636510E+03   0.185473E+01   0.401785E+02   0.200000E+02  -0.675451E-01  -0.999900E+04  -0.999900E+04  -0.999900E+04  -0.999900E+04  -0.453559E+00  -0.999900E+04  -0.999900E+04  -0.999900E+04  -0.999900E+04
   0.200000E+01   0.100000E+01   0.548000E+05   0.259200E+06   0.200000E+01   0.100000E+01   0.548000E+05   0.259200E+06   0.192891E+03  -0.999900E+04  -0.999900E+04  -0.999900E+04  -0.999900E+04   0.192891E+03  -0.999900E+04  -0.999900E+04  -0.999900E+04  -0.999900E+04   0.193009E+03   0.636661E+03   0.186189E+01   0.401785E+02   0.200000E+02  -0.117674E+00  -0.999900E+04  -0.999900E+04  -0.999900E+04  -0.999900E+04  -0.790169E+00  -0.999900E+04  -0.999900E+04  -0.999900E+04  -0.999900E+04
   0.200000E+01   0.100000E+01   0.548500E+05   0.259200E+06   0.200000E+01   0.100000E+01   0.548500E+05   0.259200E+06   0.192915E+03  -0.999900E+04  -0.999900E+04  -0.999900E+04  -0.999900E+04   0.192915E+03  -0.999900E+04  -0.999900E+04  -0.999900E+04  -0.999900E+04   0.193060E+03   0.636808E+03   0.182862E+01   0.401785E+02   0.200000E+02  -0.145028E+00  -0.999900E+04  -0.999900E+04  -0.999900E+04  -0.999900E+04  -0.973850E+00  -0.999900E+04  -0.999900E+04  -0.999900E+04  -0.999900E+04
   0.200000E+01   0.100000E+01   0.549000E+05   0.259200E+06   0.200000E+01   0.100000E+01   0.549000E+05   0.259200E+06   0.192920E+03  -0.999900E+04  -0.999900E+04  -0.999900E+04  -0.999900E+04   0.192920E+03  -0.999900E+04  -0.999900E+04  -0.999900E+04  -0.999900E+04   0.193116E+03   0.636952E+03   0.174085E+01   0.401785E+02   0.200000E+02  -0.196065E+00  -0.999900E+04  -0.999900E+04  -0.999900E+04  -0.999900E+04  -0.131656E+01  -0.999900E+04  -0.999900E+04  -0.999900E+04  -0.999900E+04
   0.200000E+01   0.100000E+01   0.550000E+05   0.259200E+06   0.200000E+01   0.100000E+01   0.550000E+05   0.259200E+06   0.192983E+03  -0.999900E+04  -0.999900E+04  -0.999900E+04  -0.999900E+04   0.192983E+03  -0.999900E+04  -0.999900E+04  -0.999900E+04  -0.999900E+04   0.193204E+03   0.637234E+03   0.158634E+01   0.401785E+02   0.200000E+02  -0.221188E+00  -0.999900E+04  -0.999900E+04  -0.999900E+04  -0.999900E+04  -0.148526E+01  -0.999900E+04  -0.999900E+04  -0.999900E+04  -0.999900E+04
   0.200000E+01   0.100000E+01   0.553000E+05   0.259200E+06   0.200000E+01   0.100000E+01   0.553000E+05   0.259200E+06   0.193144E+03  -0.999900E+04  -0.999900E+04  -0.999900E+04  -0.999900E+04   0.193144E+03  -0.999900E+04  -0.999900E+04  -0.999900E+04  -0.999900E+04   0.193364E+03   0.638083E+03   0.132282E+01   0.401785E+02   0.200000E+02  -0.219953E+00  -0.999900E+04  -0.999900E+04  -0.999900E+04  -0.999900E+04  -0.147696E+01  -0.999900E+04  -0.999900E+04  -0.999900E+04  -0.999900E+04
   0.200000E+01   0.100000E+01   0.554500E+05   0.259200E+06   0.200000E+01   0.100000E+01   0.554500E+05   0.259200E+06   0.193223E+03  -0.999900E+04  -0.999900E+04  -0.999900E+04  -0.999900E+04   0.193223E+03  -0.999900E+04  -0.999900E+04  -0.999900E+04  -0.999900E+04   0.193409E+03   0.638489E+03   0.124527E+01   0.401785E+02   0.200000E+02  -0.186009E+00  -0.999900E+04  -0.999900E+04  -0.999900E+04  -0.999900E+04  -0.124903E+01  -0.999900E+04  -0.999900E+04  -0.999900E+04  -0.999900E+04
   0.200000E+01   0.100000E+01   0.555000E+05   0.259200E+06   0.200000E+01   0.100000E+01   0.555000E+05   0.259200E+06   0.193238E+03  -0.999900E+04  -0.999900E+04  -0.999900E+04  -0.999900E+04   0.193238E+03  -0.999900E+04  -0.999900E+04  -0.999900E+04  -0.999900E+04   0.193421E+03   0.638623E+03   0.123654E+01   0.401785E+02   0.200000E+02  -0.182337E+00  -0.999900E+04  -0.999900E+04  -0.999900E+04  -0.999900E+04  -0.122438E+01  -0.999900E+04  -0.999900E+04  -0.999900E+04  -0.999900E+04
   0.200000E+01   0.100000E+01   0.555500E+05   0.259200E+06   0.200000E+01   0.100000E+01   0.555500E+05   0.259200E+06   0.193243E+03  -0.999900E+04  -0.999900E+04  -0.999900E+04  -0.999900E+04   0.193243E+03  -0.999900E+04  -0.999900E+04  -0.999900E+04  -0.999900E+04   0.193430E+03   0.638758E+03   0.124560E+01   0.401785E+02   0.200000E+02  -0.186862E+00  -0.999900E+04  -0.999900E+04  -0.999900E+04  -0.999900E+04  -0.125476E+01  -0.999900E+04  -0.999900E+04  -0.999900E+04  -0.999900E+04
   0.200000E+01   0.100000E+01   0.556000E+05   0.259200E+06   0.200000E+01   0.100000E+01   0.556000E+05   0.259200E+06   0.193254E+03  -0.999900E+04  -0.999900E+04  -0.999900E+04  -0.999900E+04   0.193254E+03  -0.999900E+04  -0.999900E+04  -0.999900E+04  -0.999900E+04   0.193437E+03   0.638891E+03   0.127349E+01   0.401785E+02   0.200000E+02  -0.182983E+00  -0.999900E+04  -0.999900E+04  -0.999900E+04  -0.999900E+04  -0.122871E+01  -0.999900E+04  -0.999900E+04  -0.999900E+04  -0.999900E+04
   0.200000E+01   0.100000E+01   0.556500E+05   0.259200E+06   0.200000E+01   0.100000E+01   0.556500E+05   0.259200E+06   0.193269E+03  -0.999900E+04  -0.999900E+04  -0.999900E+04  -0.999900E+04   0.193269E+03  -0.999900E+04  -0.999900E+04  -0.999900E+04  -0.999900E+04   0.193443E+03   0.639024E+03   0.130860E+01   0.401785E+02   0.200000E+02  -0.173457E+00  -0.999900E+04  -0.999900E+04  -0.999900E+04  -0.999900E+04  -0.116475E+01  -0.999900E+04  -0.999900E+04  -0.999900E+04  -0.999900E+04
   0.200000E+01   0.100000E+01   0.558000E+05   0.259200E+06   0.200000E+01   0.100000E+01   0.558000E+05   0.259200E+06   0.193265E+03  -0.999900E+04  -0.999900E+04  -0.999900E+04  -0.999900E+04   0.193265E+03  -0.999900E+04  -0.999900E+04  -0.999900E+04  -0.999900E+04   0.193469E+03   0.639411E+03   0.146614E+01   0.401785E+02   0.200000E+02  -0.203643E+00  -0.999900E+04  -0.999900E+04  -0.999900E+04  -0.999900E+04  -0.136744E+01  -0.999900E+04  -0.999900E+04  -0.999900E+04  -0.999900E+04
   0.200000E+01   0.100000E+01   0.558500E+05   0.259200E+06   0.200000E+01   0.100000E+01   0.558500E+05   0.259200E+06   0.193287E+03  -0.999900E+04  -0.999900E+04  -0.999900E+04  -0.999900E+04   0.193287E+03  -0.999900E+04  -0.999900E+04  -0.999900E+04  -0.999900E+04   0.193483E+03   0.639535E+03   0.149219E+01   0.401785E+02   0.200000E+02  -0.196241E+00  -0.999900E+04  -0.999900E+04  -0.999900E+04  -0.999900E+04  -0.131774E+01  -0.999900E+04  -0.999900E+04  -0.999900E+04  -0.999900E+04
