Kmin_a0        Kmin_a1        Kmin_a2        Kmin_a3        Kmin_a4        Kmin_a5        Kmin_a6        Kmin_a7        Kmin_a8        Kmin_a9        Kmin_a10       Y1_intercept   Y2_intercept   Y3_intercept   Y4_intercept   Y5_intercept   LogPost        
   0.311560E+02   0.241720E+01  -0.555208E+01   0.175035E+01   0.967101E+01   0.831984E+01   0.324806E+00  -0.700394E+01  -0.420670E+01  -0.107035E+02   0.784524E+01   0.783038E-02   0.566441E-02   0.191352E-02   0.164458E-01   0.184198E-02  -0.823511E+03
   0.307536E+02   0.144450E+01  -0.406449E+01   0.344935E+01   0.829264E+01   0.354193E+01  -0.103167E+01  -0.550732E+01  -0.887060E+00  -0.118914E+02   0.550032E+01   0.928308E-02   0.726934E-02   0.541230E-02   0.220605E-01   0.287927E-02  -0.826031E+03
   0.307238E+02   0.286672E+01  -0.374193E+01   0.344935E+01   0.937417E+01   0.659240E+01   0.263602E+01  -0.104942E+02  -0.328251E+01  -0.891555E+01   0.256744E+01   0.725421E-02   0.618276E-02   0.388375E-02   0.299290E-02   0.153697E-01  -0.823638E+03
   0.305688E+02   0.286672E+01  -0.468655E+01   0.403230E+01   0.101105E+02   0.794945E+01   0.695526E+00  -0.712350E+01  -0.231732E+01  -0.768902E+01   0.752107E+01   0.503720E-02   0.243365E-02   0.356890E-02   0.179895E-01   0.256794E-02  -0.824489E+03
   0.305688E+02   0.286672E+01  -0.350661E+01   0.403230E+01   0.969940E+01   0.766617E+01   0.783608E+00  -0.578401E+01  -0.467778E+01  -0.149504E+02   0.544306E+01   0.734175E-02   0.148492E-01   0.152239E-01   0.300400E-02   0.856960E-02  -0.823740E+03
   0.308657E+02   0.225598E+01  -0.557673E+01   0.403230E+01   0.863586E+01   0.609983E+01   0.315386E+00  -0.803198E+01  -0.520492E+01  -0.127673E+02   0.584866E+01   0.441784E-02   0.123470E-01   0.123720E-02   0.759454E-02   0.122808E-01  -0.819930E+03
   0.303058E+02   0.269404E+01  -0.502906E+01   0.255328E+01   0.929553E+01   0.472138E+01   0.439600E+01  -0.794733E+01  -0.324773E+01  -0.960627E+01   0.835928E+01   0.271800E-02   0.178213E-01   0.487423E-02   0.138453E-02   0.315768E-01  -0.826667E+03
   0.309007E+02   0.382924E+00  -0.569437E+01   0.469991E+01   0.583463E+01   0.437204E+01   0.174472E+01  -0.700715E+01  -0.605769E+01  -0.997959E+01   0.550928E+01   0.141294E-02   0.369951E-01   0.641583E-02   0.100094E-02   0.290876E-03  -0.821899E+03
   0.303026E+02   0.382924E+00  -0.513142E+01   0.597538E+01   0.899035E+01   0.371478E+01   0.352707E+00  -0.389619E+01  -0.364541E+01  -0.141457E+02   0.431294E+01   0.886387E-02   0.558412E-01   0.618174E-02   0.662512E-03   0.199685E-01  -0.829294E+03
   0.303026E+02   0.640078E-01  -0.329764E+01   0.437423E+01   0.683037E+01   0.504869E+01   0.363803E+01  -0.464357E+01  -0.302537E+01  -0.107414E+02   0.569027E+01   0.957096E-03   0.593985E-02   0.626890E-02   0.662512E-03   0.201819E-02  -0.821222E+03
   0.300045E+02   0.476758E+00  -0.380949E+01   0.462470E+01   0.752608E+01   0.266981E+01   0.112829E+01  -0.533691E+01  -0.151927E+01  -0.128545E+02   0.560254E+01   0.747984E-02   0.668428E-03   0.239480E-01   0.875982E-02   0.209323E-02  -0.823275E+03
   0.313678E+02   0.668449E+00  -0.491550E+01   0.628428E+01   0.932114E+01   0.550740E+01   0.402005E+01  -0.650098E+01  -0.384991E+01  -0.985353E+01   0.440631E+01   0.589640E-03   0.106070E-01   0.256894E-01   0.279086E-01   0.163323E-01  -0.824979E+03
   0.309931E+02   0.184471E+01  -0.491550E+01   0.633361E+01   0.987952E+01   0.612404E+01   0.391183E+01  -0.572031E+01  -0.444115E+01  -0.126708E+02   0.346854E+01   0.518112E-02   0.756853E-03   0.210001E-01   0.249466E-02   0.504066E-02  -0.819843E+03
   0.302746E+02   0.184471E+01  -0.535262E+01   0.430239E+01   0.961875E+01   0.612404E+01   0.102343E+01  -0.836775E+01  -0.342176E+01  -0.126351E+02   0.265276E+01   0.845127E-02   0.741888E-02   0.181903E-01   0.317935E-02   0.135997E-01  -0.823889E+03
   0.309125E+02   0.208038E+01  -0.501529E+01   0.630883E+01   0.107657E+02   0.325985E+01   0.447799E+01  -0.755521E+01  -0.181217E+01  -0.125801E+02   0.427795E+01   0.364193E-02   0.471526E-03   0.359512E-01   0.111944E-02   0.409539E-02  -0.824460E+03
   0.306351E+02   0.208038E+01  -0.409905E+01   0.343595E+01   0.894233E+01   0.737121E+01   0.614851E-01  -0.924364E+01  -0.451235E+01  -0.849079E+01   0.518938E+01   0.320498E-02   0.103901E-01   0.303980E-01   0.244347E-01   0.196335E-02  -0.826910E+03
   0.307822E+02   0.248673E+01  -0.549534E+01   0.346618E+01   0.894233E+01   0.356701E+01   0.218713E+01  -0.782033E+01  -0.224579E+01  -0.849079E+01   0.120903E+02   0.691694E-02   0.723579E-02   0.470759E-02   0.197791E-01   0.196335E-02  -0.826986E+03
   0.309008E+02   0.266601E+01  -0.476569E+01   0.439536E+01   0.988458E+01   0.475730E+01   0.102068E+01  -0.869962E+01  -0.433413E+01  -0.114441E+02   0.603344E+01   0.594150E-02   0.564065E-02   0.153482E-01   0.581812E-02   0.310991E-02  -0.820438E+03
   0.309008E+02   0.272513E+01  -0.329639E+01   0.515573E+01   0.846484E+01   0.475730E+01   0.286419E+01  -0.487979E+01  -0.349355E+01  -0.110742E+02   0.681110E+01   0.185083E-01   0.208129E-01   0.681993E-01   0.142837E-01   0.124550E-02  -0.833985E+03
   0.310748E+02   0.120127E+01  -0.608361E+01   0.459239E+01   0.814346E+01   0.700969E+01   0.225576E+01  -0.998008E+01  -0.295646E+01  -0.974362E+01   0.365869E+01   0.382127E-03   0.173829E-01   0.551884E-01   0.824159E-02   0.124550E-02  -0.824486E+03
   0.310975E+02   0.913586E+00  -0.482970E+01   0.722245E+01   0.794783E+01   0.371842E+01   0.398715E+01  -0.902901E+01  -0.272449E+00  -0.874492E+01   0.497752E+01   0.447694E-02   0.246804E-01   0.508053E-04   0.274185E-02   0.332984E-02  -0.822203E+03
   0.305038E+02   0.180504E+01  -0.336977E+01   0.640173E+01   0.642393E+01   0.437688E+01   0.701350E+01  -0.902901E+01  -0.328997E+01  -0.915918E+01   0.522362E+01   0.273081E-03   0.190604E-01   0.391798E-03   0.552888E-02   0.760436E-02  -0.823702E+03
   0.305631E+02   0.203403E+00  -0.399234E+01   0.695353E+01   0.655904E+01   0.471603E+01   0.445266E+01  -0.648368E+01  -0.362675E+01  -0.773078E+01   0.550376E+01   0.429958E-03   0.997934E-02   0.212815E-03   0.552888E-02   0.169023E-01  -0.822246E+03
   0.305631E+02   0.953861E+00  -0.490572E+01   0.302580E+01   0.715922E+01   0.600035E+01   0.116346E+01  -0.939930E+01  -0.212446E+01  -0.135073E+02   0.321966E+01   0.148746E-01   0.567080E-02   0.212815E-03   0.506301E-02   0.224822E-02  -0.822569E+03
   0.308800E+02   0.638336E+00  -0.490572E+01   0.713374E+01   0.628518E+01   0.334014E+01   0.383370E+01  -0.781583E+01  -0.242126E+01  -0.120074E+02   0.650028E+01   0.712163E-02   0.916095E-03   0.472931E-02   0.164414E-01   0.460725E-02  -0.820907E+03
   0.312520E+02   0.615614E+00  -0.459729E+01   0.536761E+01   0.847354E+01   0.792408E+01   0.223064E+01  -0.728523E+01  -0.151723E+01  -0.104201E+02   0.422044E+01   0.463574E-02   0.142765E-01   0.112566E-01   0.163603E-02   0.292048E-01  -0.822877E+03
   0.318864E+02   0.615614E+00  -0.624442E+01   0.528092E+01   0.831912E+01   0.711679E+01   0.374099E+01  -0.969225E+01  -0.435232E+01  -0.109950E+02   0.257098E+01   0.669627E-02   0.133186E-01   0.146714E-01   0.318280E-02   0.325172E-02  -0.822628E+03
   0.317545E+02   0.739292E+00  -0.670536E+01   0.711151E+01   0.878375E+01   0.243502E+01  -0.542030E+00  -0.100442E+02  -0.318542E+01  -0.834798E+01   0.331762E+01   0.387225E-02   0.542083E-02   0.512520E-02   0.254960E-02   0.254043E-01  -0.826600E+03
   0.318099E+02  -0.367811E+00  -0.662829E+01   0.391247E+01   0.838420E+01   0.748286E+01   0.129982E+01  -0.862319E+01  -0.352071E+01  -0.105144E+02   0.603735E+01   0.790223E-02   0.109575E-01   0.761465E-02   0.156004E-02   0.273744E-01  -0.826349E+03
   0.311904E+02   0.295126E+01  -0.446585E+01   0.450797E+01   0.885270E+01   0.439112E+01   0.293772E+01  -0.871655E+01  -0.434415E+01  -0.108831E+02   0.672930E+01   0.553925E-02   0.406090E-02   0.151722E-01   0.150661E-02   0.557407E-02  -0.821085E+03
   0.308390E+02   0.916846E+00  -0.309954E+01   0.569346E+01   0.753082E+01   0.356179E+01   0.414153E+01  -0.640877E+01  -0.710195E+01  -0.129622E+02   0.636877E+01   0.760222E-02   0.992149E-03   0.171935E-01   0.458706E-02   0.117943E-01  -0.822431E+03
   0.306390E+02   0.916846E+00  -0.477288E+01   0.727506E+01   0.775799E+01   0.465466E+01   0.453502E+01  -0.444363E+01  -0.599625E+01  -0.148951E+02   0.373771E+01   0.835146E-02   0.575732E-02   0.181649E-01   0.177379E-01   0.216682E-01  -0.825997E+03
   0.314205E+02   0.767842E+00  -0.494419E+01   0.514664E+01   0.101224E+02   0.800404E+01   0.264141E+01  -0.467165E+01  -0.260410E+01  -0.100346E+02   0.444729E+01   0.631460E-03   0.159084E-01   0.189279E-01   0.200416E-01   0.272712E-02  -0.825890E+03
   0.313979E+02   0.122451E+01  -0.604745E+01   0.418567E+01   0.554361E+01   0.633085E+01   0.275361E+01  -0.522717E+01  -0.723853E+01  -0.140544E+02   0.114820E+02   0.715141E-02   0.137892E-01   0.888314E-02   0.449112E-03   0.272712E-02  -0.824081E+03
   0.313979E+02   0.251483E+01  -0.582220E+01   0.587224E+01   0.707243E+01   0.742947E+01   0.738228E+00  -0.464614E+01  -0.656713E+01  -0.129508E+02   0.784893E+01   0.656048E-02   0.323511E-02   0.189585E-01   0.155645E-02   0.558703E-02  -0.823995E+03
   0.306828E+02   0.184969E+01  -0.519633E+01   0.420457E+01   0.595217E+01   0.671316E+01   0.162379E+00  -0.616194E+01  -0.334374E+01  -0.113303E+02   0.732948E+01   0.585203E-02   0.170916E-02   0.404990E-01   0.129563E-01   0.386971E-02  -0.824545E+03
   0.305745E+02   0.238213E+01  -0.416005E+01   0.725714E+01   0.657666E+01   0.379979E+01   0.688955E+00  -0.848700E+01  -0.214335E+01  -0.685087E+01   0.376841E+01   0.599578E-02   0.365971E-02   0.423441E-01   0.749596E-02   0.272546E-01  -0.829830E+03
   0.300746E+02   0.131159E+01  -0.564303E+01   0.365892E+01   0.901626E+01   0.335333E+01   0.113464E+00  -0.887416E+01   0.243269E+01  -0.936103E+01   0.450498E+01   0.643566E-02   0.133124E-01   0.603305E-02   0.178557E-01   0.382569E-02  -0.827559E+03
   0.305760E+02   0.761124E+00  -0.257336E+01   0.644075E+01   0.618150E+01   0.313594E+01   0.265662E+01  -0.779225E+01  -0.395855E+01  -0.131036E+02   0.508303E+01   0.172183E-02   0.218310E-03   0.304701E-01   0.158427E-02   0.148399E-01  -0.823240E+03
   0.305760E+02   0.216404E+01  -0.257336E+01   0.517388E+01   0.101385E+02   0.479277E+01   0.426062E+00  -0.316540E+01  -0.274549E+01  -0.136413E+02   0.343216E+01   0.172183E-02   0.230067E-01   0.157432E-02   0.490365E-02   0.100808E-01  -0.826061E+03
   0.310614E+02   0.250865E+01  -0.257336E+01   0.807643E+01   0.101385E+02   0.251680E+01   0.395644E+01  -0.455894E+01  -0.504880E+01  -0.147478E+02   0.704155E+01   0.269886E-02   0.751510E-03   0.380210E-01   0.295321E-03   0.141003E-01  -0.828210E+03
   0.311362E+02   0.219673E+01  -0.517316E+01   0.653370E+01   0.104597E+02   0.487165E+01   0.326986E+01  -0.455894E+01  -0.504880E+01  -0.123347E+02   0.758799E+01   0.208093E-02   0.856135E-02   0.106038E-01   0.920093E-02   0.380645E-02  -0.821386E+03
   0.308046E+02   0.206404E+01  -0.435493E+01   0.423876E+01   0.890416E+01   0.488114E+01   0.583300E+01  -0.813601E+01  -0.396642E+01  -0.120293E+02   0.469324E+01   0.630122E-02   0.235393E-02   0.879868E-02   0.925569E-02   0.121074E-02  -0.820333E+03
   0.300112E+02   0.214146E+01  -0.371556E+01   0.314528E+01   0.795472E+01   0.650742E+01   0.240327E+01  -0.577022E+01  -0.377271E+01  -0.129768E+02   0.376347E+01   0.567384E-02   0.238828E-02   0.109221E-01   0.397095E-02   0.483857E-02  -0.821343E+03
   0.310614E+02   0.244095E+01  -0.375011E+01   0.391275E+01   0.100663E+02   0.601846E+01   0.226432E+01  -0.764995E+01  -0.577009E+01  -0.133881E+02   0.600076E+01   0.852217E-03   0.679482E-03   0.359975E-02   0.120637E-02   0.875466E-02  -0.818803E+03
   0.310378E+02   0.276666E+01  -0.493403E+01   0.442221E+01   0.970170E+01   0.912279E+01   0.126559E+01  -0.796882E+01  -0.360034E+01  -0.996907E+01   0.816636E+01   0.447692E-03   0.884700E-02   0.448928E-02   0.120637E-02   0.211822E-01  -0.823952E+03
   0.312432E+02   0.136018E+01  -0.422884E+01   0.434658E+01   0.766052E+01   0.493280E+01   0.374989E+01  -0.905084E+01  -0.375930E+01  -0.113373E+02   0.626720E+01   0.209709E-01   0.480067E-02   0.194729E-01   0.115636E-01   0.151184E-01  -0.825631E+03
   0.314335E+02   0.619285E+00  -0.674917E+01   0.630043E+01   0.855045E+01   0.493280E+01   0.374989E+01  -0.714434E+01  -0.509200E+01  -0.106985E+02   0.521124E+01   0.432514E-04   0.539224E-02   0.388450E-02   0.531356E-02   0.284886E-01  -0.821198E+03
   0.314335E+02   0.619285E+00  -0.542990E+01   0.268771E+01   0.782669E+01   0.359433E+01   0.438776E+01  -0.917158E+01  -0.597290E+01  -0.158607E+02   0.965198E+01   0.114653E-03   0.254393E-02   0.769686E-03   0.749804E-02   0.133839E-01  -0.823822E+03
   0.310814E+02   0.619285E+00  -0.438446E+01   0.318088E+01   0.760432E+01   0.494062E+01   0.435371E+01  -0.890964E+01  -0.597290E+01  -0.137539E+02   0.701462E+01   0.724438E-02   0.446025E-02   0.103946E-02   0.109593E-02   0.161557E-01  -0.821191E+03
   0.306049E+02   0.114984E+01  -0.528300E+01   0.557718E+01   0.801489E+01   0.471900E+01   0.267725E+01  -0.929706E+01  -0.151606E+01  -0.808361E+01   0.448115E+01   0.663954E-02   0.912194E-02   0.206407E-01   0.397442E-02   0.246035E-01  -0.823396E+03
   0.306049E+02   0.119213E+01  -0.584963E+01   0.464089E+01   0.837801E+01   0.835719E+01   0.267725E+01  -0.918942E+01  -0.311146E+00  -0.117735E+02   0.943222E+00   0.416705E-02   0.237675E-02   0.132965E-01   0.913669E-02   0.448481E-01  -0.826818E+03
   0.307253E+02   0.149146E+01  -0.424273E+01   0.464089E+01   0.560250E+01   0.504240E+01   0.419272E+01  -0.892645E+01  -0.638132E+01  -0.120659E+02   0.406912E+01   0.300239E-02   0.728234E-02   0.308978E-02   0.190225E-03   0.601938E-02  -0.819071E+03
   0.307253E+02   0.191551E+01  -0.441156E+01   0.524937E+01   0.749645E+01   0.724417E+01   0.305546E+01  -0.685541E+01  -0.355262E+01  -0.105694E+02   0.340203E+01   0.514496E-02   0.605763E-02   0.153054E-02   0.111867E-01   0.615559E-02  -0.819188E+03
   0.308340E+02   0.141959E+01  -0.379963E+01   0.946675E+01   0.749645E+01   0.413786E+01   0.555987E+01  -0.611885E+01  -0.365532E+01  -0.126934E+02   0.267166E+01   0.307366E-02   0.983372E-02   0.141371E-02   0.473319E-02   0.979985E-02  -0.823808E+03
   0.311496E+02   0.772777E+00  -0.367212E+01   0.797372E+01   0.856244E+01   0.496091E+01   0.509100E+01  -0.707691E+01  -0.289069E+01  -0.152038E+02   0.541406E+01   0.139966E-01   0.437360E-02   0.188666E-01   0.473319E-02   0.134665E-01  -0.826221E+03
   0.311027E+02   0.819256E+00  -0.546494E+01   0.509937E+01   0.639161E+01   0.393664E+01   0.252229E+01  -0.500748E+01  -0.333943E+01  -0.109759E+02   0.943907E+01   0.131620E-01   0.438361E-02   0.966325E-02   0.112049E-01   0.217834E-02  -0.822533E+03
   0.304094E+02   0.254418E+01  -0.531150E+01   0.412319E+01   0.768353E+01   0.774648E+01   0.448447E+01  -0.548182E+01  -0.604773E+01  -0.935291E+01   0.518991E+01   0.281073E-02   0.711378E-02   0.168542E-01   0.153308E-02   0.217834E-02  -0.822247E+03
   0.308507E+02   0.274180E+01  -0.531150E+01   0.412319E+01   0.838059E+01   0.745932E+01   0.488631E+01  -0.682347E+01  -0.752738E+01  -0.866479E+01   0.413632E+01   0.488059E-02   0.781115E-03   0.230171E-01   0.153308E-02   0.894208E-02  -0.823749E+03
   0.309258E+02   0.223273E+01  -0.337327E+01   0.597971E+01   0.655700E+01   0.755875E+01   0.229680E+01  -0.753400E+01  -0.584994E+01  -0.111648E+02   0.722294E+01   0.240633E-03   0.549928E-01   0.108630E-01   0.397960E-01   0.625258E-02  -0.828867E+03
   0.304972E+02   0.223273E+01  -0.376535E+01   0.597971E+01   0.655700E+01   0.807588E+01   0.410228E+01  -0.566185E+01  -0.341475E+01  -0.132827E+02   0.403770E+01   0.385208E-02   0.315027E-01   0.122533E-02   0.101852E-01   0.737759E-02  -0.824906E+03
   0.304796E+02   0.222857E+01  -0.376535E+01   0.574334E+01   0.828451E+01   0.555564E+01   0.103726E+01  -0.832495E+01  -0.103556E+01  -0.132827E+02   0.374759E+01   0.939559E-02   0.595969E-02   0.121847E-01   0.789733E-02   0.551533E-02  -0.822085E+03
   0.308832E+02   0.161955E+01  -0.376535E+01   0.521776E+01   0.971509E+01   0.748583E+01   0.190207E+00  -0.541466E+01  -0.433467E+01  -0.130380E+02  -0.132744E+00   0.348129E-02   0.366556E-02   0.160379E-01   0.860865E-02   0.831758E-02  -0.824372E+03
   0.308832E+02   0.161955E+01  -0.349459E+01   0.522064E+01   0.662196E+01   0.744480E+01   0.576686E+01  -0.861939E+01  -0.422683E+01  -0.138389E+02   0.453175E+01   0.401720E-02   0.769824E-02   0.444643E-01   0.513530E-02   0.433692E-02  -0.823598E+03
   0.309231E+02   0.183245E+01  -0.529081E+01   0.481753E+01   0.936126E+01   0.677582E+01   0.502624E+01  -0.714521E+01  -0.652465E+01  -0.125603E+02   0.215835E+01   0.841892E-03   0.834625E-02   0.559471E-02   0.865041E-02   0.641833E-03  -0.820479E+03
   0.309627E+02   0.100056E+01  -0.565566E+01   0.481753E+01   0.678527E+01   0.372471E+01   0.638248E+01  -0.925679E+01  -0.311096E+01  -0.120554E+02   0.719418E+01   0.462956E-02   0.224535E-01   0.766369E-02   0.127112E-01   0.283429E-02  -0.824506E+03
   0.309759E+02   0.118201E+01  -0.619444E+01   0.502647E+01   0.930710E+01   0.343783E+01   0.207584E+01  -0.672522E+01  -0.385290E+01  -0.114984E+02   0.747753E+01   0.334130E-02   0.323489E-01   0.167936E-01   0.128475E-02   0.162842E-01  -0.823156E+03
   0.309759E+02   0.105969E+01  -0.256273E+01   0.566532E+01   0.913473E+01   0.487423E+01   0.216622E+01  -0.882508E+01  -0.352695E+01  -0.989704E+01   0.382663E+01   0.200746E-01   0.166545E-01   0.108141E-01   0.228093E-03   0.240281E-01  -0.828379E+03
   0.301632E+02   0.115307E+01  -0.652651E+01   0.184235E+01   0.463756E+01   0.730038E+01   0.472218E+01  -0.374559E+01  -0.681084E+01  -0.123207E+02   0.943143E+01   0.490513E-02   0.450945E-02   0.329357E-02   0.201645E-02   0.463604E-02  -0.827857E+03
   0.300792E+02   0.210652E+01  -0.466987E+01   0.323539E+01   0.651681E+01   0.490452E+01   0.290002E+01  -0.547558E+01  -0.543253E+01  -0.138402E+02   0.119854E+02   0.262006E-02   0.360167E-02   0.776431E-02   0.335731E-01   0.233195E-02  -0.826711E+03
   0.310513E+02   0.995555E+00  -0.476864E+01   0.385726E+01   0.679795E+01   0.303426E+01   0.347633E+01  -0.866177E+01  -0.655715E+01  -0.117699E+02   0.584854E+01   0.728656E-02   0.309495E-02   0.780343E-02   0.128892E-02   0.165485E-02  -0.819883E+03
   0.308232E+02   0.189156E+01  -0.676629E+01   0.317611E+01   0.714606E+01   0.708273E+01   0.267254E+01  -0.877075E+01  -0.529428E+01  -0.858693E+01   0.844183E+01   0.787619E-02   0.161930E-01   0.155921E-02   0.158124E-01   0.179295E-03  -0.822929E+03
   0.307214E+02   0.663960E+00  -0.362109E+01   0.503271E+01   0.714606E+01   0.568012E+01   0.521388E+01  -0.946687E+01  -0.205561E+01  -0.842926E+01   0.475103E+01   0.827285E-02   0.305152E-02   0.446824E-02   0.550906E-02   0.445854E-02  -0.820273E+03
   0.310956E+02   0.620925E+00  -0.362109E+01   0.420967E+01   0.864051E+01   0.397415E+01   0.871227E+00  -0.112924E+02  -0.279691E+01  -0.103556E+02   0.176337E+01   0.121453E-01   0.484905E-02   0.286678E-02   0.680051E-02   0.170826E-01  -0.825365E+03
   0.312658E+02   0.234640E+01  -0.527952E+01   0.232377E+01   0.759191E+01   0.809879E+01  -0.307955E+00  -0.962910E+01  -0.435005E+01  -0.986635E+01   0.817915E+01   0.150493E-01   0.248088E-02   0.119358E-02   0.813400E-02   0.283511E-01  -0.826281E+03
   0.299111E+02   0.280701E+01  -0.382611E+01   0.309548E+01   0.696351E+01   0.235178E+01   0.486979E+00  -0.755262E+01  -0.581637E+01  -0.102804E+02   0.924172E+01   0.509585E-02   0.116781E-01   0.331903E-03   0.456019E-01   0.318208E-02  -0.829815E+03
   0.299111E+02   0.211714E+01  -0.140824E+01   0.578910E+01   0.712466E+01   0.565319E+01   0.138599E+01  -0.611271E+01  -0.356262E+01  -0.123531E+02   0.299178E+01   0.430525E-03   0.128637E-01   0.331903E-03   0.131995E-02   0.200715E-02  -0.822843E+03
   0.306171E+02   0.174371E+01  -0.557803E+01   0.380134E+01   0.820084E+01   0.887282E+01   0.584125E+00  -0.676421E+01  -0.444705E+01  -0.123531E+02   0.533280E+01   0.468273E-02   0.140861E-01   0.834528E-03   0.131995E-02   0.955900E-03  -0.819826E+03
   0.314051E+02   0.163483E+01  -0.506879E+01   0.453274E+01   0.716664E+01   0.325852E+01   0.432718E+01  -0.106349E+02  -0.668483E+01  -0.111439E+02   0.811504E+01   0.840260E-02   0.978732E-02   0.200315E-01   0.187472E-01   0.400617E-02  -0.824359E+03
   0.315493E+02   0.637071E+00  -0.650232E+01   0.629793E+01   0.716664E+01   0.605872E+01   0.375648E+01  -0.833806E+01  -0.281718E+01  -0.747741E+01   0.452445E+01   0.124869E-02   0.275437E-02   0.390919E-02   0.233781E-02   0.755633E-03  -0.819791E+03
   0.315493E+02   0.637071E+00  -0.506593E+01   0.573924E+01   0.856553E+01   0.645348E+01   0.595270E+01  -0.113389E+02  -0.281775E+01  -0.100090E+02   0.416225E+01   0.936105E-02   0.733387E-02   0.100517E-01   0.142162E-01   0.192758E-01  -0.825022E+03
   0.315493E+02   0.183005E+01  -0.506593E+01   0.535013E+01   0.101548E+02   0.311844E+01   0.609523E+01  -0.868843E+01  -0.389553E+01  -0.114131E+02   0.761059E+01   0.323404E-02   0.115096E-01   0.241077E-02   0.880456E-02   0.773310E-02  -0.823107E+03
   0.313090E+02   0.145156E+01  -0.534076E+01   0.566986E+01   0.836847E+01   0.552548E+01   0.139742E+01  -0.962148E+01  -0.181794E+00  -0.106017E+02   0.482705E+01   0.389403E-02   0.692721E-02   0.159280E-01   0.120382E-01   0.491211E-02  -0.821421E+03
   0.313090E+02   0.223487E+01  -0.534094E+01   0.446562E+01   0.568607E+01   0.886416E+01   0.299751E+00  -0.735900E+01  -0.908578E+01  -0.118646E+02   0.558614E+01   0.426159E-02   0.310604E-01   0.142954E-01   0.436050E-02   0.543421E-02  -0.827318E+03
   0.313090E+02   0.231763E+01  -0.493026E+01   0.623072E+01   0.965141E+01   0.350645E+01   0.511680E+01  -0.692106E+01  -0.864486E+01  -0.115009E+02   0.578100E+01   0.572383E-03   0.568951E-02   0.242549E-02   0.464761E-02   0.875372E-02  -0.821815E+03
   0.306535E+02   0.165181E+01  -0.348484E+01   0.492652E+01   0.873120E+01   0.650047E+01   0.478810E+01  -0.821710E+01  -0.283521E+01  -0.129906E+02   0.578100E+01   0.338335E-02   0.145147E-01   0.100566E-01   0.102148E-01   0.140625E-01  -0.821640E+03
   0.307093E+02   0.175064E+01  -0.493804E+01   0.542306E+01   0.755035E+01   0.646864E+01   0.148242E+01  -0.568894E+01  -0.567586E+01  -0.100778E+02   0.634129E+01   0.800376E-02   0.118632E-01   0.154620E-01   0.111627E-02   0.337362E-02  -0.819889E+03
   0.303588E+02   0.111153E+01  -0.493804E+01   0.241732E+01   0.590308E+01   0.472669E+01   0.645930E+00  -0.657707E+01  -0.507936E+01  -0.110132E+02   0.714578E+01   0.910846E-02   0.144027E-01   0.745055E-02   0.773272E-02   0.131206E-01  -0.824197E+03
   0.302415E+02   0.767047E+00  -0.414991E+01   0.300469E+01   0.707304E+01   0.553598E+01   0.572339E+01  -0.817759E+01  -0.496708E+01  -0.122557E+02   0.612798E+01   0.123554E-02   0.377462E-02   0.635143E-02   0.297073E-02   0.711235E-03  -0.819999E+03
   0.302415E+02   0.796241E+00  -0.414991E+01   0.432604E+01   0.685737E+01   0.510333E+01   0.394962E+01  -0.961009E+01  -0.174274E+01  -0.915553E+01   0.115894E+01   0.290692E-02   0.335011E-02   0.223755E-01   0.282452E-02   0.168924E-02  -0.822390E+03
   0.302415E+02   0.180462E+01  -0.414991E+01   0.643147E+01   0.679697E+01   0.846815E+01   0.782525E+01  -0.731398E+01  -0.255546E+01  -0.995336E+01   0.631009E+01   0.187378E-02   0.687730E-02   0.228066E-02   0.874936E-02   0.196205E-02  -0.826560E+03
   0.313420E+02   0.211715E-01  -0.338157E+01   0.509856E+01   0.613780E+01   0.508457E+01   0.230571E+01  -0.677038E+01  -0.549551E+01  -0.124015E+02   0.410226E+01   0.593495E-02   0.314253E-02   0.846168E-03   0.724158E-03   0.440045E-02  -0.821111E+03
   0.317901E+02   0.260331E+01  -0.552676E+01   0.347227E+01   0.894060E+01   0.841373E+01  -0.560438E+00  -0.111738E+02  -0.578325E+01  -0.114738E+02   0.608250E+01   0.976971E-02   0.507535E-02   0.350450E-02   0.934995E-02   0.721141E-02  -0.825214E+03
   0.308443E+02   0.912551E+00  -0.585406E+01   0.591283E+01   0.720866E+01   0.419718E+01   0.495224E+01  -0.101239E+02  -0.697371E+01  -0.114738E+02   0.819381E+00   0.149255E-02   0.114257E-02   0.277178E-03   0.217696E-02   0.113079E-01  -0.822620E+03
   0.303507E+02   0.100190E+01  -0.444240E+01   0.415027E+01   0.947387E+01   0.522748E+01   0.176385E+01  -0.496134E+01  -0.197961E+01  -0.135446E+02   0.638596E+01   0.590101E-03   0.549228E-02   0.277178E-03   0.256500E-02   0.240616E-03  -0.818054E+03
   0.310663E+02   0.100190E+01  -0.486668E+01   0.422847E+01   0.927923E+01   0.558113E+01   0.284634E+01  -0.430097E+01  -0.673714E+01  -0.144137E+02   0.277226E+01   0.220228E-02   0.216332E-02   0.141977E-01   0.553317E-02   0.162470E-01  -0.823688E+03
   0.309324E+02   0.753234E+00  -0.486668E+01   0.662049E+01   0.694167E+01   0.364481E+01   0.551898E+00  -0.861562E+01  -0.387903E+00  -0.956245E+01   0.541732E+01   0.690126E-02   0.147559E-01   0.685664E-04   0.365050E-01   0.133410E-01  -0.824725E+03
   0.307931E+02   0.529355E+00  -0.598768E+01   0.412884E+01   0.813382E+01   0.492146E+01   0.406555E+01  -0.104922E+02  -0.317288E+00  -0.829543E+01   0.339031E+01   0.699285E-02   0.158903E-01   0.306484E-02   0.243889E-02   0.727526E-02  -0.822682E+03
   0.308821E+02   0.529355E+00  -0.450524E+01   0.551457E+01   0.724848E+01   0.612057E+01   0.807151E+01  -0.103708E+02  -0.428142E+01  -0.120906E+02   0.596925E+01   0.618859E-02   0.192705E-01   0.390553E-02   0.134036E-02   0.271567E-02  -0.824050E+03
   0.308821E+02   0.233270E+01  -0.292909E+01   0.359080E+01   0.767580E+01   0.100829E+02   0.185216E+01  -0.767831E+01  -0.356552E+01  -0.138070E+02   0.719491E+01   0.999347E-02   0.291294E-02   0.168648E-01   0.227139E-01   0.384024E-02  -0.826234E+03
   0.308819E+02   0.158925E+01  -0.341258E+01   0.359080E+01   0.855842E+01   0.729853E+01   0.574800E+01  -0.798020E+01  -0.577600E+01  -0.148115E+02   0.358124E+01   0.313767E-02   0.809919E-02   0.741708E-02   0.176809E-02   0.492324E-02  -0.821749E+03
   0.311690E+02   0.233500E+01  -0.582059E+01   0.465886E+01   0.734438E+01   0.470712E+01   0.291035E+01  -0.724694E+01  -0.670984E+01  -0.577988E+01   0.673296E+01   0.363324E-02   0.250711E-02   0.201942E-02   0.182663E-01   0.602525E-02  -0.823816E+03
   0.311786E+02   0.530697E+00  -0.498276E+01   0.616601E+01   0.734438E+01   0.301046E+01   0.144165E+01  -0.691120E+01  -0.266036E+01  -0.100151E+02   0.863194E+01   0.150809E-01   0.141762E-01   0.182243E-01   0.997939E-02   0.133539E-01  -0.825134E+03
   0.314473E+02   0.118682E+01  -0.516536E+01   0.470733E+01   0.780112E+01   0.618546E+01   0.204760E+01  -0.545182E+01  -0.293494E+01  -0.102194E+02   0.812315E+01   0.857142E-02   0.984036E-03   0.613682E-03   0.270263E-01   0.154397E-01  -0.823122E+03
   0.310567E+02   0.186030E+01  -0.319083E+01   0.377032E+01   0.772204E+01   0.630223E+01   0.964003E+00  -0.857996E+01  -0.432821E+01  -0.120656E+02   0.572784E+01   0.390839E-02   0.220044E-02   0.613682E-03   0.150393E-02   0.223993E-01  -0.820110E+03
   0.310567E+02   0.129682E+01  -0.319083E+01   0.728740E+01   0.728864E+01   0.514118E+01   0.362805E+01  -0.747615E+01  -0.451620E+01  -0.127120E+02   0.491298E+01   0.110216E-01   0.190326E-01   0.161424E-02   0.833186E-02   0.112170E-01  -0.821695E+03
   0.310567E+02   0.168121E+01  -0.357541E+01   0.492012E+01   0.767632E+01   0.708893E+01   0.540046E+01  -0.834072E+01  -0.692894E+01  -0.109610E+02   0.248687E+01   0.745134E-02   0.297936E-02   0.161424E-02   0.145296E-01   0.354299E-02  -0.820926E+03
   0.314432E+02   0.118719E+01  -0.447321E+01   0.225582E+01   0.599721E+01   0.453677E+01   0.536174E+00  -0.902714E+01  -0.608326E+01  -0.920876E+01   0.110953E+02   0.750241E-02   0.691355E-02   0.111642E-01   0.861984E-02   0.350659E-02  -0.826382E+03
   0.307089E+02   0.400082E+00  -0.489899E+01   0.731349E+01   0.738532E+01   0.423606E+01   0.321891E+01  -0.523707E+01  -0.492112E+01  -0.124491E+02   0.351920E+01   0.854871E-02   0.165750E-02   0.583188E-02   0.390968E-02   0.138323E-01  -0.820733E+03
   0.308590E+02   0.455542E+00  -0.652267E+01   0.324889E+01   0.789519E+01   0.617352E+01   0.210085E+01  -0.710034E+01  -0.271725E+01  -0.856037E+01   0.497093E+01   0.201463E-02   0.504280E-02   0.222440E-02   0.165431E-02   0.136769E-01  -0.820617E+03
   0.306052E+02   0.698210E+00  -0.482905E+01   0.344568E+01   0.730804E+01   0.449486E+01   0.226912E+01  -0.933693E+01  -0.244804E+01  -0.105339E+02   0.489248E+01   0.153113E-01   0.276160E-02   0.328229E-02   0.166533E-01   0.216921E-01  -0.823807E+03
   0.313813E+02   0.147204E+01  -0.248507E+01   0.738974E+01   0.735268E+01   0.626767E+01   0.290673E+01  -0.588372E+01  -0.643390E+01  -0.166253E+02   0.442903E+01   0.862541E-02   0.188327E-01   0.224086E-02   0.162106E-01   0.105480E-02  -0.825404E+03
   0.310420E+02   0.159643E+01  -0.439158E+01   0.647293E+01   0.776093E+01   0.653527E+01   0.311743E+01  -0.878202E+01  -0.489157E+01  -0.125470E+02   0.436092E+01   0.415372E-02   0.137683E-01   0.683153E-02   0.182344E-02   0.252027E-02  -0.818552E+03
   0.310901E+02   0.159643E+01  -0.439158E+01   0.532686E+01   0.748943E+01   0.477051E+01   0.334849E+01  -0.545433E+01  -0.627962E+01  -0.145002E+02   0.354469E+01   0.265126E-02   0.495272E-02   0.224477E-01   0.599017E-02   0.242742E-02  -0.821910E+03
   0.311130E+02   0.192968E+01  -0.446015E+01   0.624254E+01   0.976360E+01   0.546618E+01   0.211345E+01  -0.582161E+01  -0.152724E+01  -0.161647E+02   0.553184E+01   0.313746E-02   0.267180E-02   0.930250E-02   0.890238E-02   0.140734E-02  -0.820849E+03
   0.307123E+02   0.249630E+01  -0.349947E+01   0.624254E+01   0.856688E+01   0.514291E+01   0.240306E+01  -0.638445E+01  -0.330946E+01  -0.109431E+02   0.273722E+01   0.691923E-02   0.100911E-01   0.146837E-02   0.104713E-02   0.109185E-01  -0.820879E+03
   0.307123E+02  -0.114721E+00  -0.630163E+01   0.393350E+01   0.809464E+01   0.642716E+01  -0.270529E+00  -0.925957E+01  -0.143345E+01  -0.127763E+02   0.295615E+01   0.310152E-02   0.329757E-02   0.107424E-01   0.191645E-01   0.587971E-02  -0.825637E+03
   0.312111E+02   0.139419E+01  -0.570280E+01   0.655504E+01   0.893103E+01   0.680313E+01   0.435171E+01  -0.607719E+01  -0.143345E+01  -0.131398E+02   0.335179E+01   0.940556E-02   0.796815E-02   0.886337E-02   0.825962E-02   0.157796E-02  -0.823105E+03
   0.309143E+02   0.217157E+01  -0.377412E+01   0.583383E+01   0.899641E+01   0.527359E+01  -0.208607E+01  -0.724658E+01  -0.394529E+01  -0.713469E+01   0.374638E+01   0.640461E-02   0.363058E-02   0.983202E-02   0.591946E-02   0.824351E-03  -0.823587E+03
   0.305998E+02   0.167469E+01  -0.370210E+01   0.432333E+01   0.741868E+01   0.452541E+01   0.189662E+01  -0.462036E+01  -0.542749E+01  -0.124977E+02   0.718443E+01   0.172835E-03   0.711439E-02   0.852503E-02   0.110022E-01   0.438967E-02  -0.820225E+03
   0.303253E+02   0.128290E+01  -0.566713E+01   0.106642E+01   0.701187E+01   0.583359E+01   0.322649E+01  -0.873206E+01  -0.414901E+01  -0.934650E+01   0.739805E+01   0.196627E-02   0.961762E-02   0.110564E-01   0.590673E-02   0.190471E-01  -0.824861E+03
   0.305356E+02   0.824195E+00  -0.167243E+01   0.562446E+01   0.696491E+01   0.534745E+01   0.287398E+01  -0.873206E+01  -0.172918E+01  -0.126325E+02   0.340828E+01   0.567773E-02   0.127269E-01   0.243986E-02   0.118055E-01   0.791473E-02  -0.823269E+03
   0.315948E+02   0.141269E+01  -0.566530E+01   0.536012E+01   0.884063E+01   0.395284E+01  -0.181735E+00  -0.844939E+01  -0.477906E+01  -0.958630E+01   0.360871E+01   0.711267E-02   0.834526E-01   0.163794E-01   0.633217E-02   0.686951E-02  -0.830042E+03
   0.313535E+02   0.125505E+01  -0.566530E+01   0.536012E+01   0.962642E+01   0.648129E+01   0.153860E+01  -0.452024E+01  -0.457776E+01  -0.961263E+01   0.484108E+01   0.108097E-01   0.888278E-01   0.944984E-02   0.190858E-02   0.124484E-01  -0.830180E+03
   0.308196E+02   0.134833E+01  -0.401127E+01   0.661412E+01   0.726152E+01   0.434308E+01   0.646933E-01  -0.744322E+01  -0.328866E+01  -0.134606E+02   0.875911E+01   0.688587E-02   0.189734E-01   0.178335E-01   0.809017E-02   0.670793E-02  -0.825664E+03
   0.308202E+02   0.297220E+01  -0.443961E+01   0.456659E+01   0.102858E+02   0.532989E+01   0.196189E+01  -0.842567E+01  -0.501669E+01  -0.826376E+01   0.513063E+01   0.115391E-02   0.131683E-01   0.559828E-02   0.166421E-01   0.256000E-02  -0.823282E+03
   0.304883E+02   0.197423E+01  -0.194910E+01   0.612566E+01   0.673053E+01   0.800856E+01   0.557726E+01  -0.752469E+01  -0.422373E+01  -0.987918E+01   0.427698E+01   0.148587E-02   0.220299E-02   0.471725E-03   0.114031E-01   0.528843E-02  -0.822426E+03
   0.299528E+02   0.186303E+01  -0.530308E+01   0.612566E+01   0.619276E+01   0.399185E+01   0.172607E+01  -0.572789E+01  -0.518684E+01  -0.102532E+02   0.383012E+01   0.100747E-01   0.396746E-02   0.186058E-01   0.923108E-02   0.101749E-01  -0.824828E+03
   0.305970E+02   0.205936E+01  -0.365995E+01   0.635295E+01   0.733601E+01   0.727341E+01   0.431613E+01  -0.108218E+02  -0.279470E+01  -0.115828E+02   0.247244E+01   0.550931E-03   0.343781E-02   0.514461E-01   0.226732E-02   0.875737E-02  -0.825540E+03
   0.311537E+02   0.197527E+01  -0.319985E+01   0.272003E+01   0.951383E+01   0.837677E+01   0.453030E+01  -0.771367E+01  -0.386857E+01  -0.141628E+02   0.414354E+01   0.719009E-02   0.204659E-01   0.499828E-01   0.109097E-02   0.136141E-01  -0.830326E+03
   0.313125E+02   0.252984E+01  -0.404070E+01   0.460510E+01   0.920266E+01   0.462078E+01  -0.227106E+01  -0.771367E+01  -0.361808E+01  -0.101885E+02   0.713798E+01   0.203874E-01   0.230606E-01   0.193513E-01   0.879065E-02   0.121517E-02  -0.829021E+03
   0.309827E+02   0.176735E+01  -0.550097E+01   0.372201E+01   0.955744E+01   0.587538E+01   0.202765E+01  -0.748133E+01  -0.242317E+01  -0.107779E+02   0.603985E+01   0.434876E-02   0.231061E-01   0.762083E-02   0.115253E-01   0.103432E-01  -0.821438E+03
   0.305807E+02   0.176735E+01  -0.448527E+01   0.510023E+01   0.898100E+01   0.543066E+01   0.201997E+01  -0.709908E+01  -0.208634E+01  -0.924805E+01   0.512141E+01   0.287735E-02   0.252883E-01   0.102923E-02   0.140894E-01   0.214624E-01  -0.822361E+03
   0.305807E+02   0.176735E+01  -0.654648E+01   0.402732E+01   0.898100E+01   0.426226E+01   0.844223E+00  -0.524201E+01  -0.255949E+01  -0.116161E+02   0.847326E+01   0.438595E-03   0.665153E-02   0.923648E-03   0.668608E-03   0.962515E-02  -0.819998E+03
   0.309677E+02   0.206162E+01  -0.209553E+01   0.445063E+01   0.769987E+01   0.701376E+01   0.478616E+01  -0.632514E+01  -0.592126E+01  -0.940413E+01   0.837990E+01   0.372543E-02   0.191252E-01   0.839317E-03   0.181342E-01   0.850181E-02  -0.826274E+03
   0.315192E+02   0.172997E+01  -0.227995E+01   0.445063E+01   0.642993E+01   0.673054E+01   0.280460E+01  -0.806375E+01  -0.749917E+01  -0.125094E+02   0.988047E+01   0.143540E-01   0.176248E-01   0.459280E-02   0.132044E-01   0.104972E-01  -0.828186E+03
   0.315192E+02   0.172997E+01  -0.641783E+01   0.461128E+01   0.907745E+01   0.727809E+01   0.550276E+01  -0.684351E+01  -0.540604E+01  -0.121473E+02   0.492951E+01   0.353806E-02   0.180748E-02   0.213079E-01   0.917633E-02   0.118324E-02  -0.822059E+03
   0.315293E+02   0.163070E+01  -0.641783E+01   0.483106E+01   0.101308E+02   0.562133E+01  -0.193576E+00  -0.660132E+01  -0.367887E+01  -0.124101E+02   0.667704E+01   0.124504E-01   0.344600E-02   0.104016E-02   0.119764E-01   0.786375E-02  -0.821657E+03
   0.310397E+02   0.150064E+01  -0.474790E+01   0.728304E+01   0.911516E+01   0.446148E+01   0.408253E+00  -0.709413E+01  -0.367887E+01  -0.154078E+02   0.145286E+01   0.576166E-02   0.322820E-02   0.151016E-01   0.192807E-01   0.186265E-01  -0.825246E+03
   0.307480E+02   0.566717E+00  -0.498390E+01   0.575873E+01   0.699582E+01   0.650078E+01   0.303808E+01  -0.785104E+01  -0.380780E+01  -0.728527E+01   0.241335E+01   0.576166E-02   0.466654E-01   0.415976E-02   0.604045E-02   0.493634E-02  -0.823897E+03
   0.310461E+02   0.566717E+00  -0.589784E+01   0.575873E+01   0.668236E+01   0.158026E+01   0.360718E+01  -0.102288E+02  -0.546700E+01  -0.108294E+02   0.584736E+01   0.941597E-02   0.111092E-01   0.114470E-01   0.189849E-02   0.466377E-02  -0.823604E+03
   0.303116E+02   0.206779E+01  -0.413093E+01   0.515428E+01   0.606642E+01   0.292018E+01   0.294529E+01  -0.725244E+01  -0.575260E+01  -0.116223E+02   0.697690E+01   0.802255E-02   0.914161E-02   0.569086E-02   0.268206E-02   0.300220E-02  -0.820621E+03
   0.306300E+02   0.173664E+01  -0.413093E+01   0.333395E+01   0.828721E+01   0.605670E+01  -0.177518E+01  -0.632133E+01  -0.348514E+01  -0.100532E+02   0.423195E+01   0.304693E-02   0.188547E-01   0.246513E-02   0.223954E-02   0.575345E-03  -0.821801E+03
   0.308376E+02   0.173664E+01  -0.508307E+01   0.304169E+01   0.637115E+01   0.440099E+01   0.155749E+01  -0.835597E+01  -0.642644E+01  -0.104404E+02   0.106647E+02   0.139057E-02   0.713777E-01   0.246513E-02   0.392382E-02   0.712962E-02  -0.827390E+03
   0.309904E+02   0.179772E+01  -0.562089E+01   0.547836E+01   0.672219E+01   0.729486E+01   0.348455E+01  -0.835597E+01  -0.465982E+01  -0.100746E+02   0.697925E+01   0.206585E-02   0.399129E-02   0.524974E-02   0.207831E-02   0.912932E-02  -0.818770E+03
   0.305298E+02   0.212370E+01  -0.503084E+01   0.411404E+01   0.699135E+01   0.604170E+01   0.461911E+01  -0.785871E+01  -0.697949E+01  -0.114728E+02   0.308087E+01   0.372861E-02   0.129904E-02   0.612704E-02   0.903293E-02   0.668087E-02  -0.820536E+03
   0.313417E+02   0.240085E+01  -0.281574E+01   0.634789E+01   0.865649E+01   0.545500E+01   0.160847E+01  -0.104733E+02  -0.475935E+01  -0.116197E+02   0.549170E+01   0.124564E-02   0.115190E-01   0.743123E-02   0.329179E-02   0.861028E-02  -0.822551E+03
   0.310260E+02   0.223799E+01  -0.281574E+01   0.566282E+01   0.664549E+01   0.646589E+01   0.293264E+01  -0.759461E+01  -0.344741E+01  -0.129664E+02   0.538330E+01   0.512127E-02   0.720571E-03   0.117053E-01   0.469973E-02   0.202989E-01  -0.822106E+03
   0.301915E+02   0.137634E+01  -0.544589E+01   0.537295E+01   0.100522E+02   0.543284E+01  -0.685836E+00  -0.548894E+01  -0.950663E+00  -0.124513E+02   0.255679E+01   0.662655E-02   0.237389E-01   0.487335E-02   0.164497E-01   0.182840E-02  -0.824608E+03
   0.317887E+02   0.146844E+00  -0.538576E+01   0.408982E+01   0.843103E+01   0.879711E+01   0.852651E-01  -0.689554E+01  -0.530632E+01  -0.130589E+02   0.170540E+01   0.714918E-02   0.160615E-01   0.218140E-01   0.337420E-02   0.492198E-02  -0.828655E+03
   0.317887E+02   0.169568E+01  -0.672102E+01   0.602513E+01   0.104992E+02   0.810230E+01   0.115049E+01  -0.614186E+01  -0.537630E+01  -0.138363E+02   0.326512E+01   0.755586E-02   0.335261E-01   0.195142E-01   0.283975E-01   0.131984E-01  -0.830847E+03
   0.305195E+02   0.204020E+01  -0.672102E+01   0.441110E+01   0.779834E+01   0.639271E+01   0.253095E+01  -0.703558E+01  -0.496483E+01  -0.119188E+02   0.404159E+01   0.635727E-02   0.410993E-02   0.378055E-02   0.585832E-02   0.500830E-01  -0.824916E+03
   0.311520E+02   0.628607E+00  -0.665712E+01   0.541065E+01   0.825208E+01   0.293857E+01   0.294118E+01  -0.474189E+01  -0.553442E+01  -0.110398E+02   0.959255E+01   0.102475E-01   0.719019E-02   0.787988E-02   0.883508E-02   0.493405E-01  -0.826980E+03
   0.316219E+02   0.485277E+00  -0.580893E+01   0.679003E+01   0.101556E+02   0.273061E+01   0.166722E+01  -0.511573E+01  -0.342278E+01  -0.100682E+02   0.321262E+01   0.570088E-02   0.168204E-01   0.191476E-02   0.336023E-02   0.214692E-01  -0.825092E+03
   0.319721E+02   0.268473E+00  -0.659607E+01   0.849631E+01   0.886886E+01   0.602887E+01   0.170647E+01  -0.665036E+01  -0.271220E+01  -0.154801E+02   0.240920E+01   0.550539E-02   0.131940E-01   0.212690E-01   0.365944E-02   0.114658E-01  -0.828671E+03
   0.319782E+02   0.223989E+01  -0.431702E+01   0.477539E+01   0.886886E+01   0.531990E+01   0.153998E+01  -0.981422E+01  -0.756612E+01  -0.129985E+02   0.159675E+01   0.253663E-02   0.136714E-01   0.338985E-01   0.141097E-01   0.193186E-01  -0.830890E+03
   0.312867E+02   0.141885E+01  -0.477069E+01   0.403148E+01   0.613422E+01   0.483252E+01   0.515321E+01  -0.902930E+01  -0.505288E+01  -0.111432E+02   0.103348E+02   0.610104E-02   0.244357E-01   0.131211E-01   0.707722E-02   0.441412E-02  -0.823671E+03
   0.309117E+02   0.947953E+00  -0.524193E+01   0.326740E+01   0.787713E+01   0.528075E+01   0.135557E+01  -0.701052E+01  -0.335668E+01  -0.162646E+02   0.545349E+01   0.825007E-02   0.689758E-01   0.784868E-02   0.964496E-02   0.347308E-03  -0.827781E+03
   0.313086E+02   0.488564E+00  -0.429859E+01   0.720803E+01   0.664482E+01   0.228505E+01   0.504783E+01  -0.639701E+01  -0.409754E+01  -0.747253E+01   0.949406E+01   0.814430E-02   0.208323E-01   0.502478E-01   0.201604E-02   0.390353E-01  -0.833363E+03
   0.312366E+02   0.412979E+00  -0.664317E+01   0.528236E+01   0.646925E+01   0.149067E+01  -0.227951E+00  -0.879443E+01  -0.516584E+01  -0.126774E+02   0.606211E+01   0.891619E-02   0.246834E-01   0.420701E-01   0.219269E-02   0.675207E-02  -0.831098E+03
   0.317403E+02   0.490541E+00  -0.472324E+01   0.672390E+01   0.616910E+01   0.526229E+01   0.322998E+01  -0.722579E+01  -0.383805E+01  -0.132860E+02   0.402040E+01   0.863441E-04   0.476705E-02   0.277487E-02   0.219269E-02   0.107244E-01  -0.821510E+03
   0.311942E+02   0.181233E+01  -0.333559E+01   0.657919E+01   0.848034E+01   0.431526E+01   0.380781E+01  -0.307707E+01  -0.399868E+01  -0.151811E+02   0.542046E+01   0.224599E-02   0.302702E-01   0.475364E-02   0.218103E-02   0.974846E-02  -0.826585E+03
   0.311828E+02  -0.275191E-01  -0.501493E+01   0.657919E+01   0.671752E+01   0.575466E+01  -0.292537E-01  -0.904005E+01  -0.138560E+01  -0.808344E+01   0.614528E+01   0.697702E-02   0.147470E-01   0.905122E-02   0.891020E-03   0.157760E-01  -0.825390E+03
   0.309611E+02  -0.275191E-01  -0.451857E+01   0.561098E+01   0.660777E+01   0.812436E+01   0.262203E+01  -0.782962E+01  -0.289473E+01  -0.138949E+02   0.351437E+01   0.390364E-02   0.635715E-02   0.132414E-01   0.955075E-02   0.115805E-01  -0.822756E+03
   0.304433E+02   0.130186E+01  -0.435310E+01   0.613679E+01   0.728780E+01   0.822703E+01   0.512182E+01  -0.119202E+02   0.533114E+00  -0.952098E+01   0.196606E+01   0.841151E-02   0.315321E-01   0.174439E-02   0.101436E-01   0.758219E-02  -0.830487E+03
   0.307159E+02   0.200424E+01  -0.435310E+01   0.552003E+01   0.713953E+01   0.836777E+01   0.207669E+01  -0.274068E+01  -0.413472E+01  -0.153814E+02   0.725239E+01   0.874562E-02   0.835648E-02   0.983570E-02   0.369566E-02   0.262708E-03  -0.824400E+03
   0.307159E+02   0.120730E+01  -0.290832E+01   0.512912E+01   0.773423E+01   0.667410E+01   0.614686E+01  -0.742734E+01  -0.298454E+01  -0.134862E+02   0.616760E+01   0.518863E-02   0.145667E-01   0.107112E-02   0.135647E-01   0.256291E-03  -0.821282E+03
   0.305729E+02   0.188025E+01  -0.489039E+01   0.475413E+01   0.893337E+01   0.730553E+01   0.436352E+01  -0.660830E+01  -0.361170E+01  -0.102728E+02   0.318518E+01   0.750853E-03   0.105151E-02   0.327301E-01   0.132116E-01   0.195879E-02  -0.822003E+03
   0.308061E+02   0.188072E+01  -0.601112E+01   0.399150E+01   0.112717E+02   0.695144E+01   0.115019E+01  -0.843895E+01   0.557759E+00  -0.124734E+02   0.293583E+01   0.422277E-02   0.682511E-02   0.373956E-02   0.643328E-02   0.195879E-02  -0.822298E+03
   0.306404E+02   0.271010E+01  -0.492462E+01   0.399150E+01   0.775458E+01   0.518346E+01  -0.213487E+00  -0.101443E+02  -0.283938E+01  -0.448520E+01   0.506879E+01   0.298030E-02   0.388172E-02   0.190543E-03   0.421481E-02   0.787837E-02  -0.824663E+03
   0.307397E+02   0.131443E+01  -0.482942E+01   0.552234E+01   0.582458E+01   0.838757E+01   0.284001E+01  -0.666806E+01  -0.445047E+01  -0.126865E+02   0.569579E+01   0.557765E-02   0.979503E-02   0.129534E-01   0.474547E-02   0.224805E-03  -0.820351E+03
   0.310773E+02   0.104755E+01  -0.522812E+01   0.552234E+01   0.642141E+01   0.649180E+01   0.347329E+01  -0.916097E+01  -0.554624E+01  -0.865028E+01   0.763434E+01   0.434824E-02   0.871815E-03   0.731601E-02   0.111999E-02   0.103930E-02  -0.818741E+03
   0.318908E+02   0.532381E+00  -0.635227E+01   0.585044E+01   0.733624E+01   0.411458E+01   0.441685E+01  -0.959214E+01  -0.253135E+01  -0.877339E+01   0.101455E+02   0.127829E-01   0.808695E-02   0.702835E-02   0.298183E-02   0.283955E-01  -0.827169E+03
   0.301936E+02   0.130616E+01  -0.417034E+01   0.718263E+01   0.674012E+01   0.636337E+01   0.147543E+01  -0.511830E+01  -0.335197E+01  -0.120959E+02   0.312621E+01   0.151939E-02   0.834906E-02   0.496855E-01   0.458525E-02   0.386971E-01  -0.828516E+03
   0.309169E+02   0.218787E+01  -0.395604E+01   0.718263E+01   0.925713E+01   0.365915E+01   0.334473E+01  -0.546037E+01  -0.288111E+01  -0.163580E+02   0.414685E+01   0.910228E-02   0.412240E-02   0.705003E-02   0.382849E-03   0.108817E-01  -0.823608E+03
   0.305737E+02   0.845769E+00  -0.395604E+01   0.488618E+01   0.546369E+01   0.923172E+01   0.446611E+01  -0.784535E+01  -0.213749E+01  -0.103245E+02   0.522997E+01   0.161448E-02   0.978956E-02   0.806369E-02   0.382849E-03   0.118768E-01  -0.822020E+03
   0.323859E+02   0.845769E+00  -0.474007E+01   0.697147E+01   0.106440E+02   0.867636E+01   0.562242E+01  -0.784535E+01  -0.483765E+01  -0.118618E+02   0.334978E+01   0.149044E-03   0.212133E-01   0.258396E-01   0.382849E-03   0.138962E-02  -0.829055E+03
   0.313707E+02   0.196424E+01  -0.449627E+01   0.265764E+01   0.103690E+02   0.606294E+01   0.864651E+00  -0.855158E+01  -0.586576E+00  -0.140951E+02   0.106376E+02   0.278234E-02   0.648116E-02   0.139282E-02   0.382849E-03   0.158212E-01  -0.824320E+03
   0.304721E+02   0.162225E+01  -0.322969E+01   0.523634E+01   0.810989E+01   0.517306E+01   0.399074E+01  -0.768962E+01  -0.951347E+00  -0.106494E+02   0.476432E+01   0.115473E-02   0.823587E-03   0.327722E-01   0.898281E-02   0.257586E-01  -0.824305E+03
   0.304721E+02   0.162225E+01  -0.322969E+01   0.344827E+01   0.810989E+01   0.488577E+01   0.136410E+01  -0.549382E+01  -0.963281E+00  -0.166391E+02   0.569007E+01   0.433469E-02   0.745869E-02   0.127783E-01   0.394561E-01   0.108197E-01  -0.828589E+03
   0.314385E+02   0.497630E+00  -0.534942E+01   0.371654E+01   0.691698E+01   0.654325E+01   0.352308E+01  -0.587166E+01  -0.744306E+01  -0.102130E+02   0.747452E+01   0.113345E-01   0.465850E-02   0.494051E-02   0.176192E-01   0.123588E-01  -0.823846E+03
   0.316904E+02   0.254816E+00  -0.534942E+01   0.371654E+01   0.782090E+01   0.378774E+01   0.467056E+01  -0.927794E+01  -0.407896E+01  -0.110375E+02   0.526195E+01   0.505817E-02   0.105390E-01   0.979192E-02   0.140782E-02   0.116276E-01  -0.823731E+03
   0.313896E+02   0.429855E-01  -0.593389E+01   0.743948E+01   0.740849E+01   0.567433E+01   0.114592E+01  -0.496806E+01  -0.159362E+01  -0.123622E+02   0.574275E+01   0.246860E-03   0.253181E-01   0.301510E-01   0.449050E-02   0.834946E-02  -0.825889E+03
   0.313483E+02   0.413561E+00  -0.332190E+01   0.743948E+01   0.627464E+01   0.235461E+01   0.104016E+01  -0.824570E+01  -0.242645E+01  -0.134827E+02   0.574275E+01   0.385957E-02   0.295539E-02   0.927382E-02   0.726275E-02   0.834946E-02  -0.823025E+03
   0.309016E+02   0.752394E-02  -0.456672E+01   0.364093E+01   0.549319E+01   0.694965E+01   0.302001E+01  -0.938557E+01  -0.162912E+01  -0.994828E+01   0.297735E+01   0.128990E-02   0.322200E-03   0.396531E-02   0.252646E-02   0.132346E-02  -0.821424E+03
   0.310876E+02  -0.392097E+00  -0.456672E+01   0.773210E+01   0.821075E+01   0.282964E+01   0.349101E+01  -0.706582E+01  -0.495528E+01  -0.956617E+01   0.183525E+01   0.196091E-02   0.197614E-02   0.443737E-01   0.334184E-02   0.169539E-01  -0.827871E+03
   0.327655E+02   0.122403E+01  -0.699113E+01   0.714624E+01   0.734522E+01   0.406714E+01   0.962706E+00  -0.945878E+01  -0.709076E+01  -0.129525E+02   0.891606E+01   0.305745E-02   0.307016E-03   0.292559E-01   0.477265E-02   0.484080E-02  -0.829405E+03
   0.304442E+02   0.722174E+00  -0.472332E+01   0.309221E+01   0.699950E+01   0.689106E+01   0.252764E+01  -0.538316E+01  -0.191525E+01  -0.111436E+02   0.881587E+01   0.409868E-02   0.258431E-02   0.115164E-01   0.309641E-02   0.113139E-01  -0.821700E+03
   0.304442E+02   0.127762E+01  -0.383054E+01   0.584489E+01   0.632000E+01   0.517838E+01   0.243374E+01  -0.620718E+01  -0.379483E+01  -0.140481E+02   0.440683E+01   0.799715E-02   0.594710E-02   0.109813E-01   0.167893E-01   0.131298E-01  -0.821936E+03
   0.313522E+02   0.127762E+01  -0.337147E+01   0.256390E+01   0.791173E+01   0.800693E+01   0.483197E+01  -0.854894E+01  -0.548073E+01  -0.110228E+02   0.560287E+01   0.283234E-02   0.121696E-01   0.182152E-01   0.530963E-02   0.529994E-02  -0.824989E+03
   0.305517E+02   0.127762E+01  -0.443752E+01   0.196884E+01   0.794093E+01   0.468184E+01   0.185038E+01  -0.103658E+02  -0.155472E+01  -0.919754E+01   0.839397E+01   0.813654E-02   0.408419E-02   0.450008E-02   0.215904E-01   0.313905E-02  -0.824274E+03
   0.306012E+02   0.151032E+01  -0.384500E+01   0.545258E+01   0.705968E+01   0.491194E+01   0.154904E+01  -0.780210E+01  -0.261406E+01  -0.117156E+02   0.630578E+01   0.376591E-03   0.291592E-01   0.255861E-01   0.147042E-01   0.112350E-02  -0.822605E+03
   0.304093E+02   0.151032E+01  -0.384500E+01   0.581315E+01   0.684895E+01   0.710641E+01   0.824507E+00  -0.780210E+01  -0.969849E+00  -0.104947E+02   0.233954E+01   0.628579E-03   0.144442E-01   0.152843E-01   0.162252E-01   0.112350E-02  -0.822339E+03
   0.304093E+02   0.255424E+01  -0.325562E+01   0.484788E+01   0.739499E+01   0.788247E+01   0.421040E+01  -0.581419E+01  -0.661520E+01  -0.142193E+02   0.266300E+01   0.549129E-02   0.355571E-02   0.122438E-01   0.568253E-02   0.678236E-02  -0.822999E+03
   0.309956E+02   0.135941E+01  -0.331213E+01   0.807216E+01   0.864676E+01   0.359795E+01   0.509887E+01  -0.530926E+01  -0.626866E+01  -0.146356E+02   0.262271E+01   0.576762E-02   0.518139E-03   0.968696E-02   0.947436E-02   0.232568E-02  -0.822809E+03
   0.302951E+02   0.119202E+01  -0.531043E+01   0.351654E+01   0.602967E+01   0.314379E+01  -0.624263E+00  -0.689673E+01  -0.442800E+01  -0.805283E+01   0.373528E+01   0.896960E-02   0.254094E-01   0.134754E-01   0.669230E-02   0.343121E-03  -0.827208E+03
   0.316486E+02  -0.129005E+00  -0.441030E+01   0.504761E+01   0.101775E+02   0.345287E+01   0.115694E+01  -0.825509E+01  -0.548103E+00  -0.109877E+02   0.441482E+01   0.102524E-01   0.323134E-02   0.629327E-02   0.278266E-01   0.445504E-02  -0.826252E+03
   0.302320E+02   0.153969E+01  -0.434027E+01   0.615160E+01   0.857375E+01   0.555284E+01   0.156299E+01  -0.559571E+01  -0.474317E-01  -0.113244E+02   0.369709E+01   0.585651E-02   0.402444E-01   0.655078E-02   0.144654E-01   0.233118E-01  -0.826772E+03
   0.309059E+02   0.129304E+01  -0.458810E+01   0.335589E+01   0.983969E+01   0.820056E+01   0.439731E+01  -0.819363E+01  -0.531036E+01  -0.113244E+02   0.387711E+01   0.182729E-02   0.435426E-02   0.159635E-01   0.601825E-04   0.529026E-02  -0.822066E+03
   0.305671E+02   0.267681E+01  -0.535932E+01   0.532678E+01   0.859359E+01   0.444404E+01   0.429514E+01  -0.691636E+01  -0.430013E+01  -0.937167E+01   0.676072E+01   0.521399E-02   0.824762E-02   0.803471E-02   0.157536E-01   0.114853E-01  -0.823579E+03
   0.313107E+02   0.119044E+01  -0.399367E+01   0.684734E+01   0.808642E+01   0.413456E+01   0.420494E+01  -0.543939E+01  -0.568883E+01  -0.922573E+01   0.328089E+01   0.136340E-01   0.559532E-02   0.371113E-02   0.162449E-01   0.775807E-02  -0.823805E+03
   0.306843E+02   0.258714E+01  -0.300840E+01   0.742104E+01   0.860761E+01   0.464560E+01   0.444087E+01  -0.536831E+01  -0.347972E+01  -0.121760E+02   0.101663E+02   0.586476E-02   0.104747E-01   0.163855E-01   0.576916E-02   0.680107E-02  -0.827507E+03
   0.311943E+02   0.118558E+01  -0.408592E+01   0.742104E+01   0.704950E+01   0.527335E+01   0.359152E+01  -0.509991E+01  -0.549345E+01  -0.995868E+01   0.314343E+01   0.453435E-02   0.154440E-02   0.160705E-01   0.620044E-02   0.180051E-01  -0.822663E+03
   0.311943E+02   0.977581E+00  -0.654066E+01   0.630963E+01   0.757412E+01   0.631504E+01   0.440583E+01  -0.638926E+01  -0.565685E+01  -0.125035E+02   0.408922E+01   0.918914E-02   0.407118E-01   0.120312E-01   0.847256E-02   0.412654E-01  -0.828582E+03
   0.311943E+02   0.117628E+01  -0.492218E+01   0.469469E+01   0.581424E+01   0.342079E+01   0.467759E+01  -0.900936E+01  -0.444886E+01  -0.110288E+02   0.896634E+01   0.359307E-03   0.273453E-01   0.238605E-01   0.628627E-03   0.133308E-02  -0.823501E+03
   0.312323E+02   0.109043E+01  -0.631404E+01   0.600268E+01   0.857588E+01   0.347206E+01   0.317090E+01  -0.481771E+01  -0.614836E+01  -0.127822E+02   0.581206E+01   0.539068E-02   0.364098E-03   0.104579E-01   0.622742E-03   0.119564E-02  -0.818719E+03
   0.314728E+02   0.385074E+00  -0.405675E+01   0.657106E+01   0.103014E+02   0.566425E+01   0.204973E+01  -0.625833E+01  -0.657019E+01  -0.123658E+02   0.277624E+01   0.441407E-02   0.845225E-02   0.917345E-03   0.183179E-01   0.164465E-01  -0.827803E+03
   0.302549E+02   0.793152E+00  -0.405675E+01   0.578378E+01   0.670579E+01   0.488475E+01   0.330232E+01  -0.719978E+01  -0.351962E+01  -0.978467E+01   0.373292E+01   0.145484E-01   0.174971E-01   0.917345E-03   0.648116E-02   0.825048E-02  -0.822219E+03
   0.309246E+02   0.336884E+01  -0.202603E+01   0.476586E+01   0.967747E+01   0.802449E+00   0.186592E+01  -0.515950E+01  -0.665923E+01  -0.150894E+02   0.636097E+01   0.147745E-01   0.607849E-02   0.786389E-02   0.120560E-01   0.179620E-01  -0.835166E+03
   0.316661E+02   0.158025E+01  -0.567388E+01   0.582690E+01   0.986590E+01   0.634076E+01  -0.158801E+01  -0.683811E+01  -0.411809E+01  -0.110955E+02   0.302882E+01   0.102797E-01   0.118314E-01   0.410527E-02   0.137599E-01   0.116235E-02  -0.823324E+03
   0.313084E+02   0.158025E+01  -0.585778E+01   0.652742E+01   0.102443E+02   0.164313E+01   0.407426E+01  -0.502526E+01  -0.539558E+01  -0.135241E+02   0.658368E+01   0.909528E-02   0.266446E-02   0.951890E-02   0.176619E-01   0.126087E-01  -0.825138E+03
   0.306129E+02   0.158025E+01  -0.585674E+01   0.417493E+01   0.704024E+01   0.556034E+01   0.108700E+01  -0.539136E+01  -0.571694E+01  -0.736054E+01   0.535601E+01   0.437904E-02   0.613330E-02   0.589706E-03   0.854918E-02   0.151191E-01  -0.821844E+03
   0.306129E+02   0.126373E+01  -0.444138E+01   0.536936E+01   0.631559E+01   0.603221E+01   0.551523E+01  -0.539136E+01  -0.701661E+01  -0.123908E+02   0.789906E+01   0.145700E-02   0.801843E-02   0.100586E-01   0.204287E-02   0.241842E-03  -0.819336E+03
   0.320118E+02   0.157578E+01  -0.768560E+01   0.314438E+01   0.966250E+01   0.954088E+01   0.226573E+01  -0.111593E+02  -0.192015E+01  -0.108519E+02   0.743044E+01   0.345234E-02   0.139707E-01   0.258905E-01   0.136219E-01   0.243636E-02  -0.829984E+03
   0.317710E+02   0.159805E+01  -0.707445E+01   0.314438E+01   0.105041E+02   0.840909E+01   0.210064E+01  -0.929876E+01  -0.374377E+01  -0.131307E+02   0.473573E+01   0.798309E-02   0.136614E-02   0.494669E-02   0.852776E-02   0.170131E-02  -0.822991E+03
   0.315536E+02   0.159805E+01  -0.538659E+01   0.343503E+01   0.724102E+01   0.624897E+01   0.408643E+01  -0.110080E+02  -0.698152E+01  -0.118651E+02   0.717503E+01   0.437711E-04   0.783235E-02   0.756489E-02   0.735584E-03   0.123195E-03  -0.819824E+03
   0.308919E+02   0.770554E+00  -0.439744E+01   0.418581E+01   0.746443E+01   0.706376E+01   0.599175E+01  -0.659047E+01  -0.620274E+01  -0.105949E+02   0.577144E+01   0.252543E-02   0.509911E-02   0.148218E-01   0.735584E-03   0.230396E-03  -0.819957E+03
   0.315131E+02   0.770884E+00  -0.498105E+01   0.555126E+01   0.103579E+02   0.474465E+01   0.330554E+01  -0.103451E+02   0.157214E+01  -0.137646E+02   0.145776E+01   0.321861E-02   0.551330E-02   0.173850E-01   0.168939E-01   0.227965E-02  -0.826833E+03
   0.310362E+02   0.976917E+00  -0.404376E+01   0.403139E+01   0.978961E+01   0.596275E+01   0.992003E+00  -0.863274E+01  -0.113202E+01  -0.104573E+02   0.415867E+01   0.643712E-02   0.316110E-02   0.317562E-01   0.879904E-03   0.174879E-01  -0.823779E+03
   0.318723E+02   0.134037E+01  -0.502079E+01   0.464929E+01   0.707135E+01   0.571466E+01   0.234018E+01  -0.110178E+02  -0.234491E+01  -0.677226E+01   0.795153E+01   0.495734E-02   0.198922E-01   0.537878E-02   0.123247E-01   0.743313E-02  -0.825453E+03
   0.309428E+02   0.196923E+01  -0.505876E+01   0.489790E+01   0.541994E+01   0.376234E+01   0.263598E+01  -0.764003E+01  -0.784114E+01  -0.860078E+01   0.738897E+01   0.492452E-03   0.203600E-02   0.251459E-01   0.428904E-02   0.804145E-02  -0.823012E+03
   0.315181E+02   0.156392E+01  -0.523046E+01   0.420521E+01   0.770695E+01   0.563001E+01   0.250065E+01  -0.826831E+01  -0.621327E+01  -0.848506E+01   0.586866E+01   0.405233E-02   0.279287E-01   0.172735E-01   0.183944E-02   0.943823E-02  -0.823119E+03
   0.307477E+02   0.207870E+01  -0.523046E+01   0.775684E+01   0.743054E+01   0.424717E+01   0.434038E+01  -0.826831E+01  -0.996537E+01  -0.111982E+02   0.206122E+01   0.727203E-02   0.970978E-02   0.276137E-01   0.435153E-02   0.124374E-02  -0.829333E+03
   0.306947E+02   0.285630E+01  -0.442069E+01   0.822207E+01   0.690328E+01   0.480433E+01   0.154464E+01  -0.593060E+01  -0.101580E+02  -0.102998E+02   0.375492E+01   0.457261E-03   0.319881E-02   0.411947E-02   0.916629E-02   0.119899E-01  -0.827229E+03
   0.310656E+02   0.294722E+00  -0.444936E+01   0.602039E+01   0.773845E+01   0.765610E+01   0.276685E+01  -0.838640E+01  -0.401892E+00  -0.121480E+02   0.230548E+01   0.568720E-02   0.319881E-02   0.161485E-01   0.522298E-01   0.685115E-02  -0.826169E+03
   0.305342E+02   0.294722E+00  -0.361438E+01   0.717974E+01   0.673395E+01   0.353585E+01   0.234458E+01  -0.879094E+01  -0.266910E+01  -0.957845E+01   0.120502E+01   0.434362E-02   0.196593E-01   0.775200E-02   0.284706E-01   0.207833E-02  -0.825345E+03
   0.309610E+02   0.578526E+00  -0.381117E+01   0.500785E+01   0.713959E+01   0.197960E+01   0.594775E+01  -0.949216E+01  -0.516802E+01  -0.964867E+01   0.396998E+01   0.580236E-03   0.220235E-02   0.218139E-01   0.181578E-01   0.136787E-02  -0.824795E+03
   0.304873E+02   0.168037E+01  -0.364146E+01   0.219658E+01   0.625052E+01   0.696966E+01   0.228217E+01  -0.949216E+01  -0.554246E+01  -0.145989E+02   0.646430E+01   0.721516E-02   0.220235E-02   0.415869E-02   0.727278E-01   0.738186E-03  -0.828531E+03
   0.306364E+02   0.139353E+01  -0.467360E+01   0.650096E+01   0.622639E+01   0.715505E+01   0.604697E+01  -0.335401E+01  -0.679624E+01  -0.155928E+02   0.282422E+01   0.766030E-02   0.640004E-02   0.207990E-01   0.257256E-02   0.673871E-02  -0.827723E+03
   0.310303E+02   0.220441E+01  -0.474857E+01   0.325289E+01   0.807142E+01   0.784471E+01   0.373610E+01  -0.119584E+02  -0.614895E+01  -0.828607E+01   0.208313E+01   0.885145E-02   0.447189E-02   0.277827E-03   0.795760E-02   0.310179E-02  -0.823345E+03
   0.311316E+02   0.122138E+01  -0.483063E+01   0.444961E+01   0.807142E+01   0.373410E+01   0.229983E+01  -0.115236E+02  -0.451502E+01  -0.104860E+02   0.286696E+01   0.739776E-02   0.910829E-02   0.306319E-01   0.119424E-01   0.270335E-01  -0.826997E+03
   0.310110E+02   0.932075E+00  -0.492488E+01   0.419957E+01   0.875244E+01   0.676411E+01   0.452045E+01  -0.126411E+01  -0.453015E+01  -0.126901E+02   0.110724E+02   0.597638E-02   0.144163E-01   0.143454E-01   0.818692E-02   0.116659E-01  -0.828786E+03
   0.306320E+02   0.932075E+00  -0.492488E+01   0.489877E+01   0.642166E+01   0.581113E+01   0.460033E+01  -0.345066E+01  -0.396255E+01  -0.944415E+01   0.856517E+01   0.666874E-02   0.610172E-02   0.359254E-01   0.127126E-01   0.327480E-02  -0.826182E+03
   0.306320E+02  -0.326458E+00  -0.546264E+01   0.730571E+01   0.719201E+01   0.319432E+01   0.333622E+01  -0.751008E+01  -0.142360E+01  -0.136317E+02   0.273396E+00   0.447026E-02   0.453211E-03   0.259859E-01   0.229695E-01   0.929146E-02  -0.827873E+03
   0.311072E+02   0.484375E+00  -0.459664E+01   0.494848E+01   0.719201E+01   0.405859E+01   0.498651E+01  -0.756723E+01  -0.200594E+01  -0.126011E+02   0.646868E+01   0.127518E-01   0.843667E-02   0.356153E-02   0.177744E-01   0.129353E-01  -0.823342E+03
   0.308107E+02   0.113876E+01  -0.456216E+01   0.574560E+01   0.697730E+01   0.685295E+01   0.447803E+01  -0.740199E+01  -0.597318E+01  -0.965446E+01   0.267874E+01   0.107857E-02   0.103787E-01   0.135365E-02   0.313869E-02   0.335073E-01  -0.821433E+03
   0.303582E+02   0.205598E+01  -0.354222E+01   0.327289E+01   0.615882E+01   0.547978E+01   0.251868E+01  -0.939019E+01  -0.658633E+01  -0.100346E+02   0.594818E+01   0.645369E-02   0.953533E-03   0.135365E-02   0.119669E-01   0.111530E-01  -0.821708E+03
   0.305636E+02   0.101525E+01  -0.328961E+01   0.540392E+01   0.775005E+01   0.525188E+00   0.220030E+01  -0.854551E+01  -0.758557E+01  -0.864723E+01   0.514169E+01   0.384785E-02   0.197328E-03   0.287415E-01   0.531912E-02   0.371002E-02  -0.828828E+03
   0.311683E+02   0.116017E+01  -0.524086E+01   0.414714E+01   0.743671E+01   0.678238E+01   0.822836E+00  -0.943397E+01  -0.195429E+01  -0.949321E+01   0.577401E+01   0.516529E-02   0.527190E-02   0.180915E-02   0.538036E-02   0.302312E-02  -0.818272E+03
   0.312981E+02   0.297584E+01  -0.295317E+01   0.562721E+01   0.947465E+01   0.832869E+01   0.248684E+00  -0.779810E+01  -0.543276E+01  -0.979213E+01   0.350845E+01   0.412209E-02   0.197195E-01   0.218543E-01   0.710713E-02   0.776584E-02  -0.826648E+03
   0.306363E+02   0.155108E+01  -0.371173E+01   0.580226E+01   0.546489E+01   0.561507E+01   0.661856E+00  -0.779810E+01  -0.462904E+01  -0.143892E+02   0.635092E+01   0.170206E-02   0.627009E-02   0.820751E-02   0.211916E-02   0.561116E-01  -0.825655E+03
   0.306490E+02   0.249325E+01  -0.478600E+01   0.577648E+01   0.733726E+01   0.705258E+01   0.167870E+01  -0.721290E+01  -0.548533E+01  -0.112440E+02   0.617121E+01   0.515248E-02   0.519218E-02   0.887217E-02   0.366265E-02   0.308821E-01  -0.822150E+03
   0.305562E+02   0.209403E+01  -0.495579E+01   0.395456E+01   0.860040E+01   0.691486E+01   0.684508E+01  -0.722000E+01  -0.873422E+01  -0.136240E+02   0.258714E+01   0.375230E-03   0.539728E-02   0.751453E-02   0.310295E-02   0.545238E-02  -0.824409E+03
   0.307001E+02   0.181679E+01  -0.402317E+01   0.445173E+01   0.839078E+01   0.810737E+01   0.272758E+01  -0.902402E+01  -0.246998E+01  -0.152594E+02   0.608730E+01   0.385118E-02   0.328461E-02   0.618589E-02   0.289846E-02   0.212983E-01  -0.822370E+03
   0.302760E+02   0.100352E+01  -0.559755E+01   0.379663E+01   0.906506E+01   0.438730E+01   0.248472E+01  -0.533989E+01  -0.425474E+00  -0.913578E+01   0.566817E+01   0.332257E-02   0.328461E-02   0.698861E-03   0.110506E-01   0.147308E-02  -0.821153E+03
   0.308418E+02  -0.417250E+00  -0.501633E+01   0.830419E+01   0.556376E+01   0.557158E+01   0.329067E+01  -0.479487E+01  -0.461694E+01  -0.932445E+01   0.191197E+01   0.146752E-01   0.181557E-01   0.151261E-01   0.809263E-02   0.147308E-02  -0.827756E+03
   0.308418E+02  -0.801953E-01  -0.480457E+01   0.592468E+01   0.748285E+01   0.319796E+01   0.487930E+01  -0.419576E+01  -0.590866E+01  -0.132877E+02   0.836980E+01   0.941969E-02   0.697029E-02   0.364311E-01   0.169127E-01   0.345259E-02  -0.826804E+03
   0.310512E+02   0.150782E+01  -0.480457E+01   0.519790E+01   0.111381E+02   0.700743E+01   0.325420E+01  -0.637357E+01  -0.164447E+01  -0.908339E+01   0.342756E+01   0.104285E-01   0.139687E-01   0.678638E-02   0.212752E-01   0.212391E-02  -0.824908E+03
   0.308827E+02   0.181883E+01  -0.480457E+01   0.651816E+01   0.558142E+01   0.503254E+01   0.238866E+01  -0.103669E+02  -0.276771E+01  -0.847844E+01   0.310479E+01   0.603408E-02   0.179059E-01   0.532912E-03   0.974353E-02   0.134014E-01  -0.823972E+03
   0.314369E+02   0.137524E+01  -0.495475E+01   0.599615E+01   0.889608E+01   0.685523E+01   0.307329E+01  -0.811363E+01  -0.696568E+01  -0.118662E+02   0.261636E+01   0.847547E-02   0.971232E-02   0.178496E-02   0.573995E-02   0.199363E-02  -0.820489E+03
   0.304444E+02   0.143681E+01  -0.374953E+01   0.437465E+01   0.750044E+01   0.555846E+01   0.406578E+01  -0.560697E+01  -0.356248E+01  -0.115971E+02   0.793937E+01   0.555445E-02   0.618323E-02   0.500919E-02   0.223956E-02   0.972647E-03  -0.818374E+03
   0.304444E+02   0.122941E+01  -0.432386E+01   0.522405E+01   0.771590E+01   0.601523E+01   0.498991E+01  -0.572032E+01  -0.443401E+01  -0.123208E+02   0.576456E+01   0.897446E-03   0.108204E-02   0.721243E-02   0.142053E-01   0.845115E-02  -0.819017E+03
   0.304444E+02   0.122941E+01  -0.508841E+01   0.378748E+01   0.688726E+01   0.581348E+01  -0.493885E+00  -0.596085E+01  -0.485179E+01  -0.100119E+02   0.406448E+01   0.847674E-02   0.820631E-03   0.721243E-02   0.266965E-02   0.536771E-02  -0.820320E+03
   0.310344E+02   0.223037E+01  -0.646424E+01   0.509551E+01   0.817655E+01   0.577698E+01   0.157484E+01  -0.778810E+01  -0.594807E+01  -0.993776E+01   0.759232E+01   0.257684E-03   0.949110E-04   0.140399E-01   0.652349E-02   0.626872E-02  -0.820173E+03
   0.310344E+02   0.191817E+01  -0.572949E+01   0.509551E+01   0.887914E+01   0.284102E+01   0.183660E+01  -0.107547E+02  -0.101850E+01  -0.696490E+01   0.417410E+01   0.100326E-01   0.797396E-02   0.775237E-02   0.898372E-02   0.105735E-01  -0.825861E+03
   0.314870E+02   0.214077E+01  -0.497993E+01   0.509551E+01   0.829360E+01   0.905145E+01   0.339001E+01  -0.933420E+01  -0.581111E+01  -0.103619E+02   0.616429E+01   0.122135E-02   0.259029E-02   0.661282E-02   0.197264E-01   0.192643E-01  -0.822914E+03
   0.314596E+02   0.186022E+01  -0.442484E+01   0.312283E+01   0.827775E+01   0.715183E+01   0.159150E+01  -0.895918E+01  -0.324654E+01  -0.102681E+02   0.582605E+01   0.597501E-02   0.769272E-02   0.293010E-02   0.211312E-01   0.297336E-02  -0.822255E+03
   0.299326E+02   0.186022E+01  -0.673907E+01   0.422900E+01   0.881586E+01   0.397125E+01  -0.951690E+00  -0.626924E+01  -0.114067E+01  -0.124971E+02   0.797943E+00   0.513283E-02   0.125121E-01   0.314165E-02   0.218520E-01   0.143068E-02  -0.828973E+03
   0.307458E+02   0.172873E+01  -0.591888E+01   0.392247E+01   0.893640E+01   0.794811E+01  -0.142582E+01  -0.673155E+01  -0.282763E+01  -0.151949E+02   0.517948E+01   0.502611E-02   0.314443E-02   0.362362E-02   0.283829E-01   0.529099E-02  -0.824173E+03
   0.305018E+02   0.167852E+01  -0.380040E+01   0.699387E+01   0.873249E+01   0.468514E+01   0.204294E+01  -0.708857E+01  -0.581650E+01  -0.120886E+02   0.155219E+00   0.740363E-02   0.673738E-02   0.362362E-02   0.135758E-01   0.754188E-02  -0.823453E+03
   0.310306E+02   0.132647E+01  -0.248740E+01   0.731880E+01   0.741557E+01   0.578579E+01   0.163495E+01  -0.973517E+01  -0.293744E+01  -0.104876E+02   0.568800E+01   0.409204E-02   0.249883E-01   0.105501E-01   0.137458E-01   0.483579E-02  -0.826050E+03
   0.305359E+02   0.169478E+01  -0.450203E+01   0.497360E+01   0.919771E+01   0.374827E+01   0.217339E+01  -0.566572E+01  -0.579884E+01  -0.155751E+02   0.566552E+01   0.315720E-03   0.692710E-02   0.250233E-01   0.646522E-02   0.259162E-02  -0.821561E+03
   0.319066E+02   0.129041E+01  -0.638990E+01   0.449985E+01   0.700779E+01   0.369682E+01   0.450056E+01  -0.106992E+02  -0.697032E+01  -0.114111E+02   0.590029E+01   0.313158E-02   0.692710E-02   0.204832E-01   0.132259E-01   0.137884E-02  -0.824820E+03
   0.307420E+02   0.640159E+00  -0.467706E+01   0.643664E+01   0.505083E+01   0.500303E+01   0.289710E+01  -0.824252E+01  -0.315787E+01  -0.103770E+02   0.707942E+01   0.141625E-01   0.872352E-02   0.123472E-01   0.619882E-02   0.175009E-01  -0.823761E+03
   0.308564E+02   0.176673E+00  -0.557138E+01   0.445232E+01   0.667083E+01   0.514385E+01   0.441324E+01  -0.672284E+01  -0.514105E+01  -0.104805E+02   0.694151E+01   0.163556E-02   0.158814E-01   0.223981E-01   0.164312E-01   0.536678E-02  -0.822645E+03
   0.316929E+02   0.268677E+00  -0.627260E+01   0.339072E+01   0.740581E+01   0.652456E+01  -0.878307E+00  -0.851480E+01  -0.420259E+01  -0.953808E+01   0.729956E+01   0.800015E-02   0.107890E-01   0.455539E-01   0.804863E-02   0.114304E-01  -0.828955E+03
   0.313915E+02   0.550421E+00  -0.723720E+01   0.433262E+01   0.784056E+01   0.625056E+01   0.257432E+01  -0.106513E+02  -0.165277E+01  -0.758984E+01   0.681323E+01   0.224319E-05   0.347729E-02   0.875378E-02   0.138418E-01   0.101840E-01  -0.823577E+03
   0.309667E+02   0.693600E+00  -0.367579E+01   0.402740E+01   0.592093E+01   0.732609E+01   0.525676E+01  -0.107707E+02  -0.437291E+01  -0.133884E+02   0.558164E+01   0.303853E-02   0.261518E-01   0.607098E-02   0.110120E-01   0.997228E-02  -0.823816E+03
   0.304959E+02   0.693600E+00  -0.506183E+01   0.607890E+01   0.774172E+01   0.723565E+01   0.984626E+00  -0.448646E+01  -0.332195E+01  -0.116351E+02   0.449208E+01   0.805560E-02   0.516294E-02   0.196940E-01   0.137775E-03   0.144480E-01  -0.822660E+03
   0.314700E+02   0.104281E+01  -0.350197E+01   0.469011E+01   0.700639E+01   0.620160E+01   0.395528E+01  -0.877153E+01  -0.220620E+01  -0.106475E+02   0.585722E+01   0.641904E-02   0.115595E-01   0.470147E-01   0.130257E-02   0.139613E-01  -0.826453E+03
   0.302877E+02   0.240668E+01  -0.291651E+01   0.720771E+01   0.706347E+01   0.704511E+01   0.323909E+01  -0.290435E+01  -0.701524E+01  -0.887936E+01   0.307173E+01   0.675719E-02   0.259311E-02   0.243452E-01   0.156310E-01   0.596798E-02  -0.828609E+03
   0.304925E+02   0.162546E+01  -0.601257E+01   0.313581E+01   0.706347E+01   0.602074E+01   0.128829E+01  -0.749546E+01  -0.572955E+01  -0.761106E+01   0.276612E+01   0.539622E-02   0.592331E-02   0.200919E-01   0.194365E-02   0.101517E-02  -0.823230E+03
   0.312214E+02  -0.672375E+00  -0.599713E+01   0.536946E+01   0.797764E+01   0.362687E+01   0.156836E+01  -0.686590E+01   0.711833E+00  -0.984429E+01   0.450690E+01   0.631930E-02   0.210743E-01   0.527776E-02   0.286657E-03   0.303120E-01  -0.826985E+03
   0.319393E+02  -0.492521E+00  -0.516431E+01   0.536946E+01   0.792022E+01   0.390915E+01   0.319032E+01  -0.801409E+01  -0.366752E+01  -0.119997E+02   0.613700E+01   0.126603E-01   0.167139E-01   0.195278E-01   0.103129E-01   0.115331E-02  -0.825655E+03
   0.304156E+02   0.193432E+01  -0.381787E+01   0.407037E+01   0.775334E+01   0.455781E+01   0.734293E+00  -0.497231E+01  -0.536217E+01  -0.114267E+02   0.101092E+02   0.829372E-02   0.343709E-02   0.195701E-01   0.543928E-02   0.663745E-02  -0.823260E+03
   0.304904E+02   0.444348E+00  -0.379375E+01   0.255916E+01   0.775334E+01   0.808467E+01   0.223817E+01  -0.510634E+01  -0.462024E+01  -0.122771E+02   0.531236E+01   0.146876E-01   0.141771E-02   0.736822E-02   0.439923E-02   0.350328E-03  -0.824409E+03
   0.309826E+02   0.765466E+00  -0.597749E+01   0.416970E+01   0.666478E+01   0.708248E+01   0.205014E+01  -0.456569E+01  -0.666663E+01  -0.136894E+02   0.837454E+01   0.255939E-02   0.358722E-02   0.433096E-02   0.553515E-02   0.350328E-03  -0.819762E+03
   0.303294E+02   0.134220E+01  -0.539392E+01   0.473475E+01   0.663552E+01   0.447763E+01   0.284516E+01  -0.730537E+01  -0.469012E+01  -0.106988E+02   0.691864E+01   0.236221E-02   0.484870E-02   0.412864E-03   0.293268E-02   0.926895E-03  -0.816989E+03
   0.303005E+02   0.267832E+01  -0.604620E+01   0.385136E+01   0.823412E+01   0.773174E+01  -0.233729E+01  -0.785043E+01  -0.273271E+01  -0.978800E+01   0.217966E+01   0.124021E-02   0.527807E-02   0.115616E-01   0.476529E-02   0.998953E-02  -0.825418E+03
   0.303005E+02   0.267832E+01  -0.488245E+01   0.484089E+01   0.771685E+01   0.475713E+01   0.537829E+01  -0.842712E+01  -0.727832E+01  -0.984074E+01   0.504172E+01   0.616427E-02   0.380019E-02   0.189716E-01   0.327608E-02   0.479160E-02  -0.823389E+03
   0.312107E+02   0.298242E+00  -0.440143E+01   0.406924E+01   0.813400E+01   0.543519E+01   0.512233E+01  -0.766101E+01  -0.390256E+01  -0.987033E+01   0.686023E+01   0.790222E-02   0.340305E-02   0.159563E-01   0.315746E-02   0.173500E-02  -0.820940E+03
   0.304690E+02   0.298242E+00  -0.576238E+01   0.406924E+01   0.615461E+01   0.644397E+01   0.512233E+01  -0.104578E+02  -0.313424E+01  -0.109122E+02   0.304451E+01   0.747655E-02   0.135636E-01   0.105172E-01   0.210921E-01   0.828073E-02  -0.825390E+03
   0.306688E+02   0.780824E+00  -0.520272E+01   0.771803E+01   0.516312E+01   0.234616E+01   0.104794E+01  -0.833132E+01  -0.313424E+01  -0.775629E+01   0.310538E+01   0.436986E-02   0.200835E-01   0.540281E-02   0.510598E-03   0.671488E-02  -0.824579E+03
   0.311208E+02   0.868476E+00  -0.227297E+01   0.775836E+01   0.562414E+01   0.580990E+01   0.307409E+01  -0.572916E+01  -0.412093E+01  -0.157955E+02   0.586605E+01   0.216759E-02   0.138483E-01   0.509810E-02   0.207341E-01   0.103775E-01  -0.825807E+03
   0.311972E+02   0.179327E+01  -0.392003E+01   0.711386E+01   0.556997E+01   0.580990E+01   0.336701E+01  -0.921822E+01  -0.465209E+01  -0.111775E+02   0.434456E+01   0.216759E-02   0.203519E-01   0.186919E-01   0.879510E-03   0.208855E-02  -0.821792E+03
   0.302090E+02   0.179327E+01  -0.238001E+01   0.565120E+01   0.725736E+01   0.216734E+01   0.334727E+01  -0.855864E+01  -0.552410E+01  -0.107705E+02   0.258471E+01   0.352717E-02   0.230580E-01   0.779151E-02   0.115645E-01   0.129980E-01  -0.826886E+03
   0.311499E+02   0.200722E+01  -0.587359E+01   0.657536E+01   0.804165E+01   0.708586E+01   0.333717E+01  -0.157659E+01  -0.671005E+01  -0.103425E+02   0.970391E+01   0.512320E-02   0.407270E-02   0.152995E-01   0.122566E-01   0.732171E-02  -0.827221E+03
   0.308867E+02   0.200722E+01  -0.571461E+01   0.409300E+01   0.106089E+02   0.431866E+01   0.134822E+01  -0.589746E+01  -0.511761E+01  -0.146268E+02   0.625087E+01   0.197808E-02   0.407270E-02   0.422297E-01   0.147837E-01   0.277084E-01  -0.826530E+03
   0.311895E+02   0.778860E+00  -0.635115E+01   0.372944E+01   0.729065E+01   0.503192E+01   0.435575E+01  -0.802596E+01  -0.382134E+01  -0.121983E+02   0.714695E+01   0.221250E-02   0.631278E-03   0.554317E-01   0.262429E-02   0.185246E-02  -0.823158E+03
   0.314285E+02   0.721929E+00  -0.515342E+01   0.473221E+01   0.729065E+01   0.794287E+01   0.247075E+01  -0.735228E+01  -0.419179E+01  -0.927394E+01   0.112041E+02   0.377136E-02   0.631278E-03   0.383184E-03   0.387633E-02   0.440296E-03  -0.822081E+03
   0.317320E+02   0.131325E+01  -0.443103E+01   0.591078E+01   0.107024E+02   0.360189E+01   0.349016E+01  -0.885407E+01  -0.367000E+01  -0.135047E+02   0.353277E+01   0.646299E-02   0.132566E-01   0.969442E-02   0.272254E-01   0.126800E-01  -0.825743E+03
   0.308437E+02   0.137797E+01  -0.440368E+01   0.591078E+01   0.664539E+01   0.361228E+01   0.417952E+01  -0.733477E+01  -0.455499E+01  -0.810608E+01   0.687217E+01   0.215375E-02   0.545979E-02   0.121261E-01   0.124535E-01   0.335452E-02  -0.820571E+03
   0.310538E+02   0.155710E+01  -0.431528E+01   0.546349E+01   0.697085E+01   0.426108E+01   0.179119E+01  -0.110256E+02  -0.670899E+01  -0.111528E+02   0.414948E+01   0.655628E-02   0.116714E-01   0.539313E-02   0.182175E-01   0.208571E-01  -0.825091E+03
   0.307859E+02   0.155710E+01  -0.431528E+01   0.242724E+01   0.812817E+01   0.550745E+01   0.211834E+01  -0.759550E+01  -0.160767E+01  -0.126243E+02   0.657445E+01   0.411063E-02   0.283391E-02   0.163098E-01   0.959788E-02   0.785582E-02  -0.822462E+03
   0.309622E+02   0.155710E+01  -0.558950E+01   0.385640E+01   0.911737E+01   0.444489E+01   0.376377E+01  -0.733874E+01  -0.312868E+01  -0.988428E+01   0.118227E+02   0.591475E-02   0.112358E-01   0.228760E-01   0.431871E-02   0.275248E-01  -0.827098E+03
   0.311591E+02   0.165139E+01  -0.383041E+01   0.621495E+01   0.102744E+02   0.360767E+01   0.259419E+01  -0.526170E+01  -0.153423E+01  -0.122626E+02   0.647705E+01   0.105243E-01   0.295305E-02   0.111636E-03   0.459928E-02   0.143338E-02  -0.820679E+03
   0.311591E+02   0.135236E+01  -0.483498E+01   0.308721E+01   0.114336E+02   0.693185E+01  -0.422177E+00  -0.713155E+01  -0.211452E+01  -0.128553E+02   0.476110E+01   0.221652E-02   0.371289E-01   0.175943E-02   0.536014E-02   0.112367E-01  -0.825736E+03
   0.305009E+02   0.111234E+01  -0.551658E+01   0.521557E+01   0.969370E+01   0.503476E+01  -0.749861E+00  -0.603142E+01  -0.206945E+01  -0.133065E+02   0.443508E+01   0.180752E-02   0.204704E-01   0.143758E-01   0.182953E-01   0.478811E-02  -0.823955E+03
   0.312795E+02   0.135400E+01  -0.493857E+01   0.338810E+01   0.932506E+01   0.478489E+01  -0.818046E+00  -0.498535E+01  -0.715452E+01  -0.109519E+02   0.623503E+01   0.481875E-02   0.252648E-02   0.153595E-01   0.326315E-01   0.176706E-01  -0.827617E+03
   0.306147E+02   0.135400E+01  -0.504702E+01   0.459274E+01   0.647591E+01   0.262216E+01   0.233401E+01  -0.498535E+01  -0.658611E+01  -0.963064E+01   0.574962E+01   0.880634E-02   0.858672E-02   0.384983E-01   0.739723E-02   0.630870E-02  -0.826118E+03
   0.306994E+02   0.191526E+00  -0.504702E+01   0.552819E+01   0.627873E+01   0.249310E+01   0.255944E+01  -0.785176E+01  -0.206662E+01  -0.110009E+02   0.829583E+01   0.195669E-02   0.734551E-02   0.504119E-02   0.210191E-01   0.110865E-01  -0.822628E+03
   0.307136E+02  -0.460234E+00  -0.624926E+01   0.436714E+01   0.756745E+01   0.523645E+01   0.436652E+01  -0.811544E+01  -0.256969E+01  -0.100200E+02   0.507853E+01   0.221480E-02   0.910454E-02   0.764296E-02   0.321982E-02   0.226397E-02  -0.820908E+03
   0.307136E+02  -0.454737E+00  -0.461376E+01   0.449044E+01   0.755653E+01   0.557177E+01   0.501515E+01  -0.668728E+01  -0.300489E+01  -0.100467E+02   0.291277E+01   0.227491E-02   0.429126E-02   0.987379E-02   0.987009E-03   0.654682E-02  -0.821785E+03
   0.308002E+02  -0.775527E+00  -0.368757E+01   0.711358E+01   0.639843E+01   0.522854E+01   0.255812E+01  -0.791314E+01  -0.227525E+01  -0.846236E+01   0.134327E+01   0.223813E-02   0.963304E-02   0.549962E-02   0.351644E-02   0.130863E-01  -0.825006E+03
   0.308693E+02   0.236786E+01  -0.389193E+01   0.661242E+01   0.984091E+01   0.457535E+01   0.171588E+01  -0.786072E+01  -0.502314E+01  -0.117551E+02   0.589821E+01   0.502197E-02   0.423905E-02   0.317317E-02   0.149529E-02   0.127766E-01  -0.821399E+03
   0.314161E+02   0.252749E+01  -0.534799E+01   0.488809E+01   0.106027E+02   0.461606E+01   0.640863E+01  -0.786072E+01  -0.782953E+01  -0.116067E+02   0.542377E+01   0.546012E-02   0.160496E-01   0.563712E-02   0.149529E-02   0.305858E-02  -0.823773E+03
   0.318353E+02   0.207627E+01  -0.516213E+01   0.488809E+01   0.771596E+01   0.647959E+01   0.139322E+01  -0.699015E+01  -0.444940E+01  -0.112791E+02   0.919234E+01   0.276994E-02   0.241461E-02   0.623126E-02   0.114788E-02   0.236893E-01  -0.822070E+03
   0.321685E+02   0.119241E+01  -0.599112E+01   0.531854E+01   0.576313E+01   0.434272E+01   0.621809E+01  -0.105020E+02  -0.109364E+02  -0.123518E+02   0.102278E+02   0.344359E-02   0.107478E-01   0.623126E-02   0.313472E-01   0.835012E-02  -0.831143E+03
   0.318444E+02   0.119241E+01  -0.583859E+01   0.760185E+01   0.576313E+01   0.508963E+01   0.231620E+01  -0.679412E+01  -0.736856E+01  -0.706346E+01   0.736838E+01   0.963513E-02   0.866959E-02   0.651846E-03   0.271884E-03   0.487780E-02  -0.823380E+03
   0.309770E+02   0.163164E+01  -0.501315E+01   0.454980E+01   0.790363E+01   0.518283E+01  -0.722052E+00  -0.803639E+01  -0.437911E+01  -0.122765E+02   0.739789E+01   0.929965E-02   0.657715E-02   0.198828E-01   0.355816E-02   0.128408E-01  -0.822058E+03
   0.309770E+02   0.163164E+01  -0.501315E+01   0.412568E+01   0.876498E+01   0.451686E+01   0.427183E+01  -0.950067E+01  -0.343161E+01  -0.123859E+02   0.764794E+01   0.341885E-02   0.395511E-02   0.198145E-02   0.233748E-02   0.300038E-01  -0.820634E+03
   0.310179E+02   0.890411E+00  -0.590354E+01   0.515183E+01   0.655383E+01   0.611240E+01   0.319149E+01  -0.522518E+01  -0.690923E+01  -0.865375E+01   0.106006E+02   0.783051E-03   0.586729E-03   0.193793E-03   0.149821E-02   0.136369E-02  -0.820236E+03
   0.312821E+02   0.335372E+00  -0.542117E+01   0.574367E+01   0.786894E+01   0.620408E+01   0.141569E+00  -0.209884E+01  -0.566067E+01  -0.149833E+02   0.914990E+01   0.419445E-02   0.737821E-02   0.117685E-01   0.774376E-02   0.399159E-02  -0.825154E+03
   0.312821E+02   0.181472E+01  -0.323303E+01   0.636504E+01   0.871376E+01   0.305241E+01   0.170726E+01  -0.556765E+01  -0.559970E+01  -0.138305E+02   0.849651E+01   0.134151E-02   0.335360E-02   0.225044E-02   0.159173E-02   0.444043E-05  -0.819547E+03
   0.302498E+02   0.212648E+01  -0.459181E+01   0.719314E+01   0.871376E+01   0.495775E+01   0.758271E+00  -0.726098E+01   0.220650E+00  -0.116688E+02   0.545260E+00   0.412198E-03   0.110262E-01   0.185653E-02   0.275028E-02   0.444043E-05  -0.823315E+03
   0.310837E+02   0.231672E+01  -0.379565E+01   0.520345E+01   0.105595E+02   0.463996E+01   0.135785E+01  -0.105945E+02  -0.275234E+01  -0.148630E+02   0.375975E+01   0.427659E-03   0.944818E-02   0.716501E-02   0.567372E-02   0.417800E-02  -0.822654E+03
   0.305299E+02   0.216903E+01  -0.362264E+01   0.505337E+01   0.803544E+01   0.476165E+01   0.122085E+01  -0.968846E+01  -0.551108E+00  -0.929179E+01   0.642227E+01   0.363872E-02   0.113589E-01   0.340622E-01   0.185891E-01   0.113476E-01  -0.826471E+03
   0.308764E+02   0.216903E+01  -0.362264E+01   0.505337E+01   0.904195E+01   0.594916E+01   0.264282E+01  -0.918529E+01  -0.316880E+01  -0.123067E+02   0.779541E+01   0.268944E-02   0.316478E-01   0.199144E-02   0.808729E-03   0.174665E-01  -0.822959E+03
   0.306528E+02   0.894932E+00  -0.362264E+01   0.568606E+01   0.788374E+01   0.631082E+01   0.696327E+01  -0.605040E+01  -0.276997E+01  -0.126836E+02   0.659321E+01   0.513852E-02   0.234143E-01   0.785666E-03   0.128212E-01   0.428616E-02  -0.823181E+03
   0.306528E+02   0.686416E+00  -0.480783E+01   0.555494E+01   0.649411E+01   0.638070E+01   0.286646E+01  -0.761316E+01  -0.131060E+01  -0.118639E+02   0.638876E+01   0.333502E-02   0.817833E-02   0.137807E-01   0.155004E-01   0.230119E-01  -0.822475E+03
   0.307081E+02  -0.164604E+00  -0.533310E+01   0.547727E+01   0.756885E+01   0.561081E+01   0.196664E+01  -0.836957E+01  -0.285260E+01  -0.125195E+02   0.406653E+01   0.118180E-02   0.178352E-02   0.108810E-01   0.153745E-03   0.261188E-02  -0.820061E+03
   0.308056E+02   0.944609E+00  -0.411240E+01   0.488416E+01   0.924947E+01   0.563786E+01   0.578335E+00  -0.738376E+01  -0.547132E+00  -0.137867E+02   0.953377E+01   0.107649E-02   0.148529E-01   0.836665E-02   0.362791E-02   0.158464E-01  -0.825343E+03
   0.319454E+02   0.687551E+00  -0.411240E+01   0.279047E+01   0.980435E+01   0.842263E+01   0.223789E+01  -0.932764E+01  -0.366667E+00  -0.125180E+02   0.405498E+01   0.634054E-04   0.288433E-01   0.297669E-02   0.264319E-02   0.104825E-01  -0.828999E+03
   0.311645E+02   0.104924E+01  -0.411240E+01   0.540973E+01   0.585809E+01   0.642817E+01   0.341329E+01  -0.123136E+02  -0.228649E+01  -0.131450E+02   0.440396E+01   0.461045E-02   0.519171E-03   0.123343E-01   0.111779E-01   0.229439E-01  -0.824345E+03
   0.311247E+02   0.988774E+00  -0.297839E+01   0.698492E+01   0.611061E+01   0.823310E+01   0.206736E+01  -0.891889E+01  -0.360843E+01  -0.108020E+02   0.350193E+01   0.366334E-02   0.324835E-03   0.117073E-01   0.145988E-01   0.175657E-01  -0.823633E+03
   0.313175E+02   0.922144E+00  -0.222301E+01   0.660040E+01   0.749636E+01   0.474896E+01   0.106837E+01  -0.711079E+01  -0.522097E+01  -0.126340E+02   0.276326E+01   0.101315E-02   0.324835E-03   0.240439E-01   0.154891E-02   0.110392E-01  -0.823960E+03
   0.307415E+02   0.141502E+01  -0.400917E+01   0.573618E+01   0.749636E+01   0.471038E+01   0.462078E+01  -0.681194E+01  -0.685320E+01  -0.149212E+02   0.355472E+01   0.351986E-02   0.850427E-03   0.633961E-02   0.156142E-01   0.313164E-02  -0.820109E+03
   0.301600E+02   0.218199E+01  -0.597233E+01   0.188478E+01   0.749636E+01   0.100364E+02  -0.151431E+01  -0.111397E+02   0.794495E+00  -0.861792E+01   0.557540E+00   0.699589E-02   0.265499E-02   0.286944E-01   0.425607E-02   0.795038E-02  -0.834342E+03
   0.307481E+02   0.175154E+01  -0.443336E+01   0.301784E+01   0.771967E+01   0.564790E+01   0.156085E+01  -0.100475E+02  -0.270600E+01  -0.119736E+02   0.711711E+01   0.105015E-02   0.528759E-02   0.462323E-02   0.321729E-01   0.133022E-02  -0.821179E+03
   0.303410E+02   0.117855E+01  -0.474105E+01   0.299949E+01   0.718544E+01   0.467911E+01   0.130268E+01  -0.827277E+01  -0.384714E+01  -0.119457E+02   0.659080E+01   0.109195E-01   0.936803E-02   0.462323E-02   0.179479E-01   0.133022E-02  -0.821620E+03
   0.311734E+02   0.134256E+01  -0.434084E+01   0.574139E+01   0.865072E+01   0.559470E+01   0.291110E+01  -0.963559E+01  -0.317820E+01  -0.111191E+02   0.442951E+00   0.284542E-02   0.335632E-02   0.683171E-02   0.248421E-02   0.134967E-01  -0.820147E+03
   0.315973E+02   0.134256E+01  -0.406983E+01   0.366983E+01   0.102068E+02   0.391597E+01   0.152747E+01  -0.851886E+01  -0.390587E+01  -0.140574E+02   0.449980E+01   0.162580E-02   0.490727E-02   0.246219E-01   0.248421E-02   0.147839E-01  -0.824747E+03
   0.315156E+02   0.307044E+01  -0.340478E+01   0.545847E+01   0.950504E+01   0.555248E+01   0.371169E+01  -0.750228E+01  -0.735671E+01  -0.184573E+02   0.482800E+01   0.674815E-02   0.912569E-03   0.176629E-01   0.399865E-02   0.511218E-03  -0.825076E+03
   0.317858E+02   0.292650E+01  -0.601967E+01   0.708159E+01   0.123680E+02   0.489985E+01   0.766483E+00  -0.547595E+01  -0.303749E+01  -0.118025E+02   0.532716E+01   0.787738E-02   0.912569E-03   0.469286E-02   0.179884E-01   0.192975E-01  -0.827962E+03
   0.306431E+02   0.163629E+01  -0.601967E+01   0.262399E+01   0.835573E+01   0.734935E+01   0.239216E+01  -0.680423E+01  -0.512819E+01  -0.114340E+02   0.630075E+01   0.494506E-02   0.320713E-02   0.974002E-02   0.544074E-02   0.778889E-02  -0.819856E+03
   0.314376E+02   0.187247E+01  -0.572896E+01   0.494264E+01   0.105822E+02   0.557813E+01   0.325107E+01  -0.104261E+02  -0.315554E+01  -0.117202E+02   0.644025E+01   0.876052E-02   0.404467E-02   0.604098E-02   0.243737E-01   0.386667E-02  -0.823908E+03
   0.315620E+02   0.243348E+01  -0.370175E+01   0.279425E+01   0.824262E+01   0.671984E+01   0.283870E+01  -0.103087E+02  -0.742934E+01  -0.151081E+02   0.505400E+01   0.596735E-02   0.391635E-02   0.272758E-01   0.948985E-02   0.240210E-02  -0.826142E+03
   0.311959E+02   0.257811E+01  -0.370175E+01   0.647017E+01   0.100736E+02   0.664751E+01   0.208235E+01  -0.636016E+01  -0.410946E+01  -0.144337E+02   0.505400E+01   0.172708E-02   0.442593E-02   0.144405E-01   0.229608E-02   0.293401E-02  -0.819958E+03
   0.318273E+02   0.190295E+01  -0.458440E+01   0.772446E+01   0.860685E+01   0.505144E+01   0.335762E+01  -0.850187E+01  -0.557392E+01  -0.888943E+01   0.505400E+01   0.760207E-02   0.170611E-02   0.603262E-02   0.132620E-01   0.112609E-01  -0.822326E+03
   0.311692E+02   0.698617E+00  -0.532840E+01   0.424242E+01   0.878394E+01   0.537658E+01   0.453628E+01  -0.115907E+02  -0.371010E+01  -0.106484E+02   0.512220E+01   0.167600E-03   0.223652E-01   0.121340E-01   0.124745E-01   0.398925E-02  -0.823791E+03
   0.307063E+02   0.698617E+00  -0.612934E+01   0.352973E+01   0.878394E+01   0.356331E+01   0.300373E+01  -0.700796E+01  -0.410695E+01  -0.118448E+02   0.658694E+01   0.468229E-02   0.164770E-03   0.218168E-01   0.810104E-03   0.398925E-02  -0.819858E+03
   0.307063E+02  -0.174782E+00  -0.548066E+01   0.525988E+01   0.843373E+01   0.530899E+01  -0.300195E+00  -0.240443E+01  -0.394459E+01  -0.115753E+02   0.215810E+01   0.209423E-02   0.195773E-01   0.557793E-02   0.117679E-01   0.253287E-03  -0.826101E+03
   0.315267E+02  -0.174782E+00  -0.420803E+01   0.764887E+01   0.570794E+01   0.744676E+01   0.514011E+01  -0.592639E+01  -0.606796E+01  -0.121909E+02   0.396452E+01   0.107647E-01   0.775283E-02   0.112352E-02   0.142640E-01   0.201441E-02  -0.824773E+03
   0.319726E+02   0.953187E+00  -0.617820E+01   0.643561E+01   0.747267E+01   0.597401E+01   0.436610E+01  -0.111689E+02  -0.442673E+01  -0.124949E+02   0.566536E+01   0.336876E-02   0.456006E-02   0.112352E-02   0.240229E-02   0.601378E-02  -0.821116E+03
   0.320957E+02   0.224533E+01  -0.564779E+01   0.634740E+01   0.981520E+01   0.548417E+01   0.849720E+00  -0.712814E+01  -0.522266E+01  -0.138814E+02   0.243447E+01   0.947484E-03   0.770955E-02   0.791736E-03   0.355419E-02   0.189836E-01  -0.824479E+03
   0.316004E+02   0.224533E+01  -0.288298E+01   0.550091E+01   0.920557E+01   0.668690E+01   0.184394E+01  -0.722582E+01  -0.452407E+01  -0.153986E+02   0.929807E+01   0.636623E-02   0.146246E-01   0.178227E-01   0.133561E-02   0.653865E-02  -0.824731E+03
   0.317060E+02   0.253574E+01  -0.277239E+01   0.761760E+01   0.791327E+01   0.835985E+01   0.377659E+01  -0.385046E+01  -0.939990E+01  -0.124675E+02   0.588820E+01   0.759419E-02   0.634835E-02   0.767724E-02   0.681806E-02   0.797158E-02  -0.828060E+03
   0.307848E+02   0.252603E+00  -0.438681E+01   0.512872E+01   0.791327E+01   0.688226E+01   0.274337E+01  -0.861813E+01  -0.428380E+01  -0.119939E+02   0.302987E+01   0.779613E-03   0.305591E-01   0.260605E-02   0.145416E-02   0.315333E-02  -0.822384E+03
   0.318825E+02   0.324693E+01  -0.411414E+01   0.365001E+01   0.816317E+01   0.781856E+01   0.323986E+01  -0.117870E+02  -0.698324E+01  -0.140103E+02   0.782722E+01   0.550710E-03   0.660153E-03   0.242948E-01   0.887058E-02   0.404692E-03  -0.825761E+03
   0.313053E+02   0.820986E+00  -0.639144E+01   0.604140E+01   0.110315E+02   0.594388E+01   0.262256E+01  -0.311898E+01  -0.422394E+01  -0.782579E+01   0.372134E+01   0.232552E-02   0.378835E-01   0.881342E-02   0.142119E-01   0.783794E-02  -0.829457E+03
   0.315085E+02   0.869412E+00  -0.643526E+01   0.604140E+01   0.707227E+01   0.392639E+01   0.393128E+01  -0.744526E+01  -0.457780E+01  -0.133706E+02   0.919224E+01   0.360304E-02   0.763570E-02   0.857587E-02   0.196480E-02   0.189674E-02  -0.820933E+03
   0.312510E+02   0.199921E+01  -0.367425E+01   0.722532E+01   0.832085E+01   0.611460E+01   0.317041E+01  -0.863813E+01  -0.257931E+01  -0.120343E+02   0.216122E+01   0.230548E-02   0.290708E-03   0.464109E-02   0.223357E-01   0.191260E-01  -0.822112E+03
   0.302447E+02   0.262305E+01  -0.384081E+01   0.544519E+01   0.817312E+01   0.472121E+01   0.314442E+01  -0.592780E+01  -0.451097E+01  -0.118889E+02   0.669551E+01   0.861567E-02   0.462012E-02   0.143760E-01   0.634777E-02   0.749362E-02  -0.821550E+03
   0.304887E+02   0.138400E+01  -0.499802E+01   0.288667E+01   0.739322E+01   0.728545E+01   0.466201E+01  -0.763971E+01  -0.675949E+01  -0.929561E+01   0.589893E+01   0.528976E-02   0.665014E-02   0.999338E-03   0.134753E-02   0.179031E-02  -0.819738E+03
   0.304887E+02   0.145595E+01  -0.188981E+01   0.400777E+01   0.739322E+01   0.656021E+01   0.258215E+01  -0.591667E+01  -0.224655E+01  -0.140779E+02   0.845657E+01   0.709946E-02   0.904309E-03   0.135841E-02   0.142596E-01   0.171072E-01  -0.824471E+03
   0.303967E+02   0.268266E+01  -0.417792E+01   0.361543E+01   0.887765E+01   0.806022E+01   0.137876E+01  -0.692685E+01  -0.367258E+01  -0.121116E+02   0.549572E+01   0.505866E-02   0.918869E-02   0.110388E-01   0.197948E-02   0.130101E-02  -0.820039E+03
   0.316455E+02   0.117681E+01  -0.484926E+01   0.745569E+01   0.826959E+01   0.605506E+01   0.133879E+01  -0.800649E+01  -0.387637E+01  -0.949348E+01   0.455360E+01   0.632049E-02   0.810718E-02   0.153914E-01   0.125353E-01   0.816977E-02  -0.822177E+03
   0.317503E+02   0.446738E+00  -0.409821E+01   0.649537E+01   0.720438E+01   0.487669E+01   0.531410E+01  -0.107364E+02  -0.332487E+01  -0.108860E+02   0.657658E+01   0.142964E-02   0.162327E-01   0.203862E-01   0.316243E-02   0.806098E-03  -0.822879E+03
   0.309013E+02   0.166569E+01  -0.394456E+01   0.436418E+01   0.818698E+01   0.479818E+01   0.487398E+01  -0.972937E+01  -0.359781E+01  -0.153736E+02   0.411131E+01   0.690841E-02   0.390915E-01   0.108554E-01   0.631052E-02   0.131078E-01  -0.825787E+03
   0.309013E+02   0.231806E+01  -0.524973E+01   0.500111E+01   0.795158E+01   0.519307E+01   0.144664E+01  -0.731973E+01  -0.172466E+01  -0.131150E+02   0.670113E+01   0.343627E-02   0.804407E-02   0.620768E-02   0.143302E-01   0.102875E-01  -0.822483E+03
   0.319508E+02   0.188559E+01  -0.332672E+01   0.500111E+01   0.866040E+01   0.752685E+01   0.300798E+00  -0.817782E+01  -0.364551E+01  -0.131331E+02   0.430395E+01   0.702162E-02   0.807195E-02   0.105696E-01   0.152320E-01   0.218183E-02  -0.824690E+03
   0.309703E+02   0.160865E+01  -0.333536E+01   0.386673E+01   0.725141E+01   0.598380E+01   0.455207E+01  -0.964680E+01  -0.165064E+01  -0.149112E+02   0.318272E+01   0.803338E-03   0.132756E-01   0.286277E-01   0.101979E-01   0.156210E-01  -0.827681E+03
   0.311426E+02   0.160865E+01  -0.383231E+01   0.659724E+01   0.927740E+01   0.327527E+01   0.162202E+01  -0.721558E+01  -0.392486E+01  -0.110364E+02   0.224105E+01   0.228112E-02   0.286124E-01   0.223373E-01   0.912003E-02   0.134301E-01  -0.825302E+03
   0.312838E+02   0.149048E+01  -0.744973E+01   0.390639E+01   0.875822E+01   0.379525E+01  -0.885565E+00  -0.585306E+01  -0.743808E+01  -0.123028E+02   0.542400E+01   0.976128E-02   0.381644E-01   0.199315E-01   0.261556E-01   0.417129E-02  -0.831625E+03
   0.312539E+02   0.736553E+00  -0.744973E+01   0.390639E+01   0.821673E+01   0.647866E+01   0.520937E+00  -0.562817E+01  -0.245190E+01  -0.114305E+02   0.795715E+01   0.394278E-02   0.130501E-01   0.340012E-01   0.437885E-02   0.175532E-01  -0.826091E+03
   0.310936E+02   0.196107E+01  -0.321892E+01   0.460712E+01   0.866566E+01   0.600594E+01   0.234363E+01  -0.861029E+01  -0.440362E+01  -0.161861E+02   0.559234E+01   0.152098E-02   0.175467E-02   0.106675E-01   0.582351E-02   0.753451E-02  -0.820103E+03
   0.310523E+02   0.138161E+01  -0.567560E+01   0.446624E+01   0.866566E+01   0.464181E+01   0.188002E+01  -0.921507E+01  -0.356062E+01  -0.948918E+01   0.747857E+01   0.747221E-02   0.314605E-02   0.214030E-02   0.232860E-01   0.118757E-01  -0.821250E+03
   0.305447E+02   0.937460E+00  -0.421817E+01   0.446624E+01   0.597547E+01   0.482452E+01   0.323131E+01  -0.971396E+01  -0.255458E+01  -0.948918E+01   0.694383E+01   0.827848E-02   0.653921E-02   0.226422E-02   0.116787E-02   0.139055E-01  -0.819925E+03
   0.308694E+02   0.145199E+01  -0.615758E+01   0.365454E+01   0.834567E+01   0.377231E+01   0.278712E+01  -0.702563E+01  -0.398838E+01  -0.117958E+02   0.652145E+01   0.135825E-02   0.313574E-01   0.559816E-02   0.296678E-01   0.162617E-01  -0.824900E+03
   0.308694E+02   0.192264E+01  -0.472306E+01   0.416081E+01   0.105825E+02   0.527709E+01   0.123005E+01  -0.923244E+01  -0.450250E+01  -0.110690E+02   0.141905E+01   0.241371E-02   0.255005E-02   0.216749E-01   0.903352E-02   0.554949E-02  -0.823045E+03
   0.313063E+02   0.225010E+01  -0.287023E+01   0.676119E+01   0.865078E+01   0.373836E+01   0.479724E+01  -0.117200E+02  -0.317572E+01  -0.110690E+02   0.454117E+01   0.150849E-01   0.813818E-02   0.169182E-01   0.740122E-02   0.300837E-02  -0.826895E+03
   0.299855E+02   0.256832E+01  -0.550302E+01   0.308092E+01   0.674163E+01   0.621437E+01   0.151034E+01  -0.715477E+01  -0.634013E+01  -0.925727E+01   0.639654E+01   0.209831E-02   0.143746E-01   0.185310E-02   0.949958E-02   0.108812E-02  -0.822571E+03
   0.308495E+02   0.149449E+01  -0.572714E+01   0.719490E+01   0.748406E+01   0.294483E+01   0.258290E+01  -0.725141E+01  -0.543069E+00  -0.128052E+02   0.532622E+01   0.725134E-03   0.325783E-02   0.667545E-02   0.367492E-01   0.411766E-02  -0.827755E+03
   0.307029E+02   0.112247E+01  -0.572714E+01   0.483041E+01   0.790338E+01   0.528835E+01   0.276174E+01  -0.747636E+01  -0.156822E+01  -0.141777E+02   0.281251E+01   0.768967E-03   0.169015E-01   0.522012E-02   0.192117E-01   0.838444E-02  -0.823037E+03
   0.308224E+02   0.256706E+01  -0.351772E+01   0.583565E+01   0.832854E+01   0.600115E+01   0.128522E+01  -0.964720E+01  -0.153154E+01  -0.119516E+02   0.491363E+01   0.605383E-02   0.162016E-02   0.403353E-02   0.179116E-01   0.587109E-03  -0.820882E+03
   0.306359E+02   0.133441E+01  -0.360660E+01   0.484026E+01   0.929326E+01   0.423928E+01   0.314052E+01  -0.696848E+01  -0.153154E+01  -0.131388E+02   0.727657E+01   0.407375E-02   0.233717E-02   0.143036E-01   0.563370E-02   0.407052E-01  -0.823452E+03
   0.306359E+02   0.133441E+01  -0.357710E+01   0.455258E+01   0.683217E+01   0.360780E+01  -0.767073E+00  -0.903783E+01  -0.404254E+01  -0.107039E+02   0.751583E+01   0.489043E-02   0.189926E-01   0.102249E-01   0.892590E-02   0.183887E-01  -0.825649E+03
   0.300668E+02   0.167667E+01  -0.396668E+01   0.290154E+01   0.661163E+01   0.360780E+01   0.256105E+01  -0.956131E+01  -0.301258E+01  -0.117065E+02   0.574448E+01   0.339103E-02   0.878514E-02   0.937827E-02   0.184784E-01   0.373763E-02  -0.823297E+03
   0.314608E+02   0.167667E+01  -0.637251E+01   0.617434E+01   0.751083E+01   0.511209E+01   0.134438E+01  -0.436816E+01  -0.375490E+01  -0.128502E+02   0.854364E+01   0.134878E-01   0.585743E-02   0.164508E-03   0.483684E-02   0.129521E-02  -0.823266E+03
   0.312029E+02   0.106512E+01  -0.421328E+01   0.603580E+01   0.338383E+01   0.689061E+01   0.230179E+01  -0.103778E+02  -0.500308E+01  -0.931430E+01   0.357536E+01   0.112573E-01   0.266891E-01   0.105213E-01   0.206242E-01   0.129521E-02  -0.828405E+03
   0.304226E+02   0.665837E+00  -0.601178E+01   0.222998E+01   0.618913E+01   0.457805E+01   0.238866E+01  -0.109724E+02  -0.244622E+01  -0.916849E+01   0.459875E+01   0.136972E-02   0.399864E-02   0.106931E-01   0.276822E-01   0.100284E-01  -0.826369E+03
   0.306001E+02   0.665837E+00  -0.594168E+01   0.505991E+01   0.969661E+01   0.612380E+01   0.375884E+01  -0.640304E+01  -0.494799E+01  -0.102147E+02   0.365882E+01   0.598719E-03   0.118430E-01   0.744632E-03   0.664169E-02   0.102206E-01  -0.822452E+03
   0.311247E+02   0.269977E+01  -0.478165E+01   0.417568E+01   0.986488E+01   0.712561E+01   0.858349E+00  -0.629026E+01  -0.437328E+01  -0.145794E+02   0.473016E+01   0.149260E-02   0.118755E-01   0.202923E-02   0.180973E-01   0.126995E-02  -0.820882E+03
   0.303793E+02   0.184818E+01  -0.478165E+01   0.699535E+01   0.697959E+01   0.387143E+01   0.460665E+01  -0.656575E+01  -0.652963E+01  -0.837616E+01   0.630045E+01   0.280327E-02   0.188199E-01   0.398436E-02   0.575600E-02   0.216150E-01  -0.824602E+03
   0.309102E+02   0.112551E+01  -0.465970E+01   0.715111E+01   0.727425E+01   0.772598E+01   0.485180E+01  -0.595278E+01  -0.365277E+01  -0.110342E+02   0.583558E+01   0.330091E-04   0.332467E-02   0.578950E-02   0.434636E-02   0.363225E-02  -0.819348E+03
   0.309102E+02   0.748046E+00  -0.506989E+01   0.452127E+01   0.817623E+01   0.762040E+01   0.104288E+01  -0.779305E+01  -0.190586E+01  -0.144437E+02   0.328553E+00   0.330091E-04   0.726332E-02   0.130325E-03   0.125940E-01   0.609282E-03  -0.821800E+03
   0.309102E+02   0.109400E+01  -0.446850E+01   0.465536E+01   0.725010E+01   0.369203E+01   0.250421E+01  -0.447959E+01  -0.694055E+01  -0.152382E+02   0.750457E+01   0.212319E-02   0.368345E-01   0.897538E-03   0.575691E-01   0.370814E-02  -0.827943E+03
   0.312463E+02   0.124859E+01  -0.584610E+01   0.621269E+01   0.809546E+01   0.431645E+01   0.123441E+01  -0.803234E+01  -0.333939E+01  -0.102606E+02   0.512685E+01   0.667940E-02   0.360629E-02   0.430593E-02   0.126466E-01   0.899842E-03  -0.818403E+03
   0.313294E+02   0.735569E+00  -0.433814E+01   0.621269E+01   0.606936E+01   0.293600E+01   0.377931E+01  -0.987061E+01  -0.220830E+01  -0.112214E+02   0.667474E+01   0.156772E-01   0.290880E-02   0.113281E-01   0.609595E-02   0.215662E-01  -0.824780E+03
   0.313294E+02   0.735569E+00  -0.433814E+01   0.456886E+01   0.652098E+01   0.643539E+01   0.634950E+00  -0.908311E+01  -0.210173E+01  -0.114422E+02   0.507021E+01   0.296330E-02   0.302879E-02   0.953352E-02   0.771579E-02   0.479839E-03  -0.819437E+03
   0.316975E+02   0.162124E+00  -0.564459E+01   0.537826E+01   0.621690E+01   0.269851E+01   0.148450E+01  -0.584369E+01  -0.497975E+01  -0.837189E+01   0.915126E+01   0.417107E-02   0.108463E-01   0.783473E-02   0.522971E-02   0.479839E-03  -0.824196E+03
   0.317381E+02   0.311660E+00  -0.636942E+01   0.716070E+01   0.656031E+01   0.843805E+00   0.317290E+01  -0.716836E+01  -0.465504E+01  -0.126435E+02   0.830284E+01   0.583058E-02   0.612405E-02   0.428696E-02   0.122287E-02   0.525568E-02  -0.823764E+03
   0.312601E+02   0.589354E+00  -0.529008E+01   0.696917E+01   0.746615E+01   0.163681E+01   0.418740E+01  -0.632462E+01  -0.534339E+01  -0.106604E+02   0.712459E+01   0.533296E-02   0.175172E-02   0.997028E-02   0.143805E-01   0.216946E-01  -0.823188E+03
   0.304633E+02   0.173413E+01  -0.360535E+01   0.567576E+01   0.746615E+01   0.652919E+01   0.317378E+01  -0.650798E+01  -0.628021E+01  -0.125484E+02   0.333890E+01   0.283322E-02   0.467883E-02   0.421210E-02   0.162651E-02   0.191059E-02  -0.818092E+03
   0.304633E+02   0.225021E+01  -0.435247E+01   0.744643E+01   0.643061E+01   0.837942E+01  -0.112774E+00  -0.562905E+01  -0.212625E+01  -0.121545E+02   0.568052E+01   0.146075E-02   0.180925E-01   0.703628E-02   0.219801E-01   0.184202E-01  -0.830690E+03
   0.311662E+02   0.180997E+01  -0.446719E+01   0.582283E+01   0.780850E+01   0.571178E+01  -0.130340E+00  -0.575429E+01  -0.448855E+01  -0.125304E+02   0.570779E+01   0.573199E-02   0.554215E-02   0.197440E-01   0.132008E-01   0.746812E-02  -0.821279E+03
   0.306773E+02   0.180997E+01  -0.446719E+01   0.565125E+01   0.978159E+01   0.659191E+01   0.237659E+01  -0.455994E+01  -0.411996E+01  -0.969995E+01  -0.675127E-01   0.738554E-02   0.554215E-02   0.246359E-01   0.128936E-01   0.260560E-02  -0.825729E+03
   0.310391E+02   0.775995E+00  -0.320588E+01   0.486912E+01   0.947407E+01   0.806162E+01   0.125846E+00  -0.972390E+01  -0.382115E+01  -0.918367E+01  -0.140304E+01   0.117396E-01   0.114674E-01   0.495107E-02   0.719823E-02   0.153043E-01  -0.829883E+03
   0.305122E+02   0.172076E+01  -0.384385E+01   0.579310E+01   0.781191E+01   0.482288E+01   0.269217E+01  -0.767302E+01  -0.147091E+01  -0.881741E+01   0.236475E+01   0.508417E-02   0.502042E-02   0.504551E-02   0.180718E-02   0.191397E-01  -0.821460E+03
   0.311053E+02   0.130976E+01  -0.606937E+01   0.509158E+01   0.675053E+01   0.581103E+01   0.531876E+01  -0.729062E+01  -0.787798E+01  -0.850866E+01   0.414995E+01   0.493799E-04   0.255751E-02   0.265186E-01   0.184677E-01   0.469083E-02  -0.823805E+03
   0.305270E+02   0.220692E+01  -0.683946E+01   0.247415E+01   0.782511E+01   0.837112E+01   0.686561E+00  -0.587854E+01  -0.456400E+01  -0.105066E+02   0.880520E+01   0.661558E-02   0.150650E-01   0.411003E-02   0.124120E-01   0.183380E-01  -0.826319E+03
   0.319446E+02   0.121242E+01  -0.501224E+01   0.611241E+01   0.609665E+01   0.419725E+01   0.757858E+00  -0.103280E+02  -0.324674E+01  -0.131277E+02   0.917932E+01   0.260881E-02   0.249114E-01   0.919010E-02   0.353476E-02   0.254171E-01  -0.827677E+03
   0.299023E+02   0.124967E+01  -0.426256E+01   0.463670E+01   0.849145E+01   0.419725E+01   0.400201E+01  -0.539661E+01  -0.323103E+01  -0.149022E+02   0.580740E+01   0.282736E-02   0.139844E-01   0.360584E-03   0.524139E-02   0.619612E-02  -0.821116E+03
   0.309663E+02   0.124967E+01  -0.426256E+01   0.603418E+01   0.896919E+01   0.358070E+01   0.298586E+01  -0.630235E+01  -0.123165E+01  -0.114414E+02   0.506284E+01   0.689755E-02   0.562881E-03   0.360584E-03   0.757610E-02   0.210735E-01  -0.820521E+03
   0.305657E+02   0.167311E+01  -0.644595E+01   0.525329E+01   0.812476E+01   0.347128E+01   0.241016E+01  -0.941305E+01  -0.512027E+01  -0.112177E+02   0.729712E+01   0.885404E-03   0.729995E-02   0.116693E-02   0.116108E-01   0.181881E-01  -0.825278E+03
   0.305221E+02   0.167311E+01  -0.557317E+01   0.559028E+01   0.846116E+01   0.508266E+01   0.426591E+01  -0.667331E+01  -0.221612E+01  -0.112177E+02   0.462544E+01   0.967487E-02   0.213485E-01   0.580138E-02   0.516856E-04   0.143073E-01  -0.822659E+03
   0.313926E+02   0.167311E+01  -0.595551E+01   0.561697E+01   0.104290E+02   0.508266E+01   0.224911E+01  -0.552628E+01  -0.526158E+01  -0.158357E+02   0.786712E+01   0.940705E-04   0.176446E-02   0.165644E-02   0.510758E-01   0.898493E-02  -0.825017E+03
   0.316070E+02   0.167311E+01  -0.631053E+01   0.473390E+01   0.100211E+02   0.416523E+01   0.516066E+00  -0.690414E+01  -0.530817E+01  -0.141155E+02   0.744961E+01   0.821873E-02   0.176446E-02   0.552221E-02   0.144981E-01   0.317015E-01  -0.824154E+03
   0.316996E+02   0.220083E+01  -0.751654E+01   0.485103E+01   0.976075E+01   0.675029E+01   0.141466E+01  -0.835383E+01  -0.596931E+01  -0.872227E+01   0.650557E+01   0.953927E-02   0.538418E-02   0.108994E-01   0.968567E-02   0.552444E-02  -0.824409E+03
   0.315731E+02   0.244636E+01  -0.591452E+01   0.444248E+01   0.977126E+01   0.708077E+01   0.492005E+01  -0.771789E+01  -0.488164E+01  -0.152212E+02   0.373685E+01   0.179983E-01   0.124789E-01   0.891305E-02   0.156204E-01   0.103114E-01  -0.830207E+03
   0.315731E+02   0.130211E+01  -0.548340E+01   0.456662E+01   0.102316E+02   0.650959E+01   0.328096E+01  -0.738846E+01  -0.488164E+01  -0.171551E+02   0.764967E+01   0.317878E-02   0.126205E-02   0.982296E-02   0.107913E-01   0.697138E-02  -0.823140E+03
   0.312699E+02   0.130211E+01  -0.261460E+01   0.518236E+01   0.744447E+01   0.498207E+01   0.166698E+01  -0.770288E+01  -0.320279E+01  -0.900023E+01   0.583616E+01   0.213869E-02   0.749505E-02   0.434954E-02   0.718990E-02   0.926967E-03  -0.821466E+03
   0.313426E+02   0.273256E+01  -0.215301E+01   0.752762E+01   0.845688E+01   0.567053E+01   0.359237E+01  -0.819636E+01  -0.132779E+01  -0.135090E+02   0.856776E+01   0.114217E-01   0.927822E-03   0.193938E-02   0.224158E-01   0.157567E-01  -0.829886E+03
   0.311638E+02   0.273256E+01  -0.475567E+01   0.600428E+01   0.830689E+01   0.646291E+01   0.266161E+01  -0.685457E+01  -0.319059E+01  -0.112141E+02   0.589593E+01   0.444874E-02   0.794851E-02   0.252549E-02   0.181683E-01   0.338620E-02  -0.821310E+03
   0.309703E+02   0.115562E+01  -0.486049E+01   0.427238E+01   0.554292E+01   0.802291E+01   0.176712E+01  -0.583037E+01  -0.696213E+01  -0.130778E+02   0.102397E+02   0.814541E-03   0.227510E-02   0.576252E-02   0.266755E-01   0.289580E-01  -0.826477E+03
   0.307783E+02   0.240276E+01  -0.391916E+01   0.639241E+01   0.934605E+01   0.187087E+01   0.276597E+01  -0.888772E+01  -0.430089E+01  -0.141884E+02   0.419921E+00   0.194812E-02   0.198123E-02   0.104104E-01   0.965289E-02   0.713828E-02  -0.825712E+03
   0.303951E+02   0.885387E+00  -0.487968E+01   0.549438E+01   0.845836E+01   0.266859E+01  -0.326323E+00  -0.584217E+01  -0.149287E+01  -0.107747E+02   0.597289E+01   0.143642E-03   0.128620E-01   0.311589E-01   0.163226E-01   0.687201E-03  -0.824171E+03
   0.306974E+02   0.129740E+01  -0.444484E+01   0.501406E+01   0.632946E+01   0.470940E+01   0.174416E+01  -0.885748E+01  -0.478628E+01  -0.132498E+02   0.472809E+01   0.389861E-03   0.187622E-01   0.174266E-01   0.534865E-02   0.805296E-03  -0.820508E+03
   0.306777E+02   0.100422E+01  -0.494129E+01   0.640296E+01   0.632946E+01   0.421153E+01   0.159348E+01  -0.875144E+01  -0.165508E+01  -0.108223E+02   0.369448E+01   0.362667E-03   0.825539E-02   0.158388E-02   0.193918E-01   0.827460E-02  -0.820722E+03
   0.310882E+02   0.655445E+00  -0.605748E+01   0.501944E+01   0.930160E+01   0.611910E+01   0.325051E+01  -0.659339E+01  -0.354002E+01  -0.598329E+01   0.539611E+01   0.888174E-02   0.840210E-02   0.231350E-02   0.124576E-01   0.379460E-02  -0.822987E+03
   0.314876E+02   0.100071E+01  -0.664889E+01   0.694973E+01   0.986016E+01   0.297075E+01   0.409604E+00  -0.753831E+01  -0.794155E+00  -0.598329E+01   0.663252E+01   0.107973E-01   0.249068E-01   0.438996E-02   0.375596E-02   0.612327E-02  -0.828150E+03
   0.314876E+02   0.203365E+01  -0.252825E+01   0.775196E+01   0.106599E+02   0.517487E+01   0.116050E+01  -0.891789E+01  -0.715569E+00  -0.119787E+02   0.304449E+01   0.414208E-02   0.180138E-01   0.105317E-01   0.149444E-03   0.650138E-02  -0.825416E+03
   0.314876E+02   0.256077E+01  -0.343145E+01   0.579460E+01   0.851125E+01   0.909963E+01  -0.449597E+00  -0.769516E+01  -0.185550E+01  -0.114315E+02   0.930381E+01   0.114521E-01   0.239903E-02   0.224697E-01   0.149444E-03   0.305508E-02  -0.827363E+03
   0.317379E+02   0.212510E+01  -0.623282E+01   0.547917E+01   0.118559E+02   0.510069E+01   0.236562E+01  -0.666621E+01  -0.394055E+01  -0.148680E+02   0.570598E+01   0.614020E-02   0.344874E-02   0.118358E-02   0.138599E-01   0.171632E-01  -0.823608E+03
   0.303061E+02   0.159860E+01  -0.219227E+01   0.392332E+01   0.806067E+01   0.468508E+01   0.508353E+01  -0.897180E+01  -0.590875E+01  -0.151990E+02   0.243542E+01   0.604234E-04   0.653438E-02   0.102137E-01   0.194382E-02   0.347138E-01  -0.827594E+03
   0.309809E+02   0.703329E+00  -0.240990E+01   0.689333E+01   0.722522E+01   0.472525E+01   0.583135E+01  -0.877538E+01  -0.344158E+01  -0.122393E+02   0.347674E+01   0.113790E-01   0.166642E-01   0.908979E-02   0.950366E-02   0.108016E-01  -0.824766E+03
   0.310256E+02   0.109449E+01  -0.524091E+01   0.624509E+01   0.757807E+01   0.272963E+01   0.822614E+00  -0.825322E+01  -0.340009E+01  -0.119256E+02   0.556670E+01   0.777963E-02   0.433457E-02   0.751823E-02   0.668200E-02   0.388755E-03  -0.819206E+03
   0.310690E+02   0.105947E+01  -0.503020E+01   0.262458E+01   0.670323E+01   0.483867E+01   0.209150E+01  -0.883185E+01  -0.767727E+01  -0.132648E+02   0.790996E+01   0.127747E-01   0.226345E-03   0.882267E-02   0.263777E-03   0.780379E-02  -0.823081E+03
   0.310690E+02   0.109191E+01  -0.385910E+01   0.454543E+01   0.670323E+01   0.498430E+01   0.208867E+01  -0.830203E+01  -0.274376E+01  -0.135826E+02   0.684858E+01   0.816007E-04   0.241666E-02   0.329267E-02   0.102027E-01   0.683647E-02  -0.818733E+03
   0.316130E+02   0.657333E+00  -0.460694E+01   0.321804E+01   0.872921E+01   0.358596E+01   0.620228E+01  -0.838123E+01  -0.535838E+01  -0.103040E+02   0.926913E+01   0.566494E-02   0.241666E-02   0.164755E-01   0.233354E-01   0.857643E-02  -0.827050E+03
   0.313532E+02  -0.139070E+00  -0.460694E+01   0.743320E+01   0.780574E+01   0.430708E+01   0.513752E+01  -0.759272E+01  -0.425680E+01  -0.878643E+01   0.443166E+01   0.738826E-02   0.207682E-01   0.113555E-01   0.249923E-02   0.572261E-01  -0.828690E+03
   0.311220E+02   0.136931E+01  -0.339756E+01   0.495617E+01   0.910267E+01   0.804001E+01   0.518708E+01  -0.843026E+01  -0.260025E+01  -0.119517E+02   0.375563E+01   0.507791E-02   0.214980E-02   0.602972E-02   0.517945E-02   0.350519E-01  -0.823094E+03
   0.313618E+02   0.170459E+01  -0.284126E+01   0.637983E+01   0.592296E+01   0.698916E+01   0.535823E+01  -0.688937E+01  -0.742052E+01  -0.917838E+01   0.600206E+01   0.507791E-02   0.872326E-03   0.856882E-05   0.268467E-02   0.493154E-02  -0.821355E+03
   0.306917E+02   0.444175E+00  -0.330371E+01   0.424797E+01   0.636197E+01   0.564167E+01   0.416104E+01  -0.730698E+01  -0.850226E+01  -0.100490E+02   0.952032E+01   0.148923E-01   0.122388E-01   0.677912E-02   0.484527E-02   0.230066E-02  -0.829427E+03
   0.307265E+02   0.444175E+00  -0.418467E+01   0.540322E+01   0.811630E+01   0.718828E+01   0.362772E+01  -0.647208E+01  -0.291122E+01  -0.106272E+02   0.327846E+01   0.468919E-02   0.543795E-02   0.967463E-02   0.851437E-02   0.193928E-01  -0.821548E+03
   0.311183E+02   0.150532E+01  -0.311025E+01   0.442500E+01   0.629016E+01   0.584715E+01   0.173756E+01  -0.789141E+01  -0.251983E+01  -0.139142E+02   0.719136E+01   0.248971E-02   0.805263E-02   0.715641E-02   0.619442E-03   0.171859E-01  -0.821999E+03
   0.312760E+02   0.150532E+01  -0.455760E+01   0.442500E+01   0.961794E+01   0.516261E+01   0.359378E+01  -0.779243E+01  -0.495151E+01  -0.108174E+02   0.964917E+01   0.914012E-02   0.313700E-02   0.515660E-02   0.994213E-02   0.115306E-01  -0.822376E+03
   0.310841E+02   0.284901E+01  -0.361060E+01   0.559872E+01   0.658037E+01   0.600869E+01   0.252638E+01  -0.767480E+01  -0.537728E+01  -0.127709E+02   0.524305E+01   0.682284E-02   0.137904E-01   0.118565E-01   0.282383E-02   0.474488E-03  -0.821965E+03
   0.307126E+02   0.107225E+01  -0.525091E+01   0.647416E+01   0.714084E+01   0.443398E+01   0.329284E+01  -0.924766E+01  -0.258104E+01  -0.103641E+02   0.488742E+01   0.682284E-02   0.434100E-02   0.107774E-01   0.949010E-02   0.321042E-01  -0.822995E+03
   0.304106E+02   0.250893E+01  -0.516846E+01   0.400578E+01   0.719523E+01   0.912871E+01   0.372335E+01  -0.864113E+01  -0.832102E+01  -0.114100E+02   0.390670E+01   0.462977E-02   0.610963E-02   0.988330E-02   0.154067E-01   0.824002E-02  -0.825793E+03
   0.315583E+02   0.252687E+01  -0.632426E+01   0.343894E+01   0.767940E+01   0.799616E+01   0.355968E+01  -0.674678E+01  -0.895728E+01  -0.137709E+02   0.108677E+02   0.402665E-02   0.800949E-02   0.204364E-02   0.549028E-02   0.426570E-02  -0.823837E+03
   0.306938E+02   0.157092E+01  -0.471745E+01   0.499247E+01   0.796750E+01   0.752636E+01   0.237695E+01  -0.115574E+02  -0.142237E+01  -0.132226E+02   0.218032E+01   0.162459E-01   0.274936E-02   0.591959E-02   0.341650E-02   0.172759E-02  -0.824843E+03
   0.309427E+02   0.156430E+01  -0.348239E+01   0.614284E+01   0.728411E+01   0.646064E+01   0.224563E+01  -0.901536E+01  -0.786433E+01  -0.136120E+02   0.353436E+01   0.422002E-02   0.129559E-01   0.157607E-02   0.455556E-02   0.172759E-02  -0.823035E+03
   0.313610E+02   0.667068E+00  -0.347560E+01   0.454665E+01   0.632562E+01   0.444970E+01   0.369570E+01  -0.693834E+01  -0.572118E+01  -0.965347E+01   0.782516E+01   0.171252E-02   0.113682E-01   0.311788E-02   0.857083E-02   0.880373E-02  -0.822624E+03
   0.313398E+02   0.123197E+01  -0.700674E+01   0.680812E+01   0.783806E+01   0.590118E+01   0.894753E+00  -0.478656E+01  -0.721056E+01  -0.987992E+01   0.346972E+01   0.412408E-03   0.880400E-02   0.668701E-02   0.109841E-01   0.524253E-02  -0.823083E+03
   0.308548E+02   0.212215E+01  -0.378390E+01   0.618177E+01   0.755737E+01   0.463724E+01   0.415790E+01  -0.438679E+01  -0.878041E+01  -0.154304E+02   0.565990E+01   0.815927E-02   0.376055E-02   0.839571E-02   0.751043E-03   0.104304E-01  -0.822399E+03
   0.302956E+02   0.146898E+01  -0.309260E+01   0.536082E+01   0.938625E+01   0.593068E+01   0.454830E-01  -0.195163E+01  -0.445354E+01  -0.156378E+02   0.274602E+01   0.772471E-02   0.925546E-02   0.186655E-01   0.962318E-02   0.798213E-02  -0.827789E+03
   0.309511E+02   0.156039E+01  -0.524085E+01   0.536082E+01   0.634387E+01   0.530424E+01   0.191791E+01  -0.847476E+01  -0.580052E+01  -0.116416E+02   0.923705E+01   0.177884E-02   0.147652E-01   0.241374E-01   0.123539E-01   0.462051E-02  -0.823462E+03
   0.310323E+02   0.156039E+01  -0.529029E+01   0.507477E+01   0.801322E+01   0.690050E+01  -0.119139E+01  -0.298695E+01  -0.647372E+01  -0.105166E+02   0.464244E+01   0.763845E-02   0.393993E-01   0.440534E-02   0.142233E-01   0.210155E-01  -0.828880E+03
   0.316135E+02   0.106840E+01  -0.484954E+01   0.287160E+01   0.104058E+02   0.525920E+01   0.477333E+01  -0.799649E+01  -0.707967E+01  -0.963564E+01   0.656077E+01   0.967937E-03   0.330707E-02   0.291667E-02   0.832708E-02   0.119730E-01  -0.824411E+03
   0.319565E+02   0.133180E+01  -0.484954E+01   0.445110E+01   0.119580E+02   0.636892E+01   0.569586E+00  -0.799649E+01  -0.226826E+01  -0.122986E+02   0.746184E+01   0.167476E-01   0.979689E-02   0.102395E-01   0.312439E-01   0.410720E-02  -0.830636E+03
   0.314635E+02   0.264341E+00  -0.572067E+01   0.515029E+01   0.389246E+01   0.333279E+01   0.362507E+01  -0.749371E+01  -0.474801E+01  -0.819395E+01   0.786212E+01   0.169905E-01   0.175145E-01   0.974373E-02   0.843291E-02   0.378854E-02  -0.828587E+03
   0.311047E+02   0.938433E+00  -0.359972E+01   0.519708E+01   0.763978E+01   0.790595E+01   0.667889E+01  -0.413496E+01  -0.334397E+01  -0.120133E+02   0.470516E+01   0.343244E-02   0.388947E-01   0.126269E-01   0.118758E-01   0.232477E-01  -0.832074E+03
   0.310633E+02   0.938433E+00  -0.271006E+01   0.681782E+01   0.845299E+01   0.532277E+01   0.197962E+01  -0.840928E+01  -0.189987E+01  -0.102285E+02   0.507293E+01   0.348071E-02   0.511561E-02   0.232132E-02   0.174000E-02   0.100303E-01  -0.820832E+03
   0.308939E+02   0.124018E+01  -0.302095E+01   0.681782E+01   0.618543E+01   0.418680E+01   0.220182E+01  -0.837688E+01  -0.482452E+01  -0.122643E+02   0.431263E+01   0.791993E-02   0.958095E-03   0.598962E-02   0.174000E-02   0.506036E-02  -0.819067E+03
   0.313737E+02   0.174869E+00  -0.561023E+01   0.698570E+01   0.618543E+01   0.462772E+01   0.251848E+01  -0.697175E+01  -0.496246E+01  -0.133442E+02   0.359572E+01   0.582747E-03   0.958095E-03   0.598962E-02   0.510540E-04   0.880185E-02  -0.819556E+03
   0.314968E+02   0.174869E+00  -0.324778E+01   0.887753E+01   0.776211E+01   0.246057E+01   0.257662E+01  -0.765844E+01  -0.572767E+01  -0.138792E+02   0.387539E+01   0.177123E-02   0.702826E-02   0.156573E-01   0.556936E-02   0.295860E-01  -0.829110E+03
   0.312405E+02   0.407581E+00  -0.458897E+01   0.616525E+01   0.963819E+01   0.664972E+01   0.746986E+01  -0.626393E+01  -0.217322E+01  -0.144622E+02   0.301068E+01   0.992558E-03   0.308066E-01   0.992742E-02   0.310654E-02   0.435682E-01  -0.830794E+03
   0.313178E+02   0.123886E+01  -0.458897E+01   0.622429E+01   0.866282E+01   0.470202E+01   0.271207E+01  -0.644141E+01  -0.549423E+01  -0.122642E+02   0.336522E+01   0.895488E-02   0.220597E-02   0.989336E-02   0.545600E-02   0.233940E-01  -0.821043E+03
   0.298908E+02   0.140904E+01  -0.185157E+01   0.483475E+01   0.594218E+01   0.835721E+01   0.461463E+01  -0.860364E+01  -0.398817E+01  -0.121389E+02   0.872599E+00   0.774206E-02   0.437916E-03   0.543675E-02   0.482864E-02   0.131888E-03  -0.824737E+03
   0.302222E+02   0.117701E+01  -0.400538E+01   0.686380E+01   0.656887E+01   0.586959E+01   0.983049E+00  -0.967363E+01  -0.252938E+01  -0.118797E+02   0.872599E+00   0.204583E-02   0.164128E-01   0.165872E-01   0.135950E-01   0.286015E-02  -0.825184E+03
   0.312220E+02   0.117422E+01  -0.552748E+01   0.336174E+01   0.639181E+01   0.745929E+01   0.350524E+00  -0.768646E+01  -0.366599E+01  -0.784618E+01   0.734632E+01   0.621067E-02   0.396636E-03   0.159119E-01   0.122642E-01   0.745787E-02  -0.823277E+03
   0.315939E+02   0.182699E+01  -0.590012E+01   0.465555E+01   0.791332E+01   0.876098E+01   0.177603E+01  -0.682886E+01  -0.766292E+01  -0.125775E+02   0.228794E+01   0.971852E-02   0.390646E-01   0.144991E-01   0.750193E-02   0.101765E-02  -0.827715E+03
   0.311755E+02   0.230202E+01  -0.418007E+01   0.451440E+01   0.688019E+01   0.642062E+01   0.253697E+01  -0.480500E+01  -0.613240E+01  -0.929194E+01   0.713665E+01   0.170792E-01   0.314527E-02   0.255313E-01   0.854712E-03   0.510622E-02  -0.826120E+03
   0.310285E+02   0.230202E+01  -0.418007E+01   0.555718E+01   0.100347E+02   0.385025E+01  -0.146552E+01  -0.684707E+01  -0.127966E+01  -0.128178E+02   0.731084E+01   0.120943E-01   0.105937E-01   0.618547E-02   0.121198E-02   0.118113E-01  -0.823890E+03
   0.313934E+02   0.206112E+01  -0.543478E+01   0.365358E+01   0.933844E+01   0.711073E+01  -0.138228E+01  -0.836559E+01  -0.320924E+01  -0.129884E+02   0.832838E+01   0.510580E-02   0.418245E-02   0.220036E-02   0.220257E-02   0.630761E-03  -0.820238E+03
   0.309954E+02   0.206112E+01  -0.463544E+01   0.361357E+01   0.110536E+02   0.672560E+01  -0.238513E+01  -0.750949E+01   0.784514E+00  -0.143024E+02   0.383241E+01   0.682959E-02   0.261691E-02   0.342992E-02   0.378715E-02   0.349258E-01  -0.826896E+03
   0.301526E+02   0.106077E+01  -0.420996E+01   0.403869E+01   0.662645E+01   0.405545E+01   0.282144E+01  -0.820105E+01  -0.204660E+01  -0.129249E+02   0.591412E+01   0.542661E-02   0.998792E-02   0.344583E-02   0.972422E-02   0.201603E-01  -0.821963E+03
   0.309645E+02   0.265213E+01  -0.469847E+01   0.561528E+01   0.828183E+01   0.531161E+01   0.155207E+01  -0.598148E+01  -0.519160E+01  -0.119337E+02   0.417737E+01   0.855044E-02   0.221033E-01   0.407476E-02   0.474543E-02   0.512701E-02  -0.821628E+03
   0.301772E+02   0.128301E+01  -0.498592E+01   0.533530E+01   0.800155E+01   0.787518E+01   0.235906E+01  -0.993162E+01   0.162532E+00  -0.114549E+02   0.556266E+00   0.782646E-02   0.321474E-01   0.887803E-02   0.147740E-01   0.105735E-01  -0.828444E+03
   0.311612E+02  -0.711431E-01  -0.366079E+01   0.622099E+01   0.800155E+01   0.366351E+01   0.307232E+01  -0.956094E+01   0.258482E+01  -0.134662E+02   0.307681E+01   0.265313E-02   0.832562E-02   0.426420E-02   0.734228E-02   0.290342E-01  -0.827713E+03
   0.309761E+02   0.103347E+01  -0.366079E+01   0.741981E+01   0.704509E+01   0.372849E+01   0.477543E+01  -0.843230E+01  -0.394318E+01  -0.125635E+02   0.469207E+01   0.447737E-03   0.832562E-02   0.452621E-01   0.551789E-02   0.135889E-01  -0.824149E+03
   0.309137E+02   0.825577E+00  -0.601254E+01   0.662309E+01   0.701082E+01   0.634699E+01   0.243564E+01  -0.729760E+01  -0.136002E+01  -0.972688E+01   0.718167E+01   0.628662E-02   0.434851E-03   0.679143E-03   0.655779E-02   0.319192E-02  -0.820055E+03
   0.305872E+02   0.825577E+00  -0.465054E+01   0.542576E+01   0.927224E+01   0.619997E+01   0.478118E+01  -0.925249E+01  -0.364123E+01  -0.986852E+01  -0.851232E+00   0.159233E-01   0.247875E-01   0.511567E-02   0.309767E-02   0.174945E-01  -0.829049E+03
   0.309538E+02   0.825577E+00  -0.452448E+01   0.620403E+01   0.105646E+02   0.614140E+01   0.305003E+01  -0.649885E+01  -0.377936E+01  -0.100412E+02   0.365287E+01   0.288374E-02   0.910690E-02   0.160481E-02   0.132398E-01   0.109871E-02  -0.822254E+03
   0.301321E+02   0.436686E+00  -0.447653E+01   0.459457E+01   0.914731E+01   0.619299E+01   0.331718E+01  -0.386083E+01  -0.108877E+01  -0.157416E+02   0.750992E+01   0.820805E-02   0.619899E-02   0.939625E-02   0.123486E-01   0.349988E-02  -0.825749E+03
   0.316640E+02   0.205583E+01  -0.613303E+01   0.494853E+01   0.106896E+02   0.372843E+01   0.411525E+00  -0.661334E+01  -0.412961E+01  -0.120155E+02   0.417782E+01   0.101123E-01   0.159947E-01   0.321949E-03   0.520689E-02   0.343251E-02  -0.823413E+03
   0.307706E+02   0.272845E+01  -0.457962E+01   0.535393E+01   0.774211E+01   0.728357E+01  -0.624360E+00  -0.364271E+01  -0.674208E+01  -0.124156E+02   0.363041E+01   0.141949E-02   0.340739E-01   0.495737E-02   0.329781E-02   0.259379E-01  -0.827822E+03
   0.306288E+02   0.167353E+01  -0.570464E+01   0.397110E+01   0.776564E+01   0.615470E+01   0.691152E+00  -0.515006E+01  -0.570505E+01  -0.838251E+01   0.450137E+01   0.871360E-03   0.169664E-01   0.433732E-01   0.100836E-01   0.125291E-02  -0.825409E+03
   0.309168E+02   0.223625E+01  -0.570464E+01   0.383225E+01   0.659483E+01   0.518854E+01   0.378039E+01  -0.677799E+01  -0.684536E+01  -0.151217E+02   0.764765E+01   0.886266E-03   0.162071E-01   0.139826E-01   0.326899E-01   0.218927E-02  -0.825739E+03
   0.308599E+02   0.180167E+01  -0.486857E+01   0.477277E+01   0.923735E+01   0.434719E+01   0.284457E+01  -0.475741E+01  -0.471392E+01  -0.130544E+02   0.746968E+01   0.845671E-03   0.435083E-02   0.290609E-01   0.133455E-02   0.876736E-02  -0.820421E+03
   0.315787E+02   0.240558E+01  -0.523126E+01   0.735182E+01   0.956810E+01   0.583145E+01   0.338340E+01  -0.834946E+01  -0.599026E+01  -0.109749E+02   0.423102E+01   0.885645E-02   0.149425E-01   0.239497E-01   0.102954E-01   0.583566E-02  -0.824751E+03
   0.310885E+02   0.582679E+00  -0.437211E+01   0.620933E+01   0.787468E+01   0.104802E+01   0.522848E+00  -0.105790E+02  -0.332951E+00  -0.117758E+02   0.821469E+01   0.443627E-02   0.564461E-02   0.248198E-01   0.147216E-03   0.112597E-01  -0.828177E+03
   0.306174E+02   0.194514E+01  -0.448822E+01   0.367296E+01   0.885676E+01   0.219167E+01   0.400970E+01  -0.956129E+01  -0.253998E+01  -0.111948E+02   0.561914E+01   0.684974E-02   0.500521E-02   0.540111E-01   0.910715E-02   0.910959E-02  -0.828087E+03
   0.306174E+02   0.135550E+01  -0.339959E+01   0.597653E+01   0.544240E+01   0.980781E+01   0.453475E+01  -0.681420E+01  -0.253998E+01  -0.107385E+02   0.211579E+01   0.612250E-02   0.187449E-02   0.741706E-02   0.936106E-02   0.102392E-01  -0.825388E+03
   0.306801E+02  -0.304595E-01  -0.339959E+01   0.560622E+01   0.732180E+01   0.480239E+01   0.461453E+01  -0.793817E+01  -0.294399E+01  -0.884706E+01   0.234675E+01   0.352993E-02   0.103225E-01   0.160765E-01   0.744388E-02   0.109457E-01  -0.823535E+03
   0.306801E+02   0.821810E+00  -0.328861E+01   0.799424E+01   0.732180E+01   0.424582E+01   0.283407E+01  -0.845406E+01  -0.409383E+01  -0.781369E+01   0.184423E+01   0.670555E-02   0.140671E-01   0.631527E-02   0.646301E-02   0.147090E-01  -0.824952E+03
   0.316674E+02   0.196782E+01  -0.578079E+01   0.608051E+01   0.683699E+01   0.216549E+01   0.415054E+01  -0.865164E+01  -0.919822E+01  -0.863783E+01   0.659831E+01   0.329710E-02   0.126364E-02   0.594390E-03   0.177709E-01   0.998372E-02  -0.825061E+03
   0.316770E+02   0.977026E+00  -0.629814E+01   0.544391E+01   0.913060E+01   0.193673E+01   0.161110E+01  -0.666689E+01  -0.485316E+01  -0.132443E+02   0.619763E+01   0.119829E-01   0.454346E-02   0.677242E-02   0.367281E-02   0.186456E-02  -0.822263E+03
   0.309367E+02   0.977026E+00  -0.521897E+01   0.400126E+01   0.826333E+01   0.751422E+01   0.186379E+01  -0.789738E+01  -0.113036E+01  -0.108767E+02   0.192819E+01   0.181622E-01   0.525108E-02   0.122043E-01   0.367281E-02   0.973971E-02  -0.824836E+03
   0.312321E+02   0.139837E+01  -0.600053E+01   0.638158E+01   0.109538E+02   0.678129E+00  -0.103640E+01  -0.797540E+01   0.234009E-01  -0.139189E+02   0.499307E+01   0.219111E-02   0.473447E-03   0.252516E-01   0.390542E-01   0.150044E-01  -0.832415E+03
   0.310285E+02   0.140093E+01  -0.509520E+01   0.449749E+01   0.948732E+01   0.785623E+01   0.287474E+01  -0.870903E+01  -0.127883E+01  -0.115800E+02   0.305796E+01   0.451016E-02   0.135891E-03   0.126882E-01   0.346344E-01   0.874068E-03  -0.821884E+03
   0.307387E+02   0.172773E+01  -0.420522E+01   0.536900E+01   0.891230E+01   0.417145E+01   0.825094E+00  -0.933171E+01  -0.222518E+01  -0.125702E+02   0.382687E+01   0.421845E-03   0.355224E-02   0.232190E-02   0.415244E-02   0.394240E-02  -0.818082E+03
   0.308335E+02   0.157436E+01  -0.420522E+01   0.378588E+01   0.749253E+01   0.220410E+01  -0.330285E+00  -0.602063E+01  -0.465246E+01  -0.119343E+02   0.510921E+01   0.737174E-02   0.514461E-02   0.180663E-01   0.240178E-01   0.103113E-01  -0.827295E+03
   0.309323E+02   0.169671E+01  -0.420522E+01   0.381547E+01   0.790617E+01   0.608136E+01   0.502097E+01  -0.683779E+01  -0.582717E+01  -0.101463E+02   0.876416E+01   0.902225E-02   0.940175E-03   0.643585E-01   0.952414E-02   0.104519E-01  -0.826734E+03
   0.315135E+02   0.135689E-01  -0.622983E+01   0.307609E+01   0.981107E+01   0.554561E+01   0.312018E+01  -0.773759E+01   0.147048E+01  -0.150348E+02   0.988678E+01   0.111891E-01   0.103686E-01   0.822639E-02   0.202218E-02   0.355486E-02  -0.829012E+03
   0.313270E+02   0.277258E+01  -0.356893E+01   0.464418E+01   0.124518E+02   0.678860E+01  -0.485009E+00  -0.808684E+01  -0.914290E+00  -0.140832E+02  -0.525252E+00   0.541998E-02   0.144771E-01   0.225174E-02   0.326667E-02   0.135513E-02  -0.827954E+03
   0.311655E+02   0.272207E+01  -0.507229E+01   0.435868E+01   0.879435E+01   0.706508E+01   0.138182E+01  -0.713293E+01  -0.362328E+00  -0.132470E+02   0.796303E+01   0.453528E-02   0.110438E-01   0.651214E-02   0.188784E-02   0.135513E-02  -0.824256E+03
   0.305418E+02   0.141110E+01  -0.570091E+01   0.510793E+01   0.884595E+01   0.505522E+01   0.382827E+01  -0.668216E+01  -0.242917E+01  -0.840667E+01   0.617806E+01   0.892443E-02   0.697889E-02   0.124302E-01   0.196773E-03   0.135513E-02  -0.820240E+03
   0.313686E+02  -0.908651E-01  -0.476255E+01   0.860939E+01   0.807606E+01   0.141097E+01   0.442811E+01  -0.600079E+01  -0.237202E+01  -0.147984E+02   0.361130E+01   0.319671E-02   0.796773E-02   0.857617E-02   0.601091E-02   0.257959E-02  -0.824811E+03
