 Err001 à  01:08:20:00 + 600 : DIVERGENCE des itérations (Debord)
       écart relatif (à Ymax et Qmax) croissant entre 2 itérées successives
       Itération 07 : écart en DZ = 0.463946E-01 ; écart en DQ = 0.385773E-01
       Itération 08 : écart en DZ = 0.100037E+00 ; écart en DQ = 0.900431E-01
       Z : Pm   37063.00 du bief   6 ; Q : Pm   37168.00 du bief   6
 Err002 à  01:12:20:00 + 600 : NON CONVERGENCE des itérations 
       écart relatif (à Ymax et Qmax) trop grand après 99 itérations
       Itération 98 : écart en DZ = 0.917125E-02 ; écart en DQ = 0.184235E-01
       Itération 99 : écart en DZ = 0.917227E-02 ; écart en DQ = 0.184255E-01
       Z : Pm   27429.00 du bief   6 ; Q : Pm   27694.33 du bief   6
       Residu : 0.480952E+01(006: 27561.67)
 Err010 à  01:13:30:00              : INSTABILITÉ NUMÉRIQUE (Froude grand)
       Froude = 0.58E+01 au Pm   39107.00 du Bief 004
       Vitesse = 12.985 Largeur =   35.276 Section =    18.01 Hauteur =  0.968
 Err010 à  01:13:22:00              : INSTABILITÉ NUMÉRIQUE (Froude grand)
       Froude = 0.56E+01 au Pm   39586.00 du Bief 004
       Vitesse = 15.208 Largeur =   44.813 Section =    33.40 Hauteur =  1.859
 Err010 à  01:13:20:24              : INSTABILITÉ NUMÉRIQUE (Froude grand)
       Froude = 0.12E+03 au Pm   39586.00 du Bief 004
       Vitesse = ****** Largeur =   10.722 Section =     4.50 Hauteur =  0.802
 Err001 à  01:13:20:00 + 4.000 : DIVERGENCE des itérations (Debord)
       écart relatif (à Ymax et Qmax) croissant entre 2 itérées successives
       Itération 07 : écart en DZ = 0.455353E-02 ; écart en DQ = 0.610329E-01
       Itération 08 : écart en DZ = 0.764731E-02 ; écart en DQ = 0.103078E+00
       Z : Pm   39692.00 du bief   4 ; Q : Pm   39738.00 du bief   4
 Err001 à  01:13:20:05 + 5.000 : DIVERGENCE des itérations (Debord)
       écart relatif (à Ymax et Qmax) croissant entre 2 itérées successives
       Itération 07 : écart en DZ = 0.113712E-01 ; écart en DQ = 0.145255E+00
       Itération 08 : écart en DZ = 0.269678E-01 ; écart en DQ = 0.349504E+00
       Z : Pm   39692.00 du bief   4 ; Q : Pm   39738.00 du bief   4
 Err001 à  01:13:20:10 + 5.000 : DIVERGENCE des itérations (Debord)
       écart relatif (à Ymax et Qmax) croissant entre 2 itérées successives
       Itération 07 : écart en DZ = 0.725190E-03 ; écart en DQ = 0.930179E-02
       Itération 08 : écart en DZ = 0.166124E-02 ; écart en DQ = 0.212844E-01
       Z : Pm   39692.00 du bief   4 ; Q : Pm   39738.00 du bief   4
 Err001 à  01:13:20:15 + 5.000 : DIVERGENCE des itérations (Debord)
       écart relatif (à Ymax et Qmax) croissant entre 2 itérées successives
       Itération 07 : écart en DZ = 0.521474E-02 ; écart en DQ = 0.670025E-01
       Itération 08 : écart en DZ = 0.119217E-01 ; écart en DQ = 0.152188E+00
       Z : Pm   39692.00 du bief   4 ; Q : Pm   39738.00 du bief   4
 Err001 à  01:13:20:20 + 5.000 : DIVERGENCE des itérations (Debord)
       écart relatif (à Ymax et Qmax) croissant entre 2 itérées successives
       Itération 07 : écart en DZ = 0.691814E-02 ; écart en DQ = 0.889430E-01
       Itération 08 : écart en DZ = 0.159123E-01 ; écart en DQ = 0.202886E+00
       Z : Pm   39692.00 du bief   4 ; Q : Pm   39738.00 du bief   4
 Err001 à  01:13:20:25 + 5.000 : DIVERGENCE des itérations (Debord)
       écart relatif (à Ymax et Qmax) croissant entre 2 itérées successives
       Itération 07 : écart en DZ = 0.741206E-02 ; écart en DQ = 0.953075E-01
       Itération 08 : écart en DZ = 0.171983E-01 ; écart en DQ = 0.219204E+00
       Z : Pm   39692.00 du bief   4 ; Q : Pm   39738.00 du bief   4
 Err001 à  01:13:20:30 + 5.000 : DIVERGENCE des itérations (Debord)
       écart relatif (à Ymax et Qmax) croissant entre 2 itérées successives
       Itération 07 : écart en DZ = 0.814621E-02 ; écart en DQ = 0.104771E+00
       Itération 08 : écart en DZ = 0.190737E-01 ; écart en DQ = 0.242976E+00
       Z : Pm   39692.00 du bief   4 ; Q : Pm   39738.00 du bief   4
 Err001 à  01:13:20:35 + 5.000 : DIVERGENCE des itérations (Debord)
       écart relatif (à Ymax et Qmax) croissant entre 2 itérées successives
       Itération 07 : écart en DZ = 0.901135E-02 ; écart en DQ = 0.115929E+00
       Itération 08 : écart en DZ = 0.212950E-01 ; écart en DQ = 0.271102E+00
       Z : Pm   39692.00 du bief   4 ; Q : Pm   39738.00 du bief   4
 Err001 à  01:13:20:40 + 5.000 : DIVERGENCE des itérations (Debord)
       écart relatif (à Ymax et Qmax) croissant entre 2 itérées successives
       Itération 07 : écart en DZ = 0.983161E-02 ; écart en DQ = 0.126511E+00
       Itération 08 : écart en DZ = 0.234744E-01 ; écart en DQ = 0.298667E+00
       Z : Pm   39692.00 du bief   4 ; Q : Pm   39738.00 du bief   4
 Err001 à  01:13:20:45 + 5.000 : DIVERGENCE des itérations (Debord)
       écart relatif (à Ymax et Qmax) croissant entre 2 itérées successives
       Itération 07 : écart en DZ = 0.104588E-01 ; écart en DQ = 0.134600E+00
       Itération 08 : écart en DZ = 0.252386E-01 ; écart en DQ = 0.320960E+00
       Z : Pm   39692.00 du bief   4 ; Q : Pm   39738.00 du bief   4
 Err001 à  01:13:20:50 + 5.000 : DIVERGENCE des itérations (Debord)
       écart relatif (à Ymax et Qmax) croissant entre 2 itérées successives
       Itération 07 : écart en DZ = 0.113689E-01 ; écart en DQ = 0.146348E+00
       Itération 08 : écart en DZ = 0.277114E-01 ; écart en DQ = 0.352165E+00
       Z : Pm   39692.00 du bief   4 ; Q : Pm   39738.00 du bief   4
 Err001 à  01:13:20:55 + 5.000 : DIVERGENCE des itérations (Debord)
       écart relatif (à Ymax et Qmax) croissant entre 2 itérées successives
       Itération 07 : écart en DZ = 0.126502E-01 ; écart en DQ = 0.162900E+00
       Itération 08 : écart en DZ = 0.311396E-01 ; écart en DQ = 0.395365E+00
       Z : Pm   39692.00 du bief   4 ; Q : Pm   39738.00 du bief   4
 Err001 à  01:13:21:00 + 5.000 : DIVERGENCE des itérations (Debord)
       écart relatif (à Ymax et Qmax) croissant entre 2 itérées successives
       Itération 07 : écart en DZ = 0.140296E-01 ; écart en DQ = 0.180731E+00
       Itération 08 : écart en DZ = 0.348980E-01 ; écart en DQ = 0.442649E+00
       Z : Pm   39692.00 du bief   4 ; Q : Pm   39738.00 du bief   4
 Err001 à  01:13:21:05 + 5.000 : DIVERGENCE des itérations (Debord)
       écart relatif (à Ymax et Qmax) croissant entre 2 itérées successives
       Itération 07 : écart en DZ = 0.151546E-01 ; écart en DQ = 0.195278E+00
       Itération 08 : écart en DZ = 0.381241E-01 ; écart en DQ = 0.483181E+00
       Z : Pm   39692.00 du bief   4 ; Q : Pm   39738.00 du bief   4
 Err001 à  01:13:21:10 + 5.000 : DIVERGENCE des itérations (Debord)
       écart relatif (à Ymax et Qmax) croissant entre 2 itérées successives
       Itération 07 : écart en DZ = 0.161379E-01 ; écart en DQ = 0.207994E+00
       Itération 08 : écart en DZ = 0.410646E-01 ; écart en DQ = 0.520084E+00
       Z : Pm   39692.00 du bief   4 ; Q : Pm   39738.00 du bief   4
 Err001 à  01:13:21:15 + 5.000 : DIVERGENCE des itérations (Debord)
       écart relatif (à Ymax et Qmax) croissant entre 2 itérées successives
       Itération 07 : écart en DZ = 0.173166E-01 ; écart en DQ = 0.223246E+00
       Itération 08 : écart en DZ = 0.445502E-01 ; écart en DQ = 0.563765E+00
       Z : Pm   39692.00 du bief   4 ; Q : Pm   39738.00 du bief   4
 Err001 à  01:13:21:20 + 5.000 : DIVERGENCE des itérations (Debord)
       écart relatif (à Ymax et Qmax) croissant entre 2 itérées successives
       Itération 07 : écart en DZ = 0.188878E-01 ; écart en DQ = 0.243598E+00
       Itération 08 : écart en DZ = 0.491036E-01 ; écart en DQ = 0.620719E+00
       Z : Pm   39692.00 du bief   4 ; Q : Pm   39738.00 du bief   4
 Err001 à  01:13:21:25 + 5.000 : DIVERGENCE des itérations (Debord)
       écart relatif (à Ymax et Qmax) croissant entre 2 itérées successives
       Itération 07 : écart en DZ = 0.206438E-01 ; écart en DQ = 0.266365E+00
       Itération 08 : écart en DZ = 0.542281E-01 ; écart en DQ = 0.684687E+00
       Z : Pm   39692.00 du bief   4 ; Q : Pm   39738.00 du bief   4
 Err001 à  01:13:21:30 + 5.000 : DIVERGENCE des itérations (Debord)
       écart relatif (à Ymax et Qmax) croissant entre 2 itérées successives
       Itération 07 : écart en DZ = 0.225866E-01 ; écart en DQ = 0.291575E+00
       Itération 08 : écart en DZ = 0.599460E-01 ; écart en DQ = 0.756010E+00
       Z : Pm   39692.00 du bief   4 ; Q : Pm   39738.00 du bief   4
 Err001 à  01:13:21:35 + 5.000 : DIVERGENCE des itérations (Debord)
       écart relatif (à Ymax et Qmax) croissant entre 2 itérées successives
       Itération 07 : écart en DZ = 0.245292E-01 ; écart en DQ = 0.316802E+00
       Itération 08 : écart en DZ = 0.657862E-01 ; écart en DQ = 0.828893E+00
       Z : Pm   39692.00 du bief   4 ; Q : Pm   39738.00 du bief   4
 Err001 à  01:13:21:40 + 5.000 : DIVERGENCE des itérations (Debord)
       écart relatif (à Ymax et Qmax) croissant entre 2 itérées successives
       Itération 07 : écart en DZ = 0.265246E-01 ; écart en DQ = 0.342733E+00
       Itération 08 : écart en DZ = 0.718790E-01 ; écart en DQ = 0.904963E+00
       Z : Pm   39692.00 du bief   4 ; Q : Pm   39738.00 du bief   4
 Err001 à  01:13:21:45 + 5.000 : DIVERGENCE des itérations (Debord)
       écart relatif (à Ymax et Qmax) croissant entre 2 itérées successives
       Itération 07 : écart en DZ = 0.289152E-01 ; écart en DQ = 0.373839E+00
       Itération 08 : écart en DZ = 0.791275E-01 ; écart en DQ = 0.995508E+00
       Z : Pm   39692.00 du bief   4 ; Q : Pm   39738.00 du bief   4
 Err001 à  01:13:21:50 + 5.000 : DIVERGENCE des itérations (Debord)
       écart relatif (à Ymax et Qmax) croissant entre 2 itérées successives
       Itération 07 : écart en DZ = 0.315495E-01 ; écart en DQ = 0.408156E+00
       Itération 08 : écart en DZ = 0.871761E-01 ; écart en DQ = 0.109622E+01
       Z : Pm   39692.00 du bief   4 ; Q : Pm   39738.00 du bief   4
 Err001 à  01:13:21:55 + 5.000 : DIVERGENCE des itérations (Debord)
       écart relatif (à Ymax et Qmax) croissant entre 2 itérées successives
       Itération 07 : écart en DZ = 0.344801E-01 ; écart en DQ = 0.446385E+00
       Itération 08 : écart en DZ = 0.961936E-01 ; écart en DQ = 0.120931E+01
       Z : Pm   39692.00 du bief   4 ; Q : Pm   39738.00 du bief   4
 Err001 à  01:13:22:00 + 5.000 : DIVERGENCE des itérations (Debord)
       écart relatif (à Ymax et Qmax) croissant entre 2 itérées successives
       Itération 07 : écart en DZ = 0.379037E-01 ; écart en DQ = 0.491117E+00
       Itération 08 : écart en DZ = 0.106734E+00 ; écart en DQ = 0.134164E+01
       Z : Pm   39692.00 du bief   4 ; Q : Pm   39738.00 du bief   4
 Err001 à  01:13:22:05 + 5.000 : DIVERGENCE des itérations (Debord)
       écart relatif (à Ymax et Qmax) croissant entre 2 itérées successives
       Itération 07 : écart en DZ = 0.417020E-01 ; écart en DQ = 0.540826E+00
       Itération 08 : écart en DZ = 0.118306E+00 ; écart en DQ = 0.148723E+01
       Z : Pm   39692.00 du bief   4 ; Q : Pm   39738.00 du bief   4
 Err001 à  01:13:22:10 + 5.000 : DIVERGENCE des itérations (Debord)
       écart relatif (à Ymax et Qmax) croissant entre 2 itérées successives
       Itération 07 : écart en DZ = 0.459697E-01 ; écart en DQ = 0.596825E+00
       Itération 08 : écart en DZ = 0.131573E+00 ; écart en DQ = 0.165442E+01
       Z : Pm   39692.00 du bief   4 ; Q : Pm   39738.00 du bief   4
 Err001 à  01:13:22:15 + 5.000 : DIVERGENCE des itérations (Debord)
       écart relatif (à Ymax et Qmax) croissant entre 2 itérées successives
       Itération 07 : écart en DZ = 0.508175E-01 ; écart en DQ = 0.660695E+00
       Itération 08 : écart en DZ = 0.146651E+00 ; écart en DQ = 0.184542E+01
       Z : Pm   39692.00 du bief   4 ; Q : Pm   39738.00 du bief   4
 Err001 à  01:13:22:20 + 5.000 : DIVERGENCE des itérations (Debord)
       écart relatif (à Ymax et Qmax) croissant entre 2 itérées successives
       Itération 07 : écart en DZ = 0.561938E-01 ; écart en DQ = 0.731560E+00
       Itération 08 : écart en DZ = 0.163337E+00 ; écart en DQ = 0.205796E+01
       Z : Pm   39692.00 du bief   4 ; Q : Pm   39738.00 du bief   4
 Err001 à  01:13:22:25 + 5.000 : DIVERGENCE des itérations (Debord)
       écart relatif (à Ymax et Qmax) croissant entre 2 itérées successives
       Itération 07 : écart en DZ = 0.623433E-01 ; écart en DQ = 0.812683E+00
       Itération 08 : écart en DZ = 0.182195E+00 ; écart en DQ = 0.230073E+01
       Z : Pm   39692.00 du bief   4 ; Q : Pm   39738.00 du bief   4
 Err001 à  01:13:22:30 + 5.000 : DIVERGENCE des itérations (Debord)
       écart relatif (à Ymax et Qmax) croissant entre 2 itérées successives
       Itération 07 : écart en DZ = 0.695148E-01 ; écart en DQ = 0.907370E+00
       Itération 08 : écart en DZ = 0.203711E+00 ; écart en DQ = 0.258257E+01
       Z : Pm   39692.00 du bief   4 ; Q : Pm   39738.00 du bief   4
 Err010 à  01:14:30:00              : INSTABILITÉ NUMÉRIQUE (Froude grand)
       Froude = 0.37E+01 au Pm   39107.00 du Bief 004
       Vitesse =  8.659 Largeur =   40.039 Section =    22.64 Hauteur =  1.091
 Err010 à  01:14:22:00              : INSTABILITÉ NUMÉRIQUE (Froude grand)
       Froude = 0.39E+01 au Pm   39316.00 du Bief 004
       Vitesse =  8.545 Largeur =   77.529 Section =    37.23 Hauteur =  1.406
 Err010 à  01:14:20:24              : INSTABILITÉ NUMÉRIQUE (Froude grand)
       Froude = 0.20E+01 au Pm   39416.00 du Bief 004
       Vitesse =  5.831 Largeur =   99.538 Section =    88.75 Hauteur =  2.012
 Err001 à  01:14:20:00 + 4.000 : DIVERGENCE des itérations (Debord)
       écart relatif (à Ymax et Qmax) croissant entre 2 itérées successives
       Itération 07 : écart en DZ = 0.220358E-03 ; écart en DQ = 0.485210E-02
       Itération 08 : écart en DZ = 0.297084E-03 ; écart en DQ = 0.654081E-02
       Z : Pm   39466.00 du bief   4 ; Q : Pm   39526.00 du bief   4
 Err001 à  01:14:20:05 + 5.000 : DIVERGENCE des itérations (Debord)
       écart relatif (à Ymax et Qmax) croissant entre 2 itérées successives
       Itération 07 : écart en DZ = 0.698110E-02 ; écart en DQ = 0.146044E+00
       Itération 08 : écart en DZ = 0.150408E-01 ; écart en DQ = 0.313466E+00
       Z : Pm   39466.00 du bief   4 ; Q : Pm   39526.00 du bief   4
 Err001 à  01:14:20:10 + 5.000 : DIVERGENCE des itérations (Debord)
       écart relatif (à Ymax et Qmax) croissant entre 2 itérées successives
       Itération 07 : écart en DZ = 0.130610E-01 ; écart en DQ = 0.273514E+00
       Itération 08 : écart en DZ = 0.303867E-01 ; écart en DQ = 0.631941E+00
       Z : Pm   39466.00 du bief   4 ; Q : Pm   39526.00 du bief   4
 Err001 à  01:14:20:15 + 5.000 : DIVERGENCE des itérations (Debord)
       écart relatif (à Ymax et Qmax) croissant entre 2 itérées successives
       Itération 07 : écart en DZ = 0.258083E-01 ; écart en DQ = 0.540922E+00
       Itération 08 : écart en DZ = 0.639468E-01 ; écart en DQ = 0.133853E+01
       Z : Pm   39466.00 du bief   4 ; Q : Pm   39526.00 du bief   4
 Err001 à  01:14:20:20 + 5.000 : DIVERGENCE des itérations (Debord)
       écart relatif (à Ymax et Qmax) croissant entre 2 itérées successives
       Itération 07 : écart en DZ = 0.546641E-01 ; écart en DQ = 0.114775E+01
       Itération 08 : écart en DZ = 0.138236E+00 ; écart en DQ = 0.301828E+01
       Z : Pm   39466.00 du bief   4 ; Q : Pm   39526.00 du bief   4
 Err001 à  01:14:20:25 + 5.000 : DIVERGENCE des itérations (Debord)
       écart relatif (à Ymax et Qmax) croissant entre 2 itérées successives
       Itération 07 : écart en DZ = 0.126382E+00 ; écart en DQ = 0.266325E+01
       Itération 08 : écart en DZ = 0.202536E+00 ; écart en DQ = 0.653326E+01
       Z : Pm   39466.00 du bief   4 ; Q : Pm   39526.00 du bief   4
 Err001 à  01:14:20:30 + 5.000 : DIVERGENCE des itérations (Debord)
       écart relatif (à Ymax et Qmax) croissant entre 2 itérées successives
       Itération 07 : écart en DZ = 0.332792E+00 ; écart en DQ = 0.709048E+01
       Itération 08 : écart en DZ = 0.129052E+01 ; écart en DQ = 0.433181E+04
       Z : Pm   39526.00 du bief   4 ; Q : Pm   39526.00 du bief   4
 Err010 à  01:14:20:40              : INSTABILITÉ NUMÉRIQUE (Froude grand)
       Froude = 0.26E+01 au Pm   39466.00 du Bief 004
       Vitesse =  7.583 Largeur =   98.828 Section =    87.65 Hauteur =  2.054
 Err010 à  01:14:40:00              : INSTABILITÉ NUMÉRIQUE (Froude grand)
       Froude = 0.25E+01 au Pm   39266.00 du Bief 004
       Vitesse =  5.831 Largeur =   56.923 Section =    32.63 Hauteur =  1.276
 Err010 à  01:14:33:40              : INSTABILITÉ NUMÉRIQUE (Froude grand)
       Froude = 0.63E+01 au Pm   39646.00 du Bief 004
       Vitesse = 17.818 Largeur =   34.551 Section =    27.85 Hauteur =  1.768
 Err001 à  01:14:32:05 + 19.000 : DIVERGENCE des itérations (Debord)
       écart relatif (à Ymax et Qmax) croissant entre 2 itérées successives
       Itération 07 : écart en DZ = 0.453638E+00 ; écart en DQ = 0.443666E+01
       Itération 08 : écart en DZ = 0.149714E+01 ; écart en DQ = 0.128413E+05
       Z : Pm   40037.00 du bief   4 ; Q : Pm   39692.00 du bief   4
 Err001 à  01:14:32:20 + 15.000 : DIVERGENCE des itérations (Debord)
       écart relatif (à Ymax et Qmax) croissant entre 2 itérées successives
       Itération 07 : écart en DZ = 0.712490E-01 ; écart en DQ = 0.691510E+00
       Itération 08 : écart en DZ = 0.169347E+00 ; écart en DQ = 0.150029E+01
       Z : Pm   39646.00 du bief   4 ; Q : Pm   39692.00 du bief   4
 Err001 à  01:14:32:35 + 15.000 : DIVERGENCE des itérations (Debord)
       écart relatif (à Ymax et Qmax) croissant entre 2 itérées successives
       Itération 07 : écart en DZ = 0.990886E-01 ; écart en DQ = 0.969544E+00
       Itération 08 : écart en DZ = 0.237629E+00 ; écart en DQ = 0.212317E+01
       Z : Pm   39646.00 du bief   4 ; Q : Pm   39692.00 du bief   4
 Err001 à  01:14:32:50 + 15.000 : DIVERGENCE des itérations (Debord)
       écart relatif (à Ymax et Qmax) croissant entre 2 itérées successives
       Itération 07 : écart en DZ = 0.140274E+00 ; écart en DQ = 0.138687E+01
       Itération 08 : écart en DZ = 0.311667E+00 ; écart en DQ = 0.292654E+01
       Z : Pm   39646.00 du bief   4 ; Q : Pm   39692.00 du bief   4
 Err001 à  01:14:33:05 + 15.000 : DIVERGENCE des itérations (Debord)
       écart relatif (à Ymax et Qmax) croissant entre 2 itérées successives
       Itération 07 : écart en DZ = 0.203045E+00 ; écart en DQ = 0.203054E+01
       Itération 08 : écart en DZ = 0.314394E+00 ; écart en DQ = 0.381627E+01
       Z : Pm   39646.00 du bief   4 ; Q : Pm   39692.00 du bief   4
 Err001 à  01:14:33:20 + 15.000 : DIVERGENCE des itérations (Debord)
       écart relatif (à Ymax et Qmax) croissant entre 2 itérées successives
       Itération 07 : écart en DZ = 0.305239E+00 ; écart en DQ = 0.310043E+01
       Itération 08 : écart en DZ = 0.125773E+01 ; écart en DQ = 0.253478E+02
       Z : Pm   39738.00 du bief   4 ; Q : Pm   39692.00 du bief   4
 Err001 à  01:14:33:35 + 15.000 : DIVERGENCE des itérations (Debord)
       écart relatif (à Ymax et Qmax) croissant entre 2 itérées successives
       Itération 07 : écart en DZ = 0.483942E+00 ; écart en DQ = 0.502578E+01
       Itération 08 : écart en DZ = 0.152988E+01 ; écart en DQ = 0.261365E+06
       Z : Pm   40056.00 du bief   4 ; Q : Pm   39692.00 du bief   4
 Err001 à  01:14:33:50 + 15.000 : DIVERGENCE des itérations (Debord)
       écart relatif (à Ymax et Qmax) croissant entre 2 itérées successives
       Itération 07 : écart en DZ = 0.865543E+00 ; écart en DQ = 0.928840E+01
       Itération 08 : écart en DZ = 0.152997E+01 ; écart en DQ = 0.198752E+17
       Z : Pm   40056.00 du bief   4 ; Q : Pm   39692.00 du bief   4
 Err010 à  01:20:10:00              : INSTABILITÉ NUMÉRIQUE (Froude grand)
       Froude = 0.24E+01 au Pm   38478.00 du Bief 004
       Vitesse =  6.163 Largeur =   46.211 Section =    30.70 Hauteur =  1.083
 Err010 à  01:20:02:00              : INSTABILITÉ NUMÉRIQUE (Froude grand)
       Froude = 0.55E+01 au Pm   39646.00 du Bief 004
       Vitesse = 14.881 Largeur =   33.238 Section =    24.62 Hauteur =  1.672
 Err010 à  01:20:00:24              : INSTABILITÉ NUMÉRIQUE (Froude grand)
       Froude = 0.18E+01 au Pm   39738.00 du Bief 004
       Vitesse =  6.613 Largeur =   60.971 Section =    88.20 Hauteur =  2.645
 Err001 à  01:20:00:00 + 4.000 : DIVERGENCE des itérations (Debord)
       écart relatif (à Ymax et Qmax) croissant entre 2 itérées successives
       Itération 07 : écart en DZ = 0.505522E-02 ; écart en DQ = 0.719014E-01
       Itération 08 : écart en DZ = 0.102375E-01 ; écart en DQ = 0.146536E+00
       Z : Pm   39692.00 du bief   4 ; Q : Pm   39738.00 du bief   4
 Err001 à  01:20:00:05 + 5.000 : DIVERGENCE des itérations (Debord)
       écart relatif (à Ymax et Qmax) croissant entre 2 itérées successives
       Itération 07 : écart en DZ = 0.110689E+00 ; écart en DQ = 0.147757E+01
       Itération 08 : écart en DZ = 0.402418E+00 ; écart en DQ = 0.585518E+01
       Z : Pm   39692.00 du bief   4 ; Q : Pm   39738.00 du bief   4
 Err001 à  01:20:00:10 + 5.000 : DIVERGENCE des itérations (Debord)
       écart relatif (à Ymax et Qmax) croissant entre 2 itérées successives
       Itération 07 : écart en DZ = 0.910801E-01 ; écart en DQ = 0.121683E+01
       Itération 08 : écart en DZ = 0.311938E+00 ; écart en DQ = 0.449164E+01
       Z : Pm   39692.00 du bief   4 ; Q : Pm   39738.00 du bief   4
 Err001 à  01:20:00:15 + 5.000 : DIVERGENCE des itérations (Debord)
       écart relatif (à Ymax et Qmax) croissant entre 2 itérées successives
       Itération 07 : écart en DZ = 0.750007E-01 ; écart en DQ = 0.100342E+01
       Itération 08 : écart en DZ = 0.243471E+00 ; écart en DQ = 0.347957E+01
       Z : Pm   39692.00 du bief   4 ; Q : Pm   39738.00 du bief   4
 Err001 à  01:20:00:20 + 5.000 : DIVERGENCE des itérations (Debord)
       écart relatif (à Ymax et Qmax) croissant entre 2 itérées successives
       Itération 07 : écart en DZ = 0.618472E-01 ; écart en DQ = 0.829050E+00
       Itération 08 : écart en DZ = 0.191042E+00 ; écart en DQ = 0.271476E+01
       Z : Pm   39692.00 du bief   4 ; Q : Pm   39738.00 du bief   4
 Err001 à  01:20:00:25 + 5.000 : DIVERGENCE des itérations (Debord)
       écart relatif (à Ymax et Qmax) croissant entre 2 itérées successives
       Itération 07 : écart en DZ = 0.511855E-01 ; écart en DQ = 0.687637E+00
       Itération 08 : écart en DZ = 0.150976E+00 ; écart en DQ = 0.213556E+01
       Z : Pm   39692.00 du bief   4 ; Q : Pm   39738.00 du bief   4
 Err001 à  01:20:00:30 + 5.000 : DIVERGENCE des itérations (Debord)
       écart relatif (à Ymax et Qmax) croissant entre 2 itérées successives
       Itération 07 : écart en DZ = 0.425314E-01 ; écart en DQ = 0.572443E+00
       Itération 08 : écart en DZ = 0.120242E+00 ; écart en DQ = 0.169314E+01
       Z : Pm   39692.00 du bief   4 ; Q : Pm   39738.00 du bief   4
 Err001 à  01:20:00:35 + 5.000 : DIVERGENCE des itérations (Debord)
       écart relatif (à Ymax et Qmax) croissant entre 2 itérées successives
       Itération 07 : écart en DZ = 0.354236E-01 ; écart en DQ = 0.477542E+00
       Itération 08 : écart en DZ = 0.963992E-01 ; écart en DQ = 0.135268E+01
       Z : Pm   39692.00 du bief   4 ; Q : Pm   39738.00 du bief   4
 Err001 à  01:20:00:40 + 5.000 : DIVERGENCE des itérations (Debord)
       écart relatif (à Ymax et Qmax) croissant entre 2 itérées successives
       Itération 07 : écart en DZ = 0.296378E-01 ; écart en DQ = 0.400093E+00
       Itération 08 : écart en DZ = 0.778243E-01 ; écart en DQ = 0.108848E+01
       Z : Pm   39692.00 du bief   4 ; Q : Pm   39738.00 du bief   4
 Err001 à  01:20:00:45 + 5.000 : DIVERGENCE des itérations (Debord)
       écart relatif (à Ymax et Qmax) croissant entre 2 itérées successives
       Itération 07 : écart en DZ = 0.249164E-01 ; écart en DQ = 0.336748E+00
       Itération 08 : écart en DZ = 0.632578E-01 ; écart en DQ = 0.881919E+00
       Z : Pm   39692.00 du bief   4 ; Q : Pm   39738.00 du bief   4
 Err001 à  01:20:00:50 + 5.000 : DIVERGENCE des itérations (Debord)
       écart relatif (à Ymax et Qmax) croissant entre 2 itérées successives
       Itération 07 : écart en DZ = 0.210164E-01 ; écart en DQ = 0.284327E+00
       Itération 08 : écart en DZ = 0.516734E-01 ; écart en DQ = 0.718029E+00
       Z : Pm   39692.00 du bief   4 ; Q : Pm   39738.00 du bief   4
 Err001 à  01:20:00:55 + 5.000 : DIVERGENCE des itérations (Debord)
       écart relatif (à Ymax et Qmax) croissant entre 2 itérées successives
       Itération 07 : écart en DZ = 0.177810E-01 ; écart en DQ = 0.240766E+00
       Itération 08 : écart en DZ = 0.424241E-01 ; écart en DQ = 0.587396E+00
       Z : Pm   39692.00 du bief   4 ; Q : Pm   39738.00 du bief   4
 Err001 à  01:20:01:00 + 5.000 : DIVERGENCE des itérations (Debord)
       écart relatif (à Ymax et Qmax) croissant entre 2 itérées successives
       Itération 07 : écart en DZ = 0.151088E-01 ; écart en DQ = 0.204735E+00
       Itération 08 : écart en DZ = 0.350303E-01 ; écart en DQ = 0.483698E+00
       Z : Pm   39692.00 du bief   4 ; Q : Pm   39738.00 du bief   4
 Err001 à  01:20:01:05 + 5.000 : DIVERGENCE des itérations (Debord)
       écart relatif (à Ymax et Qmax) croissant entre 2 itérées successives
       Itération 07 : écart en DZ = 0.128940E-01 ; écart en DQ = 0.174835E+00
       Itération 08 : écart en DZ = 0.290820E-01 ; écart en DQ = 0.400718E+00
       Z : Pm   39692.00 du bief   4 ; Q : Pm   39738.00 du bief   4
 Err001 à  01:20:01:10 + 5.000 : DIVERGENCE des itérations (Debord)
       écart relatif (à Ymax et Qmax) croissant entre 2 itérées successives
       Itération 07 : écart en DZ = 0.110378E-01 ; écart en DQ = 0.149750E+00
       Itération 08 : écart en DZ = 0.242439E-01 ; écart en DQ = 0.333489E+00
       Z : Pm   39692.00 du bief   4 ; Q : Pm   39738.00 du bief   4
 Err001 à  01:20:01:15 + 5.000 : DIVERGENCE des itérations (Debord)
       écart relatif (à Ymax et Qmax) croissant entre 2 itérées successives
       Itération 07 : écart en DZ = 0.948228E-02 ; écart en DQ = 0.128710E+00
       Itération 08 : écart en DZ = 0.203009E-01 ; écart en DQ = 0.278865E+00
       Z : Pm   39692.00 du bief   4 ; Q : Pm   39738.00 du bief   4
 Err001 à  01:20:01:20 + 5.000 : DIVERGENCE des itérations (Debord)
       écart relatif (à Ymax et Qmax) croissant entre 2 itérées successives
       Itération 07 : écart en DZ = 0.816637E-02 ; écart en DQ = 0.110897E+00
       Itération 08 : écart en DZ = 0.170556E-01 ; écart en DQ = 0.234021E+00
       Z : Pm   39692.00 du bief   4 ; Q : Pm   39738.00 du bief   4
 Err010 à  01:20:01:30              : INSTABILITÉ NUMÉRIQUE (Froude grand)
       Froude = 0.19E+01 au Pm   39646.00 du Bief 004
       Vitesse =  7.288 Largeur =   50.795 Section =    74.31 Hauteur =  2.867
 Err001 à  01:20:01:30 + 5.000 : DIVERGENCE des itérations (Debord)
       écart relatif (à Ymax et Qmax) croissant entre 2 itérées successives
       Itération 07 : écart en DZ = 0.436907E+00 ; écart en DQ = 0.551194E+01
       Itération 08 : écart en DZ = 0.150919E+01 ; écart en DQ = 0.163166E+07
       Z : Pm   39738.00 du bief   4 ; Q : Pm   39738.00 du bief   4
 Err001 à  01:20:01:35 + 5.000 : DIVERGENCE des itérations (Debord)
       écart relatif (à Ymax et Qmax) croissant entre 2 itérées successives
       Itération 07 : écart en DZ = 0.271802E+00 ; écart en DQ = 0.344789E+01
       Itération 08 : écart en DZ = 0.113970E+01 ; écart en DQ = 0.396060E+02
       Z : Pm   39784.00 du bief   4 ; Q : Pm   39692.00 du bief   4
 Err001 à  01:20:01:40 + 5.000 : DIVERGENCE des itérations (Debord)
       écart relatif (à Ymax et Qmax) croissant entre 2 itérées successives
       Itération 07 : écart en DZ = 0.177850E+00 ; écart en DQ = 0.224460E+01
       Itération 08 : écart en DZ = 0.241008E+00 ; écart en DQ = 0.362311E+01
       Z : Pm   39738.00 du bief   4 ; Q : Pm   39784.00 du bief   4
 Err001 à  01:20:01:45 + 5.000 : DIVERGENCE des itérations (Debord)
       écart relatif (à Ymax et Qmax) croissant entre 2 itérées successives
       Itération 07 : écart en DZ = 0.120254E+00 ; écart en DQ = 0.151097E+01
       Itération 08 : écart en DZ = 0.202222E+00 ; écart en DQ = 0.305111E+01
       Z : Pm   39692.00 du bief   4 ; Q : Pm   39738.00 du bief   4
 Err001 à  01:20:01:50 + 5.000 : DIVERGENCE des itérations (Debord)
       écart relatif (à Ymax et Qmax) croissant entre 2 itérées successives
       Itération 07 : écart en DZ = 0.835744E-01 ; écart en DQ = 0.104796E+01
       Itération 08 : écart en DZ = 0.190966E+00 ; écart en DQ = 0.241460E+01
       Z : Pm   39692.00 du bief   4 ; Q : Pm   39738.00 du bief   4
 Err001 à  01:20:01:55 + 5.000 : DIVERGENCE des itérations (Debord)
       écart relatif (à Ymax et Qmax) croissant entre 2 itérées successives
       Itération 07 : écart en DZ = 0.594929E-01 ; écart en DQ = 0.744257E+00
       Itération 08 : écart en DZ = 0.144434E+00 ; écart en DQ = 0.175433E+01
       Z : Pm   39692.00 du bief   4 ; Q : Pm   39738.00 du bief   4
 Err001 à  01:20:02:00 + 5.000 : DIVERGENCE des itérations (Debord)
       écart relatif (à Ymax et Qmax) croissant entre 2 itérées successives
       Itération 07 : écart en DZ = 0.430617E-01 ; écart en DQ = 0.537556E+00
       Itération 08 : écart en DZ = 0.104344E+00 ; écart en DQ = 0.125669E+01
       Z : Pm   39692.00 du bief   4 ; Q : Pm   39738.00 du bief   4
 Err010 à  01:20:02:10              : INSTABILITÉ NUMÉRIQUE (Froude grand)
       Froude = 0.44E+02 au Pm   39526.00 du Bief 004
       Vitesse = ****** Largeur =   21.286 Section =    11.85 Hauteur =  1.114
 Err010 à  01:20:02:15              : INSTABILITÉ NUMÉRIQUE (Froude grand)
       Froude = 0.28E+10 au Pm   39692.00 du Bief 004
       Vitesse = ****** Largeur =    0.019 Section =     0.00 Hauteur =  0.001
 Err010 à  01:20:02:20              : INSTABILITÉ NUMÉRIQUE (Froude grand)
       Froude = 0.34E+01 au Pm   39692.00 du Bief 004
       Vitesse = 11.776 Largeur =   47.948 Section =    58.64 Hauteur =  2.318
 Err010 à  01:20:02:25              : INSTABILITÉ NUMÉRIQUE (Froude grand)
       Froude = 0.19E+01 au Pm   39646.00 du Bief 004
       Vitesse =  7.357 Largeur =   51.167 Section =    75.41 Hauteur =  2.889
 Err010 à  01:20:02:30              : INSTABILITÉ NUMÉRIQUE (Froude grand)
       Froude = 0.39E+10 au Pm   39646.00 du Bief 004
       Vitesse = ****** Largeur =    0.016 Section =     0.00 Hauteur =  0.001
 Err001 à  01:20:02:30 + 5.000 : DIVERGENCE des itérations (Debord)
       écart relatif (à Ymax et Qmax) croissant entre 2 itérées successives
       Itération 07 : écart en DZ = 0.107199E-02 ; écart en DQ = 0.144601E-01
       Itération 08 : écart en DZ = 0.173775E-02 ; écart en DQ = 0.234701E-01
       Z : Pm   39692.00 du bief   4 ; Q : Pm   39738.00 du bief   4
 Err001 à  01:20:02:35 + 5.000 : DIVERGENCE des itérations (Debord)
       écart relatif (à Ymax et Qmax) croissant entre 2 itérées successives
       Itération 07 : écart en DZ = 0.956563E-03 ; écart en DQ = 0.129039E-01
       Itération 08 : écart en DZ = 0.152380E-02 ; écart en DQ = 0.205784E-01
       Z : Pm   39692.00 du bief   4 ; Q : Pm   39738.00 du bief   4
 Err001 à  01:20:02:40 + 5.000 : DIVERGENCE des itérations (Debord)
       écart relatif (à Ymax et Qmax) croissant entre 2 itérées successives
       Itération 07 : écart en DZ = 0.853064E-03 ; écart en DQ = 0.115083E-01
       Itération 08 : écart en DZ = 0.133579E-02 ; écart en DQ = 0.180376E-01
       Z : Pm   39692.00 du bief   4 ; Q : Pm   39738.00 du bief   4
 Err001 à  01:20:02:45 + 5.000 : DIVERGENCE des itérations (Debord)
       écart relatif (à Ymax et Qmax) croissant entre 2 itérées successives
       Itération 07 : écart en DZ = 0.761143E-03 ; écart en DQ = 0.102687E-01
       Itération 08 : écart en DZ = 0.117191E-02 ; écart en DQ = 0.158231E-01
       Z : Pm   39692.00 du bief   4 ; Q : Pm   39738.00 du bief   4
 Err001 à  01:20:02:50 + 5.000 : DIVERGENCE des itérations (Debord)
       écart relatif (à Ymax et Qmax) croissant entre 2 itérées successives
       Itération 07 : écart en DZ = 0.680387E-03 ; écart en DQ = 0.917947E-02
       Itération 08 : écart en DZ = 0.103036E-02 ; écart en DQ = 0.139107E-01
       Z : Pm   39692.00 du bief   4 ; Q : Pm   39738.00 du bief   4
 Err001 à  01:20:02:55 + 5.000 : DIVERGENCE des itérations (Debord)
       écart relatif (à Ymax et Qmax) croissant entre 2 itérées successives
       Itération 07 : écart en DZ = 0.610100E-03 ; écart en DQ = 0.823127E-02
       Itération 08 : écart en DZ = 0.909013E-03 ; écart en DQ = 0.122714E-01
       Z : Pm   39692.00 du bief   4 ; Q : Pm   39738.00 du bief   4
 Err001 à  01:20:03:00 + 5.000 : DIVERGENCE des itérations (Debord)
       écart relatif (à Ymax et Qmax) croissant entre 2 itérées successives
       Itération 07 : écart en DZ = 0.548458E-03 ; écart en DQ = 0.739961E-02
       Itération 08 : écart en DZ = 0.804199E-03 ; écart en DQ = 0.108556E-01
       Z : Pm   39692.00 du bief   4 ; Q : Pm   39738.00 du bief   4
 Err001 à  01:20:03:05 + 5.000 : DIVERGENCE des itérations (Debord)
       écart relatif (à Ymax et Qmax) croissant entre 2 itérées successives
       Itération 07 : écart en DZ = 0.494068E-03 ; écart en DQ = 0.666570E-02
       Itération 08 : écart en DZ = 0.713123E-03 ; écart en DQ = 0.962537E-02
       Z : Pm   39692.00 du bief   4 ; Q : Pm   39738.00 du bief   4
 Err001 à  01:20:03:10 + 5.000 : DIVERGENCE des itérations (Debord)
       écart relatif (à Ymax et Qmax) croissant entre 2 itérées successives
       Itération 07 : écart en DZ = 0.445927E-03 ; écart en DQ = 0.601603E-02
       Itération 08 : écart en DZ = 0.633722E-03 ; écart en DQ = 0.855294E-02
       Z : Pm   39692.00 du bief   4 ; Q : Pm   39738.00 du bief   4
 Err001 à  01:20:03:15 + 5.000 : DIVERGENCE des itérations (Debord)
       écart relatif (à Ymax et Qmax) croissant entre 2 itérées successives
       Itération 07 : écart en DZ = 0.403141E-03 ; écart en DQ = 0.543857E-02
       Itération 08 : écart en DZ = 0.564218E-03 ; écart en DQ = 0.761421E-02
       Z : Pm   39692.00 du bief   4 ; Q : Pm   39738.00 du bief   4
 Err001 à  01:20:03:20 + 5.000 : DIVERGENCE des itérations (Debord)
       écart relatif (à Ymax et Qmax) croissant entre 2 itérées successives
       Itération 07 : écart en DZ = 0.364464E-03 ; écart en DQ = 0.491643E-02
       Itération 08 : écart en DZ = 0.502376E-03 ; écart en DQ = 0.677887E-02
       Z : Pm   39692.00 du bief   4 ; Q : Pm   39738.00 du bief   4
 Err001 à  01:23:30:00 + 600 : DIVERGENCE des itérations (Debord)
       écart relatif (à Ymax et Qmax) croissant entre 2 itérées successives
       Itération 07 : écart en DZ = 0.217320E-01 ; écart en DQ = 0.248898E-01
       Itération 08 : écart en DZ = 0.265647E-01 ; écart en DQ = 0.304057E-01
       Z : Pm   40456.00 du bief   4 ; Q : Pm   40406.00 du bief   4
 Err001 à  01:23:32:00 + 120 : DIVERGENCE des itérations (Debord)
       écart relatif (à Ymax et Qmax) croissant entre 2 itérées successives
       Itération 07 : écart en DZ = 0.224882E-02 ; écart en DQ = 0.700999E-02
       Itération 08 : écart en DZ = 0.259498E-02 ; écart en DQ = 0.808591E-02
       Z : Pm   40456.00 du bief   4 ; Q : Pm   40406.00 du bief   4
 Err001 à  01:23:34:00 + 120 : DIVERGENCE des itérations (Debord)
       écart relatif (à Ymax et Qmax) croissant entre 2 itérées successives
       Itération 07 : écart en DZ = 0.414233E-02 ; écart en DQ = 0.130791E-01
       Itération 08 : écart en DZ = 0.509602E-02 ; écart en DQ = 0.160980E-01
       Z : Pm   40456.00 du bief   4 ; Q : Pm   40406.00 du bief   4
 Err001 à  01:23:36:00 + 120 : DIVERGENCE des itérations (Debord)
       écart relatif (à Ymax et Qmax) croissant entre 2 itérées successives
       Itération 07 : écart en DZ = 0.724395E-02 ; écart en DQ = 0.234702E-01
       Itération 08 : écart en DZ = 0.974425E-02 ; écart en DQ = 0.316191E-01
       Z : Pm   40456.00 du bief   4 ; Q : Pm   40406.00 du bief   4
 Err001 à  01:23:38:00 + 120 : DIVERGENCE des itérations (Debord)
       écart relatif (à Ymax et Qmax) croissant entre 2 itérées successives
       Itération 07 : écart en DZ = 0.128076E-01 ; écart en DQ = 0.424878E-01
       Itération 08 : écart en DZ = 0.190315E-01 ; écart en DQ = 0.633543E-01
       Z : Pm   40456.00 du bief   4 ; Q : Pm   40406.00 du bief   4
 Err001 à  01:23:40:00 + 120 : DIVERGENCE des itérations (Debord)
       écart relatif (à Ymax et Qmax) croissant entre 2 itérées successives
       Itération 07 : écart en DZ = 0.240486E-01 ; écart en DQ = 0.814369E-01
       Itération 08 : écart en DZ = 0.395218E-01 ; écart en DQ = 0.134700E+00
       Z : Pm   40456.00 du bief   4 ; Q : Pm   40406.00 du bief   4
 Err001 à  01:23:42:00 + 120 : DIVERGENCE des itérations (Debord)
       écart relatif (à Ymax et Qmax) croissant entre 2 itérées successives
       Itération 07 : écart en DZ = 0.446236E-01 ; écart en DQ = 0.153737E+00
       Itération 08 : écart en DZ = 0.832866E-01 ; écart en DQ = 0.291203E+00
       Z : Pm   40456.00 du bief   4 ; Q : Pm   40406.00 du bief   4
 Err001 à  01:23:44:00 + 120 : DIVERGENCE des itérations (Debord)
       écart relatif (à Ymax et Qmax) croissant entre 2 itérées successives
       Itération 07 : écart en DZ = 0.867557E-01 ; écart en DQ = 0.304255E+00
       Itération 08 : écart en DZ = 0.196862E+00 ; écart en DQ = 0.714210E+00
       Z : Pm   40456.00 du bief   4 ; Q : Pm   40406.00 du bief   4
 Err001 à  01:23:46:00 + 120 : DIVERGENCE des itérations (Debord)
       écart relatif (à Ymax et Qmax) croissant entre 2 itérées successives
       Itération 07 : écart en DZ = 0.170910E+00 ; écart en DQ = 0.604840E+00
       Itération 08 : écart en DZ = 0.381049E+00 ; écart en DQ = 0.197018E+01
       Z : Pm   40456.00 du bief   4 ; Q : Pm   40406.00 du bief   4
 Err010 à  01:23:50:00              : INSTABILITÉ NUMÉRIQUE (Froude grand)
       Froude = 0.23E+02 au Pm   40406.00 du Bief 004
       Vitesse = 39.211 Largeur =   49.739 Section =    14.28 Hauteur =  0.483
 Err002 à  01:23:48:24 + 24.000 : NON CONVERGENCE des itérations 
       écart relatif (à Ymax et Qmax) trop grand après 99 itérations
       Itération 98 : écart en DZ = 0.506307E-04 ; écart en DQ = 0.430403E-03
       Itération 99 : écart en DZ = 0.498830E-04 ; écart en DQ = 0.424049E-03
       Z : Pm   40406.00 du bief   4 ; Q : Pm   40456.00 du bief   4
       Residu : 0.194275E+00(004: 40406.00)
 Err010 à  01:23:52:00              : INSTABILITÉ NUMÉRIQUE (Froude grand)
       Froude = 0.18E+03 au Pm   40356.00 du Bief 004
       Vitesse = ****** Largeur =   24.952 Section =     3.48 Hauteur =  0.236
 Err010 à  01:23:53:40              : INSTABILITÉ NUMÉRIQUE (Froude grand)
       Froude = 0.99E+11 au Pm   37444.00 du Bief 006
       Vitesse = ****** Largeur =    0.014 Section =     0.00 Hauteur =  0.001
 Err002 à  01:23:52:20 + 20.000 : NON CONVERGENCE des itérations 
       écart relatif (à Ymax et Qmax) trop grand après 99 itérations
       Itération 98 : écart en DZ = 0.194469E-04 ; écart en DQ = 0.178350E-03
       Itération 99 : écart en DZ = 0.189649E-04 ; écart en DQ = 0.173930E-03
       Z : Pm   40406.00 du bief   4 ; Q : Pm   40456.00 du bief   4
       Residu : 0.100007E+00(004: 40406.00)
 Err002 à  01:23:52:40 + 20.000 : NON CONVERGENCE des itérations 
       écart relatif (à Ymax et Qmax) trop grand après 99 itérations
       Itération 98 : écart en DZ = 0.807275E-04 ; écart en DQ = 0.740582E-03
       Itération 99 : écart en DZ = 0.799099E-04 ; écart en DQ = 0.733086E-03
       Z : Pm   40406.00 du bief   4 ; Q : Pm   40456.00 du bief   4
       Residu : 0.418041E+00(004: 40406.00)
 Err002 à  01:23:53:00 + 20.000 : NON CONVERGENCE des itérations 
       écart relatif (à Ymax et Qmax) trop grand après 99 itérations
       Itération 98 : écart en DZ = 0.266715E-03 ; écart en DQ = 0.244744E-02
       Itération 99 : écart en DZ = 0.267281E-03 ; écart en DQ = 0.245263E-02
       Z : Pm   40406.00 du bief   4 ; Q : Pm   40456.00 du bief   4
       Residu : 0.138925E+01(004: 40406.00)
 Err001 à  01:23:53:20 + 20.000 : DIVERGENCE des itérations (Debord)
       écart relatif (à Ymax et Qmax) croissant entre 2 itérées successives
       Itération 09 : écart en DZ = 0.245880E-03 ; écart en DQ = 0.225689E-02
       Itération 10 : écart en DZ = 0.249441E-03 ; écart en DQ = 0.228960E-02
       Z : Pm   40406.00 du bief   4 ; Q : Pm   40456.00 du bief   4
 Err001 à  01:23:53:40 + 20.000 : DIVERGENCE des itérations (Debord)
       écart relatif (à Ymax et Qmax) croissant entre 2 itérées successives
       Itération 07 : écart en DZ = 0.259535E-03 ; écart en DQ = 0.238303E-02
       Itération 08 : écart en DZ = 0.266539E-03 ; écart en DQ = 0.244722E-02
       Z : Pm   40406.00 du bief   4 ; Q : Pm   40456.00 du bief   4
 Err001 à  01:23:54:00 + 20.000 : DIVERGENCE des itérations (Debord)
       écart relatif (à Ymax et Qmax) croissant entre 2 itérées successives
       Itération 07 : écart en DZ = 0.282072E-03 ; écart en DQ = 0.259065E-02
       Itération 08 : écart en DZ = 0.293301E-03 ; écart en DQ = 0.269372E-02
       Z : Pm   40406.00 du bief   4 ; Q : Pm   40456.00 du bief   4
 Err001 à  01:23:54:20 + 20.000 : DIVERGENCE des itérations (Debord)
       écart relatif (à Ymax et Qmax) croissant entre 2 itérées successives
       Itération 07 : écart en DZ = 0.306599E-03 ; écart en DQ = 0.281666E-02
       Itération 08 : écart en DZ = 0.322804E-03 ; écart en DQ = 0.296554E-02
       Z : Pm   40406.00 du bief   4 ; Q : Pm   40456.00 du bief   4
 Err001 à  01:23:54:40 + 20.000 : DIVERGENCE des itérations (Debord)
       écart relatif (à Ymax et Qmax) croissant entre 2 itérées successives
       Itération 07 : écart en DZ = 0.333357E-03 ; écart en DQ = 0.306326E-02
       Itération 08 : écart en DZ = 0.355397E-03 ; écart en DQ = 0.326591E-02
       Z : Pm   40406.00 du bief   4 ; Q : Pm   40456.00 du bief   4
 Err001 à  01:23:55:00 + 20.000 : DIVERGENCE des itérations (Debord)
       écart relatif (à Ymax et Qmax) croissant entre 2 itérées successives
       Itération 07 : écart en DZ = 0.362550E-03 ; écart en DQ = 0.333237E-02
       Itération 08 : écart en DZ = 0.391410E-03 ; écart en DQ = 0.359788E-02
       Z : Pm   40406.00 du bief   4 ; Q : Pm   40456.00 du bief   4
 Err001 à  01:23:55:20 + 20.000 : DIVERGENCE des itérations (Debord)
       écart relatif (à Ymax et Qmax) croissant entre 2 itérées successives
       Itération 07 : écart en DZ = 0.394447E-03 ; écart en DQ = 0.362646E-02
       Itération 08 : écart en DZ = 0.431253E-03 ; écart en DQ = 0.396526E-02
       Z : Pm   40406.00 du bief   4 ; Q : Pm   40456.00 du bief   4
 Err001 à  01:23:55:40 + 20.000 : DIVERGENCE des itérations (Debord)
       écart relatif (à Ymax et Qmax) croissant entre 2 itérées successives
       Itération 07 : écart en DZ = 0.429288E-03 ; écart en DQ = 0.394776E-02
       Itération 08 : écart en DZ = 0.475329E-03 ; écart en DQ = 0.437179E-02
       Z : Pm   40406.00 du bief   4 ; Q : Pm   40456.00 du bief   4
 Err001 à  01:23:56:00 + 20.000 : DIVERGENCE des itérations (Debord)
       écart relatif (à Ymax et Qmax) croissant entre 2 itérées successives
       Itération 07 : écart en DZ = 0.467338E-03 ; écart en DQ = 0.429871E-02
       Itération 08 : écart en DZ = 0.524083E-03 ; écart en DQ = 0.482158E-02
       Z : Pm   40406.00 du bief   4 ; Q : Pm   40456.00 du bief   4
 Err001 à  01:23:56:20 + 20.000 : DIVERGENCE des itérations (Debord)
       écart relatif (à Ymax et Qmax) croissant entre 2 itérées successives
       Itération 07 : écart en DZ = 0.508901E-03 ; écart en DQ = 0.468214E-02
       Itération 08 : écart en DZ = 0.578029E-03 ; écart en DQ = 0.531941E-02
       Z : Pm   40406.00 du bief   4 ; Q : Pm   40456.00 du bief   4
 Err001 à  01:23:56:40 + 20.000 : DIVERGENCE des itérations (Debord)
       écart relatif (à Ymax et Qmax) croissant entre 2 itérées successives
       Itération 07 : écart en DZ = 0.554328E-03 ; écart en DQ = 0.510129E-02
       Itération 08 : écart en DZ = 0.637754E-03 ; écart en DQ = 0.587074E-02
       Z : Pm   40406.00 du bief   4 ; Q : Pm   40456.00 du bief   4
 Err001 à  01:23:57:00 + 20.000 : DIVERGENCE des itérations (Debord)
       écart relatif (à Ymax et Qmax) croissant entre 2 itérées successives
       Itération 07 : écart en DZ = 0.604008E-03 ; écart en DQ = 0.555975E-02
       Itération 08 : écart en DZ = 0.703921E-03 ; écart en DQ = 0.648169E-02
       Z : Pm   40406.00 du bief   4 ; Q : Pm   40456.00 du bief   4
 Err001 à  01:23:57:20 + 20.000 : DIVERGENCE des itérations (Debord)
       écart relatif (à Ymax et Qmax) croissant entre 2 itérées successives
       Itération 07 : écart en DZ = 0.658378E-03 ; écart en DQ = 0.606155E-02
       Itération 08 : écart en DZ = 0.777275E-03 ; écart en DQ = 0.715919E-02
       Z : Pm   40406.00 du bief   4 ; Q : Pm   40456.00 du bief   4
 Err001 à  01:23:57:40 + 20.000 : DIVERGENCE des itérations (Debord)
       écart relatif (à Ymax et Qmax) croissant entre 2 itérées successives
       Itération 07 : écart en DZ = 0.717897E-03 ; écart en DQ = 0.661097E-02
       Itération 08 : écart en DZ = 0.858628E-03 ; écart en DQ = 0.791079E-02
       Z : Pm   40406.00 du bief   4 ; Q : Pm   40456.00 du bief   4
 Err001 à  01:23:58:00 + 20.000 : DIVERGENCE des itérations (Debord)
       écart relatif (à Ymax et Qmax) croissant entre 2 itérées successives
       Itération 07 : écart en DZ = 0.783082E-03 ; écart en DQ = 0.721276E-02
       Itération 08 : écart en DZ = 0.948895E-03 ; écart en DQ = 0.874497E-02
       Z : Pm   40406.00 du bief   4 ; Q : Pm   40456.00 du bief   4
 Err001 à  01:23:58:20 + 20.000 : DIVERGENCE des itérations (Debord)
       écart relatif (à Ymax et Qmax) croissant entre 2 itérées successives
       Itération 07 : écart en DZ = 0.854504E-03 ; écart en DQ = 0.787231E-02
       Itération 08 : écart en DZ = 0.104910E-02 ; écart en DQ = 0.967144E-02
       Z : Pm   40406.00 du bief   4 ; Q : Pm   40456.00 du bief   4
 Err001 à  01:23:58:40 + 20.000 : DIVERGENCE des itérations (Debord)
       écart relatif (à Ymax et Qmax) croissant entre 2 itérées successives
       Itération 07 : écart en DZ = 0.932795E-03 ; écart en DQ = 0.859567E-02
       Itération 08 : écart en DZ = 0.116041E-02 ; écart en DQ = 0.107012E-01
       Z : Pm   40406.00 du bief   4 ; Q : Pm   40456.00 du bief   4
 Err001 à  01:23:59:00 + 20.000 : DIVERGENCE des itérations (Debord)
       écart relatif (à Ymax et Qmax) croissant entre 2 itérées successives
       Itération 07 : écart en DZ = 0.101864E-02 ; écart en DQ = 0.938852E-02
       Itération 08 : écart en DZ = 0.128409E-02 ; écart en DQ = 0.118452E-01
       Z : Pm   40406.00 du bief   4 ; Q : Pm   40456.00 du bief   4
 Err001 à  01:23:59:20 + 20.000 : DIVERGENCE des itérations (Debord)
       écart relatif (à Ymax et Qmax) croissant entre 2 itérées successives
       Itération 07 : écart en DZ = 0.111294E-02 ; écart en DQ = 0.102594E-01
       Itération 08 : écart en DZ = 0.142174E-02 ; écart en DQ = 0.131188E-01
       Z : Pm   40406.00 du bief   4 ; Q : Pm   40456.00 du bief   4
 Err001 à  01:23:59:40 + 20.000 : DIVERGENCE des itérations (Debord)
       écart relatif (à Ymax et Qmax) croissant entre 2 itérées successives
       Itération 07 : écart en DZ = 0.121680E-02 ; écart en DQ = 0.112186E-01
       Itération 08 : écart en DZ = 0.157533E-02 ; écart en DQ = 0.145404E-01
       Z : Pm   40406.00 du bief   4 ; Q : Pm   40456.00 du bief   4
 Err001 à  02:00:00:00 + 20.000 : DIVERGENCE des itérations (Debord)
       écart relatif (à Ymax et Qmax) croissant entre 2 itérées successives
       Itération 07 : écart en DZ = 0.132892E-02 ; écart en DQ = 0.122543E-01
       Itération 08 : écart en DZ = 0.174374E-02 ; écart en DQ = 0.160996E-01
       Z : Pm   40406.00 du bief   4 ; Q : Pm   40456.00 du bief   4
 Err001 à  02:00:00:20 + 20.000 : DIVERGENCE des itérations (Debord)
       écart relatif (à Ymax et Qmax) croissant entre 2 itérées successives
       Itération 07 : écart en DZ = 0.145556E-02 ; écart en DQ = 0.134240E-01
       Itération 08 : écart en DZ = 0.193591E-02 ; écart en DQ = 0.178795E-01
       Z : Pm   40406.00 du bief   4 ; Q : Pm   40456.00 du bief   4
 Err001 à  02:00:00:40 + 20.000 : DIVERGENCE des itérations (Debord)
       écart relatif (à Ymax et Qmax) croissant entre 2 itérées successives
       Itération 07 : écart en DZ = 0.159694E-02 ; écart en DQ = 0.147300E-01
       Itération 08 : écart en DZ = 0.215296E-02 ; écart en DQ = 0.198904E-01
       Z : Pm   40406.00 du bief   4 ; Q : Pm   40456.00 du bief   4
 Err001 à  02:00:01:00 + 20.000 : DIVERGENCE des itérations (Debord)
       écart relatif (à Ymax et Qmax) croissant entre 2 itérées successives
       Itération 07 : écart en DZ = 0.174911E-02 ; écart en DQ = 0.161357E-01
       Itération 08 : écart en DZ = 0.239049E-02 ; écart en DQ = 0.220922E-01
       Z : Pm   40406.00 du bief   4 ; Q : Pm   40456.00 du bief   4
 Err001 à  02:00:01:20 + 20.000 : DIVERGENCE des itérations (Debord)
       écart relatif (à Ymax et Qmax) croissant entre 2 itérées successives
       Itération 07 : écart en DZ = 0.191524E-02 ; écart en DQ = 0.176704E-01
       Itération 08 : écart en DZ = 0.265373E-02 ; écart en DQ = 0.245333E-01
       Z : Pm   40406.00 du bief   4 ; Q : Pm   40456.00 du bief   4
 Err001 à  02:00:01:40 + 20.000 : DIVERGENCE des itérations (Debord)
       écart relatif (à Ymax et Qmax) croissant entre 2 itérées successives
       Itération 07 : écart en DZ = 0.209815E-02 ; écart en DQ = 0.193601E-01
       Itération 08 : écart en DZ = 0.294766E-02 ; écart en DQ = 0.272603E-01
       Z : Pm   40406.00 du bief   4 ; Q : Pm   40456.00 du bief   4
 Err001 à  02:00:02:00 + 20.000 : DIVERGENCE des itérations (Debord)
       écart relatif (à Ymax et Qmax) croissant entre 2 itérées successives
       Itération 07 : écart en DZ = 0.230050E-02 ; écart en DQ = 0.212293E-01
       Itération 08 : écart en DZ = 0.327726E-02 ; écart en DQ = 0.303195E-01
       Z : Pm   40406.00 du bief   4 ; Q : Pm   40456.00 du bief   4
 Err001 à  02:00:02:20 + 20.000 : DIVERGENCE des itérations (Debord)
       écart relatif (à Ymax et Qmax) croissant entre 2 itérées successives
       Itération 07 : écart en DZ = 0.252425E-02 ; écart en DQ = 0.232951E-01
       Itération 08 : écart en DZ = 0.364676E-02 ; écart en DQ = 0.337496E-01
       Z : Pm   40406.00 du bief   4 ; Q : Pm   40456.00 du bief   4
 Err001 à  02:00:02:40 + 20.000 : DIVERGENCE des itérations (Debord)
       écart relatif (à Ymax et Qmax) croissant entre 2 itérées successives
       Itération 07 : écart en DZ = 0.277134E-02 ; écart en DQ = 0.255762E-01
       Itération 08 : écart en DZ = 0.406061E-02 ; écart en DQ = 0.375932E-01
       Z : Pm   40406.00 du bief   4 ; Q : Pm   40456.00 du bief   4
 Err001 à  02:00:03:00 + 20.000 : DIVERGENCE des itérations (Debord)
       écart relatif (à Ymax et Qmax) croissant entre 2 itérées successives
       Itération 07 : écart en DZ = 0.304417E-02 ; écart en DQ = 0.280973E-01
       Itération 08 : écart en DZ = 0.452419E-02 ; écart en DQ = 0.419052E-01
       Z : Pm   40406.00 du bief   4 ; Q : Pm   40456.00 du bief   4
 Err001 à  02:00:03:20 + 20.000 : DIVERGENCE des itérations (Debord)
       écart relatif (à Ymax et Qmax) croissant entre 2 itérées successives
       Itération 07 : écart en DZ = 0.334558E-02 ; écart en DQ = 0.308810E-01
       Itération 08 : écart en DZ = 0.504382E-02 ; écart en DQ = 0.467398E-01
       Z : Pm   40406.00 du bief   4 ; Q : Pm   40456.00 du bief   4
 Err001 à  02:00:03:40 + 20.000 : DIVERGENCE des itérations (Debord)
       écart relatif (à Ymax et Qmax) croissant entre 2 itérées successives
       Itération 07 : écart en DZ = 0.367899E-02 ; écart en DQ = 0.339595E-01
       Itération 08 : écart en DZ = 0.562706E-02 ; écart en DQ = 0.521695E-01
       Z : Pm   40406.00 du bief   4 ; Q : Pm   40456.00 du bief   4
 Err001 à  02:00:04:00 + 20.000 : DIVERGENCE des itérations (Debord)
       écart relatif (à Ymax et Qmax) croissant entre 2 itérées successives
       Itération 07 : écart en DZ = 0.405049E-02 ; écart en DQ = 0.373888E-01
       Itération 08 : écart en DZ = 0.628587E-02 ; écart en DQ = 0.583070E-01
       Z : Pm   40406.00 du bief   4 ; Q : Pm   40456.00 du bief   4
 Err001 à  02:00:04:20 + 20.000 : DIVERGENCE des itérations (Debord)
       écart relatif (à Ymax et Qmax) croissant entre 2 itérées successives
       Itération 07 : écart en DZ = 0.446967E-02 ; écart en DQ = 0.412576E-01
       Itération 08 : écart en DZ = 0.703891E-02 ; écart en DQ = 0.653283E-01
       Z : Pm   40406.00 du bief   4 ; Q : Pm   40456.00 du bief   4
 Err001 à  02:00:04:40 + 20.000 : DIVERGENCE des itérations (Debord)
       écart relatif (à Ymax et Qmax) croissant entre 2 itérées successives
       Itération 07 : écart en DZ = 0.492983E-02 ; écart en DQ = 0.455038E-01
       Itération 08 : écart en DZ = 0.787824E-02 ; écart en DQ = 0.731617E-01
       Z : Pm   40406.00 du bief   4 ; Q : Pm   40456.00 du bief   4
 Err001 à  02:00:05:00 + 20.000 : DIVERGENCE des itérations (Debord)
       écart relatif (à Ymax et Qmax) croissant entre 2 itérées successives
       Itération 07 : écart en DZ = 0.554562E-02 ; écart en DQ = 0.511826E-01
       Itération 08 : écart en DZ = 0.899987E-02 ; écart en DQ = 0.836385E-01
       Z : Pm   40406.00 du bief   4 ; Q : Pm   40456.00 du bief   4
 Err001 à  02:00:05:20 + 20.000 : DIVERGENCE des itérations (Debord)
       écart relatif (à Ymax et Qmax) croissant entre 2 itérées successives
       Itération 07 : écart en DZ = 0.610425E-02 ; écart en DQ = 0.563347E-01
       Itération 08 : écart en DZ = 0.100645E-01 ; écart en DQ = 0.935982E-01
       Z : Pm   40406.00 du bief   4 ; Q : Pm   40456.00 du bief   4
 Err001 à  02:00:05:40 + 20.000 : DIVERGENCE des itérations (Debord)
       écart relatif (à Ymax et Qmax) croissant entre 2 itérées successives
       Itération 07 : écart en DZ = 0.672204E-02 ; écart en DQ = 0.620304E-01
       Itération 08 : écart en DZ = 0.112468E-01 ; écart en DQ = 0.104667E+00
       Z : Pm   40406.00 du bief   4 ; Q : Pm   40456.00 du bief   4
 Err001 à  02:00:06:00 + 20.000 : DIVERGENCE des itérations (Debord)
       écart relatif (à Ymax et Qmax) croissant entre 2 itérées successives
       Itération 07 : écart en DZ = 0.741625E-02 ; écart en DQ = 0.684278E-01
       Itération 08 : écart en DZ = 0.125857E-01 ; écart en DQ = 0.117215E+00
       Z : Pm   40406.00 du bief   4 ; Q : Pm   40456.00 du bief   4
 Err001 à  02:00:06:20 + 20.000 : DIVERGENCE des itérations (Debord)
       écart relatif (à Ymax et Qmax) croissant entre 2 itérées successives
       Itération 07 : écart en DZ = 0.818905E-02 ; écart en DQ = 0.755459E-01
       Itération 08 : écart en DZ = 0.141085E-01 ; écart en DQ = 0.131510E+00
       Z : Pm   40406.00 du bief   4 ; Q : Pm   40456.00 du bief   4
 Err001 à  02:00:06:40 + 20.000 : DIVERGENCE des itérations (Debord)
       écart relatif (à Ymax et Qmax) croissant entre 2 itérées successives
       Itération 07 : écart en DZ = 0.905020E-02 ; écart en DQ = 0.834731E-01
       Itération 08 : écart en DZ = 0.158356E-01 ; écart en DQ = 0.147749E+00
       Z : Pm   40406.00 du bief   4 ; Q : Pm   40456.00 du bief   4
 Err001 à  02:00:07:00 + 20.000 : DIVERGENCE des itérations (Debord)
       écart relatif (à Ymax et Qmax) croissant entre 2 itérées successives
       Itération 07 : écart en DZ = 0.100096E-01 ; écart en DQ = 0.922997E-01
       Itération 08 : écart en DZ = 0.177936E-01 ; écart en DQ = 0.166192E+00
       Z : Pm   40406.00 du bief   4 ; Q : Pm   40456.00 du bief   4
 Err001 à  02:00:07:20 + 20.000 : DIVERGENCE des itérations (Debord)
       écart relatif (à Ymax et Qmax) croissant entre 2 itérées successives
       Itération 07 : écart en DZ = 0.110789E-01 ; écart en DQ = 0.102129E+00
       Itération 08 : écart en DZ = 0.200143E-01 ; écart en DQ = 0.187149E+00
       Z : Pm   40406.00 du bief   4 ; Q : Pm   40456.00 du bief   4
 Err001 à  02:00:07:40 + 20.000 : DIVERGENCE des itérations (Debord)
       écart relatif (à Ymax et Qmax) croissant entre 2 itérées successives
       Itération 07 : écart en DZ = 0.122715E-01 ; écart en DQ = 0.113085E+00
       Itération 08 : écart en DZ = 0.225359E-01 ; écart en DQ = 0.210998E+00
       Z : Pm   40406.00 du bief   4 ; Q : Pm   40456.00 du bief   4
 Err001 à  02:00:08:00 + 20.000 : DIVERGENCE des itérations (Debord)
       écart relatif (à Ymax et Qmax) croissant entre 2 itérées successives
       Itération 07 : écart en DZ = 0.136027E-01 ; écart en DQ = 0.125302E+00
       Itération 08 : écart en DZ = 0.254023E-01 ; écart en DQ = 0.238171E+00
       Z : Pm   40406.00 du bief   4 ; Q : Pm   40456.00 du bief   4
 Err001 à  02:00:08:20 + 20.000 : DIVERGENCE des itérations (Debord)
       écart relatif (à Ymax et Qmax) croissant entre 2 itérées successives
       Itération 07 : écart en DZ = 0.150891E-01 ; écart en DQ = 0.138931E+00
       Itération 08 : écart en DZ = 0.286639E-01 ; écart en DQ = 0.269173E+00
       Z : Pm   40406.00 du bief   4 ; Q : Pm   40456.00 du bief   4
 Err001 à  02:00:08:40 + 20.000 : DIVERGENCE des itérations (Debord)
       écart relatif (à Ymax et Qmax) croissant entre 2 itérées successives
       Itération 07 : écart en DZ = 0.167502E-01 ; écart en DQ = 0.154144E+00
       Itération 08 : écart en DZ = 0.323802E-01 ; écart en DQ = 0.304601E+00
       Z : Pm   40406.00 du bief   4 ; Q : Pm   40456.00 du bief   4
 Err001 à  02:00:09:00 + 20.000 : DIVERGENCE des itérations (Debord)
       écart relatif (à Ymax et Qmax) croissant entre 2 itérées successives
       Itération 07 : écart en DZ = 0.185859E-01 ; écart en DQ = 0.170937E+00
       Itération 08 : écart en DZ = 0.365781E-01 ; écart en DQ = 0.344756E+00
       Z : Pm   40406.00 du bief   4 ; Q : Pm   40456.00 du bief   4
 Err001 à  02:00:09:20 + 20.000 : DIVERGENCE des itérations (Debord)
       écart relatif (à Ymax et Qmax) croissant entre 2 itérées successives
       Itération 07 : écart en DZ = 0.206251E-01 ; écart en DQ = 0.189567E+00
       Itération 08 : écart en DZ = 0.413449E-01 ; écart en DQ = 0.390519E+00
       Z : Pm   40406.00 du bief   4 ; Q : Pm   40456.00 du bief   4
 Err001 à  02:00:09:40 + 20.000 : DIVERGENCE des itérations (Debord)
       écart relatif (à Ymax et Qmax) croissant entre 2 itérées successives
       Itération 07 : écart en DZ = 0.231818E-01 ; écart en DQ = 0.212863E+00
       Itération 08 : écart en DZ = 0.473744E-01 ; écart en DQ = 0.448616E+00
       Z : Pm   40406.00 du bief   4 ; Q : Pm   40456.00 du bief   4
 Err001 à  02:00:10:00 + 20.000 : DIVERGENCE des itérations (Debord)
       écart relatif (à Ymax et Qmax) croissant entre 2 itérées successives
       Itération 07 : écart en DZ = 0.229006E-01 ; écart en DQ = 0.210361E+00
       Itération 08 : écart en DZ = 0.475745E-01 ; écart en DQ = 0.450523E+00
       Z : Pm   40406.00 du bief   4 ; Q : Pm   40456.00 du bief   4
 Err001 à  02:00:10:20 + 20.000 : DIVERGENCE des itérations (Debord)
       écart relatif (à Ymax et Qmax) croissant entre 2 itérées successives
       Itération 07 : écart en DZ = 0.254682E-01 ; écart en DQ = 0.233753E+00
       Itération 08 : écart en DZ = 0.540527E-01 ; écart en DQ = 0.513236E+00
       Z : Pm   40406.00 du bief   4 ; Q : Pm   40456.00 du bief   4
 Err001 à  02:00:10:40 + 20.000 : DIVERGENCE des itérations (Debord)
       écart relatif (à Ymax et Qmax) croissant entre 2 itérées successives
       Itération 07 : écart en DZ = 0.305851E-01 ; écart en DQ = 0.280153E+00
       Itération 08 : écart en DZ = 0.663819E-01 ; écart en DQ = 0.633499E+00
       Z : Pm   40406.00 du bief   4 ; Q : Pm   40456.00 du bief   4
 Err001 à  02:00:11:00 + 20.000 : DIVERGENCE des itérations (Debord)
       écart relatif (à Ymax et Qmax) croissant entre 2 itérées successives
       Itération 07 : écart en DZ = 0.403136E-01 ; écart en DQ = 0.367833E+00
       Itération 08 : écart en DZ = 0.902261E-01 ; écart en DQ = 0.869538E+00
       Z : Pm   40406.00 du bief   4 ; Q : Pm   40456.00 du bief   4
 Err001 à  02:00:11:20 + 20.000 : DIVERGENCE des itérations (Debord)
       écart relatif (à Ymax et Qmax) croissant entre 2 itérées successives
       Itération 07 : écart en DZ = 0.436346E-01 ; écart en DQ = 0.397779E+00
       Itération 08 : écart en DZ = 0.100511E+00 ; écart en DQ = 0.972345E+00
       Z : Pm   40406.00 du bief   4 ; Q : Pm   40456.00 du bief   4
 Err001 à  02:00:11:40 + 20.000 : DIVERGENCE des itérations (Debord)
       écart relatif (à Ymax et Qmax) croissant entre 2 itérées successives
       Itération 07 : écart en DZ = 0.476722E-01 ; écart en DQ = 0.434057E+00
       Itération 08 : écart en DZ = 0.112669E+00 ; écart en DQ = 0.109495E+01
       Z : Pm   40406.00 du bief   4 ; Q : Pm   40456.00 du bief   4
 Err001 à  02:00:12:00 + 20.000 : DIVERGENCE des itérations (Debord)
       écart relatif (à Ymax et Qmax) croissant entre 2 itérées successives
       Itération 07 : écart en DZ = 0.530400E-01 ; écart en DQ = 0.482107E+00
       Itération 08 : écart en DZ = 0.128839E+00 ; écart en DQ = 0.125978E+01
       Z : Pm   40406.00 du bief   4 ; Q : Pm   40456.00 du bief   4
 Err001 à  02:00:12:20 + 20.000 : DIVERGENCE des itérations (Debord)
       écart relatif (à Ymax et Qmax) croissant entre 2 itérées successives
       Itération 07 : écart en DZ = 0.590862E-01 ; écart en DQ = 0.536007E+00
       Itération 08 : écart en DZ = 0.147859E+00 ; écart en DQ = 0.145593E+01
       Z : Pm   40406.00 du bief   4 ; Q : Pm   40456.00 du bief   4
 Err001 à  02:00:12:40 + 20.000 : DIVERGENCE des itérations (Debord)
       écart relatif (à Ymax et Qmax) croissant entre 2 itérées successives
       Itération 07 : écart en DZ = 0.651392E-01 ; écart en DQ = 0.589789E+00
       Itération 08 : écart en DZ = 0.168166E+00 ; écart en DQ = 0.166795E+01
       Z : Pm   40406.00 du bief   4 ; Q : Pm   40456.00 du bief   4
 Err001 à  02:00:13:00 + 20.000 : DIVERGENCE des itérations (Debord)
       écart relatif (à Ymax et Qmax) croissant entre 2 itérées successives
       Itération 07 : écart en DZ = 0.718626E-01 ; écart en DQ = 0.649289E+00
       Itération 08 : écart en DZ = 0.191953E+00 ; écart en DQ = 0.191945E+01
       Z : Pm   40406.00 du bief   4 ; Q : Pm   40456.00 du bief   4
 Err001 à  02:00:13:20 + 20.000 : DIVERGENCE des itérations (Debord)
       écart relatif (à Ymax et Qmax) croissant entre 2 itérées successives
       Itération 07 : écart en DZ = 0.806469E-01 ; écart en DQ = 0.726627E+00
       Itération 08 : écart en DZ = 0.223842E+00 ; écart en DQ = 0.226139E+01
       Z : Pm   40406.00 du bief   4 ; Q : Pm   40456.00 du bief   4
 Err001 à  02:00:13:40 + 20.000 : DIVERGENCE des itérations (Debord)
       écart relatif (à Ymax et Qmax) croissant entre 2 itérées successives
       Itération 07 : écart en DZ = 0.906016E-01 ; écart en DQ = 0.814302E+00
       Itération 08 : écart en DZ = 0.263589E+00 ; écart en DQ = 0.269703E+01
       Z : Pm   40406.00 du bief   4 ; Q : Pm   40456.00 du bief   4
 Err001 à  02:00:14:00 + 20.000 : DIVERGENCE des itérations (Debord)
       écart relatif (à Ymax et Qmax) croissant entre 2 itérées successives
       Itération 07 : écart en DZ = 0.101706E+00 ; écart en DQ = 0.912484E+00
       Itération 08 : écart en DZ = 0.307483E+00 ; écart en DQ = 0.318121E+01
       Z : Pm   40406.00 du bief   4 ; Q : Pm   40456.00 du bief   4
 Err001 à  02:00:14:20 + 20.000 : DIVERGENCE des itérations (Debord)
       écart relatif (à Ymax et Qmax) croissant entre 2 itérées successives
       Itération 07 : écart en DZ = 0.114850E+00 ; écart en DQ = 0.102897E+01
       Itération 08 : écart en DZ = 0.361193E+00 ; écart en DQ = 0.378422E+01
       Z : Pm   40406.00 du bief   4 ; Q : Pm   40456.00 du bief   4
 Err001 à  02:00:14:40 + 20.000 : DIVERGENCE des itérations (Debord)
       écart relatif (à Ymax et Qmax) croissant entre 2 itérées successives
       Itération 07 : écart en DZ = 0.129848E+00 ; écart en DQ = 0.116252E+01
       Itération 08 : écart en DZ = 0.432809E+00 ; écart en DQ = 0.461304E+01
       Z : Pm   40406.00 du bief   4 ; Q : Pm   40456.00 du bief   4
 Err001 à  02:00:15:00 + 20.000 : DIVERGENCE des itérations (Debord)
       écart relatif (à Ymax et Qmax) croissant entre 2 itérées successives
       Itération 07 : écart en DZ = 0.147230E+00 ; écart en DQ = 0.131798E+01
       Itération 08 : écart en DZ = 0.543959E+00 ; écart en DQ = 0.594098E+01
       Z : Pm   40406.00 du bief   4 ; Q : Pm   40456.00 du bief   4
 Err001 à  02:00:15:20 + 20.000 : DIVERGENCE des itérations (Debord)
       écart relatif (à Ymax et Qmax) croissant entre 2 itérées successives
       Itération 07 : écart en DZ = 0.167525E+00 ; écart en DQ = 0.150044E+01
       Itération 08 : écart en DZ = 0.719156E+00 ; écart en DQ = 0.807678E+01
       Z : Pm   40406.00 du bief   4 ; Q : Pm   40456.00 du bief   4
 Err010 à  02:00:16:00              : INSTABILITÉ NUMÉRIQUE (Froude grand)
       Froude = 0.17E+01 au Pm   40406.00 du Bief 004
       Vitesse =  5.963 Largeur =   88.894 Section =   114.24 Hauteur =  1.819
 Err010 à  02:00:16:20              : INSTABILITÉ NUMÉRIQUE (Froude grand)
       Froude = 0.25E+01 au Pm   40406.00 du Bief 004
       Vitesse =  8.208 Largeur =   84.980 Section =    93.23 Hauteur =  1.577
 Err010 à  02:00:16:40              : INSTABILITÉ NUMÉRIQUE (Froude grand)
       Froude = 0.43E+01 au Pm   40406.00 du Bief 004
       Vitesse = 12.491 Largeur =   80.336 Section =    69.28 Hauteur =  1.287
 Err010 à  02:00:17:00              : INSTABILITÉ NUMÉRIQUE (Froude grand)
       Froude = 0.97E+01 au Pm   40406.00 du Bief 004
       Vitesse = 23.353 Largeur =   71.329 Section =    42.27 Hauteur =  0.934
 Err010 à  02:00:17:20              : INSTABILITÉ NUMÉRIQUE (Froude grand)
       Froude = 0.44E+02 au Pm   40406.00 du Bief 004
       Vitesse = 74.518 Largeur =   50.919 Section =    15.18 Hauteur =  0.501
 Err010 à  02:00:17:40              : INSTABILITÉ NUMÉRIQUE (Froude grand)
       Froude = 0.29E+09 au Pm   40406.00 du Bief 004
       Vitesse = ****** Largeur =    0.130 Section =     0.00 Hauteur =  0.001
 Err010 à  02:00:18:00              : INSTABILITÉ NUMÉRIQUE (Froude grand)
       Froude = 0.34E+09 au Pm   40406.00 du Bief 004
       Vitesse = ****** Largeur =    0.130 Section =     0.00 Hauteur =  0.001
 Err010 à  02:00:18:20              : INSTABILITÉ NUMÉRIQUE (Froude grand)
       Froude = 0.42E+09 au Pm   40406.00 du Bief 004
       Vitesse = ****** Largeur =    0.130 Section =     0.00 Hauteur =  0.001
 Err010 à  02:00:18:40              : INSTABILITÉ NUMÉRIQUE (Froude grand)
       Froude = 0.59E+09 au Pm   40406.00 du Bief 004
       Vitesse = ****** Largeur =    0.130 Section =     0.00 Hauteur =  0.001
 Err010 à  02:00:19:00              : INSTABILITÉ NUMÉRIQUE (Froude grand)
       Froude = 0.15E+02 au Pm   40356.00 du Bief 004
       Vitesse = 36.116 Largeur =   57.232 Section =    31.85 Hauteur =  0.906
 Err010 à  02:00:19:20              : INSTABILITÉ NUMÉRIQUE (Froude grand)
       Froude = 0.41E+01 au Pm   40306.00 du Bief 004
       Vitesse = 13.274 Largeur =   70.767 Section =    74.96 Hauteur =  1.686
 Err010 à  02:00:19:40              : INSTABILITÉ NUMÉRIQUE (Froude grand)
       Froude = 0.82E+02 au Pm   40256.00 du Bief 004
       Vitesse = ****** Largeur =   33.228 Section =    10.91 Hauteur =  0.538
 Err010 à  02:00:20:00              : INSTABILITÉ NUMÉRIQUE (Froude grand)
       Froude = 0.27E+01 au Pm   40018.00 du Bief 004
       Vitesse =  9.912 Largeur =   79.085 Section =   105.30 Hauteur =  2.148
 Err010 à  02:00:20:20              : INSTABILITÉ NUMÉRIQUE (Froude grand)
       Froude = 0.53E+01 au Pm   39166.00 du Bief 004
       Vitesse = 15.664 Largeur =   70.370 Section =    62.77 Hauteur =  1.642
 Err010 à  02:00:20:40              : INSTABILITÉ NUMÉRIQUE (Froude grand)
       Froude = 0.67E+03 au Pm   39166.00 du Bief 004
       Vitesse = ****** Largeur =   12.451 Section =     1.96 Hauteur =  0.260
 Err010 à  02:00:21:00              : INSTABILITÉ NUMÉRIQUE (Froude grand)
       Froude = 0.99E+09 au Pm   39166.00 du Bief 004
       Vitesse = ****** Largeur =    0.078 Section =     0.00 Hauteur =  0.001
 Err010 à  02:00:24:20              : INSTABILITÉ NUMÉRIQUE (Froude grand)
       Froude = 0.57E+01 au Pm   37115.50 du Bief 006
       Vitesse = 13.641 Largeur =   32.944 Section =    19.35 Hauteur =  0.962
 Err001 à  02:00:29:20 + 40.000 : DIVERGENCE des itérations (Debord)
       écart relatif (à Ymax et Qmax) croissant entre 2 itérées successives
       Itération 07 : écart en DZ = 0.169355E-03 ; écart en DQ = 0.209796E-02
       Itération 08 : écart en DZ = 0.172728E-03 ; écart en DQ = 0.213992E-02
       Z : Pm   41394.00 du bief   5 ; Q : Pm   41411.00 du bief   5
 Err010 à  02:07:20:00              : INSTABILITÉ NUMÉRIQUE (Froude grand)
       Froude = 0.33E+01 au Pm   40306.00 du Bief 004
       Vitesse =  8.710 Largeur =   57.395 Section =    41.70 Hauteur =  1.170
 Err010 à  02:07:12:00              : INSTABILITÉ NUMÉRIQUE (Froude grand)
       Froude = 0.11E+02 au Pm   40256.00 du Bief 004
       Vitesse = 26.120 Largeur =   46.108 Section =    28.41 Hauteur =  0.978
 Err001 à  02:07:10:00 + 24.000 : DIVERGENCE des itérations (Debord)
       écart relatif (à Ymax et Qmax) croissant entre 2 itérées successives
       Itération 07 : écart en DZ = 0.937502E-03 ; écart en DQ = 0.714587E-02
       Itération 08 : écart en DZ = 0.130384E-02 ; écart en DQ = 0.992647E-02
       Z : Pm   40406.00 du bief   4 ; Q : Pm   40456.00 du bief   4
 Err001 à  02:07:10:20 + 20.000 : DIVERGENCE des itérations (Debord)
       écart relatif (à Ymax et Qmax) croissant entre 2 itérées successives
       Itération 07 : écart en DZ = 0.279263E-03 ; écart en DQ = 0.226360E-02
       Itération 08 : écart en DZ = 0.330477E-03 ; écart en DQ = 0.267812E-02
       Z : Pm   40406.00 du bief   4 ; Q : Pm   40456.00 du bief   4
 Err001 à  02:07:10:40 + 20.000 : DIVERGENCE des itérations (Debord)
       écart relatif (à Ymax et Qmax) croissant entre 2 itérées successives
       Itération 07 : écart en DZ = 0.270087E-03 ; écart en DQ = 0.218888E-02
       Itération 08 : écart en DZ = 0.318019E-03 ; écart en DQ = 0.257679E-02
       Z : Pm   40406.00 du bief   4 ; Q : Pm   40456.00 du bief   4
 Err001 à  02:07:11:00 + 20.000 : DIVERGENCE des itérations (Debord)
       écart relatif (à Ymax et Qmax) croissant entre 2 itérées successives
       Itération 07 : écart en DZ = 0.261180E-03 ; écart en DQ = 0.211636E-02
       Itération 08 : écart en DZ = 0.305993E-03 ; écart en DQ = 0.247899E-02
       Z : Pm   40406.00 du bief   4 ; Q : Pm   40456.00 du bief   4
 Err001 à  02:07:11:20 + 20.000 : DIVERGENCE des itérations (Debord)
       écart relatif (à Ymax et Qmax) croissant entre 2 itérées successives
       Itération 07 : écart en DZ = 0.252625E-03 ; écart en DQ = 0.204673E-02
       Itération 08 : écart en DZ = 0.294492E-03 ; écart en DQ = 0.238547E-02
       Z : Pm   40406.00 du bief   4 ; Q : Pm   40456.00 du bief   4
 Err001 à  02:07:11:40 + 20.000 : DIVERGENCE des itérations (Debord)
       écart relatif (à Ymax et Qmax) croissant entre 2 itérées successives
       Itération 07 : écart en DZ = 0.244374E-03 ; écart en DQ = 0.197957E-02
       Itération 08 : écart en DZ = 0.283452E-03 ; écart en DQ = 0.229571E-02
       Z : Pm   40406.00 du bief   4 ; Q : Pm   40456.00 du bief   4
 Err001 à  02:07:12:00 + 20.000 : DIVERGENCE des itérations (Debord)
       écart relatif (à Ymax et Qmax) croissant entre 2 itérées successives
       Itération 07 : écart en DZ = 0.236399E-03 ; écart en DQ = 0.191468E-02
       Itération 08 : écart en DZ = 0.272835E-03 ; écart en DQ = 0.220940E-02
       Z : Pm   40406.00 du bief   4 ; Q : Pm   40456.00 du bief   4
 Err001 à  02:07:12:20 + 20.000 : DIVERGENCE des itérations (Debord)
       écart relatif (à Ymax et Qmax) croissant entre 2 itérées successives
       Itération 07 : écart en DZ = 0.228669E-03 ; écart en DQ = 0.185178E-02
       Itération 08 : écart en DZ = 0.262599E-03 ; écart en DQ = 0.212620E-02
       Z : Pm   40406.00 du bief   4 ; Q : Pm   40456.00 du bief   4
 Err001 à  02:07:12:40 + 20.000 : DIVERGENCE des itérations (Debord)
       écart relatif (à Ymax et Qmax) croissant entre 2 itérées successives
       Itération 07 : écart en DZ = 0.221188E-03 ; écart en DQ = 0.179093E-02
       Itération 08 : écart en DZ = 0.252747E-03 ; écart en DQ = 0.204613E-02
       Z : Pm   40406.00 du bief   4 ; Q : Pm   40456.00 du bief   4
 Err001 à  02:07:13:00 + 20.000 : DIVERGENCE des itérations (Debord)
       écart relatif (à Ymax et Qmax) croissant entre 2 itérées successives
       Itération 07 : écart en DZ = 0.214005E-03 ; écart en DQ = 0.173250E-02
       Itération 08 : écart en DZ = 0.243326E-03 ; écart en DQ = 0.196958E-02
       Z : Pm   40406.00 du bief   4 ; Q : Pm   40456.00 du bief   4
 Err001 à  02:07:13:20 + 20.000 : DIVERGENCE des itérations (Debord)
       écart relatif (à Ymax et Qmax) croissant entre 2 itérées successives
       Itération 07 : écart en DZ = 0.207077E-03 ; écart en DQ = 0.167616E-02
       Itération 08 : écart en DZ = 0.234284E-03 ; écart en DQ = 0.189611E-02
       Z : Pm   40406.00 du bief   4 ; Q : Pm   40456.00 du bief   4
 Err001 à  02:07:13:40 + 20.000 : DIVERGENCE des itérations (Debord)
       écart relatif (à Ymax et Qmax) croissant entre 2 itérées successives
       Itération 07 : écart en DZ = 0.200370E-03 ; écart en DQ = 0.162162E-02
       Itération 08 : écart en DZ = 0.225576E-03 ; écart en DQ = 0.182537E-02
       Z : Pm   40406.00 du bief   4 ; Q : Pm   40456.00 du bief   4
 Err001 à  02:07:14:00 + 20.000 : DIVERGENCE des itérations (Debord)
       écart relatif (à Ymax et Qmax) croissant entre 2 itérées successives
       Itération 07 : écart en DZ = 0.193891E-03 ; écart en DQ = 0.156894E-02
       Itération 08 : écart en DZ = 0.217206E-03 ; écart en DQ = 0.175738E-02
       Z : Pm   40406.00 du bief   4 ; Q : Pm   40456.00 du bief   4
 Err001 à  02:07:14:20 + 20.000 : DIVERGENCE des itérations (Debord)
       écart relatif (à Ymax et Qmax) croissant entre 2 itérées successives
       Itération 07 : écart en DZ = 0.187635E-03 ; écart en DQ = 0.151808E-02
       Itération 08 : écart en DZ = 0.209164E-03 ; écart en DQ = 0.169206E-02
       Z : Pm   40406.00 du bief   4 ; Q : Pm   40456.00 du bief   4
 Err001 à  02:07:14:40 + 20.000 : DIVERGENCE des itérations (Debord)
       écart relatif (à Ymax et Qmax) croissant entre 2 itérées successives
       Itération 07 : écart en DZ = 0.181595E-03 ; écart en DQ = 0.146898E-02
       Itération 08 : écart en DZ = 0.201436E-03 ; écart en DQ = 0.162931E-02
       Z : Pm   40406.00 du bief   4 ; Q : Pm   40456.00 du bief   4
 Err001 à  02:07:15:00 + 20.000 : DIVERGENCE des itérations (Debord)
       écart relatif (à Ymax et Qmax) croissant entre 2 itérées successives
       Itération 07 : écart en DZ = 0.175761E-03 ; écart en DQ = 0.142157E-02
       Itération 08 : écart en DZ = 0.194010E-03 ; écart en DQ = 0.156901E-02
       Z : Pm   40406.00 du bief   4 ; Q : Pm   40456.00 du bief   4
 Err001 à  02:07:15:20 + 20.000 : DIVERGENCE des itérations (Debord)
       écart relatif (à Ymax et Qmax) croissant entre 2 itérées successives
       Itération 07 : écart en DZ = 0.170127E-03 ; écart en DQ = 0.137579E-02
       Itération 08 : écart en DZ = 0.186872E-03 ; écart en DQ = 0.151106E-02
       Z : Pm   40406.00 du bief   4 ; Q : Pm   40456.00 du bief   4
 Err001 à  02:07:15:40 + 20.000 : DIVERGENCE des itérations (Debord)
       écart relatif (à Ymax et Qmax) croissant entre 2 itérées successives
       Itération 07 : écart en DZ = 0.164685E-03 ; écart en DQ = 0.133158E-02
       Itération 08 : écart en DZ = 0.180012E-03 ; écart en DQ = 0.145537E-02
       Z : Pm   40406.00 du bief   4 ; Q : Pm   40456.00 du bief   4
 Err001 à  02:07:16:00 + 20.000 : DIVERGENCE des itérations (Debord)
       écart relatif (à Ymax et Qmax) croissant entre 2 itérées successives
       Itération 07 : écart en DZ = 0.159430E-03 ; écart en DQ = 0.128888E-02
       Itération 08 : écart en DZ = 0.173419E-03 ; écart en DQ = 0.140185E-02
       Z : Pm   40406.00 du bief   4 ; Q : Pm   40456.00 du bief   4
 Err001 à  02:07:16:20 + 20.000 : DIVERGENCE des itérations (Debord)
       écart relatif (à Ymax et Qmax) croissant entre 2 itérées successives
       Itération 07 : écart en DZ = 0.154353E-03 ; écart en DQ = 0.124765E-02
       Itération 08 : écart en DZ = 0.167081E-03 ; écart en DQ = 0.135041E-02
       Z : Pm   40406.00 du bief   4 ; Q : Pm   40456.00 du bief   4
 Err001 à  02:07:16:40 + 20.000 : DIVERGENCE des itérations (Debord)
       écart relatif (à Ymax et Qmax) croissant entre 2 itérées successives
       Itération 07 : écart en DZ = 0.149446E-03 ; écart en DQ = 0.120780E-02
       Itération 08 : écart en DZ = 0.160985E-03 ; écart en DQ = 0.130095E-02
       Z : Pm   40406.00 du bief   4 ; Q : Pm   40456.00 du bief   4
 Err001 à  02:07:17:00 + 20.000 : DIVERGENCE des itérations (Debord)
       écart relatif (à Ymax et Qmax) croissant entre 2 itérées successives
       Itération 07 : écart en DZ = 0.144704E-03 ; écart en DQ = 0.116929E-02
       Itération 08 : écart en DZ = 0.155122E-03 ; écart en DQ = 0.125338E-02
       Z : Pm   40406.00 du bief   4 ; Q : Pm   40456.00 du bief   4
 Err001 à  02:07:17:20 + 20.000 : DIVERGENCE des itérations (Debord)
       écart relatif (à Ymax et Qmax) croissant entre 2 itérées successives
       Itération 07 : écart en DZ = 0.140122E-03 ; écart en DQ = 0.113209E-02
       Itération 08 : écart en DZ = 0.149484E-03 ; écart en DQ = 0.120765E-02
       Z : Pm   40406.00 du bief   4 ; Q : Pm   40456.00 du bief   4
 Err001 à  02:07:17:40 + 20.000 : DIVERGENCE des itérations (Debord)
       écart relatif (à Ymax et Qmax) croissant entre 2 itérées successives
       Itération 07 : écart en DZ = 0.135694E-03 ; écart en DQ = 0.109615E-02
       Itération 08 : écart en DZ = 0.144063E-03 ; écart en DQ = 0.116367E-02
       Z : Pm   40406.00 du bief   4 ; Q : Pm   40456.00 du bief   4
 Err001 à  02:07:18:00 + 20.000 : DIVERGENCE des itérations (Debord)
       écart relatif (à Ymax et Qmax) croissant entre 2 itérées successives
       Itération 07 : écart en DZ = 0.131416E-03 ; écart en DQ = 0.106142E-02
       Itération 08 : écart en DZ = 0.138849E-03 ; écart en DQ = 0.112138E-02
       Z : Pm   40406.00 du bief   4 ; Q : Pm   40456.00 du bief   4
 Err001 à  02:07:18:20 + 20.000 : DIVERGENCE des itérations (Debord)
       écart relatif (à Ymax et Qmax) croissant entre 2 itérées successives
       Itération 07 : écart en DZ = 0.127281E-03 ; écart en DQ = 0.102786E-02
       Itération 08 : écart en DZ = 0.133834E-03 ; écart en DQ = 0.108072E-02
       Z : Pm   40406.00 du bief   4 ; Q : Pm   40456.00 du bief   4
 Err001 à  02:07:18:40 + 20.000 : DIVERGENCE des itérations (Debord)
       écart relatif (à Ymax et Qmax) croissant entre 2 itérées successives
       Itération 07 : écart en DZ = 0.123285E-03 ; écart en DQ = 0.995437E-03
       Itération 08 : écart en DZ = 0.129011E-03 ; écart en DQ = 0.104161E-02
       Z : Pm   40406.00 du bief   4 ; Q : Pm   40456.00 du bief   4
 Err001 à  02:07:19:00 + 20.000 : DIVERGENCE des itérations (Debord)
       écart relatif (à Ymax et Qmax) croissant entre 2 itérées successives
       Itération 07 : écart en DZ = 0.119422E-03 ; écart en DQ = 0.964099E-03
       Itération 08 : écart en DZ = 0.124371E-03 ; écart en DQ = 0.100400E-02
       Z : Pm   40406.00 du bief   4 ; Q : Pm   40456.00 du bief   4
 Err001 à  02:07:19:20 + 20.000 : DIVERGENCE des itérations (Debord)
       écart relatif (à Ymax et Qmax) croissant entre 2 itérées successives
       Itération 07 : écart en DZ = 0.115688E-03 ; écart en DQ = 0.933808E-03
       Itération 08 : écart en DZ = 0.119907E-03 ; écart en DQ = 0.967810E-03
       Z : Pm   40406.00 du bief   4 ; Q : Pm   40456.00 du bief   4
 Err001 à  02:07:19:40 + 20.000 : DIVERGENCE des itérations (Debord)
       écart relatif (à Ymax et Qmax) croissant entre 2 itérées successives
       Itération 07 : écart en DZ = 0.112080E-03 ; écart en DQ = 0.904539E-03
       Itération 08 : écart en DZ = 0.115613E-03 ; écart en DQ = 0.933009E-03
       Z : Pm   40406.00 du bief   4 ; Q : Pm   40456.00 du bief   4
 Err001 à  02:07:20:00 + 20.000 : DIVERGENCE des itérations (Debord)
       écart relatif (à Ymax et Qmax) croissant entre 2 itérées successives
       Itération 07 : écart en DZ = 0.108587E-03 ; écart en DQ = 0.876212E-03
       Itération 08 : écart en DZ = 0.111477E-03 ; écart en DQ = 0.899493E-03
       Z : Pm   40406.00 du bief   4 ; Q : Pm   40456.00 du bief   4
 Err001 à  02:07:20:20 + 20.000 : DIVERGENCE des itérations (Debord)
       écart relatif (à Ymax et Qmax) croissant entre 2 itérées successives
       Itération 09 : écart en DZ = 0.109847E-03 ; écart en DQ = 0.886223E-03
       Itération 10 : écart en DZ = 0.112240E-03 ; écart en DQ = 0.905514E-03
       Z : Pm   40406.00 du bief   4 ; Q : Pm   40456.00 du bief   4
 Err001 à  02:07:20:40 + 20.000 : DIVERGENCE des itérations (Debord)
       écart relatif (à Ymax et Qmax) croissant entre 2 itérées successives
       Itération 09 : écart en DZ = 0.105435E-03 ; écart en DQ = 0.850495E-03
       Itération 10 : écart en DZ = 0.107222E-03 ; écart en DQ = 0.864893E-03
       Z : Pm   40406.00 du bief   4 ; Q : Pm   40456.00 du bief   4
 Err001 à  02:07:21:00 + 20.000 : DIVERGENCE des itérations (Debord)
       écart relatif (à Ymax et Qmax) croissant entre 2 itérées successives
       Itération 09 : écart en DZ = 0.101201E-03 ; écart en DQ = 0.816206E-03
       Itération 10 : écart en DZ = 0.102428E-03 ; écart en DQ = 0.826100E-03
       Z : Pm   40406.00 du bief   4 ; Q : Pm   40456.00 du bief   4
 Err002 à  02:07:21:20 + 20.000 : NON CONVERGENCE des itérations 
       écart relatif (à Ymax et Qmax) trop grand après 99 itérations
       Itération 98 : écart en DZ = 0.186500E-03 ; écart en DQ = 0.150391E-02
       Itération 99 : écart en DZ = 0.187871E-03 ; écart en DQ = 0.151499E-02
       Z : Pm   40406.00 du bief   4 ; Q : Pm   40456.00 du bief   4
       Residu : 0.983763E+00(004: 40406.00)
 Err002 à  02:07:21:40 + 20.000 : NON CONVERGENCE des itérations 
       écart relatif (à Ymax et Qmax) trop grand après 99 itérations
       Itération 98 : écart en DZ = 0.117613E-03 ; écart en DQ = 0.948275E-03
       Itération 99 : écart en DZ = 0.117920E-03 ; écart en DQ = 0.950749E-03
       Z : Pm   40406.00 du bief   4 ; Q : Pm   40456.00 du bief   4
       Residu : 0.619018E+00(004: 40406.00)
 Err002 à  02:07:22:00 + 20.000 : NON CONVERGENCE des itérations 
       écart relatif (à Ymax et Qmax) trop grand après 99 itérations
       Itération 98 : écart en DZ = 0.742389E-04 ; écart en DQ = 0.598469E-03
       Itération 99 : écart en DZ = 0.740823E-04 ; écart en DQ = 0.597206E-03
       Z : Pm   40406.00 du bief   4 ; Q : Pm   40456.00 du bief   4
       Residu : 0.389863E+00(004: 40406.00)
 Err002 à  02:07:22:20 + 20.000 : NON CONVERGENCE des itérations 
       écart relatif (à Ymax et Qmax) trop grand après 99 itérations
       Itération 98 : écart en DZ = 0.468972E-04 ; écart en DQ = 0.377998E-03
       Itération 99 : écart en DZ = 0.465785E-04 ; écart en DQ = 0.375428E-03
       Z : Pm   40406.00 du bief   4 ; Q : Pm   40456.00 du bief   4
       Residu : 0.245732E+00(004: 40406.00)
 Err002 à  02:07:22:40 + 20.000 : NON CONVERGENCE des itérations 
       écart relatif (à Ymax et Qmax) trop grand après 99 itérations
       Itération 98 : écart en DZ = 0.296458E-04 ; écart en DQ = 0.238911E-03
       Itération 99 : écart en DZ = 0.293063E-04 ; écart en DQ = 0.236175E-03
       Z : Pm   40406.00 du bief   4 ; Q : Pm   40456.00 du bief   4
       Residu : 0.154992E+00(004: 40406.00)
 Err001 à  02:07:24:40 + 100 : DIVERGENCE des itérations (Debord)
       écart relatif (à Ymax et Qmax) croissant entre 2 itérées successives
       Itération 07 : écart en DZ = 0.162904E+00 ; écart en DQ = 0.714469E+00
       Itération 08 : écart en DZ = 0.385289E+00 ; écart en DQ = 0.154445E+01
       Z : Pm   40406.00 du bief   4 ; Q : Pm   40456.00 du bief   4
 Err001 à  02:07:26:20 + 100 : DIVERGENCE des itérations (Debord)
       écart relatif (à Ymax et Qmax) croissant entre 2 itérées successives
       Itération 07 : écart en DZ = 0.113729E+00 ; écart en DQ = 0.493875E+00
       Itération 08 : écart en DZ = 0.245590E+00 ; écart en DQ = 0.979244E+00
       Z : Pm   40406.00 du bief   4 ; Q : Pm   40456.00 du bief   4
 Err001 à  02:07:28:00 + 100 : DIVERGENCE des itérations (Debord)
       écart relatif (à Ymax et Qmax) croissant entre 2 itérées successives
       Itération 07 : écart en DZ = 0.848192E-01 ; écart en DQ = 0.365139E+00
       Itération 08 : écart en DZ = 0.174871E+00 ; écart en DQ = 0.700754E+00
       Z : Pm   40406.00 du bief   4 ; Q : Pm   40456.00 du bief   4
 Err001 à  02:07:30:00 + 100 : DIVERGENCE des itérations (Debord)
       écart relatif (à Ymax et Qmax) croissant entre 2 itérées successives
       Itération 07 : écart en DZ = 0.564211E-01 ; écart en DQ = 0.239960E+00
       Itération 08 : écart en DZ = 0.111039E+00 ; écart en DQ = 0.452566E+00
       Z : Pm   40406.00 du bief   4 ; Q : Pm   40456.00 du bief   4
 Err001 à  02:07:31:40 + 100 : DIVERGENCE des itérations (Debord)
       écart relatif (à Ymax et Qmax) croissant entre 2 itérées successives
       Itération 07 : écart en DZ = 0.555450E-01 ; écart en DQ = 0.235296E+00
       Itération 08 : écart en DZ = 0.106239E+00 ; écart en DQ = 0.432961E+00
       Z : Pm   40406.00 du bief   4 ; Q : Pm   40456.00 du bief   4
 Err001 à  02:07:33:20 + 100 : DIVERGENCE des itérations (Debord)
       écart relatif (à Ymax et Qmax) croissant entre 2 itérées successives
       Itération 07 : écart en DZ = 0.444093E-01 ; écart en DQ = 0.186978E+00
       Itération 08 : écart en DZ = 0.826223E-01 ; écart en DQ = 0.340545E+00
       Z : Pm   40406.00 du bief   4 ; Q : Pm   40456.00 du bief   4
 Err001 à  02:07:35:00 + 100 : DIVERGENCE des itérations (Debord)
       écart relatif (à Ymax et Qmax) croissant entre 2 itérées successives
       Itération 07 : écart en DZ = 0.308013E-01 ; écart en DQ = 0.128168E+00
       Itération 08 : écart en DZ = 0.565597E-01 ; écart en DQ = 0.233416E+00
       Z : Pm   40456.00 du bief   4 ; Q : Pm   40456.00 du bief   4
 Err001 à  02:07:36:40 + 100 : DIVERGENCE des itérations (Debord)
       écart relatif (à Ymax et Qmax) croissant entre 2 itérées successives
       Itération 07 : écart en DZ = 0.276466E-01 ; écart en DQ = 0.114499E+00
       Itération 08 : écart en DZ = 0.498685E-01 ; écart en DQ = 0.204953E+00
       Z : Pm   40456.00 du bief   4 ; Q : Pm   40456.00 du bief   4
 Err001 à  02:07:38:20 + 100 : DIVERGENCE des itérations (Debord)
       écart relatif (à Ymax et Qmax) croissant entre 2 itérées successives
       Itération 07 : écart en DZ = 0.184446E-01 ; écart en DQ = 0.757906E-01
       Itération 08 : écart en DZ = 0.327525E-01 ; écart en DQ = 0.133873E+00
       Z : Pm   40456.00 du bief   4 ; Q : Pm   40456.00 du bief   4
 Err001 à  02:07:40:00 + 100 : DIVERGENCE des itérations (Debord)
       écart relatif (à Ymax et Qmax) croissant entre 2 itérées successives
       Itération 07 : écart en DZ = 0.153794E-01 ; écart en DQ = 0.628672E-01
       Itération 08 : écart en DZ = 0.267650E-01 ; écart en DQ = 0.108871E+00
       Z : Pm   40456.00 du bief   4 ; Q : Pm   40456.00 du bief   4
 Err001 à  02:07:41:40 + 100 : DIVERGENCE des itérations (Debord)
       écart relatif (à Ymax et Qmax) croissant entre 2 itérées successives
       Itération 07 : écart en DZ = 0.131213E-01 ; écart en DQ = 0.533193E-01
       Itération 08 : écart en DZ = 0.223173E-01 ; écart en DQ = 0.902674E-01
       Z : Pm   40456.00 du bief   4 ; Q : Pm   40406.00 du bief   4
 Err001 à  02:07:43:20 + 100 : DIVERGENCE des itérations (Debord)
       écart relatif (à Ymax et Qmax) croissant entre 2 itérées successives
       Itération 07 : écart en DZ = 0.119229E-01 ; écart en DQ = 0.482986E-01
       Itération 08 : écart en DZ = 0.197893E-01 ; écart en DQ = 0.797959E-01
       Z : Pm   40456.00 du bief   4 ; Q : Pm   40406.00 du bief   4
 Err001 à  02:07:45:00 + 100 : DIVERGENCE des itérations (Debord)
       écart relatif (à Ymax et Qmax) croissant entre 2 itérées successives
       Itération 07 : écart en DZ = 0.886083E-02 ; écart en DQ = 0.357888E-01
       Itération 08 : écart en DZ = 0.142501E-01 ; écart en DQ = 0.572975E-01
       Z : Pm   40456.00 du bief   4 ; Q : Pm   40406.00 du bief   4
 Err001 à  02:07:46:40 + 100 : DIVERGENCE des itérations (Debord)
       écart relatif (à Ymax et Qmax) croissant entre 2 itérées successives
       Itération 07 : écart en DZ = 0.788968E-02 ; écart en DQ = 0.317431E-01
       Itération 08 : écart en DZ = 0.124004E-01 ; écart en DQ = 0.496956E-01
       Z : Pm   40456.00 du bief   4 ; Q : Pm   40406.00 du bief   4
 Err001 à  02:07:48:20 + 100 : DIVERGENCE des itérations (Debord)
       écart relatif (à Ymax et Qmax) croissant entre 2 itérées successives
       Itération 07 : écart en DZ = 0.662020E-02 ; écart en DQ = 0.264722E-01
       Itération 08 : écart en DZ = 0.101311E-01 ; écart en DQ = 0.403811E-01
       Z : Pm   40456.00 du bief   4 ; Q : Pm   40406.00 du bief   4
 Err001 à  02:07:50:00 + 100 : DIVERGENCE des itérations (Debord)
       écart relatif (à Ymax et Qmax) croissant entre 2 itérées successives
       Itération 07 : écart en DZ = 0.545226E-02 ; écart en DQ = 0.216801E-01
       Itération 08 : écart en DZ = 0.812402E-02 ; écart en DQ = 0.322208E-01
       Z : Pm   40456.00 du bief   4 ; Q : Pm   40406.00 du bief   4
 Err001 à  02:07:51:40 + 100 : DIVERGENCE des itérations (Debord)
       écart relatif (à Ymax et Qmax) croissant entre 2 itérées successives
       Itération 07 : écart en DZ = 0.451790E-02 ; écart en DQ = 0.178644E-01
       Itération 08 : écart en DZ = 0.655591E-02 ; écart en DQ = 0.258693E-01
       Z : Pm   40456.00 du bief   4 ; Q : Pm   40406.00 du bief   4
 Err001 à  02:07:53:20 + 100 : DIVERGENCE des itérations (Debord)
       écart relatif (à Ymax et Qmax) croissant entre 2 itérées successives
       Itération 07 : écart en DZ = 0.375910E-02 ; écart en DQ = 0.147805E-01
       Itération 08 : écart en DZ = 0.531242E-02 ; écart en DQ = 0.208532E-01
       Z : Pm   40456.00 du bief   4 ; Q : Pm   40406.00 du bief   4
 Err001 à  02:07:55:00 + 100 : DIVERGENCE des itérations (Debord)
       écart relatif (à Ymax et Qmax) croissant entre 2 itérées successives
       Itération 07 : écart en DZ = 0.313340E-02 ; écart en DQ = 0.122505E-01
       Itération 08 : écart en DZ = 0.431274E-02 ; écart en DQ = 0.168387E-01
       Z : Pm   40456.00 du bief   4 ; Q : Pm   40406.00 du bief   4
 Err001 à  02:07:56:40 + 100 : DIVERGENCE des itérations (Debord)
       écart relatif (à Ymax et Qmax) croissant entre 2 itérées successives
       Itération 07 : écart en DZ = 0.261663E-02 ; écart en DQ = 0.101718E-01
       Itération 08 : écart en DZ = 0.350759E-02 ; écart en DQ = 0.136205E-01
       Z : Pm   40456.00 du bief   4 ; Q : Pm   40406.00 du bief   4
 Err001 à  02:07:58:20 + 100 : DIVERGENCE des itérations (Debord)
       écart relatif (à Ymax et Qmax) croissant entre 2 itérées successives
       Itération 07 : écart en DZ = 0.219024E-02 ; écart en DQ = 0.846538E-02
       Itération 08 : écart en DZ = 0.285953E-02 ; écart en DQ = 0.110425E-01
       Z : Pm   40456.00 du bief   4 ; Q : Pm   40406.00 du bief   4
 Err001 à  02:08:00:00 + 100 : DIVERGENCE des itérations (Debord)
       écart relatif (à Ymax et Qmax) croissant entre 2 itérées successives
       Itération 07 : écart en DZ = 0.184027E-02 ; écart en DQ = 0.707150E-02
       Itération 08 : écart en DZ = 0.234020E-02 ; écart en DQ = 0.898619E-02
       Z : Pm   40456.00 du bief   4 ; Q : Pm   40406.00 du bief   4
 Err001 à  02:08:01:40 + 100 : DIVERGENCE des itérations (Debord)
       écart relatif (à Ymax et Qmax) croissant entre 2 itérées successives
       Itération 07 : écart en DZ = 0.154893E-02 ; écart en DQ = 0.591707E-02
       Itération 08 : écart en DZ = 0.191865E-02 ; écart en DQ = 0.732519E-02
       Z : Pm   40456.00 du bief   4 ; Q : Pm   40406.00 du bief   4
 Err001 à  02:08:03:20 + 100 : DIVERGENCE des itérations (Debord)
       écart relatif (à Ymax et Qmax) croissant entre 2 itérées successives
       Itération 07 : écart en DZ = 0.130609E-02 ; écart en DQ = 0.495974E-02
       Itération 08 : écart en DZ = 0.157597E-02 ; écart en DQ = 0.598171E-02
       Z : Pm   40456.00 du bief   4 ; Q : Pm   40406.00 du bief   4
 Err001 à  02:08:05:00 + 100 : DIVERGENCE des itérations (Debord)
       écart relatif (à Ymax et Qmax) croissant entre 2 itérées successives
       Itération 07 : écart en DZ = 0.109529E-02 ; écart en DQ = 0.413404E-02
       Itération 08 : écart en DZ = 0.128743E-02 ; écart en DQ = 0.485728E-02
       Z : Pm   40456.00 du bief   4 ; Q : Pm   40406.00 du bief   4
 Err001 à  02:08:06:40 + 100 : DIVERGENCE des itérations (Debord)
       écart relatif (à Ymax et Qmax) croissant entre 2 itérées successives
       Itération 07 : écart en DZ = 0.929339E-03 ; écart en DQ = 0.348592E-02
       Itération 08 : écart en DZ = 0.106371E-02 ; écart en DQ = 0.398852E-02
       Z : Pm   40456.00 du bief   4 ; Q : Pm   40406.00 du bief   4
 Err001 à  02:08:08:20 + 100 : DIVERGENCE des itérations (Debord)
       écart relatif (à Ymax et Qmax) croissant entre 2 itérées successives
       Itération 07 : écart en DZ = 0.861669E-03 ; écart en DQ = 0.320955E-02
       Itération 08 : écart en DZ = 0.958072E-03 ; écart en DQ = 0.356746E-02
       Z : Pm   40456.00 du bief   4 ; Q : Pm   40406.00 du bief   4
 Err001 à  02:08:10:00 + 100 : DIVERGENCE des itérations (Debord)
       écart relatif (à Ymax et Qmax) croissant entre 2 itérées successives
       Itération 07 : écart en DZ = 0.665335E-03 ; écart en DQ = 0.246098E-02
       Itération 08 : écart en DZ = 0.717345E-03 ; écart en DQ = 0.265255E-02
       Z : Pm   40456.00 du bief   4 ; Q : Pm   40406.00 du bief   4
 Err001 à  02:08:11:40 + 100 : DIVERGENCE des itérations (Debord)
       écart relatif (à Ymax et Qmax) croissant entre 2 itérées successives
       Itération 07 : écart en DZ = 0.549577E-03 ; écart en DQ = 0.201918E-02
       Itération 08 : écart en DZ = 0.576871E-03 ; écart en DQ = 0.211882E-02
       Z : Pm   40456.00 du bief   4 ; Q : Pm   40406.00 du bief   4
 Err001 à  02:08:13:20 + 100 : DIVERGENCE des itérations (Debord)
       écart relatif (à Ymax et Qmax) croissant entre 2 itérées successives
       Itération 07 : écart en DZ = 0.461155E-03 ; écart en DQ = 0.168282E-02
       Itération 08 : écart en DZ = 0.471562E-03 ; écart en DQ = 0.172025E-02
       Z : Pm   40456.00 du bief   4 ; Q : Pm   40406.00 du bief   4
 Err002 à  02:08:15:00 + 100 : NON CONVERGENCE des itérations 
       écart relatif (à Ymax et Qmax) trop grand après 99 itérations
       Itération 98 : écart en DZ = 0.276189E-03 ; écart en DQ = 0.100071E-02
       Itération 99 : écart en DZ = 0.275148E-03 ; écart en DQ = 0.996936E-03
       Z : Pm   40456.00 du bief   4 ; Q : Pm   40406.00 du bief   4
       Residu : 0.164797E+00(004: 40406.00)
 Err010 à  02:08:40:00              : INSTABILITÉ NUMÉRIQUE (Froude grand)
       Froude = 0.20E+01 au Pm   34583.33 du Bief 002
       Vitesse =  8.118 Largeur =   92.169 Section =   152.71 Hauteur =  3.009
 Err001 à  02:08:38:20 + 20.000 : DIVERGENCE des itérations (Debord)
       écart relatif (à Ymax et Qmax) croissant entre 2 itérées successives
       Itération 07 : écart en DZ = 0.465667E+00 ; écart en DQ = 0.808367E+01
       Itération 08 : écart en DZ = 0.105699E+01 ; écart en DQ = 0.168441E+05
       Z : Pm   41023.00 du bief   4 ; Q : Pm   41377.00 du bief   5
 Err002 à  02:08:38:20 + 4.000 : NON CONVERGENCE des itérations 
       écart relatif (à Ymax et Qmax) trop grand après 99 itérations
       Itération 98 : écart en DZ = 0.676369E-05 ; écart en DQ = 0.133938E-03
       Itération 99 : écart en DZ = 0.675988E-05 ; écart en DQ = 0.133862E-03
       Z : Pm   41377.00 du bief   5 ; Q : Pm   41394.00 du bief   5
       Residu : 0.170926E+00(005: 41377.00)
 Err001 à  02:08:38:25 + 5.000 : DIVERGENCE des itérations (Debord)
       écart relatif (à Ymax et Qmax) croissant entre 2 itérées successives
       Itération 07 : écart en DZ = 0.748434E-04 ; écart en DQ = 0.143109E-02
       Itération 08 : écart en DZ = 0.896495E-04 ; écart en DQ = 0.171406E-02
       Z : Pm   41377.00 du bief   5 ; Q : Pm   41394.00 du bief   5
 Err001 à  02:08:38:30 + 5.000 : DIVERGENCE des itérations (Debord)
       écart relatif (à Ymax et Qmax) croissant entre 2 itérées successives
       Itération 07 : écart en DZ = 0.813227E-04 ; écart en DQ = 0.155498E-02
       Itération 08 : écart en DZ = 0.976603E-04 ; écart en DQ = 0.186720E-02
       Z : Pm   41377.00 du bief   5 ; Q : Pm   41394.00 du bief   5
 Err001 à  02:08:38:35 + 5.000 : DIVERGENCE des itérations (Debord)
       écart relatif (à Ymax et Qmax) croissant entre 2 itérées successives
       Itération 07 : écart en DZ = 0.829086E-04 ; écart en DQ = 0.158533E-02
       Itération 08 : écart en DZ = 0.998010E-04 ; écart en DQ = 0.190816E-02
       Z : Pm   41377.00 du bief   5 ; Q : Pm   41394.00 du bief   5
 Err001 à  02:08:38:40 + 5.000 : DIVERGENCE des itérations (Debord)
       écart relatif (à Ymax et Qmax) croissant entre 2 itérées successives
       Itération 07 : écart en DZ = 0.875761E-04 ; écart en DQ = 0.167463E-02
       Itération 08 : écart en DZ = 0.105680E-03 ; écart en DQ = 0.202062E-02
       Z : Pm   41377.00 du bief   5 ; Q : Pm   41394.00 du bief   5
 Err001 à  02:08:38:45 + 5.000 : DIVERGENCE des itérations (Debord)
       écart relatif (à Ymax et Qmax) croissant entre 2 itérées successives
       Itération 07 : écart en DZ = 0.834091E-04 ; écart en DQ = 0.159499E-02
       Itération 08 : écart en DZ = 0.100909E-03 ; écart en DQ = 0.192944E-02
       Z : Pm   41377.00 du bief   5 ; Q : Pm   41394.00 du bief   5
 Err001 à  02:08:38:50 + 5.000 : DIVERGENCE des itérations (Debord)
       écart relatif (à Ymax et Qmax) croissant entre 2 itérées successives
       Itération 07 : écart en DZ = 0.716826E-04 ; écart en DQ = 0.137079E-02
       Itération 08 : écart en DZ = 0.869317E-04 ; écart en DQ = 0.166226E-02
       Z : Pm   41377.00 du bief   5 ; Q : Pm   41394.00 du bief   5
 Err001 à  02:08:38:55 + 5.000 : DIVERGENCE des itérations (Debord)
       écart relatif (à Ymax et Qmax) croissant entre 2 itérées successives
       Itération 07 : écart en DZ = 0.968371E-04 ; écart en DQ = 0.185186E-02
       Itération 08 : écart en DZ = 0.117731E-03 ; écart en DQ = 0.225118E-02
       Z : Pm   41377.00 du bief   5 ; Q : Pm   41394.00 du bief   5
 Err001 à  02:08:39:00 + 5.000 : DIVERGENCE des itérations (Debord)
       écart relatif (à Ymax et Qmax) croissant entre 2 itérées successives
       Itération 07 : écart en DZ = 0.745295E-04 ; écart en DQ = 0.142531E-02
       Itération 08 : écart en DZ = 0.908445E-04 ; écart en DQ = 0.173717E-02
       Z : Pm   41377.00 du bief   5 ; Q : Pm   41394.00 du bief   5
 Err001 à  02:08:39:05 + 5.000 : DIVERGENCE des itérations (Debord)
       écart relatif (à Ymax et Qmax) croissant entre 2 itérées successives
       Itération 07 : écart en DZ = 0.106112E-03 ; écart en DQ = 0.202934E-02
       Itération 08 : écart en DZ = 0.129694E-03 ; écart en DQ = 0.248002E-02
       Z : Pm   41377.00 du bief   5 ; Q : Pm   41394.00 du bief   5
 Err001 à  02:08:39:10 + 5.000 : DIVERGENCE des itérations (Debord)
       écart relatif (à Ymax et Qmax) croissant entre 2 itérées successives
       Itération 07 : écart en DZ = 0.699601E-04 ; écart en DQ = 0.133799E-02
       Itération 08 : écart en DZ = 0.857409E-04 ; écart en DQ = 0.163967E-02
       Z : Pm   41377.00 du bief   5 ; Q : Pm   41394.00 du bief   5
 Err001 à  02:08:39:15 + 5.000 : DIVERGENCE des itérations (Debord)
       écart relatif (à Ymax et Qmax) croissant entre 2 itérées successives
       Itération 07 : écart en DZ = 0.115581E-03 ; écart en DQ = 0.221055E-02
       Itération 08 : écart en DZ = 0.142066E-03 ; écart en DQ = 0.271671E-02
       Z : Pm   41377.00 du bief   5 ; Q : Pm   41394.00 du bief   5
 Err001 à  02:08:39:20 + 5.000 : DIVERGENCE des itérations (Debord)
       écart relatif (à Ymax et Qmax) croissant entre 2 itérées successives
       Itération 07 : écart en DZ = 0.893882E-04 ; écart en DQ = 0.170963E-02
       Itération 08 : écart en DZ = 0.110158E-03 ; écart en DQ = 0.210664E-02
       Z : Pm   41377.00 du bief   5 ; Q : Pm   41394.00 du bief   5
 Err001 à  02:08:39:25 + 5.000 : DIVERGENCE des itérations (Debord)
       écart relatif (à Ymax et Qmax) croissant entre 2 itérées successives
       Itération 07 : écart en DZ = 0.728490E-04 ; écart en DQ = 0.139336E-02
       Itération 08 : écart en DZ = 0.900557E-04 ; écart en DQ = 0.172231E-02
       Z : Pm   41377.00 du bief   5 ; Q : Pm   41394.00 du bief   5
 Err001 à  02:08:39:30 + 5.000 : DIVERGENCE des itérations (Debord)
       écart relatif (à Ymax et Qmax) croissant entre 2 itérées successives
       Itération 07 : écart en DZ = 0.139034E-03 ; écart en DQ = 0.265930E-02
       Itération 08 : écart en DZ = 0.172364E-03 ; écart en DQ = 0.329623E-02
       Z : Pm   41377.00 du bief   5 ; Q : Pm   41394.00 du bief   5
 Err001 à  02:08:39:35 + 5.000 : DIVERGENCE des itérations (Debord)
       écart relatif (à Ymax et Qmax) croissant entre 2 itérées successives
       Itération 07 : écart en DZ = 0.102797E-03 ; écart en DQ = 0.196624E-02
       Itération 08 : écart en DZ = 0.127780E-03 ; écart en DQ = 0.244377E-02
       Z : Pm   41377.00 du bief   5 ; Q : Pm   41394.00 du bief   5
 Err001 à  02:08:39:40 + 5.000 : DIVERGENCE des itérations (Debord)
       écart relatif (à Ymax et Qmax) croissant entre 2 itérées successives
       Itération 07 : écart en DZ = 0.556824E-04 ; écart en DQ = 0.106509E-02
       Itération 08 : écart en DZ = 0.694285E-04 ; écart en DQ = 0.132793E-02
       Z : Pm   41377.00 du bief   5 ; Q : Pm   41394.00 du bief   5
 Err001 à  02:08:39:45 + 5.000 : DIVERGENCE des itérations (Debord)
       écart relatif (à Ymax et Qmax) croissant entre 2 itérées successives
       Itération 07 : écart en DZ = 0.121923E-03 ; écart en DQ = 0.233222E-02
       Itération 08 : écart en DZ = 0.152524E-03 ; écart en DQ = 0.291710E-02
       Z : Pm   41377.00 du bief   5 ; Q : Pm   41394.00 du bief   5
 Err001 à  02:08:39:50 + 5.000 : DIVERGENCE des itérations (Debord)
       écart relatif (à Ymax et Qmax) croissant entre 2 itérées successives
       Itération 07 : écart en DZ = 0.169754E-03 ; écart en DQ = 0.324720E-02
       Itération 08 : écart en DZ = 0.212940E-03 ; écart en DQ = 0.407241E-02
       Z : Pm   41377.00 du bief   5 ; Q : Pm   41394.00 du bief   5
 Err001 à  02:08:39:55 + 5.000 : DIVERGENCE des itérations (Debord)
       écart relatif (à Ymax et Qmax) croissant entre 2 itérées successives
       Itération 07 : écart en DZ = 0.110804E-03 ; écart en DQ = 0.211960E-02
       Itération 08 : écart en DZ = 0.139341E-03 ; écart en DQ = 0.266510E-02
       Z : Pm   41377.00 du bief   5 ; Q : Pm   41394.00 du bief   5
 Err001 à  02:08:40:00 + 5.000 : DIVERGENCE des itérations (Debord)
       écart relatif (à Ymax et Qmax) croissant entre 2 itérées successives
       Itération 07 : écart en DZ = 0.473803E-04 ; écart en DQ = 0.906382E-03
       Itération 08 : écart en DZ = 0.597822E-04 ; écart en DQ = 0.114356E-02
       Z : Pm   41377.00 du bief   5 ; Q : Pm   41394.00 du bief   5
 Err001 à  02:08:40:05 + 5.000 : DIVERGENCE des itérations (Debord)
       écart relatif (à Ymax et Qmax) croissant entre 2 itérées successives
       Itération 07 : écart en DZ = 0.787381E-04 ; écart en DQ = 0.150629E-02
       Itération 08 : écart en DZ = 0.997285E-04 ; écart en DQ = 0.190765E-02
       Z : Pm   41377.00 du bief   5 ; Q : Pm   41394.00 du bief   5
 Err001 à  02:08:40:10 + 5.000 : DIVERGENCE des itérations (Debord)
       écart relatif (à Ymax et Qmax) croissant entre 2 itérées successives
       Itération 07 : écart en DZ = 0.166767E-03 ; écart en DQ = 0.319040E-02
       Itération 08 : écart en DZ = 0.211872E-03 ; écart en DQ = 0.405238E-02
       Z : Pm   41377.00 du bief   5 ; Q : Pm   41394.00 du bief   5
 Err001 à  02:08:40:15 + 5.000 : DIVERGENCE des itérations (Debord)
       écart relatif (à Ymax et Qmax) croissant entre 2 itérées successives
       Itération 07 : écart en DZ = 0.208055E-03 ; écart en DQ = 0.398039E-02
       Itération 08 : écart en DZ = 0.264937E-03 ; écart en DQ = 0.506719E-02
       Z : Pm   41377.00 du bief   5 ; Q : Pm   41394.00 du bief   5
 Err001 à  02:08:40:20 + 5.000 : DIVERGENCE des itérations (Debord)
       écart relatif (à Ymax et Qmax) croissant entre 2 itérées successives
       Itération 07 : écart en DZ = 0.163066E-03 ; écart en DQ = 0.311980E-02
       Itération 08 : écart en DZ = 0.208204E-03 ; écart en DQ = 0.398249E-02
       Z : Pm   41377.00 du bief   5 ; Q : Pm   41394.00 du bief   5
 Err001 à  02:08:40:25 + 5.000 : DIVERGENCE des itérations (Debord)
       écart relatif (à Ymax et Qmax) croissant entre 2 itérées successives
       Itération 07 : écart en DZ = 0.805858E-04 ; écart en DQ = 0.154181E-02
       Itération 08 : écart en DZ = 0.103261E-03 ; écart en DQ = 0.197542E-02
       Z : Pm   41377.00 du bief   5 ; Q : Pm   41394.00 du bief   5
 Err001 à  02:08:40:30 + 5.000 : DIVERGENCE des itérations (Debord)
       écart relatif (à Ymax et Qmax) croissant entre 2 itérées successives
       Itération 07 : écart en DZ = 0.334732E-04 ; écart en DQ = 0.640433E-03
       Itération 08 : écart en DZ = 0.430625E-04 ; écart en DQ = 0.823863E-03
       Z : Pm   41377.00 du bief   5 ; Q : Pm   41394.00 du bief   5
 Err001 à  02:08:40:35 + 5.000 : DIVERGENCE des itérations (Debord)
       écart relatif (à Ymax et Qmax) croissant entre 2 itérées successives
       Itération 07 : écart en DZ = 0.550258E-04 ; écart en DQ = 0.105280E-02
       Itération 08 : écart en DZ = 0.710510E-04 ; écart en DQ = 0.135930E-02
       Z : Pm   41377.00 du bief   5 ; Q : Pm   41394.00 du bief   5
 Err001 à  02:08:40:40 + 5.000 : DIVERGENCE des itérations (Debord)
       écart relatif (à Ymax et Qmax) croissant entre 2 itérées successives
       Itération 07 : écart en DZ = 0.124088E-03 ; écart en DQ = 0.237422E-02
       Itération 08 : écart en DZ = 0.160743E-03 ; écart en DQ = 0.307500E-02
       Z : Pm   41377.00 du bief   5 ; Q : Pm   41394.00 du bief   5
 Err001 à  02:08:40:45 + 5.000 : DIVERGENCE des itérations (Debord)
       écart relatif (à Ymax et Qmax) croissant entre 2 itérées successives
       Itération 07 : écart en DZ = 0.196294E-03 ; écart en DQ = 0.375591E-02
       Itération 08 : écart en DZ = 0.255018E-03 ; écart en DQ = 0.487816E-02
       Z : Pm   41377.00 du bief   5 ; Q : Pm   41394.00 du bief   5
 Err001 à  02:08:40:50 + 5.000 : DIVERGENCE des itérations (Debord)
       écart relatif (à Ymax et Qmax) croissant entre 2 itérées successives
       Itération 07 : écart en DZ = 0.238516E-03 ; écart en DQ = 0.456398E-02
       Itération 08 : écart en DZ = 0.310738E-03 ; écart en DQ = 0.594392E-02
       Z : Pm   41377.00 du bief   5 ; Q : Pm   41394.00 du bief   5
 Err001 à  02:08:40:55 + 5.000 : DIVERGENCE des itérations (Debord)
       écart relatif (à Ymax et Qmax) croissant entre 2 itérées successives
       Itération 07 : écart en DZ = 0.242269E-03 ; écart en DQ = 0.463601E-02
       Itération 08 : écart en DZ = 0.316525E-03 ; écart en DQ = 0.605484E-02
       Z : Pm   41377.00 du bief   5 ; Q : Pm   41394.00 du bief   5
 Err001 à  02:08:41:00 + 5.000 : DIVERGENCE des itérations (Debord)
       écart relatif (à Ymax et Qmax) croissant entre 2 itérées successives
       Itération 07 : écart en DZ = 0.217952E-03 ; écart en DQ = 0.417084E-02
       Itération 08 : écart en DZ = 0.285612E-03 ; écart en DQ = 0.546389E-02
       Z : Pm   41377.00 du bief   5 ; Q : Pm   41394.00 du bief   5
 Err001 à  02:08:41:05 + 5.000 : DIVERGENCE des itérations (Debord)
       écart relatif (à Ymax et Qmax) croissant entre 2 itérées successives
       Itération 07 : écart en DZ = 0.182256E-03 ; écart en DQ = 0.348787E-02
       Itération 08 : écart en DZ = 0.239627E-03 ; écart en DQ = 0.458455E-02
       Z : Pm   41377.00 du bief   5 ; Q : Pm   41394.00 du bief   5
 Err001 à  02:08:41:10 + 5.000 : DIVERGENCE des itérations (Debord)
       écart relatif (à Ymax et Qmax) croissant entre 2 itérées successives
       Itération 07 : écart en DZ = 0.148928E-03 ; écart en DQ = 0.285013E-02
       Itération 08 : écart en DZ = 0.196535E-03 ; écart en DQ = 0.376039E-02
       Z : Pm   41377.00 du bief   5 ; Q : Pm   41394.00 du bief   5
 Err001 à  02:08:41:15 + 5.000 : DIVERGENCE des itérations (Debord)
       écart relatif (à Ymax et Qmax) croissant entre 2 itérées successives
       Itération 07 : écart en DZ = 0.125032E-03 ; écart en DQ = 0.239285E-02
       Itération 08 : écart en DZ = 0.165674E-03 ; écart en DQ = 0.317007E-02
       Z : Pm   41377.00 du bief   5 ; Q : Pm   41394.00 du bief   5
 Err001 à  02:08:41:20 + 5.000 : DIVERGENCE des itérations (Debord)
       écart relatif (à Ymax et Qmax) croissant entre 2 itérées successives
       Itération 07 : écart en DZ = 0.111467E-03 ; écart en DQ = 0.213326E-02
       Itération 08 : écart en DZ = 0.148336E-03 ; écart en DQ = 0.283839E-02
       Z : Pm   41377.00 du bief   5 ; Q : Pm   41394.00 du bief   5
 Err001 à  02:08:41:25 + 5.000 : DIVERGENCE des itérations (Debord)
       écart relatif (à Ymax et Qmax) croissant entre 2 itérées successives
       Itération 07 : écart en DZ = 0.106046E-03 ; écart en DQ = 0.202953E-02
       Itération 08 : écart en DZ = 0.141732E-03 ; écart en DQ = 0.271206E-02
       Z : Pm   41377.00 du bief   5 ; Q : Pm   41394.00 du bief   5
 Err001 à  02:08:41:30 + 5.000 : DIVERGENCE des itérations (Debord)
       écart relatif (à Ymax et Qmax) croissant entre 2 itérées successives
       Itération 07 : écart en DZ = 0.106495E-03 ; écart en DQ = 0.203814E-02
       Itération 08 : écart en DZ = 0.142924E-03 ; écart en DQ = 0.273487E-02
       Z : Pm   41377.00 du bief   5 ; Q : Pm   41394.00 du bief   5
 Err001 à  02:08:41:35 + 5.000 : DIVERGENCE des itérations (Debord)
       écart relatif (à Ymax et Qmax) croissant entre 2 itérées successives
       Itération 07 : écart en DZ = 0.111073E-03 ; écart en DQ = 0.212577E-02
       Itération 08 : écart en DZ = 0.149643E-03 ; écart en DQ = 0.286345E-02
       Z : Pm   41377.00 du bief   5 ; Q : Pm   41394.00 du bief   5
 Err001 à  02:08:41:40 + 5.000 : DIVERGENCE des itérations (Debord)
       écart relatif (à Ymax et Qmax) croissant entre 2 itérées successives
       Itération 07 : écart en DZ = 0.118011E-03 ; écart en DQ = 0.225857E-02
       Itération 08 : écart en DZ = 0.159553E-03 ; écart en DQ = 0.305307E-02
       Z : Pm   41377.00 du bief   5 ; Q : Pm   41394.00 du bief   5
 Err001 à  02:08:41:45 + 5.000 : DIVERGENCE des itérations (Debord)
       écart relatif (à Ymax et Qmax) croissant entre 2 itérées successives
       Itération 07 : écart en DZ = 0.125695E-03 ; écart en DQ = 0.240567E-02
       Itération 08 : écart en DZ = 0.170497E-03 ; écart en DQ = 0.326249E-02
       Z : Pm   41377.00 du bief   5 ; Q : Pm   41394.00 du bief   5
 Err001 à  02:08:41:50 + 5.000 : DIVERGENCE des itérations (Debord)
       écart relatif (à Ymax et Qmax) croissant entre 2 itérées successives
       Itération 07 : écart en DZ = 0.133208E-03 ; écart en DQ = 0.254952E-02
       Itération 08 : écart en DZ = 0.181241E-03 ; écart en DQ = 0.346812E-02
       Z : Pm   41377.00 du bief   5 ; Q : Pm   41394.00 du bief   5
 Err001 à  02:08:41:55 + 5.000 : DIVERGENCE des itérations (Debord)
       écart relatif (à Ymax et Qmax) croissant entre 2 itérées successives
       Itération 07 : écart en DZ = 0.140450E-03 ; écart en DQ = 0.268819E-02
       Itération 08 : écart en DZ = 0.191660E-03 ; écart en DQ = 0.366752E-02
       Z : Pm   41377.00 du bief   5 ; Q : Pm   41394.00 du bief   5
 Err001 à  02:08:42:00 + 5.000 : DIVERGENCE des itérations (Debord)
       écart relatif (à Ymax et Qmax) croissant entre 2 itérées successives
       Itération 07 : écart en DZ = 0.147635E-03 ; écart en DQ = 0.282578E-02
       Itération 08 : écart en DZ = 0.202055E-03 ; écart en DQ = 0.386650E-02
       Z : Pm   41377.00 du bief   5 ; Q : Pm   41394.00 du bief   5
 Err001 à  02:08:42:05 + 5.000 : DIVERGENCE des itérations (Debord)
       écart relatif (à Ymax et Qmax) croissant entre 2 itérées successives
       Itération 07 : écart en DZ = 0.154860E-03 ; écart en DQ = 0.296415E-02
       Itération 08 : écart en DZ = 0.212573E-03 ; écart en DQ = 0.406783E-02
       Z : Pm   41377.00 du bief   5 ; Q : Pm   41394.00 du bief   5
 Err001 à  02:08:42:10 + 5.000 : DIVERGENCE des itérations (Debord)
       écart relatif (à Ymax et Qmax) croissant entre 2 itérées successives
       Itération 07 : écart en DZ = 0.162121E-03 ; écart en DQ = 0.310322E-02
       Itération 08 : écart en DZ = 0.223214E-03 ; écart en DQ = 0.427153E-02
       Z : Pm   41377.00 du bief   5 ; Q : Pm   41394.00 du bief   5
 Err001 à  02:08:42:15 + 5.000 : DIVERGENCE des itérations (Debord)
       écart relatif (à Ymax et Qmax) croissant entre 2 itérées successives
       Itération 07 : écart en DZ = 0.169342E-03 ; écart en DQ = 0.324154E-02
       Itération 08 : écart en DZ = 0.233879E-03 ; écart en DQ = 0.447570E-02
       Z : Pm   41377.00 du bief   5 ; Q : Pm   41394.00 du bief   5
 Err001 à  02:08:42:20 + 5.000 : DIVERGENCE des itérations (Debord)
       écart relatif (à Ymax et Qmax) croissant entre 2 itérées successives
       Itération 07 : écart en DZ = 0.176364E-03 ; écart en DQ = 0.337606E-02
       Itération 08 : écart en DZ = 0.244352E-03 ; écart en DQ = 0.467618E-02
       Z : Pm   41377.00 du bief   5 ; Q : Pm   41394.00 du bief   5
 Err001 à  02:08:42:25 + 5.000 : DIVERGENCE des itérations (Debord)
       écart relatif (à Ymax et Qmax) croissant entre 2 itérées successives
       Itération 07 : écart en DZ = 0.183014E-03 ; écart en DQ = 0.350345E-02
       Itération 08 : écart en DZ = 0.254391E-03 ; écart en DQ = 0.486838E-02
       Z : Pm   41377.00 du bief   5 ; Q : Pm   41394.00 du bief   5
 Err001 à  02:08:42:30 + 5.000 : DIVERGENCE des itérations (Debord)
       écart relatif (à Ymax et Qmax) croissant entre 2 itérées successives
       Itération 07 : écart en DZ = 0.189309E-03 ; écart en DQ = 0.362406E-02
       Itération 08 : écart en DZ = 0.264019E-03 ; écart en DQ = 0.505271E-02
       Z : Pm   41377.00 du bief   5 ; Q : Pm   41394.00 du bief   5
 Err001 à  02:08:42:35 + 5.000 : DIVERGENCE des itérations (Debord)
       écart relatif (à Ymax et Qmax) croissant entre 2 itérées successives
       Itération 07 : écart en DZ = 0.195524E-03 ; écart en DQ = 0.374315E-02
       Itération 08 : écart en DZ = 0.273614E-03 ; écart en DQ = 0.523642E-02
       Z : Pm   41377.00 du bief   5 ; Q : Pm   41394.00 du bief   5
 Err001 à  02:08:42:40 + 5.000 : DIVERGENCE des itérations (Debord)
       écart relatif (à Ymax et Qmax) croissant entre 2 itérées successives
       Itération 07 : écart en DZ = 0.201886E-03 ; écart en DQ = 0.386504E-02
       Itération 08 : écart en DZ = 0.283492E-03 ; écart en DQ = 0.542555E-02
       Z : Pm   41377.00 du bief   5 ; Q : Pm   41394.00 du bief   5
 Err001 à  02:08:42:45 + 5.000 : DIVERGENCE des itérations (Debord)
       écart relatif (à Ymax et Qmax) croissant entre 2 itérées successives
       Itération 07 : écart en DZ = 0.208305E-03 ; écart en DQ = 0.398804E-02
       Itération 08 : écart en DZ = 0.293533E-03 ; écart en DQ = 0.561780E-02
       Z : Pm   41377.00 du bief   5 ; Q : Pm   41394.00 du bief   5
 Err001 à  02:08:42:50 + 5.000 : DIVERGENCE des itérations (Debord)
       écart relatif (à Ymax et Qmax) croissant entre 2 itérées successives
       Itération 07 : écart en DZ = 0.214528E-03 ; écart en DQ = 0.410729E-02
       Itération 08 : écart en DZ = 0.303379E-03 ; écart en DQ = 0.580633E-02
       Z : Pm   41377.00 du bief   5 ; Q : Pm   41394.00 du bief   5
 Err001 à  02:08:42:55 + 5.000 : DIVERGENCE des itérations (Debord)
       écart relatif (à Ymax et Qmax) croissant entre 2 itérées successives
       Itération 07 : écart en DZ = 0.220447E-03 ; écart en DQ = 0.422073E-02
       Itération 08 : écart en DZ = 0.312876E-03 ; écart en DQ = 0.598818E-02
       Z : Pm   41377.00 du bief   5 ; Q : Pm   41394.00 du bief   5
 Err001 à  02:08:43:00 + 5.000 : DIVERGENCE des itérations (Debord)
       écart relatif (à Ymax et Qmax) croissant entre 2 itérées successives
       Itération 07 : écart en DZ = 0.226180E-03 ; écart en DQ = 0.433062E-02
       Itération 08 : écart en DZ = 0.322186E-03 ; écart en DQ = 0.616648E-02
       Z : Pm   41377.00 du bief   5 ; Q : Pm   41394.00 du bief   5
 Err001 à  02:08:43:05 + 5.000 : DIVERGENCE des itérations (Debord)
       écart relatif (à Ymax et Qmax) croissant entre 2 itérées successives
       Itération 07 : écart en DZ = 0.231912E-03 ; écart en DQ = 0.444048E-02
       Itération 08 : écart en DZ = 0.331571E-03 ; écart en DQ = 0.634619E-02
       Z : Pm   41377.00 du bief   5 ; Q : Pm   41394.00 du bief   5
 Err001 à  02:08:43:10 + 5.000 : DIVERGENCE des itérations (Debord)
       écart relatif (à Ymax et Qmax) croissant entre 2 itérées successives
       Itération 07 : écart en DZ = 0.237735E-03 ; écart en DQ = 0.455210E-02
       Itération 08 : écart en DZ = 0.341164E-03 ; écart en DQ = 0.652989E-02
       Z : Pm   41377.00 du bief   5 ; Q : Pm   41394.00 du bief   5
 Err001 à  02:08:43:15 + 5.000 : DIVERGENCE des itérations (Debord)
       écart relatif (à Ymax et Qmax) croissant entre 2 itérées successives
       Itération 07 : écart en DZ = 0.243653E-03 ; écart en DQ = 0.466554E-02
       Itération 08 : écart en DZ = 0.350970E-03 ; écart en DQ = 0.671767E-02
       Z : Pm   41377.00 du bief   5 ; Q : Pm   41394.00 du bief   5
 Err001 à  02:08:43:20 + 5.000 : DIVERGENCE des itérations (Debord)
       écart relatif (à Ymax et Qmax) croissant entre 2 itérées successives
       Itération 07 : écart en DZ = 0.249699E-03 ; écart en DQ = 0.478144E-02
       Itération 08 : écart en DZ = 0.361041E-03 ; écart en DQ = 0.691054E-02
       Z : Pm   41377.00 du bief   5 ; Q : Pm   41394.00 du bief   5
 Err001 à  02:08:43:25 + 5.000 : DIVERGENCE des itérations (Debord)
       écart relatif (à Ymax et Qmax) croissant entre 2 itérées successives
       Itération 07 : écart en DZ = 0.255971E-03 ; écart en DQ = 0.490168E-02
       Itération 08 : écart en DZ = 0.371520E-03 ; écart en DQ = 0.711121E-02
       Z : Pm   41377.00 du bief   5 ; Q : Pm   41394.00 du bief   5
 Err001 à  02:08:43:30 + 5.000 : DIVERGENCE des itérations (Debord)
       écart relatif (à Ymax et Qmax) croissant entre 2 itérées successives
       Itération 07 : écart en DZ = 0.262548E-03 ; écart en DQ = 0.502775E-02
       Itération 08 : écart en DZ = 0.382526E-03 ; écart en DQ = 0.732198E-02
       Z : Pm   41377.00 du bief   5 ; Q : Pm   41394.00 du bief   5
 Err001 à  02:08:43:35 + 5.000 : DIVERGENCE des itérations (Debord)
       écart relatif (à Ymax et Qmax) croissant entre 2 itérées successives
       Itération 07 : écart en DZ = 0.269456E-03 ; écart en DQ = 0.516017E-02
       Itération 08 : écart en DZ = 0.394105E-03 ; écart en DQ = 0.754369E-02
       Z : Pm   41377.00 du bief   5 ; Q : Pm   41394.00 du bief   5
 Err001 à  02:08:43:40 + 5.000 : DIVERGENCE des itérations (Debord)
       écart relatif (à Ymax et Qmax) croissant entre 2 itérées successives
       Itération 07 : écart en DZ = 0.276690E-03 ; écart en DQ = 0.529885E-02
       Itération 08 : écart en DZ = 0.406256E-03 ; écart en DQ = 0.777639E-02
       Z : Pm   41377.00 du bief   5 ; Q : Pm   41394.00 du bief   5
 Err001 à  02:08:43:45 + 5.000 : DIVERGENCE des itérations (Debord)
       écart relatif (à Ymax et Qmax) croissant entre 2 itérées successives
       Itération 07 : écart en DZ = 0.284238E-03 ; écart en DQ = 0.544355E-02
       Itération 08 : écart en DZ = 0.418968E-03 ; écart en DQ = 0.801981E-02
       Z : Pm   41377.00 du bief   5 ; Q : Pm   41394.00 du bief   5
 Err001 à  02:08:43:50 + 5.000 : DIVERGENCE des itérations (Debord)
       écart relatif (à Ymax et Qmax) croissant entre 2 itérées successives
       Itération 07 : écart en DZ = 0.292082E-03 ; écart en DQ = 0.559393E-02
       Itération 08 : écart en DZ = 0.432221E-03 ; écart en DQ = 0.827360E-02
       Z : Pm   41377.00 du bief   5 ; Q : Pm   41394.00 du bief   5
 Err001 à  02:08:43:55 + 5.000 : DIVERGENCE des itérations (Debord)
       écart relatif (à Ymax et Qmax) croissant entre 2 itérées successives
       Itération 07 : écart en DZ = 0.300214E-03 ; écart en DQ = 0.574985E-02
       Itération 08 : écart en DZ = 0.446010E-03 ; écart en DQ = 0.853764E-02
       Z : Pm   41377.00 du bief   5 ; Q : Pm   41394.00 du bief   5
 Err001 à  02:08:44:00 + 5.000 : DIVERGENCE des itérations (Debord)
       écart relatif (à Ymax et Qmax) croissant entre 2 itérées successives
       Itération 07 : écart en DZ = 0.308650E-03 ; écart en DQ = 0.591158E-02
       Itération 08 : écart en DZ = 0.460363E-03 ; écart en DQ = 0.881250E-02
       Z : Pm   41377.00 du bief   5 ; Q : Pm   41394.00 du bief   5
 Err001 à  02:08:44:05 + 5.000 : DIVERGENCE des itérations (Debord)
       écart relatif (à Ymax et Qmax) croissant entre 2 itérées successives
       Itération 07 : écart en DZ = 0.317415E-03 ; écart en DQ = 0.607964E-02
       Itération 08 : écart en DZ = 0.475330E-03 ; écart en DQ = 0.909909E-02
       Z : Pm   41377.00 du bief   5 ; Q : Pm   41394.00 du bief   5
 Err001 à  02:08:44:10 + 5.000 : DIVERGENCE des itérations (Debord)
       écart relatif (à Ymax et Qmax) croissant entre 2 itérées successives
       Itération 07 : écart en DZ = 0.326527E-03 ; écart en DQ = 0.625434E-02
       Itération 08 : écart en DZ = 0.490943E-03 ; écart en DQ = 0.939806E-02
       Z : Pm   41377.00 du bief   5 ; Q : Pm   41394.00 du bief   5
 Err001 à  02:08:44:15 + 5.000 : DIVERGENCE des itérations (Debord)
       écart relatif (à Ymax et Qmax) croissant entre 2 itérées successives
       Itération 07 : écart en DZ = 0.335991E-03 ; écart en DQ = 0.643579E-02
       Itération 08 : écart en DZ = 0.507220E-03 ; écart en DQ = 0.970975E-02
       Z : Pm   41377.00 du bief   5 ; Q : Pm   41394.00 du bief   5
 Err001 à  02:08:44:20 + 5.000 : DIVERGENCE des itérations (Debord)
       écart relatif (à Ymax et Qmax) croissant entre 2 itérées successives
       Itération 07 : écart en DZ = 0.345801E-03 ; écart en DQ = 0.662391E-02
       Itération 08 : écart en DZ = 0.524165E-03 ; écart en DQ = 0.100342E-01
       Z : Pm   41377.00 du bief   5 ; Q : Pm   41394.00 du bief   5
 Err001 à  02:08:44:25 + 5.000 : DIVERGENCE des itérations (Debord)
       écart relatif (à Ymax et Qmax) croissant entre 2 itérées successives
       Itération 07 : écart en DZ = 0.355939E-03 ; écart en DQ = 0.681831E-02
       Itération 08 : écart en DZ = 0.541756E-03 ; écart en DQ = 0.103711E-01
       Z : Pm   41377.00 du bief   5 ; Q : Pm   41394.00 du bief   5
 Err001 à  02:08:44:30 + 5.000 : DIVERGENCE des itérations (Debord)
       écart relatif (à Ymax et Qmax) croissant entre 2 itérées successives
       Itération 07 : écart en DZ = 0.366380E-03 ; écart en DQ = 0.701852E-02
       Itération 08 : écart en DZ = 0.559965E-03 ; écart en DQ = 0.107197E-01
       Z : Pm   41377.00 du bief   5 ; Q : Pm   41394.00 du bief   5
 Err001 à  02:08:44:35 + 5.000 : DIVERGENCE des itérations (Debord)
       écart relatif (à Ymax et Qmax) croissant entre 2 itérées successives
       Itération 07 : écart en DZ = 0.377126E-03 ; écart en DQ = 0.722460E-02
       Itération 08 : écart en DZ = 0.578803E-03 ; écart en DQ = 0.110804E-01
       Z : Pm   41377.00 du bief   5 ; Q : Pm   41394.00 du bief   5
 Err001 à  02:08:44:40 + 5.000 : DIVERGENCE des itérations (Debord)
       écart relatif (à Ymax et Qmax) croissant entre 2 itérées successives
       Itération 07 : écart en DZ = 0.388213E-03 ; écart en DQ = 0.743721E-02
       Itération 08 : écart en DZ = 0.598332E-03 ; écart en DQ = 0.114544E-01
       Z : Pm   41377.00 du bief   5 ; Q : Pm   41394.00 du bief   5
 Err001 à  02:08:44:45 + 5.000 : DIVERGENCE des itérations (Debord)
       écart relatif (à Ymax et Qmax) croissant entre 2 itérées successives
       Itération 07 : écart en DZ = 0.399685E-03 ; écart en DQ = 0.765721E-02
       Itération 08 : écart en DZ = 0.618632E-03 ; écart en DQ = 0.118431E-01
       Z : Pm   41377.00 du bief   5 ; Q : Pm   41394.00 du bief   5
 Err001 à  02:08:44:50 + 5.000 : DIVERGENCE des itérations (Debord)
       écart relatif (à Ymax et Qmax) croissant entre 2 itérées successives
       Itération 07 : écart en DZ = 0.411562E-03 ; écart en DQ = 0.788499E-02
       Itération 08 : écart en DZ = 0.639742E-03 ; écart en DQ = 0.122473E-01
       Z : Pm   41377.00 du bief   5 ; Q : Pm   41394.00 du bief   5
 Err001 à  02:08:44:55 + 5.000 : DIVERGENCE des itérations (Debord)
       écart relatif (à Ymax et Qmax) croissant entre 2 itérées successives
       Itération 07 : écart en DZ = 0.423836E-03 ; écart en DQ = 0.812041E-02
       Itération 08 : écart en DZ = 0.661662E-03 ; écart en DQ = 0.126670E-01
       Z : Pm   41377.00 du bief   5 ; Q : Pm   41394.00 du bief   5
 Err001 à  02:08:45:00 + 5.000 : DIVERGENCE des itérations (Debord)
       écart relatif (à Ymax et Qmax) croissant entre 2 itérées successives
       Itération 07 : écart en DZ = 0.436514E-03 ; écart en DQ = 0.836356E-02
       Itération 08 : écart en DZ = 0.684410E-03 ; écart en DQ = 0.131026E-01
       Z : Pm   41377.00 du bief   5 ; Q : Pm   41394.00 du bief   5
 Err001 à  02:08:45:05 + 5.000 : DIVERGENCE des itérations (Debord)
       écart relatif (à Ymax et Qmax) croissant entre 2 itérées successives
       Itération 07 : écart en DZ = 0.449623E-03 ; écart en DQ = 0.861502E-02
       Itération 08 : écart en DZ = 0.708045E-03 ; écart en DQ = 0.135551E-01
       Z : Pm   41377.00 du bief   5 ; Q : Pm   41394.00 du bief   5
 Err001 à  02:08:45:10 + 5.000 : DIVERGENCE des itérations (Debord)
       écart relatif (à Ymax et Qmax) croissant entre 2 itérées successives
       Itération 07 : écart en DZ = 0.463202E-03 ; écart en DQ = 0.887548E-02
       Itération 08 : écart en DZ = 0.732635E-03 ; écart en DQ = 0.140259E-01
       Z : Pm   41377.00 du bief   5 ; Q : Pm   41394.00 du bief   5
 Err001 à  02:08:45:15 + 5.000 : DIVERGENCE des itérations (Debord)
       écart relatif (à Ymax et Qmax) croissant entre 2 itérées successives
       Itération 07 : écart en DZ = 0.477305E-03 ; écart en DQ = 0.914600E-02
       Itération 08 : écart en DZ = 0.758280E-03 ; écart en DQ = 0.145169E-01
       Z : Pm   41377.00 du bief   5 ; Q : Pm   41394.00 du bief   5
 Err001 à  02:08:45:20 + 5.000 : DIVERGENCE des itérations (Debord)
       écart relatif (à Ymax et Qmax) croissant entre 2 itérées successives
       Itération 07 : écart en DZ = 0.491945E-03 ; écart en DQ = 0.942684E-02
       Itération 08 : écart en DZ = 0.785018E-03 ; écart en DQ = 0.150288E-01
       Z : Pm   41377.00 du bief   5 ; Q : Pm   41394.00 du bief   5
 Err001 à  02:08:45:25 + 5.000 : DIVERGENCE des itérations (Debord)
       écart relatif (à Ymax et Qmax) croissant entre 2 itérées successives
       Itération 07 : écart en DZ = 0.507146E-03 ; écart en DQ = 0.971843E-02
       Itération 08 : écart en DZ = 0.812890E-03 ; écart en DQ = 0.155623E-01
       Z : Pm   41377.00 du bief   5 ; Q : Pm   41394.00 du bief   5
 Err001 à  02:08:45:30 + 5.000 : DIVERGENCE des itérations (Debord)
       écart relatif (à Ymax et Qmax) croissant entre 2 itérées successives
       Itération 07 : écart en DZ = 0.522922E-03 ; écart en DQ = 0.100211E-01
       Itération 08 : écart en DZ = 0.841950E-03 ; écart en DQ = 0.161185E-01
       Z : Pm   41377.00 du bief   5 ; Q : Pm   41394.00 du bief   5
 Err001 à  02:08:45:35 + 5.000 : DIVERGENCE des itérations (Debord)
       écart relatif (à Ymax et Qmax) croissant entre 2 itérées successives
       Itération 07 : écart en DZ = 0.539318E-03 ; écart en DQ = 0.103356E-01
       Itération 08 : écart en DZ = 0.872286E-03 ; écart en DQ = 0.166992E-01
       Z : Pm   41377.00 du bief   5 ; Q : Pm   41394.00 du bief   5
 Err001 à  02:08:45:40 + 5.000 : DIVERGENCE des itérations (Debord)
       écart relatif (à Ymax et Qmax) croissant entre 2 itérées successives
       Itération 07 : écart en DZ = 0.556384E-03 ; écart en DQ = 0.106631E-01
       Itération 08 : écart en DZ = 0.904002E-03 ; écart en DQ = 0.173063E-01
       Z : Pm   41377.00 du bief   5 ; Q : Pm   41394.00 du bief   5
 Err001 à  02:08:45:45 + 5.000 : DIVERGENCE des itérations (Debord)
       écart relatif (à Ymax et Qmax) croissant entre 2 itérées successives
       Itération 07 : écart en DZ = 0.574148E-03 ; écart en DQ = 0.110039E-01
       Itération 08 : écart en DZ = 0.937165E-03 ; écart en DQ = 0.179411E-01
       Z : Pm   41377.00 du bief   5 ; Q : Pm   41394.00 du bief   5
 Err001 à  02:08:45:50 + 5.000 : DIVERGENCE des itérations (Debord)
       écart relatif (à Ymax et Qmax) croissant entre 2 itérées successives
       Itération 07 : écart en DZ = 0.592638E-03 ; écart en DQ = 0.113587E-01
       Itération 08 : écart en DZ = 0.971839E-03 ; écart en DQ = 0.186048E-01
       Z : Pm   41377.00 du bief   5 ; Q : Pm   41394.00 du bief   5
 Err001 à  02:08:45:55 + 5.000 : DIVERGENCE des itérations (Debord)
       écart relatif (à Ymax et Qmax) croissant entre 2 itérées successives
       Itération 07 : écart en DZ = 0.611884E-03 ; écart en DQ = 0.117280E-01
       Itération 08 : écart en DZ = 0.100810E-02 ; écart en DQ = 0.192989E-01
       Z : Pm   41377.00 du bief   5 ; Q : Pm   41394.00 du bief   5
 Err001 à  02:08:46:00 + 5.000 : DIVERGENCE des itérations (Debord)
       écart relatif (à Ymax et Qmax) croissant entre 2 itérées successives
       Itération 07 : écart en DZ = 0.631896E-03 ; écart en DQ = 0.121120E-01
       Itération 08 : écart en DZ = 0.104599E-02 ; écart en DQ = 0.200242E-01
       Z : Pm   41377.00 du bief   5 ; Q : Pm   41394.00 du bief   5
 Err001 à  02:08:46:05 + 5.000 : DIVERGENCE des itérations (Debord)
       écart relatif (à Ymax et Qmax) croissant entre 2 itérées successives
       Itération 07 : écart en DZ = 0.652665E-03 ; écart en DQ = 0.125105E-01
       Itération 08 : écart en DZ = 0.108551E-02 ; écart en DQ = 0.207808E-01
       Z : Pm   41377.00 du bief   5 ; Q : Pm   41394.00 du bief   5
 Err001 à  02:08:46:10 + 5.000 : DIVERGENCE des itérations (Debord)
       écart relatif (à Ymax et Qmax) croissant entre 2 itérées successives
       Itération 07 : écart en DZ = 0.674200E-03 ; écart en DQ = 0.129238E-01
       Itération 08 : écart en DZ = 0.112670E-02 ; écart en DQ = 0.215694E-01
       Z : Pm   41377.00 du bief   5 ; Q : Pm   41394.00 du bief   5
 Err001 à  02:08:46:15 + 5.000 : DIVERGENCE des itérations (Debord)
       écart relatif (à Ymax et Qmax) croissant entre 2 itérées successives
       Itération 07 : écart en DZ = 0.696554E-03 ; écart en DQ = 0.133528E-01
       Itération 08 : écart en DZ = 0.116969E-02 ; écart en DQ = 0.223923E-01
       Z : Pm   41377.00 du bief   5 ; Q : Pm   41394.00 du bief   5
 Err001 à  02:08:46:20 + 5.000 : DIVERGENCE des itérations (Debord)
       écart relatif (à Ymax et Qmax) croissant entre 2 itérées successives
       Itération 07 : écart en DZ = 0.719804E-03 ; écart en DQ = 0.137990E-01
       Itération 08 : écart en DZ = 0.121462E-02 ; écart en DQ = 0.232524E-01
       Z : Pm   41377.00 du bief   5 ; Q : Pm   41394.00 du bief   5
 Err001 à  02:08:46:25 + 5.000 : DIVERGENCE des itérations (Debord)
       écart relatif (à Ymax et Qmax) croissant entre 2 itérées successives
       Itération 07 : écart en DZ = 0.744019E-03 ; écart en DQ = 0.142638E-01
       Itération 08 : écart en DZ = 0.126165E-02 ; écart en DQ = 0.241527E-01
       Z : Pm   41377.00 du bief   5 ; Q : Pm   41394.00 du bief   5
 Err001 à  02:08:46:30 + 5.000 : DIVERGENCE des itérations (Debord)
       écart relatif (à Ymax et Qmax) croissant entre 2 itérées successives
       Itération 07 : écart en DZ = 0.769252E-03 ; écart en DQ = 0.147480E-01
       Itération 08 : écart en DZ = 0.131092E-02 ; écart en DQ = 0.250959E-01
       Z : Pm   41377.00 du bief   5 ; Q : Pm   41394.00 du bief   5
 Err001 à  02:08:46:35 + 5.000 : DIVERGENCE des itérations (Debord)
       écart relatif (à Ymax et Qmax) croissant entre 2 itérées successives
       Itération 07 : écart en DZ = 0.795548E-03 ; écart en DQ = 0.152527E-01
       Itération 08 : écart en DZ = 0.136252E-02 ; écart en DQ = 0.260838E-01
       Z : Pm   41377.00 du bief   5 ; Q : Pm   41394.00 du bief   5
 Err001 à  02:08:46:40 + 5.000 : DIVERGENCE des itérations (Debord)
       écart relatif (à Ymax et Qmax) croissant entre 2 itérées successives
       Itération 07 : écart en DZ = 0.822966E-03 ; écart en DQ = 0.157789E-01
       Itération 08 : écart en DZ = 0.141659E-02 ; écart en DQ = 0.271190E-01
       Z : Pm   41377.00 du bief   5 ; Q : Pm   41394.00 du bief   5
 Err001 à  02:08:46:45 + 5.000 : DIVERGENCE des itérations (Debord)
       écart relatif (à Ymax et Qmax) croissant entre 2 itérées successives
       Itération 07 : écart en DZ = 0.851546E-03 ; écart en DQ = 0.163275E-01
       Itération 08 : écart en DZ = 0.147325E-02 ; écart en DQ = 0.282035E-01
       Z : Pm   41377.00 du bief   5 ; Q : Pm   41394.00 du bief   5
 Err001 à  02:08:46:50 + 5.000 : DIVERGENCE des itérations (Debord)
       écart relatif (à Ymax et Qmax) croissant entre 2 itérées successives
       Itération 07 : écart en DZ = 0.881355E-03 ; écart en DQ = 0.168997E-01
       Itération 08 : écart en DZ = 0.153264E-02 ; écart en DQ = 0.293404E-01
       Z : Pm   41377.00 du bief   5 ; Q : Pm   41394.00 du bief   5
 Err001 à  02:08:46:55 + 5.000 : DIVERGENCE des itérations (Debord)
       écart relatif (à Ymax et Qmax) croissant entre 2 itérées successives
       Itération 07 : écart en DZ = 0.912490E-03 ; écart en DQ = 0.174975E-01
       Itération 08 : écart en DZ = 0.159498E-02 ; écart en DQ = 0.305338E-01
       Z : Pm   41377.00 du bief   5 ; Q : Pm   41394.00 du bief   5
 Err001 à  02:08:47:00 + 5.000 : DIVERGENCE des itérations (Debord)
       écart relatif (à Ymax et Qmax) croissant entre 2 itérées successives
       Itération 07 : écart en DZ = 0.945045E-03 ; écart en DQ = 0.181225E-01
       Itération 08 : écart en DZ = 0.166049E-02 ; écart en DQ = 0.317877E-01
       Z : Pm   41377.00 du bief   5 ; Q : Pm   41394.00 du bief   5
 Err001 à  02:08:47:05 + 5.000 : DIVERGENCE des itérations (Debord)
       écart relatif (à Ymax et Qmax) croissant entre 2 itérées successives
       Itération 07 : écart en DZ = 0.979121E-03 ; écart en DQ = 0.187768E-01
       Itération 08 : écart en DZ = 0.172939E-02 ; écart en DQ = 0.331066E-01
       Z : Pm   41377.00 du bief   5 ; Q : Pm   41394.00 du bief   5
 Err001 à  02:08:47:10 + 5.000 : DIVERGENCE des itérations (Debord)
       écart relatif (à Ymax et Qmax) croissant entre 2 itérées successives
       Itération 07 : écart en DZ = 0.101486E-02 ; écart en DQ = 0.194632E-01
       Itération 08 : écart en DZ = 0.180201E-02 ; écart en DQ = 0.344965E-01
       Z : Pm   41377.00 du bief   5 ; Q : Pm   41394.00 du bief   5
 Err001 à  02:08:47:15 + 5.000 : DIVERGENCE des itérations (Debord)
       écart relatif (à Ymax et Qmax) croissant entre 2 itérées successives
       Itération 07 : écart en DZ = 0.105233E-02 ; écart en DQ = 0.201827E-01
       Itération 08 : écart en DZ = 0.187849E-02 ; écart en DQ = 0.359604E-01
       Z : Pm   41377.00 du bief   5 ; Q : Pm   41394.00 du bief   5
 Err001 à  02:08:47:20 + 5.000 : DIVERGENCE des itérations (Debord)
       écart relatif (à Ymax et Qmax) croissant entre 2 itérées successives
       Itération 07 : écart en DZ = 0.109155E-02 ; écart en DQ = 0.209361E-01
       Itération 08 : écart en DZ = 0.195899E-02 ; écart en DQ = 0.375010E-01
       Z : Pm   41377.00 du bief   5 ; Q : Pm   41394.00 du bief   5
 Err001 à  02:08:47:25 + 5.000 : DIVERGENCE des itérations (Debord)
       écart relatif (à Ymax et Qmax) croissant entre 2 itérées successives
       Itération 07 : écart en DZ = 0.113261E-02 ; écart en DQ = 0.217247E-01
       Itération 08 : écart en DZ = 0.204369E-02 ; écart en DQ = 0.391220E-01
       Z : Pm   41377.00 du bief   5 ; Q : Pm   41394.00 du bief   5
 Err001 à  02:08:47:30 + 5.000 : DIVERGENCE des itérations (Debord)
       écart relatif (à Ymax et Qmax) croissant entre 2 itérées successives
       Itération 07 : écart en DZ = 0.117572E-02 ; écart en DQ = 0.225529E-01
       Itération 08 : écart en DZ = 0.213308E-02 ; écart en DQ = 0.408327E-01
       Z : Pm   41377.00 du bief   5 ; Q : Pm   41394.00 du bief   5
 Err001 à  02:08:47:35 + 5.000 : DIVERGENCE des itérations (Debord)
       écart relatif (à Ymax et Qmax) croissant entre 2 itérées successives
       Itération 07 : écart en DZ = 0.122090E-02 ; écart en DQ = 0.234208E-01
       Itération 08 : écart en DZ = 0.222724E-02 ; écart en DQ = 0.426345E-01
       Z : Pm   41377.00 du bief   5 ; Q : Pm   41394.00 du bief   5
 Err010 à  02:11:20:00              : INSTABILITÉ NUMÉRIQUE (Froude grand)
       Froude = 0.16E+01 au Pm   34614.60 du Bief 006
       Vitesse =  3.289 Largeur =   50.790 Section =    21.21 Hauteur =  0.837
 Err010 à  02:11:12:00              : INSTABILITÉ NUMÉRIQUE (Froude grand)
       Froude = 0.75E+01 au Pm   36776.50 du Bief 006
       Vitesse = 12.670 Largeur =   52.924 Section =    15.50 Hauteur =  0.672
 Err010 à  02:11:10:24              : INSTABILITÉ NUMÉRIQUE (Froude grand)
       Froude = 0.21E+01 au Pm   39738.00 du Bief 004
       Vitesse =  7.602 Largeur =   55.576 Section =    72.53 Hauteur =  2.377
 Err010 à  02:12:20:00              : INSTABILITÉ NUMÉRIQUE (Froude grand)
       Froude = 0.33E+01 au Pm   33664.00 du Bief 006
       Vitesse =  8.382 Largeur =   12.776 Section =     8.19 Hauteur =  1.146
 Err010 à  02:12:12:00              : INSTABILITÉ NUMÉRIQUE (Froude grand)
       Froude = 0.44E+01 au Pm   39586.00 du Bief 004
       Vitesse = 12.101 Largeur =   45.649 Section =    35.41 Hauteur =  1.903
 Err001 à  02:12:10:00 + 24.000 : DIVERGENCE des itérations (Debord)
       écart relatif (à Ymax et Qmax) croissant entre 2 itérées successives
       Itération 07 : écart en DZ = 0.584456E-01 ; écart en DQ = 0.362449E+00
       Itération 08 : écart en DZ = 0.132739E+00 ; écart en DQ = 0.741038E+00
       Z : Pm   39646.00 du bief   4 ; Q : Pm   39692.00 du bief   4
 Err001 à  02:12:10:20 + 20.000 : DIVERGENCE des itérations (Debord)
       écart relatif (à Ymax et Qmax) croissant entre 2 itérées successives
       Itération 07 : écart en DZ = 0.257532E-01 ; écart en DQ = 0.164643E+00
       Itération 08 : écart en DZ = 0.541689E-01 ; écart en DQ = 0.326904E+00
       Z : Pm   39646.00 du bief   4 ; Q : Pm   39692.00 du bief   4
 Err001 à  02:12:10:40 + 20.000 : DIVERGENCE des itérations (Debord)
       écart relatif (à Ymax et Qmax) croissant entre 2 itérées successives
       Itération 07 : écart en DZ = 0.357440E-01 ; écart en DQ = 0.229954E+00
       Itération 08 : écart en DZ = 0.776830E-01 ; écart en DQ = 0.463178E+00
       Z : Pm   39646.00 du bief   4 ; Q : Pm   39692.00 du bief   4
 Err001 à  02:12:11:00 + 20.000 : DIVERGENCE des itérations (Debord)
       écart relatif (à Ymax et Qmax) croissant entre 2 itérées successives
       Itération 07 : écart en DZ = 0.508153E-01 ; écart en DQ = 0.329797E+00
       Itération 08 : écart en DZ = 0.115591E+00 ; écart en DQ = 0.684514E+00
       Z : Pm   39646.00 du bief   4 ; Q : Pm   39692.00 du bief   4
 Err001 à  02:12:11:20 + 20.000 : DIVERGENCE des itérations (Debord)
       écart relatif (à Ymax et Qmax) croissant entre 2 itérées successives
       Itération 07 : écart en DZ = 0.735626E-01 ; écart en DQ = 0.482052E+00
       Itération 08 : écart en DZ = 0.174493E+00 ; écart en DQ = 0.103048E+01
       Z : Pm   39646.00 du bief   4 ; Q : Pm   39692.00 du bief   4
 Err001 à  02:14:10:00 + 600 : DIVERGENCE des itérations (Debord)
       écart relatif (à Ymax et Qmax) croissant entre 2 itérées successives
       Itération 07 : écart en DZ = 0.243827E-01 ; écart en DQ = 0.593353E-01
       Itération 08 : écart en DZ = 0.302563E-01 ; écart en DQ = 0.744459E-01
       Z : Pm   39316.00 du bief   4 ; Q : Pm   39526.00 du bief   4
 Err001 à  02:14:10:00 + 120 : DIVERGENCE des itérations (Debord)
       écart relatif (à Ymax et Qmax) croissant entre 2 itérées successives
       Itération 07 : écart en DZ = 0.205006E-02 ; écart en DQ = 0.117241E-01
       Itération 08 : écart en DZ = 0.221397E-02 ; écart en DQ = 0.126593E-01
       Z : Pm   39586.00 du bief   4 ; Q : Pm   39526.00 du bief   4
 Err010 à  02:14:50:00              : INSTABILITÉ NUMÉRIQUE (Froude grand)
       Froude = 0.15E+02 au Pm   37444.00 du Bief 006
       Vitesse = 29.976 Largeur =   10.447 Section =     4.19 Hauteur =  0.857
 Err010 à  02:14:42:00              : INSTABILITÉ NUMÉRIQUE (Froude grand)
       Froude = 0.12E+02 au Pm   39526.00 du Bief 004
       Vitesse = 24.125 Largeur =   54.256 Section =    23.49 Hauteur =  1.477
 Err010 à  02:14:40:24              : INSTABILITÉ NUMÉRIQUE (Froude grand)
       Froude = 0.41E+03 au Pm   39646.00 du Bief 004
       Vitesse = ****** Largeur =    7.217 Section =     1.64 Hauteur =  0.452
 Err001 à  02:14:40:00 + 4.000 : DIVERGENCE des itérations (Debord)
       écart relatif (à Ymax et Qmax) croissant entre 2 itérées successives
       Itération 07 : écart en DZ = 0.432010E-02 ; écart en DQ = 0.480222E-01
       Itération 08 : écart en DZ = 0.838201E-02 ; écart en DQ = 0.937102E-01
       Z : Pm   39692.00 du bief   4 ; Q : Pm   39738.00 du bief   4
 Err001 à  02:14:40:05 + 5.000 : DIVERGENCE des itérations (Debord)
       écart relatif (à Ymax et Qmax) croissant entre 2 itérées successives
       Itération 07 : écart en DZ = 0.828148E-01 ; écart en DQ = 0.865607E+00
       Itération 08 : écart en DZ = 0.271739E+00 ; écart en DQ = 0.305416E+01
       Z : Pm   39692.00 du bief   4 ; Q : Pm   39738.00 du bief   4
 Err001 à  02:14:40:10 + 5.000 : DIVERGENCE des itérations (Debord)
       écart relatif (à Ymax et Qmax) croissant entre 2 itérées successives
       Itération 07 : écart en DZ = 0.662834E-01 ; écart en DQ = 0.694045E+00
       Itération 08 : écart en DZ = 0.205010E+00 ; écart en DQ = 0.228637E+01
       Z : Pm   39692.00 du bief   4 ; Q : Pm   39738.00 du bief   4
 Err001 à  02:14:40:15 + 5.000 : DIVERGENCE des itérations (Debord)
       écart relatif (à Ymax et Qmax) croissant entre 2 itérées successives
       Itération 07 : écart en DZ = 0.531382E-01 ; écart en DQ = 0.557781E+00
       Itération 08 : écart en DZ = 0.155549E+00 ; écart en DQ = 0.172466E+01
       Z : Pm   39692.00 du bief   4 ; Q : Pm   39738.00 du bief   4
 Err001 à  02:14:40:20 + 5.000 : DIVERGENCE des itérations (Debord)
       écart relatif (à Ymax et Qmax) croissant entre 2 itérées successives
       Itération 07 : écart en DZ = 0.427497E-01 ; écart en DQ = 0.449861E+00
       Itération 08 : écart en DZ = 0.118982E+00 ; écart en DQ = 0.131227E+01
       Z : Pm   39692.00 du bief   4 ; Q : Pm   39738.00 du bief   4
 Err001 à  02:14:40:25 + 5.000 : DIVERGENCE des itérations (Debord)
       écart relatif (à Ymax et Qmax) croissant entre 2 itérées successives
       Itération 07 : écart en DZ = 0.345379E-01 ; écart en DQ = 0.364216E+00
       Itération 08 : écart en DZ = 0.919342E-01 ; écart en DQ = 0.100993E+01
       Z : Pm   39692.00 du bief   4 ; Q : Pm   39738.00 du bief   4
 Err001 à  02:14:40:30 + 5.000 : DIVERGENCE des itérations (Debord)
       écart relatif (à Ymax et Qmax) croissant entre 2 itérées successives
       Itération 07 : écart en DZ = 0.280451E-01 ; écart en DQ = 0.296275E+00
       Itération 08 : écart en DZ = 0.716171E-01 ; écart en DQ = 0.783876E+00
       Z : Pm   39692.00 du bief   4 ; Q : Pm   39738.00 du bief   4
 Err001 à  02:14:40:35 + 5.000 : DIVERGENCE des itérations (Debord)
       écart relatif (à Ymax et Qmax) croissant entre 2 itérées successives
       Itération 07 : écart en DZ = 0.228908E-01 ; écart en DQ = 0.242189E+00
       Itération 08 : écart en DZ = 0.562219E-01 ; écart en DQ = 0.613163E+00
       Z : Pm   39692.00 du bief   4 ; Q : Pm   39738.00 du bief   4
 Err001 à  02:14:40:40 + 5.000 : DIVERGENCE des itérations (Debord)
       écart relatif (à Ymax et Qmax) croissant entre 2 itérées successives
       Itération 07 : écart en DZ = 0.187841E-01 ; écart en DQ = 0.198995E+00
       Itération 08 : écart en DZ = 0.444705E-01 ; écart en DQ = 0.483177E+00
       Z : Pm   39692.00 du bief   4 ; Q : Pm   39738.00 du bief   4
 Err001 à  02:14:40:45 + 5.000 : DIVERGENCE des itérations (Debord)
       écart relatif (à Ymax et Qmax) croissant entre 2 itérées successives
       Itération 07 : écart en DZ = 0.155048E-01 ; écart en DQ = 0.164432E+00
       Itération 08 : écart en DZ = 0.354768E-01 ; écart en DQ = 0.383998E+00
       Z : Pm   39692.00 du bief   4 ; Q : Pm   39738.00 du bief   4
 Err001 à  02:14:40:50 + 5.000 : DIVERGENCE des itérations (Debord)
       écart relatif (à Ymax et Qmax) croissant entre 2 itérées successives
       Itération 07 : écart en DZ = 0.128379E-01 ; écart en DQ = 0.136277E+00
       Itération 08 : écart en DZ = 0.284266E-01 ; écart en DQ = 0.306887E+00
       Z : Pm   39692.00 du bief   4 ; Q : Pm   39738.00 du bief   4
 Err001 à  02:14:40:55 + 5.000 : DIVERGENCE des itérations (Debord)
       écart relatif (à Ymax et Qmax) croissant entre 2 itérées successives
       Itération 07 : écart en DZ = 0.457156E+00 ; écart en DQ = 0.470154E+01
       Itération 08 : écart en DZ = 0.147202E+01 ; écart en DQ = 0.112716E+16
       Z : Pm   40056.00 du bief   4 ; Q : Pm   39738.00 du bief   4
 Err001 à  02:14:41:00 + 5.000 : DIVERGENCE des itérations (Debord)
       écart relatif (à Ymax et Qmax) croissant entre 2 itérées successives
       Itération 07 : écart en DZ = 0.276601E+00 ; écart en DQ = 0.280291E+01
       Itération 08 : écart en DZ = 0.110228E+01 ; écart en DQ = 0.422649E+02
       Z : Pm   39784.00 du bief   4 ; Q : Pm   39692.00 du bief   4
 Err001 à  02:14:41:05 + 5.000 : DIVERGENCE des itérations (Debord)
       écart relatif (à Ymax et Qmax) croissant entre 2 itérées successives
       Itération 07 : écart en DZ = 0.171728E+00 ; écart en DQ = 0.172889E+01
       Itération 08 : écart en DZ = 0.234900E+00 ; écart en DQ = 0.276821E+01
       Z : Pm   39784.00 du bief   4 ; Q : Pm   39784.00 du bief   4
 Err001 à  02:14:41:10 + 5.000 : DIVERGENCE des itérations (Debord)
       écart relatif (à Ymax et Qmax) croissant entre 2 itérées successives
       Itération 07 : écart en DZ = 0.110670E+00 ; écart en DQ = 0.110850E+01
       Itération 08 : écart en DZ = 0.194815E+00 ; écart en DQ = 0.226967E+01
       Z : Pm   39692.00 du bief   4 ; Q : Pm   39738.00 du bief   4
 Err001 à  02:14:41:15 + 5.000 : DIVERGENCE des itérations (Debord)
       écart relatif (à Ymax et Qmax) croissant entre 2 itérées successives
       Itération 07 : écart en DZ = 0.736950E-01 ; écart en DQ = 0.735885E+00
       Itération 08 : écart en DZ = 0.170920E+00 ; écart en DQ = 0.170191E+01
       Z : Pm   39692.00 du bief   4 ; Q : Pm   39738.00 du bief   4
 Err001 à  02:14:41:20 + 5.000 : DIVERGENCE des itérations (Debord)
       écart relatif (à Ymax et Qmax) croissant entre 2 itérées successives
       Itération 07 : écart en DZ = 0.501987E-01 ; écart en DQ = 0.499953E+00
       Itération 08 : écart en DZ = 0.121372E+00 ; écart en DQ = 0.117167E+01
       Z : Pm   39692.00 du bief   4 ; Q : Pm   39738.00 du bief   4
 Err001 à  02:14:41:25 + 5.000 : DIVERGENCE des itérations (Debord)
       écart relatif (à Ymax et Qmax) croissant entre 2 itérées successives
       Itération 07 : écart en DZ = 0.350163E-01 ; écart en DQ = 0.347905E+00
       Itération 08 : écart en DZ = 0.838286E-01 ; écart en DQ = 0.805143E+00
       Z : Pm   39692.00 du bief   4 ; Q : Pm   39738.00 du bief   4
 Err010 à  02:14:41:35              : INSTABILITÉ NUMÉRIQUE (Froude grand)
       Froude = 0.24E+10 au Pm   39692.00 du Bief 004
       Vitesse = ****** Largeur =    0.019 Section =     0.00 Hauteur =  0.001
 Err010 à  02:14:41:40              : INSTABILITÉ NUMÉRIQUE (Froude grand)
       Froude = 0.22E+01 au Pm   39692.00 du Bief 004
       Vitesse =  8.112 Largeur =   53.171 Section =    73.31 Hauteur =  2.608
 Err010 à  02:14:41:45              : INSTABILITÉ NUMÉRIQUE (Froude grand)
       Froude = 0.26E+02 au Pm   39049.00 du Bief 004
       Vitesse = 62.201 Largeur =   28.326 Section =    16.87 Hauteur =  1.156
 Err010 à  02:14:41:50              : INSTABILITÉ NUMÉRIQUE (Froude grand)
       Froude = 0.48E+01 au Pm   39738.00 du Bief 004
       Vitesse = 14.937 Largeur =   42.843 Section =    43.10 Hauteur =  1.777
 Err001 à  02:14:41:50 + 5.000 : DIVERGENCE des itérations (Debord)
       écart relatif (à Ymax et Qmax) croissant entre 2 itérées successives
       Itération 07 : écart en DZ = 0.150919E-02 ; écart en DQ = 0.159750E-01
       Itération 08 : écart en DZ = 0.251046E-02 ; écart en DQ = 0.266280E-01
       Z : Pm   39692.00 du bief   4 ; Q : Pm   39738.00 du bief   4
 Err001 à  02:14:41:55 + 5.000 : DIVERGENCE des itérations (Debord)
       écart relatif (à Ymax et Qmax) croissant entre 2 itérées successives
       Itération 07 : écart en DZ = 0.131270E-02 ; écart en DQ = 0.138985E-01
       Itération 08 : écart en DZ = 0.213616E-02 ; écart en DQ = 0.226570E-01
       Z : Pm   39692.00 du bief   4 ; Q : Pm   39738.00 du bief   4
 Err001 à  02:14:42:00 + 5.000 : DIVERGENCE des itérations (Debord)
       écart relatif (à Ymax et Qmax) croissant entre 2 itérées successives
       Itération 07 : écart en DZ = 0.113621E-02 ; écart en DQ = 0.120327E-01
       Itération 08 : écart en DZ = 0.180960E-02 ; écart en DQ = 0.191929E-01
       Z : Pm   39692.00 du bief   4 ; Q : Pm   39738.00 du bief   4
 Err001 à  02:14:42:05 + 5.000 : DIVERGENCE des itérations (Debord)
       écart relatif (à Ymax et Qmax) croissant entre 2 itérées successives
       Itération 07 : écart en DZ = 0.987190E-03 ; écart en DQ = 0.104567E-01
       Itération 08 : écart en DZ = 0.153952E-02 ; écart en DQ = 0.163285E-01
       Z : Pm   39692.00 du bief   4 ; Q : Pm   39738.00 du bief   4
 Err001 à  02:14:42:10 + 5.000 : DIVERGENCE des itérations (Debord)
       écart relatif (à Ymax et Qmax) croissant entre 2 itérées successives
       Itération 07 : écart en DZ = 0.860406E-03 ; écart en DQ = 0.911562E-02
       Itération 08 : écart en DZ = 0.131443E-02 ; écart en DQ = 0.139415E-01
       Z : Pm   39692.00 du bief   4 ; Q : Pm   39738.00 du bief   4
 Err001 à  02:14:42:15 + 5.000 : DIVERGENCE des itérations (Debord)
       écart relatif (à Ymax et Qmax) croissant entre 2 itérées successives
       Itération 07 : écart en DZ = 0.752253E-03 ; écart en DQ = 0.797129E-02
       Itération 08 : écart en DZ = 0.112622E-02 ; écart en DQ = 0.119458E-01
       Z : Pm   39692.00 du bief   4 ; Q : Pm   39738.00 du bief   4
 Err001 à  02:14:42:20 + 5.000 : DIVERGENCE des itérations (Debord)
       écart relatif (à Ymax et Qmax) croissant entre 2 itérées successives
       Itération 07 : écart en DZ = 0.659611E-03 ; écart en DQ = 0.699085E-02
       Itération 08 : écart en DZ = 0.968150E-03 ; écart en DQ = 0.102696E-01
       Z : Pm   39692.00 du bief   4 ; Q : Pm   39738.00 du bief   4
 Err001 à  02:14:42:25 + 5.000 : DIVERGENCE des itérations (Debord)
       écart relatif (à Ymax et Qmax) croissant entre 2 itérées successives
       Itération 07 : écart en DZ = 0.579781E-03 ; écart en DQ = 0.614582E-02
       Itération 08 : écart en DZ = 0.834584E-03 ; écart en DQ = 0.885330E-02
       Z : Pm   39692.00 du bief   4 ; Q : Pm   39738.00 du bief   4
 Err001 à  02:14:42:30 + 5.000 : DIVERGENCE des itérations (Debord)
       écart relatif (à Ymax et Qmax) croissant entre 2 itérées successives
       Itération 07 : écart en DZ = 0.510798E-03 ; écart en DQ = 0.541548E-02
       Itération 08 : écart en DZ = 0.721371E-03 ; écart en DQ = 0.765279E-02
       Z : Pm   39692.00 du bief   4 ; Q : Pm   39738.00 du bief   4
 Err001 à  02:14:42:35 + 5.000 : DIVERGENCE des itérations (Debord)
       écart relatif (à Ymax et Qmax) croissant entre 2 itérées successives
       Itération 07 : écart en DZ = 0.451057E-03 ; écart en DQ = 0.478285E-02
       Itération 08 : écart en DZ = 0.625163E-03 ; écart en DQ = 0.663260E-02
       Z : Pm   39692.00 du bief   4 ; Q : Pm   39738.00 du bief   4
 Err001 à  02:14:42:40 + 5.000 : DIVERGENCE des itérations (Debord)
       écart relatif (à Ymax et Qmax) croissant entre 2 itérées successives
       Itération 07 : écart en DZ = 0.399261E-03 ; écart en DQ = 0.423428E-02
       Itération 08 : écart en DZ = 0.543269E-03 ; écart en DQ = 0.576419E-02
       Z : Pm   39692.00 du bief   4 ; Q : Pm   39738.00 du bief   4
 Err001 à  02:14:42:45 + 5.000 : DIVERGENCE des itérations (Debord)
       écart relatif (à Ymax et Qmax) croissant entre 2 itérées successives
       Itération 07 : écart en DZ = 0.354162E-03 ; écart en DQ = 0.375654E-02
       Itération 08 : écart en DZ = 0.473252E-03 ; écart en DQ = 0.502168E-02
       Z : Pm   39692.00 du bief   4 ; Q : Pm   39738.00 du bief   4
 Err001 à  02:14:42:50 + 5.000 : DIVERGENCE des itérations (Debord)
       écart relatif (à Ymax et Qmax) croissant entre 2 itérées successives
       Itération 07 : écart en DZ = 0.314808E-03 ; écart en DQ = 0.333960E-02
       Itération 08 : écart en DZ = 0.413238E-03 ; écart en DQ = 0.438516E-02
       Z : Pm   39692.00 du bief   4 ; Q : Pm   39738.00 du bief   4
 Err001 à  02:14:42:55 + 5.000 : DIVERGENCE des itérations (Debord)
       écart relatif (à Ymax et Qmax) croissant entre 2 itérées successives
       Itération 07 : écart en DZ = 0.280403E-03 ; écart en DQ = 0.297503E-02
       Itération 08 : écart en DZ = 0.361683E-03 ; écart en DQ = 0.383829E-02
       Z : Pm   39692.00 du bief   4 ; Q : Pm   39738.00 du bief   4
 Err001 à  02:14:43:00 + 5.000 : DIVERGENCE des itérations (Debord)
       écart relatif (à Ymax et Qmax) croissant entre 2 itérées successives
       Itération 07 : écart en DZ = 0.250247E-03 ; écart en DQ = 0.265545E-02
       Itération 08 : écart en DZ = 0.317269E-03 ; écart en DQ = 0.336712E-02
       Z : Pm   39692.00 du bief   4 ; Q : Pm   39738.00 du bief   4
 Err001 à  02:14:43:05 + 5.000 : DIVERGENCE des itérations (Debord)
       écart relatif (à Ymax et Qmax) croissant entre 2 itérées successives
       Itération 07 : écart en DZ = 0.223779E-03 ; écart en DQ = 0.237469E-02
       Itération 08 : écart en DZ = 0.278961E-03 ; écart en DQ = 0.296062E-02
       Z : Pm   39692.00 du bief   4 ; Q : Pm   39738.00 du bief   4
 Err001 à  02:14:43:10 + 5.000 : DIVERGENCE des itérations (Debord)
       écart relatif (à Ymax et Qmax) croissant entre 2 itérées successives
       Itération 07 : écart en DZ = 0.200537E-03 ; écart en DQ = 0.212807E-02
       Itération 08 : écart en DZ = 0.245867E-03 ; écart en DQ = 0.260940E-02
       Z : Pm   39692.00 du bief   4 ; Q : Pm   39738.00 du bief   4
 Err001 à  02:14:43:15 + 5.000 : DIVERGENCE des itérations (Debord)
       écart relatif (à Ymax et Qmax) croissant entre 2 itérées successives
       Itération 07 : écart en DZ = 0.180005E-03 ; écart en DQ = 0.191013E-02
       Itération 08 : écart en DZ = 0.217110E-03 ; écart en DQ = 0.230411E-02
       Z : Pm   39692.00 du bief   4 ; Q : Pm   39738.00 du bief   4
 Err001 à  02:20:20:00 + 600 : DIVERGENCE des itérations (Debord)
       écart relatif (à Ymax et Qmax) croissant entre 2 itérées successives
       Itération 07 : écart en DZ = 0.283763E-02 ; écart en DQ = 0.359075E-02
       Itération 08 : écart en DZ = 0.352145E-02 ; écart en DQ = 0.445840E-02
       Z : Pm   40456.00 du bief   4 ; Q : Pm   40406.00 du bief   4
 Err002 à  02:20:20:00 + 120 : NON CONVERGENCE des itérations 
       écart relatif (à Ymax et Qmax) trop grand après 99 itérations
       Itération 98 : écart en DZ = 0.426808E-03 ; écart en DQ = 0.129449E-02
       Itération 99 : écart en DZ = 0.420812E-03 ; écart en DQ = 0.127629E-02
       Z : Pm   40456.00 du bief   4 ; Q : Pm   40406.00 du bief   4
       Residu : 0.183091E+00(004: 40406.00)
 Err001 à  02:20:32:00 + 480 : DIVERGENCE des itérations (Debord)
       écart relatif (à Ymax et Qmax) croissant entre 2 itérées successives
       Itération 07 : écart en DZ = 0.435635E-02 ; écart en DQ = 0.616938E-02
       Itération 08 : écart en DZ = 0.552974E-02 ; écart en DQ = 0.783203E-02
       Z : Pm   40456.00 du bief   4 ; Q : Pm   40406.00 du bief   4
 Err002 à  02:20:38:24 + 96.000 : NON CONVERGENCE des itérations 
       écart relatif (à Ymax et Qmax) trop grand après 99 itérations
       Itération 98 : écart en DZ = 0.415708E-03 ; écart en DQ = 0.145172E-02
       Itération 99 : écart en DZ = 0.415105E-03 ; écart en DQ = 0.144961E-02
       Z : Pm   40456.00 du bief   4 ; Q : Pm   40406.00 du bief   4
       Residu : 0.233237E+00(004: 40406.00)
 Err001 à  02:20:40:00 + 95.000 : DIVERGENCE des itérations (Debord)
       écart relatif (à Ymax et Qmax) croissant entre 2 itérées successives
       Itération 07 : écart en DZ = 0.344592E-03 ; écart en DQ = 0.122051E-02
       Itération 08 : écart en DZ = 0.354114E-03 ; écart en DQ = 0.125347E-02
       Z : Pm   40456.00 du bief   4 ; Q : Pm   40406.00 du bief   4
 Err001 à  02:20:41:35 + 95.000 : DIVERGENCE des itérations (Debord)
       écart relatif (à Ymax et Qmax) croissant entre 2 itérées successives
       Itération 07 : écart en DZ = 0.395688E-03 ; écart en DQ = 0.140893E-02
       Itération 08 : écart en DZ = 0.414712E-03 ; écart en DQ = 0.147590E-02
       Z : Pm   40456.00 du bief   4 ; Q : Pm   40406.00 du bief   4
 Err001 à  02:20:43:10 + 95.000 : DIVERGENCE des itérations (Debord)
       écart relatif (à Ymax et Qmax) croissant entre 2 itérées successives
       Itération 07 : écart en DZ = 0.456708E-03 ; écart en DQ = 0.163479E-02
       Itération 08 : écart en DZ = 0.488488E-03 ; écart en DQ = 0.174778E-02
       Z : Pm   40456.00 du bief   4 ; Q : Pm   40406.00 du bief   4
 Err001 à  02:20:44:45 + 95.000 : DIVERGENCE des itérations (Debord)
       écart relatif (à Ymax et Qmax) croissant entre 2 itérées successives
       Itération 07 : écart en DZ = 0.529249E-03 ; écart en DQ = 0.190448E-02
       Itération 08 : écart en DZ = 0.577926E-03 ; écart en DQ = 0.207888E-02
       Z : Pm   40456.00 du bief   4 ; Q : Pm   40406.00 du bief   4
 Err001 à  02:20:46:20 + 95.000 : DIVERGENCE des itérations (Debord)
       écart relatif (à Ymax et Qmax) croissant entre 2 itérées successives
       Itération 07 : écart en DZ = 0.615719E-03 ; écart en DQ = 0.222717E-02
       Itération 08 : écart en DZ = 0.686694E-03 ; écart en DQ = 0.248318E-02
       Z : Pm   40456.00 du bief   4 ; Q : Pm   40406.00 du bief   4
 Err001 à  02:20:47:55 + 95.000 : DIVERGENCE des itérations (Debord)
       écart relatif (à Ymax et Qmax) croissant entre 2 itérées successives
       Itération 07 : écart en DZ = 0.716862E-03 ; écart en DQ = 0.260689E-02
       Itération 08 : écart en DZ = 0.816904E-03 ; écart en DQ = 0.297005E-02
       Z : Pm   40456.00 du bief   4 ; Q : Pm   40406.00 du bief   4
 Err001 à  02:20:50:00 + 95.000 : DIVERGENCE des itérations (Debord)
       écart relatif (à Ymax et Qmax) croissant entre 2 itérées successives
       Itération 07 : écart en DZ = 0.907863E-03 ; écart en DQ = 0.332338E-02
       Itération 08 : écart en DZ = 0.106370E-02 ; écart en DQ = 0.389350E-02
       Z : Pm   40456.00 du bief   4 ; Q : Pm   40406.00 du bief   4
 Err001 à  02:20:51:35 + 95.000 : DIVERGENCE des itérations (Debord)
       écart relatif (à Ymax et Qmax) croissant entre 2 itérées successives
       Itération 07 : écart en DZ = 0.103400E-02 ; écart en DQ = 0.380683E-02
       Itération 08 : écart en DZ = 0.124076E-02 ; écart en DQ = 0.456791E-02
       Z : Pm   40456.00 du bief   4 ; Q : Pm   40406.00 du bief   4
 Err001 à  02:20:53:10 + 95.000 : DIVERGENCE des itérations (Debord)
       écart relatif (à Ymax et Qmax) croissant entre 2 itérées successives
       Itération 07 : écart en DZ = 0.121982E-02 ; écart en DQ = 0.451504E-02
       Itération 08 : écart en DZ = 0.149785E-02 ; écart en DQ = 0.554451E-02
       Z : Pm   40456.00 du bief   4 ; Q : Pm   40406.00 du bief   4
 Err001 à  02:20:54:45 + 95.000 : DIVERGENCE des itérations (Debord)
       écart relatif (à Ymax et Qmax) croissant entre 2 itérées successives
       Itération 07 : écart en DZ = 0.144432E-02 ; écart en DQ = 0.537477E-02
       Itération 08 : écart en DZ = 0.181592E-02 ; écart en DQ = 0.675876E-02
       Z : Pm   40456.00 du bief   4 ; Q : Pm   40406.00 du bief   4
 Err001 à  02:20:56:20 + 95.000 : DIVERGENCE des itérations (Debord)
       écart relatif (à Ymax et Qmax) croissant entre 2 itérées successives
       Itération 07 : écart en DZ = 0.171749E-02 ; écart en DQ = 0.642555E-02
       Itération 08 : écart en DZ = 0.221231E-02 ; écart en DQ = 0.827921E-02
       Z : Pm   40456.00 du bief   4 ; Q : Pm   40406.00 du bief   4
 Err001 à  02:20:57:55 + 95.000 : DIVERGENCE des itérations (Debord)
       écart relatif (à Ymax et Qmax) croissant entre 2 itérées successives
       Itération 07 : écart en DZ = 0.204889E-02 ; écart en DQ = 0.770716E-02
       Itération 08 : écart en DZ = 0.270565E-02 ; écart en DQ = 0.101821E-01
       Z : Pm   40456.00 du bief   4 ; Q : Pm   40406.00 du bief   4
 Err001 à  02:21:00:00 + 95.000 : DIVERGENCE des itérations (Debord)
       écart relatif (à Ymax et Qmax) croissant entre 2 itérées successives
       Itération 07 : écart en DZ = 0.277858E-02 ; écart en DQ = 0.105175E-01
       Itération 08 : écart en DZ = 0.378347E-02 ; écart en DQ = 0.143316E-01
       Z : Pm   40456.00 du bief   4 ; Q : Pm   40406.00 du bief   4
 Err001 à  02:21:01:35 + 95.000 : DIVERGENCE des itérations (Debord)
       écart relatif (à Ymax et Qmax) croissant entre 2 itérées successives
       Itération 07 : écart en DZ = 0.314028E-02 ; écart en DQ = 0.119619E-01
       Itération 08 : écart en DZ = 0.440527E-02 ; écart en DQ = 0.167955E-01
       Z : Pm   40456.00 du bief   4 ; Q : Pm   40406.00 du bief   4
 Err001 à  02:21:03:10 + 95.000 : DIVERGENCE des itérations (Debord)
       écart relatif (à Ymax et Qmax) croissant entre 2 itérées successives
       Itération 07 : écart en DZ = 0.379993E-02 ; écart en DQ = 0.145537E-01
       Itération 08 : écart en DZ = 0.547823E-02 ; écart en DQ = 0.210061E-01
       Z : Pm   40456.00 du bief   4 ; Q : Pm   40406.00 du bief   4
 Err001 à  02:21:04:45 + 95.000 : DIVERGENCE des itérations (Debord)
       écart relatif (à Ymax et Qmax) croissant entre 2 itérées successives
       Itération 07 : écart en DZ = 0.461995E-02 ; écart en DQ = 0.177908E-01
       Itération 08 : écart en DZ = 0.685158E-02 ; écart en DQ = 0.264245E-01
       Z : Pm   40456.00 du bief   4 ; Q : Pm   40406.00 du bief   4
 Err001 à  02:21:06:20 + 95.000 : DIVERGENCE des itérations (Debord)
       écart relatif (à Ymax et Qmax) croissant entre 2 itérées successives
       Itération 07 : écart en DZ = 0.564335E-02 ; écart en DQ = 0.218501E-01
       Itération 08 : écart en DZ = 0.861836E-02 ; écart en DQ = 0.334337E-01
       Z : Pm   40456.00 du bief   4 ; Q : Pm   40406.00 du bief   4
 Err001 à  02:21:07:55 + 95.000 : DIVERGENCE des itérations (Debord)
       écart relatif (à Ymax et Qmax) croissant entre 2 itérées successives
       Itération 07 : écart en DZ = 0.692546E-02 ; écart en DQ = 0.269597E-01
       Itération 08 : écart en DZ = 0.109036E-01 ; écart en DQ = 0.425516E-01
       Z : Pm   40456.00 du bief   4 ; Q : Pm   40406.00 du bief   4
 Err001 à  02:21:10:00 + 95.000 : DIVERGENCE des itérations (Debord)
       écart relatif (à Ymax et Qmax) croissant entre 2 itérées successives
       Itération 07 : écart en DZ = 0.823400E-02 ; écart en DQ = 0.323266E-01
       Itération 08 : écart en DZ = 0.135868E-01 ; écart en DQ = 0.535075E-01
       Z : Pm   40456.00 du bief   4 ; Q : Pm   40406.00 du bief   4
 Err001 à  02:21:11:35 + 95.000 : DIVERGENCE des itérations (Debord)
       écart relatif (à Ymax et Qmax) croissant entre 2 itérées successives
       Itération 07 : écart en DZ = 0.112327E-01 ; écart en DQ = 0.442728E-01
       Itération 08 : écart en DZ = 0.190723E-01 ; écart en DQ = 0.755008E-01
       Z : Pm   40456.00 du bief   4 ; Q : Pm   40406.00 du bief   4
 Err001 à  02:21:13:10 + 95.000 : DIVERGENCE des itérations (Debord)
       écart relatif (à Ymax et Qmax) croissant entre 2 itérées successives
       Itération 07 : écart en DZ = 0.139914E-01 ; écart en DQ = 0.554394E-01
       Itération 08 : écart en DZ = 0.245799E-01 ; écart en DQ = 0.978814E-01
       Z : Pm   40456.00 du bief   4 ; Q : Pm   40406.00 du bief   4
 Err001 à  02:21:14:45 + 95.000 : DIVERGENCE des itérations (Debord)
       écart relatif (à Ymax et Qmax) croissant entre 2 itérées successives
       Itération 07 : écart en DZ = 0.174788E-01 ; écart en DQ = 0.696323E-01
       Itération 08 : écart en DZ = 0.318689E-01 ; écart en DQ = 0.127761E+00
       Z : Pm   40456.00 du bief   4 ; Q : Pm   40406.00 du bief   4
 Err001 à  02:21:16:20 + 95.000 : DIVERGENCE des itérations (Debord)
       écart relatif (à Ymax et Qmax) croissant entre 2 itérées successives
       Itération 07 : écart en DZ = 0.209807E-01 ; écart en DQ = 0.840874E-01
       Itération 08 : écart en DZ = 0.399031E-01 ; écart en DQ = 0.161183E+00
       Z : Pm   40456.00 du bief   4 ; Q : Pm   40406.00 du bief   4
 Err001 à  02:21:17:55 + 95.000 : DIVERGENCE des itérations (Debord)
       écart relatif (à Ymax et Qmax) croissant entre 2 itérées successives
       Itération 07 : écart en DZ = 0.260806E-01 ; écart en DQ = 0.105038E+00
       Itération 08 : écart en DZ = 0.518023E-01 ; écart en DQ = 0.210767E+00
       Z : Pm   40456.00 du bief   4 ; Q : Pm   40406.00 du bief   4
 Err001 à  02:21:19:30 + 30.000 : DIVERGENCE des itérations (Debord)
       écart relatif (à Ymax et Qmax) croissant entre 2 itérées successives
       Itération 07 : écart en DZ = 0.178537E-03 ; écart en DQ = 0.133015E-02
       Itération 08 : écart en DZ = 0.190497E-03 ; écart en DQ = 0.141908E-02
       Z : Pm   40456.00 du bief   4 ; Q : Pm   40456.00 du bief   4
 Err001 à  02:21:20:00 + 30.000 : DIVERGENCE des itérations (Debord)
       écart relatif (à Ymax et Qmax) croissant entre 2 itérées successives
       Itération 07 : écart en DZ = 0.206145E-03 ; écart en DQ = 0.153635E-02
       Itération 08 : écart en DZ = 0.221481E-03 ; écart en DQ = 0.165065E-02
       Z : Pm   40406.00 du bief   4 ; Q : Pm   40456.00 du bief   4
 Err001 à  02:21:20:30 + 30.000 : DIVERGENCE des itérations (Debord)
       écart relatif (à Ymax et Qmax) croissant entre 2 itérées successives
       Itération 07 : écart en DZ = 0.218456E-03 ; écart en DQ = 0.162848E-02
       Itération 08 : écart en DZ = 0.236677E-03 ; écart en DQ = 0.176435E-02
       Z : Pm   40406.00 du bief   4 ; Q : Pm   40456.00 du bief   4
 Err001 à  02:21:21:00 + 30.000 : DIVERGENCE des itérations (Debord)
       écart relatif (à Ymax et Qmax) croissant entre 2 itérées successives
       Itération 07 : écart en DZ = 0.231675E-03 ; écart en DQ = 0.172742E-02
       Itération 08 : écart en DZ = 0.253100E-03 ; écart en DQ = 0.188725E-02
       Z : Pm   40406.00 du bief   4 ; Q : Pm   40456.00 du bief   4
 Err001 à  02:21:21:30 + 30.000 : DIVERGENCE des itérations (Debord)
       écart relatif (à Ymax et Qmax) croissant entre 2 itérées successives
       Itération 07 : écart en DZ = 0.236722E-03 ; écart en DQ = 0.176547E-02
       Itération 08 : écart en DZ = 0.260765E-03 ; écart en DQ = 0.194490E-02
       Z : Pm   40406.00 du bief   4 ; Q : Pm   40456.00 du bief   4
 Err001 à  02:21:22:00 + 30.000 : DIVERGENCE des itérations (Debord)
       écart relatif (à Ymax et Qmax) croissant entre 2 itérées successives
       Itération 07 : écart en DZ = 0.252410E-03 ; écart en DQ = 0.188286E-02
       Itération 08 : écart en DZ = 0.280406E-03 ; écart en DQ = 0.209186E-02
       Z : Pm   40406.00 du bief   4 ; Q : Pm   40456.00 du bief   4
 Err001 à  02:21:22:30 + 30.000 : DIVERGENCE des itérations (Debord)
       écart relatif (à Ymax et Qmax) croissant entre 2 itérées successives
       Itération 07 : écart en DZ = 0.269691E-03 ; écart en DQ = 0.201212E-02
       Itération 08 : écart en DZ = 0.302088E-03 ; écart en DQ = 0.225405E-02
       Z : Pm   40406.00 du bief   4 ; Q : Pm   40456.00 du bief   4
 Err001 à  02:21:23:00 + 30.000 : DIVERGENCE des itérations (Debord)
       écart relatif (à Ymax et Qmax) croissant entre 2 itérées successives
       Itération 07 : écart en DZ = 0.286652E-03 ; écart en DQ = 0.213909E-02
       Itération 08 : écart en DZ = 0.323749E-03 ; écart en DQ = 0.241623E-02
       Z : Pm   40406.00 du bief   4 ; Q : Pm   40456.00 du bief   4
 Err001 à  02:21:23:30 + 30.000 : DIVERGENCE des itérations (Debord)
       écart relatif (à Ymax et Qmax) croissant entre 2 itérées successives
       Itération 07 : écart en DZ = 0.304335E-03 ; écart en DQ = 0.227152E-02
       Itération 08 : écart en DZ = 0.346591E-03 ; écart en DQ = 0.258730E-02
       Z : Pm   40406.00 du bief   4 ; Q : Pm   40456.00 du bief   4
 Err001 à  02:21:24:00 + 30.000 : DIVERGENCE des itérations (Debord)
       écart relatif (à Ymax et Qmax) croissant entre 2 itérées successives
       Itération 07 : écart en DZ = 0.323207E-03 ; écart en DQ = 0.241285E-02
       Itération 08 : écart en DZ = 0.371177E-03 ; écart en DQ = 0.277145E-02
       Z : Pm   40406.00 du bief   4 ; Q : Pm   40456.00 du bief   4
 Err001 à  02:21:24:30 + 30.000 : DIVERGENCE des itérations (Debord)
       écart relatif (à Ymax et Qmax) croissant entre 2 itérées successives
       Itération 07 : écart en DZ = 0.340716E-03 ; écart en DQ = 0.254402E-02
       Itération 08 : écart en DZ = 0.394599E-03 ; écart en DQ = 0.294694E-02
       Z : Pm   40406.00 du bief   4 ; Q : Pm   40456.00 du bief   4
 Err001 à  02:21:25:00 + 30.000 : DIVERGENCE des itérations (Debord)
       écart relatif (à Ymax et Qmax) croissant entre 2 itérées successives
       Itération 07 : écart en DZ = 0.362818E-03 ; écart en DQ = 0.270954E-02
       Itération 08 : écart en DZ = 0.423780E-03 ; écart en DQ = 0.316555E-02
       Z : Pm   40406.00 du bief   4 ; Q : Pm   40456.00 du bief   4
 Err001 à  02:21:25:30 + 30.000 : DIVERGENCE des itérations (Debord)
       écart relatif (à Ymax et Qmax) croissant entre 2 itérées successives
       Itération 07 : écart en DZ = 0.386159E-03 ; écart en DQ = 0.288445E-02
       Itération 08 : écart en DZ = 0.454896E-03 ; écart en DQ = 0.339878E-02
       Z : Pm   40406.00 du bief   4 ; Q : Pm   40456.00 du bief   4
 Err001 à  02:21:26:00 + 30.000 : DIVERGENCE des itérations (Debord)
       écart relatif (à Ymax et Qmax) croissant entre 2 itérées successives
       Itération 07 : écart en DZ = 0.410732E-03 ; écart en DQ = 0.306858E-02
       Itération 08 : écart en DZ = 0.488002E-03 ; écart en DQ = 0.364696E-02
       Z : Pm   40406.00 du bief   4 ; Q : Pm   40456.00 du bief   4
 Err001 à  02:21:26:30 + 30.000 : DIVERGENCE des itérations (Debord)
       écart relatif (à Ymax et Qmax) croissant entre 2 itérées successives
       Itération 07 : écart en DZ = 0.436993E-03 ; écart en DQ = 0.326540E-02
       Itération 08 : écart en DZ = 0.523700E-03 ; écart en DQ = 0.391463E-02
       Z : Pm   40406.00 du bief   4 ; Q : Pm   40456.00 du bief   4
 Err001 à  02:21:27:00 + 30.000 : DIVERGENCE des itérations (Debord)
       écart relatif (à Ymax et Qmax) croissant entre 2 itérées successives
       Itération 07 : écart en DZ = 0.466592E-03 ; écart en DQ = 0.348721E-02
       Itération 08 : écart en DZ = 0.564049E-03 ; écart en DQ = 0.421717E-02
       Z : Pm   40406.00 du bief   4 ; Q : Pm   40456.00 du bief   4
 Err001 à  02:21:27:30 + 30.000 : DIVERGENCE des itérations (Debord)
       écart relatif (à Ymax et Qmax) croissant entre 2 itérées successives
       Itération 07 : écart en DZ = 0.497524E-03 ; écart en DQ = 0.371908E-02
       Itération 08 : écart en DZ = 0.606713E-03 ; écart en DQ = 0.453720E-02
       Z : Pm   40406.00 du bief   4 ; Q : Pm   40456.00 du bief   4
 Err001 à  02:21:28:00 + 30.000 : DIVERGENCE des itérations (Debord)
       écart relatif (à Ymax et Qmax) croissant entre 2 itérées successives
       Itération 07 : écart en DZ = 0.529728E-03 ; écart en DQ = 0.396056E-02
       Itération 08 : écart en DZ = 0.651702E-03 ; écart en DQ = 0.487479E-02
       Z : Pm   40406.00 du bief   4 ; Q : Pm   40456.00 du bief   4
 Err001 à  02:21:28:30 + 30.000 : DIVERGENCE des itérations (Debord)
       écart relatif (à Ymax et Qmax) croissant entre 2 itérées successives
       Itération 07 : écart en DZ = 0.564291E-03 ; écart en DQ = 0.421977E-02
       Itération 08 : écart en DZ = 0.700422E-03 ; écart en DQ = 0.524047E-02
       Z : Pm   40406.00 du bief   4 ; Q : Pm   40456.00 du bief   4
 Err001 à  02:21:29:00 + 30.000 : DIVERGENCE des itérations (Debord)
       écart relatif (à Ymax et Qmax) croissant entre 2 itérées successives
       Itération 07 : écart en DZ = 0.601612E-03 ; écart en DQ = 0.449969E-02
       Itération 08 : écart en DZ = 0.753465E-03 ; écart en DQ = 0.563868E-02
       Z : Pm   40406.00 du bief   4 ; Q : Pm   40456.00 du bief   4
 Err001 à  02:21:29:30 + 30.000 : DIVERGENCE des itérations (Debord)
       écart relatif (à Ymax et Qmax) croissant entre 2 itérées successives
       Itération 07 : écart en DZ = 0.641721E-03 ; écart en DQ = 0.480056E-02
       Itération 08 : écart en DZ = 0.810983E-03 ; écart en DQ = 0.607059E-02
       Z : Pm   40406.00 du bief   4 ; Q : Pm   40456.00 du bief   4
 Err001 à  02:21:30:00 + 30.000 : DIVERGENCE des itérations (Debord)
       écart relatif (à Ymax et Qmax) croissant entre 2 itérées successives
       Itération 07 : écart en DZ = 0.684542E-03 ; écart en DQ = 0.512183E-02
       Itération 08 : écart en DZ = 0.873003E-03 ; écart en DQ = 0.653644E-02
       Z : Pm   40406.00 du bief   4 ; Q : Pm   40456.00 du bief   4
 Err001 à  02:21:30:30 + 30.000 : DIVERGENCE des itérations (Debord)
       écart relatif (à Ymax et Qmax) croissant entre 2 itérées successives
       Itération 07 : écart en DZ = 0.730746E-03 ; écart en DQ = 0.546851E-02
       Itération 08 : écart en DZ = 0.940510E-03 ; écart en DQ = 0.704363E-02
       Z : Pm   40406.00 du bief   4 ; Q : Pm   40456.00 du bief   4
 Err001 à  02:21:31:00 + 30.000 : DIVERGENCE des itérations (Debord)
       écart relatif (à Ymax et Qmax) croissant entre 2 itérées successives
       Itération 07 : écart en DZ = 0.780535E-03 ; écart en DQ = 0.584214E-02
       Itération 08 : écart en DZ = 0.101391E-02 ; écart en DQ = 0.759527E-02
       Z : Pm   40406.00 du bief   4 ; Q : Pm   40456.00 du bief   4
 Err001 à  02:21:31:30 + 30.000 : DIVERGENCE des itérations (Debord)
       écart relatif (à Ymax et Qmax) croissant entre 2 itérées successives
       Itération 07 : écart en DZ = 0.834168E-03 ; écart en DQ = 0.624466E-02
       Itération 08 : écart en DZ = 0.109372E-02 ; écart en DQ = 0.819517E-02
       Z : Pm   40406.00 du bief   4 ; Q : Pm   40456.00 du bief   4
 Err001 à  02:21:32:00 + 30.000 : DIVERGENCE des itérations (Debord)
       écart relatif (à Ymax et Qmax) croissant entre 2 itérées successives
       Itération 07 : écart en DZ = 0.892001E-03 ; écart en DQ = 0.667875E-02
       Itération 08 : écart en DZ = 0.118057E-02 ; écart en DQ = 0.884827E-02
       Z : Pm   40406.00 du bief   4 ; Q : Pm   40456.00 du bief   4
 Err001 à  02:21:32:30 + 30.000 : DIVERGENCE des itérations (Debord)
       écart relatif (à Ymax et Qmax) croissant entre 2 itérées successives
       Itération 07 : écart en DZ = 0.954405E-03 ; écart en DQ = 0.714721E-02
       Itération 08 : écart en DZ = 0.127518E-02 ; écart en DQ = 0.955982E-02
       Z : Pm   40406.00 du bief   4 ; Q : Pm   40456.00 du bief   4
 Err001 à  02:21:33:00 + 30.000 : DIVERGENCE des itérations (Debord)
       écart relatif (à Ymax et Qmax) croissant entre 2 itérées successives
       Itération 07 : écart en DZ = 0.102174E-02 ; écart en DQ = 0.765273E-02
       Itération 08 : écart en DZ = 0.137823E-02 ; écart en DQ = 0.103352E-01
       Z : Pm   40406.00 du bief   4 ; Q : Pm   40456.00 du bief   4
 Err001 à  02:21:33:30 + 30.000 : DIVERGENCE des itérations (Debord)
       écart relatif (à Ymax et Qmax) croissant entre 2 itérées successives
       Itération 07 : écart en DZ = 0.109446E-02 ; écart en DQ = 0.819876E-02
       Itération 08 : écart en DZ = 0.149060E-02 ; écart en DQ = 0.111809E-01
       Z : Pm   40406.00 du bief   4 ; Q : Pm   40456.00 du bief   4
 Err001 à  02:21:34:00 + 30.000 : DIVERGENCE des itérations (Debord)
       écart relatif (à Ymax et Qmax) croissant entre 2 itérées successives
       Itération 07 : écart en DZ = 0.117310E-02 ; écart en DQ = 0.878923E-02
       Itération 08 : écart en DZ = 0.161328E-02 ; écart en DQ = 0.121044E-01
       Z : Pm   40406.00 du bief   4 ; Q : Pm   40456.00 du bief   4
 Err001 à  02:21:34:30 + 30.000 : DIVERGENCE des itérations (Debord)
       écart relatif (à Ymax et Qmax) croissant entre 2 itérées successives
       Itération 07 : écart en DZ = 0.126971E-02 ; écart en DQ = 0.951457E-02
       Itération 08 : écart en DZ = 0.176332E-02 ; écart en DQ = 0.132342E-01
       Z : Pm   40406.00 du bief   4 ; Q : Pm   40456.00 du bief   4
 Err001 à  02:21:35:00 + 30.000 : DIVERGENCE des itérations (Debord)
       écart relatif (à Ymax et Qmax) croissant entre 2 itérées successives
       Itération 07 : écart en DZ = 0.126784E-02 ; écart en DQ = 0.950343E-02
       Itération 08 : écart en DZ = 0.177804E-02 ; écart en DQ = 0.133490E-01
       Z : Pm   40406.00 du bief   4 ; Q : Pm   40456.00 du bief   4
 Err001 à  02:21:35:30 + 30.000 : DIVERGENCE des itérations (Debord)
       écart relatif (à Ymax et Qmax) croissant entre 2 itérées successives
       Itération 07 : écart en DZ = 0.114974E-02 ; écart en DQ = 0.862046E-02
       Itération 08 : écart en DZ = 0.163006E-02 ; écart en DQ = 0.122398E-01
       Z : Pm   40406.00 du bief   4 ; Q : Pm   40456.00 du bief   4
 Err001 à  02:21:36:00 + 30.000 : DIVERGENCE des itérations (Debord)
       écart relatif (à Ymax et Qmax) croissant entre 2 itérées successives
       Itération 07 : écart en DZ = 0.141556E-02 ; écart en DQ = 0.106121E-01
       Itération 08 : écart en DZ = 0.202688E-02 ; écart en DQ = 0.152229E-01
       Z : Pm   40406.00 du bief   4 ; Q : Pm   40456.00 du bief   4
 Err001 à  02:21:36:30 + 30.000 : DIVERGENCE des itérations (Debord)
       écart relatif (à Ymax et Qmax) croissant entre 2 itérées successives
       Itération 07 : écart en DZ = 0.156721E-02 ; écart en DQ = 0.117492E-01
       Itération 08 : écart en DZ = 0.226458E-02 ; écart en DQ = 0.170123E-01
       Z : Pm   40406.00 du bief   4 ; Q : Pm   40456.00 du bief   4
 Err001 à  02:21:37:00 + 30.000 : DIVERGENCE des itérations (Debord)
       écart relatif (à Ymax et Qmax) croissant entre 2 itérées successives
       Itération 07 : écart en DZ = 0.169950E-02 ; écart en DQ = 0.127422E-01
       Itération 08 : écart en DZ = 0.247912E-02 ; écart en DQ = 0.186294E-01
       Z : Pm   40406.00 du bief   4 ; Q : Pm   40456.00 du bief   4
 Err001 à  02:21:37:30 + 30.000 : DIVERGENCE des itérations (Debord)
       écart relatif (à Ymax et Qmax) croissant entre 2 itérées successives
       Itération 07 : écart en DZ = 0.183857E-02 ; écart en DQ = 0.137860E-01
       Itération 08 : écart en DZ = 0.270831E-02 ; écart en DQ = 0.203577E-01
       Z : Pm   40406.00 du bief   4 ; Q : Pm   40456.00 du bief   4
 Err001 à  02:21:38:00 + 30.000 : DIVERGENCE des itérations (Debord)
       écart relatif (à Ymax et Qmax) croissant entre 2 itérées successives
       Itération 07 : écart en DZ = 0.198668E-02 ; écart en DQ = 0.148977E-01
       Itération 08 : écart en DZ = 0.295586E-02 ; écart en DQ = 0.222252E-01
       Z : Pm   40406.00 du bief   4 ; Q : Pm   40456.00 du bief   4
 Err001 à  02:21:38:30 + 30.000 : DIVERGENCE des itérations (Debord)
       écart relatif (à Ymax et Qmax) croissant entre 2 itérées successives
       Itération 07 : écart en DZ = 0.214293E-02 ; écart en DQ = 0.160704E-01
       Itération 08 : écart en DZ = 0.322091E-02 ; écart en DQ = 0.242255E-01
       Z : Pm   40406.00 du bief   4 ; Q : Pm   40456.00 du bief   4
 Err001 à  02:21:39:00 + 30.000 : DIVERGENCE des itérations (Debord)
       écart relatif (à Ymax et Qmax) croissant entre 2 itérées successives
       Itération 07 : écart en DZ = 0.231106E-02 ; écart en DQ = 0.173323E-01
       Itération 08 : écart en DZ = 0.350967E-02 ; écart en DQ = 0.264058E-01
       Z : Pm   40406.00 du bief   4 ; Q : Pm   40456.00 du bief   4
 Err001 à  02:21:39:30 + 30.000 : DIVERGENCE des itérations (Debord)
       écart relatif (à Ymax et Qmax) croissant entre 2 itérées successives
       Itération 07 : écart en DZ = 0.249454E-02 ; écart en DQ = 0.187093E-01
       Itération 08 : écart en DZ = 0.382819E-02 ; écart en DQ = 0.288122E-01
       Z : Pm   40406.00 du bief   4 ; Q : Pm   40456.00 du bief   4
 Err001 à  02:21:40:00 + 30.000 : DIVERGENCE des itérations (Debord)
       écart relatif (à Ymax et Qmax) croissant entre 2 itérées successives
       Itération 07 : écart en DZ = 0.269539E-02 ; écart en DQ = 0.202166E-01
       Itération 08 : écart en DZ = 0.418053E-02 ; écart en DQ = 0.314753E-01
       Z : Pm   40406.00 du bief   4 ; Q : Pm   40456.00 du bief   4
 Err001 à  02:21:40:30 + 30.000 : DIVERGENCE des itérations (Debord)
       écart relatif (à Ymax et Qmax) croissant entre 2 itérées successives
       Itération 07 : écart en DZ = 0.291413E-02 ; écart en DQ = 0.218581E-01
       Itération 08 : écart en DZ = 0.456859E-02 ; écart en DQ = 0.344102E-01
       Z : Pm   40406.00 du bief   4 ; Q : Pm   40456.00 du bief   4
 Err001 à  02:21:41:00 + 30.000 : DIVERGENCE des itérations (Debord)
       écart relatif (à Ymax et Qmax) croissant entre 2 itérées successives
       Itération 07 : écart en DZ = 0.315141E-02 ; écart en DQ = 0.236387E-01
       Itération 08 : écart en DZ = 0.499459E-02 ; écart en DQ = 0.376341E-01
       Z : Pm   40406.00 du bief   4 ; Q : Pm   40456.00 du bief   4
 Err001 à  02:21:41:30 + 30.000 : DIVERGENCE des itérations (Debord)
       écart relatif (à Ymax et Qmax) croissant entre 2 itérées successives
       Itération 07 : écart en DZ = 0.341024E-02 ; écart en DQ = 0.255809E-01
       Itération 08 : écart en DZ = 0.546464E-02 ; écart en DQ = 0.411940E-01
       Z : Pm   40406.00 du bief   4 ; Q : Pm   40456.00 du bief   4
 Err001 à  02:21:42:00 + 30.000 : DIVERGENCE des itérations (Debord)
       écart relatif (à Ymax et Qmax) croissant entre 2 itérées successives
       Itération 07 : écart en DZ = 0.369351E-02 ; écart en DQ = 0.277063E-01
       Itération 08 : écart en DZ = 0.598493E-02 ; écart en DQ = 0.451371E-01
       Z : Pm   40406.00 du bief   4 ; Q : Pm   40456.00 du bief   4
 Err001 à  02:21:42:30 + 30.000 : DIVERGENCE des itérations (Debord)
       écart relatif (à Ymax et Qmax) croissant entre 2 itérées successives
       Itération 07 : écart en DZ = 0.400379E-02 ; écart en DQ = 0.300339E-01
       Itération 08 : écart en DZ = 0.656137E-02 ; écart en DQ = 0.495091E-01
       Z : Pm   40406.00 du bief   4 ; Q : Pm   40456.00 du bief   4
 Err001 à  02:21:43:00 + 30.000 : DIVERGENCE des itérations (Debord)
       écart relatif (à Ymax et Qmax) croissant entre 2 itérées successives
       Itération 07 : écart en DZ = 0.434210E-02 ; écart en DQ = 0.325716E-01
       Itération 08 : écart en DZ = 0.719766E-02 ; écart en DQ = 0.543390E-01
       Z : Pm   40406.00 du bief   4 ; Q : Pm   40456.00 du bief   4
 Err001 à  02:21:43:30 + 30.000 : DIVERGENCE des itérations (Debord)
       écart relatif (à Ymax et Qmax) croissant entre 2 itérées successives
       Itération 07 : écart en DZ = 0.471199E-02 ; écart en DQ = 0.353456E-01
       Itération 08 : écart en DZ = 0.790187E-02 ; écart en DQ = 0.596893E-01
       Z : Pm   40406.00 du bief   4 ; Q : Pm   40456.00 du bief   4
 Err001 à  02:21:44:00 + 30.000 : DIVERGENCE des itérations (Debord)
       écart relatif (à Ymax et Qmax) croissant entre 2 itérées successives
       Itération 07 : écart en DZ = 0.511700E-02 ; écart en DQ = 0.383824E-01
       Itération 08 : écart en DZ = 0.868250E-02 ; écart en DQ = 0.656259E-01
       Z : Pm   40406.00 du bief   4 ; Q : Pm   40456.00 du bief   4
 Err001 à  02:21:44:30 + 30.000 : DIVERGENCE des itérations (Debord)
       écart relatif (à Ymax et Qmax) croissant entre 2 itérées successives
       Itération 07 : écart en DZ = 0.556076E-02 ; écart en DQ = 0.417089E-01
       Itération 08 : écart en DZ = 0.954857E-02 ; écart en DQ = 0.722191E-01
       Z : Pm   40406.00 du bief   4 ; Q : Pm   40456.00 du bief   4
 Err001 à  02:21:45:00 + 30.000 : DIVERGENCE des itérations (Debord)
       écart relatif (à Ymax et Qmax) croissant entre 2 itérées successives
       Itération 07 : écart en DZ = 0.604729E-02 ; écart en DQ = 0.453550E-01
       Itération 08 : écart en DZ = 0.105103E-01 ; écart en DQ = 0.795487E-01
       Z : Pm   40406.00 du bief   4 ; Q : Pm   40456.00 du bief   4
 Err001 à  02:21:45:30 + 30.000 : DIVERGENCE des itérations (Debord)
       écart relatif (à Ymax et Qmax) croissant entre 2 itérées successives
       Itération 07 : écart en DZ = 0.658117E-02 ; écart en DQ = 0.493549E-01
       Itération 08 : écart en DZ = 0.115793E-01 ; écart en DQ = 0.877066E-01
       Z : Pm   40406.00 du bief   4 ; Q : Pm   40456.00 du bief   4
 Err001 à  02:21:46:00 + 30.000 : DIVERGENCE des itérations (Debord)
       écart relatif (à Ymax et Qmax) croissant entre 2 itérées successives
       Itération 07 : écart en DZ = 0.716756E-02 ; écart en DQ = 0.537464E-01
       Itération 08 : écart en DZ = 0.127492E-01 ; écart en DQ = 0.966394E-01
       Z : Pm   40406.00 du bief   4 ; Q : Pm   40456.00 du bief   4
 Err001 à  02:21:46:30 + 30.000 : DIVERGENCE des itérations (Debord)
       écart relatif (à Ymax et Qmax) croissant entre 2 itérées successives
       Itération 07 : écart en DZ = 0.781211E-02 ; écart en DQ = 0.585714E-01
       Itération 08 : écart en DZ = 0.140592E-01 ; écart en DQ = 0.106658E+00
       Z : Pm   40406.00 du bief   4 ; Q : Pm   40456.00 du bief   4
 Err001 à  02:21:47:00 + 30.000 : DIVERGENCE des itérations (Debord)
       écart relatif (à Ymax et Qmax) croissant entre 2 itérées successives
       Itération 07 : écart en DZ = 0.852119E-02 ; écart en DQ = 0.638770E-01
       Itération 08 : écart en DZ = 0.155248E-01 ; écart en DQ = 0.117886E+00
       Z : Pm   40406.00 du bief   4 ; Q : Pm   40456.00 du bief   4
 Err001 à  02:21:47:30 + 30.000 : DIVERGENCE des itérations (Debord)
       écart relatif (à Ymax et Qmax) croissant entre 2 itérées successives
       Itération 07 : écart en DZ = 0.930191E-02 ; écart en DQ = 0.697154E-01
       Itération 08 : écart en DZ = 0.171632E-01 ; écart en DQ = 0.130459E+00
       Z : Pm   40406.00 du bief   4 ; Q : Pm   40456.00 du bief   4
 Err001 à  02:21:48:00 + 30.000 : DIVERGENCE des itérations (Debord)
       écart relatif (à Ymax et Qmax) croissant entre 2 itérées successives
       Itération 07 : écart en DZ = 0.101620E-01 ; écart en DQ = 0.761439E-01
       Itération 08 : écart en DZ = 0.189956E-01 ; écart en DQ = 0.144547E+00
       Z : Pm   40406.00 du bief   4 ; Q : Pm   40456.00 du bief   4
 Err001 à  02:21:48:30 + 30.000 : DIVERGENCE des itérations (Debord)
       écart relatif (à Ymax et Qmax) croissant entre 2 itérées successives
       Itération 07 : écart en DZ = 0.111104E-01 ; écart en DQ = 0.832270E-01
       Itération 08 : écart en DZ = 0.210465E-01 ; écart en DQ = 0.160349E+00
       Z : Pm   40406.00 du bief   4 ; Q : Pm   40456.00 du bief   4
 Err001 à  02:21:49:00 + 30.000 : DIVERGENCE des itérations (Debord)
       écart relatif (à Ymax et Qmax) croissant entre 2 itérées successives
       Itération 07 : écart en DZ = 0.121572E-01 ; écart en DQ = 0.910396E-01
       Itération 08 : écart en DZ = 0.233454E-01 ; écart en DQ = 0.178100E+00
       Z : Pm   40406.00 du bief   4 ; Q : Pm   40456.00 du bief   4
 Err001 à  02:21:49:30 + 30.000 : DIVERGENCE des itérations (Debord)
       écart relatif (à Ymax et Qmax) croissant entre 2 itérées successives
       Itération 07 : écart en DZ = 0.133144E-01 ; écart en DQ = 0.996695E-01
       Itération 08 : écart en DZ = 0.259268E-01 ; écart en DQ = 0.198082E+00
       Z : Pm   40406.00 du bief   4 ; Q : Pm   40456.00 du bief   4
 Err001 à  02:21:50:00 + 30.000 : DIVERGENCE des itérations (Debord)
       écart relatif (à Ymax et Qmax) croissant entre 2 itérées successives
       Itération 07 : écart en DZ = 0.145960E-01 ; écart en DQ = 0.109217E+00
       Itération 08 : écart en DZ = 0.288314E-01 ; écart en DQ = 0.220627E+00
       Z : Pm   40406.00 du bief   4 ; Q : Pm   40456.00 du bief   4
 Err001 à  02:21:50:30 + 30.000 : DIVERGENCE des itérations (Debord)
       écart relatif (à Ymax et Qmax) croissant entre 2 itérées successives
       Itération 07 : écart en DZ = 0.160146E-01 ; écart en DQ = 0.119775E+00
       Itération 08 : écart en DZ = 0.321005E-01 ; écart en DQ = 0.246076E+00
       Z : Pm   40406.00 du bief   4 ; Q : Pm   40456.00 du bief   4
 Err001 à  02:21:51:00 + 30.000 : DIVERGENCE des itérations (Debord)
       écart relatif (à Ymax et Qmax) croissant entre 2 itérées successives
       Itération 07 : écart en DZ = 0.175863E-01 ; écart en DQ = 0.131460E+00
       Itération 08 : écart en DZ = 0.357856E-01 ; écart en DQ = 0.274857E+00
       Z : Pm   40406.00 du bief   4 ; Q : Pm   40456.00 du bief   4
 Err001 à  02:21:51:30 + 30.000 : DIVERGENCE des itérations (Debord)
       écart relatif (à Ymax et Qmax) croissant entre 2 itérées successives
       Itération 07 : écart en DZ = 0.193294E-01 ; écart en DQ = 0.144402E+00
       Itération 08 : écart en DZ = 0.399462E-01 ; écart en DQ = 0.307472E+00
       Z : Pm   40406.00 du bief   4 ; Q : Pm   40456.00 du bief   4
 Err001 à  02:21:52:00 + 30.000 : DIVERGENCE des itérations (Debord)
       écart relatif (à Ymax et Qmax) croissant entre 2 itérées successives
       Itération 07 : écart en DZ = 0.212643E-01 ; écart en DQ = 0.158748E+00
       Itération 08 : écart en DZ = 0.446523E-01 ; écart en DQ = 0.344512E+00
       Z : Pm   40406.00 du bief   4 ; Q : Pm   40456.00 du bief   4
 Err001 à  02:21:52:30 + 30.000 : DIVERGENCE des itérations (Debord)
       écart relatif (à Ymax et Qmax) croissant entre 2 itérées successives
       Itération 07 : écart en DZ = 0.233685E-01 ; écart en DQ = 0.174327E+00
       Itération 08 : écart en DZ = 0.498895E-01 ; écart en DQ = 0.385919E+00
       Z : Pm   40406.00 du bief   4 ; Q : Pm   40456.00 du bief   4
 Err001 à  02:21:53:00 + 30.000 : DIVERGENCE des itérations (Debord)
       écart relatif (à Ymax et Qmax) croissant entre 2 itérées successives
       Itération 07 : écart en DZ = 0.257208E-01 ; écart en DQ = 0.191713E+00
       Itération 08 : écart en DZ = 0.558606E-01 ; écart en DQ = 0.433360E+00
       Z : Pm   40406.00 du bief   4 ; Q : Pm   40456.00 du bief   4
 Err001 à  02:21:53:30 + 30.000 : DIVERGENCE des itérations (Debord)
       écart relatif (à Ymax et Qmax) croissant entre 2 itérées successives
       Itération 07 : écart en DZ = 0.283518E-01 ; écart en DQ = 0.211122E+00
       Itération 08 : écart en DZ = 0.626817E-01 ; écart en DQ = 0.487852E+00
       Z : Pm   40406.00 du bief   4 ; Q : Pm   40456.00 du bief   4
 Err001 à  02:21:54:00 + 30.000 : DIVERGENCE des itérations (Debord)
       écart relatif (à Ymax et Qmax) croissant entre 2 itérées successives
       Itération 07 : écart en DZ = 0.312891E-01 ; écart en DQ = 0.232745E+00
       Itération 08 : écart en DZ = 0.704756E-01 ; écart en DQ = 0.550500E+00
       Z : Pm   40406.00 du bief   4 ; Q : Pm   40456.00 du bief   4
 Err001 à  02:21:54:30 + 30.000 : DIVERGENCE des itérations (Debord)
       écart relatif (à Ymax et Qmax) croissant entre 2 itérées successives
       Itération 07 : écart en DZ = 0.345622E-01 ; écart en DQ = 0.256786E+00
       Itération 08 : écart en DZ = 0.793843E-01 ; écart en DQ = 0.622606E+00
       Z : Pm   40406.00 du bief   4 ; Q : Pm   40456.00 du bief   4
 Err001 à  02:21:55:00 + 30.000 : DIVERGENCE des itérations (Debord)
       écart relatif (à Ymax et Qmax) croissant entre 2 itérées successives
       Itération 07 : écart en DZ = 0.382104E-01 ; écart en DQ = 0.283514E+00
       Itération 08 : écart en DZ = 0.895937E-01 ; écart en DQ = 0.705885E+00
       Z : Pm   40406.00 du bief   4 ; Q : Pm   40456.00 du bief   4
 Err001 à  02:21:55:30 + 30.000 : DIVERGENCE des itérations (Debord)
       écart relatif (à Ymax et Qmax) croissant entre 2 itérées successives
       Itération 07 : écart en DZ = 0.422878E-01 ; écart en DQ = 0.313302E+00
       Itération 08 : écart en DZ = 0.101355E+00 ; écart en DQ = 0.802670E+00
       Z : Pm   40406.00 du bief   4 ; Q : Pm   40456.00 du bief   4
 Err001 à  02:21:56:00 + 30.000 : DIVERGENCE des itérations (Debord)
       écart relatif (à Ymax et Qmax) croissant entre 2 itérées successives
       Itération 07 : écart en DZ = 0.468454E-01 ; écart en DQ = 0.346493E+00
       Itération 08 : écart en DZ = 0.115013E+00 ; écart en DQ = 0.916013E+00
       Z : Pm   40406.00 du bief   4 ; Q : Pm   40456.00 du bief   4
 Err001 à  02:21:56:30 + 30.000 : DIVERGENCE des itérations (Debord)
       écart relatif (à Ymax et Qmax) croissant entre 2 itérées successives
       Itération 07 : écart en DZ = 0.519426E-01 ; écart en DQ = 0.383484E+00
       Itération 08 : écart en DZ = 0.130822E+00 ; écart en DQ = 0.104885E+01
       Z : Pm   40406.00 du bief   4 ; Q : Pm   40456.00 du bief   4
 Err001 à  02:21:57:00 + 30.000 : DIVERGENCE des itérations (Debord)
       écart relatif (à Ymax et Qmax) croissant entre 2 itérées successives
       Itération 07 : écart en DZ = 0.576468E-01 ; écart en DQ = 0.424720E+00
       Itération 08 : écart en DZ = 0.149307E+00 ; écart en DQ = 0.120613E+01
       Z : Pm   40406.00 du bief   4 ; Q : Pm   40456.00 du bief   4
 Err001 à  02:21:57:30 + 30.000 : DIVERGENCE des itérations (Debord)
       écart relatif (à Ymax et Qmax) croissant entre 2 itérées successives
       Itération 07 : écart en DZ = 0.640310E-01 ; écart en DQ = 0.470667E+00
       Itération 08 : écart en DZ = 0.171089E+00 ; écart en DQ = 0.139416E+01
       Z : Pm   40406.00 du bief   4 ; Q : Pm   40456.00 du bief   4
 Err001 à  02:21:58:00 + 30.000 : DIVERGENCE des itérations (Debord)
       écart relatif (à Ymax et Qmax) croissant entre 2 itérées successives
       Itération 07 : écart en DZ = 0.711733E-01 ; écart en DQ = 0.521809E+00
       Itération 08 : écart en DZ = 0.196548E+00 ; écart en DQ = 0.161673E+01
       Z : Pm   40406.00 du bief   4 ; Q : Pm   40456.00 du bief   4
 Err001 à  02:21:58:30 + 30.000 : DIVERGENCE des itérations (Debord)
       écart relatif (à Ymax et Qmax) croissant entre 2 itérées successives
       Itération 07 : écart en DZ = 0.791667E-01 ; écart en DQ = 0.578730E+00
       Itération 08 : écart en DZ = 0.228400E+00 ; écart en DQ = 0.188561E+01
       Z : Pm   40456.00 du bief   4 ; Q : Pm   40456.00 du bief   4
 Err001 à  02:21:59:00 + 30.000 : DIVERGENCE des itérations (Debord)
       écart relatif (à Ymax et Qmax) croissant entre 2 itérées successives
       Itération 07 : écart en DZ = 0.877640E-01 ; écart en DQ = 0.639658E+00
       Itération 08 : écart en DZ = 0.266814E+00 ; écart en DQ = 0.220684E+01
       Z : Pm   40456.00 du bief   4 ; Q : Pm   40456.00 du bief   4
 Err001 à  02:21:59:30 + 30.000 : DIVERGENCE des itérations (Debord)
       écart relatif (à Ymax et Qmax) croissant entre 2 itérées successives
       Itération 07 : écart en DZ = 0.974091E-01 ; écart en DQ = 0.708069E+00
       Itération 08 : écart en DZ = 0.308725E+00 ; écart en DQ = 0.255690E+01
       Z : Pm   40456.00 du bief   4 ; Q : Pm   40456.00 du bief   4
 Err001 à  02:22:00:00 + 30.000 : DIVERGENCE des itérations (Debord)
       écart relatif (à Ymax et Qmax) croissant entre 2 itérées successives
       Itération 07 : écart en DZ = 0.109536E+00 ; écart en DQ = 0.794233E+00
       Itération 08 : écart en DZ = 0.351484E+00 ; écart en DQ = 0.302206E+01
       Z : Pm   40406.00 du bief   4 ; Q : Pm   40456.00 du bief   4
 Err001 à  02:22:00:30 + 30.000 : DIVERGENCE des itérations (Debord)
       écart relatif (à Ymax et Qmax) croissant entre 2 itérées successives
       Itération 07 : écart en DZ = 0.123185E+00 ; écart en DQ = 0.891410E+00
       Itération 08 : écart en DZ = 0.414285E+00 ; écart en DQ = 0.361574E+01
       Z : Pm   40406.00 du bief   4 ; Q : Pm   40456.00 du bief   4
 Err001 à  02:22:01:00 + 30.000 : DIVERGENCE des itérations (Debord)
       écart relatif (à Ymax et Qmax) croissant entre 2 itérées successives
       Itération 07 : écart en DZ = 0.138940E+00 ; écart en DQ = 0.100387E+01
       Itération 08 : écart en DZ = 0.511786E+00 ; écart en DQ = 0.457042E+01
       Z : Pm   40406.00 du bief   4 ; Q : Pm   40406.00 du bief   4
 Err001 à  02:22:01:30 + 30.000 : DIVERGENCE des itérations (Debord)
       écart relatif (à Ymax et Qmax) croissant entre 2 itérées successives
       Itération 07 : écart en DZ = 0.157196E+00 ; écart en DQ = 0.113457E+01
       Itération 08 : écart en DZ = 0.658519E+00 ; écart en DQ = 0.607755E+01
       Z : Pm   40406.00 du bief   4 ; Q : Pm   40406.00 du bief   4
 Err001 à  02:22:02:00 + 30.000 : DIVERGENCE des itérations (Debord)
       écart relatif (à Ymax et Qmax) croissant entre 2 itérées successives
       Itération 07 : écart en DZ = 0.177996E+00 ; écart en DQ = 0.128401E+01
       Itération 08 : écart en DZ = 0.895880E+00 ; écart en DQ = 0.856779E+01
       Z : Pm   40406.00 du bief   4 ; Q : Pm   40406.00 du bief   4
 Err010 à  02:22:03:00              : INSTABILITÉ NUMÉRIQUE (Froude grand)
       Froude = 0.19E+01 au Pm   40406.00 du Bief 004
       Vitesse =  6.519 Largeur =   86.509 Section =   101.60 Hauteur =  1.675
 Err010 à  02:22:03:30              : INSTABILITÉ NUMÉRIQUE (Froude grand)
       Froude = 0.30E+01 au Pm   40406.00 du Bief 004
       Vitesse =  9.263 Largeur =   82.461 Section =    80.07 Hauteur =  1.420
 Err010 à  02:22:04:00              : INSTABILITÉ NUMÉRIQUE (Froude grand)
       Froude = 0.56E+01 au Pm   40406.00 du Bief 004
       Vitesse = 14.967 Largeur =   76.829 Section =    55.84 Hauteur =  1.117
 Err010 à  02:22:04:30              : INSTABILITÉ NUMÉRIQUE (Froude grand)
       Froude = 0.16E+02 au Pm   40406.00 du Bief 004
       Vitesse = 32.713 Largeur =   64.490 Section =    29.14 Hauteur =  0.740
 Err010 à  02:22:05:00              : INSTABILITÉ NUMÉRIQUE (Froude grand)
       Froude = 0.13E+03 au Pm   40406.00 du Bief 004
       Vitesse = ****** Largeur =   37.185 Section =     6.56 Hauteur =  0.307
 Err010 à  02:22:05:30              : INSTABILITÉ NUMÉRIQUE (Froude grand)
       Froude = 0.28E+09 au Pm   40406.00 du Bief 004
       Vitesse = ****** Largeur =    0.130 Section =     0.00 Hauteur =  0.001
 Err010 à  02:22:06:00              : INSTABILITÉ NUMÉRIQUE (Froude grand)
       Froude = 0.33E+09 au Pm   40406.00 du Bief 004
       Vitesse = ****** Largeur =    0.130 Section =     0.00 Hauteur =  0.001
 Err010 à  02:22:06:30              : INSTABILITÉ NUMÉRIQUE (Froude grand)
       Froude = 0.23E+01 au Pm   40356.00 du Bief 004
       Vitesse =  7.581 Largeur =   82.347 Section =    92.39 Hauteur =  1.764
 Err010 à  02:22:07:00              : INSTABILITÉ NUMÉRIQUE (Froude grand)
       Froude = 0.19E+02 au Pm   40356.00 du Bief 004
       Vitesse = 42.008 Largeur =   51.989 Section =    24.84 Hauteur =  0.778
 Err010 à  02:22:07:30              : INSTABILITÉ NUMÉRIQUE (Froude grand)
       Froude = 0.32E+01 au Pm   40306.00 du Bief 004
       Vitesse = 10.573 Largeur =   72.169 Section =    79.63 Hauteur =  1.752
 Err010 à  02:22:08:00              : INSTABILITÉ NUMÉRIQUE (Froude grand)
       Froude = 0.39E+02 au Pm   40256.00 du Bief 004
       Vitesse = 81.026 Largeur =   38.085 Section =    16.71 Hauteur =  0.701
 Err010 à  02:22:08:30              : INSTABILITÉ NUMÉRIQUE (Froude grand)
       Froude = 0.39E+02 au Pm   40106.00 du Bief 004
       Vitesse = 81.197 Largeur =   40.264 Section =    17.59 Hauteur =  0.714
 Err010 à  02:22:09:00              : INSTABILITÉ NUMÉRIQUE (Froude grand)
       Froude = 0.50E+01 au Pm   38666.00 du Bief 004
       Vitesse = 14.259 Largeur =   68.373 Section =    57.05 Hauteur =  1.591
 Err010 à  02:22:09:30              : INSTABILITÉ NUMÉRIQUE (Froude grand)
       Froude = 0.93E+09 au Pm   38666.00 du Bief 004
       Vitesse = ****** Largeur =    0.044 Section =     0.00 Hauteur =  0.001
 Err010 à  02:22:10:00              : INSTABILITÉ NUMÉRIQUE (Froude grand)
       Froude = 0.54E+01 au Pm   38603.00 du Bief 004
       Vitesse = 15.392 Largeur =   62.518 Section =    52.06 Hauteur =  1.461
 Err010 à  02:22:10:30              : INSTABILITÉ NUMÉRIQUE (Froude grand)
       Froude = 0.14E+04 au Pm   38603.00 du Bief 004
       Vitesse = ****** Largeur =   10.195 Section =     0.97 Hauteur =  0.185
 Err010 à  02:22:11:00              : INSTABILITÉ NUMÉRIQUE (Froude grand)
       Froude = 0.58E+01 au Pm   38541.00 du Bief 004
       Vitesse = 16.672 Largeur =   54.723 Section =    46.89 Hauteur =  1.336
 Err010 à  02:22:11:30              : INSTABILITÉ NUMÉRIQUE (Froude grand)
       Froude = 0.17E+01 au Pm   38478.00 du Bief 004
       Vitesse =  4.923 Largeur =  119.463 Section =   101.32 Hauteur =  2.093
 Err010 à  02:22:12:00              : INSTABILITÉ NUMÉRIQUE (Froude grand)
       Froude = 0.73E+02 au Pm   38478.00 du Bief 004
       Vitesse = ****** Largeur =   29.149 Section =     8.89 Hauteur =  0.509
 Err010 à  02:22:12:30              : INSTABILITÉ NUMÉRIQUE (Froude grand)
       Froude = 0.17E+01 au Pm   40406.00 du Bief 004
       Vitesse =  6.005 Largeur =   88.385 Section =   111.54 Hauteur =  1.788
 Err010 à  02:22:13:00              : INSTABILITÉ NUMÉRIQUE (Froude grand)
       Froude = 0.24E+01 au Pm   40406.00 du Bief 004
       Vitesse =  7.975 Largeur =   84.952 Section =    93.08 Hauteur =  1.575
 Err010 à  02:22:13:30              : INSTABILITÉ NUMÉRIQUE (Froude grand)
       Froude = 0.22E+01 au Pm   40406.00 du Bief 004
       Vitesse =  7.304 Largeur =   86.037 Section =    98.89 Hauteur =  1.643
 Err010 à  02:22:14:00              : INSTABILITÉ NUMÉRIQUE (Froude grand)
       Froude = 0.40E+01 au Pm   40406.00 du Bief 004
       Vitesse = 11.766 Largeur =   80.671 Section =    70.96 Hauteur =  1.308
 Err010 à  02:22:14:30              : INSTABILITÉ NUMÉRIQUE (Froude grand)
       Froude = 0.11E+02 au Pm   40406.00 du Bief 004
       Vitesse = 25.052 Largeur =   69.769 Section =    38.98 Hauteur =  0.887
 Err010 à  02:22:15:00              : INSTABILITÉ NUMÉRIQUE (Froude grand)
       Froude = 0.12E+05 au Pm   40406.00 du Bief 004
       Vitesse = ****** Largeur =    9.783 Section =     0.22 Hauteur =  0.054
 Err010 à  02:22:15:30              : INSTABILITÉ NUMÉRIQUE (Froude grand)
       Froude = 0.29E+09 au Pm   40406.00 du Bief 004
       Vitesse = ****** Largeur =    0.130 Section =     0.00 Hauteur =  0.001
